"Hazard ID","ELR","Start Mileage","Zonecode","BRS","End Mileage","Track ID","IDENTIFIER","Item Code","MAP","Easting","Northing","Local Name","Subzone","Status","Verified","Parent ID","Parent GRP","Photograph File","Position","Condition","Condition Date","Purpose/Usage","Line No","Intermim Ref No","Last Updated","Last Updater","Maintainer","Year of Birth","Year of Death","Verification Stage","Verification Date","Track Description","Additional Information","OS GRID REF"
"60095751","ABW","0.055","QS","","0.055","1100","","MAP","","388857.0","250423.0","Cooksholme","HSJ6","","","","","","","","","","","60095751","2021-04-20","","NRAIL","","","","","Up Main/Fast","SO888507-150 Railtrack Cooksholme Crossing. O/A & Private FP crossing. Stiles. <AKA Saddlers> Vehicular from Norton - A44 road. Direct telephone to Norton Jn SB. Access Point ~ Asset amended as per HDB Verification Exercise 23/10/02 AH",""
"50143891","ACW","0.0","QS","","0.0","3400","","MAP","","520968.5","183270.0","Acton Lane Bridge <ACW>","HSJ9","","","","","","","","","NP","","50143891","2021-08-16","","NRAIL","","","","","Rev Single","Nature of Access: Single gate - No.7 padlock - descending steps. First Line Approach and Line Speed: D.C. lines. 45mph.","TQ 20968 83270"
"30109096","ACW","0.005","QS","","0.005","3400","","MAP","","521026.2","183236.9","Action Lane <ACW>","HSJ9","","","","","","","","","NP","","30109096","2021-08-13","","NRAIL","","","","","Rev Single","Status =In Use. Safety Validated =Yes.","TQ 21026 83236"
"110141517","ALC1","0.0132","QS","","0.0132","2100","","MAP","","408665.0","289841.0","ASTON HALL ROAD","HSJ7","","","","","","","","","","","110141517","2019-08-01","","NRAIL","","","","","Down Main/Fast","Access via pedestrian gate on Aston Hall Road between Bridge 1 <ALC1> and Bridge 10 <PBJ> with No 17 padlock. On street parking available in Electric Avenue.",""
"50144436","ALC1","0.066","QS","","0.066","1100","","MAP","","408862.0","290246.0","Lichfield Road","HSJ7","","","","","","","","","NP","","50144436","2018-09-17","","NRAIL","","","","","Up Main/Fast","Access under M6 via a Highway Authority gate <Keys for access are held by Rapid Response for all Emergencies contactable via fault control on 0121 345 6559, Trevor Killworth for planned P-Way work 07810 058251, Trevor Jeffs for Planned S&T work 07810 058238 and Jonathon Kowal for Plant 07810 058398>. Access to track through white metal gate with No.17 padlock via concrete steps and handrail.",""
"110176758","ALC1","1.0503","QS","","1.0503","2100","","MAP","","410083.2","290828.7","Gravelly Hill Stn","HSJ6","","","","","","","","","PED","","110176758","2022-02-16","","NRAIL","","","","","Down Main/Fast","Platform provides access to the Up main/1100 and Down main/2100. Access and egress off platform ends only when an appropriate safe system of work is in place. No access during the day, apart from minor maintenance, carrying light hand tools only. No plant or machinery access during the day unless there is emergency protection.   LAT=52.51527			    LONG=-1.85284			    EAST=410083.2088			     NORTH=290828.7822",""
"50144441","ALC1","2.0198","QS","","2.0198","2100","","MAP","","410742.0","291980.0","Summer Road <Underbridge No. 10>","HSJ6","","","","","","","","","","","50144441","2023-05-31","","NRAIL","","","","","Down Main/Fast","Wooden wicket gate and concrete steps up to lineside. No padlock, gate rotton, steps crumbling and no handrail. No parking area available.",""
"120000012","ALC1","2.023","QS","","2.023","2100","","MAP","","410762.0","292022.0","Erdington, Birmingham","HSJ6","","","","","","","","","Pedestrian Access Gate","","120000012","2025-03-20","","","","","","","Down Main/Fast","W3W:slim.ducks.books - Access Point - Pedestrian - Gated No17 Key Padlock - Steps up to Down Line.",""
"110176759","ALC1","2.0671","QS","","2.0671","2100","","MAP","","411008.3","292321.3","Erdington Stn","HSJ6","","","","","","","","","PED","","110176759","2022-02-16","","NRAIL","","","","","Down Main/Fast","Platforms provides access to the Up main/1100 and Down main/2100. Access and egress off platform ends only when an appropriate safe system of work is in place. No access during the day, apart from minor maintenance, carrying light hand tools only. No plant or machinery access during the day unless there is emergency protection.    LAT=52.52867			    LONG=-1.83915			    EAST=411008.3807			    NORTH=292321.3818",""
"120001273","ALC1","2.1425","QS","","2.1425","1100","","MAP","","411383.0","292905.0","Stonnal Grove","HSJ6","","","","","","","","","Access Point Pedestrian","","120001273","2025-10-27","","","","","","","Up Main/Fast","Gate to Upside in wooden fence, off Stonnal Grove - W3W - economies.worry.pink",""
"110168469","ALC1","2.1694","QS","","2.1694","2100","","MAP","","411466.0","293138.0","HILL HOOK LAND","HSJ6","","","","","","","","","","","110168469","2022-01-07","","NRAIL","","","","","Down Main/Fast","ACCESS POINT -  fOOT",""
"50144442","ALC1","4.0022","QS","","4.0022","2100","","MAP","","411552.0","294823.0","Wilkinson Close","HSJ6","","","","","","","","","","","50144442","2020-01-30","","NRAIL","","","","","Down Main/Fast","Notes: Vehicle access downside to crossover AN114/117. Double vehicular gates with No.17 padlock. Parking for one vehicle on RT land but street parking available on Wilkinson Close.",""
"110170851","ALC1","4.1584","QS","","4.1584","2100","","MAP","","411878.0","296279.0","SUTTON COLDFIELD STATION CAR PARK","HSJ6","","","","","","","","","","","110170851","2020-09-07","","NRAIL","","","","","Down Main/Fast","ROAD RAIL VEHICLES access and delivery point.  RRAP to be kept clear for emergency access should it be required.  Please park considerately.  Noise to be kept to a minimum, especially at night.  What a words for access grates is /// flames. learn.handle.",""
"110169588","ALC1","4.1584","QS","","4.1584","2100","","MAR","","411878.0","296279.0","Sutton Coldfield Station Access Point","HSJ6","","","","","","","","","","","110169588","2020-02-18","","NRAIL","","","","","Down Main/Fast","Road Rail Vehicle access & delivery point.  Care to be taken in station car park, all plant delivery vehicles to be accompanied & a traffic marshall/banksman to be appointed to escort vehicles during manoeuvres in to access point.  RRV""s delivered to site to be parked through the first compound & beyond the wire fence into the second part of the compound.  RRAP to be kept clear for emergency access should it be required.  Please park considerately.  Noise to be kept to a minimum, especially at night.  What3Words for access gates is ///flames.learn.handle   LAT=NS52:33:51   LONG = W1:49:34",""
"50144438","ALC1","0.1122","QS","","0.1122","2100","","MAV","","409223.0","290452.0","Midlands Greek Cypriot Association <Park Approach>","HSJ6","","","","","","","","","","","50144438","2025-03-20","","NRAIL","","","","","Down Main/Fast","End of Park Approach (Off park Road)- double Highway authority access Locks are combination locks and not to be changed. access is on the down side (2100) traffic is right to left RRAP installed. ",""
"50435877","ALC1","2.1385","QS","","2.1385","1100","","MAV","","411349.0","292880.0","Chester Road Industrial Estate","HSJ6","","","","","","","","","NP","","50435877","2018-09-04","","NRAIL","","","","","Up Main/Fast","Adj. to No.656 Chester Road. Turn into industrial estate <opp. station car park> through to vehicular double gate with No.17 padlock, through waste land to vehicle double gates <red> with No.17 padlock. Parking for one vehicle and possibly on waste ground.",""
"50435879","ALC1","4.1584","QS","","4.1584","2100","","MAV","","411874.0","296203.0","Sutton Coldfield Station Car Park","HSJ6","","","","","","","","","NP","","50435879","2019-08-01","","NRAIL","","","","","Down Main/Fast","Vehicular double gates <No.17 padlock> at far corner of station car park. At B""ham end of platform, access to RT compound area with unlocked double width gates onto platform end and unlocked double width gates for access down track to signals.",""
"50144443","ALC2","5.088","QS","","5.088","2100","","MAP","","412439.0","296934.0","Boswell Road <Underbridge No. 6>","HSJ6","","","","","","","","","","","50144443","2018-09-06","","NRAIL","","","","","Down Main/Fast","Parking area available in car park to right of bridge or under bridge itself. Palisade pedestrian gate with No.221 padlock, concrete steps & handrail up to lineside.",""
"50144410","ALC2","6.1174","QS","","6.1174","1100","","MAP","","411608.0","298543.0","The Fordrough <Overbridge No. 11>","HSJ6","","","","","","","","","","","50144410","2018-09-04","","NRAIL","","","","","Up Main/Fast","Track off Lichfield Road <A5127> between No""s 233 & 235, up to bollarded bridge. Wooden gate panel with No.17 padlock. Parking for 1 vehicle. Wooden steps and handrail down to trackside.",""
"120001270","ALC2","6.1174","QS","","6.1174","2100","","MAP","","411593.0","298524.0","The Fordrough","HSJ6","","","","","","","","","Access Point Pedestrian","","120001270","2025-09-10","","","","","","","Down Main/Fast","Access Gate to Down side , Parking recommended on Irnham Road. W3W - arrive.lower.deeply",""
"110176760","ALC2","7.0639","QS","","7.0639","2100","","MAP","","411018.9","299486.3","Butlers Lane Stn","HSJ6","","","","","","","","","PED","","110176760","2022-02-16","","NRAIL","","","","","Down Main/Fast","Platform provides access to the Up main/1100 and Down main/2100. Access and egress off platform ends only when an appropriate safe system of work is in place. No access during the day, apart from minor maintenance, carrying light hand tools only. No plant or machinery access during the day unless there is emergency protection.    LONG=-1.83877			   LAT=52.59308			    EAST=411018.916			    NORTH=299486.3142",""
"110176761","ALC2","8.0362","QS","","8.0362","2100","","MAP","","410611.7","300781.4","Blake Street Stn","HSJ6","","","","","","","","","PED","","110176761","2022-02-16","","NRAIL","","","","","Down Main/Fast","Platform provides access to the Up main/1100 and Down main/2100. Access and egress off platform ends only when an appropriate safe system of work is in place. No access during the day, apart from minor maintenance, carrying light hand tools only. No plant or machinery access during the day unless there is emergency protection.    LAT=52.60473			    LONG=-1.84473			     EAST=410611.7965			    NORTH=300781.4232",""
"50144413","ALC2","9.0","QS","","9.0","1100","","MAP","","410895.0","302014.0","Footherlay Lane <Underbridge No. 20>","HSJ6","","","","","","","","","","","50144413","2018-09-04","","NRAIL","","","","","Up Main/Fast","Concrete steps & handrail off Footherlay Lane, descending to wooden wicket gate and continuing down to lineside. No.17 padlock.",""
"50461403","ALC2","10.11","QS","","10.11","1100","","MAP","","410594.0","304538.0","Shenstone Station","HSJ6","","","","","","","","","","","50461403","2018-09-06","","NRAIL","","","","","Up Main/Fast","Use of car park in station area. Pedestrian access via platform.",""
"50144414","ALC2","11.1496","QS","","11.1496","1100","","MAP","","411015.0","306449.0","Watling Street <Underbridge No. 33>","HSJ6","","","","","","","","","","","50144414","2018-09-06","","NRAIL","","","","","Up Main/Fast","No parking area, concrete steps & handrail up to wooden gate, steps & handrail continue up to track. Gate unlocked with non-standard padlock in-situ.",""
"50144415","ALC2","12.0352","QS","","12.0352","1100","","MAP","","411315.0","306927.0","Birmingham Road <A5127> <Underbridge No. 35>","HSJ6","","","","","","","","","","","50144415","2018-09-06","","NRAIL","","","","","Up Main/Fast","No parking. Concrete steps off main A5127, wooden gate, concrete steps with handrail up to track. No padlock. Gate temp. closed with tape.",""
"50144416","ALC2","12.1162","QS","","12.1162","1100","","MAP","","411520.0","307624.0","Berry Hill Farm Bridge <Overbridge No. 37>","HSJ6","","","","","","","","","","","50144416","2018-09-06","","NRAIL","","","","","Up Main/Fast","Parking available by bridge. Concrete steps and handrail down to track on upside, wooden gate poor condition, No.17 padlock.",""
"50144380","ALC2","13.0463","QS","","13.0463","1100","","MAP","","411576.0","308584.0","Summerfield Bridge <Underbridge No. 40>","HSJ6","","","","","","","","","","","50144380","2018-09-06","","NRAIL","","","","","Up Main/Fast","Notes: Access off Birmingham Road A5127, Concrete steps & handrail up to wooden gate <No.17 padlock>. Street parking available in access road.",""
"50435882","ALC2","6.044","QS","","6.044","2100","","MAV","","411798.0","297896.0","Station Drive, Four Oaks","HSJ6","","","","","","","","","NP","","50435882","2018-09-06","","NRAIL","","","","","Down Main/Fast","Approach road to station bear right, palisade double vehicular gate on left side <No.17 padlock>. Crescent shape road at gates gives availability for parking/turningarea. However traffic restrictions need to be applied to stop public parking blocking any emergency requirement. Access Point at track level.",""
"50435883","ALC2","8.0155","QS","","8.0155","1100","","MAV","","410659.0","300601.0","Shelley Drive","HSJ6","","","","","","","","","NP","","50435883","2019-08-01","","NRAIL","","","","","Up Main/Fast","Driveway off Shelley Drive at end of Blake Street Station platform. Parking area available. Vehicular double gates painted white <No.17 padlock>. Access point at track level.",""
"50461402","ALC2","10.0836","QS","","10.0836","1100","","MAV","","410515.0","304310.0","Admiral Parker Drive","HSJ6","","","","","","","","","","","50461402","2018-09-06","","NRAIL","","","","","Up Main/Fast","Access along Admiral Parker Drive, onto private drive to vehicular double gates and parking area on railway land. No.17 padlock, but requires chain - currently unlocked.",""
"110176818","ANL","9.0022","QS","","9.0022","3100","","MAP","","512916.8","184643.2","Eastcote Lane","HSJ6","","","","","","","","","PED","","110176818","2022-02-18","","NRAIL","","","","","Rev Main/Fast","Eastcote Lane, Pedestrian access gate with concrete steps down to the single line at Northolt. No. 5 Key padlock. No allocated parking as its used as drop off access primarily. First line presented at Access to Rev main.   LAT=51.54939			    LONG=-0.37287			    EAST=512916.8826			    NORTH=184643.2964",""
"110172832","BAG1","43.0078","QS","","43.0078","2100","","MAP","","405792.4","285512.6","Fiveways RRAP pedestrian access","HSJ7","","","","","","","","","PED","","110172832","2021-07-15","","NRAIL","","","","","Down Main/Fast","Name: Fiveways RRAP pedestrian access ? access from canal tow path to Fiveways RRAP",""
"110172991","BAG1","43.0397","QS","","43.0397","2100","","MAP","","405965.9","285816.4","Five ways Station","HSJ7","","","","","","","","","PED","","110172991","2023-05-31","","NRAIL","","","","","Down Main/Fast","access available on all platforms with appropriate safe system of work",""
"110174069","BAG1","43.078","QS","","43.078","2100","","MAP","","405792.4","285512.6","Fiveways RRAP pedestrian access","HSJ7","","","","","","","","","PED","","110174069","2021-09-24","","NRAIL","","","","","Down Main/Fast","Fiveways RRAP pedestrian access ? access from canal tow path to Fiveways RRAP",""
"110149947","BAG1","43.157","QS","","43.157","2100","","MAP","","","","University Campus <Halls> Off Church Road","HSJ7","","","","","","","","","","","110149947","2013-05-02","","NRAIL","","","","","Down Main/Fast","This foot access has been in place for many years but is currently not showing in the Hazard Directory.  The access is via the University Campus <Halls of Residents> / walking along the canal footpath back towards New Street <North>.  Restricted Parking.  The site visit highlighted the access is only suitable if the location is under a line blockage, T3 or LOW due to the track layout.  Additional care should be taken when walking along the canal towpath.  In order to provide / improve rapid response & maintenance this access needs to be indicated in the Hazard Directory as an Authorised Access.",""
"50435885","BAG1","44.0666","QS","","44.0666","2100","","MAP","","404976.0","284416.0","Somerset Road <Br.13>","HSJ6","","","","","","","","","NP","","50435885","2018-09-06","","NRAIL","","","","","Down Main/Fast","ACCESS DOWN STEPS TO CANAL TOWPATH BACK UNDER CANAL BRIDGE TO PALISADE GATE UPSIDE OF BRIDGE NO.17 PADLOCK, PATH TO LINESIDE. STREET PARKING AVAILABLE. NOTE: WARNING SSOW WORKING IN DOWN DIRECTION BEYOND BRIDGE.",""
"110176762","BAG1","46.1249","QS","","46.1249","2100","","MAP","","405082.0","281050.8","Bournville Stn","HSJ6","","","","","","","","","PED","","110176762","2022-02-16","","NRAIL","","","","","Down Main/Fast","Platforms provides access to the Up main/1100 and Down main/2100. Access and egress off platform ends only when an appropriate safe system of work is in place. No access during the day, apart from minor maintenance, carrying light hand tools only. No plant or machinery access during the day unless there is emergency protection.    LAT=52.42743			    LONG=-1.92668			     EAST=405082.015			   NORTH=281050.8174",""
"50435894","BAG1","47.0358","QS","","47.0358","1100","","MAP","","405107.0","280267.0","Breedon Road <Br.34>","HSJ6","","","","","","","","","NP","","50435894","2018-09-06","","NRAIL","","","","","Up Main/Fast","ACCESS FROM METAL PEDESTRIAN GATE ON BRIDGE. FOLLOW PATH DOWN METAL PEDESTRIAN GATE LINESIDE <NO.17 PADLOCK>. PARKING AVAILABLE ON BRIDGE OFF BREEDON ROAD AND/OR STREET PARKING. BRIDGE GATE HAS NO PADLOCK. WARNING SSOW RESTRICTION APPLIES.",""
"50144385","BAG1","43.0768","QS","","43.0768","2100","","MAR","","405797.2","285523.2","Holiday Street/Fiveways <RRAP>","HSJ7","","","","","","","","","NP","","50144385","2021-03-18","","NRAIL","","","","","Down Main/Fast","Access via Holiday Street Tunnel. All 6 gates have No.17 locks and all gates must be locked at all times. ALO risk to be considered when accessing at this location. No RRV to travel on access road without Down line blocked.  GPS Lat: 52.4676335.  Long: -1.9160878.  Postcodes B15 1NJ/ B15 1JR",""
"50144387","BAG1","47.0015","QS","","47.0015","1100","","MAR","","405135.0","280575.0","York Close, Bournville, B30 2HN","HSJ6","","","","","","","","","","","50144387","2015-06-24","","NRAIL","","","","","Up Main/Fast","END OF YORK CLOSE, VEHICLE DOUBLE GATES GIVING ACCESS TO PARKING AREA FOR 2/3 VEHICLES ON RT LAND. NO.17 PADLOCK. WARNING SSOW RESTRICTIONS APPLY. ALSO HIGH RISK WITH VERY LIMITED SCOPE FOR LINE BLOCKAGES OUTSIDE OF POSSESSIONS. HIGH RISK OF TP PROPERTY DAMAGE DUE TO HEAVILY POPULATED RESIDENTIAL CUL DE SAC. NO ACCESS ONTO INFRASTRUCTURE FOR LOW LOADERS DUE TO HIGH VOLUME OF PARKED CARS AND INSUFFICIENT TURNING CIRCLE.",""
"50144386","BAG1","44.1484","QS","","44.1484","1100","","MAV","","404525.0","283825.0","Vincent Drive","HSJ6","","","","","","","","","","","50144386","2018-09-06","","NRAIL","","","","","Up Main/Fast","Turn left off Vincent Drive to the right of blood transfusion centre. Vehicle double gates, parking for one vehicle on the land, otherwise parking available on road. No padlock, unlocked.",""
"50435888","BAG1","45.1237","QS","","45.1237","1100","","MAV","","404526.0","282556.0","Selly Oak Station Car Park","HSJ6","","","","","","","","","NP","","50435888","2018-09-06","","NRAIL","","","","","Up Main/Fast","Off Bristol Road to vehicular double gateswith dual padlock<No.17 for RT/Contractor>, to the right of station approach. Drive through car par to vehicular double gate <palisade> at commencement of B""ham bound platform with No.17 padlock. Parking for one vehicle on RT land. Parking available in new car park.",""
"110147684","BAG1","47.0015","QS","","47.0015","1100","","MAV","","405130.9","280574.5","YORK CLOSE","HSJ6","","","","","","","","","","","110147684","2022-01-07","","NRAIL","","","","","Up Main/Fast","ACCESS IS SUITABLE FOR ON AND OF TRACKING ROAD RAIL MACHINES AT A LOCATION THAT MEETS CURRENT STANDARDS, END OF YORK CLOSE. VEHICLE DOUBLE GATES FIVING ACCESS TO PARKING AREA FOR 2/3 VEHICLES ON NWR LAND. NO 17 PADLOCK. WARNING SSOW RESTRICTIONS APPLY.",""
"60095465","BAG2","53.1298","QS","","53.1298","9999","","MA","","398648.0","271321.0","Barnt Green to Westerleigh Jn excl <to 109m 40ch>","HSJ6","","","","","","","","","","","60095465","2021-04-20","","GTRM","","","","","Unknown","SO986713-139 Railtrack Access Point - Asset amended as per HDB Verification Exercise 23/10/02 AH",""
"60095463","BAG2","54.022","QS","","54.022","9999","","MA","","398222.0","270850.0","Barnt Green to Westerleigh Jn excl <to 109m 40ch>","HSJ6","","","","","","","","","","","60095463","2021-04-20","","GTRM","","","","","Unknown","SO982707-139 Railtrack Access Point - Asset amended as per HDB Verification Exercise 23/10/02 AH",""
"60095488","BAG2","54.099","QS","","54.099","9999","","MA","","397751.0","270329.0","Barnt Green to Westerleigh Jn excl <to 109m 40ch>","HSJ6","","","","","","","","","","","60095488","2021-04-20","","GTRM","","","","","Unknown","SO978704-139 Railtrack Access Point - Asset amended as per HDB Verification Exercise 23/10/02 AH",""
"60095456","BAG2","55.066","QS","","55.066","9999","","MA","","396869.0","269351.0","Barnt Green to Westerleigh Jn excl <to 109m 40ch>","HSJ6","","","","","","","","","","","60095456","2021-04-20","","GTRM","","","","","Unknown","SO969694-139 Railtrack Access Point - Asset amended as per HDB Verification Exercise 23/10/02 AH",""
"60095457","BAG2","55.1496","QS","","55.1496","9999","","MA","","396426.0","268740.0","Barnt Green to Westerleigh Jn excl <to 109m 40ch>","HSJ6","","","","","","","","","","","60095457","2021-04-20","","GTRM","","","","","Unknown","SO965608-139 Railtrack Access Point - Asset amended as per HDB Verification Exercise 23/10/02 AH",""
"60095454","BAG2","57.1562","QS","","57.1562","9999","","MA","","394189.0","266378.0","Barnt Green to Westerleigh Jn excl <to 109m 40ch>","HSJ6","","","","","","","","","","","60095454","2021-04-20","","GTRM","","","","","Unknown","SO942644-150 Railtrack Access Point - Asset amended as per HDB Verification Exercise 23/10/02 AH",""
"60108192","BAG2","62.132","QS","","62.132","9999","","MA","","391646.0","259012.0","Oddingley Crossing Cabin","HSJ6","","","","","","","","","","","60108192","2021-04-20","","GTRM","","","","","Unknown","SO916591-150 Railtrack From public road through gate on Up-side, direct to rear of cabin. Access Point - HAZARD V.10 - Asset amended as per HDB Verification Exercise 23/10/02 AH",""
"60095326","BAG2","64.0132","QS","","64.0132","9999","","MA","","390682.0","257144.0","Barnt Green - Westerleigh Jn excl <to 109m 40c>","HSJ6","","","","","","","","","","","60095326","2021-04-20","","GTRM","","","","","Unknown","SO907572-150 Railtrack Access Point - Asset amended as per HDB Verification Exercise 23/10/02 AH",""
"60095328","BAG2","64.0792","QS","","64.0792","9999","","MA","","390632.0","256545.0","Barnt Green - Westerleigh Jn excl <to 109m 40c>","HSJ6","","","","","","","","","","","60095328","2021-04-20","","GTRM","","","","","Unknown","SO906567-150 Railtrack Access Point - Asset amended as per HDB Verification Exercise 23/10/02 AH",""
"60095341","BAG2","64.0792","QS","","64.0792","9999","","MA","","390632.0","256545.0","Barnt Green - Westerleigh Jn excl <to 109m 40c>","HSJ6","","","","","","","","","","","60095341","2021-04-20","","GTRM","","","","","Unknown","SO905565-150 Railtrack Access Point - Asset amended as per HDB Verification Exercise 23/10/02 AH",""
"60095330","BAG2","65.0594","QS","","65.0594","9999","","MA","","390564.0","255116.0","Barnt Green - Westerleigh Jn excl <to 109m 40c>","HSJ6","","","","","","","","","","","60095330","2021-04-20","","GTRM","","","","","Unknown","SO905552-150 Railtrack Access Point - Asset amended as per HDB Verification Exercise 23/10/02 AH",""
"110177173","BAG2","46.1313","QS","","46.1313","2100","","MAP","","404589.7","404589.7","Kings Norton Stn Platform 1","HSJ6","","","","","","","","","PED","","110177173","2022-03-14","","NRAIL","","","","","Down Main/Fast","Platform provides access to the Up main/1100 on the BAG2 and Down main/2100 on the BAG2. Access and egress off platform ends only when an appropriate safe system of work is in place. No access during the day, apart from minor maintenance, carrying light hand tools only. No plant or machinery access during the day unless there is emergency protection.    LAT=52.41415			    LONG=-1.93394			    EAST=404589.7323			    NORTH=279572.9403",""
"110179672","BAG2","46.1522","QS","","46.1522","2100","","MAP","","404445.0","279524.0","Kings Norton","HSJ6","","","","","","","","","PED","","110179672","2022-08-18","","NRAIL","","","","","Down Main/Fast","Pedestrian access point.  Vehicular parking adjacent, park so as not to block access for other vehicles including large articulated vehicles to the Rail Plant depot and yard.  What3Words for the access is fire.rooms.vast.    LAT=52.413696			    LONG=-1.9360712			     EAST=404445			     NORTH=279524",""
"50144453","BAG2","47.1576","QS","","47.1576","2200","","MAP","","402820.0","279145.0","Wychall Lane <Overbridge No. 128>","HSJ6","","","","","","","","","","","50144453","2021-04-20","","NRAIL","","","","","Down Slow","Metal pedestrian gate to the left of footbridge <No.17 padlock> pathway with handrail down to lineside. Street parking available.",""
"120000194","BAG2","48.1135","QS","","48.1135","2200","","MAP","","401914.0","278361.0","The Mill Walk access","HSJ6","","","","","","","","","Pedestrian access point","","120000194","2025-01-21","","","","","","","Down Slow","Pedestrian access, steps up to Down cess. Parking is limited in the area, Rea Road on the Up side may be the best option and walk to the access gate, using the footbridge over the Ford. Park legally and with consideration to all neighbours. Keep noise to a minimum at all times, especially at night, do not have vehicles ticking over for long periods. There is a Ford on the Up side approach to this access, so care required during times of heavy rainfall.  The Low headroom underpass, bridge 124,  has a height of 5ft 3ins. W3W - for the access steps is ///retain.proven.error",""
"50435905","BAG2","49.033","QS","","49.033","1200","","MAP","","401405.0","277660.0","Old Longbridge Lane <Br.121>","HSJ6","","","","","","","","","NP","","50435905","2021-04-20","","NRAIL","","","","","Up Slow","Metal pedestrian gate <No.17 padlock> concrete steps & handrail down to lineside. Street parking available on bridge area.",""
"110176763","BAG2","49.0343","QS","","49.0343","2100","","MAP","","401399.8","277649.9","Longbridge Stn","HSJ6","","","","","","","","","PED","","110176763","2022-02-16","","NRAIL","","","","","Down Main/Fast","Platforms provides access to the Up main/1100 and Down main/2100 and Up Slow/1200 and Down Goods/2300 and Down Cross Over/2700. Access and egress off platform ends only when an appropriate safe system of work is in place. No access during the day, apart from minor maintenance, carrying light hand tools only. No plant or machinery access during the day unless there is emergency protection.    LAT=52.39688			    LONG=-1.98084			    EAST=401399.8073			     NORTH=277649.9762",""
"50144458","BAG2","52.0704","QS","","52.0704","2100","","MAP","","400142.0","272826.0","<Overbridge No. 110>","HSJ6","","","","","","","","","","","50144458","2021-04-20","","NRAIL","","","","","Down Main/Fast","Blackwell Road out of Bank Green. Access road to right before motorway. Parking for one vehicle. Wooden wicket pedestrian gate <No.17 padlock> concrete steps & handrail down to lineside.",""
"120001271","BAG2","52.074","QS","","52.074","1100","","MAP","","400123.0","272818.0","Blackwell Road, Barnt Green","HSJ6","","","","","","","","","Access Point Pedestrian","","120001271","2025-09-10","","","","","","","Up Main/Fast","Gate next to bridge allows access to crest ditch (KEY 17), additional gate (KEY 16) installed to allow access to upside earthworks. W3W - bland.buck.fool",""
"60329405","BAG2","55.0702","QS","","55.0702","0","","MAP","","396848.0","269329.0","Old Bromsgrove Station <new road>","HSJ6","","","","","","","","","","","60329405","2022-03-30","","NRAIL","","","","","All/Multiple Tracks","B60 2LX.  Pedestrian access point <with provision for two parking spaces> at Old Bromsgrove Station.",""
"110174791","BAG2","55.1052","QS","","55.1052","1100","","MAP","","396656.3","269074.1","Bromsgrove Stn","HSJ6","","","","","","","","","PEDESTRAIN","","110174791","2021-11-08","","NRAIL","","","","","Up Main/Fast","Access and egress off all platform ends when a safe system of work is in place. No access during the day unless there is emergency protection. Inspection and carrying light hand tools only   LAT=-2.0504703   LONG=52.3197721",""
"60095459","BAG2","56.0616","QS","","56.0616","2100","","MAP","","395951.0","268092.0","Sugar Brook Bridge","HSJ6","","","","","","","","","","","60095459","2021-04-20","","NRAIL","","","","","Down Main/Fast","SO960682-139 Railtrack Access Point - Asset amended as per HDB Verification Exercise 23/10/02 AH",""
"60095461","BAG2","56.154","QS","","56.154","2100","","MAP","","395396.0","267456.0","Stoke Pound Bridge","HSJ6","","","","","","","","","","","60095461","2021-04-20","","NRAIL","","","","","Down Main/Fast","SO954675-150 Railtrack Access Point - Asset amended as per HDB Verification Exercise 23/10/02 AH",""
"60095462","BAG2","57.022","QS","","57.022","2100","","MAP","","395080.0","267209.0","Navigation Underbridge","HSJ6","","","","","","","","","","","60095462","2021-04-20","","NRAIL","","","","","Down Main/Fast","SO951672-150 Railtrack Access Point - Asset amended as per HDB Verification Exercise 23/10/02 AH",""
"120001274","BAG2","58.072","QS","","58.072","2100","","MAP","","393843.0","265621.0","Shaw Lane","HSJ6","","","","","","","","","Access point Pedestrian","","120001274","2025-10-27","","","","","","","Down Main/Fast","Off Shaw Lane, limited parking. Steps down to Down cess. W3W - samplers.unsecured.silence",""
"60095468","BAG2","58.1386","QS","","58.1386","2100","","MAP","","393571.0","265070.0","Astwood Bridge","HSJ6","","","","","","","","","","","60095468","2021-04-20","","NRAIL","","","","","Down Main/Fast","SO937650-150 Railtrack Access Point - Asset amended as per HDB Verification Exercise 23/10/02 AH",""
"60095473","BAG2","61.0308","QS","","61.0308","1100","","MAP","","392359.0","261436.0","Hay Lane Underbridge","HSJ6","","","","","","","","","","","60095473","2021-04-20","","NRAIL","","","","","Up Main/Fast","SO924614-150 Railtrack Access Point - Asset amended as per HDB Verification Exercise 23/10/02 AH",""
"60312248","BAG2","61.1606","QS","","61.1606","2100","","MAP","","392037.0","260293.0","Dunhampstead Road Bridge","HSJ6","","","","","","","","","","","60312248","2021-04-20","","NRAIL","","","","","Down Main/Fast","New Asset added as per HDB Verification Exercise 13/11/02 AH.",""
"60095321","BAG2","63.1188","QS","","63.1188","9999","","MAP","","390938.0","257729.0","Barnt Green - Westerleigh Jn excl <to 109m 40c>","HSJ6","","","","","","","","","","","60095321","2024-03-15","","GTRM","","","","","Unknown","SO909577-150 Railtrack Access Point - Asset amended as per HDB Verification Exercise 23/10/02 AH.  Item Code changed from ""MA"" to ""MAP"" as per Paul Kettle""s request.  <Lorraine Walker> 24/05/2023.  Status set to ""Operational"" as per Paul Kettle""s request.  Lorraine Walker 15/03/2024",""
"60095332","BAG2","65.1738","QS","","65.1738","2100","","MAP","","390433.0","254081.0","Bredicot School Bridge","HSJ6","","","","","","","","","","","60095332","2021-04-20","","NRAIL","","","","","Down Main/Fast","SO904541-150 Railtrack Access Point - Asset amended as per HDB Verification Exercise 23/10/02 AH",""
"60312249","BAG2","67.1628","QS","","67.1628","9999","","MAP","","389291.0","251212.0","Norton Hill Retaining Wall","HSJ6","","","","","","","","","","","60312249","2021-04-20","","GTRM","","","","","Unknown","New Asset added as per HDB Verification Exercise 13/11/02 AH.",""
"60095305","BAG2","69.0308","QS","","69.0308","2100","","MAP","","389038.0","249273.0","Abbotswood Road","HSJ6","","","","","","","","","","","60095305","2021-04-20","","NRAIL","","","","","Down Main/Fast","SO890494-150 Railtrack Access Point -Asset amended as per HDB Verification Exercise 16/10/02 AH. - Asset Item Code amended as per HDB Verification exercise 22/10/02 AH",""
"60095301","BAG2","71.0638","QS","","71.0638","2100","","MAP","","390055.0","245907.0","Perrywood Bridge","HSJ6","","","","","","","","","","","60095301","2021-04-20","","NRAIL","","","","","Down Main/Fast","SO901459-150 Railtrack Access Point - Asset amended as per HDB Verification Exercise 16/10/02 AH. - Asset Item Code amended as per HDB Verification exercise 22/10/02 AH",""
"60095304","BAG2","73.0594","QS","","73.0594","1100","","MAP","","391518.0","243089.0","Barnt Green - Westerleigh Jn excl <to 109m 40c>","HSJ6","","","","","","","","","","","60095304","2023-05-31","","GTRM","","","","","Up Main/Fast","SO915431-150 Railtrack Access Point - Asset amended as per HDB Verification Exercise 16/10/02 AH. - Asset Item Code amended as per HDB Verification exercise 22/10/02 AH",""
"110179632","BAG2","74.1056","QS","","74.1056","1100","","MAP","","392194.0","241138.0","Avon Drive","HSJ6","","","","","","","","","PED","","110179632","2022-08-15","","NRAIL","","","","","Up Main/Fast","Access required to permit accesss to Eckington HABD and BOP54. Noise to be kept to minimum due to proximity of private residences.   LAT=52.06856			    LONG=-2.1152893			   EAST=392194			   NORTH=241138",""
"60095309","BAG2","74.1562","QS","","74.1562","0","","MAP","","392337.0","240733.0","Barnt Green - Westerleigh Jn excl <to 109m 40c>","HSJ6","","","","","","","","","","","60095309","2023-05-31","","GTRM","","","","","All/Multiple Tracks","SO923407-150 Railtrack Access Point - Asset amended as per HDB Verification Exercise 16/10/02 AH. - Asset Item Code amended as per HDB Verification exercise 22/10/02 AH",""
"60095314","BAG2","75.1562","QS","","75.1562","2100","","MAP","","392544.0","239147.0","The Cottage Underbridge","HSJ6","","","","","","","","","","","60095314","2021-04-20","","NRAIL","","","","","Down Main/Fast","SO925391-150 Railtrack Access Point - Asset amended as per HDB Verification Exercise 16/10/02 AH. - Asset Item Code amended as per HDB Verification exercise 22/10/02 AH",""
"60095315","BAG2","76.1276","QS","","76.1276","1100","","MAP","","392612.0","237802.0","Meadow Lane Bridge","HSJ6","","","","","","","","","","","60095315","2021-04-20","","NRAIL","","","","","Up Main/Fast","SO926378-150 Railtrack Access Point - Asset amended as per HDB Verification Exercise 16/10/02 AH. - Asset Item Code amended as per HDB Verification exercise 22/10/02 AH",""
"60095343","BAG2","77.0088","QS","","77.0088","1100","","MAP","","392637.0","237280.0","The New Grounds Overbridge","HSJ6","","","","","","","","","","","60095343","2021-04-20","","NRAIL","","","","","Up Main/Fast","SO926372-150 Railtrack Access Point - Asset amended as per HDB Verification Exercise 16/10/02 AH. - Asset Item Code amended as per HDB Verification exercise 22/10/02 AH",""
"60095381","BAG2","77.0748","QS","","77.0748","2100","","MAP","","392637.0","236675.0","Bredon Old Station","HSJ6","","","","","","","","","","","60095381","2021-04-20","","NRAIL","","","","","Down Main/Fast","SO926363-150 Railtrack Access Point - Asset amended as per HDB Verification Exercise 16/10/02 AH. Asset Item code changed as per HDB Verification exercise 22/10/02 AH.",""
"110146487","BAG2","48.015","QS","","48.015","1200","","MAR","","402558.5","278994.6","NORTHFIELD STATION CAR PARK","HSJ6","","","","","","","","","","","110146487","2022-01-07","","NRAIL","","","","","Up Slow","Double metal gates with no 17 padlock. Access to gate through Northfield station car park.",""
"50461396","BAG2","51.132","QS","","51.132","2100","","MAR","","400596.0","273653.0","Barnt Green Station Approach","HSJ6","","","","","","","","","","","50461396","2021-04-20","","AMEY","","","","","Down Main/Fast","Vehicular double palisade gate on track off station approach <No.17 padlock> giving access to compound/parking area and vehicular access alongside down/slow to 50.5 m.p.",""
"60095500","BAG2","53.0308","QS","","53.0308","9999","","MAR","","399260.0","271972.0","Barnt Green to Westerleigh Jn excl <to 109m 40ch>","HSJ6","","","","","","","","","RRV","","60095500","2022-05-25","","NRAIL","","","","","Unknown","SO993720-139 Railtrack Access Point - Asset amended as per HDB Verification Exercise 23/10/02 AH.",""
"60329185","BAG2","53.116","QS","","53.1166","0","","MAR","","398721.0","271360.0","Hewell Lane","HSJ6","","","","","","","","","","","60329185","2022-03-30","","NRAIL","","","","","All/Multiple Tracks","SO 98722 71360 52.340318, -2.020172.  RRAP covers UP and DN lines.  Turn off the B4096 and pass through Bromsgrove OHL Projects Compound.  For ALL site enquiries please contact Neil Mcclelland <ABC> on 07533 711068.","SO 98722 71360"
"60329404","BAG2","55.122","QS","","55.122","0","","MAR","","396558.0","268977.0","Bromsgrove Station Tamper Sidings","HSJ6","","","","","","","","","","","60329404","2023-05-31","","","","","","","All/Multiple Tracks","B60 2GL. RRV access point at the bottom of Bromsgrove Station car park.",""
"60095470","BAG2","60.0462","QS","","60.0462","1100","","MAR","","392758.0","262847.0","Droitwich Road RRAP","HSJ6","","","","","","","","","","","60095470","2021-04-20","","NRAIL","","","","","Up Main/Fast","SO927628-150 Railtrack Access Point - Asset amended as per HDB Verification Exercise 23/10/02 AH.  Note: For large delivery vehicles please supply a banksman and give 24hours notice 20/11/2017. Barnt Green to Westerleigh Jn excl <to 109m 40ch>",""
"60095333","BAG2","66.0264","QS","","66.0264","1100","","MAR","","390358.0","253831.0","Spetchley Yard RRAP","HSJ6","","","","","","","","","","","60095333","2021-04-20","","NRAIL","","","","","Up Main/Fast","SO903538-150 Railtrack Access Point - Asset amended as per HDB Verification Exercise 23/10/02 AH Barnt Green - Westerleigh Jn excl <to 109m 40c>",""
"60095307","BAG2","73.0902","QS","","73.0902","1100","","MAR","","392167.0","241228.0","Barnt Green - Westerleigh Jn excl <to 109m 41c>","HSJ6","","","","","","","","","","","60095307","2021-04-20","","NRAIL","","","","","Up Main/Fast","SO921412-150 Railtrack Access Point - Asset amended as per HDB Verification Exercise 16/10/02 AH. - Asset Item Code amended as per HDB Verification exercise 22/10/02 AH",""
"110179673","BAG2","46.1496","QS","","46.1496","2100","","MAV","","404417.0","279519.0","Kings Norton","HSJ6","","","","","","","","","VEHICLE","","110179673","2022-08-18","","NRAIL","","","","","Down Main/Fast","Pedestrian access point.  Vehicular parking adjacent, park so as not to block access for other vehicles including large articulated vehicles to the Rail Plant depot and yard.  What3Words for the access is ///props.herbs.forum    LAT=52.413653			    LONG=-1.9364874			    EAST=404417			~
279519			    NORTH=279519",""
"50144491","BAG2","47.044","QS","","47.044","2100","","MAV","","403799.0","279468.0","Former Goods Yard","HSJ6","","","","","","","","","","","50144491","2022-03-30","","NRAIL","","","","","Down Main/Fast","ZIAR Ref No_268866_ Interim Reference No_HZ_6383 _Notes: Vehicle access alongside line through former goods yard. Sourced from APM Birmingham Emergency Manual. Issue 01 01/03/97. ",""
"50144455","BAG2","49.0176","QS","","49.0176","1200","","MAV","","401474.0","277782.0","Tessal Lane","HSJ6","","","","","","","","","","","50144455","2021-04-20","","NRAIL","","","","","Up Slow","Notes: Access off Tessal Lane north end of Longbridge platform. Vehicular double gates <No.17 padlock>. Parking for one vehicle by river bridge but street parking available.",""
"60217394","BAG2","57.0946","QS","","57.0946","2100","","MAV","","394555.0","266804.0","Handcrank Release","HSJ6","","","","","","","","","NV","","60217394","2021-04-20","","NRAIL","","","","","Down Main/Fast","""02/10/2000 11:57:15""/CDODGE - Asset amended as per HDB Verification Exercise 23/10/02 AH. For access at evenings and weekends call the Excool Security Office mobile number: 07534442582.",""
"60095472","BAG2","60.0704","QS","","60.0704","2100","","MAV","","392698.0","262635.0","Huntingdon Overbridge","HSJ6","","","","","","","","","","","60095472","2021-04-20","","NRAIL","","","","","Down Main/Fast","SO927626-150 Railtrack Access Point - Asset amended as per HDB Verification Exercise 23/10/02 AH",""
"60095392","BAG2","62.0264","QS","","62.0264","2100","","MAV","","391888.0","259943.0","Dunhampstead Relay Room RRAP","HSJ6","","","","","","","","","","","60095392","2021-04-20","","NRAIL","","","","","Down Main/Fast","SO919599-150 Railtrack Access Point - Asset amended as per HDB Verification Exercise 23/10/02 AH Barnt Green to Westerleigh Jn excl <to 109m 40ch>",""
"60095316","BAG2","62.0264","QS","","62.0264","2100","","MAV","","391888.0","259943.0","Barnt Green - Westerleigh Jn excl <to 109m 40c>","HSJ6","","","","","","","","","","","60095316","2021-04-20","","NRAIL","","","","","Down Main/Fast","SO919599-150 Railtrack Access Point - Asset amended as per HDB Verification Exercise 23/10/02 AH",""
"60095335","BAG2","67.1144","QS","","67.1144","2100","","MAV","","389534.0","251582.0","Pitchmoor Underbridge","HSJ6","","","","","","","","","","","60095335","2021-04-20","","NRAIL","","","","","Down Main/Fast","SO895516-150 Railtrack Access Point - Asset amended as per HDB Verification Exercise 23/10/02 AH",""
"60095340","BAG2","68.132","QS","","68.132","2100","","MAV","","388938.0","249949.0","Abbotswood Junction","HSJ6","","","","","","","","","","","60095340","2021-04-20","","NRAIL","","","","","Down Main/Fast","SO889580-150 Railtrack Access Point - Asset amended as per HDB Verification Exercise 23/10/02 AH",""
"60217436","BAG2","68.1596","QS","","68.1596","2100","","MAV","","388942.0","249694.0","G128 Signal","HSJ6","","","","","","","","","NP","","60217436","2021-04-20","","NRAIL","","","","","Down Main/Fast","""06/10/2000 12:29:30""/CDODGE",""
"110176672","BAG2","70.0039","QS","","70.0039","1100","","MAV","","389430.0","247967.9","Wadborough level crossing , station road","HSJ6","","","","","","","","","","","110176672","2022-02-08","","NRAIL","","","","","Up Main/Fast","Wadborough level crossing , station road , park in layby next to level crossing. Parking is very limited. First line of access presented at Up Main/ Fast. Care should be taken as next to a public highway and a level crossing.  LAT= 52.1299257.   LONG= -2.1558195.   EAST=389430.0738.   NORTH=247967.9582",""
"60095297","BAG2","70.0066","QS","","70.0066","0","","MAV","","389436.0","247944.0","Barnt Green - Westerleigh Jn excl <to 109m 40c>","HSJ6","","","","","","","","","","","60095297","2023-05-31","","GTRM","","","","","All/Multiple Tracks","SO893479-150 Railtrack Access Point - Asset amended as per HDB Verification Exercise 16/10/02 AH. - Asset Item Code amended as per HDB Verification exercise 22/10/02 AH",""
"60095299","BAG2","70.1122","QS","","71.1122","0","","MAV","","389716.0","247022.0","Barnt Green - Westerleigh Jn excl <to 109m 40c>","HSJ6","","","","","","","","","","","60095299","2023-05-31","","GTRM","","","","","All/Multiple Tracks","SO897470-150 Railtrack Access Point - Asset amended as per HDB Verification Exercise 16/10/02 AH. - Asset Item Code amended as per HDB Verification exercise 22/10/02 AH",""
"60095294","BAG2","73.0946","QS","","73.0946","1100","","MAV","","391626.0","242786.0","Defford Station Old Yard","HSJ6","","","","","","","","","","","60095294","2021-04-20","","NRAIL","","","","","Up Main/Fast","SO915428-150 Railtrack Access Point - Asset amended as per HDB Verification Exercise 16/10/02 AH. - Asset Item Code amended as per HDB Verification exercise 22/10/02 AH",""
"60095310","BAG2","75.0","QS","","75.0","0","","MAV","","392395.0","240562.0","Barnt Green - Westerleigh Jn excl <to 109m 40c>","HSJ6","","","","","","","","","","","60095310","2023-05-31","","GTRM","","","","","All/Multiple Tracks","SO924405-150 Railtrack Access Point - Asset amended as per HDB Verification Exercise 16/10/02 AH. - Asset Item Code amended as per HDB Verification exercise 22/10/02 AH",""
"60095311","BAG2","75.0506","QS","","75.0506","0","","MAV","","392492.0","240112.0","Barnt Green - Westerleigh Jn excl <to 109m 40c>","HSJ6","","","","","","","","","","","60095311","2023-05-31","","GTRM","","","","","All/Multiple Tracks","SO925401-150 Railtrack Access Point - Asset amended as per HDB Verification Exercise 16/10/02 AH. - Asset Item Code amended as per HDB Verification exercise 22/10/02 AH",""
"60095312","BAG2","75.0704","QS","","75.0704","0","","MAV","","392503.0","239931.0","Barnt Green - Westerleigh Jn excl <to 109m 40c>","HSJ6","","","","","","","","","","","60095312","2023-05-31","","GTRM","","","","","All/Multiple Tracks","SO925399-150 Railtrack Access Point - Asset amended as per HDB Verification Exercise 16/10/02 AH. - Asset Item Code amended as per HDB Verification exercise 22/10/02 AH",""
"110175509","BBM","0.0483","QS","","0.0483","1901","","MAP","","486908.5","234112.4","Beltchley DU Walking Route","HSJ8","","","","","","","","","","","110175509","2022-03-14","","NRAIL","","","","","","","SP 86908 34112"
"110175510","BBM","0.0507","QS","","0.0507","2100","","MAP","","486902.1","234143.6","Bletchley James Way Walkiung Route","HSJ8","","","","","","","","","","","110175510","2022-03-14","","NRAIL","","","","","Down Main/Fast","","SP 86902 34143"
"110154789","BBM","1.017","QS","","1.017","3400","","MAP","","488147.4","234280.2","Fenny Stratford Stn Single platform Low End","HSJ8","","","","","","","","","","","110154789","2022-01-25","","NRAIL","","","","","Rev Single","Access gates allow access to a small compound which then allows access to track. New access sign is required.","SP 88147 34280"
"110173975","BBM","2.1566","QS","","2.1566","2100","","MAP","","490664.7","235594.2","Holst Cresent Foot Crossing","HSJ8","","","","","","","","","","","110173975","2021-10-05","","NRAIL","","","","","Down Main/Fast","","SP 90664 35594"
"50144460","BBM","3.0504","QS","","3.0504","2100","","MAP","","491208.0","235929.7","Pony crossing","HSJ8","","","","","","","","","","","50144460","2021-09-17","","NRAIL","","","","","Down Main/Fast","1 possibly 2 max, cul de sac public road, shared  with public footpath/bridleway & no lighting","SP 91208 35929"
"110173997","BBM","3.1181","QS","","3.1181","1100","","MAP","","491761.8","236201.4","Woodleys Farm Foot Crossing","HSJ8","","","","","","","","","","","110173997","2021-10-05","","NRAIL","","","","","Up Main/Fast","","SP 91761 36201"
"110173977","BBM","4.044","QS","","4.044","2100","","MAP","","492660.7","236438.3","Cranfield Rd - Woburn Sands Public Xing","HSJ8","","","","","","","","","","","110173977","2021-10-05","","NRAIL","","","","","Down Main/Fast","","SP 92660 36438"
"110154787","BBM","5.0088","QS","","5.0088","1100","","MAP","","493929.0","236752.0","Aspley Guise Access <LC>","HSJ8","","","","","","","","","","","110154787","2019-05-21","","NRAIL","","","","","Up Main/Fast","Approx 2 in adjoining compound, Shared with public footpath, Public road & station lighting","SP 93929 36752"
"110173971","BBM","5.0432","QS","","5.0432","1100","","MAP","","494223.7","236785.1","Old Manor Farm","HSJ8","","","","","","","","","","","110173971","2021-10-05","","NRAIL","","","","","Up Main/Fast","","SP 94223 36785"
"110173974","BBM","6.0438","QS","","6.0438","1100","","MAP","","495822.2","237013.2","Marston Vale","HSJ8","","","","","","","","","","","110173974","2021-10-05","","NRAIL","","","","","Up Main/Fast","","SP 95822 37013"
"110173979","BBM","6.1348","QS","","6.1348","2100","","MAP","","496541.2","237412.6","Marston Vale Down Ped access","HSJ8","","","","","","","","","","","110173979","2021-10-05","","NRAIL","","","","","Down Main/Fast","","SP 96541 37412"
"110173978","BBM","6.135","QS","","6.135","1100","","MAP","","496546.7","237409.9","Marston Vale Up Ped access","HSJ8","","","","","","","","","","","110173978","2021-10-05","","NRAIL","","","","","Up Main/Fast","","SP 96546 37409"
"110173950","BBM","6.1454","QS","","6.1454","2100","","MAP","","496608.2","237482.5","Ridgemont Crossing Yard Down Side","HSJ8","","","","","","","","","","","110173950","2021-10-05","","NRAIL","","","","","Down Main/Fast","","SP 96608 37482"
"110173973","BBM","8.0155","QS","","8.0155","2100","","MAP","","498188.0","238698.9","Forty Steps","HSJ8","","","","","","","","","","","110173973","2021-10-05","","NRAIL","","","","","Down Main/Fast","","SP 98188 38698"
"110173949","BBM","8.0846","QS","","8.0846","2100","","MAP","","498746.4","238989.7","Hurst Grove Foot Crossing","HSJ8","","","","","","","","","","","110173949","2021-10-05","","NRAIL","","","","","Down Main/Fast","","SP 98746 38989"
"110173972","BBM","8.1305","QS","","8.1305","1100","","MAP","","499096.6","239218.5","Kerrison Close Public Crossing","HSJ8","","","","","","","","","","","110173972","2021-10-05","","NRAIL","","","","","Up Main/Fast","","SP 99096 39218"
"110173982","BBM","9.0064","QS","","9.0064","1100","","MAP","","499507.8","239449.7","Marston Level Crossing Ped access Up","HSJ8","","","","","","","","","","","110173982","2021-10-05","","NRAIL","","","","","Up Main/Fast","","SP 99507 39449"
"110154778","BBM","12.1683","QS","","12.1683","1100","","MAP","","502598.6","244800.5","Kempston Hardwick - Access only to REB","HSJ8","","","","","","","","","","","110154778","2023-04-11","","NRAIL","","","","","Up Main/Fast","Existing gates allow access trackside, new access diagrams required.","TL 02598 44800"
"110154786","BBM","12.172","QS","","12.172","1100","","MAP","","502607.5","244833.9","Kempston Hardwick Level Crossing Up","HSJ8","","","","","","","","","","","110154786","2023-05-04","","NRAIL","","","","","Up Main/Fast","Existing gates allow access trackside, new access diagrams required.","TL 02607 44833"
"110173940","BBM","14.0175","QS","","14.0175","2100","","MAP","","503410.4","246442.0","Woburn Road Ind Est Public F/P Xing","HSJ8","","","","","","","","","","","110173940","2021-10-05","","NRAIL","","","","","Down Main/Fast","","TL 03410 46441"
"110154777","BBM","14.1434","QS","","14.1434","1100","","MAP","","504228.9","247249.8","Cow Bridge Cottage U/Br.181 Ampthill Rd","HSJ8","","","","","","","","","","","110154777","2022-01-25","","NRAIL","","","","","Up Main/Fast","Old signage needs to be replaced, some vegetation, some rubbish found & no lighting","TL 04228 47249"
"110175432","BBM","1.0076","QS","","1.0076","3400","","MAPE","","488058.8","234274.5","Fenny Stratford Stn Single platform High End","HSJ8","","","","","","","","","","","110175432","2022-03-14","","NRAIL","","","","","Rev Single","","SP 88058 34274"
"110175430","BBM","2.0035","QS","","2.0035","1100","","MAPE","","489552.8","234749.7","Bow Brickhill Stn Platform 1 Low End","HSJ8","","","","","","","","","","","110175430","2022-03-14","","NRAIL","","","","","Up Main/Fast","","SP 89552 34749"
"110175429","BBM","2.0093","QS","","2.0093","1100","","MAPE","","489597.6","234779.2","Bow Brickhill Stn Platform 1 High End","HSJ8","","","","","","","","","","","110175429","2022-03-14","","NRAIL","","","","","Up Main/Fast","","SP 89597 34779"
"110175434","BBM","2.0137","QS","","2.0137","2100","","MAPE","","489627.2","234807.1","Bow Brickhill Stn Platform 2 High End","HSJ8","","","","","","","","","","","110175434","2022-03-14","","NRAIL","","","","","Down Main/Fast","","SP 89627 34807"
"110175435","BBM","2.0196","QS","","2.0196","2100","","MAPE","","489671.3","234837.8","Bow Brickhill Stn Platform 2 Low End","HSJ8","","","","","","","","","","","110175435","2022-03-14","","NRAIL","","","","","Down Main/Fast","","SP 89671 34837"
"110175431","BBM","4.0131","QS","","4.0131","2100","","MAPE","","492387.3","236368.2","Woburn Sands Stn Platform 2 Low End","HSJ8","","","","","","","","","","","110175431","2022-03-14","","NRAIL","","","","","Down Main/Fast","","SP 92387 36368"
"110175433","BBM","4.0134","QS","","4.0134","1100","","MAPE","","492391.3","236361.7","Woburn Sands Stn Platform 1 Low End","HSJ8","","","","","","","","","","","110175433","2022-03-14","","NRAIL","","","","","Up Main/Fast","","SP 92391 36361"
"110175428","BBM","5.0002","QS","","5.0002","1100","","MAPE","","493835.7","236726.5","Aspley Guise Stn Up Low End","HSJ8","","","","","","","","","","","110175428","2022-03-14","","NRAIL","","","","","Up Main/Fast","","SP 93835 36726"
"110175427","BBM","5.0067","QS","","5.0067","1100","","MAPE","","493894.1","236738.5","Aspley Guise Stn Up High End","HSJ8","","","","","","","","","","","110175427","2022-03-14","","NRAIL","","","","","Up Main/Fast","","SP 93894 36738"
"110175425","BBM","5.0113","QS","","5.0113","2100","","MAPE","","493934.2","236752.1","Aspley Guise Stn Down Low End","HSJ8","","","","","","","","","","","110175425","2022-03-14","","NRAIL","","","","","Down Main/Fast","","SP 93934 36752"
"110175426","BBM","5.0174","QS","","5.0174","2100","","MAPE","","493989.5","236760.5","Aspley Guise Stn Down High End","HSJ8","","","","","","","","","","","110175426","2022-03-14","","NRAIL","","","","","Down Main/Fast","","SP 93989 36760"
"110175418","BBM","6.1248","QS","","6.1248","2100","","MAPE","","496471.7","237353.5","Ridgmont Stn Platform 2 High End","HSJ8","","","","","","","","","","","110175418","2022-03-14","","NRAIL","","","","","Down Main/Fast","","SP 96471 37353"
"110175424","BBM","6.1252","QS","","6.1252","1100","","MAPE","","496480.6","237349.2","Ridgmont Stn Platform 1 High End","HSJ8","","","","","","","","","","","110175424","2022-03-14","","NRAIL","","","","","Up Main/Fast","","SP 96480 37349"
"110175422","BBM","8.0989","QS","","8.0989","1100","","MAPE","","498858.3","239056.9","Lidlington Stn Platform 2 Low End","HSJ8","","","","","","","","","","","110175422","2022-03-14","","NRAIL","","","","","Up Main/Fast","","SP 98858 39056"
"110175417","BBM","8.1065","QS","","8.1065","1100","","MAPE","","498915.4","239095.6","Lidlington Stn Platform 2 High End","HSJ8","","","","","","","","","","","110175417","2022-03-14","","NRAIL","","","","","Up Main/Fast","","SP 98915 39095"
"110175423","BBM","8.1089","QS","","8.1089","2100","","MAPE","","498929.2","239113.7","Lidlington Stn Platform 1 Low End","HSJ8","","","","","","","","","","","110175423","2022-03-14","","NRAIL","","","","","Down Main/Fast","","SP 98929 39113"
"110175421","BBM","8.1183","QS","","8.1183","2100","","MAPE","","498999.8","239163.5","Lidlington Stn Platform 1 High End","HSJ8","","","","","","","","","","","110175421","2022-03-14","","NRAIL","","","","","Down Main/Fast","","SP 98999 39163"
"110175420","BBM","10.0165","QS","","10.0165","2100","","MAPE","","500744.8","240588.2","Millbrook <Bedfordshire> Stn Platform 2 High End","HSJ8","","","","","","","","","","","110175420","2022-03-14","","NRAIL","","","","","Down Main/Fast","","TL 00744 40588"
"110175419","BBM","10.0173","QS","","10.0173","1100","","MAPE","","500755.8","240589.4","Millbrook <Bedfordshire> Stn Platform 1 High End","HSJ8","","","","","","","","","","","110175419","2022-03-14","","NRAIL","","","","","Up Main/Fast","","TL 00755 40589"
"110175416","BBM","11.0249","QS","","11.0249","1100","","MAPE","","501451.9","242115.5","Stewartby Stn Platform 1 Low End","HSJ8","","","","","","","","","","","110175416","2022-03-14","","NRAIL","","","","","Up Main/Fast","","TL 01451 42115"
"110175415","BBM","11.0327","QS","","11.0327","1100","","MAPE","","501479.4","242181.3","Stewartby Stn Platform 1 High End","HSJ8","","","","","","","","","","","110175415","2022-03-14","","NRAIL","","","","","Up Main/Fast","","TL 01479 42181"
"110175413","BBM","11.0372","QS","","11.0372","2100","","MAPE","","501488.6","242221.8","Stewartby Stn Platform 2 Low End","HSJ8","","","","","","","","","","","110175413","2022-03-14","","NRAIL","","","","","Down Main/Fast","","TL 01488 42221"
"110175414","BBM","11.043","QS","","11.043","2100","","MAPE","","501508.9","242271.0","Stewartby Stn Platform 2 High End","HSJ8","","","","","","","","","","","110175414","2022-03-14","","NRAIL","","","","","Down Main/Fast","","TL 01508 42271"
"110175412","BBM","12.1633","QS","","12.1633","2100","","MAPE","","502570.2","244763.1","Kempston Hardwick Stn Platform 1 High End","HSJ8","","","","","","","","","","","110175412","2022-03-14","","NRAIL","","","","","Down Main/Fast","","TL 02570 44763"
"110175411","BBM","12.165","QS","","12.165","1100","","MAPE","","502584.2","244773.6","Kempston Hardwick Stn Platform 2 High End","HSJ8","","","","","","","","","","","110175411","2022-03-14","","NRAIL","","","","","Up Main/Fast","","TL 02584 44773"
"50144459","BBM","1.0298","QS","","1.0298","3400","","MAR","","488267.4","234294.1","Fenny Stratford St","HSJ8","","","","","","","","","","","50144459","2022-01-25","","NRAIL","","","","","Rev Single","3+ in adjoining compound, shared with public road, road & station lighting & rail stored trackside & sleepers in adjoining compound","SP 88267 34294"
"110175508","BBM","2.0118","QS","","2.0118","1100","","MAR","","489615.6","234793.1","Bow Brickhill LX Up","HSJ8","","","","","","","","","","","110175508","2022-03-14","","NRAIL","","","","","Up Main/Fast","","SP 89615 34793"
"110175507","BBM","2.012","QS","","2.012","2100","","MAR","","489615.3","234797.3","Bow Brickhill LX Down","HSJ8","","","","","","","","","","","110175507","2022-03-14","","NRAIL","","","","","Down Main/Fast","","SP 89615 34797"
"110175512","BBM","4.0234","QS","","4.0234","2100","","MAR","","492478.9","236389.5","Woburn Sands Down","HSJ8","","","","","","","","","","","110175512","2022-03-14","","NRAIL","","","","","Down Main/Fast","","SP 92478 36389"
"110166768","BBM","4.0237","QS","","4.0237","1100","","MAR","","492482.6","236387.0","Woburn Sands Up","HSJ8","","","","","","","","","","","110166768","2023-05-31","","NRAIL","","","","","Up Main/Fast","AUTHORISED ACCESS POINT - ROAD/RAIL VEH. 6+ in adjoining compound. Shared with public  footpath. Street lighting / Station lighting. Rail etc","SP 92482 36387"
"110151308","BBM","4.0296","QS","","4.0296","1100","","MAR","","492534.7","236400.2","Wobum Sands Yard RRV Up","HSJ8","","","","","","","","","","","110151308","2021-09-17","","NRAIL","","","","","Up Main/Fast","New access point on the low mileage side of level crossing. Access point has RRAO on up main - Lines at site Up Main, Down Main.","SP 92534 36400"
"110175505","BBM","5.0096","QS","","5.0096","2100","","MAR","","493919.0","236748.4","Aspley Giuse Level crossing RRV Down","HSJ8","","","","","","","","","","","110175505","2022-03-14","","NRAIL","","","","","Down Main/Fast","","SP 93918 36748"
"110175506","BBM","5.0098","QS","","5.0098","1100","","MAR","","493921.5","236745.3","Aspley Giuse Level crossing RRV Up","HSJ8","","","","","","","","","","","110175506","2022-03-14","","NRAIL","","","","","Up Main/Fast","","SP 93921 36745"
"110175500","BBM","6.1336","QS","","6.1336","2100","","MAR","","496534.6","237404.6","RIDGMONT Level Crossing Down","HSJ8","","","","","","","","","","","110175500","2022-03-14","","NRAIL","","","","","Down Main/Fast","","SP 96534 37404"
"110175501","BBM","6.1336","QS","","6.1336","1100","","MAR","","496536.6","237401.9","RIDGMONT Level Crossing Up","HSJ8","","","","","","","","","","","110175501","2022-03-14","","NRAIL","","","","","Up Main/Fast","","SP 96536 37401"
"110175503","BBM","8.1077","QS","","8.1077","1100","","MAR","","498923.5","239103.8","Lidlington Up","HSJ8","","","","","","","","","","","110175503","2022-03-14","","NRAIL","","","","","Up Main/Fast","","SP 98923 39103"
"110175504","BBM","9.005","QS","","9.005","1100","","MAR","","499495.5","239446.0","Marston Rd Up","HSJ8","","","","","","","","","","","110175504","2022-03-14","","NRAIL","","","","","Up Main/Fast","","SP 99495 39446"
"110175502","BBM","10.0051","QS","","10.0051","1100","","MAR","","500692.2","240497.8","Milbrook level Cross Up","HSJ8","","","","","","","","","","","110175502","2022-03-14","","NRAIL","","","","","Up Main/Fast","","TL 00692 40497"
"110175498","BBM","11.0361","QS","","11.0361","2100","","MAR","","501486.3","242212.3","Stewartby Green Lane Down","HSJ8","","","","","","","","","","","110175498","2022-03-14","","NRAIL","","","","","Down Main/Fast","","TL 01486 42212"
"110175499","BBM","11.0362","QS","","11.0362","1100","","MAR","","501489.8","242211.7","Stewartby Green Lane Up","HSJ8","","","","","","","","","","","110175499","2022-03-14","","NRAIL","","","","","Up Main/Fast","","TL 01489 42211"
"110173948","BBM","11.1484","QS","","11.1484","1926","","MAR","","501852.5","243172.0","Forders/Stewartby Brick Wks <1926> RRV","HSJ8","","","","","","","","","","","110173948","2021-10-05","","NRAIL","","","","","","","TL 01852 43172"
"110173947","BBM","11.1486","QS","","11.1486","1925","","MAR","","501851.0","243175.0","Forders/Stewartby Brick Wks <1925>","HSJ8","","","","","","","","","","","110173947","2021-10-05","","NRAIL","","","","","","","TL 01850 43175"
"110173946","BBM","11.1496","QS","","11.1496","1924","","MAR","","501842.5","243188.8","Forders/Stewartby Brick Wks <1924>","HSJ8","","","","","","","","","","","110173946","2021-10-05","","NRAIL","","","","","","","TL 01842 43188"
"110173945","BBM","11.15","QS","","11.15","1923","","MAR","","501840.8","243192.6","Forders/Stewartby Brick Wks <1923>","HSJ8","","","","","","","","","","","110173945","2021-10-05","","NRAIL","","","","","","","TL 01840 43192"
"110173944","BBM","11.1509","QS","","11.1509","1922","","MAR","","501836.0","243203.7","Forders/Stewartby Brick Wks <1922> RRV","HSJ8","","","","","","","","","","","110173944","2021-10-05","","NRAIL","","","","","","","TL 01835 43203"
"110173943","BBM","11.1514","QS","","11.1514","1921","","MAR","","501835.8","243208.7","Forders/Stewartby Brick Wks <1921>","HSJ8","","","","","","","","","","","110173943","2021-10-05","","NRAIL","","","","","","","TL 01835 43208"
"110175497","BBM","12.0194","QS","","12.0194","2100","","MAR","","502057.9","243553.3","Wooten Broadmead Level crossing Down","HSJ8","","","","","","","","","","","110175497","2022-03-14","","NRAIL","","","","","Down Main/Fast","","TL 02057 43553"
"110175496","BBM","12.1727","QS","","12.1727","2100","","MAR","","502606.7","244841.5","Kempston Hardwick Level Crossing Down","HSJ8","","","","","","","","","","","110175496","2023-05-04","","NRAIL","","","","","Down Main/Fast","","TL 02606 44841"
"110175511","BBM","0.0303","QS","","0.0303","1901","","MAV","","486869.9","233960.4","Cemex Yard PSP","HSJ8","","","","","","","","","","","110175511","2022-03-14","","NRAIL","","","","","","","SP 86869 33960"
"110175513","BBM","0.0614","QS","","0.0614","1903","","MAV","","486991.2","234193.6","Bletchley DU Maintenance Yard","HSJ8","","","","","","","","","","","110175513","2022-03-14","","NRAIL","","","","","","","SP 86991 34193"
"110173995","BBM","1.0323","QS","","1.0323","3400","","MAV","","488290.9","234295.6","Fenny Crossing Level Crossing REB","HSJ8","","","","","","","","","","","110173995","2021-10-05","","NRAIL","","","","","Rev Single","","SP 88290 34295"
"110154788","BBM","2.0085","QS","","2.0085","2100","","MAV","","489586.8","234781.6","Bow Brickhill Compound","HSJ8","","","","","","","","","","","110154788","2021-09-17","","NRAIL","","","","","Down Main/Fast","Access gate allows access to a small compound which then allows access to track. New access sign required.","SP 89586 34781"
"110149595","BBM","5.0722","QS","","5.0722","1100","","MAV","","494485.3","236823.3","Berry Lane","HSJ8","","","","","","","","","","","110149595","2021-09-17","","NRAIL","","","","","Up Main/Fast","Authorised access point <vehicle - farmers crossing>","SP 94485 36823"
"110166868","BBM","8.1078","QS","","8.1078","1100","","MAV","","498921.6","239106.6","Lidlington Down","HSJ8","","","","","","","","","","","110166868","2023-05-31","","NRAIL","","","","","Up Main/Fast","Adjoining compound can only house 1 vehicle / public road parking, public road lighting & rail","SP 98921 39106"
"50462672","BBM","9.005","QS","","9.005","2100","","MAV","","499494.6","239449.4","Marston Rd Down","HSJ8","","","","","","","","","","","50462672","2022-01-25","","NRAIL","","","","","Down Main/Fast","Only public parking spaces then walk to access, public footpath, no lighting, rail & sleepers","SP 99494 39449"
"110166970","BBM","10.005","QS","","10.005","2100","","MAV","","500689.2","240499.1","Milbrook level Cross Down","HSJ8","","","","","","","","","","","110166970","2023-05-31","","NRAIL","","","","","Down Main/Fast","Approx 2-3 public parking area, shared with public footpath, station lighting, rail & concrete drainage blocks","TL 00689 40499"
"110154776","BBM","11.0372","QS","","11.0372","1100","","MAV","","501496.2","242218.6","Stewartby Green Lane Compond","HSJ8","","","","","","","","","","","110154776","2021-09-17","","NRAIL","","","","","Up Main/Fast","	3+ in adjoining compound, shared with public footpath, street lighting, scrap rail","TL 01496 42218"
"110173942","BBM","11.122","QS","","11.122","1926","","MAV","","501480.9","243064.0","Forders/Stewartby Brick Wks <1926> Veh","HSJ8","","","","","","","","","","","110173942","2021-10-05","","NRAIL","","","","","","","TL 01480 43064"
"110173941","BBM","11.132","QS","","11.132","1922","","MAV","","501570.1","243123.9","Forders/Stewartby Brick Wks <1922> Veh","HSJ8","","","","","","","","","","","110173941","2021-10-05","","NRAIL","","","","","","","TL 01570 43123"
"110166971","BBM","12.0192","QS","","12.0192","1100","","MAV","","502060.6","243549.7","Wooten Broadmead Level crossing Up","HSJ8","","","","","","","","","","","110166971","2023-05-31","","NRAIL","","","","","Up Main/Fast","3+ in adjoining compound, shared with public footpath, no lighting & rail","TL 02060 43549"
"110164869","BBM","15.145","QS","","15.145","2100","","MAV","","505012.3","248652.3","Bedford St Johns REB","HSJ8","","","","","","","","","","","110164869","2021-09-17","","NRAIL","","","","","Down Main/Fast","10+ Old signage, needs to be replaced, shared with Hospital car park, Hospital car park lighting, Scrap rail /sleepers etc","TL 05012 48652"
"110179854","BBM","15.1635","QS","","16.0066","0","","MAV","","505008.0","248865.0","Kings Place","HSJ8","","","","","","","","","","","110179854","2022-09-13","","NRAIL","","","","","All/Multiple Tracks","Vehicle access for an extended length, ample space for multiple parking of vehicles and materials. Access is gained via Britannia Road Car Park. CAUTION; ANPR situated within parking area, ensure access is permitted before using access.","TL 05008 48865"
"110164868","BBM","16.0071","QS","","16.0071","3400","","MAV","","505019.1","248966.3","Bedford St Johns","HSJ8","","","","","","","","","","","110164868","2021-09-17","","NRAIL","","","","","Rev Single","10+  Old signage, needs to be replaced. Shared with Hospital car park. Hospital car park lighting.  Scrap rail /sleepers etc","TL 05019 48966"
"110175443","BBM","1.0298","QS","","1.0298","3400","","MAX","","488267.4","234292.8","Fenny stratford Level Xing","HSJ8","","","","","","","","","","","110175443","2022-03-14","","NRAIL","","","","","Rev Single","","SP 88267 34292"
"110172098","BCV","126.0","QS","","126.0","0","","MAP","","411076.0","284001.0","TYSELEY STATION AREA","HSJ6","","","","","","","","","","","110172098","2021-04-27","","NRAIL","","","","","All/Multiple Tracks","Access to tracks from Tyseley station platforms. You must have the appropriate Safe System of work in place to access the tracks from the platforms. Parking at night may be available in the drop off point but double yellow lines are present. During the day time, you may need to find appropriate parking.What3Words for the Station entrance is ///roses.castle.other",""
"50143068","BCV","128.018","QS","","128.018","2100","","MAP","","408881.0","286242.0","Bordesley Junction","HSJ6","","","","","","","","","","","50143068","2023-05-31","","NRAIL","","","","","Down Main/Fast","Park on Bolton Road. Metal pedestrian gate <No.17 padlock>, steps down to track level. Steps in poor condition. Repair qworks needed to make safe. Open catchpit at foot of steps.",""
"50461397","BCV","128.0198","QS","","128.0198","2100","","MAP","","408870.0","286203.0","Bolton Road","HSJ6","","","","","","","","","","","50461397","2020-01-30","","AMEY","","","","","Down Main/Fast","Vehicular gate on downside 5ch south on BCV giving access at track level <No.17 padlock>. Street parking on Bolton Road.",""
"110172096","BCV","124.044","QS","","126.044","1100","","MAV","","410676.0","284327.0","TYLELEY NORTH JNC AREA","HSJ6","","","","","","","","","","","110172096","2021-04-27","","NTL","","","","","Up Main/Fast","This is an access point where prior approval from the Landowner is required. The site is still under construction. If you require access notice must be given at least 5 days in advance.Contact Trevor Killworth Section Manager, Stourbridge or Rich Parry, PIC Saltley for landowner contact details. You are not to access this land without permission. Once in the site, make your way to the double Pallisade gates, there is a small compound where you can park trackside.What3Words for track access gate is ///join.lived.follow. What3Words for the gates to the yard off Hay Hall Road is ///jolly.third.insect",""
"110128724","BCV","126.1364","QS","","126.1364","1100","","MAV","","410114.0","284782.0","Small Heath Highway","HSJ6","","","","","","","","","","","110128724","2020-01-30","","NRAIL","","","","","Up Main/Fast","Vehicle access upside to south junction - prior notice of intensive vehicular use to be notified to city council, Hways Dept 0121 303 7020. PArking available near trackside. No. 17 padlock. Also gives access to DCL lines.",""
"110128723","BCV","127.1166","QS","","127.1166","1100","","MAV","","408925.0","285579.0","Small Heath Highway","HSJ6","","","","","","","","","","","110128723","2020-01-30","","NRAIL","","","","","Up Main/Fast","Intensive vehicualr ose to be notified to city council H/Ways Dept 0121 303 7020>. Double Vehicualr gates, No. 17 padlock. Parking limited off S.Heath Hway onto small approach road. Also gives access to DCL line.",""
"50144473","BEA","52.1364","QS","","52.1364","3400","","MAP","","401869.0","273164.0","<Overbridge No. 5>","HSJ6","","","","","","","","","","","50144473","2020-01-30","","NRAIL","","","","","Rev Single","Metal pedestrian gate <No.17 padlock> concrete steps & handrail up to lineside. Parking for one vehicle on opposite side of road.",""
"110142612","BEA","53.061","QS","","53.061","3400","","MAP","","402212.0","272329.0","Tranter Ave, Alvechurch","HSJ6","","","","","","","","","","","110142612","2020-01-30","","NRAIL","","","","","Rev Single","Pedestrian access point - concrete steps leading up to track.",""
"110128734","BEA","53.1034","QS","","53.1034","2400","","MAV","","402300.0","271944.0","Alvechurch Station Car Park","HSJ6","","","","","","","","","NP","","110128734","2011-03-24","","NRAIL","","","","","Down Single","End of Station car park set of double vehicular gates <17 padlock>. Car parking available. No ""NO TRESPASS"" sign. <Adjacent to PF level crossing>.",""
"50435907","BEA","54.1527","QS","","54.1527","3400","","MAV","","402887.0","270126.0","Weights Farm","HSJ6","","","","","","","","","NP","","50435907","2020-01-31","","NRAIL","","","","","Rev Single","Access off Birmingham Road opposite Abbey Sports Ground. Road continues under bridge through farm area. Take road to right where it forks, continue to single vehicular metal access gate <No.17 padlock>. Parking for one vehicle on RT land.",""
"50461399","BEA","56.0616","QS","","56.0616","3400","","MAV","","403985.0","268129.0","Clive Road","HSJ6","","","","","","","","","","","50461399","2020-01-31","","NRAIL","","","","","Rev Single","Access through car park to waste land area to vehicular metal double gate <padlock missing - currently unlocked>. Parking available at gates, one vehicle on RT land.",""
"50461398","BEA","56.1342","QS","","56.1342","2400","","MAV","","403817.0","267544.0","Redditch Station Car Park","HSJ6","","","","","","","","","","","50461398","2011-03-24","","AMEY","","","","","Down Single","Access through car park to vehicular double gates on far right hand side, follow track to lineside. Parking available on land. Foreign padlock <but demarcation site>. RT property to arrange for No.17 padlock with Rail Prop/New owners.",""
"110181993","BFO","0.0893","QS","","0.0893","1100","","MAP","","486757.3","233152.3","Bletchley West Up Ped Access Steps","HSJ8","","","","","","","","","","","110181993","2024-06-14","","NRAIL","","","","","Up Main/Fast","Access Steps to the Bletchley Flyover <152A> East End to BFO Up Main. Parking is under Bridge for light vehicles only","SP 86757 33152"
"110181992","BFO","0.0901","QS","","0.0901","2100","","MAP","","486757.9","233163.9","Bletchley West Down Ped Access Steps","HSJ8","","","","","","","","","","","110181992","2024-06-14","","NRAIL","","","","","Down Main/Fast","Access Steps to the Bletchley Flyover <152A> East End to BFO Down Main. Parking is under Bridge for light vehicles only","SP 86758 33164"
"110181951","BFO","1.037","QS","","1.037","2100","","MAP","","487063.7","234209.0","Bletchley MDU Down Ped Access Steps","HSJ8","","","","","","","","","","","110181951","2024-06-14","","NRAIL","","","","","Down Main/Fast","Pedestrain Access Steps to the BFO Down Main <Cord Line>. Park in Stores Yard. Limited Parking and Laydown Area.","SP 87064 34209"
"110187612","BFO","0.1551","QS","","0.1551","2100","","MAPE","","486931.0","233711.0","Bletchley High Level Station Plat 7 West","HSJ8","","","","","","","","","","","110187612","2024-05-23","","NRAIL","","","","","Down Main/Fast","Access Point Steps at the End of Plat 7. No Position of Safety after leaving Steps. Bi-Di Train Moments.","SP 86931 33711"
"110187613","BFO","0.168","QS","","0.168","2100","","MAPE","","486929.0","233828.0","Bletchley High level Station Plat 7 EAST","HSJ8","","","","","","","","","","","110187613","2024-05-23","","NRAIL","","","","","Down Main/Fast","Access Point Steps at the End of Plat 7. Bi-Di Train Moments.","SP 86929 33828"
"110187614","BFO","0.168","QS","","0.168","1100","","MAPE","","486939.0","233828.0","Bletchley High Level Station Plat 8 East","HSJ8","","","","","","","","","","","110187614","2024-05-23","","NRAIL","","","","","Up Main/Fast","Access Point Steps at the End of Plat 8. Bi-Di Train Moments.","SP 86939 33828"
"110151309","BFO","1.016","QS","","1.016","2100","","MAR","","486955.8","234049.7","Bletchley MDU RRAP Down","HSJ8","","","","","","","","","","","110151309","2024-06-14","","NRAIL","","","","","Down Main/Fast","RRAP BFO  Down Main. Access via the MDU Depot. Limited Parking and Laydown Area.","SP 86956 34050"
"110181991","BFO","1.016","QS","","1.016","1100","","MAR","","486959.3","234048.5","Bletchley MDU RRAP UP","HSJ8","","","","","","","","","","","110181991","2024-06-14","","NRAIL","","","","","Up Main/Fast","RRAP BFO Up Main . Access via the MDU Depot. Limited Packing and Laydown Area.","SP 86959 34048"
"110178891","BFO","0.0265","QS","","0.0265","1100","","MAV","","486201.0","233030.0","Bletchley West Junction Up Vehicle Access","HSJ8","","","","","","","","","","","110178891","2024-06-14","","NRAIL","","","","","Up Main/Fast","Heavy Vehicular access to Bletchley BFO Line West. Access only from Buckingham Rd end of Water Eaton Road for HGVs, due to limited clearance Bridge LEC1/152. Asset Lat & Long 51.9890574 ,-0.7460579","SP 86201 33030"
"110185971","BFO","0.0977","QS","","0.0977","2100","","MAV","","486824.9","233276.2","BFO Down Vehicle Access Point","HSJ8","","","","","","","","","","","110185971","2024-07-11","","NRAIL","","","","","Down Main/Fast","Under Bletchley Fly Over Bridge, off Wellington Place road. Access via Thrid Party compound.","SP 86825 33276"
"110175514","BFO","1.0318","QS","","1.0318","2100","","MAV","","487108.5","234263.2","Bletchley Stores Yard","HSJ8","","","","","","","","","","","110175514","2023-10-20","","NRAIL","","","","","Down Main/Fast","Vehicle Access point via the MDU Depot. Limited Parking and Laydown Area.","SP 87108 34263"
"110174070","BJW1","0.0135","QS","","0.0135","1100","","MAP","","400570.2","296227.5","Off Bescot station","HSJ7","","","","","","","","","PED","","110174070","2021-09-24","","NRAIL","","","","","Up Main/Fast","Off Bescot station - parking in Bescot station car park, No.17, access to track under M6",""
"110172833","BJW1","0.0135","QS","","0.135","1100","","MAP","","400570.2","296227.5","Off Bescot station","HSJ7","","","","","","","","","PED","","110172833","2021-07-15","","NRAIL","","","","","Up Main/Fast","Name: Off Bescot station - parking in Bescot station car park, No.17, access to track under M6",""
"110172611","BJW2","5.1622","QS","","5.1622","2200","","MAP","","400680.9","297921.3","Walsall Training centre","HSJ7","","","","","","","","","PED","","110172611","2021-06-16","","NRAIL","","","","","Down Slow","Walsall training centre, access track via walking route Existing access point, idenitied via desktop verification for official entry into NHD",""
"110177232","BJW2","6.0618","QS","","6.0618","1200","","MAP","","401092.4","298474.1","Walsall Stn","HSJ7","","","","","","","","","PED","","110177232","2022-03-23","","NRAIL","","","","","Up Slow","Access and egress off Wolverhampton platform ends require an appropriate safe system of work~
Access and egress off Rugeley platform ends only when line is blocked to trains ~
No access during the day unless there is emergency protection~
Inspection and carrying light hand tools only",""
"110151198","BJW2","5.1386","QS","","5.1386","2900","","MAR","","400591.0","297776.0","Walsall Training Centre","HSJ7","","","","","","","","","","","110151198","2014-09-19","","NRAIL","","","","","Down Siding","Due to improvements at WALSALL TRAINING CENTRE Access.  RRV access has been added.  LAT:52.577802 & LONG: -1.9927177",""
"50144429","BJW2","5.099","QS","","5.099","1100","","MAV","","400498.0","297396.0","Wednesbury road Walsall","HSJ7","","","","","","","","","RRV","","50144429","2021-09-09","","NRAIL","","","","","Up Main/Fast","Off Wednesbury Road approach, vehicular road down to vehicular gates <No.17 padlock>. Parking available.",""
"110171791","BJW2","5.1749","QS","","5.1749","1901","","MAV","","400660.5","297788.8","Fairground Way","HSJ7","","","","","","","","","","","110171791","2021-03-18","","NRAIL","","","","","","Single gate No.17 padlock. Limited parking. Via Walsall cement + aggregates depot.  LAT=52.5779304  LONG=-1.9916799",""
"110146492","BJW2","6.0","QS","","6.0","0","","MAV","","7.0","979.0","Tasker Street Terminal, Walsall","HSJ7","","","","","","","","","Access Point","","110146492","2011-03-24","","PP","","","","","All/Multiple Tracks","New access point created at junction of Tasker Street and Meadow Street Walsall. Personnel using this will need to present ID to the 24/7 security onsite.",""
"50435913","BJW2","6.052","QS","","6.0525","2200","","MAV","","401040.0","298397.0","NCP Car Par, Station Street","HSJ7","","","","","","","","","VEH","","50435913","2021-06-18","","AMEY","","","","","Down Slow","Into Walsall Station car park. Vehicular gates <No.17 padlock> at far left hand corner. Parking available.",""
"50144431","BJW2","6.1736","QS","","6.1736","2100","","MAV","","401450.0","299360.0","North Street","HSJ7","","","","","","","","","","","50144431","2011-03-24","","AMEY","","","","","Down Main/Fast","Vehicular gates <No.17 padlock>. Parking available.",""
"50144447","BJW3","16.0792","QS","","16.0792","3400","","MAP","","411509.0","308654.0","Birmingham Road <A5127> <Underbridge No. 88>","HSJ6","","","","","","","","","","","50144447","2022-03-30","","NRAIL","","","","","Rev Single","ZIAR Ref No_268983_ Interim Reference No_HZ_6536 _Notes: Access upside AN157. Sourced from APM Birmingham Emergency Manual. Issue 01 01/03/97. ",""
"110176678","BJW3","16.1466","QS","","16.1466","2100","","MAP","","411871.3","309151.2","Lichfield City Stn","HSJ6","","","","","","","","","","","110176678","2022-02-09","","NRAIL","","","","","Down Main/Fast","Platform provides access to the Up main/1100 and Down main/2100. Access and egress off platform ends only when an appropriate safe system of work is in place. No access during the day, apart from minor maintenance, carrying light hand tools only. No plant or machinery access during the day unless there is emergency protection.   LAT=52.67995			    LONG=-1.82583			    EAST=411871.3337			    NORTH=309151.2922",""
"110187632","BJW3","16.1588","QS","","16.1588","2100","","MAP","","411955.0","309232.0","Lichfield City RRAP","HSJ6","","","","","","","","","","","110187632","2024-05-30","","NRAIL","","","","","Down Main/Fast"," This is the Lichfielf City access from the Station car park. Double gates lead into a parking area trackside, the RRAP is at the far end ~
of the access road at 16m 1725yds. This access has OLE which must be considered Live at all times, ensure the correct permits ~
are in place for RRV & material deliveries. If storing RRV""s, please ensure the route to the RRAP is kept clear for emergencies, this ~
is a critical access should we need to get OLE MEWP""s and SRS vehciles on for incidents. What3Words for the access gates is ~
///dirt.treat.flame. What3Words for the RRAP is ///horn.picked.couple",""
"110176677","BJW3","18.0076","QS","","18.0076","2100","","MAP","","413653.8","309906.0","Lichfield Trent Valley Stn","HSJ6","","","","","","","","","","","110176677","2022-02-09","","NRAIL","","","","","Down Main/Fast","Platform provides access to the Up main/1100 on BJW3 and Down main/2100 on BJW3. Access and egress off platform ends only when an appropriate safe system of work is in place. No access during the day, apart from minor maintenance, carrying light hand tools only. No plant or machinery access during the day unless there is emergency protection.    LAT=52.68669			    LONG=-1.79944			    EAST=413653.8228			    NORTH=309906.0384",""
"50144384","BJW3","18.088","QS","","18.088","1100","","MAP","","414264.0","310322.0","Ash Tree Lane LC","HSJ6","","","","","","","","","","","50144384","2020-01-31","","NRAIL","","","","","Up Main/Fast","Red separate access gate. No.17 padlock, gives access to track level limited parking.",""
"110179856","BJW3","18.1386","QS","","18.1386","0","","MAP","","414568.0","310823.0","Cooks Farm No.2 UWC","HSJ6","","","","","","","","","","","110179856","2022-09-13","","NRAIL","","","","","All/Multiple Tracks","RESTRICTED TO LCM ACCESS ONLY. Access is only allowed if permission is granted by the authorised user/landowner, details of which can be obtained via the Route Level Crossing Manager","SK 14568 10823"
"110187634","BJW3","16.1588","QS","","16.1588","2100","","MAR","","411955.0","309232.0","Lichfield City RRAP","HSJ6","","","","","","","","","","","110187634","2024-05-30","","NRAIL","","","","","Down Main/Fast"," This is the Lichfielf City access from the Station car park. Double gates lead into a parking area trackside, the RRAP is at the far end ~
of the access road at 16m 1725yds. This access has OLE which must be considered Live at all times, ensure the correct permits ~
are in place for RRV & material deliveries. If storing RRV""s, please ensure the route to the RRAP is kept clear for emergencies, this ~
is a critical access should we need to get OLE MEWP""s and SRS vehciles on for incidents. What3Words for the access gates is ~
///dirt.treat.flame. What3Words for the RRAP is ///horn.picked.couple",""
"50435916","BJW3","16.1721","QS","","16.1721","1900","","MAR","","412061.0","309289.0","Upper St.John Street, Lichfield.","HSJ6","","","","","","","","","NP","","50435916","2020-01-31","","NRAIL","","","","","Up Siding","Legal right of access. Pedestrian and/or vehicular.4m in width. From Bridge.90 Upper St.John Street to Bridge.92 off Station Road. East side of railway.",""
"50144432","BJW3","7.0","QS","","7.0","9999","","MAV","","401400.0","299400.0","North Street","HSJ6","","","","","","","","","","","50144432","2023-05-31","","","","","","","Unknown","ZIAR Ref No_268780_ Interim Reference No_HZ_6284 _Notes: Vehicle access downside to Ryecroft Junction. WL55/61. Sourced from APM Birmingham Emergency Manual. Issue 01 01/03/97. ",""
"110128545","BJW3","7.0","QS","","7.0","9999","","MAV","","401400.0","299400.0","North Street","HSJ6","","","","","","","","","","","110128545","2023-05-31","","","","","","","Unknown","ZIAR Ref No_268780_ Interim Reference No_HZ_6284 _Notes: Vehicle access downside to Ryecroft Junction. WL55/61. Sourced from APM Birmingham Emergency Manual. Issue 01 01/03/97. ",""
"110187633","BJW3","16.1588","QS","","16.1588","2100","","MAV","","411955.0","309232.0","Lichfield City RRAP","HSJ6","","","","","","","","","","","110187633","2024-05-30","","NRAIL","","","","","Down Main/Fast"," This is the Lichfielf City access from the Station car park. Double gates lead into a parking area trackside, the RRAP is at the far end ~
of the access road at 16m 1725yds. This access has OLE which must be considered Live at all times, ensure the correct permits ~
are in place for RRV & material deliveries. If storing RRV""s, please ensure the route to the RRAP is kept clear for emergencies, this ~
is a critical access should we need to get OLE MEWP""s and SRS vehciles on for incidents. What3Words for the access gates is ~
///dirt.treat.flame. What3Words for the RRAP is ///horn.picked.couple",""
"50144383","BJW3","18.0352","QS","","18.0352","1100","","MAV","","413883.0","310023.0","Burton Old Road Level Crossing","HSJ6","","","","","","","","","","","50144383","2020-01-31","","NRAIL","","","","","Up Main/Fast","Access near Lxing. Separate vehicular access gate. No. 17 Padlock, access to track level. Parking availabale trackside. No ""NO TRESPASS"" sign. NOTE:Can be accessed either end of burton old road via the public footpath.",""
"20772822","BJW3","18.1718","QS","","18.1718","1100","","MAV","","414817.0","310853.0","Stud Farm","HSJ6","","","","","","","","","","","20772822","2011-03-24","","NRAIL","","","","","Up Main/Fast","UTX pipe. Parking for two vehicles with permission of farmer.",""
"110175515","BLT1","46.1562","QS","","46.1562","3300","","MAP","","486827.0","234124.2","West Coast Cleaners Siding","HSJ8","","","","","","","","","","","110175515","2022-03-14","","NRAIL","","","","","Rev Goods","","SP 86826 34124"
"110166975","BLT2","0.068","QS","","0.068","2903","","MAP","","486993.3","234290.9","James Way Access","HSJ8","","","","","","","","","","","110166975","2021-10-05","","NRAIL","","","","","","Car park at James way","SP 86993 34290"
"110173976","BLT2","0.0816","QS","","0.0816","2904","","MAV","","487117.5","234399.4","Bletchley T.M.D. Tamper Yard","HSJ8","","","","","","","","","","","110173976","2021-10-05","","NRAIL","","","","","","","SP 87117 34399"
"110174030","BLT3","46.1076","QS","","46.1076","1901","","MAP","","486912.3","233692.2","CEMEX Works Weigh bridge","HSJ8","","","","","","","","","","","110174030","2024-06-07","","NRAIL","","","","","","BLT3 Cemex Access Gate. Limited turning area on entrance into accesses track. Vehicles may not be able to access track and clash with fencing and strucure. Parking south beside Bletchley PSP. No. 7 Key","SP 86912 33692"
"110175484","BLT3","46.109","QS","","46.109","1901","","MAPE","","486899.3","233703.9","Bletchley Stn Platform 6 Low End","HSJ8","","","","","","","","","","","110175484","2024-05-17","","NRAIL","","","","","","Access off Bletchley Station Platform 6 South End. Access only via the Main Bletchley Station and then over Footbridge.. No. 7 Key","SP 86899 33703"
"110166974","BLT3","46.0988","QS","","46.0988","1900","","MAV","","486912.0","233617.4","Old Catle Dock","HSJ8","","","","","","","","","","","110166974","2024-05-17","","NRAIL","","","","","Up Siding","BLT3. Parking under Bletchley Flyover. Access Gate off Cemex Road before Bletchley High Level Station. No. 7 Key","SP 86912 33617"
"110176816","BLW","0.0528","QS","","0.0528","2100","","MAR","","385861.4","255801.8","Worcester RRV Access","HSJ6","","","","","","","","","RRV","","110176816","2022-02-18","","NRAIL","","","","","Down Main/Fast","RRV access on the Down Droitwich ? near to Worcester Tunnel Signal Box. Access through West Midlands train depot off Tolladine Road ? access code 1563. Limited parking. Site risk includes Open lines, authorised walk route to signal box through route and parked cars. First line presented at up main.    LAT=52.20028			    LONG=-2.20828			    EAST=385861.4903			    NORTH=255801.8157",""
"110174016","BPH","4.1033","QS","","4.1033","3400","","MAR","","475301.1","259533.4","Northampton Depot Yard <Dissused line>","HSJ8","","","","","","","","","","","110174016","2021-10-05","","NRAIL","","","","","Rev Single","","SP 75301 59533"
"110184911","BSG","8.1342","QS","","8.1342","1300","","MAP","","459375.0","222611.0","GAVRAY JUNCTION","HSJ6","","","","","","","","","","","110184911","2023-10-16","","NRAIL","","","","","Up Goods","Access point has been installed at bridge #2 at 8m61ch to access traction gel applicators in the wide way",""
"110149341","CBR2","30.0352","QS","","30.0352","2100","","MAP","","","","HAUNCHWOOD DRIVE","HSJ6","","","","","","","","","","","110149341","2012-09-24","","NRAIL","","","","","Down Main/Fast","NEW Pedestrain Access Point, 1st Track Approached in Dn Sutton Park with PHOTO Ref 1139.",""
"50144423","CBR2","36.0132","QS","","36.0132","1100","","MAP","","415376.0","291691.0","Park Lane <Overbridge No. 14>","HSJ6","","","","","","","","","","","50144423","2011-03-24","","AMEY","","","","","Up Main/Fast","Pedestrian gate <No.17 padlock> on upside of bridge. Ballasted ramp up to lineside. Gate opens out onto highway. Restricted parking.",""
"110149342","CBR2","36.0173","QS","","36.0173","2100","","MAP","","415346.0","291715.0","PARK LANE","HSJ6","","","","","","","","","","","110149342","2022-01-07","","NRAIL","","","","","Down Main/Fast","NEW PEDETRAIN ACCESS POINT, 1st Track Approached in Dn Sutton Park - Ref no 1141/1142",""
"50144427","CBR2","37.1078","QS","","37.1078","2100","","MAP","","413547.0","293354.0","Penns Lane <Overbridge No. 21>","HSJ6","","","","","","","","","","","50144427","2018-09-07","","NRAIL","","","","","Down Main/Fast","Pedestrian gate at bridge <No.17 padlock> concrete steps & handrail down to lineside. Limited parking.",""
"50144388","CBR2","38.0594","QS","","38.0594","1100","","MAP","","412874.0","294301.0","Wylde Green Road <Overbridge No. 26>","HSJ6","","","","","","","","","","","50144388","2018-09-07","","NRAIL","","","","","Up Main/Fast","Wooden wicket gate on upside of bridge <No.17 padlock>. Concrete steps & handrail down to lineside. Street parking in East View Road. Poor sighting at lineside in up direction.",""
"50144390","CBR2","39.0814","QS","","39.0814","1100","","MAP","","412525.0","296062.0","Coleshill Road <Underbridge No. 29>","HSJ6","","","","","","","","","","","50144390","2018-09-07","","NRAIL","","","","","Up Main/Fast","Off Riland Road, steps up to lineside, no handrail.",""
"120001272","CBR2","40.0755","QS","","40.0755","1100","","MAP","","411346.0","297029.0","Midland Road","HSJ6","","","","","","","","","Access Point Pedestrian","","120001272","2025-09-10","","","","","","","Up Main/Fast","Access to Up side , Pedestrian access off Midland road, Sutton Coldfield. W3W - wink.tides.bake",""
"110171794","CBR2","42.0411","QS","","42.0411","1100","","MAP","","408855.1","298520.3","Streetly Gate","HSJ7","","","","","","","","","","","110171794","2021-06-17","","NRAIL","","","","","Up Main/Fast","Access via Sutton Park Streetly gate access, park and walk to track via foot crossing.  LAT+52.5844359   LONG=-1.8707314           Existing access point, idenitied via desktop verification for official entry into NHD",""
"50144394","CBR2","42.1635","QS","","42.1635","2100","","MAP","","408113.0","299317.0","Lindrosa Road","HSJ7","","","","","","","","","PED","","50144394","2021-06-18","","NRAIL","","","","","Down Main/Fast","Vehicular track between No""s 38 & 40 Lindrosa Road to vehicular gates <No.17 padlock>. Parking area available. Existing access point, idenitied via desktop verification for official entry into NHD",""
"50144395","CBR2","43.1078","QS","","43.1078","2100","","MAP","","407401.0","300132.0","Chester Road <Underbridge No. 52>","HSJ7","","","","","","","","","","","50144395","2018-09-17","","NRAIL","","","","","Down Main/Fast","Pedestrian gate <No.17 padlock>, concrete steps & handrail up to lineside. One vehicle can park up off highway by gate.",""
"50144396","CBR2","44.0528","QS","","44.0528","2100","","MAP","","406333.0","300325.0","Branton Hill Lane <Overbridge No. 53>","HSJ7","","","","","","","","","","","50144396","2018-09-17","","NRAIL","","","","","Down Main/Fast","Pedestrian gate <No.17 padlock>, concrete steps & handrail down to lineside. Limited parking.",""
"110150896","CBR2","45.0","QS","","45.0","1100","","MAP","","405267.0","300487.9","Southfield Close","HSJ7","","","","","","","","","","","110150896","2021-08-13","","NRAIL","","","","","Up Main/Fast","Pedestrian Access onto Up side/ Care to be taken at night due to no lighting and step down to gate.",""
"120001383","CBR2","46.1711","QS","","46.1711","2100","","MAP","","","","Cartbridge lane South Access","HSJ7","","","","","","","","","pedestrian access","","120001383","2025-07-24","","","","","","","Down Main/Fast","Cartbridge lane South access , single access gate with no17 padlock. GRP walking route to track to Down side CBR2 - What3words - proof.forget.rather",""
"50144360","CBR2","47.0572","QS","","47.0572","1100","","MAP","","401689.0","299707.0","Mill Lane <Overbridge No. 76>","HSJ7","","","","","","","","","","","50144360","2023-05-31","","NRAIL","","","","","Up Main/Fast","ACCESS CLOSED DUE TO THEFT,VANDALISM AND TRESPASS. Entrance to ""Walsall M.B.C. Mill Lane"". Vehicle access barred, limited parking on road. Pedestrian access to vehicular gates <no padlock>. Gates unlocked. Suffers from fly-tipping.",""
"50461585","CBR2","40.022","QS","","40.022","2100","","MAR","","411762.0","296772.0","Sutton Park Old Station","HSJ6","","","","","","","","","","","50461585","2011-06-08","","AMEY","","","","","Down Main/Fast","Off Upper Clifton Road, drive down former station approach via white gated <no padlock> access to open area. Vehicular gates to lineside <no padlock>. Parking available.",""
"110171735","CBR2","47.1016","QS","","47.1016","1100","","MAR","","401476.5","299438.6","NORTH STREET - RYCROFT JUNCTION","HSJ7","","","","","","","","","","","110171735","2021-03-12","","NRAIL","","","","","Up Main/Fast","Authorised Access Point - Road Rail Machines.      Existing access point, already in NHD under RRN1, needs adding for this ELR",""
"50144389","CBR2","38.132","QS","","38.132","2100","","MAV","","412682.0","294934.0","East View Road","HSJ6","","","","","","","","","","","50144389","2011-03-24","","AMEY","","","","","Down Main/Fast","Two vehicular gates <both No.17 padlocks> 40 yards apart, off road allowing ingress, parking for six vehicles and egress.",""
"50144403","CBR2","46.044","QS","","46.044","2100","","MAV","","403244.0","300221.0","Park Road <Overbridge No. 64>","HSJ7","","","","","","","","","","","50144403","2018-09-17","","NRAIL","","","","","Down Main/Fast","Through barrier along road. Vehicular gate on right at end of Park Road <No.17 padlock>. Open area foe parking, concrete steps & handrail down to lineside.",""
"40621406","CMD1","8.0983","QS","","8.0983","1100","","MAP","","386791.2","361850.9","Cottages - Moss road Congleton North","HSJ0","","","","","","","","","","","40621406","2021-09-08","","NRAIL","","","","","Up Main/Fast"," ","SJ 86791 61850"
"110173626","CMD1","9.0737","QS","","9.0737","2100","","MAP","","386009.2","360710.0","Dodds Lane OBr.41","HSJ0","","","","","","","","","","","110173626","2021-09-09","","NRAIL","","","","","Down Main/Fast","","SJ 86009 60709"
"40621421","CMD1","9.1538","QS","","9.1538","2100","","MAP","","385631.2","360084.7","Watery Lane Obr.43","HSJ0","","","","","","","","","","","40621421","2024-04-09","","NRAIL","","","","","Down Main/Fast"," ","SJ 85631 60084"
"40637624","CMD1","10.1274","QS","","10.1274","1100","","MAP","","384906.2","358921.3","Ackers Crossing Up Main","HSJ0","","","","","","","","","","","40637624","2021-09-08","","NRAIL","","","","","Up Main/Fast"," ","SJ 84906 58921"
"40637625","CMD1","10.1279","QS","","10.1279","2100","","MAP","","384896.0","358921.1","Ackers Crossing Down Main","HSJ0","","","","","","","","","","","40637625","2021-09-08","","NRAIL","","","","","Down Main/Fast"," ","SJ 84896 58921"
"40621443","CMD1","12.0643","QS","","12.0643","2100","","MAP","","383594.1","356641.4","Little Moss Lane Ubr.51","HSJ0","","","","","","","","","","","40621443","2021-09-08","","NRAIL","","","","","Down Main/Fast"," ","SJ 83594 56641"
"40621446","CMD1","12.1454","QS","","12.1454","1100","","MAP","","383531.1","355901.9","Moss Lane OBr.52","HSJ0","","","","","","","","","","","40621446","2021-09-08","","NRAIL","","","","","Up Main/Fast"," ","SJ 83531 55901"
"40621448","CMD1","13.0068","QS","","13.0068","1100","","MAP","","383550.7","355560.5","Knowsley Lane OBr.53","HSJ0","","","","","","","","","","","40621448","2021-09-08","","NRAIL","","","","","Up Main/Fast"," ","SJ 83550 55560"
"40637627","CMD1","13.1443","QS","","13.1443","1100","","MAP","","383736.5","354334.3","Kidsgrove SB / Junction","HSJ0","","","","","","","","","","","40637627","2021-09-08","","NRAIL","","","","","Up Main/Fast"," ","SJ 83736 54334"
"110173654","CMD1","14.0277","QS","","14.0277","1100","","MAP","","383941.2","353836.7","Flying Shores","HSJ0","","","","","","","","","","","110173654","2022-01-06","","NRAIL","","","","","Up Main/Fast","","SJ 83941 53836"
"40621466","CMD1","14.0681","QS","","14.0681","2100","","MAP","","383904.1","353470.9","Bathpool Park Br.62B","HSJ0","","","","","","","","","","","40621466","2021-09-08","","NRAIL","","","","","Down Main/Fast"," ","SJ 83904 53470"
"40621468","CMD1","14.0978","QS","","14.0978","2100","","MAP","","383840.1","353205.8","Bathpool Reservoir OBr.62C","HSJ0","","","","","","","","","","","40621468","2021-09-08","","NRAIL","","","","","Down Main/Fast"," ","SJ 83840 53205"
"110173627","CMD1","15.0239","QS","","15.0239","2100","","MAP","","383873.0","352283.7","Harecastle Bathpool Park","HSJ0","","","","","","","","","","","110173627","2021-09-09","","NRAIL","","","","","Down Main/Fast","","SJ 83873 52283"
"40621475","CMD1","15.0703","QS","","15.0703","1100","","MAP","","384109.4","351934.7","Peakcock Hay Rd O/Br 62F","HSJ0","","","","","","","","","","","40621475","2022-01-06","","CARILL","","","","","Up Main/Fast","","SJ 84109 51934"
"40621455","CMD1","13.0932","QS","","13.0932","2100","","MAR","","383586.4","354775.9","Liverpool Rd Tesco Carpark RRV Down main","HSJ0","","","","","","","","","","","40621455","2021-09-08","","NRAIL","","","","","Down Main/Fast"," ","SJ 83586 54775"
"40621457","CMD1","13.0932","QS","","13.0932","1100","","MAR","","383589.9","354776.3","Liverpool Rd Tesco Carpark RRV Up main","HSJ0","","","","","","","","","","","40621457","2021-09-08","","NRAIL","","","","","Up Main/Fast"," ","SJ 83589 54776"
"40621413","CMD1","9.0347","QS","","9.0347","1100","","MAV","","386184.7","361021.8","The Flash Mow Cop","HSJ0","","","","","","","","","","","40621413","2021-09-08","","NRAIL","","","","","Up Main/Fast"," ","SJ 86184 61021"
"40621440","CMD1","11.1535","QS","","11.1535","2100","","MAV","","383923.7","357358.9","Mount Pleasant Br - Horse Landing","HSJ0","","","","","","","","","","","40621440","2021-09-08","","NRAIL","","","","","Down Main/Fast"," ","SJ 83923 57358"
"110147018","CMD1","13.0784","QS","","13.0784","1100","","MAV","","383572.6","354909.5","Gloucester Rd / Kidsgrove TSC 25Kv Sub","HSJ0","","","","","","","","","","","110147018","2021-09-08","","NRAIL","","","","","Up Main/Fast","Address:Gloucester Rd:ST7 1EL Details: Gloucester Rd, Opposite Whitehall Avenue OS GRID REF . SJ 836 548","SJ 83572 54909"
"40621471","CMD1","14.1623","QS","","14.1623","2100","","MAV","","383801.0","352619.3","Bathpool Park Blue Cabin","HSJ0","","","","","","","","","","","40621471","2021-09-08","","NRAIL","","","","","Down Main/Fast"," ","SJ 83801 52619"
"110175075","CMD1","11.0652","QS","","11.0652","2100","","MAX","","384405.2","358008.1","Mow Cop Level crossing RRV Up Main","HSJ0","","","","","","","","","","","110175075","2021-12-09","","NRAIL","","","","","Down Main/Fast","","SJ 84405 58008"
"110175076","CMD1","11.0652","QS","","11.0652","1100","","MAX","","384408.9","358005.4","Mow Cop Level crossing RRV Down Main","HSJ0","","","","","","","","","","","110175076","2021-12-09","","NRAIL","","","","","Up Main/Fast","","SJ 84408 58005"
"40621485","CMD2","16.0293","QS","","16.0293","1100","","MAP","","385105.9","350822.6","Chatterley Valley Steamer bridge","HSJ0","","","","","","","","","","","40621485","2021-09-08","","NRAIL","","","","","Up Main/Fast"," ","SJ 85105 50822"
"40621492","CMD2","16.0956","QS","","16.0956","2900","","MAP","","385240.6","350231.8","Chemical lane <north end>","HSJ0","","","","","","","","","","","40621492","2021-09-08","","NRAIL","","","","","Down Siding"," ","SJ 85240 50231"
"40621494","CMD2","16.1335","QS","","16.1335","2900","","MAP","","385326.5","349890.8","LongPort Yard Chemical lane","HSJ0","","","","","","","","","","","40621494","2021-09-08","","NRAIL","","","","","Down Siding"," ","SJ 85326 49890"
"40621502","CMD2","17.0804","QS","","17.0804","1100","","MAP","","385941.6","348956.7","Mc Guinness""s / Longport Junction","HSJ0","","","","","","","","","","","40621502","2021-09-08","","NRAIL","","","","","Up Main/Fast"," ","SJ 85941 48956"
"40621517","CMD2","19.0417","QS","","19.0417","2300","","MAP","","387036.2","346382.4","Cockshutes ind estate","HSJ0","","","","","","","","","","","40621517","2021-09-08","","NRAIL","","","","","Down Goods"," ","SJ 87036 46382"
"40637636","CMD2","20.0173","QS","","20.0173","1100","","MAP","","388073.2","345476.0","Glebe Street","HSJ0","","","","","","","","","","","40637636","2021-09-08","","NRAIL","","","","","Up Main/Fast"," ","SJ 88073 45476"
"40621551","CMD2","21.0009","QS","","21.0008","1100","","MAP","","388175.3","344070.3","Sideway ","HSJ0","","","","","","","","","","","40621551","2025-04-14","","NRAIL","","","","","Up Main/Fast"," ","SJ 88175 44070"
"40621553","CMD2","21.0074","QS","","21.0074","2901","","MAP","","388145.4","344020.0","Marcroft / California sidings","HSJ0","","","","","","","","","","","40621553","2021-09-08","","NRAIL","","","","",""," ","SJ 88145 44020"
"40621556","CMD2","21.1117","QS","","21.1117","1100","","MAP","","388173.2","343081.3","Britannia Stadium","HSJ0","","","","","","","","","","","40621556","2024-04-09","","NRAIL","","","","","Up Main/Fast","","SJ 88173 43081"
"40621560","CMD2","22.0811","QS","","22.0811","1100","","MAP","","388334.1","341751.6","Trentham Old station Ped","HSJ0","","","","","","","","","","","40621560","2021-09-08","","NRAIL","","","","","Up Main/Fast"," ","SJ 88334 41751"
"40621578","CMD2","23.167","QS","","23.167","1100","","MAP","","388608.0","339391.0","Wedgwood Station North","HSJ0","","","","","","","","","","","40621578","2024-04-09","","CARILL","","","","","Up Main/Fast","",""
"40621582","CMD2","23.1681","QS","","23.1681","2100","","MAP","","388610.0","339382.0","Wedgwood Station North","HSJ0","","","","","","","","","","","40621582","2024-04-09","","CARILL","","","","","Down Main/Fast","",""
"40621583","CMD2","23.1681","QS","","23.1681","1100","","MAP","","388610.0","339382.0","Wedgwood Station North","HSJ0","","","","","","","","","","","40621583","2024-04-09","","CARILL","","","","","Up Main/Fast","",""
"40621596","CMD2","25.0209","QS","","25.0209","2100","","MAP","","388867.0","337531.5","Gasworks Meaford Br.103","HSJ0","","","","","","","","","","","40621596","2021-09-08","","NRAIL","","","","","Down Main/Fast"," ","SJ 88866 37531"
"40621611","CMD2","26.0584","QS","","26.0584","2100","","MAP","","389173.5","335640.8","The locks - Wash Dale Lane Br.107","HSJ0","","","","","","","","","","","40621611","2021-09-08","","NRAIL","","","","","Down Main/Fast"," ","SJ 89173 35640"
"40621616","CMD2","26.1053","QS","","26.1053","2100","","MAP","","389258.5","335216.7","Mount Rd Br.110","HSJ0","","","","","","","","","","","40621616","2021-09-08","","NRAIL","","","","","Down Main/Fast"," ","SJ 89258 35216"
"40637641","CMD2","27.0173","QS","","27.0173","2900","","MAP","","389691.3","334550.2","Stone Station - old foot crossing","HSJ0","","","","","","","","","","","40637641","2021-09-08","","NRAIL","","","","","Down Siding"," ","SJ 89691 34550"
"40621626","CMD2","27.1079","QS","","27.1079","1100","","MAP","","390359.8","334076.2","Granville Terrace","HSJ0","","","","","","","","","","","40621626","2021-09-08","","NRAIL","","","","","Up Main/Fast"," ","SJ 90359 34076"
"40621635","CMD2","28.034","QS","","28.034","2100","","MAP","","391063.5","333466.2","Pingle Lane O/Br 115","HSJ0","","","","","","","","","","","40621635","2021-09-08","","NRAIL","","","","","Down Main/Fast"," ","SJ 91063 33466"
"110173656","CMD2","29.1194","QS","","29.1194","1100","","MAP","","392471.2","331553.8","Butterhill Bank","HSJ0","","","","","","","","","","","110173656","2021-09-09","","NRAIL","","","","","Up Main/Fast","","SJ 92471 31553"
"110173562","CMD2","29.1474","QS","","29.1474","2100","","MAP","","392629.3","331352.1","Carr House Ubr.121A","HSJ0","","","","","","","","","","","110173562","2024-04-09","","NRAIL","","","","","Down Main/Fast","","SJ 92629 31352"
"40621666","CMD2","30.158","QS","","30.158","2100","","MAP","","393733.7","330068.2","Burston bridge O/BR 125","HSJ0","","","","","","","","","","","40621666","2021-09-08","","NRAIL","","","","","Down Main/Fast"," ","SJ 93733 30068"
"110173657","CMD2","31.1249","QS","","31.1249","1100","","MAP","","394720.9","329215.0","Dog & Dublet","HSJ0","","","","","","","","","","","110173657","2024-04-09","","NRAIL","","","","","Up Main/Fast","","SJ 94720 29215"
"40621687","CMD2","33.0405","QS","","33.0405","1100","","MAP","","396690.3","327853.7","Wildlife Barn Br.129","HSJ0","","","","","","","","","","","40621687","2021-09-08","","NRAIL","","","","","Up Main/Fast"," ","SJ 96690 27853"
"40621712","CMD2","36.0373","QS","","36.0373","1100","","MAP","","399782.6","324415.1","Farley Bridge U/BR137","HSJ0","","","","","","","","","","","40621712","2021-09-08","","NRAIL","","","","","Up Main/Fast"," ","SJ 99782 24415"
"110173545","CMD2","37.0168","QS","","37.0168","1100","","MAP","","399628.0","323020.2","Mill Lane","HSJ0","","","","","","","","","","","110173545","2021-09-08","","NRAIL","","","","","Up Main/Fast","","SJ 99627 23020"
"40621723","CMD2","37.0612","QS","","37.0612","2100","","MAP","","399638.1","322614.9","Trent Ln Tea Room Clifford Arm U/Br.141","HSJ0","","","","","","","","","","","40621723","2021-09-08","","NRAIL","","","","","Down Main/Fast"," ","SJ 99638 22614"
"40621730","CMD2","38.0566","QS","","38.0566","1100","","MAP","","400432.1","321345.9","Meadon Lane Br.143","HSJ0","","","","","","","","","","","40621730","2021-09-08","","NRAIL","","","","","Up Main/Fast"," ","SK 00432 21345"
"50143693","CMD2","38.1312","QS","","38.1312","1100","","MAP","","401065.2","321254.8","Colwich Signal Box","HSJ0","","","","","","","","","","","50143693","2021-09-08","","NRAIL","","","","","Up Main/Fast"," ","SK 01065 21254"
"110175049","CMD2","19.1553","QS","","19.1553","1100","","MAPE","","387864.3","345758.9","Stoke Plat 3 LowEnd","HSJ0","","","","","","","","","","","110175049","2021-12-09","","NRAIL","","","","","Up Main/Fast","","SJ 87864 45758"
"40621531","CMD2","19.1561","QS","","19.1561","2100","","MAPE","","387859.1","345744.6","Stoke Plat 2 LowEnd","HSJ0","","","","","","","","","","","40621531","2023-05-31","","NRAIL","","","","","Down Main/Fast","","SJ 87859 45744"
"110175050","CMD2","20.0097","QS","","20.0097","1100","","MAPE","","388036.3","345537.5","Stoke Plat 3 HighEnd","HSJ0","","","","","","","","","","","110175050","2021-12-09","","NRAIL","","","","","Up Main/Fast","","SJ 88036 45537"
"110175048","CMD2","20.0112","QS","","20.0112","2100","","MAPE","","388034.3","345518.4","Stoke Plat 2 HighEnd","HSJ0","","","","","","","","","","","110175048","2021-12-09","","NRAIL","","","","","Down Main/Fast","","SJ 88034 45518"
"110173559","CMD2","19.1186","QS","","19.1186","1902","","MAR","","387619.7","345994.8","North West Yard RRV","HSJ0","","","","","","","","","","","110173559","2021-09-09","","NRAIL","","","","","","","SJ 87619 45994"
"110173560","CMD2","20.013","QS","","20.013","2100","","MAR","","388046.1","345506.5","Stoke Station RRV Down","HSJ0","","","","","","","","","","","110173560","2021-09-09","","NRAIL","","","","","Down Main/Fast","","SJ 88046 45506"
"110173561","CMD2","20.013","QS","","20.013","1100","","MAR","","388050.1","345509.2","Stoke Station Car Park RRV Up","HSJ0","","","","","","","","","","","110173561","2021-09-09","","NRAIL","","","","","Up Main/Fast","","SJ 88050 45509"
"40621562","CMD2","22.1206","QS","","22.1206","1100","","MAR","","388368.0","341389.9","Trentham Old station RRV UP side","HSJ0","","","","","","","","","","","40621562","2021-09-08","","NRAIL","","","","","Up Main/Fast"," ","SJ 88368 41389"
"110173937","CMD2","22.1206","QS","","22.1206","2100","","MAR","","388364.6","341389.6","Trentham Old station RRV DN side","HSJ0","","","","","","","","","","","110173937","2021-09-16","","NRAIL","","","","","Down Main/Fast","","SJ 88364 41389"
"40621659","CMD2","30.0426","QS","","30.0426","1100","","MAR","","393038.6","330845.1","Lovers lane UF RRV","HSJ0","","","","","","","","","","","40621659","2021-09-22","","NRAIL","","","","","Up Main/Fast"," ","SJ 93038 30845"
"110174031","CMD2","30.0426","QS","","30.0426","2100","","MAR","","393035.6","330843.5","Lovers Lane DF RRV","HSJ0","","","","","","","","","","","110174031","2021-09-17","","NRAIL","","","","","Down Main/Fast"," ","SJ 93035 30843"
"110173564","CMD2","34.0013","QS","","34.0013","2100","","MAR","","397745.5","327194.5","Weston Old Station 132A - Down side","HSJ0","","","","","","","","","","","110173564","2024-04-09","","NRAIL","","","","","Down Main/Fast","","SJ 97745 27194"
"40621697","CMD2","34.0014","QS","","34.0014","1100","","MAR","","397748.3","327196.4","Weston Old Station 132A - Up side","HSJ0","","","","","","","","","","","40621697","2024-04-09","","NRAIL","","","","","Up Main/Fast"," ","SJ 97748 27196"
"40621704","CMD2","35.0448","QS","","35.0448","2100","","MAR","","399225.1","325836.7","Hixon LX Down","HSJ0","","","","","","","","","","","40621704","2021-09-08","","NRAIL","","","","","Down Main/Fast"," ","SJ 99225 25836"
"110173563","CMD2","35.045","QS","","35.045","1100","","MAR","","399228.7","325837.7","Hixon LX Up","HSJ0","","","","","","","","","","","110173563","2021-09-09","","NRAIL","","","","","Up Main/Fast","","SJ 99228 25837"
"40621497","CMD2","16.1583","QS","","16.1583","2907","","MAV","","385411.2","349679.0","Chemical Lane <LONGPORT REB>","HSJ0","","","","","","","","","","","40621497","2021-09-08","","NRAIL","","","","",""," ","SJ 85411 49678"
"40637628","CMD2","18.0922","QS","","18.0922","4900","","MAV","","386428.0","347358.0","GRANGE JUNCTION, ETRURIA","HSJ0","","","","","","","","","Access Point ","","40637628","2025-04-14","","NRAIL","","","","","MGR Siding"," ","SJ 86341 47710"
"40637631","CMD2","19.0449","QS","","19.0449","1903","","MAV","","387071.4","346376.5","Cliffe Vale - Skip Yard North","HSJ0","","","","","","","","","","","40637631","2021-09-08","","NRAIL","","","","",""," ","SJ 87071 46376"
"120000709","CMD2","19.0461","QS","","19.0463","4900","","MAV","","387174.0","346343.0","SHELTON NEW ROAD","HSJ0","","","","","","","","","Access Point ","","120000709","2025-04-14","","","","","","","MGR Siding","This involves going through a scrapyard.",""
"110173558","CMD2","19.0491","QS","","19.0491","2902","","MAV","","386959.0","346203.5","Clay Depot","HSJ0","","","","","","","","","","","110173558","2021-09-09","","NRAIL","","","","","","","SJ 86958 46203"
"40621519","CMD2","19.0737","QS","","19.0737","2300","","MAV","","387257.9","346194.3","Newcastle Junc - Cockshutes Ind Est DS","HSJ0","","","","","","","","","","","40621519","2021-09-08","","NRAIL","","","","","Down Goods"," ","SJ 87257 46194"
"40621526","CMD2","19.1356","QS","","19.1356","2100","","MAV","","387725.3","345875.3","Vernon Rd","HSJ0","","","","","","","","","","","40621526","2021-09-08","","NRAIL","","","","","Down Main/Fast"," ","SJ 87725 45875"
"110173655","CMD2","20.0112","QS","","20.0112","1100","","MAV","","388043.8","345525.7","Station Road/Office Buildings","HSJ0","","","","","","","","","","","110173655","2021-09-09","","NRAIL","","","","","Up Main/Fast","","SJ 88043 45525"
"40621541","CMD2","20.0764","QS","","20.0764","1100","","MAV","","388262.2","344967.7","City Rd / Stoke Junction CMD2 Br.92","HSJ0","","","","","","","","","","","40621541","2021-09-08","","NRAIL","","","","","Up Main/Fast"," ","SJ 88262 44967"
"40621564","CMD2","22.1485","QS","","22.1485","1100","","MAV","","388396.3","341143.9","Trentham Old station Br.100 Veh","HSJ0","","","","","","","","","","","40621564","2021-09-08","","NRAIL","","","","","Up Main/Fast"," ","SJ 88396 41143"
"40621618","CMD2","26.1542","QS","","26.1542","2100","","MAV","","389462.3","334818.1","Whitebridge ind Est","HSJ0","","","","","","","","","","","40621618","2021-09-08","","NRAIL","","","","","Down Main/Fast"," ","SJ 89462 34818"
"110173636","CMD2","27.0274","QS","","27.0274","2900","","MAV","","389755.3","334486.7","Stone Station Sidings","HSJ0","","","","","","","","","","","110173636","2021-09-09","","NRAIL","","","","","Down Siding","","SJ 89755 34486"
"40637645","CMD2","28.1385","QS","","28.1385","2100","","MAV","","391653.8","332723.7","ASTON BY STONE LC DN","HSJ0","","","","","","","","","","","40637645","2022-01-11","","NRAIL","","","","","Down Main/Fast","","SJ 91653 32723"
"40621662","CMD2","30.0486","QS","","30.0486","1100","","MAV","","393070.5","330800.6","Burston <Lovers Lane>","HSJ0","","","","","","","","","","","40621662","2021-09-08","","NRAIL","","","","","Up Main/Fast"," ","SJ 93070 30800"
"40621682","CMD2","32.0833","QS","","32.0833","1100","","MAV","","395574.1","328336.2","Sandon Sawmill - Wood Yard","HSJ0","","","","","","","","","","","40621682","2021-09-08","","NRAIL","","","","","Up Main/Fast"," ","SJ 95574 28336"
"40637646","CMD2","33.0931","QS","","33.0931","1100","","MAV","","397104.2","327606.7","Sandy Lane/Vets - Highfields","HSJ0","","","","","","","","","","","40637646","2021-09-08","","NRAIL","","","","","Up Main/Fast"," ","SJ 97104 27606"
"40621708","CMD2","35.1532","QS","","35.1532","1100","","MAV","","399667.1","324953.7","Pasture fields / Ed Weetmans","HSJ0","","","","","","","","","","","40621708","2021-09-08","","NRAIL","","","","","Up Main/Fast"," ","SJ 99667 24953"
"110147033","CMD2","38.1008","QS","","38.1008","1100","","MAV","","400803.1","321202.9","Colwich SATS PWAY Yard","HSJ0","","","","","","","","","","","110147033","2021-09-08","","NRAIL","","","","","Up Main/Fast","Address:Main Rd:ST17 0XD Details: Off A51, Main Rd, Left after Cross Heads<Right>~ OS GRID REF SK 008 212","SK 00803 21202"
"40621579","CMD2","23.1672","QS","","23.1672","1100","","MAX","","388610.4","339390.2","Wedgwood Level Xing","HSJ0","","","","","","","","","","","40621579","2024-04-09","","NRAIL","","","","","Up Main/Fast","","SJ 88610 39390"
"40637638","CMD2","24.109","QS","","24.109","1100","","MAX","","388803.5","338331.1","Barlaston Level Xing RRV Upside","HSJ0","","","","","","","","","","","40637638","2023-05-31","","NRAIL","","","","","Up Main/Fast","","SJ 88803 38331"
"40637639","CMD2","24.109","QS","","24.109","2100","","MAX","","388800.4","338330.5","Barlaston Level Xing RRV Downside","HSJ0","","","","","","","","","","","40637639","2023-05-31","","GTRM","","","","","Down Main/Fast","","SJ 88800 38330"
"40637642","CMD2","27.0375","QS","","27.0375","1100","","MAX","","389834.0","334440.6","MEAFORD LC UP","HSJ0","","","","","","","","","","","40637642","2024-04-09","","NRAIL","","","","","Up Main/Fast","","SJ 89834 34440"
"40637643","CMD2","27.0381","QS","","27.0381","2100","","MAX","","389835.4","334434.3","MEAFORD LC DN","HSJ0","","","","","","","","","","","40637643","2024-04-09","","NRAIL","","","","","Down Main/Fast","","SJ 89835 34434"
"110175071","CMD2","27.1382","QS","","27.1382","2100","","MAX","","390565.8","333891.4","Chruch Street LX Down","HSJ0","","","","","","","","","","","110175071","2021-12-09","","NRAIL","","","","","Down Main/Fast","","SJ 90565 33891"
"110175072","CMD2","27.1382","QS","","27.1382","1100","","MAX","","390568.6","333894.0","Church Street LX. Up","HSJ0","","","","","","","","","","","110175072","2024-04-09","","NRAIL","","","","","Up Main/Fast","","SJ 90568 33893"
"40637644","CMD2","28.1384","QS","","28.1384","1100","","MAX","","391656.0","332726.2","ASTON BY STONE LC UP","HSJ0","","","","","","","","","","","40637644","2024-04-09","","NRAIL","","","","","Up Main/Fast","","SJ 91656 32726"
"110179811","CNN","9.1253","QS","","9.1253","2200","","MA","","","","Cooper Street","HSJ0","","","","","","","","","","","110179811","2023-01-24","","","","","","","Down Slow","WCN6584",""
"50144324","CNN","0.1018","QS","","0.1018","1100","","MAP","","432217.0","278940.0","Sovereign Road Subway <Br.40>","HSJ7","","","","","","","","","NP","","50144324","2020-01-31","","NRAIL","","","","","Up Main/Fast","Parking in Sovereign Road, walk through subway to pedestrian gate <No.17 padlock> on your left. No steps/handrail.",""
"110171796","CNN","0.1457","QS","","0.1457","2100","","MAP","","432297.0","279331.8","Holyhead Road, B&Q Coventry","HSJ7","","","","","","","","","","","110171796","2021-03-18","","NRAIL","","","","","Down Main/Fast","No.17 padlock, single access gate. Limited parking.   LAT=52.4110572   LONG=-1.5266124",""
"50115679","CNN","1.0078","QS","","1.0078","1100","","MAP","","432477.0","279544.0","Coundon Road","HSJ7","","","","","","","","","PED","","50115679","2021-06-22","","NRAIL","","","","","Up Main/Fast","Access Point gives access to Down Side on CNN <no need to cross lines when walking to FTN TEC COUA which is located 150m towards Coventry>",""
"110171795","CNN","2.0088","QS","","2.0088","2100","","MAP","","281581.2","279454.6","Holbrook Lane","HSJ7","","","","","","","","","Access Gate ","","110171795","2025-07-21","","NRAIL","","","","","Down Main/Fast","Rear of Retail Park. No.17 padlock and steps to the track.  LAT=52.431197    LONG=-1.5062298",""
"110171797","CNN","2.1115","QS","","2.1115","2100","","MAP","","433751.2","281781.9","Dunbar Avenue","HSJ7","","","","","","","","","","","110171797","2021-03-18","","NRAIL","","","","","Down Main/Fast","Single gate No.17 lock, access under Holbrook Lane Bridge.    LAT=52.4329961   LONG=-1.5049898",""
"50144326","CNN","3.0457","QS","","3.0457","2900","","MAP","","434108.0","282694.0","Lythalls Lane, Three Spires Junction","HSJ7","","","","","","","","","NP","","50144326","2021-06-21","","NRAIL","","","","","Down Siding","Pedestrian gate at bridge on down side <No.17 padlock>. Concrete steps & handrail down to siding line. Street parking available.",""
"110144305","CNN","3.155","QS","","3.155","2100","","MAP","","434104.7","282714.0","Three Spires Lane","HSJ0","","","","","","","","","","","110144305","2021-08-13","","NRAIL","","","","","Down Main/Fast","Authorised Access Point. Rugby Nuneaton Remodelling Project EE39-NUA-DM-SCH-005079",""
"110175080","CNN","3.1603","QS","","3.1603","2100","","MAP","","434586.9","283647.7","Judds Lane Footbridge","HSJ0","","","","","","","","","","","110175080","2021-12-09","","NRAIL","","","","","Down Main/Fast","","SP 34586 83647"
"110173604","CNN","4.0325","QS","","4.0325","1100","","MAP","","434797.0","284035.7","Sydhall Road","HSJ0","","","","","","","","","","","110173604","2021-09-09","","NRAIL","","","","","Up Main/Fast","","SP 34796 84035"
"110141640","CNN","5.0912","QS","","5.0912","2100","","MAP","","436225.0","285621.0","MURCO SIDINGS","HSJ0","","","","","","","","","","","110141640","2011-03-24","","NRAIL","","","","","Down Main/Fast","NEW PEDESTRIAN ACCESS",""
"110173605","CNN","6.1573","QS","","6.1573","2100","","MAP","","436141.9","287798.1","Marston Lane CNN","HSJ0","","","","","","","","","","","110173605","2021-09-09","","NRAIL","","","","","Down Main/Fast","","SP 36141 87798"
"110173608","CNN","7.0162","QS","","7.0162","1100","","MAP","","436107.1","288117.7","Queen Marys Road","HSJ0","","","","","","","","","","","110173608","2021-09-09","","NRAIL","","","","","Up Main/Fast","","SP 36107 88117"
"110173609","CNN","7.1024","QS","","7.1024","2100","","MAP","","435991.5","288896.4","Gipsy Lane CNN","HSJ0","","","","","","","","","","","110173609","2021-09-09","","NRAIL","","","","","Down Main/Fast","","SP 35991 88896"
"110173610","CNN","8.065","QS","","8.065","1100","","MAP","","435891.9","290154.1","Middlemarch Road","HSJ0","","","","","","","","","","","110173610","2021-09-09","","NRAIL","","","","","Up Main/Fast","","SP 35891 90154"
"110144964","CNN","8.145","QS","","8.145","1100","","MAP","","436186.2","290811.0","Coventry Road","HSJ0","","","","","","","","","","","110144964","2021-09-08","","NRAIL","","","","","Up Main/Fast","Up Coventry steps up to track.","SP 36186 90811"
"110173611","CNN","9.0545","QS","","9.0545","1100","","MAP","","436703.9","291398.4","Attleborough Road","HSJ0","","","","","","","","","","","110173611","2021-09-09","","NRAIL","","","","","Up Main/Fast","","SP 36703 91398"
"110175038","CNN","3.1169","QS","","3.1169","2100","","MAPE","","434411.7","283300.5","Coventry Arena Plat1 Low","HSJ0","","","","","","","","","","","110175038","2021-12-09","","NRAIL","","","","","Down Main/Fast","","SP 34411 83300"
"110175036","CNN","3.1179","QS","","3.1179","1100","","MAPE","","434421.2","283305.6","Coventry Arena Plat2 Low","HSJ0","","","","","","","","","","","110175036","2021-12-09","","NRAIL","","","","","Up Main/Fast","","SP 34421 83305"
"110175037","CNN","3.1266","QS","","3.1266","2100","","MAPE","","434452.2","283379.8","Coventry Arena Plat1 High","HSJ0","","","","","","","","","","","110175037","2021-12-09","","NRAIL","","","","","Down Main/Fast","","SP 34452 83379"
"110175079","CNN","3.1358","QS","","3.1358","1100","","MAPE","","434495.2","283451.3","Coventry Arena Plat2 High","HSJ0","","","","","","","","","","","110175079","2021-12-09","","NRAIL","","","","","Up Main/Fast","","SP 34495 83451"
"110175051","CNN","6.0691","QS","","6.0691","2100","","MAPE","","436249.2","287011.6","Bedworth Plat 1 HighEnd","HSJ0","","","","","","","","","","","110175051","2021-12-09","","NRAIL","","","","","Down Main/Fast","","SP 36249 87011"
"110175052","CNN","6.0692","QS","","6.0692","1100","","MAPE","","436259.7","287013.7","Bedworth Plat 2 HighEnd","HSJ0","","","","","","","","","","","110175052","2021-12-09","","NRAIL","","","","","Up Main/Fast","","SP 36259 87013"
"110175054","CNN","8.004","QS","","8.004","2100","","MAPE","","435895.9","289595.1","Bermuda Park Plat1 Low","HSJ0","","","","","","","","","","","110175054","2021-12-09","","NRAIL","","","","","Down Main/Fast","","SP 35895 89595"
"110175055","CNN","8.004","QS","","8.004","1100","","MAPE","","435905.4","289596.5","Bermuda Park Plat2 Low","HSJ0","","","","","","","","","","","110175055","2021-12-09","","NRAIL","","","","","Up Main/Fast","","SP 35905 89596"
"110175053","CNN","8.0129","QS","","8.0129","1100","","MAPE","","435894.0","289677.7","Bermuda Park Plat2 High","HSJ0","","","","","","","","","","","110175053","2021-12-09","","NRAIL","","","","","Up Main/Fast","","SP 35893 89677"
"110175056","CNN","8.0129","QS","","8.0129","2100","","MAPE","","435884.7","289676.5","Bermuda Park Plat1 High","HSJ0","","","","","","","","","","","110175056","2021-12-09","","NRAIL","","","","","Down Main/Fast","","SP 35884 89676"
"110155361","CNN","0.1625","QS","","0.1625","1100","","MAR","","432390.4","279454.6","Stanier Avenue","HSJ7","","","","","","","","","RRV ACCESS","","110155361","2021-03-18","","NRAIL","","","","","Up Main/Fast","Residential area: residents of Stanier Avenue must be notified for any night time works at this access.  RRV ACCESS.  LAT=52.4121558   LONG=-1.5252277",""
"110122522","CNN","3.0986","QS","","3.0986","1100","","MAV","","434304.0","283081.0","Ricoh Arena","HSJ7","","","","","","","","","RRV","","110122522","2021-06-22","","NRAIL","","","","","Up Main/Fast","Access is gained off Tesco Car Park, turn left into deliveries road, then immediately left down the access road to meet Double Vehicular gates to track level, No.17 Padlock.",""
"50144330","CNN","4.154","QS","","4.154","1100","","MAV","","435564.0","284838.0","Hawkesbury Lane Level Crossing","HSJ0","","","","","","","","","NP","","50144330","2011-03-24","","AMEY","","","","","Up Main/Fast","Off Black Horse Road through gate into yard <No.17 padlock>. Parking available and vehicular access road running along up line to M6 motorway bridge.",""
"50480496","CNN","6.075","QS","","6.075","1100","","MAV","","436247.0","287066.0","Tintern Way","HSJ0","","","","","","","","","","","50480496","2011-03-24","","AMEY","","","","","Up Main/Fast","",""
"50144331","CNN","7.143","QS","","7.143","2100","","MAV","","435946.0","289265.0","Burmuda Industrial Estate <South>","HSJ0","","","","","","","","","NP","","50144331","2011-03-24","","AMEY","","","","","Down Main/Fast","A444 to island, take St Georges Way to Bermuda Industrial Estate, double vehicular gates on right side of road <No.17 padlock>. Parking for one vehicle on RT land, street parking also available.",""
"50144332","CNN","8.044","QS","","8.044","2100","","MAV","","435869.0","289965.0","Bermuda Ind. Est <North>","HSJ0","","","","","","","","","NP","","50144332","2023-05-31","","AMEY","","","","","Down Main/Fast","A444 to island, road <St. Georges Way> to Bermuda Industrial Estate. Follow road until it bends to left, double vehicle gates on right of road <no padlock>. Parking is available.",""
"110173607","CNN","9.0978","QS","","9.0978","2100","","MAV","","436793.3","291768.2","Glebe Road <Merricks Cabin>","HSJ0","","","","","","","","","","","110173607","2021-09-09","","NRAIL","","","","","Down Main/Fast","","SP 36793 91768"
"110175073","CNN","4.1577","QS","","4.1577","2100","","MAX","","435591.7","284857.6","Hawksburry Lane Level Crossing Up Side","HSJ0","","","","","","","","","","","110175073","2021-12-09","","NRAIL","","","","","Down Main/Fast","","SP 35591 84857"
"110175074","CNN","4.158","QS","","4.158","1100","","MAX","","435596.2","284856.2","Hawksburry Lane Level Crossing Down Side","HSJ0","","","","","","","","","","","110175074","2021-12-09","","NRAIL","","","","","Up Main/Fast","","SP 35596 84856"
"110146737","CRC2","5.121","QS","","5.1232","2100","","MAR","","527984.2","184317.2","Primrose Hill","HSJ9","","","","","","","","","","","110146737","2022-04-13","","NRAIL","","","","","Down Main/Fast","New RRAP Installed as part of NLRIP works",""
"110146738","CRC2","5.121","QS","","5.1232","1100","","MAR","","527984.2","184317.2","Primrose Hill","HSJ9","","","","","","","","","","","110146738","2022-04-13","","NRAIL","","","","","Up Main/Fast","New RRAP installed as part of NLRIP works",""
"110172971","CRC2","5.1562","QS","","5.1562","1800","","MAV","","527683.5","184306.8","Caden Yard North End CRC2","HSJ9","","","","","","","","","","","110172971","2021-08-13","","NRAIL","","","","","Up Other/Eng/Car","","TQ 27683 84306"
"110147499","CWJ","3.037","QS","","3.037","1100","","MAP","","525279.6","183486.3","Mallard Close Queens Park Sub","HSJ9","","","","","","","","","","","110147499","2021-08-13","","NRAIL","","","","","Up Main/Fast","Address:Mallard Close, Kilburn, London:NW6 6AZ Details: Mallard Close","TQ 25280 83486"
"110173513","CWJ","3.0821","QS","","3.0821","1100","","MAP","","524899.9","183325.7","Queens Park <South of sheds>","HSJ9","","","","","","","","","","","110173513","2021-09-08","","NRAIL","","","","","Up Main/Fast","","TQ 24899 83325"
"50143910","CWJ","3.1372","QS","","3.1372","2100","","MAP","","524430.2","183142.5","Travis perkings South","HSJ9","","","","","","","","","","","50143910","2021-09-15","","NRAIL","","","","","Down Main/Fast","Nature of Access: Main gate is private padlock <0208-960-3166> - railway double gate - No.7 padlock. First Line Approach and Line Speed: Up Slow. Up road normal flow of traffic right to left as viewed from access. 75mph. No heavy materials delivered by Hi-Ab to be STORED at this access. ALO control measures to be implemented when delivering to this access. Deliveries must be met.","TQ 24430 83142"
"50143886","CWJ","5.044","QS","","5.044","9999","","MAP","","522166.0","182916.0","High Street Harlesden North London Lines","HSJ9","","","","","","","","","NP","","50143886","2023-05-31","","GTRM","","","","","Unknown","Route to Access: Down Steps off Railway Bridge on High Street, Harlesden. Access to Track: Single Gate - No.7 Padlock. Nature of Access: Straight onto Track.",""
"110147512","CWJ","5.0516","QS","","5.0516","0","","MAP","","691351.8","571260.1","WILLESDEN DEPOT 25KV SUBSTATION","HSJ9","","","","","","","","","","","110147512","2022-04-13","","NRAIL","","","","","All/Multiple Tracks","Address:Station Approach, Willesden, London:NW10 4RB Details: Station Approach",""
"50435793","CWJ","5.0792","QS","","5.0792","2100","","MAP","","521847.0","182962.0","Willesden Junction Station","HSJ9","","","","","","","","","NP","","50435793","2011-03-24","","GTRM","","","","","Down Main/Fast","Nature of Access: DC Lines platforms, off platform ends. First Line Approach & Line Speed: DC Lines. 30mph.",""
"50501145","CWJ","5.088","QS","","5.088","2200","","MAP","","521767.0","182971.0","SPK-Wlsdn LL Jn","HSJ9","","","","","","","","","","","50501145","2011-03-24","","GTRM","","","","","Down Slow","Authorised Access Point",""
"110172974","CWJ","5.1053","QS","","5.1053","2100","","MAP","","521612.3","182996.9","Cattle Dock Pedstrian CWJ","HSJ9","","","","","","","","","","","110172974","2021-08-13","","NRAIL","","","","","Down Main/Fast","","TQ 21612 82996"
"110147488","CWJ","6.1648","QS","","6.1648","0","","MAP","","689030.6","571376.5","HARLESDEN DC SUBSTATION","HSJ9","","","","","","","","","","","110147488","2022-04-13","","NRAIL","","","","","All/Multiple Tracks","Address:First Drive, Harlesden, London:NW10 8LQ Details: First Drive",""
"110147491","CWJ","6.1648","QS","","6.1648","0","","MAP","","689022.4","571376.9","HARLESDEN SWITCH HOUSE 25KV SUBSTATION","HSJ9","","","","","","","","","","","110147491","2022-04-13","","NRAIL","","","","","All/Multiple Tracks","Address:Harley Road, Harlesden, London:NW10 7AA Details: Harley Road",""
"50435796","CWJ","7.0013","QS","","7.0013","2100","","MAP","","519680.4","184178.6","Stonebridge Park Station Blackmore Drive","HSJ9","","","","","","","","","NP","","50435796","2021-08-13","","NRAIL","","","","","Down Main/Fast","Nature of Access: Off BR private road. First Line Approach & Line Speed: Up & Down DC lines. 45mph.","TQ 19680 84178"
"50501158","CWJ","7.1601","QS","","7.1601","1100","","MAP","","518408.6","184760.2","Staion Grove Wembley DC Sub","HSJ9","","","","","","","","","","","50501158","2021-08-13","","NRAIL","","","","","Up Main/Fast","Address:Station Grove, Wembley, London:HA0 4AN Details: Station Grove","TQ 18408 84760"
"50143894","CWJ","7.1606","QS","","7.1606","1100","","MAP","","518401.0","184761.0","Wembley I/C Depot 1 - Brent","HSJ9","","","","","","","","","NP","","50143894","2011-03-24","","GTRM","","","","","Up Main/Fast","Nature of Access: Straight onto Track.",""
"50143874","CWJ","10.0044","QS","","10.0044","2100","","MAP","","517001.0","187881.0","Kenton Road","HSJ9","","","","","","","","","NP","","50143874","2023-05-31","","GTRM","","","","","Down Main/Fast","Route to Access: On Kenton Road. Access to Track: Double Gate - Gate is locked with private padlock. A key is retained at Willesden Mainline P/Way. Tel 0046307/8. **Use Kenton Station Access**.",""
"110173517","CWJ","10.0201","QS","","10.0201","2100","","MAP","","516923.1","188015.6","Northwick Ave","HSJ9","","","","","","","","","","","110173517","2021-09-08","","NRAIL","","","","","Down Main/Fast","","TQ 16923 88015"
"110173518","CWJ","10.1064","QS","","10.1064","2100","","MAP","","516439.5","188656.8","Francis Road","HSJ9","","","","","","","","","","","110173518","2021-09-08","","NRAIL","","","","","Down Main/Fast","","TQ 16439 88656"
"50501147","CWJ","11.0461","QS","","11.0461","2100","","MAP","","515616.7","189315.3","Marlborough Hill","HSJ9","","","","","","","","","","","50501147","2021-08-13","","NRAIL","","","","","Down Main/Fast","Authorised Access Point","TQ 15616 89315"
"110173520","CWJ","12.0367","QS","","12.0367","2100","","MAP","","514389.4","190215.1","Courtenay Drive","HSJ9","","","","","","","","","","","110173520","2021-09-08","","NRAIL","","","","","Down Main/Fast","","TQ 14389 90215"
"50143857","CWJ","12.0903","QS","","12.0903","2100","","MAP","","513991.7","190504.7","Headstone Lane South Down","HSJ9","","","","","","","","","NP","","50143857","2021-08-13","","NRAIL","","","","","Down Main/Fast","Nature of Access: Double Gate - Access locked from inside - No.7 Padlock - Must be opened via Headstone Lane Station. Vehicle. First Line Approach and Line Speed: Down D.C. 45mph.","TQ 13991 90504"
"110173529","CWJ","13.1008","QS","","13.1008","2100","","MAP","","512766.0","191686.4","Sylvia Avenue","HSJ9","","","","","","","","","Access Gate","","110173529","2024-12-05","","NRAIL","","","","","Down Main/Fast","Nature of Access: Single gate - No.7 padlock - access vis public foot path next to 39  sylvia avenue. Flat grass access on to the Down DC. POST code HA5 4QW","TQ 12765 91686"
"50501148","CWJ","14.0139","QS","","14.0139","2100","","MAP","","512278.1","192343.7","Oxhey Lane","HSJ9","","","","","","","","","","","50501148","2021-08-13","","NRAIL","","","","","Down Main/Fast","Address:Little Oxhey Lane, Hatch End, London:WD19 6DL Details: Little Oxhey Lane","TQ 12278 92343"
"50435807","CWJ","15.0693","QS","","15.0693","2100","","MAP","","511692.6","194363.6","Anthony Close","HSJ9","","","","","","","","","NP","","50435807","2021-08-13","","NRAIL","","","","","Down Main/Fast","Nature of Access: Gate - No.7 padlock - descending steps. First Line Approach & Line Speed: Down DC. Down roads normal flow of traffic right to left as viewed from access. 45mph.","TQ 11692 94363"
"110147479","CWJ","16.0633","QS","","16.0633","0","","MAP","","","","BUSHEY DC SUBSTATION","HSJ9","","","","","","","","","","","110147479","2023-05-31","","NRAIL","","","","","All/Multiple Tracks","Address:Eastbury Road, Bushey:WD19 4PN Details: Eastbury Road",""
"50435808","CWJ","16.1073","QS","","16.1073","1100","","MAP","","511127.6","195735.9","Watford Fields","HSJ9","","","","","","","","","NP","","50435808","2021-08-13","","NRAIL","","","","","Up Main/Fast","Nature of Access: Off Neal Street. First Line Approach & Line Speed: Up DC. 35 mph.","TQ 11127 95735"
"110173522","CWJ","16.1074","QS","","16.1074","2100","","MAP","","511117.9","195735.4","WiggenHall Rd","HSJ9","","","","","","","","","","","110173522","2021-09-08","","NRAIL","","","","","Down Main/Fast","","TQ 11117 95735"
"110173523","CWJ","16.1723","QS","","16.1723","2100","","MAP","","511442.5","196216.0","Water Lane","HSJ9","","","","","","","","","","","110173523","2021-09-08","","NRAIL","","","","","Down Main/Fast","","TQ 11442 96215"
"110147502","CWJ","17.0669","QS","","17.0669","1100","","MAP","","511368.9","196841.0","Radlett Rd BR.62","HSJ9","","","","","","","","","","","110147502","2021-08-13","","NRAIL","","","","","Up Main/Fast","Address:Radlett Road, Watford:WD17 2RH Details: Radlett Road","TQ 11368 96841"
"50143840","CWJ","17.1161","QS","","17.1161","3601","","MAP","","511100.1","197194.5","Watford MOMS Yard","HSJ9","","","","","","","","","NP","","50143840","2021-08-13","","NRAIL","","","","","","Nature of Access: PSB gates vehiclular. Submaster & Pedestrian = No.4. Double Gates to Railway = No.7 Padlock. First Line Approach & Line Speed: DC lines, Bi-directional. Fast lines normal flow of traffic right to left as viewed from PSB. 35mph.","TQ 11100 97194"
"110147501","CWJ","2.0679","QS","","2.0679","1100","","MAPE","","526449.1","184094.8","South Hampstead Plat Dn LowEnd","HSJ9","","","","","","","","","","","110147501","2023-05-31","","NRAIL","","","","","Up Main/Fast","","TQ 26449 84094"
"110176008","CWJ","2.0682","QS","","2.0682","2100","","MAPE","","526449.1","184083.4","South Hampstead Plat Up LowEnd","HSJ9","","","","","","","","","","","110176008","2022-01-28","","NRAIL","","","","","Down Main/Fast","","TQ 26449 84083"
"110176009","CWJ","2.0825","QS","","2.0825","1100","","MAPE","","526319.0","184062.0","South Hampstead Plat Dn HighEnd","HSJ9","","","","","","","","","","","110176009","2022-01-28","","NRAIL","","","","","Up Main/Fast","","TQ 26319 84062"
"50143908","CWJ","2.0829","QS","","2.0829","2100","","MAPE","","526317.9","184050.6","South Hampstead Plat Up HighEnd","HSJ9","","","","","","","","","","","50143908","2023-05-31","","NRAIL","","","","","Down Main/Fast","","TQ 26317 84050"
"110176011","CWJ","2.1694","QS","","2.1694","1100","","MAPE","","525611.4","183703.7","Kilburn High Road Plat Dn LowEnd","HSJ9","","","","","","","","","","","110176011","2022-01-28","","NRAIL","","","","","Up Main/Fast","","TQ 25611 83703"
"50435788","CWJ","2.1703","QS","","2.1703","2100","","MAPE","","525609.2","183693.1","Kilburn High Rd Plat Up LowEnd","HSJ9","","","","","","","","","","","50435788","2023-05-31","","NRAIL","","","","","Down Main/Fast","","TQ 25609 83693"
"110147495","CWJ","3.0105","QS","","3.0105","1100","","MAPE","","525482.9","183615.1","Kilburn High Rd Plat Up HighEnd","HSJ9","","","","","","","","","","","110147495","2023-05-31","","NRAIL","","","","","Up Main/Fast","","TQ 25482 83615"
"110176010","CWJ","3.0119","QS","","3.0119","2100","","MAPE","","525476.7","183602.2","Kilburn High Road Plat Dn HighEnd","HSJ9","","","","","","","","","","","110176010","2022-01-28","","NRAIL","","","","","Down Main/Fast","","TQ 25476 83602"
"110176012","CWJ","3.1148","QS","","3.1148","2100","","MAPE","","524625.2","183201.9","Queens Pk LEC1 Up LowEnd","HSJ9","","","","","","","","","","","110176012","2022-01-28","","NRAIL","","","","","Down Main/Fast","","TQ 24625 83201"
"110176015","CWJ","3.115","QS","","3.115","1100","","MAPE","","524614.4","183231.8","Queens Pk Plat5 LowEnd","HSJ9","","","","","","","","","","","110176015","2022-01-28","","NRAIL","","","","","Up Main/Fast","","TQ 24614 83231"
"110176016","CWJ","3.1301","QS","","3.1301","2100","","MAPE","","524489.0","183170.9","Queens Pk Plat6 HighEnd","HSJ9","","","","","","","","","","","110176016","2022-01-28","","NRAIL","","","","","Down Main/Fast","","TQ 24489 83170"
"110176013","CWJ","3.1315","QS","","3.1315","1100","","MAPE","","524470.4","183186.4","Queens Pk Plat5 HighEnd","HSJ9","","","","","","","","","","","110176013","2022-01-28","","NRAIL","","","","","Up Main/Fast","","TQ 24470 83186"
"50435791","CWJ","4.0836","QS","","4.0836","2100","","MAPE","","523354.8","182802.6","Kensal Green Plat Dn LowEnd","HSJ9","","","","","","","","","","","50435791","2023-05-31","","NRAIL","","","","","Down Main/Fast","","TQ 23354 82802"
"110175976","CWJ","4.0836","QS","","4.0836","1100","","MAPE","","523353.2","182810.0","Kensal Green Plat Up LowEnd","HSJ9","","","","","","","","","","","110175976","2022-01-28","","NRAIL","","","","","Up Main/Fast","","TQ 23353 82810"
"110176018","CWJ","4.0985","QS","","4.0985","2100","","MAPE","","523220.9","182782.1","Kensal Green Plat Dn HighEnd","HSJ9","","","","","","","","","","","110176018","2022-01-28","","NRAIL","","","","","Down Main/Fast","","TQ 23220 82782"
"50461119","CWJ","4.0986","QS","","4.0986","1100","","MAPE","","523219.1","182792.5","Kensal Green Plat Up HighEnd","HSJ9","","","","","","","","","","","50461119","2023-05-31","","NRAIL","","","","","Up Main/Fast","","TQ 23219 82792"
"50143884","CWJ","5.0704","QS","","5.0704","3602","","MAPE","","521926.7","182952.2","Willesden Jct LL Plat2 LowEnd","HSJ9","","","","","","","","","","","50143884","2023-05-31","","NRAIL","","","","","","","TQ 21926 82952"
"50501146","CWJ","6.0108","QS","","6.0108","1100","","MAPE","","520960.3","183358.5","Harlesden Plat Up LowEnd","HSJ9","","","","","","","","","","","50501146","2023-05-31","","NRAIL","","","","","Up Main/Fast","","TQ 20960 83358"
"50461120","CWJ","6.011","QS","","6.011","2100","","MAPE","","520954.9","183354.1","Harlesden Plat Dn LowEnd","HSJ9","","","","","","","","","","","50461120","2023-05-31","","NRAIL","","","","","Down Main/Fast","","TQ 20954 83354"
"50435794","CWJ","6.0251","QS","","6.0251","1100","","MAPE","","520853.6","183433.0","Harlesden Plat Up HighEnd","HSJ9","","","","","","","","","","","50435794","2023-05-31","","NRAIL","","","","","Up Main/Fast","","TQ 20853 83432"
"110175977","CWJ","6.0251","QS","","6.0251","2100","","MAPE","","520848.3","183426.6","Harlesden Plat Dn HighEnd","HSJ9","","","","","","","","","","","110175977","2022-01-28","","NRAIL","","","","","Down Main/Fast","","TQ 20848 83426"
"110176112","CWJ","7.0017","QS","","7.0017","2100","","MAPE","","519676.8","184179.7","Stonebridge Pk Plat Dn LowEnd","HSJ9","","","","","","","","","","","110176112","2022-01-28","","NRAIL","","","","","Down Main/Fast","","TQ 19676 84179"
"110176064","CWJ","7.0046","QS","","7.0046","1100","","MAPE","","519657.4","184199.1","Stonebridge Pk Plat Up LowEnd","HSJ9","","","","","","","","","","","110176064","2022-01-28","","NRAIL","","","","","Up Main/Fast","","TQ 19657 84199"
"110176110","CWJ","7.0154","QS","","7.0154","1100","","MAPE","","519571.6","184247.1","Stonebridge Pk Plat Up HighEnd","HSJ9","","","","","","","","","","","110176110","2022-01-28","","NRAIL","","","","","Up Main/Fast","","TQ 19571 84247"
"50143870","CWJ","8.0025","QS","","8.0025","1100","","MAPE","","518322.7","184906.2","Wembley Central Plat3 LowEnd","HSJ9","","","","","","","","","","","50143870","2023-05-31","","NRAIL","","","","","Up Main/Fast","","TQ 18322 84906"
"110176026","CWJ","8.005","QS","","8.005","1100","","MAPE","","518317.0","184929.8","Wembley Central Plat5 LowEnd","HSJ9","","","","","","","","","","","110176026","2022-01-28","","NRAIL","","","","","Up Main/Fast","","TQ 18317 84929"
"110176027","CWJ","8.0078","QS","","8.0078","1100","","MAPE","","518298.9","184949.2","Wembley Central Plat4 LowEnd","HSJ9","","","","","","","","","","","110176027","2022-01-28","","NRAIL","","","","","Up Main/Fast","","TQ 18298 84949"
"110176019","CWJ","8.0106","QS","","8.0106","2100","","MAPE","","518264.1","184955.5","Wembley Central Plat1 LowEnd","HSJ9","","","","","","","","","","","110176019","2022-01-28","","NRAIL","","","","","Down Main/Fast","","TQ 18264 84955"
"50143867","CWJ","8.0111","QS","","8.0111","1100","","MAPE","","518267.8","184963.7","Wembley Central Plat2 LowEnd","HSJ9","","","","","","","","","","","50143867","2023-05-31","","NRAIL","","","","","Up Main/Fast","","TQ 18267 84963"
"110176030","CWJ","8.1443","QS","","8.1443","1100","","MAPE","","517708.0","186108.7","North Wembley Plat Dn LowEnd","HSJ9","","","","","","","","","","","110176030","2022-01-28","","NRAIL","","","","","Up Main/Fast","","TQ 17708 86108"
"110176029","CWJ","8.1444","QS","","8.1444","2100","","MAPE","","517701.1","186106.3","North Wembley Plat Up LowEnd","HSJ9","","","","","","","","","","","110176029","2022-01-28","","NRAIL","","","","","Down Main/Fast","","TQ 17701 86106"
"50435799","CWJ","8.1594","QS","","8.1594","1100","","MAPE","","517657.2","186233.7","North Wembley Plat Dn HighEnd","HSJ9","","","","","","","","","","","50435799","2023-05-31","","NRAIL","","","","","Up Main/Fast","","TQ 17657 86233"
"110176028","CWJ","8.1595","QS","","8.1595","2100","","MAPE","","517650.4","186232.5","North Wembley Plat Up HighEnd","HSJ9","","","","","","","","","","","110176028","2022-01-28","","NRAIL","","","","","Down Main/Fast","","TQ 17650 86232"
"110176025","CWJ","9.0682","QS","","9.0682","1100","","MAPE","","517372.4","186959.2","South Kenton Plat LowEnd","HSJ9","","","","","","","","","","","110176025","2022-01-28","","NRAIL","","","","","Up Main/Fast","","TQ 17372 86959"
"110176032","CWJ","9.0839","QS","","9.0839","2100","","MAPE","","517313.9","187091.3","South Kenton Plat Dn HighEnd","HSJ9","","","","","","","","","","","110176032","2022-01-28","","NRAIL","","","","","Down Main/Fast","","TQ 17313 87091"
"110176031","CWJ","9.0848","QS","","9.0848","1100","","MAPE","","517318.1","187101.0","South Kenton Plat Up HighEnd","HSJ9","","","","","","","","","","","110176031","2022-01-28","","NRAIL","","","","","Up Main/Fast","","TQ 17318 87101"
"110176022","CWJ","10.0453","QS","","10.0453","2100","","MAPE","","516786.2","188224.0","Kenton Plat Dn LowEnd","HSJ9","","","","","","","","","","","110176022","2022-01-28","","NRAIL","","","","","Down Main/Fast","","TQ 16786 88224"
"110176021","CWJ","10.0456","QS","","10.0456","1100","","MAPE","","516790.1","188230.6","Kenton Plat Up LowEnd","HSJ9","","","","","","","","","","","110176021","2022-01-28","","NRAIL","","","","","Up Main/Fast","","TQ 16790 88230"
"110176033","CWJ","10.0602","QS","","10.0602","2100","","MAPE","","516707.6","188334.3","Kenton Plat Dn HighEnd","HSJ9","","","","","","","","","","","110176033","2022-01-28","","NRAIL","","","","","Down Main/Fast","","TQ 16707 88334"
"110176020","CWJ","10.0603","QS","","10.0603","1100","","MAPE","","516713.1","188338.8","Kenton Plat Up HighEnd","HSJ9","","","","","","","","","","","110176020","2022-01-28","","NRAIL","","","","","Up Main/Fast","","TQ 16713 88338"
"110176038","CWJ","11.0561","QS","","11.0561","2100","","MAPE","","515541.8","189369.1","Harrow & Wealdstone Plat1 LowEnd","HSJ9","","","","","","","","","","","110176038","2022-01-28","","NRAIL","","","","","Down Main/Fast","","TQ 15541 89369"
"110176042","CWJ","11.0571","QS","","11.0571","1100","","MAPE","","515538.6","189380.0","Harrow & Wealdstone Plat2 LowEnd","HSJ9","","","","","","","","","","","110176042","2022-01-28","","NRAIL","","","","","Up Main/Fast","","TQ 15538 89380"
"110176034","CWJ","11.0717","QS","","11.0717","2100","","MAPE","","515426.2","189452.6","Harrow & Wealdstone Plat1 HighEnd","HSJ9","","","","","","","","","","","110176034","2022-01-28","","NRAIL","","","","","Down Main/Fast","","TQ 15426 89452"
"50435803","CWJ","11.077","QS","","11.077","1100","","MAPE","","515394.2","189490.5","Harrow & Wealdstone Plat2 HighEnd","HSJ9","","","","","","","","","","","50435803","2023-05-31","","NRAIL","","","","","Up Main/Fast","","TQ 15394 89490"
"110176045","CWJ","12.0913","QS","","12.0913","1100","","MAPE","","513986.5","190514.8","Headstone Lane Plat Dn LowEnd","HSJ9","","","","","","","","","","","110176045","2022-01-28","","NRAIL","","","","","Up Main/Fast","","TQ 13986 90514"
"110176044","CWJ","12.0914","QS","","12.0914","2100","","MAPE","","513982.2","190509.6","Headstone Lane Plat Up LowEnd","HSJ9","","","","","","","","","","","110176044","2022-01-28","","NRAIL","","","","","Down Main/Fast","","TQ 13982 90509"
"50435804","CWJ","12.1063","QS","","12.1063","2100","","MAPE","","513871.5","190587.4","Headstone Lane Plat Dn HighEnd","HSJ9","","","","","","","","","","","50435804","2023-05-31","","NRAIL","","","","","Down Main/Fast","","TQ 13871 90587"
"110176043","CWJ","12.1065","QS","","12.1065","1100","","MAPE","","513874.0","190594.4","Headstone Lane Plat Up HighEnd","HSJ9","","","","","","","","","","","110176043","2022-01-28","","NRAIL","","","","","Up Main/Fast","","TQ 13874 90594"
"110176046","CWJ","13.0455","QS","","13.0455","1100","","MAPE","","513093.8","191299.1","Hatch End Plat Up fast LowEnd","HSJ9","","","","","","","","","","","110176046","2022-01-28","","NRAIL","","","","","Up Main/Fast","","TQ 13093 91299"
"110176049","CWJ","13.0461","QS","","13.0461","2100","","MAPE","","513084.7","191297.7","Hatch End Plat Dn Fast LowEnd","HSJ9","","","","","","","","","","","110176049","2022-01-28","","NRAIL","","","","","Down Main/Fast","","TQ 13084 91297"
"110176047","CWJ","13.0589","QS","","13.0589","1100","","MAPE","","513014.2","191392.8","Hatch End Plat Up fast HighEnd","HSJ9","","","","","","","","","","","110176047","2022-01-28","","NRAIL","","","","","Up Main/Fast","","TQ 13014 91392"
"50435805","CWJ","13.0604","QS","","13.0604","2100","","MAPE","","512998.3","191397.9","Hatch End Plat Dn Fast HighEnd","HSJ9","","","","","","","","","","","50435805","2023-05-31","","NRAIL","","","","","Down Main/Fast","","TQ 12998 91397"
"50435806","CWJ","14.1169","QS","","14.1169","2100","","MAPE","","511894.3","193200.7","Carpenders Pk Plat Dn LowEnd","HSJ9","","","","","","","","","","","50435806","2023-05-31","","NRAIL","","","","","Down Main/Fast","","TQ 11894 93200"
"110176048","CWJ","14.1325","QS","","14.1325","2100","","MAPE","","511844.6","193335.1","Carpenders Pk Plat Dn HighEnd","HSJ9","","","","","","","","","","","110176048","2022-01-28","","NRAIL","","","","","Down Main/Fast","","TQ 11844 93335"
"110176050","CWJ","15.1705","QS","","15.1705","1100","","MAPE","","511832.0","195276.7","Bushey Plat2 LowEnd","HSJ9","","","","","","","","","","","110176050","2022-01-28","","NRAIL","","","","","Up Main/Fast","","TQ 11832 95276"
"110176054","CWJ","15.1705","QS","","15.1705","2100","","MAPE","","511824.3","195277.1","Bushey Plat1 LowEnd","HSJ9","","","","","","","","","","","110176054","2022-01-28","","NRAIL","","","","","Down Main/Fast","","TQ 11824 95277"
"110176053","CWJ","16.011","QS","","16.011","1100","","MAPE","","511804.6","195410.5","Bushey Plat2 HighEnd","HSJ9","","","","","","","","","","","110176053","2022-01-28","","NRAIL","","","","","Up Main/Fast","","TQ 11804 95410"
"50435810","CWJ","16.0115","QS","","16.0115","2100","","MAPE","","511795.3","195409.2","Bushey Plat1 HighEnd","HSJ9","","","","","","","","","","","50435810","2023-05-31","","NRAIL","","","","","Down Main/Fast","","TQ 11795 95409"
"50435809","CWJ","16.1476","QS","","16.1476","2100","","MAPE","","511296.8","196043.5","Watford High St Plat Up HighEnd","HSJ9","","","","","","","","","","","50435809","2023-05-31","","NRAIL","","","","","Down Main/Fast","","TQ 11296 96043"
"110176105","CWJ","16.1602","QS","","16.1602","2100","","MAPE","","511383.9","196121.0","Watford High St Plat Up LowEnd","HSJ9","","","","","","","","","","","110176105","2022-01-28","","NRAIL","","","","","Down Main/Fast","","TQ 11383 96121"
"110175994","CWJ","17.1133","QS","","17.1133","3603","","MAPE","","511128.5","197186.0","Watford Jct Plat3/4 LowEnd","HSJ9","","","","","","","","","","","110175994","2022-01-28","","NRAIL","","","","","","","TQ 11128 97186"
"50501149","CWJ","17.1135","QS","","17.1135","3601","","MAPE","","511120.9","197181.5","Watford Junction Stn Plat 1/2 LowEnd","HSJ9","","","","","","","","","","","50501149","2022-03-04","","NRAIL","","","","","","","TQ 11120 97181"
"110175995","CWJ","17.1181","QS","","17.1181","3604","","MAPE","","511119.0","197235.6","Watford Jct Plat7/8 LowEnd","HSJ9","","","","","","","","","","","110175995","2022-01-28","","NRAIL","","","","","","","TQ 11119 97235"
"110176000","CWJ","17.1184","QS","","17.1184","3604","","MAPE","","511107.8","197230.1","Watford Junction Stn Plat 5/6 LowEnd","HSJ9","","","","","","","","","","","110176000","2022-03-04","","NRAIL","","","","","","","TQ 11107 97230"
"110172972","CWJ","4.024","QS","","4.024","1100","","MAR","","523871.5","182979.0","Traves Perkings RRAP CWJ Up <Out Of Use>","HSJ9","","","","","","","","","","","110172972","2023-05-31","","NRAIL","","","","","Up Main/Fast","","TQ 23871 82978"
"110172973","CWJ","4.0241","QS","","4.0241","2100","","MAR","","523872.8","182975.1","Traves Perkings RRAP CWJ Down <Out Of Use>","HSJ9","","","","","","","","","","","110172973","2023-05-31","","NRAIL","","","","","Down Main/Fast","","TQ 23872 82975"
"110172975","CWJ","7.1635","QS","","7.1635","2100","","MAR","","518385.1","184782.9","Staion Grove RRAP Down","HSJ9","","","","","","","","","","","110172975","2021-08-13","","NRAIL","","","","","Down Main/Fast","","TQ 18385 84782"
"110172976","CWJ","7.1635","QS","","7.1635","1100","","MAR","","518388.1","184784.6","Staion Grove RRAP Up","HSJ9","","","","","","","","","","","110172976","2021-08-13","","NRAIL","","","","","Up Main/Fast","","TQ 18388 84784"
"110172977","CWJ","12.0901","QS","","12.0901","1100","","MAR","","513995.2","190507.0","Headstone Lane South Up","HSJ9","","","","","","","","","","","110172977","2021-08-13","","NRAIL","","","","","Up Main/Fast","","TQ 13995 90506"
"110173512","CWJ","2.0836","QS","","2.0836","1100","","MAV","","526309.4","184059.9","South Hampstead <Belsize Rd ramp>","HSJ9","","","","","","","","","","","110173512","2021-09-08","","NRAIL","","","","","Up Main/Fast","","TQ 26309 84059"
"50450080","CWJ","3.0022","QS","","3.0022","9999","","MAV","","525547.0","183656.0","Mallard Close","HSJ9","","","","","","","","","NP","","50450080","2023-05-31","","GTRM","","","","","Unknown","Vehicular access from Brondesbury Villas through Mallard Close via a third party gate <key issued by Paddington Churches Housing Association, tel.no.0208 4278965> to RT gate to lineside. Parking for 2 vehicles allowed. Keypad No.1085 at present for pedestrian access.",""
"110173514","CWJ","5.0255","QS","","5.0255","1100","","MAV","","522315.0","182840.2","Keyline","HSJ9","","","","","","","","","","","110173514","2021-09-08","","NRAIL","","","","","Up Main/Fast","","TQ 22314 82840"
"110173515","CWJ","5.1419","QS","","5.1419","1100","","MAV","","521316.2","183149.6","Harley Rd South Steps KGC","HSJ9","","","","","","","","","","","110173515","2021-09-08","","NRAIL","","","","","Up Main/Fast","","TQ 21316 83149"
"110173516","CWJ","5.1462","QS","","5.1462","1100","","MAV","","521281.4","183168.9","Harley Road North Steps","HSJ9","","","","","","","","","","","110173516","2021-09-08","","NRAIL","","","","","Up Main/Fast","","TQ 21281 83168"
"50435795","CWJ","6.1324","QS","","6.1324","1100","","MAV","","520040.4","183983.2","Brentfield","HSJ9","","","","","","","","","NP","","50435795","2021-08-13","","NRAIL","","","","","Up Main/Fast","Address:Argenta Way, Stonebridge Park, London:HA9 6HH Details: Argenta Way~ Nature of Access: Gate off Brent Road. First Line Approach & Line Speed: DC Lines. 45 mph.","TQ 20040 83983"
"50435797","CWJ","7.0","QS","","7.0","1100","","MAV","","519692.0","184176.0","Stonebridge Park","HSJ9","","","","","","","","","NP","","50435797","2023-05-31","","GTRM","","","","","Up Main/Fast","Nature of Access: Stonebridge Park Relay Rooms. First Line Approach & Line Speed: Up DC. 45mph.",""
"110147508","CWJ","7.1285","QS","","7.1285","2100","","MAV","","518600.0","184553.3","Lyon Park Ave","HSJ9","","","","","","","","","","","110147508","2021-08-13","","NRAIL","","","","","Down Main/Fast","Address:Pendolino Way, Stonebridge Park:HA9 6HL Details: Pendolino Way","TQ 18600 84553"
"110147507","CWJ","7.132","QS","","7.132","0","","MAV","","","","WEMBLEY VIRGIN DEPOT 25KV SUBSTATION","HSJ9","","","","","","","","","","","110147507","2023-05-31","","NRAIL","","","","","All/Multiple Tracks","Address:Pendolino Way, Stonebridge Park:HA9 6HL Details: Pendolino Way",""
"50143876","CWJ","10.0068","QS","","10.0068","1200","","MAV","","517003.8","187934.4","Kenton Substation access","HSJ9","","","","","","","","","NP","","50143876","2021-08-13","","NRAIL","","","","","Up Slow","Address:The Ridgeway, Kenton, London:HA3 0BY Details: The Ridgeway~ Route to Access: Access is at the end of the Ridgeway. to left of footbridge. off Draycott Avenue. Nature of Access:Single Gate - No Padlock - Access via private property. Descending steps.","TQ 17003 87934"
"110173519","CWJ","11.1153","QS","","11.1153","2100","","MAV","","515107.3","189695.4","Hailsham Drive <Harrow Crown court>","HSJ9","","","","","","","","","","","110173519","2021-09-08","","NRAIL","","","","","Down Main/Fast","","TQ 15107 89695"
"110173521","CWJ","14.1464","QS","","14.1464","2100","","MAV","","511811.0","193459.8","Carpenters Park RRAP","HSJ9","","","","","","","","","","","110173521","2021-09-08","","NRAIL","","","","","Down Main/Fast","","TQ 11810 93459"
"50144287","DBP1","26.0242","QS","","26.0242","2100","","MAP","","421863.0","300587.0","site former DosthillNo.1LevelXing BR78 Hedging L","HSJ6","","","","","","","","","","","50144287","2020-01-31","","NRAIL","","","","","Down Main/Fast","Pedestrian gate No. 17 Padlock. Handrail up to track level worn concrete steps. North west corner of BR78, Hedging Lane along public footpath. Parking available at Cadogon drive. No ""NO TRESPASS"" signs.",""
"110142456","DBP1","27.0176","QS","","27.0176","1100","","MAP","","421796.0","299040.0","Overbridge 83","HSJ6","","","","","","","","","","","110142456","2025-03-20","","NRAIL","","","","","Up Main/Fast","Lockable Gate. Steps and walkway down to Railway. Located off overbridge 83. Off Track have inspected the steps to see if they can repair. This is outside of maintenance and will require a full renewal  ",""
"120000710","DBP1","28.0986","QS","","28.0986","1100","","MAP","","421889.0","296697.0","Kingsbury Trinity Road","HSJ6","","","","","","","","","Pedestrian Access Point","","120000710","2025-03-20","","","","","","","Up Main/Fast","Gated pedestrian access point.  Steps and walkway to trackside.  User operated LED lights.  What3Words Guess, Quicksand, Short.  Parking at Pear Tree Avenue or Trinity Road Sidings",""
"110183371","DBP1","29.054","QS","","29.054","2100","","MAR","","421948.0","295510.0","Kingsbury Rifle Range access","HSJ6","","","","","","","","","","","110183371","2023-03-27","","NRAIL","","","","","Down Main/Fast","Access gates to RRAP are off the B4098, Coventry Road.What3Words for access gates is ///pining.quantity.crypt. What3Words for ~
RRAP is ///cupcake.anode.sandbags.",""
"110128542","DBP1","23.11","QS","","23.11","1100","","MAV","","421334.0","304573.0","Tamworth Station","HSJ6","","","","","","","","","","","110128542","2018-09-07","","NRAIL","","","","","Up Main/Fast","Vehicle access to high level platforms from station, approach road <carillion gate>, No. 17 padlock. No public access. Sign in place, 2nd gates at track level. Adequate parking available through gates.",""
"110141494","DBP1","24.0652","QS","","24.0652","2100","","MAV","","421384.0","303384.0","SOUTHWICK DRIVE, OFF BLYTHE STREET, TAMWORTH","HSJ6","","","","","","","","","","","110141494","2020-01-31","","NRAIL","","","","","Down Main/Fast","TURN OFF BLYTHE STREET TO NEW HOUSING ESTATE, TURN LEFT INTO SOUTHWICK DRIVE TO MEET DOUBLE VEHICULAR PALISADE GATES, NO.17 PADLOCK, PARKING LIMITED UP TRACKWAY.",""
"50144247","DBP1","27.1056","QS","","27.1056","1100","","MAV","","421751.0","298236.0","Saltley Hall Farm - Cliff","HSJ6","","","","","","","","","","","50144247","2019-09-18","","NRAIL","","","","","Up Main/Fast","Private road. Public bridgeway. Very uneven farm track rutted;drive down with caution. Vehicular gate. 7 digit Coded padlock - code is 65073. Cork steps down to track level & handrail. Parking limited.",""
"50144248","DBP1","28.099","QS","","28.099","2100","","MAV","","421899.0","296697.0","<Overbridge No. 87> Trinity Road Off AS1","HSJ6","","","","","","","","","","","50144248","2022-03-30","","NRAIL","","","","","Down Main/Fast","Double Vehicular gates off Trinity Road past BR87 on left leading to large compound area & double vehicualr gates at track level, No. 17 padlock. Shut the gate signs ""NO TRESPASS"" signs. Parking also available trackside.",""
"110128543","DBP1","29.0858","QS","","29.0858","1100","","MAV","","421934.0","295213.0","B4098 BR89 <Eastside>","HSJ6","","","","","","","","","","","110128543","2020-01-31","","AMEY","","","","","Up Main/Fast","Vehicular access off B4098, No. 17 pad;ock. Parking available past gates leading to track level. No ""NO TRESPASS"" signs. Access just past BR89 on left.",""
"50144250","DBP2","30.0352","QS","","30.0352","1100","","MAP","","421568.0","294144.0","<Underbridge No. 3>  Coton Road Off B4097","HSJ6","","","","","","","","","","","50144250","2018-09-07","","NRAIL","","","","","Up Main/Fast","Pedestrian gate No. 17 padlocak. No ""NO TRESPASS"" signhandrail both sides up to track level & concrete steps upside. Parking limited.",""
"50144253","DBP2","31.0462","QS","","31.0462","2100","","MAP","","420312.0","292991.0","<Overbridge No. 10>  Church Lane","HSJ6","","","","","","","","","","","50144253","2020-01-31","","NRAIL","","","","","Down Main/Fast","Pedestrian access / wooden gate off church lane at O/BR 10. Padlock & chain No.17. timber steps & handrail down to track. No ""NO TRESPASS"" sign. Parking limited.",""
"110128544","DBP2","31.1711","QS","","31.1711","1100","","MAP","","419452.0","292245.0","BR 10A, HAMS LANE <OFF A446>","HSJ6","","","","","","","","","","","110128544","2020-01-31","","NRAIL","","","","","Up Main/Fast","Gravelled walking route & parking space for one car, leading to metal pedestrian gate, concrete steps down to track level, handrails both sides, shut the gate sign, no ""NO TRESPASS"" signs. Padlock <No.17> & chain.",""
"110149343","DBP2","30.1556","QS","","30.1556","2100","","MAR","","420674.0","293400.0","LEA MARSTON WATER WORKS","HSJ6","","","","","","","","","","","110149343","2012-09-24","","NRAIL","","","","","Down Main/Fast","NEW Vehicle Access Point, 1st Track Approached is Up Derby with attached photo reference Number 928.",""
"110184652","DBP2","32.1225","QS","","32.1225","1100","","MAV","","418551.0","291510.0","Presses access","HSJ6","","","","","","","","","","","110184652","2023-08-29","","NRAIL","","","","","Up Main/Fast","This is an access on 3rd party owned land, Network Rail have access to get to the trackside gates. No site set ups or storing of ~
materialson the land should be undertaken without the consent of the landowner.No 17 padlocks on gates. What3Words is ~
///lower.stray.pouch",""
"110164548","DBP3","31.17","QS","","31.17","2300","","MAP","","421729.0","291175.0","Station Road East Side","HSJ6","","","","","","","","","Access Point","","110164548","2020-02-24","","NRAIL","","","","","Down Goods","Station Road East Side, adjacent to Road Bridge. Access gate from road is through a shared access gate with National Grid. Once through the first set of double gates, turn left into access yard. Second set of gates at trackside, once through these gates the nearest track is the Headshunt fo the Down Arley Goods line. Keep all gates locked and closed at all times as this site is prone to theft and tresspassers turning up.",""
"110164555","DBP3","33.01","QS","","33.01","2100","","MAP","","419980.0","290986.0","Coleshill Parkway Station","HSJ6","","","","","","","","","Access Point","","110164555","2020-02-24","","NRAIL","","","","","Down Main/Fast","Double gates at trackside at Platform end of Coleshill Parkway Station. No.17 Padlock. First line through gates is the Down Whitacre. No permanent RRAP in place, temporary RRAP""s needed if required to access RRV""s here. Limited parking trackside. Arrangements need to be made with station operator if vehicles are required to be parked on their land outside of the Network Rail boundary.",""
"110164560","DBP3","33.12","QS","","33.12","1100","","MAP","","418947.0","291222.0","Coleshill Sewage Works","HSJ6","","","","","","","","","Access Point","","110164560","2020-02-24","","NRAIL","","","","","Up Main/Fast","Access is located in the Sewage Works access off the A446 Lichfield Rd. Pedestrian Pallisade access gate in fenceline. Park with consideration to other users and neighbours.",""
"110164563","DBP3","33.17","QS","","33.17","2100","","MAP","","418617.0","291213.0","Watton Lane Foot Crossing","HSJ6","","","","","","","","","Access Point","","110164563","2020-02-24","","NRAIL","","","","","Down Main/Fast","Turn into Maud Road, then right into George Road. At the end of George Road there is a lane on the right leading to the residents garages, park with conderation for residents in this area. Suitable for one or two vehicles only. Once parked, there is a path at the end of the garages nearest the houses that leads into the field and joins the public footpath, turn left towards railway crossing. Noise to be kept to a minimum at night, no radios, engines ticking over, slamming doors or shouting. Alternative access points for night shifts should be utilised.",""
"110164549","DBP3","34.05","QS","","34.05","2100","","MAP","","418101.0","291185.0","Salisbury Drive Foot Crossing","HSJ6","","","","","","","","","Access Point","","110164549","2020-02-24","","NRAIL","","","","","Down Main/Fast","Footpath between houses. Park with consideration to neighbours. Nightshift""s should make alternative access arrangements if possible to prevent disturbance to neighbours. Avoid revving engines, vehicles ticking over, loud radios, doors slamming and shouting at night. If use of this area is unavoidable, letter drops should be done prior to your work via the MPC and the Community Relations team.",""
"110164556","DBP3","34.09","QS","","34.09","1100","","MAP","","417640.0","291230.0","DOG INN access to track by footbridge","HSJ6","","","","","","","","","Access Point","","110164556","2020-02-24","","NRAIL","","","","","Up Main/Fast","Pallisade gate adjacent to footbridge 112. Nearest track through gate is the Up Derby Fast.",""
"110164561","DBP3","34.09","QS","","34.09","2200","","MAP","","417652.0","291198.0","Station Drive Footbridge","HSJ6","","","","","","","","","Access Point","","110164561","2020-02-24","","NRAIL","","","","","Down Slow","Access gate adjacent to Footbridge 112 in Station Drive Parking? Nearest line through gate is the Down Whitacre Slow.",""
"110177172","DBP3","34.1167","QS","","34.1167","2200","","MAP","","417467.8","291212.2","Water Orton Stn","HSJ6","","","","","","","","","PED","","110177172","2022-03-14","","NRAIL","","","","","Down Slow","Platform provides access to the Up main/1100 on the DPB3 and Down Slow/2200 on the DPB3 and Rev Main/3100 on the DPB3 Access and egress off platform ends only when an appropriate safe system of work is in place. No access during the day, apart from minor maintenance, carrying light hand tools only. No plant or machinery access during the day unless there is emergency protection.    LAT=52.51853			    LONG=-1.744			    EAST=4174678746			     NORTH=291212.2265",""
"110164564","DBP3","36.17","QS","","36.17","2300","","MAP","","413890.0","290330.0","Tame Drive","HSJ6","","","","","","","","","Access Point","","110164564","2020-03-09","","NRAIL","","","","","Down Goods","Double vehicular gates in fence but no room to park within Railway boundary. Nearest line through gates is Down Goods.",""
"110164550","DBP3","38.04","QS","","38.04","1900","","MAP","","411647.0","289824.0","Bromford RRAP access under M6","HSJ6","","","","","","","","","Access Point","","110164550","2020-03-09","","NRAIL","","","","","Up Siding","Access is off A47 through the Fort Self Storage Yard. Once under M6. Pallisade gates on your left lead onto Highways England mtce roads under the M6. Once through gates, follow tarmac road to railway access gates. Keep all gates locked and shut at all times. No cabins, materials or plant <RRV""s etc> to be stored on Highways England land without their prior consent.",""
"110164557","DBP3","38.0836","QS","","38.1518","3800","","MAP","","410915.0","289618.0","EWS yard Hartlands Parkway","HSJ6","","","","","","","","","Access Point","","110164557","2018-06-27","","NRAIL","","","","","Rev Other/Eng/Car","Access gates are off the Westbound A47 Heartlands Parkway opposite the Hurricane Business Park. Gates lead to access road and then down to the 38m 836yds at trackside. Nearest line is the Up Washwood Heath Arrival and departure line No.2, which is Bi-Directional.",""
"110164562","DBP3","38.09","QS","","38.09","2300","","MAP","","411511.0","289660.0","Heartlands Parkway Down Goods","HSJ6","","","","","","","","","Access Point","","110164562","2020-03-09","","NRAIL","","","","","Down Goods","This access is located off the South bound A47 Heartlands Parkway just by the pedestrian foot crossing at the traffic lights. The original access point has been blocked off to vehicles by the road improvements. Park legally on Bromford Lane by the Used Car Centre and use the footpaths and pedestrian road crossings to make your way to this access. Use of this access should be limited due to parking limitations.",""
"110171792","DBP3","39.01","QS","","39.01","3800","","MAP","","410661.0","289448.0","HEARTLANDS PARKWAY","HSJ6","","","","","","","","","","","110171792","2021-03-18","","NRAIL","","","","","Rev Other/Eng/Car","Access gates are off the Westbound A47 Heartlands Parkway opposite the Hurricane Business Park. Gates lead into Tarmac plant, follow all iroad signs and instructions given, this access is at the B""Ham, high mileage end of the site, underneth the Heartlands Parkway Industrial estate overbridge. Nearest line is the Up Washwood Heath Arrival and departure line No 2, which is Bi-Directional.",""
"110171799","DBP3","39.1065","QS","","39.1065","3900","","MAP","","409886.0","289061.0","WASHWOOD HEATH ENGINEERS SIDINGS","HSJ6","","","","","","","","","","","110171799","2021-03-19","","NRAIL","","","","","Rev Siding","Access off Aston Church Road, past Taronis former scrap yard site and over disused level crossing.Single pedestrian gate with No 17 padlock on your left. Secure gates at all times. This access point also leads onto to the former Authorised walking route for train staff. ///What3Words for access gates is ///adopt.radar.games",""
"110171817","DBP3","39.115","QS","","39.115","2300","","MAP","","409850.0","289018.0","DOWN DERBY GOODS TARONI""S","HSJ6","","","","","","","","","","","110171817","2021-03-19","","NRAIL","","","","","Down Goods","Access off Aston Church Road, past Taronis former scrap yard site,Double access gates on your left before out of use level crossing with No 17 padlock. Secure gates at all times. Once through double gates, the access road goes towards Duddeston Jnc, high mileage direction underneath the SAS line and Aston Church Rd overbridges.This access point leads up to the Heartlands REB at 39m 1405yds. ///What3Words for access gates is ///adopt.radar.games",""
"110164530","DBP3","39.14","QS","","39.14","1300","","MAP","","409587.0","288906.0","Washwood Heath former S/Box","HSJ6","","","","","","","","","Access Point","","110164530","2020-03-09","","NRAIL","","","","","Up Goods","Access off Westbound A47 Heartlands Road near the Aston Church road roundabout. Safe parking for one vehicle only whilst 1st set of double gates are opened from Highway. Double gates with No.17 padlock. Land is owned by 3rd party. Always lock and secure gates to prevent trespass. This site has had Traveller occupation in the past. Once through gates follow road to the left and pedestrian access gate is in the fence on the right. No materials or cabins to be stored on site without permission of landowner.",""
"110177297","DBP3","40.0035","QS","","40.0035","2500","","MAP","","409213.0","287753.0","Duddeston Mill Road","HSJ6","","","","","","","","","Pedestrian Access","","110177297","2022-04-06","","NRAIL","","","","","Down Loop","Pedestrian access from temporary access staircase, sited on a raised footpath above road level, protected by handrail. Access to and from the designated walking route will be across Duddeston Mill Road.~
No more than 10 people to be on the staircase at any one time.~
Minor residential area, but noise to be kept to a minimum. ~
No vehicular access or parking related to this access.~
Staircase access what3words: shade.shift.gets~
Gated access opposite staircase: neck.tent.taking     LAT=52.487618			    LONG=-1.8657526			    EAST=409213			     NORTH=287753",""
"110141618","DBP3","40.01","QS","","40.01","3800","","MAP","","409377.0","288504.0","SPINELIUN","HSJ6","","","","","","","","","","","110141618","2020-03-09","","NRAIL","","","","","Rev Other/Eng/Car","NEW PEDESTRIAIN ACCESS ON DOWNSIDE.",""
"110171631","DBP3","40.0295","QS","","40.0295","1200","","MAP","","409274.0","28839.4","SALTLEY VIADUCT ACCESS","HSJ6","","","","","","","","","","","110171631","2021-02-23","","NRAIL","","","","","Up Slow","This access point is located off the Westbound A47 Heartlands Parkway road, just prior to the Saltley Viaduct roundabout. As you approach the roundabout there is a gateway with room to park in the entrance, the gates are currently blocked by concrete blocks. Park in front of the blocks and make your way on foot to the pedetrian access gates. Once through the main double gates, turn left and after about 40yds,there is a pedestrian gate in the fence. Once through the pedestrian gate trackside you will be at 40m 295yds, nearest track will be the Up Slow.",""
"110167048","DBP3","40.08","QS","","40.08","2300","","MAP","","409277.0","287910.0","NETWORK PARK INDUSTRIAL ESTATE","HSJ6","","","","","","","","","","","110167048","2020-03-09","","NRAIL","","","","","Down Goods","turn into Network Industrial Estate and follow the one way system troad around to the left of the Units.  Park with consideration for other users on the Estate.  Nearest line to you when through the gate trackside, is the Down Saltley Goods Loop",""
"110171632","DBP3","40.0984","QS","","40.0984","3800","","MAP","","409190.0","287768.0","DUDESTON MILL RD Br 152","HSJ6","","","","","","","","","","","110171632","2021-02-23","","NRAIL","","","","","Rev Other/Eng/Car","Access is adjacent to fenceline of the West Midlands Signalling Centre <WMSC>. As you face the WMSC from the road, turn right adjacent to the pedestrian turnstile access gate to the WMSC, follow the path along the retaining wall to the pedetrain gate. This gate leads to the trackside, nearest line to you once trackside is the Up& Down Goods line. Poor underfoot conditions in places.",""
"110171633","DBP3","40.101","QS","","40.101","3800","","MAP","","409177.0","287740.0","DUDDESTON MILL RD - FORMER TRACK RENEW DEPOT","HSJ6","","","","","","","","","","","110171633","2021-02-23","","NRAIL","","","","","Rev Other/Eng/Car","Pedestrain access gate through the former Track Renewals depot. Temporarily out of use due to HS2 works.                         What3Words reference for access gate is /// monks.depend.modest",""
"50144226","DBP3","40.11","QS","","40.11","2100","","MAP","","409190.0","287688.0","Duddeston Mill Road Industrial Estate","HSJ6","","","","","","","","","","","50144226","2020-03-09","","NRAIL","","","","","Down Main/Fast","Off Duddeston Mill Road into Duddeston Mill Industrial Estate, first right along road up to double vehicular gates <No.17 padlock>, into EWS Maintenance Depot for parking area at track level. Notes: Saltley Depot/PSB. Access to Landor Street Junction. Sourced from APM Birmingham Emergency Manual. Issue 01 01/03/97. ",""
"110147704","DBP3","40.17","QS","","40.17","1100","","MAP","","408960.0","287154.1","LANDOR STREET","HSJ6","","","","","","","","","","","110147704","2022-01-07","","NRAIL","","","","","Up Main/Fast","Slopping ballasted ramp with hand rail and double steel gate <no 17 padlock>, leading to Up Derby line Not suitable for road vehicles, off road parking available.",""
"110169668","DBP3","41.076","QS","","41.076","2100","","MAP","","408264.7","287049.0","Montague Street","HSJ7","","","","","","","","","","","110169668","2021-07-27","","","","","","","Down Main/Fast","B9 4BA, Downside, Single gate leading to a relay room & the track",""
"50144254","DBP3","31.15","QS","","31.15","1200","","MAR","","421869.0","291422.0","Station Road East Side","HSJ6","","","","","","","","","","","50144254","2020-02-24","","NRAIL","","","","","Up Slow","Vehicle track to double vehicular gates. Road continues through another set of vehicular gates into AMEY depot area at Whitacre Junction. No.17 padlocks on both gates. Parking available.",""
"110164553","DBP3","33.01","QS","","33.01","2100","","MAR","","419980.0","290986.0","Coleshill Parkway Station","HSJ6","","","","","","","","","Access Point","","110164553","2020-02-24","","NRAIL","","","","","Down Main/Fast","Double gates at trackside at Platform end of Coleshill Parkway Station. No17 Padlock. First line through gates is the Down Whitacre. No permanent RRAP in place, temporary RRAP""s needed if required to access RRV""s here. Limited parking trackside. Arrangements need to be made with station operator if vehicles are required to be parked on their land outside of the Network Rail boundary.",""
"50144260","DBP3","34.13","QS","","34.13","1100","","MAR","","417351.0","291217.0","Minworth Road <River Bridge>","HSJ6","","","","","","","","","","","50144260","2020-03-09","","NRAIL","","","","","Up Main/Fast","Non-railway standard vehicular gate and lock, vehicular road up to lineside. Vehicular road along cess to Warter Orton West Junction <35m 0440y> in down direction. Gate has non-railway sign reading: ""No cars or motorcyles on this property.",""
"50144261","DBP3","36.0935","QS","","36.0935","1200","","MAR","","414516.0","290614.0","Cadbury Drive, Castle Vale","HSJ6","","","","","","","","","Road Rail access point","","50144261","2025-02-04","","NRAIL","","","","","Up Slow","Off Cadbury Drive to vehicular gate <No.17 padlock>, Once through gates, Turn left along vehicular track towards Castle Bromwich Junction <36m 0176y> in the up direction. Turn right from access gates and you head towards Fort Dunlop Sidings <37m 0880y> in the down direction. What3Words for RRAP is /// mash.quit.went. Check ALO requirements for your size of vehicle.",""
"110164551","DBP3","38.04","QS","","38.04","1900","","MAR","","411647.0","289824.0","Bromford RRAP access under M6","HSJ6","","","","","","","","","Access Point","","110164551","2020-03-09","","NRAIL","","","","","Up Siding","Access is off A47 through the Fort Self Storage Yard. Once under the M6, Pallisade gates on your left lead onto the Highways England mtce roads under the M6. Once through the gates, follow tarmac road to railway access gates. Keep all gates locked and shut at all times. No cabins, materials or plant <RRV""s etc> to be stored on Highways England land without their prior consent.",""
"50144263","DBP3","38.08","QS","","38.08","2100","","MAR","","411550.0","289690.0","Bromford Lane Bridge <Overbridge No. 136>","HSJ6","","","","","","","","","","","50144263","2020-03-09","","AMEY","","","","","Down Main/Fast","Bromford Lane Bridge off Spine Road, footpath down to vehicular gates trackside <No.17 padlock> also path to staff crossing <38m 0836y>.",""
"110164558","DBP3","38.08","QS","","38.15","3800","","MAR","","410915.0","289618.0","EWS yard Heartlands Parkway","HSJ6","","","","","","","","","Access Point","","110164558","2020-03-09","","NRAIL","","","","","Rev Other/Eng/Car","Access gates are off the Westbound A47 Heartlands Parkway opposite the Hurricane Business Park. Gates lead to access road and then down to the 38m 836yds at trackside. Nearest line is the Up Washwood Heath Arrival and departure line No.2, which is Bi-Directional.",""
"110171816","DBP3","39.115","QS","","39.115","2300","","MAR","","409850.0","289018.0","DOWN DERBY GOODS TATONI""S","HSJ6","","","","","","","","","","","110171816","2021-03-19","","NRAIL","","","","","Down Goods","Access off Aston Church Road, past Taronis former scrap yard site,Double access gates on your left before out of use level crossing~
with No 17 padlock. Secure gates at all times. Once through double gates, the access road goes towards Duddeston Jnc, high~
mileage direction underneath the SAS line and Aston Church Rd overbridges. RRV""s have been on tracked in this area in the past,~
but currently no permanent RRAP in place. Any Project wishing to access with RRV""s here will need to take all appropriate~
measures to protect troughing routes and access safely according to standards. This access point leads up to the Heartlands REB~
at 39m 1405yds. ///What3Words for access gates is ///adopt.radar.games",""
"120001577","DBP3","39.1428","QS","","39.1427","1500","","MAR","","409592.0","288848.0","Washwood Heath West Jnc","HSJ6","","","","","","","","","Road Rail Access Point","","120001577","2025-09-10","","","","","","","Up Loop","New access compound created as part of HS2 works. Currently this is a site shared between BBV and Network Rail. As you go through the gates from the A47, Heartlands Parkway, the Network Rail compound is on your right and the BBV site, which we don't have access to, is to the left. The gates will have a joint locking ( Daisy Chain) arrangement so that BBV and Network Rail staff can always enter. These locks must always be put back on in the daisy chain arrangement. Once inside the NR area, there is parking and room for the storage of RRV's and materials but all storage of materials and plant should be agreed with the PIC or with the Whitacre P-Way section. There is a High Pressure Gas main through the site and this area has been fenced off. No materials are to be stacked or stored within this area and warning signed are posted. The approach ramp to the RRAP has yellow vehicle barriers on it and these should only be opened when the lines are under possession or a line block, to allow access to the RRAP. There is also a clump of Japanese Knotweed near the gas main which is being treated over the next few years by approved contractors.",""
"110156131","DBP3","41.0949","QS","","41.0949","1100","","MAR","","408075.0","287011.7","Sita Waste","HSJ7","","","","","","","","","RRV","","110156131","2021-08-05","","NRAIL","","","","","Up Main/Fast","Single gate No.17 padlock, ascending steps to track. Steps made of wood, slippery when wet. Parking: poor, on side of road.",""
"50461427","DBP3","31.17","QS","","31.17","1200","","MAV","","421701.0","291309.0","Station Road West Side","HSJ6","","","","","","","","","","","50461427","2020-02-24","","NRAIL","","","","","Up Slow","Vehicular track off Station Road into open area for car parking. Vehicular gate at track level <No.17 padlock>. Waterworks opposite side of the line.",""
"110164528","DBP3","31.1706","QS","","31.1706","2300","","MAV","","421729.0","291175.0","Station Road East Side","HSJ6","","","","","","","","","Access Point","","110164528","2018-06-27","","NRAIL","","","","","Down Goods","Station Road East Side, adjacent to Road Bridge. Access gate from road is through a shared access gate with National Grid. Once through the first set of double gates, turn left into access yard. Second set of gates at trackside, once through these gates the nearest track is the Headshunt fo the Down Arley Goods line. Keep all gates locked and closed at all times as this site is prone to theft and tresspassers turning up.",""
"110164554","DBP3","33.01","QS","","33.01","2100","","MAV","","419980.0","290986.0","Coleshill Parkway Station","HSJ6","","","","","","","","","Access Point","","110164554","2020-02-24","","NRAIL","","","","","Down Main/Fast","Double gates at trackside at platform end of Coleshill Parkway Station. No.17 padlock. First line through gates is the Down Whitacre. No permanent RRAP in place, temporary RRAP""s needed if required to access RRV""s here. Limited parking trackside. Arrangements need to be made with station operator if vehicles are required to be parked on their land outside of the Network Rail boundary.",""
"120000014","DBP3","36.1298","QS","","36.1298","1200","","MAV","","414229.0","290544.0","Cadbury Drive access","HSJ6","","","","","","","","","Vehicle access","","120000014","2025-01-21","","","","","","","Up Slow","Vehicle access off Cadbury Drive. Once through the gates, Turn left to drive towards Castle Brom Jnc and the RRAP, low mileage direction or turn right once through the gates to drive towards Fort Dunlop and Bromford, high mileage direction.  What3Worsd for access gates is ///jumpy.inch.staple. Nearest track to the access gate is the Up Derby Slow line.",""
"110164552","DBP3","38.04","QS","","38.04","1900","","MAV","","411647.0","289824.0","Bromford RRAP access under M6","HSJ6","","","","","","","","","Access Point","","110164552","2020-03-09","","NRAIL","","","","","Up Siding","Access is off A47 through the Fort Self Storage Yard. Once under M6, Pallisade gates on your left lead onto the Highways England mtce roads under the M6. Once through the gates, follow tarmac road to railway access gates. Keep all gates locked and shut at all times. No cabins, materials of plant <RRV""s etc> to be stored on Highways England land without their prior consent.",""
"110164559","DBP3","38.08","QS","","38.15","3800","","MAV","","410915.0","289618.0","EWS yard Heartlands Parkway","HSJ6","","","","","","","","","Access Point","","110164559","2020-03-09","","NRAIL","","","","","Rev Other/Eng/Car","Access gates are off the Westbound A47 Heartlands Parkway opposite the Hurricane Business Park. Gates lead to access road and then down to the 35m 836 yds at trackside. Nearest line is the Up Washwood Heath Arrival and departure line No.2, which is Bi-Directional.",""
"50461426","DBP3","38.09","QS","","38.09","2100","","MAV","","411455.0","289661.0","Washwood Heath Sidings","HSJ6","","","","","","","","","","","50461426","2020-03-09","","NRAIL","","","","","Down Main/Fast","Off Aston Church Road through Taroni""s Yard and follow Industrial Estate road to end then left onto vehicular track. Follow along lineside in up direction to O/Br.137 and parking area.",""
"110171793","DBP3","39.01","QS","","39.01","3800","","MAV","","410661.0","289448.0","HEARTLANDS PARKWAY","HSJ6","","","","","","","","","","","110171793","2021-03-18","","NRAIL","","","","","Rev Other/Eng/Car","Access gates are off the Westbound A47 Heartlands Parkway opposite the Hurricane Business Park. Gates lead into Tarmac plant, follow all iroad signs and instructions given, this access is at the B""Ham, high mileage end of the site, underneth the Heartlands Parkway Industrial estate overbridge. Nearest line is the Up Washwood Heath Arrival and departure line No 2, which is Bi-Directional.",""
"110171815","DBP3","39.115","QS","","39.115","2300","","MAV","","409850.0","289018.0","DOWN DERBY GOODS TARONI""S","HSJ6","","","","","","","","","","","110171815","2021-03-19","","NRAIL","","","","","Down Goods","Access off Aston Church Road, past Taronis former scrap yard site,Double access gates on your left before out of use level crossing with No 17 padlock. Secure gates at all times. Once through double gates, the access road goes towards Duddeston Jnc, high mileage direction underneath the SAS line and Aston Church Rd overbridges.This access point leads up to the Heartlands REB at 39m 1405yds. ///What3Words for access gates is ///adopt.radar.games",""
"110164531","DBP3","39.14","QS","","39.14","1300","","MAV","","409587.0","288906.0","Washwood Heath former S/Box","HSJ6","","","","","","","","","Access Point","","110164531","2020-03-09","","NRAIL","","","","","Up Goods","Access off Westbound A47 Heartlands Road near the Aston Church road roundabout. Safe parking for one vehicle only whilst 1st set of double gates are opened from Highway. Double gates with No.17 padlock. Land is owned by 3rd party. Always lock and secure gates to prevent trespass. This site has had Traveller occupation in the past. Once through gates follow road to the left and pedestrian access gate is in the fence on the right. No materials or cabins to be stored on site without permission of landowner.",""
"120000930","DBP3","40.0836","QS","","40.0848","2500","","MAV","","409251.0","287881.0","Duddeston Junction North RRAP","HSJ6","","","","","","","","","Vehicle crossing","","120000930","2025-09-10","","","","","","","Down Loop","This is a temporary asset that has been handed over to HS2 as being used by BBV to build the HS2 piers and viaduct",""
"120000931","DBP3","40.0999","QS","","40.1011","2900","","MAV","","409216.0","287736.0","Duddeston Junction South RRAP","HSJ6","","","","","","","","","Vehicle crossing","","120000931","2025-08-06","","","","","","","Down Siding","The RRAP has been handed over to HS2 which BBV will use to construct the HS2 piers and viaduct.  This RRAP will be made permanent once BBV have finished their construction works",""
"110179633","DCL","75.0462","QS","","75.0462","1100","","MAP","","448273.0","224701.0","Heyford Station Platform 1","HSJ6","","","","","","","","","PED","","110179633","2022-08-15","","NRAIL","","","","","Up Main/Fast","End of platorm 1 Up Side access at Heyford Station required to access Heyford 0133 FTN Reb. Platform provides access to the Up main/1100 on the DCL, access and egress off platform ends only when an appropriate safe system of work is in place. No access during the day, apart from minor maintenance, carrying light hand tools only.    LAT=51.91875			    LONG=-1.299524    EAST=-1.299524    NORTH=224701",""
"50144230","DCL","80.077","QS","","80.077","1100","","MAP","","449808.0","232575.0","Charringtons Coal Depot, Aynho Old Stn","HSJ6","","","","","","","","","","","50144230","2020-01-31","","NRAIL","","","","","Up Main/Fast","ZIAR Ref No_269140_ Interim Reference No_HZ_6723 _Notes:",""
"50496510","DCL","81.0902","QS","","81.0902","1100","","MAP","","449576.0","234249.0","B4100 AYNHO ROAD BR57","HSJ6","","","","","","","","","","","50496510","2020-02-04","","NRAIL","","","","","Up Main/Fast","Pedestrian access off B4100, ramp down to wooden gate, needs pad lok, very overg needs de-veg works, parking on lay by adjoining nell bridge house farm. Access needs formalising.",""
"50144232","DCL","83.0726","QS","","83.0726","2100","","MAP","","448899.0","237129.0","Banbury Lane, nth of Kings Sutton ","HSJ6","","","","","","","","","","","50144232","2020-02-04","","NRAIL","","","","","Down Main/Fast","ZIAR Ref No_269142_ Interim Reference No_HZ_6726 _Notes: Pedestrian access gate, concrete steps & hanrail down to track level No5 padlock, no parking available, no ""no trespass"" sign",""
"50144233","DCL","83.0968","QS","","83.0968","1100","","MAP","","448795.0","237323.0","Private Road off Banbury Lane <Sutton Lodge Farm>","HSJ6","","","","","","","","","","","50144233","2023-05-31","","NRAIL","","","","","Up Main/Fast","ZIAR Ref No_269143_ Interim Reference No_HZ_6727 _Notes: Pedstrian gate, no steps/no handrail, easy access to track level No5 padlock. parking adjacent to bridge on upside, no ""no trespass"" sign",""
"110155759","DCL","86.0198","QS","","86.0198","1100","","MAP","","446290.0","240431.0","HIGHAM WAY","HSJ6","","","","","","","","","","","110155759","2016-04-13","","NRAIL","","","","","Up Main/Fast","Double gates with no.5 lock off Higham Way just past Chilterns Control centre.  Access leads to the Up cess.  LAT=N52:03:37  LONG: W1:19:34",""
"110176764","DCL","86.0355","QS","","86.0355","2100","","MAP","","446183.0","240461.9","Banbury Stn","HSJ6","","","","","","","","","PED","","110176764","2022-02-16","","NRAIL","","","","","Down Main/Fast","Platforms provides access to the Up main/1100 and Down main/2100 and Down Loop/2500 and Up slow/1200 and Up loop/1500. Access and egress off platform ends only when an appropriate safe system of work is in place. No access during the day, apart from minor maintenance, carrying light hand tools only. No plant or machinery access during the day unless there is emergency protection.   LAT=52.06063   LONG=-1.32779			    EAST=446183.0266			    NORTH=240461.974",""
"110164527","DCL","87.0762","QS","","87.0774","0","","MAP","","446217.0","242382.0","Banbury Lafarge Sidings","HSJ6","","","","","","","","","","","110164527","2018-06-25","","NRAIL","","","","","All/Multiple Tracks","New installation of a 10.800m Twin Track Strail05 RRAP with associated reinforced concrete slab on F27 sleepers,this replaces the previous RRAP that was at approximately 87m 736yds. Access is through Banbury Lafarge/Tarmac yard off Hennef Way.",""
"110155761","DCL","89.0242","QS","","89.0242","2100","","MAP","","446492.0","245090.0","Little Bourton","HSJ6","","","","","","","","","","","110155761","2016-04-13","","NRAIL","","","","","Down Main/Fast","Mill Lane Crossing Is located at the bottom of a steep track which is also used as a bridleway & footpath.  Care should be taken when driving up & down this road.  The track is presently rough & small car derived vans may bottom out on the track.  Once at the trackside it is possible to drive along the old track bed adjacent to the running lines to 89m 50ch to the North & 87m 70ch to the South.  Care to be taken when parking so as not to obscure sighting of approaching trains to users of the crossing.   LAT:N52:06:08    LONG: W1:19:22",""
"50144239","DCL","89.1254","QS","","89.1254","","","MAP","","446558.0","246021.0","Station Road, Cropredy","HSJ6","","","","","","","","","","","50144239","2023-05-31","","AMEY","","","","","","ZIAR Ref No_269149_ Interim Reference No_HZ_6734 _Notes: Restricted pedestrian access only - difficuilt scramble up the embankment on the up side is probably the easiest. It is however possible to drive over this bridge from access points 42 or 43. Sourced from APM Birmingham Emergency Manual. Issue 01 01/03/97. ",""
"50144241","DCL","90.0594","QS","","90.0594","1100","","MAP","","446467.0","247021.0","Oxhey Hill, Cropredy, O/BR 87","HSJ6","","","","","","","","","","","50144241","2018-09-10","","NRAIL","","","","","Up Main/Fast","ZIAR Ref No_269151_ Interim Reference No_HZ_6736 _Notes: Pedestrian access, No5 padlock, no handrail concrete steps down to upside, parking limited, No ""no trespass"" sign",""
"50144242","DCL","92.0","QS","","92.0","2100","","MAP","","445390.0","249407.0","Mollington Road, Claydon U/BR 92","HSJ6","","","","","","","","","","","50144242","2011-03-24","","AMEY","","","","","Down Main/Fast","ZIAR Ref No_269152_ Interim Reference No_HZ_6738 _Notes: Pedestrian access at BR/92, No5 padlock, wooden steps up to track level on down side, no handrail, parking limited, No ""no trespass"" sign",""
"50144243","DCL","92.0528","QS","","92.0528","1100","","MAP","","445211.0","249855.0","Claydon Crossing, Claydon","HSJ6","","","","","","","","","","","50144243","2011-03-24","","AMEY","","","","","Up Main/Fast","ZIAR Ref No_269153_ Interim Reference No_HZ_6739 _Notes: VAccess down farm track to lxing leading to pedestrian gate, No5 padlock, adequate parking",""
"50144210","DCL","93.022","QS","","93.022","1100","","MAP","","444933.0","251148.0","Fenny Compton Road, Claydon,O/BR 94","HSJ6","","","","","","","","","","","50144210","2018-09-10","","NRAIL","","","","","Up Main/Fast","ZIAR Ref No_269154_ Interim Reference No_HZ_6740 _Notes: Pedestrian access, No 221 padlock, nre handrails on both sides, concrete steps down to track level, good parking in lay by of O/BR 94",""
"50144211","DCL","94.044","QS","","94.044","2100","","MAP","","443582.0","252274.0","A423 Southam Road Nr Fenny Compton, O/BR 95","HSJ6","","","","","","","","","","","50144211","2011-03-24","","AMEY","","","","","Down Main/Fast","ZIAR Ref No_269155_ Interim Reference No_HZ_6742 _Notes: Pedestrianaccess, wooden gate No5 padlock down to track level, concrete steps and handrail, parking limited.",""
"50144216","DCL","97.0594","QS","","97.0594","1100","","MAP","","440827.0","256140.0","Parker Farm, Off Hambridge Road","HSJ6","","","","","","","","","","","50144216","2011-03-24","","AMEY","","","","","Up Main/Fast","ZIAR Ref No_269160_ Interim Reference No_HZ_6747 _Notes: Farm track off Hambridge Roadleading to pedestrian access, No5 padlock, new timber/gravel steps and handrails down to track level, parking along farmtrack.",""
"50144217","DCL","97.1166","QS","","97.1166","2100","","MAP","","440706.0","256645.0","Hambridge Road NR Knightcote, U/BR 109","HSJ6","","","","","","","","","","","50144217","2011-03-24","","AMEY","","","","","Down Main/Fast","ZIAR Ref No_269161_ Interim Reference No_HZ_6748 _Notes: Pedestrian gate, No5 padlock, new timber/gravel steps and handrail, steps uo tp tracl level, parking limited.",""
"110180371","DCL","99.0015","QS","","99.0015","1800","","MAP","","439563.0","258523.0","DEPPERS BRIDGE","HSJ6","","","","","","","","","","","110180371","2022-10-03","","NRAIL","","","","","Up Other/Eng/Car","Ladbrook Road bridge, parking limited, steps up to upside of track, What3words: ///tinkle.renew.shred",""
"50144221","DCL","100.1716","QS","","100.1716","2100","","MAP","","437318.0","260391.0","Bull Ring Farm Lane Harbury village adj O/BR 117","HSJ6","","","","","","","","","","","50144221","2011-03-24","","AMEY","","","","","Down Main/Fast","ZIAR Ref No_269165_ Interim Reference No_HZ_6752 _Notes:Accessed off B4452, to hall lane, into bull ring farm lane, down farm track to vehicular gate, No5 padlock leading to pedestrian access, No 5 padlock, concrete steps/handrail down to trackside. Adequate parking although careful not to block pubil footpath.",""
"50144188","DCL","103.1166","QS","","103.1166","9999","","MAP","","433468.0","262136.0","Golf Lane","HSJ6","","","","","","","","","","","50144188","2023-05-31","","AMEY","","","","","Unknown","ZIAR Ref No_268765_ Interim Reference No_HZ_6265 _Notes: Temp out of use/in dispute",""
"50144190","DCL","104.0308","QS","","104.0308","2100","","MAP","","433078.0","262850.0","Fieldgate Lane Leamington Spa <U/BR 124>","HSJ6","","","","","","","","","","","50144190","2011-03-24","","AMEY","","","","","Down Main/Fast","ZIAR Ref No_269170_ Interim Reference No_HZ_6757 _Notes: Pedestrian access off golf lane onto field gate lane BR124. Wooden pedestrian gate, No5 padlock, handrails and concrete steps ascending to down line, parking limited.",""
"50144191","DCL","104.1276","QS","","104.1276","1100","","MAP","","433018.0","263732.0","Church Lane <Overbridge No. 125>, Leamington Spa","HSJ6","","","","","","","","","","","50144191","2018-09-10","","NRAIL","","","","","Up Main/Fast","ZIAR Ref No_268763_ Interim Reference No_HZ_6263 _Notes: Vehicular gates leading to pedestrian access gate concrete steps and handrails down to track level, No5 padlock, parking adjacent to gates. No ""no trespass"" sign.",""
"50144193","DCL","105.0242","QS","","105.0242","2100","","MAP","","432828.0","264362.0","Prospect Road Bridge <Overbridge No. 125a>","HSJ6","","","","","","","","","","","50144193","2018-09-13","","NRAIL","","","","","Down Main/Fast","ZIAR Ref No_268762_ Interim Reference No_HZ_6262 _Notes: BR 125A, Pedestrian access, concrete steps down to track level, handrails, No5 padlock, no ""no trespas"" signs, parking limited.",""
"50500948","DCL","105.1108","QS","","105.1108","1100","","MAP","","432899.0","264202.0","Styles Close, Leamington Spa","HSJ6","","","","","","","","","","","50500948","2025-02-04","","NRAIL","","","","","Up Main/Fast","Pedestrian Access Point. Seema Khuti advised by Tony Gough to input <17.09.04>

INCORRECT MILEAGE SHOULD READ 105.1108  (W3W - cling.seated.fade)",""
"110142270","DCL","106.1408","QS","","106.1408","1100","","MAP","","430551.0","265262.0","Leam Road","HSJ6","","","","","","","","","","","110142270","2011-03-24","","NRAIL","","","","","Up Main/Fast","Pedestrian Access on the up side; steps from gate adjacent to bridge parapet down to track level.",""
"50144198","DCL","108.1166","QS","","108.1166","2100","","MAP","","427576.0","265490.0","Warwick Road <Overbridge No. 155>","HSJ6","","","","","","","","","PED","","50144198","2022-03-02","","NRAIL","","","","","Down Main/Fast","Saltisford Road <Saltisford Car Park>. Adequate parking available. PED access. ~
Number 17 Padlock on the gate. ~
First line presented to an individual when they arrive at the access: Upside/Downside/Goods loop, Down Dorridge <Downside>.~
Any site specific hazards; Conservation area to the rear of site. Newly installed new GRP stairs and LED light and new fence to compound.    LAT=52.28557			    LONG=-1.59851			    EAST=427576			    NORTH=265490",""
"50498526","DCL","108.1716","QS","","108.1716","1100","","MAP","","427097.0","265388.0","157A Footbridge, Warwick Race course","HSJ6","","","","","","","","","","","50498526","2018-09-10","","NRAIL","","","","","Up Main/Fast","No 17 Padlock and steel palisade pedestrian gate access to upside of track, long walk down public footpath to O/BR 157A, Parking at Budbrocke Industrial Estate - Access off Budbrocke Road Industrial Estate.",""
"110176765","DCL","109.0582","QS","","109.0582","2100","","MAP","","426540.3","265392.5","Warwick Parkway Stn","HSJ6","","","","","","","","","PED","","110176765","2022-02-16","","NRAIL","","","","","Down Main/Fast","Platform provides access to the Up main/1100 and Down main/2100. Access and egress off platform ends only when an appropriate safe system of work is in place. No access during the day, apart from minor maintenance, carrying light hand tools only. No plant or machinery access during the day unless there is emergency protection.   LAT=52.28605			    LONG=-1.61233     EAST=426540.3005			   NORTH=265392.5615",""
"50144199","DCL","109.0748","QS","","109.0748","1100","","MAP","","426391.0","265439.0","Off Budbrook Rd <Overbridge No. 160> nr W.Parkway","HSJ6","","","","","","","","","","","50144199","2018-09-10","","NRAIL","","","","","Up Main/Fast","ZIAR Ref No_268758_ Interim Reference No_HZ_6256 _Notes: Pedestrian access concrete steps and handrail upto upside wooden gate, No 17 padlock parking available at W.Parkway station near signal <SY105>.",""
"50144200","DCL","110.033","QS","","110.033","9999","","MAP","","425403.0","266161.0","Overbridge No. 162 A4177 to Bud Brook Village","HSJ6","","","","","","","","","","","50144200","2023-05-31","","AMEY","","","","","Unknown","ZIAR Ref No_268757_ Interim Reference No_HZ_6255 _Notes:Ugly Bridge Rd- Pedestrian access, woodengate, No 222 padlock needs steps/handrail upto track. Not in good condition, parking limited.",""
"110141865","DCL","110.1738","QS","","110.1738","0","","MAP","","424239.0","266690.0","Overbridge 163E, Hatton Locks","HSJ6","","","","","","","","","","","110141865","2011-03-24","","NP","","","","","All/Multiple Tracks","",""
"50144201","DCL","111.088","QS","","111.088","1100","","MAP","","423422.0","266668.0","O/BR No.164 Rd to Hatton Country World","HSJ6","","","","","","","","","","","50144201","2018-09-10","","NRAIL","","","","","Up Main/Fast","ZIAR Ref No_268755_ Interim Reference No_HZ_6253 _Notes: Dark lane O/BR 164, wooden pedestrian gate, No 17 padlock, handrail and concrete steps descending to track on upside, limited parkinf off rd on approach to ridge.",""
"110141864","DCL","112.1122","QS","","112.1122","1100","","MAP","","421719.0","266676.0","Overbridge 167AA, Hatton North Junction","HSJ6","","","","","","","","","","","110141864","2018-09-12","","NRAIL","","","","","Up Main/Fast","",""
"50144203","DCL","113.011","QS","","113.011","1100","","MAP","","421222.0","267144.0","Shrewley Common <Overbridge No. 168>","HSJ6","","","","","","","","","","","50144203","2018-09-12","","NRAIL","","","","","Up Main/Fast","ZIAR Ref No_268754_ Interim Reference No_HZ_6251 _Notes: Pedestrian woodengate No17 padlock, concrete steps and handrail down to track level on upside limited parking available, No ""no trespass"" sign",""
"110179592","DCL","115.0352","QS","","115.0352","1100","","MAP","","418969.0","269666.0","Dicks Lane <Formerly Auston Lane>","HSJ6","","","","","","","","","PED","","110179592","2022-08-11","","NRAIL","","","","","Up Main/Fast","There is a track access gate on the DCL at 115m 16ch. This is the only access to FTN/GSMR site 0144. There are no other viable track accesses listed in the vicintiy of this FTN site. All the other accesses in the area would require long walks, with heavy equipment and line blocks to be taken. This access is by far the safetest as it is very close to the FTN site. There is parking for this access underneath the bridge, which still allows road traffic to pass freely. This access consists of a lockable gate <No.17 Padlock> with steps and a handrail leading up to the track level, these steps are clearly well maintained.   LAT=52.324766			    LONG=-1.7230995",""
"50144206","DCL","115.0374","QS","","115.0374","2100","","MAP","","419006.0","269678.0","Austin Lane <Underbridge No. 176>","HSJ6","","","","","","","","","","","50144206","2023-05-31","","AMEY","","","","","Down Main/Fast","Worn wooden steps needs handrail, cons improving needed, off Finwood Rd, then into Austin lane, parking limited.",""
"110128718","DCL","116.0176","QS","","116.0176","2100","","MAP","","418744.0","271073.0","Lapworth Bridge 179 >B4339>","HSJ6","","","","","","","","","","","110128718","2011-03-24","","NRAIL","","","","","Down Main/Fast","Pedestrian access gate off private road. Travelling from H.Heath private access on left, handrail & steps leading up to track level, No. 17 Padlock before BR. No ""NO TRESSPASS"" Limited Parking.",""
"50144207","DCL","116.143","QS","","116.143","1100","","MAP","","418856.0","272213.0","Rising Lane <Overbridge No. 180>","HSJ6","","","","","","","","","","","50144207","2018-09-12","","NRAIL","","","","","Up Main/Fast","",""
"50144208","DCL","117.088","QS","","117.088","1100","","MAP","","418573.0","273276.0","Chapel Lane <Overbridge No. 181>","HSJ6","","","","","","","","","","","50144208","2018-09-12","","NRAIL","","","","","Up Main/Fast","Pedestrian access, concrete steps down to upside and handrail, wooden gate, No17 padlock accessed off chapel lane O/BR 181, Limited Parking.",""
"50144209","DCL","118.0352","QS","","118.0352","2100","","MAP","","417825.0","274110.0","Darley Green Road/Lane<Underbridge No. 184>","HSJ6","","","","","","","","","","","50144209","2011-03-24","","AMEY","","","","","Down Main/Fast","Pedestrain access,wooden gate, concrete steps ascending to track level handrails, No17 padlock, limited parking, No ""no trespassing"" sign.",""
"110169408","DCL","122.001","QS","","122.001","1100","","MAP","","414814.0","279284.0","Solihull GSM-R Access","HSJ6","","","","","","","","","","","110169408","2020-01-27","","NRAIL","","","","","Up Main/Fast","LAT= N52.24.41    LONG= W1.47.01     Access steps bring you to the Up cess at trackside near the GSM-R site.  The normal direction of rail traffic being from right to left as you face the track.  No parking at access point or dropping off of staff as road has double yellow lines.  No parking on grass verges at access gate.  Vehicles will have to find suitable, legal parking nearby and walk to access gate.  There are a couple of car parks nearby, although some have a 2 mt height restriction.  The What3Words reference for the access gate is ///runner.salt.lived   If you use that app.",""
"50498525","DCL","122.066","QS","","122.066","1100","","MAP","","414386.0","279714.0","Solihull Station Car Park","HSJ6","","","","","","","","","","","50498525","2018-09-12","","NRAIL","","","","","Up Main/Fast","Pedestrian access gate metal chain link, No 17 padlock, access adjoining car park entrance on the upside pedestrian access to track level, parking in station.",""
"110176766","DCL","124.0255","QS","","124.0255","2100","","MAP","","413382.3","282312.6","Olton Stn","HSJ6","","","","","","","","","PED","","110176766","2022-02-16","","NRAIL","","","","","Down Main/Fast","Platform provides access to the Up main/1100 and Down main/2100. Access and egress off platform ends only when an appropriate safe system of work is in place. No access during the day, apart from minor maintenance, carrying light hand tools only. No plant or machinery access during the day unless there is emergency protection.    LAT=52.43864			    LONG=-1.80457			   EAST=413382.3619			    NORTH=282312.6481",""
"110172097","DCL","126.0","QS","","126.0","0","","MAP","","411076.0","284001.0","TYSELEY STATION AREA","HSJ6","","","","","","","","","","","110172097","2021-04-27","","NRAIL","","","","","All/Multiple Tracks","Access to tracks from Tyseley station platforms. You must have the appropriate Safe System of work in place to access the tracks from the platforms. Parking at night may be available in the drop off point but double yellow lines are present. During the day time, you may need to find appropriate parking.What3Words for the Station entrance is ///roses.castle.other",""
"110165669","DCL","126.0154","QS","","126.0154","2900","","MAP","","410792.0","284030.0","Tyseley scrap sidings <Alan Rowlands Yard>","HSJ6","","","","","","","","","","","110165669","2018-11-06","","NRAIL","","","","","Down Siding","Access Point for Pedestrians. Access gate is controlled by West Midlands Trains. This access is also used for road fuel deliveries to the rolling stock and has to be kept clear for their operations at all times. If RRV drop off is required or vehicle parking, then this has to be co-ordinated with the local P-Way Section Manager at Stourbridge depot.",""
"110176767","DCL","128.1457","QS","","128.1457","2100","","MAP","","407490.9","286751.7","Birmingham Moor St Stn","HSJ6","","","","","","","","","PED","","110176767","2022-02-16","","NRAIL","","","","","Down Main/Fast","Platforms provides access to the Up main/1100 and Down main/2100 and Rev Terminal Bay/3604 and 3603. Access and egress off platform ends only when an appropriate safe system of work is in place. No access during the day, apart from minor maintenance, carrying light hand tools only. No plant or machinery access during the day unless there is emergency protection.    LAT=52.47865			    LONG=-1.89112			     EAST=407490.9087			     NORTH=286751.7913",""
"110177171","DCL","129.0511","QS","","129.0511","2100","","MAP","","406961.2","287263.8","Snow Hill Stn","HSJ6","","","","","","","","","PED","","110177171","2022-03-14","","NRAIL","","","","","Down Main/Fast","Platform provides access to the Up main/1100 on the DCL and Down main/2100 on the DCL and Rev Crossover/3700 on the DCL . Access and egress off platform ends only when an appropriate safe system of work is in place. No access during the day, apart from minor maintenance, carrying light hand tools only. No plant or machinery access during the day unless there is emergency protection.  LAT=52.48325   LONG=-1.89891			    EAST=406961.2427			   NORTH=287263.8602",""
"50498528","DCL","129.0792","QS","","129.0792","2100","","MAP","","406789.0","287451.0","Snow Hill Staff car park, Livery Street","HSJ6","","","","","","","","","","","50498528","2011-03-24","","AMEY","","","","","Down Main/Fast","Pedestrian access gate to track add platform 1 No 17 padlock, parking in staff car park Livery Street.",""
"110176768","DCL","130.006","QS","","130.006","2100","","MAP","","406019.1","287958.6","Jewellery Quarter Stn","HSJ6","","","","","","","","","PED","","110176768","2022-02-16","","NRAIL","","","","","Down Main/Fast","Platforms provides access to the Up main/1100 and Down main/2100. Access and egress off platform ends only when an appropriate safe system of work is in place. No access during the day, apart from minor maintenance, carrying light hand tools only. No plant or machinery access during the day unless there is emergency protection.    LAT-=52.48952			   LONG=-1.91278			    EAST=406019.1482			     NORTH=287958.6247",""
"110176769","DCL","132.0901","QS","","132.0901","2100","","MAP","","402498.7","289739.8","The Hawthorns Stn","HSJ6","","","","","","","","","PED","","110176769","2022-02-16","","NRAIL","","","","","Down Main/Fast","Platforms provides access to the Up main/1100 and Down main/2100. Access and egress off platform ends only when an appropriate safe system of work is in place. No access during the day, apart from minor maintenance, carrying light hand tools only. No plant or machinery access during the day unless there is emergency protection.     LAT=52.50556			   LONG=-1.96462			    EAST=402498.7806			     NORTH=289739.8989",""
"110164466","DCL","87.0762","QS","","87.0774","0","","MAR","","446217.0","242382.0","Banbury Lafarge Sidings","HSJ6","","","","","","","","","","","110164466","2018-06-25","","NRAIL","","","","","All/Multiple Tracks","New installation of a 10.800m Twin Track Strail05 RRAP with associated reinforced concrete slab on F27 sleepers, this replaces the previous RRAP that was at approximateley 87m 736yds. Access to RRAP is through Banbury Lafarge/Tarmac yard off Hennef Way.",""
"50144220","DCL","99.143","QS","","99.143","1100","","MAR","","438988.0","259627.0","Deppers Bridge at junc. of B4451 & O/BR115","HSJ6","","","","","","","","","","","50144220","2015-06-24","","NRAIL","","","","","Up Main/Fast","ZIAR Ref No_269164_ Interim Reference No_HZ_6751 _Notes:Large vehicular gate, No5 padlock accessed off B4451 to southnear to BR 115, parking adequate, no ""no trespass"" sign. 7.5 Tonne weight restricted Bridge from North. No access onto infrastructure for articulated low loader due to extremely tight right hand turn from Southam village. Off loading on the highway is Not Permitted.",""
"50496516","DCL","106.022","QS","","106.022","2100","","MAR","","431643.0","265271.0","Leamington Spa Station carpark","HSJ6","","","","","","","","","","","50496516","2011-06-08","","AMEY","","","","","Down Main/Fast","Through Amey depot at Leamington Spa station car park, double vehicular gate leading to track level, No 5 padlock parking good along trackside.",""
"50499050","DCL","112.0116","QS","","112.0116","1100","","MAR","","422566.0","266387.0","Hatton Station Car Park","HSJ6","","","","","","","","","","","50499050","2011-06-08","","AMEY","","","","","Up Main/Fast","Drive to end of station car park to meet make do vehicular gate <no padlock> / part weld mesh. Leading to pedestrian gate <no 5 padlock> and meeting further Vehicular gate <no 5 padlock> both leading direct to trackside. Parking good in former goods yard.",""
"110165667","DCL","126.0154","QS","","126.0154","2900","","MAR","","410792.0","284030.0","Tyseley scrap sidings <Alan Rowlands Yard>","HSJ6","","","","","","","","","","","110165667","2018-11-06","","NRAIL","","","","","Down Siding","Access point for RRV""s, Vehicles and pedestrians. Access gate is controlled by West Midands Trains. This access is also used for road fuel deliveries to the rolling stock and has to be kept clear for their operations at all times.If RRV drop off is required or vehicle parking, then this has to be co-ordinated with the local P-Way Section Manager at Stourbridge depot.",""
"50144164","DCL","127.0482","QS","","127.0482","2100","","MAR","","409444.0","285223.0","Old Caledonian Sidings","HSJ6","","","","","","","","","","","50144164","2011-06-08","","AMEY","","","","","Down Main/Fast","ZIAR Ref No_268742_ Interim Reference No_HZ_6230 _Notes: Vehicle access to downside. Bordesley Yard. Sourced from APM Birmingham Emergency Manual. Issue 01 01/03/97. ",""
"120000953","DCL","128.033","QS","","128.033","1100","","MAR","","408320.0","286153.0","Upper Trinity Street RRV access","HSJ6","","","","","","","","","Road Rail Access Point","","120000953","2025-06-05","","","","","","","Up Main/Fast","Road Rail Access point, Upper Trinity Street. No 17 padlock on gate. What3Words for RRAP is ///sleep.decreased.prove. All vehicles to be parked inside of NR boundary, no parking on the access road outside of the NR boundary. Ensure road side gates are locked at all times.",""
"110149986","DCL","129.1034","QS","","129.111","2100","","MAR","","406584.0","287663.2","LIVERY ST, ACCESS YARD","HSJ6","","","","","","","","","","","110149986","2022-01-07","","NRAIL","","","","","Down Main/Fast","access point off Livery St, through large steel gates with no 17 padlock.  Park considerately as yard isn""t large.  Noise to be kept down to avoid complaints from neraby resifents.",""
"50498510","DCL","75.0396","QS","","75.0396","2100","","MAV","","448278.0","224662.0","Heyford Station Car Park","HSJ6","","","","","","","","","","","50498510","2020-01-31","","NRAIL","","","","","Down Main/Fast","Vehicular gate, access from car park on down side below BR 7518, Station Road, Heyford. No5 padlock access to track level, parking available in station.",""
"50498599","DCL","75.059","QS","","75.059","2100","","MAV","","448329.0","224829.0","Heyford Station RRAP Access","HSJ6","","","","","","","","","","","50498599","2020-06-05","","NRAIL","","","","","Down Main/Fast","IMPORTANT-access is on private land. Only access on foot, for routine mtce. Park in the station car park or low mileage access point south end. Ensure  security gates leading off the car park are locked and secured immediately after use, day or night, if they are to be left open, a security guard or member of staff must be left at the gates to ensure only authorised people enter. For all Project, Renewals & large scale mtce works including any RRV works, where you would like to use the privately owned yard, you must contact the landowner David Dare on 07470 449009 and agree the point of contact.  You must park at far end of the yard beyond the RRAP. On completion of all works, a full site sweep -materials and litter has been collected and removed from site. NW&Central works, contact Chris Edwards MPC,Saltley depot or Richard Parry PIC,Saltley depot. For Western works, contact Sue Douglas MPC.  What3Words for the RRAP gates is ///measures.grumbles.towel.",""
"50144228","DCL","78.0198","QS","","78.0198","1100","","MAV","","449638.0","228921.0","Site of former Fritwell & Somerton Stn ","HSJ6","","","","","","","","","","","50144228","2020-01-31","","NRAIL","","","","","Up Main/Fast","ZIAR Ref No_269138_ Interim Reference No_HZ_6721 _Notes: Vehicular gate, No 5 padlock leading to track level parking limited on upside, parking available in compound on downside with No5 padlock. no ""no trespass"" sign",""
"50144229","DCL","80.0506","QS","","80.0506","2100","","MAV","","449881.0","232345.0","Site of former Aynho Station","HSJ6","","","","","","","","","","","50144229","2011-03-24","","AMEY","","","","","Down Main/Fast","ZIAR Ref No_269139_ Interim Reference No_HZ_6722 _Notes: Excellent rail level vehicular access point. down line side. It is possible to frive along old trackbed southwards to the 78-1/2mp adjacent to down line. Sourced from APM Birmingham Emergency Manual. Issue 01 01/03/97. Adequate parking No5 padlock no ""no trespass""signs poss to drive 78 i/2 mp",""
"50498511","DCL","80.0748","QS","","80.0748","2100","","MAV","","449815.0","232556.0","Former Charingtons Depot Goods Yard","HSJ6","","","","","","","","","","","50498511","2018-09-13","","NRAIL","","","","","Down Main/Fast","Vehicular access past former station house through old goods yard, No 5 padlock, parking available in former goods yard.",""
"50144231","DCL","81.0088","QS","","81.0088","1100","","MAV","","449518.0","233512.0","Nellbridge Farm, Aynho Junction","HSJ6","","","","","","","","","","","50144231","2020-01-31","","NRAIL","","","","","Up Main/Fast","Now agreed access. Access only for people on foot & vans only. Strictly no HGV""s / Road Railers. 01.08.05 Access through complex of farm buildings to large gate which gives vehicular access to trackside",""
"50496511","DCL","82.121","QS","","82.121","1100","","MAV","","449431.0","236096.0","Kings Sutton Station Car Park","HSJ6","","","","","","","","","","","50496511","2020-02-04","","NRAIL","","","","","Up Main/Fast","Vehicul and access gate, No5 padlock, good parking, access at end of Kings Sutton carpark, no ""no trespass"" sign",""
"50144234","DCL","83.1694","QS","","83.1694","2100","","MAV","","448585.0","237949.0","Private works road off Banbury Lane ","HSJ6","","","","","","","","","","","50144234","2018-09-13","","NRAIL","","","","","Down Main/Fast","ZIAR Ref No_269144_ Interim Reference No_HZ_6728 _Notes: Cherwell Valley Silos Ltd private road runs alongside the down line past pedestrian access for signal <B586> to another pedestrian gate No5 padlock, leading to track level, parking in Silos Ltd land, limited parking no ""no trespass"" sign",""
"50470865","DCL","85.1085","QS","","85.1085","2100","","MAV","","446597.0","240013.0","Banbury Light Maintenance Depot","HSJ6","","","","","","","","","","","50470865","2017-10-30","","PP","","","","","Down Main/Fast","Vehicular Access via Banbury Station Industrial Estate <Power Park> in Southerly direction past Banbury F.C. ground and Chiltern Railways Depot. Track access via gate controlled by Chiltern Railways Depot Operations Supervisor. Contact 07557 085626. Access track runs along side headshunt and onto dirt track past bufferstops.",""
"110155758","DCL","86.0198","QS","","86.0198","1100","","MAV","","446290.0","240431.0","HIGHAM WAY","HSJ6","","","","","","","","","","","110155758","2016-04-13","","NRAIL","","","","","Up Main/Fast","Double gates with no.5 lock off Higham Way just past Chilterns Control centre.  Access leads to the Up cess.  LAT=N52:03:37  LONG: W1:19:34",""
"50498530","DCL","86.0303","QS","","86.0303","2100","","MAV","","446202.0","240430.0","Banbury Depot South Siding","HSJ6","","","","","","","","","","","50498530","2018-09-13","","NRAIL","","","","","Down Main/Fast","Double vehicular gates, No 5 padlock, leading to down sidings through Amey depot, South of station, adjacent to contract centre, parking availale in Amey depot.",""
"50498512","DCL","86.044","QS","","86.044","1100","","MAV","","446140.0","240538.0","RMC Works off Merton Street","HSJ6","","","","","","","","","","","50498512","2018-09-10","","NRAIL","","","","","Up Main/Fast","Double vehicular palisade gates, No 5 padlock adequate parking trackside, access to upside via merton street adjacent to RMC Works.",""
"50144235","DCL","86.066","QS","","86.066","1100","","MAV","","446062.0","240723.0","Banbury North Yard, Waterloo drive","HSJ6","","","","","","","","","","","50144235","2018-09-10","","NRAIL","","","","","Up Main/Fast","Access off Waterloo drive, add to No5 13-17 wooden gate no5 padlock, leading to double vehicular gates adequate prking trackside, no ""no trespass"" sign",""
"50498513","DCL","86.1065","QS","","86.1065","1100","","MAV","","445990.0","241087.0","Hamilton Place, Banbury North Yard","HSJ6","","","","","","","","","","","50498513","2018-09-10","","NRAIL","","","","","Up Main/Fast","Access off Hamilton place adjacent to No 1-5 wooden outer gates, No 5 padlock leading to double vehicular gates, adequate parking trackside.",""
"110164526","DCL","87.0762","QS","","87.0774","0","","MAV","","446217.0","242382.0","BANBURY LAFARGE SIDINGS","HSJ6","","","","","","","","","","","110164526","2018-06-25","","NRAIL","","","","","All/Multiple Tracks","New installation of a 10.800m Twin Track Strail05 RRAP with associated reinforced concrete slab on F27 sleepers, this replaces the previous RRAP that was at approximately 87m 736yds. Access to RRAP is through Banbury Lafarge/Tarmac yard off Hennef Way.",""
"110155760","DCL","89.0242","QS","","89.0242","2100","","MAV","","446492.0","245090.0","Little Bourton","HSJ6","","","","","","","","","","","110155760","2016-04-13","","NRAIL","","","","","Down Main/Fast","Mill Lane Crossing Is located at the bottom of a steep track which is also used as a bridleway & footpath.  Care should be taken when driving up & down this road.  The track is presently rough & small car derived vans may bottom out on the track.  Once at the trackside it is possible to drive along the old track bed adjacent to the running lines to 89m 50ch to the North & 87m 70ch to the South.  Care to be taken when parking so as not to obscure sighting of approaching trains to users of the crossing.   LAT:N52:06:08    LONG: W1:19:22",""
"50144240","DCL","89.154","QS","","89.154","1100","","MAV","","446534.0","246283.0","Site of former Cropedy Station, Temp Birse stite","HSJ6","","","","","","","","","","","50144240","2018-09-10","","NRAIL","","","","","Up Main/Fast","ZIAR Ref No_269150_ Interim Reference No_HZ_6735 _Notes: Double vehicular gates, No5 padlock leading to track level on upside. No ""no trespass"" sign, parking available at side Birse temp offices, on NR land.",""
"50496514","DCL","93.132","QS","","93.132","2100","","MAV","","444294.0","251903.0","Claydon Wood Yard","HSJ6","","","","","","","","","","","50496514","2018-09-13","","NRAIL","","","","","Down Main/Fast","Vehicular access off fennycompton road, <old track bed> No 5 padlock, adequate parking along trackside down to victoria bridge no ""no trespass"" sign",""
"50144212","DCL","94.1584","QS","","94.1584","1100","","MAV","","442745.0","252879.0","Station Road, Fenny Compton <by SB>","HSJ6","","","","","","","","","","","50144212","2018-09-10","","NRAIL","","","","","Up Main/Fast","ZIAR Ref No_269156_ Interim Reference No_HZ_6743 _Notes:Former Fenny Compton lxing gives vehicular and seperate pedestrianaccess to upline off station road, np padlock on pedestrian gates, No5 padlock on vehicular gate adequate parking.",""
"50144213","DCL","94.1584","QS","","94.1584","","","MAV","","442745.0","252879.0","Station Road, Fenny Compton (by SB) ","HSJ6","","","","","","","","","","","50144213","2023-05-31","","AMEY","","","","","","ZIAR Ref No_269157_ Interim Reference No_HZ_6744 _Notes: Vehicular access to down line available through gates and across Kineton branch. The vehicular track continues adjacent to the down line and at 95m22c it is possible for vehicles to go under the lines and continue adjacent to the up side northwards to 96m07c. The down line track finishes at 95m79c adjacent to FC103R signal It should be noted that although there are no fences to negotiate the trickway for vehicles runs aling the foot of the embankment and in places this can be quite steep and overgrown by brambles etc. Sourced from APM Birmingham Emergency Manual. Issue 01 01/03/97. ",""
"50496515","DCL","98.033","QS","","98.033","1100","","MAV","","440283.0","257376.0","Hambridge Road Spinney","HSJ6","","","","","","","","","","","50496515","2018-09-10","","NRAIL","","","","","Up Main/Fast","Large vehicular gate <no padlock> access through spinney off hambrige rd on approach to o/br No110, adequate parking in spinney.",""
"110170714","DCL","100.1144","QS","","101.1144","1100","","MAV","","437835.0","260327.0","HARBURY","HSJ6","","","","","","","","","","","110170714","2020-08-10","","NRAIL","","","","","Up Main/Fast","Access point compound with parking for a number of vehicles off the B4452.  This access yard is above Harbury Turnnel.  There is an access tract from the compound leading almost to track level but this track is for 4 X 4 vehicles only, due to the steep gradient on gravel and no other vehicles are permitted to drive down  the slope.  this access compound is also with a SSI site so care should be taken to protect this  environment.    WHAT3 WORDS REF for the access gate at the roadside is /// spirit, answer, riverside.",""
"50435884","DCL","102.1034","QS","","102.1034","1100","","MAV","","434919.0","261226.0","NP","HSJ6","","","","","","","","","NP","","50435884","2018-09-10","","NRAIL","","","","","Up Main/Fast","",""
"50144224","DCL","102.1034","QS","","102.1034","1100","","MAV","","434919.0","261226.0","B4455Fosse Way  U/R 121","HSJ6","","","","","","","","","","","50144224","2011-03-24","","AMEY","","","","","Up Main/Fast","ZIAR Ref No_269168_ Interim Reference No_HZ_6755 _Notes: Good vehicular access point. It is possible to drive adjacent to the up line to 101m63c southwards and to 103m01c northwards. Fosse Road Ground Frame. Sourced from APM Birmingham Emergency Manual. Issue 01 01/03/97. 21/06/04 previously DEL advised to reinstate by juliette brown.",""
"50498598","DCL","106.0153","QS","","106.0153","1100","","MAV","","431703.0","265268.0","Rover Car Site off Station Approach, L.Spa","HSJ6","","","","","","","","","","","50498598","2023-05-31","","NRAIL","","","","","Up Main/Fast","Access off Station Approach, through Rover company through to double vehicular gates, access in need of improvement, v.overgrown, needs padlock.",""
"50498516","DCL","108.0044","QS","","108.0044","2100","","MAV","","428611.0","265468.0","Warwick Station Car park","HSJ6","","","","","","","","","","","50498516","2022-02-25","","NRAIL","","","","","Down Main/Fast","Vehicular acces palisade gates, No 221 padlock, No ""no trespass sign"" accessed via station car park, ""shut th gate"" sign on double vehicular gates, adequate parking trackside.",""
"50498519","DCL","114.1276","QS","","114.1276","1100","","MAV","","419323.0","268969.0","Finwood Road, OBR 173A","HSJ6","","","","","","","","","","","50498519","2011-03-24","","AMEY","","","","","Up Main/Fast","O/BR 173A large vehicular No 17 padlock and chain, limited parking inside gate to track level, No ""no trespass sign"" beware noise from M40 motorway.",""
"50496517","DCL","116.0726","QS","","116.0726","1100","","MAV","","418779.0","271576.0","Lapworth Station,Former station goods yard","HSJ6","","","","","","","","","","","50496517","2018-09-12","","NRAIL","","","","","Up Main/Fast","Vehicular access, Double gates, No 17 padlock accessed via station road, Lapworth end of former station goods yard, parking in goods yard.",""
"50498520","DCL","118.165","QS","","118.165","1100","","MAV","","416938.0","274883.0","Dorridge Station Car Park","HSJ6","","","","","","","","","","","50498520","2018-09-12","","NRAIL","","","","","Up Main/Fast","Double large vehicular gates No17 padlock vehicular access to track level on the up side of station car park. Parking adjacent alonside track <compound area>",""
"50498521","DCL","119.0946","QS","","119.0946","2100","","MAV","","416391.0","275714.0","Bentley Heath Lxing, Mill Lane, Dorridge","HSJ6","","","","","","","","","","","50498521","2018-09-13","","NRAIL","","","","","Down Main/Fast","two vehicular points either side of mill lane No17 padlock access is for signal box.",""
"50498522","DCL","120.143","QS","","120.143","2100","","MAV","","415480.0","277505.0","Widney Manor Station Park south","HSJ6","","","","","","","","","","","50498522","2018-09-13","","NRAIL","","","","","Down Main/Fast","Double vehicular blue gates, No 17 padlock accessed path of widney manor station car park, parking trackside.",""
"50498529","DCL","120.1474","QS","","120.1474","2100","","MAV","","415469.0","277544.0","Widnay Manor Station Car Park North","HSJ6","","","","","","","","","","","50498529","2018-09-13","","NRAIL","","","","","Down Main/Fast","Double Vehicular blue gates, No 17 padlock, accessed at north end of station car park, parking available trackside.",""
"50498523","DCL","125.0176","QS","","125.0176","2100","","MAV","","412426.0","283493.0","Acocks Green Station Car Park South","HSJ6","","","","","","","","","","","50498523","2020-03-04","","NRAIL","","","","","Down Main/Fast","This access point as been stopped for the use of RRV""s & is a vehicular access point only.  Vehicular access, double vehicular gates, No 17 padlock parking good along trackside on downside at southend of station. No ""no trespass"" sign. High risk of injury to personnel, general public, TP property and infrastructure. Insufficient set down area for articulated low loader due to high volume of parked cars in residential street. No access to station with low loader due to high volume of parked cars and limited turning circles.",""
"50498524","DCL","125.0252","QS","","125.0252","2100","","MAV","","412370.0","283534.0","Acocks Green Station Car Park, North","HSJ6","","","","","","","","","","","50498524","2018-09-13","","NRAIL","","","","","Down Main/Fast","Vehicular access at North end of station car park, No 17 padlock, parking along trackside.",""
"50498508","DCL","126.0","QS","","126.0","2100","","MAV","","411081.0","283994.0","Tyseley Station, Wharfdale Road","HSJ6","","","","","","","","","","","50498508","2022-02-15","","NRAIL","","","","","Down Main/Fast","Double vehicular gates, No 17 padlock, access pf tyseley hill road, parking inside gates.",""
"110165668","DCL","126.0154","QS","","126.0154","2900","","MAV","","410792.0","284030.0","Tyseley scrap sidings <Alan Rowlands Yard>","HSJ6","","","","","","","","","","","110165668","2018-11-06","","NRAIL","","","","","Down Siding","Access point for Vehilcles, Pedestrians and RRV""s. Access gate is controlled by West Midlands Trains. This access is also used for road fuel deliveries to the rolling stock and has to be kept clear for their operations at all times. If RRV drop off is required or vehicle parking, then this has to be co-ordinated with the local P-Way Section Manager at Stourbridge depot.",""
"110142269","DCL","126.1354","QS","","126.1364","2100","","MAV","","410119.0","284767.0","Small Heath Highway","HSJ6","","","","","","","","","","","110142269","2011-03-24","","NRAIL","","","","","Down Main/Fast","",""
"50144166","DCL","128.033","QS","","128.033","1100","","MAV","","408317.0","286146.0","Upper Trinity Street","HSJ6","","","","","","","","","","","50144166","2018-09-12","","NRAIL","","","","","Up Main/Fast","ZIAR Ref No_268740_ Interim Reference No_HZ_6228 _Notes: Vehicular access, No 17 padlock access via white pearl suite off upper trinity street. parking available beyond gates, ""Emergency access for Railtrack"" sign.",""
"50498509","DCL","128.132","QS","","128.132","2100","","MAV","","407598.0","286687.0","Moor Street Car Park","HSJ6","","","","","","","","","","","50498509","2018-09-13","","NRAIL","","","","","Down Main/Fast","Access/egress gained from Alison Street entrance to moor street car park to track level through gate with No 17 padlock, during normal car park opening hours, out of hours access use No17 key to open shutters and close on exit.",""
"110128721","DCL","131.132","QS","","131.132","3300","","MAV","","403607.0","289237.0","Queens Head Sidings","HSJ6","","","","","","","","","","","110128721","2011-03-24","","NRAIL","","","","","Rev Goods","Off Chapel Street, double vehicualr gates & access road to parking area <No. 17 Padlock> CCTV sign on gate. No ""NO TRESPASS"" Sign.",""
"110172711","DEL","6.147","QS","","6.147","2100","","MA","","519803.0","183857.0","WILLESDEN F SIDINGS","HSJ9","","","","","","","","","ACCESS","","110172711","2024-01-22","","NRAIL","","","","","Down Main/Fast","New Authrosied Access Point at Willesden F sidings <RRV>. Nature of Access: Through DC RAIL freight site to NR land. NR land secured by heras fence panels, accessed with no.7 key. Access ramp up to the tracks. First line is LEC1 2100.",""
"110184693","DEL","47.0003","QS","","47.0003","0","","MA","","","","TEST C","HSJ8","","","","","","","","","NP","","110184693","2023-09-12","","NRAIL","","","","","All/Multiple Tracks","TEST C",""
"110184697","DEL","47.0007","QS","","47.0007","0","","MA","","","","TEST G","HSJ8","","","","","","","","","NP","","110184697","2023-09-12","","NRAIL","","","","","All/Multiple Tracks","TEST G",""
"110157646","DEL","52.1123","QS","","52.1123","2100","","MA","","399923.0","272507.0","LINTHURST NEWTOWN","HSJ6","","","","","","","","","","","110157646","2024-01-22","","NRAIL","","","","","Down Main/Fast","PEDESTRIAN ACCESS POINT AT OB109 LINTHURST NEWTOWN. < DO NOT PARK VEHICLES IN FRONT OF HOUSES OR GATEWAYS ON LINTHURST NEWTOWN ROAD>",""
"110157647","DEL","52.1123","QS","","52.1123","2100","","MA","","399923.0","272507.0","OB109-LINTHURST NEWTOWN","HSJ6","","","","","","","","","","","110157647","2024-01-22","","NRAIL","","","","","Down Main/Fast","PEDESTRIAN ACCESS POINT AT OB109 LINTHURST NEWTOWN. <DO NOT PARK VEHICLES IN FRONT OF HOUSES OR GATEWAYS ON LINTHURST NEWTOWN RD>",""
"110142885","DEL","116.0663","QS","","116.0663","0","","MA","","413444.0","310076.0","Lichfield","HSJ0","","","","","","","","","","","110142885","2022-03-21","","NRAIL","","","","","All/Multiple Tracks","New Access gate to line side from new substation compound. this access gate is only accessible via the 25kv compound therefore users of the access are limited exclusively to holders of minimum level C Distribution 25kV competence under NR/SP/ELP/21070.              LEC2",""
"110175291","DEL","0.0","QS","","0.0","3300","","MAP","","520968.0","183236.0","ACTON LANE BRIDGE","HSJ9","","","","","","","","","","","110175291","2024-01-22","","NRAIL","","","","","Rev Goods","Suspension of authorised pedestrian access point to allow for construction activities including new gates / fence line between 04/01/2022 and 14/01/2022 inclusive",""
"50143903","DEL","0.0345","QS","","0.0345","3617","","MAP","","529285.2","182888.3","Euston PSB","HSJ9","","","","","","","","","","","50143903","2024-01-15","","NRAIL","","","","","","Nature of Access: To double gate No.7 padlock through front door- Access card or phone. First Line Approach and Line Speed: 19 sidings. 20mph. Excellent parking.","TQ 29285 82888"
"50475510","DEL","0.1232","QS","","0.1232","3900","","MAP","","474739.0","260220.0","Northampton Station <Overflow car park>","HSJ8","","","","","","","","","NP","","50475510","2024-01-16","","GTRM","","","","","Rev Siding","Into station car park <short stay> and then left under bridge to end of overflow car park, gate on right. No.7 padlock.",""
"40625675","DEL","0.1265","QS","","0.1265","1100","","MAP","","382813.0","354958.0","KIDSGROVE","HSJ0","","","","","","","","","","","40625675","2022-03-21","","CARILL","","","","","Up Main/Fast","KCS1",""
"110147848","DEL","0.165","QS","","0.165","2100","","MAP","","","","Sladefield Road","HSJ7","","","","","","","","","","","110147848","2024-01-22","","NRAIL","","","","","Down Main/Fast","DO NOT USE.  Access point is unsafe and should not be used, needs removing suspending from hazard directory until full renewal carried out.  Pedestrian Access Point.  LAT=411413.  LONG=288030.",""
"110176813","DEL","1.0503","QS","","1.0503","2100","","MAP","","410083.2","290828.7","Gravelly Hill Stn","HSJ6","","","","","","","","","PED","","110176813","2024-01-22","","NRAIL","","","","","Down Main/Fast","Platform provides access to the Up main/1100 and Down main/2100. Access and egress off platform ends only when an appropriate safe system of work is in place. No access during the day, apart from minor maintenance, carrying light hand tools only. No plant or machinery access during the day unless there is emergency protection.    LAT=52.51527			    LONG=-1.85284			    EAST=410083.2088			     NORTH=290828.7822",""
"50143338","DEL","1.132","QS","","1.132","3400","","MAP","","484656.0","232373.0","Bletchley Road Newton Longville <Br.7>","HSJ6","","","","","","","","","","","50143338","2023-07-03","","AMEY","","","","","Rev Single","Pedestrian Gate on down side of bridge <No.5 lock>. Concrete steps & handrail up to trackside. Limited parking. Lock seized up. No fence giving open access. Arch off steps suffering trespass.",""
"50143339","DEL","2.132","QS","","2.132","3400","","MAP","","483196.0","231678.0","Newton Longville to Buckingham Rd <A421> <Br.9>","HSJ6","","","","","","","","","","","50143339","2023-07-03","","AMEY","","","","","Rev Single","Access on up side of bridge concrete steps & handrail down to grassed area & trackside. No gate <open access>. Steps overgrown.",""
"110166968","DEL","3.0572","QS","","3.0572","1100","","MAP","","","","Pony Crossing <Old Farm Park>","HSJ8","","","","","","","","","","","110166968","2019-05-23","","NRAIL","","","","","Up Main/Fast","1 possibly 2 max, cul de sac public road shared with public footpath/bridleway & no lighting",""
"50143340","DEL","3.088","QS","","3.088","3400","","MAP","","482103.0","231158.0","Wheasels Lodge & Lower Soulden Farm <Br.10>","HSJ6","","","","","","","","","","","50143340","2023-07-03","","AMEY","","","","","Rev Single","Pedestrian gate on down side of bridge. Concrete steps & handrail down to trackside. Limited parking on bridge. Lock broken <gate welded>.",""
"110162626","DEL","3.088","QS","","3.088","1100","","MAP","","401995.0","288815.0","WESTERN DRIVE ACCESS POINT","HSJ7","","","","","","","","","","","110162626","2024-01-22","","NRAIL","","","","","Up Main/Fast","",""
"110174082","DEL","4.0047","QS","","4.0047","1100","","MAP","","401409.5","289371.6","SMETHWICK GALTON STATION","HSJ7","","","","","","","","","","","110174082","2024-01-22","","NRAIL","","","","","Up Main/Fast","Access and egress off all platform ends when a safe system of work is in place~
Access via authorised walking route on platforms 3+4 low level Birmingham ? a suitable safe system of work is required~
No access during the day unless there is emergency protection",""
"50143341","DEL","4.044","QS","","4.044","3400","","MAP","","481124.0","230448.0","Unclassified rd Mursley to Whaddon <Br.11>","HSJ6","","","","","","","","","","","50143341","2023-07-03","","AMEY","","","","","Rev Single","Pedestrian gate on up side of bridge. Concrete steps & handrail down to trackside. Gate broken, no lock. Steps overgrown.",""
"50144422","DEL","4.0638","QS","","4.0638","3900","","MAP","","474931.0","259502.0","Bridge Street Junction G.F. Northampton","HSJ8","","","","","","","","","NP","","50144422","2024-01-15","","NRAIL","","","","","Rev Siding","Nature of Access: Straight through gate - path up side of fence. First Line Approach and Line Speed: Bridge Street line. 20mph.",""
"50144419","DEL","5.028","QS","","5.028","3900","","MAP","","476243.0","259542.0","Hardingstone Junction","HSJ8","","","","","","","","","NP","","50144419","2024-01-15","","GTRM","","","","","Rev Siding","Nature of Access:Through gate, No 7 padlock, straight access to track. First Line Approach and Line Speed: Disused sidings.",""
"50501151","DEL","6.006","QS","","6.006","2300","","MAP","","520967.0","183293.0","SPK-Harlesden Jn","HSJ9","","","","","","","","","","","50501151","2024-01-16","","GTRM","","","","","Down Goods","",""
"50143314","DEL","7.132","QS","","7.132","3400","","MAP","","476198.0","228168.0","Furze Lane, Winslow <Br.20>","HSJ6","","","","","","","","","","","50143314","2023-07-04","","AMEY","","","","","Rev Single","Access on upside of bridge, tarmac path then concrete steps & handrail down to trackside. Limited parking on bridge. No gate <open access>.",""
"50435798","DEL","8.01","QS","","8.01","0","","MAP","","518251.0","185019.0","Wembley Central Station","HSJ9","","","","","","","","","","","50435798","2024-01-15","","GTRM","","","","","All/Multiple Tracks","Nature of Access: Off platform ends. First Line Approach & Line Speed: Up & Down DC. 45 mph. No parking.",""
"50143315","DEL","8.0484","QS","","8.0484","3400","","MAP","","475406.0","227888.0","Unclassified rd Verney Junction to Winslow <Br.22>","HSJ6","","","","","","","","","","","50143315","2023-07-04","","AMEY","","","","","Rev Single","Wooden pedestrian gate on down side of bridge. Concrete steps up to track side. Lock broken. Broken handrail. No parking.",""
"40621407","DEL","8.1068","QS","","8.1068","1100","","MAP","","386736.0","361796.0","Congleton North","HSJ0","","","","","","","","","","","40621407","2022-03-21","","CARILL","","","","","Up Main/Fast","CMD1",""
"50143316","DEL","8.1452","QS","","8.1452","3400","","MAP","","474583.0","227595.0","Unclassified rd Verney Junction to Winslow <Br.24>","HSJ6","","","","","","","","","","","50143316","2023-07-04","","AMEY","","","","","Rev Single","Wooden pedestrian gate on up side of bridge, concrete steps & handrail up to track side. Limited parking. No lock <open access>.",""
"50435800","DEL","9.066","QS","","9.066","0","","MAP","","517393.0","186942.0","South Kenton Station","HSJ9","","","","","","","","","","","50435800","2024-01-15","","GTRM","","","","","All/Multiple Tracks","Nature of Access: DC lines only accessed off platform ends. Parking: on Windemere Grove/The Link.",""
"50143318","DEL","9.1738","QS","","9.1738","3400","","MAP","","472729.0","227306.0","Unclassified rd East Claydon to Padbury <Br.25>","HSJ6","","","","","","","","","","","50143318","2023-07-04","","AMEY","","","","","Rev Single","Access point on upside of bridge. Concrete steps down to trackside. Limited parking. No gate <open access>. Handrail broken.",""
"50461240","DEL","10.011","QS","","10.011","0","","MAP","","516974.0","187963.0","Kenton Station","HSJ9","","","","","","","","","","","50461240","2024-01-16","","NP","","","","","All/Multiple Tracks","Nature of Access: Off platform ends, DC lines only. Check station opening times. Parking:none.",""
"50461137","DEL","11.07","QS","","11.07","0","","MAP","","515454.0","189465.0","Harrow & Wealdstone Station","HSJ9","","","","","","","","","","","50461137","2024-01-15","","GTRM","","","","","All/Multiple Tracks","Nature of access: Off platform ends. Parking: good, in station car park <up & down>.",""
"50143856","DEL","11.122","QS","","11.122","2100","","MAP","","515067.0","189744.0","Headstone Drive - Br. No. 44","HSJ9","","","","","","","","","","","50143856","2024-01-15","","GTRM","","","","","Down Main/Fast","No.7 padlock, ascending steps to track. Access to relay room and DC lines only. Parking: none.",""
"50143319","DEL","12.044","QS","","12.044","3400","","MAP","","469410.0","225930.0","Unclassified rd Calvert to Steeple Claydon <Br.27>","HSJ8","","","","","","","","","","","50143319","2024-03-25","","AMEY","","","","","Rev Single","OXD - Remoed/Recovered by HS2. Metal pedestrian gate on down side of bridge <No.5 lock>. Concrete steps & handrail down to trackside. No parking.",""
"50461139","DEL","12.106","QS","","12.106","0","","MAP","","513880.0","190608.0","Headstone Lane Station","HSJ9","","","","","","","","","","","50461139","2024-01-15","","GTRM","","","","","All/Multiple Tracks","Nature of Access: Off platform ends, access to DC lines only. Check station opening times. Parking: none.",""
"50143322","DEL","13.0302","QS","","13.0302","3400","","MAP","","467970.0","225542.0","Unclassifed rd Charndon to Twyford <Br.29>","HSJ6","","","","","","","","","","","50143322","2023-07-04","","AMEY","","","","","Rev Single","Wooden gate on down side of bridge <No.5 lock> concrete steps & handrail down to track side. Limited parking.",""
"50143321","DEL","13.044","QS","","13.044","3400","","MAP","","467845.0","225507.0","Unclassifed rd Calvert to Gawcott <Br.28>","HSJ6","","","","","","","","","","","50143321","2023-07-04","","AMEY","","","","","Rev Single","Wooden pedestrian gate on down side of bridge <No.5 lock>. Concrete steps and handrail to trackside. No parking.",""
"50461141","DEL","13.044","QS","","13.044","0","","MAP","","513116.0","191302.0","Hatch End Station","HSJ9","","","","","","","","","","","50461141","2024-01-15","","GTRM","","","","","All/Multiple Tracks","Nature of Access: Off platform ends. Parking: good, in station car park.",""
"50461142","DEL","14.01","QS","","14.01","2100","","MAP","","512312.0","192323.0","Hatch End Sub Station","HSJ9","","","","","","","","","","","50461142","2024-01-15","","GTRM","","","","","Down Main/Fast","NATURE OF ACCESS: DOUBLE GATE, NO.7 PADLOCK, DESCENDING STEPS. WARNING SSOW RESTRICTED AREA <DC>. DIRT TRACK RUNS FOR 100 YRDS FROM AP GATE ON LITTLE OXHEY LANE TO TOP OF STEPS ADJACENT TO SUB STATION. PARKING: GOOD, INSIDE AP GATE.",""
"50461144","DEL","14.122","QS","","14.122","0","","MAP","","511894.0","193256.0","Carpenders Park Station","HSJ9","","","","","","","","","","","50461144","2024-01-15","","GTRM","","","","","All/Multiple Tracks","Nature of Access: Off platform ends. Check station opening times. Parking: fair, on station approah Road.",""
"110166972","DEL","14.132","QS","","14.132","2100","","MAP","","","","Interchange access <Ampthill Road>","HSJ8","","","","","","","","","","","110166972","2019-05-23","","NRAIL","","","","","Down Main/Fast","Old signage needs to be replaced, some vegetation, some rubbish found & no lighting",""
"50143325","DEL","16.1034","QS","","16.1034","3400","","MAP","","462739.0","223862.0","Unclass""d rd Stratton Audley to Marsh Gibbon Br.34","HSJ6","","","","","","","","","","","50143325","2023-07-04","","AMEY","","","","","Rev Single","Concrete steps & fence from road on down side of bridge up to metal pedestrian gate <No.5 lock>. No parking.",""
"50127777","DEL","17.05","QS","","17.05","2100","","MAP","","511208.0","197125.0","Watford Junction PSB","HSJ9","","","","","","","","","","","50127777","2024-01-15","","GTRM","","","","","Down Main/Fast","Nature of Access: Double gate No.7 padlock, main access to PSB off Orphanage Rd. note-this does not link up with car park adjacent to bus station.",""
"50461149","DEL","17.07","QS","","17.07","0","","MAP","","511092.0","197267.0","Watford Junction Station","HSJ9","","","","","","","","","","","50461149","2024-01-15","","GTRM","","","","","All/Multiple Tracks","Nature of Access: Off platform ends. Parking: good, in station car park.",""
"40637633","DEL","19.132","QS","","19.132","1300","","MAP","","387735.0","345872.0","COCKSHUTE UP","HSJ0","","","","","","","","","","","40637633","2022-03-21","","GTRM","","","","","Up Goods","CMD2",""
"110177931","DEL","19.1349","QS","","19.1349","1200","","MAP","","508627.0","200237.0","Gypsy Lane, Br68","HSJ9","","","","","","","","","Pedestrian","","110177931","2024-01-23","","NRAIL","","","","","Up Slow","Stepped access from the north east of Gypsy Lane overbridge structure LEC1/36.~
Access onto the Up slow.~
Live OLE in the vacinity.","TL 08627 00237"
"50143846","DEL","20.172","QS","","20.172","0","","MAP","","508022.0","202041.0","Kings Langley Station Car Park - North Approach","HSJ9","","","","","","","","","NP","","50143846","2024-01-15","","GTRM","","","","","All/Multiple Tracks","Nature of Access: Off platform ends. First Line Approach and Line Speed: Down Fast. Down road normal flow of traffic right to left as viewed from access. 110mph. There is no authorised parking, loading or unloading on this access road off Station Road",""
"110131146","DEL","22.0357","QS","","22.0357","2100","","MAP","","507307.0","203865.0","","HSJ9","","","","","","","","","","","110131146","2024-01-22","","CARILL","","","","","Down Main/Fast","",""
"50435811","DEL","23.01","QS","","23.01","1200","","MAP","","506301.0","204802.0","Apsley Station","HSJ9","","","","","","","","","NP","","50435811","2024-01-15","","GTRM","","","","","Up Slow","Nature of Access: Off platform ends. First Line Approach & Line Speed: Up Slow. Up roads normal flow of traffic right to left as viewed from access. 90 mph.Parking: good, in car park.",""
"50435812","DEL","24.08","QS","","24.08","0","","MAP","","504358.0","205890.0","Hemel Hempstead Station","HSJ9","","","","","","","","","NP","","50435812","2024-01-15","","GTRM","","","","","All/Multiple Tracks","Nature of Access: Off platform ends. First Line Approach & LIne Speed: Sidings - Bi-directional. Parking: good, in short-term station car park.",""
"50496918","DEL","25.0836","QS","","25.0836","2100","","MAP","","502805.0","206428.0","Winkwell South REB","HSJ9","","","","","","","","","","","50496918","2024-01-16","","CARILL","","","","","Down Main/Fast","Nature of Access: Pedestrian walkway behind reinstated fence line from road at UB 92 to Winkwell South REB with steps to Fast Cess.",""
"50143828","DEL","25.1378","QS","","25.1378","2100","","MAP","","502309.0","206617.0","Button Demolition, Pix farm lane","HSJ9","","","","","","","","","","","50143828","2024-01-15","","GTRM","","","","","Down Main/Fast","Nature of Access: Large gate - No.7 padlock - ascending path up bank. First Line Approach and Line Speed: Down Fast. Down road normal flow of traffic right to left as viewed from access. 110mph. Parking: on side of road.",""
"110153322","DEL","25.1584","QS","","25.1584","1100","","MAP","","452101.0","213905.0","Mill Lane Islip","HSJ6","","","","","","","","","","","110153322","2024-01-22","","NRAIL","","","","","Up Main/Fast","Pedestrian access gate only. No vehicle parking.  Postcode OX5 2SU",""
"50143148","DEL","27.11","QS","","27.11","2100","","MAP","","392678.0","320758.0","Rickerscote Road - Br. 81","HSJ0","","","","","","","","","","","50143148","2022-03-21","","GTRM","","","","","Down Main/Fast","Nature of Access: downside, single gate, descending steps. Route to track in disrepair. Access to Loc cabinets via descending ladder. Parking: none.                                                  RBS3",""
"50143831","DEL","27.154","QS","","27.154","2100","","MAP","","499381.0","208150.0","Berkhampsted Station","HSJ9","","","","","","","","","","","50143831","2024-01-15","","GTRM","","","","","Down Main/Fast","Nature of Access: Off platform ends. First Line Approach and Line Speed: Up Slow. Up road normal flow of traffic right to left as viewed from access. 75mph. Parking: good, in station car park.",""
"110131172","DEL","31.0965","QS","","31.0965","3900","","MAP","","495212.0","212018.0","Tring TSC","HSJ9","","","","","","","","","","","110131172","2024-01-22","","NRAIL","","","","","Rev Siding","Tring TSC",""
"110147042","DEL","31.11","QS","","31.11","0","","MAP","","","","Sandon TSC 25KV SUBSTATION","HSJ0","","","","","","","","","","","110147042","2022-03-21","","NRAIL","","","","","All/Multiple Tracks","Address:B5066:ST18 0DJ Details: Off A51, B5066, Opposite Dog and Doublet Inn OS GRID REF SJ 947 293.                                                      CMD2",""
"50497906","DEL","34.0154","QS","","34.0154","1200","","MAP","","493008.0","215433.0","Tring Cutting PSP Access","HSJ9","","","","","","","","","","","50497906","2024-01-16","","CARILL","","","","","Up Slow","Nature of Access: Double gate - access to PSP.",""
"40621716","DEL","36.0693","QS","","36.0693","1100","","MAP","","399825.0","324125.0","Hoo Mill U/Br 138","HSJ0","","","","","","","","","","","40621716","2023-09-06","","CARILL","","","","","Up Main/Fast","",""
"110132051","DEL","36.0795","QS","","36.0795","1200","","MAP","","492184.0","218824.0","Horton Bridge","HSJ8","","","","","","","","","","","110132051","2024-01-22","","NRAIL","","","","","Up Slow","Horton Bridge",""
"40621724","DEL","37.075","QS","","37.075","1100","","MAP","","399670.0","322492.0","Clifford Arms Bridge U/Br 141","HSJ0","","","","","","","","","","","40621724","2024-01-15","","CARILL","","","","","Up Main/Fast","",""
"50500869","DEL","37.101","QS","","37.101","2100","","MAP","","491688.0","220879.0","Ledburn South Pedestrian","HSJ8","","","","","","","","","","","50500869","2024-01-16","","NRAIL","","","","","Down Main/Fast","",""
"50140937","DEL","38.0607","QS","","38.0607","1200","","MAP","","","","Limited Clearance at Br 129","HSJ8","","","","","","","","","","","50140937","2024-01-15","","NRAIL","","","","","Up Slow","5 +  Shared access to public footpath, These need to be replaced Worn/weathered, both main access gate and entrance gate  need to be replaced. Needs improving potholes etc, Cow effluent leaking across pathway at entrance, no lighting",""
"50461160","DEL","39.044","QS","","39.044","1200","","MAP","","491069.0","223506.0","Leighton Buzzard SUB STN","HSJ8","","","","","","","","","","","50461160","2024-01-15","","NRAIL","","","","","Up Slow","Nature of Access: Single gate, No.7 padlock, direct to track. Check for access provisions through sub station. Parking: fair, on side of road.",""
"110171812","DEL","39.102","QS","","39.102","3900","","MAP","","409928.0","289082.0","WASHWOOD HEATH ENGINEERS SIDINGS","HSJ6","","","","","","","","","","","110171812","2024-06-03","","NRAIL","","","","","Rev Siding","Access off Aston Church Road, past Taronis former scrap yard site and over disused level crossing.Double gates with No 17 padlock on your left. Secure gates at all times. ///What3Words for access gates is ///gears.scout.carry",""
"50461425","DEL","39.13","QS","","39.13","1100","","MAP","","409733.0","288963.0","Watson Road","HSJ6","","","","","","","","","","","50461425","2024-07-24","","NRAIL","","","","","Up Main/Fast","Off Hearlands Parkway into Watson Road. Locked barrier <key from gatehouse at Gravelly Hill Industrial Estate, Jarvis Way>. Road goes under rail arch <No.14>. Parking area available. Pedestrian gate <No.17 padlock> at left hand side end of road. Also gives access to SAS <2m 0231y> down/main.",""
"50435763","DEL","41.0534","QS","","41.0534","2100","","MAP","","490833.0","226733.0","Old Linslade Road <BR.138>","HSJ8","","","","","","","","","","","50435763","2024-01-15","","GTRM","","","","","Down Main/Fast","",""
"110175371","DEL","44.0364","QS","","44.0364","2100","","MAP","","407356.0","282344.0","Findlay Road Retail Park Access","HSJ6","","","","","","","","","Pedestrain Access","","110175371","2024-01-22","","NRAIL","","","","","Down Main/Fast","Access compound behind retail park buildings in far right hand corner. No 17 padlock on gates. Please park so that others can use ~
the compound. What3Words for the gates is ///fully.hedge.prime. The new Kings Heath station is being built at this location.   LAT=N52""26""20    LONG=W1""53""26",""
"50143807","DEL","46.0857","QS","","46.0857","2100","","MAP","","486909.0","233502.0","Bletchley PSB","HSJ8","","","","","","","","","NP","","50143807","2024-01-15","","NRAIL","","","","","Down Main/Fast","Nature of Access: Through PSB car park. Double gate, No.7 padlock. First Line Approach and Line Speed: Down Fast. Down road normal flow of traffic right to left as viewed from access. 110mph.",""
"110184694","DEL","47.0004","QS","","47.0004","0","","MAP","","","","TEST D","HSJ8","","","","","","","","","NP","","110184694","2023-09-12","","NRAIL","","","","","All/Multiple Tracks","TEST D",""
"110184696","DEL","47.0006","QS","","47.0006","0","","MAP","","","","TEST F","HSJ8","","","","","","","","","NP","","110184696","2023-09-12","","NRAIL","","","","","All/Multiple Tracks","TEST F",""
"110184698","DEL","47.0008","QS","","47.0008","0","","MAP","","","","TEST H","HSJ8","","","","","","","","","NP","","110184698","2023-09-12","","NRAIL","","","","","All/Multiple Tracks","TEST H",""
"110184699","DEL","47.0009","QS","","47.0009","0","","MAP","","","","TEST J","HSJ8","","","","","","","","","NP","","110184699","2023-09-12","","NRAIL","","","","","All/Multiple Tracks","TEST J",""
"110166977","DEL","48.088","QS","","48.088","1100","","MAP","","","","Denbigh North Jnc Bridge","HSJ8","","","","","","","","","","","110166977","2022-03-14","","NRAIL","","","","","Up Main/Fast","10+ in slow side access compound, no lighting",""
"50143812","DEL","49.007","QS","","49.007","2100","","MAP","","484970.0","237024.0","White Steps by A5 Milton Keynes","HSJ8","","","","","","","","","NP","","50143812","2024-01-15","","GTRM","","","","","Down Main/Fast","Nature of Access: Double Gate, No.7 padlock,. First Line Approach and Line Speed: Down Fast. Down road normal flow of traffic right to left as viewed from access. 110mph. Access Via Haul Road Off Portway Roundabout only - 15mph Speed Limit. No Access Off A5",""
"110147542","DEL","51.0405","QS","","51.0405","0","","MAP","","","","WOLVERTON FS","HSJ8","","","","","","","","","Substation Access","","110147542","2024-01-22","","NRAIL","","","","","All/Multiple Tracks","Address:Monks Way Bradwell Abbey:MK13 9XX Details: Monks Way Bradwell Abbey. SP827397",""
"50461181","DEL","51.1415","QS","","51.1415","2100","","MAP","","482258.3","240529.6","Bibbys Yard -South Pedestrian","HSJ8","","","","","","","","","","","50461181","2024-01-16","","NRAIL","","","","","Down Main/Fast","Nature of Access: single gate, No.7 padlock, descending steps. Sidings directly inside AP gate, beware of shunting movements. AP gives pedestrian access only to Wolverton South ""Bibbies"" area. Parking: fair, adj to AP gate.","SP 82258 40529"
"50435769","DEL","61.066","QS","","61.066","1100","","MAP","","474493.0","253629.0","COURTENHALL SLOWS","HSJ8","","","","","","","","","","","50435769","2024-01-15","","NRAIL","","","","","Up Main/Fast","BLN-Hunsbury Hill",""
"110147530","DEL","65.0494","QS","","65.0494","0","","MAP","","","","HUNSBURY HILL","HSJ8","","","","","","","","","Substation Access","","110147530","2024-01-22","","NRAIL","","","","","All/Multiple Tracks","Address:Hillfarm Rise, Northampton: NN4 9XX Details: Hillfarm Rise Northampton. SP739575",""
"110147532","DEL","67.0462","QS","","67.0462","0","","MAP","","","","KINGSTHORPE ATS","HSJ8","","","","","","","","","Substation Access","","110147532","2024-01-22","","NRAIL","","","","","All/Multiple Tracks","Address:Mill Lane, Kingsthorpe:NN5 7XX Details: Mill Lane Kingsthorpe. SP743625",""
"50500865","DEL","74.0495","QS","","74.0495","2100","","MAP","","460567.0","266808.0","O/B MURCOTT LANE","HSJ8","","","","","","","","","","","50500865","2024-01-16","","NRAIL","","","","","Down Main/Fast","",""
"110147534","DEL","74.0728","QS","","74.0728","0","","MAP","","632195.8","579524.9","PATFORD BRIDGE ATFS","HSJ8","","","","","","","","","SP646663","","110147534","2024-01-22","","NRAIL","","","","","All/Multiple Tracks","Address:Brington Road / Lodge Lane:NN6 7XX Details: Brington Road / Lodge Lane. SP646663",""
"110147535","DEL","75.0814","QS","","75.0814","0","","MAP","","630648.1","579545.1","LONG BUCKBY ASC","HSJ8","","","","","","","","","Substation Access","","110147535","2024-01-22","","NRAIL","","","","","All/Multiple Tracks","Address:Off Station Road Long Buckby:NN6 7XX Details: Off Station Road Long Buckby. SP623667",""
"50474957","DEL","75.143","QS","","75.143","1100","","MAP","","458985.0","268660.0","Former Welton Public Footpath Crossing","HSJ8","","","","","","","","","","","50474957","2024-01-16","","GTRM","","","","","Up Main/Fast","",""
"110142247","DEL","82.0074","QS","","82.0074","0","","MAP","","451869.0","275629.0","Clifton Road Golf Course","HSJ8","","","","","","","","","","","110142247","2024-01-22","","NRAIL","","","","","All/Multiple Tracks","<Change of use - Vehicular to Pedestrian> 1790926",""
"110147548","DEL","82.0402","QS","","82.0402","0","","MAP","","","","HILLMORTON ASC","HSJ8","","","","","","","","","Substation Access","","110147548","2024-01-22","","NRAIL","","","","","All/Multiple Tracks","Address:Off Lower Street Hillmorton:CV21 4NX Details: Off Lower Street Hillmorton. SP545738",""
"50501143","DEL","83.122","QS","","83.122","1200","","MAP","","449311.0","276128.0","Parkfield Road TV","HSJ8","","","","","","","","","","","50501143","2024-01-16","","GTRM","","","","","Up Slow","",""
"110147549","DEL","83.1405","QS","","83.1405","0","","MAP","","","","RUGBY FS","HSJ8","","","","","","","","","Substation Access","","110147549","2024-01-22","","NRAIL","","","","","All/Multiple Tracks","Address:Parkfield Road Rugby: CV21 1EY Details: Parkfield Road Rugby. SP491761",""
"50501144","DEL","86.0","QS","","86.0","2100","","MAP","","445641.0","275903.0","Gas Works Bridge","HSJ8","","","","","","","","","","","50501144","2024-01-16","","GTRM","","","","","Down Main/Fast","",""
"110147022","DEL","96.143","QS","","96.143","0","","MAP","","","","Nuneaton TSC 25KV SUBSTATION","HSJ0","","","","","","","","","","","110147022","2022-03-21","","NRAIL","","","","","All/Multiple Tracks","Address:Oaston Rd:CV11 6JZ Details: Oaston Rd OS GRID REF SP 369 916.                                LEC2",""
"110147021","DEL","110.0192","QS","","110.0192","0","","MAP","","","","Tamworth SATS:ATS 25KV SUBSTATION","HSJ0","","","","","","","","","","","110147021","2022-03-21","","NRAIL","","","","","All/Multiple Tracks","Address:Croft St:B79 7JT Details: Croft St, behind Tamworth College of Futher Education OS GRID REF. SK 212 045.                                              LEC2",""
"110147019","DEL","116.0633","QS","","116.0633","0","","MAP","","581020.5","583823.1","Lichfield ATS 25KV SUBSTATION","HSJ0","","","","","","","","","","","110147019","2024-01-22","","NRAIL","","","","","All/Multiple Tracks","DUPLICATE of Burton Rd Bridge BR:100. Address:Burton Rd:WS13 6HB Details: Burton Rd<A5127>, NWR Site off roundabout near station  OS GRID REF. SK 134 101",""
"110147030","DEL","122.0406","QS","","122.0406","0","","MAP","","574668.3","584514.4","Brereton ATFS 25KV SUBSTATION","HSJ0","","","","","","","","","","","110147030","2024-01-22","","NRAIL","","","","","All/Multiple Tracks","Address:A51:WS15 1PR Details: Off A51,Rugeley Power Station~ OS GRID REF SK 073 169. *Path not to be used as an Access Point.*",""
"110153451","DEL","131.03","QS","","131.03","2200","","MAP","","","","Penzance Way","HSJ0","","","","","","","","","","","110153451","2024-01-22","","NRAIL","","","","","Down Slow","Down Stafford Slow",""
"110147027","DEL","132.1692","QS","","132.1692","0","","MAP","","","","Queensville TSC 25KV SUBSTATION","HSJ0","","","","","","","","","","","110147027","2024-01-22","","NRAIL","","","","","All/Multiple Tracks","Address:Herbert Rd:ST16 1BB Details: Off A449, Herbet Rd <Allotment Access> OS GRID REF SJ 923 223",""
"110147038","DEL","134.0627","QS","","134.0627","0","","MAP","","","","Stafford FS 25KV SUBSTATION","HSJ0","","","","","","","","","","","110147038","2022-03-21","","NRAIL","","","","","All/Multiple Tracks","Address:Doxey Rd:ST16 2EW Details: Access at carpark opposite Unversal Obrasives~ OR GRID REF SJ 910 237.                                               LEC4",""
"50143684","DEL","137.02","QS","","137.02","1100","","MAP","","388100.0","327267.0","Barrack s Bridge - Br. No. 9 <Little Brigeford>","HSJ0","","","","","","","","","","","50143684","2022-03-21","","CARILL","","","","","Up Main/Fast","LEC4",""
"40623862","DEL","142.0617","QS","","142.0617","1100","","MAP","","383117.0","333461.0","BR 33","HSJ0","","","","","","","","","","","40623862","2022-03-21","","CARILL","","","","","Up Main/Fast","LEC4",""
"40638007","DEL","143.016","QS","","143.016","1100","","MAP","","382771.0","334593.0","MILL MEECE","HSJ0","","","","","","","","","","","40638007","2022-03-21","","CARILL","","","","","Up Main/Fast","LEC4",""
"40638008","DEL","143.0551","QS","","143.0551","1100","","MAP","","382714.0","334944.0","MILL MEECE","HSJ0","","","","","","","","","","","40638008","2022-03-21","","CARILL","","","","","Up Main/Fast","LEC4",""
"110184695","DEL","47.0005","QS","","47.0005","0","","MAPE","","","","TEST E","HSJ8","","","","","","","","","NP","","110184695","2023-09-12","","NRAIL","","","","","All/Multiple Tracks","TEST E",""
"110157807","DEL","1.0576","QS","","1.0589","1101","","MAR","","","","RRAP 1","HSJ9","","","","","","","","","","","110157807","2024-01-22","","NRAIL","","","","","","",""
"110171813","DEL","39.102","QS","","39.102","3900","","MAR","","409928.0","289082.0","WASHWOOD HEATH ENGINEERS SIDINGS","HSJ6","","","","","","","","","","","110171813","2024-06-03","","NRAIL","","","","","Rev Siding","Access off Aston Church Road, past Taronis former scrap yard site and over disused level crossing.Double gates with No 17 padlock on your left. Secure gates at all times. ///What3Words for access gates is ///gears.scout.carry",""
"110147541","DEL","46.0535","QS","","46.0535","1200","","MAR","","486977.3","233193.4","Lamb Sidings - BLETCHLEY SATS","HSJ8","","","","","","","","","Substation Access","","110147541","2024-01-22","","NRAIL","","","","","Up Slow","Address:Water Eaton Road Bletchley:MK2 3XX Details: Water Eaton Road Bletchley. SP870332","SP 86977 33193"
"110175518","DEL","46.0748","QS","","46.0748","2200","","MAR","","486935.1","233384.4","Cable & Wireless RRAP Down Slow","HSJ9","","","","","","","","","","","110175518","2022-02-09","","NRAIL","","","","","Down Slow","","SP 86935 33384"
"110175519","DEL","46.0749","QS","","46.0749","1100","","MAR","","486929.4","233383.5","Cable & Wireless RRAP Up Fast","HSJ9","","","","","","","","","","","110175519","2022-02-09","","NRAIL","","","","","Up Main/Fast","","SP 86929 33383"
"110169190","DEL","46.075","QS","","46.075","2100","","MAR","","","","Cable & Wireless Access point","HSJ8","","","","","","","","","","","110169190","2021-10-07","","NRAIL","","","","","Down Main/Fast","Temporary Hall Road access off the Cable & Wireless road. East West Rail Project are managing this location and have installed RRAPs to support all 4 running lines. Anyone wanting to us this location need to approch the EWR2 Project T12 in advance.",""
"50461189","DEL","62.1716","QS","","62.1716","1100","","MAR","","471999.0","254651.0","BLISWORTH 8UF","HSJ8","","","","","","","","","","","50461189","2024-01-16","","NRAIL","","","","","Up Main/Fast","Nature of Access: double gate No.7 padlock, direct to track. Access off A43 dual carriageway, always turn left when exiting AP. Parking: excellent, inside AP gate.",""
"110151307","DEL","64.099","QS","","64.1","0","","MAR","","","","Access Point Banbury Lane","HSJ8","","","","","","","","","","","110151307","2024-01-22","","NRAIL","","","","","All/Multiple Tracks","New access point at Banbury Lane - lines at site up and down main.",""
"50461190","DEL","67.088","QS","","67.088","2100","","MAR","","465457.0","257733.0","Wickes Yard","HSJ8","","","","","","","","","","","50461190","2024-01-16","","NRAIL","","","","","Down Main/Fast","Nature of Access: double gate No.7 padlock, direct to track. Parking: good, inside or adj to AP gate.",""
"110147485","DEL","0.0308","QS","","0.0308","0","","MAV","","","","EUSTON TSC 25KV SUBSTATION","HSJ9","","","","","","","","","","","110147485","2024-01-22","","NRAIL","","","","","All/Multiple Tracks","Address:Cardington Street, Euston, London:NW1 2PS Details: Cardington Street",""
"110142246","DEL","0.132","QS","","0.132","1100","","MAV","","437746.0","291761.0","Midland Junction","HSJ0","","","","","","","","","","","110142246","2022-03-21","","NRAIL","","","","","Up Main/Fast","Access is along Whitaker Road industrial estate & access is gained through double gates onto a track<old midland junction line> a 100yd track leads onto another set of double gates into a small compound.                                               WNS",""
"110166792","DEL","1.0155","QS","","1.0155","2100","","MAV","","","","Bletchley Depot BFO","HSJ8","","","","","","","","","","","110166792","2024-01-22","","NRAIL","","","","","Down Main/Fast","5+ Main access gates for depot used, no Lighting, various scrap materials stored at this access",""
"110184701","DEL","2.022","QS","","2.022","2100","","MAV","","250532.0","669467.0","John Knox Street Temp RRAP.","HSJ8","","","","","","","","","","","110184701","2023-09-12","","NRAIL","","","","","Down Main/Fast","Temporary RRAP for accessing RRVs to be utilised in conjunction with Prep/Core and Follow Up works for disruptive works WK26.","NS 50532 69467"
"110179732","DEL","3.06","QS","","3.06","2100","","MAV","","525119.6","183241.1","Canterbury Road <Temp Access 19th Sept-31st Oct>","HSJ9","","","","","","","","","","","110179732","2024-01-23","","OT","","","","","Down Main/Fast","This Temporoary Access will be in use between 19th Sept and the 31st Oct 2022. Access is via the SCS site access gates situated on Canterbury Road. All staff will require a valid Sentinel Card <physical not photo> and full PPE to be allowed entry. Staff will be briefed and escorted through the SCS site, up a vehicle ramp and through a second set of gates and into the track access point situated at 3m600yds.<Please note that the track RRAP is not installed> Upon completing work or when egressing NR staff and contractors will be escorted back through the SCS/HS2 site, down the ramp, through the yard and back out the main gates to egress onto Canterbury Road. NOTE: deliveries are not permitted at this access point between the hours 08:30-09:30 and 14:30-15:30 due to adjacent school opening/closing hours.",""
"50435774","DEL","4.1","QS","","4.1","3900","","MAV","","475271.0","259531.0","Bridge Street Level Crossing Northampton","HSJ8","","","","","","","","","NP","","50435774","2024-01-15","","GTRM","","","","","Rev Siding","Nature of Access: Gate opposite Signal Box. First Line Approach & Line Speed: Up/Down Goods. 10mph.",""
"50143342","DEL","5.0","QS","","5.0","3400","","MAV","","480312.0","229551.0","Frm trk off Mursley to Lt. Horwood/Swan""s Way Br13","HSJ6","","","","","","","","","","","50143342","2023-07-03","","AMEY","","","","","Rev Single","Take cycleway on down side of bridge to access point 100yds on left. Parking for one vehicle on RT land. No gate <open access>",""
"110149594","DEL","5.0088","QS","","5.0088","2100","","MAV","","","","Aspley Guise access","HSJ8","","","","","","","","","","","110149594","2024-01-22","","NRAIL","","","","","Down Main/Fast","Approx 2 in adjoining compound, dhared with public footpath, public road & station lighting",""
"50143309","DEL","5.044","QS","","5.044","3400","","MAV","","480012.0","229284.0","Swanbourne Old Station on Unclassifed Rd","HSJ6","","","","","","","","","","","50143309","2023-07-04","","AMEY","","","","","Rev Single","Parking area at old station house on down side off road. Steps onto former platform area then trackside. No gates or fence.",""
"110166969","DEL","6.0129","QS","","6.0129","1100","","MAV","","","","Ridgemont Access","HSJ8","","","","","","","","","","","110166969","2022-03-15","","NRAIL","","","","","Up Main/Fast","6+ in adjoining compound, shared with public footpath, road & station lighting, rail",""
"50143869","DEL","7.16","QS","","7.16","0","","MAV","","518397.0","184827.0","Station Grove","HSJ9","","","","","","","","","","","50143869","2024-01-15","","GTRM","","","","","All/Multiple Tracks","TO ACCESS WCML CROSS OVER DC LINE LEVEL CROSSING AND CLIMB EMBANKMENT, NO STEPPED/RAMPED ACCESS TO WCML. DOUBLE GATE, KEY NO.7. PARKING GOOD-ON SIDE OF ROAD.",""
"50454680","DEL","8.0198","QS","","8.0198","3900","","MAV","","518300.0","184952.0","London Road","HSJ9","","","","","","","","","","","50454680","2024-01-15","","GTRM","","","","","Rev Siding","ALO control measures to be implemented when delivering to this access. Deliveries must be met.",""
"110186616","DEL","8.0551","QS","","8.0551","1100","","MAV","","475398.0","227851.0","OXD/22 VERNEY ROAD DOWN WEST","HSJ8","","","","","","","","","","","110186616","2024-03-25","","NRAIL","","","","","Up Main/Fast","Dup Record Error in generating.",""
"50143872","DEL","9.0","QS","","9.0","1200","","MAV","","517616.0","186377.0","North Wembley Junction","HSJ9","","","","","","","","","","","50143872","2024-01-15","","GTRM","","","","","Up Slow","Nature of Access: Double gate - No.7 padlock. straight onto track. First Line Approach and Line Speed: Up Slow. Up road normal flow of traffic right to left as viewed from access. 90mph. Old siding runs parallel to access point. Parking good-inside AP",""
"50461136","DEL","9.069","QS","","9.069","1200","","MAV","","517383.0","186968.0","Windermere Grove <North>","HSJ9","","","","","","","","","","","50461136","2024-01-15","","GTRM","","","","","Up Slow","Nature of Access: Double gate, No.7 padlock, ascending ramp. Vehicular access north of station subway, pedestrian access south of subway. Do not drive heavy vehicles over cable troughing. Parking: fair, on windermere Grove.",""
"40637626","DEL","11.1548","QS","","11.1548","1100","","MAV","","383917.0","357341.0","MOUNT PLEASENT BR","HSJ0","","","","","","","","","","","40637626","2022-03-21","","GTRM","","","","","Up Main/Fast","CMD1",""
"50461138","DEL","12.09","QS","","12.09","2100","","MAV","","513997.0","190522.0","Headstone Lane - South","HSJ9","","","","","","","","","","","50461138","2024-01-15","","GTRM","","","","","Down Main/Fast","Nature of Access: Double gate, No.7 padlock, direct to track. High T & V area. Access to DC lines only. Parking: fair, on side of road.",""
"110144224","DEL","12.1259","QS","","12.1259","3100","","MAV","","468673.0","225727.0","Claydon Junction - Shepherd""s Furze Farm","HSJ8","","","","","","","","","","","110144224","2024-03-25","","PP","","","","","Rev Main/Fast","OXD - Removed/Recovered by HS2. Vehicle Access at Claydon Junction. We have a documented agreement with the landowner for a reserved right of access off the main road, up the farm track past Shepherds Furze Farm to the Railway Line, however please note the following restrictions: 1. No vehicles exceeding 10 tonnes gross weight. 2. Strict speed limit of 15 mph. 3. Access for all staff between 9am - 5pm on Monday - Friday ONLY. 4. Access at weekends will only be allowed following prior arrangement with the landowner. 5. Access for signallers is 24/7. 6. No parking of machinery, plant or materials on land not belonging to Network Rail. 7. Mis-use of this access arrangement may result in the agreement being terminated and access stopped. Anyone using this access outside the documented hours may also be reported to police and could be liable to prosecution for trespass.",""
"50143324","DEL","15.022","QS","","15.022","3400","","MAV","","464983.0","224577.0","Unclassified rd Poundon to Marsh Gibbon","HSJ6","","","","","","","","","","","50143324","2023-07-04","","AMEY","","","","","Rev Single","Road track on down side of bridge, drive through coal yard to track side. Can drive for some distance along P-Way. No gate <open access>.",""
"40621483","DEL","16.0242","QS","","16.0242","1100","","MAV","","385089.0","350866.0","Steamer Bridge O/Br 70","HSJ0","","","","","","","","","","","40621483","2022-03-21","","CARILL","","","","","Up Main/Fast","CMD2",""
"50461151","DEL","21.0224","QS","","21.0224","1200","","MAV","","507972.0","202261.0","Br. No.73","HSJ9","","","","","","","","","","","50461151","2024-01-15","","GTRM","","","","","Up Slow","Nature of Access: double gate, No.7 padlock, ascending ramp. Parking: no parking adjacent to AP gate or on access road. RT only have right of access -no parking rights.",""
"110131145","DEL","21.0865","QS","","21.0865","2100","","MAV","","507857.0","202793.0","","HSJ9","","","","","","","","","","","110131145","2024-01-22","","CARILL","","","","","Down Main/Fast","",""
"40637640","DEL","26.154","QS","","26.154","2100","","MAV","","389463.0","334821.0","STONE JN","HSJ0","","","","","","","","","","","40637640","2022-03-21","","GTRM","","","","","Down Main/Fast","CMD2",""
"110131174","DEL","31.1188","QS","","31.1188","3900","","MAV","","495110.0","212194.0","Tring Station","HSJ9","","","","","","","","","","","110131174","2024-01-22","","NRAIL","","","","","Rev Siding","ALO control measures to be implemented when delivering to this access. Deliveries must be met.",""
"110149564","DEL","32.084","QS","","32.084","1100","","MAV","","0.0","","Sandon Wood Yard Litchfield Road","HSJ0","","","","","","","","","","","110149564","2022-03-21","","NRAIL","","","","","Up Main/Fast","Eastings 2.066746 W   Northings 53.853165 N. CMD2","SJ 95603 28410"
"40621701","DEL","34.1475","QS","","34.1475","2100","","MAV","","398795.0","326328.0","Shirley Witch","HSJ0","","","","","","","","","","","40621701","2022-03-21","","CARILL","","","","","Down Main/Fast","CMD2",""
"110149563","DEL","38.1015","QS","","38.1015","1100","","MAV","","","","Colwich Cabin Yard","HSJ0","","","","","","","","","","","110149563","2022-03-21","","NRAIL","","","","","Up Main/Fast","Eastings 2.032812W   Northings 52.836676 N. CMD2","SJ 97887 26574"
"110171814","DEL","39.102","QS","","39.102","3900","","MAV","","409928.0","289082.0","WASHWOOD HEATH ENGINEERS SIDINGS","HSJ6","","","","","","","","","","","110171814","2024-06-03","","NRAIL","","","","","Rev Siding","Access off Aston Church Road, past Taronis former scrap yard site and over disused level crossing.Double gates with No 17~
padlock on your left. Secure gates at all times. ///What3Words for access gates is ///gears.scout.carry",""
"50144264","DEL","39.13","QS","","39.13","2100","","MAV","","409733.0","288963.0","Taroni""s Yard","HSJ6","","","","","","","","","","","50144264","2024-07-24","","NRAIL","","","","","Down Main/Fast","Off Aston Church Road, under SAS rail arch, vehicular gate to left <No.17 padlock> and vehicular track back under SAS railarch in down direction to open area for parking at lineside.",""
"110188158","DEL","39.13","QS","","39.13","2100","","MAV","","","","Washwood Heath Taronis Yard","HSJ6","","","","","","","","","","","110188158","2024-07-24","","NRAIL","","","","","Down Main/Fast","As a result of the HS2 works in the area, this access no longer exists and needs to be removed from the Hazard Directory",""
"110184700","DEL","47.0025","QS","","47.0025","0","","MAV","","","","TEST K","HSJ8","","","","","","","","","NP","","110184700","2023-09-12","","NRAIL","","","","","All/Multiple Tracks","TEST K",""
"110166978","DEL","48.113","QS","","48.113","1200","","MAV","","","","AAP:GTRM100 Denbigh Hall North Junction","HSJ8","","","","","","","","","","","110166978","2024-01-22","","NRAIL","","","","","Up Slow","10+ Old signage needs replacing, needs resurfacing/potholes, no lighting & scrap rail & various materials stored here",""
"50461183","DEL","52.08","QS","","52.08","1200","","MAV","","482013.0","241546.0","Wolverton Station Car Park South","HSJ8","","","","","","","","","","","50461183","2024-01-16","","NRAIL","","","","","Up Slow","Nature of Access: Double gate, No.7 padlock, straight to track. Parking: good, adj to AP.",""
"50500868","DEL","67.1077","QS","","67.1077","2100","","MAV","","465298.8","257826.7","Wickes Yard","HSJ8","","","","","","","","","","","50500868","2024-04-22","","NRAIL","","","","","Down Main/Fast"," ","SP 65298 57826"
"50435773","DEL","70.16","QS","","70.16","3900","","MAV","","476490.0","259521.0","Brackmills Level Crossing","HSJ8","","","","","","","","","NP","","50435773","2024-01-15","","GTRM","","","","","Rev Siding","Nature of Access: Straight to track at Level Crossing. First Line Approach & Line Speed: Up/Down Through Siding. 10mph.",""
"50143968","DEL","81.0047","QS","","81.0047","1100","","MAV","","456082.0","272798.0","DRIFT Crick station yard <disused>.","HSJ8","","","","","","","","","","","50143968","2024-01-15","","NRAIL","","","","","Up Main/Fast","Located off A5, DIRFT owned and controlled level crossing access point to secondary Network Rail track side access point.~
~
All railway staff to contact DIRFT Duty Control on 01788 555532 to suspend terminal train movements and grant permission to safely cross the line. 5mph.~
~
This is not an authorised access point to DIRFT terminal, only a through route to Up Main/Fast Secondary Access Point.~
~
Contact details are displayed on the double palisade access gate. Parking: No parking.",""
"50461194","DEL","82.077","QS","","82.077","2100","","MAV","","451285.0","275886.0","Rugby Station","HSJ8","","","","","","","","","","","50461194","2024-01-16","","NRAIL","","","","","Down Main/Fast","Nature of Access: double gate, direct to track. Parking: in car park.",""
"110142248","DEL","82.077","QS","","82.077","2100","","MAV","","451285.0","275886.0","Abbey St Vehicular Access","HSJ8","","","","","","","","","","","110142248","2024-01-22","","NRAIL","","","","","Down Main/Fast","Vehicular access from Abbey Street",""
"50461197","DEL","83.088","QS","","83.088","1200","","MAV","","449580.0","276093.0","Hunters - EWS Depot","HSJ8","","","","","","","","","","","50461197","2024-01-16","","NP","","","","","Up Slow","Nature of Access: Direct. Parking: excellent on land adj to sidings.",""
"50143227","DEL","83.132","QS","","83.132","2100","","MAV","","449226.0","275977.0","Parkfield Road - <Br.283>.","HSJ8","","","","","","","","","","","50143227","2024-01-15","","GTRM","","","","","Down Main/Fast","Nature of Access: gate No.17 padlock direct to track. First Line Approach and Line Speed: Down Birmingham. Down road normal flow of traffic right to left as viewed from access. 100mph. Access to the up line can be gained by crossing down line then asc",""
"110143430","DEL","83.1406","QS","","83.1406","1290","","MAV","","","","Parkfield Road <T.V.> - Br. No.2","HSJ8","","","","","","","","","","","110143430","2024-01-22","","NRAIL","","","","","","",""
"50501152","DEL","84.044","QS","","84.044","2300","","MAV","","452036.0","275528.0","Clifton Road Golf Course","HSJ8","","","","","","","","","","","50501152","2024-01-16","","CARILL","","","","","Down Goods","",""
"50144236","DEL","87.0022","QS","","87.0022","2100","","MAV","","446088.0","241725.0","Redlands Stone Terml. off Hennef way, Banbury","HSJ6","","","","","","","","","","","50144236","2024-01-15","","AMEY","","","","","Down Main/Fast","ZIAR Ref No_269146_ Interim Reference No_HZ_6731 _Notes: access off Henneff way, through Grinnsbury Green road through tarmac land to vehicular access No5 padlock adequate parking adjoining track poss to drive to 87m 35chs. no ""no trespass"" signs",""
"50498514","DEL","87.0022","QS","","87.0022","2100","","MAV","","446088.0","241725.0","Lefarge Red lane, Car park, Banbury","HSJ6","","","","","","","","","","","50498514","2024-01-16","","AMEY","","","","","Down Main/Fast","Vehicular access off Heneff way, of Grimsbury green rd, into Lefarge Red lane car park leading to vehicular gates, No 5 padlock, adequate parking trackside, ""Railway Staff Only"" sign.",""
"50143724","DEL","106.1512","QS","","106.1512","2200","","MAV","","","","Motorway Bridge Pooley Hall O/Br.73B","HSJ0","","","","","","","","","","","50143724","2024-05-13","","NRAIL","","","","","Down Slow","OUT OF USE - Nature of Access: Double gate, No.17 padlock, direct to track. Please ensure gates adj to CP Motors is locked at all times. OLE have installed an RRAP 100 yrds north of official AP, compound area subject to licence with Warks CC - speak to Paul Humphre","SK 26045 03684"
"110147020","DEL","133.0024","QS","","133.0024","0","","MAV","","","","Queensville SATS 25KV SUBSTATION","HSJ0","","","","","","","","","","","110147020","2022-03-21","","NRAIL","","","","","All/Multiple Tracks","Address:Shrewsbury Rd:ST17 4DL Details: Off A449, Shrewsbury Rd OS GRID REF. SJ 923 222. LEC2",""
"50143676","DEL","133.1688","QS","","133.1688","1100","","MAV","","392400.0","322150.0","Shrewsbury Road Salop","HSJ0","","","","","","","","","","","50143676","2022-03-21","","CARIL","","","","","Up Main/Fast","LEC2",""
"50143659","DEL","139.011","QS","","139.011","1100","","MAV","","387078.0","330114.0","Norton Bridge Yard","HSJ0","","","","","","","","","","","50143659","2022-03-21","","CARILL","","","","","Up Main/Fast","LEC4",""
"50416164","DEL","142.022","QS","","142.022","1100","","MAV","","383311.0","333155.0","The Flute/Duke of York Br 32","HSJ0","","","","","","","","","","","50416164","2022-03-21","","CARILL","","","","","Up Main/Fast","LEC4",""
"50395721","DEL","146.0902","QS","","146.0902","2100","","MAV","","386452.0","303306.0","Chapel Lane <Br.365>","HSJ7","","","","","","","","","","","50395721","2021-05-25","","NRAIL","","","","","Down Main/Fast","No access via station car park, all access now via RRV access off Chapel Lane 146m 0616yds",""
"50468097","DEL","161.11","QS","","161.11","2100","","MAV","","364750.0","311668.0","Aldi Superstore <Br. 409>","HSJ7","","","","","","","","","","","50468097","2024-01-16","","NRAIL","","","","","Down Main/Fast","Far right hand corner of Aldi car park. Double vehicular gates <No.17 lock> parking for one vehicle. Drop down off wall to trackside. Steps or ramp required.                                                    Access unfit for use, suspend use. access unfit for use, steep 3ft drop to track,",""
"110185972","DHF","1.0081","QS","","1.0081","1100","","MAP","","486928.3","234044.9","DHF/155A ACCESS POINT STEPS","HSJ8","","","","","","","","","Access Steps","","110185972","2024-07-11","","NRAIL","","","","","Up Main/Fast","South of Bridge DHF/155A, Opposite BFO Up/Dn RRAP","SP 86934 34044"
"110185973","DHF","1.0215","QS","","1.0215","1100","","MAP","","486928.3","234044.9","DHF Up Pedestrian Access DHF 1.0215ys","HSJ8","","","","","","","","","","","110185973","2024-02-26","","NRAIL","","","","","Up Main/Fast","North of Bridge DHF/155A. Access from the under side of Bridge 155A along formal walking route.","SP 86912 34165"
"110174354","DPJ","4.1712","QS","","4.1712","2100","","MAP","","400163.8","296510.5","Highways depot/Jn 9","HSJ7","","","","","","","","","PED","","110174354","2021-09-27","","NRAIL","","","","","Down Main/Fast","Name: Highways depot/Jn 9? parking available in the compound, access to Dudley run round",""
"110172835","DPJ","4.1712","QS","","4.1712","2100","","MAP","","400163.8","296510.5","Highways depot/Jn 9","HSJ7","","","","","","","","","PED","","110172835","2021-07-15","","NRAIL","","","","","Down Main/Fast","Name: Highways depot/Jn 9? parking available in the compound, access to Dudley run round",""
"110174111","DPJ","5.0456","QS","","5.0456","2100","","MAP","","400323.0","296950.4","Morrisons","HSJ7","","","","","","","","","PED","","110174111","2021-09-24","","NRAIL","","","","","Down Main/Fast","Morrisons? parking in carpark, high drug use area, no.17",""
"110172834","DPJ","5.0456","QS","","5.0456","2100","","MAP","","400323.0","296950.4","Morrisons","HSJ7","","","","","","","","","PED","","110172834","2021-07-15","","NRAIL","","","","","Down Main/Fast","Name: Morrisons? parking in carpark, high drug use area, no.17",""
"50144117","GSJ2","133.0726","QS","","133.0726","1100","","MAP","","401236.0","289274.0","Malthouse Road <Overbridge No. 9a>","HSJ6","","","","","","","","","","","50144117","2018-09-07","","NRAIL","","","","","Up Main/Fast","Former Smethwick West Station. Off A457 to pedestrian gate on left <No.17 padlock>. Ballasted path down to lineside, near to Galton & West Junctions. Parking available.",""
"50144074","GSJ2","134.0154","QS","","134.0154","1900","","MAP","","400184.0","289075.0","Rood End Road <Overbridge No. 13>","HSJ6","","","","","","","","","","","50144074","2023-05-31","","NRAIL","","","","","Up Siding","Access to be removed until steel access can be repaired or renewed. Access can be taken from Langley Green Station Instead.",""
"50144075","GSJ2","134.0792","QS","","134.0792","1900","","MAP","","399848.0","288604.0","Tat Bank Road <Overbridge No. 14>","HSJ6","","","","","","","","","","","50144075","2011-03-24","","AMEY","","","","","Up Siding","Pedestrian gate off road bridge <No.17 padlock> path & handrail down to siding line. Street parking limited. Limited sighting at lineside in down direction.",""
"50461587","GSJ2","134.1034","QS","","134.1034","1100","","MAP","","399738.0","288414.0","Langley Green Station Car Park","HSJ6","","","","","","","","","","","50461587","2018-09-07","","NRAIL","","","","","Up Main/Fast","Enter car park, pedestrian gate in right hand corner. Parking available. No padlock <gate unlocked>.",""
"50461586","GSJ2","135.143","QS","","135.143","1500","","MAP","","398396.3","287013.5","Maintenance Compound Access","HSJ6","","","","","","","","","","","50461586","2022-03-18","","NRAIL","","","","","Up Loop","Authorised access point for pedestrians only. Parking available within Network Rail Maintenance compound. 135m 1430y -135m 1562y. Access through the Station Car Park. Storage of materials only with authorisation from MPC <Maintenance Protection Co-ordinator>, PIC <protection interface co-ordinator> Saltley / SM Track Stourbridge.  Lat:5228.8605N.  Long:0201.5283W.    EAST=398396.3958			     NORTH=287013.564",""
"110157175","GSJ2","136.0044","QS","","136.005","1500","","MAP","","98140.0","86783.0","Rowley Regis Station Car Park","HSJ6","","","","","","","","","","","110157175","2019-10-16","","NRAIL","","","","","Up Loop","Authorised access point. Limited Parking available for one small vehicle adjacent to the gate. Access through the Station Car Park. Limited storage for materials.  Lat:5228.7318N.  Long:0201.7286W.  B65 0LJ",""
"110177273","GSJ2","136.0056","QS","","136.0056","2100","","MAP","","397991.0","286598.0","Rowley Regis Station platform down side","HSJ6","","","","","","","","","Pedestrian Access","","110177273","2022-04-07","","NRAIL","","","","","Down Main/Fast","Access to downside of track toward FTN/GSMR site 6071 coming of Rowley Regis station platform. What 3 words vase.couch.coins. Platform provides access to the down main/2100. Access and egress off platform end only when an appropriate safe system of work is in place. No access during the day, apart from walking, minor maintenance, carrying light hand tools only. No plant or machinery access during the day unless there is emergency protection.   LAT=52.477307			    LONG=-2.031014			    EAST=397991			    NORTH=286598",""
"50144079","GSJ2","137.0352","QS","","137.0352","2100","","MAP","","396542.0","285869.0","Granville Road","HSJ6","","","","","","","","","","","50144079","2018-09-07","","NRAIL","","","","","Down Main/Fast","Vehicular gate at end of road for pedestrian access to lineside. Blocked by parked vehicles. Limited use due to restriction.",""
"110176770","GSJ2","137.0668","QS","","137.0668","2100","","MAP","","396252.7","285880.1","Old Hill Stn","HSJ6","","","","","","","","","PED","","110176770","2022-02-16","","NRAIL","","","","","Down Main/Fast","Platform provides access to the Up main/1100 and Down main/2100. Access and egress off platform ends only when an appropriate safe system of work is in place. No access during the day, apart from minor maintenance, carrying light hand tools only. No plant or machinery access during the day unless there is emergency protection.    LAT=52.47086			    LONG=-2.05659			    EAST=396252.761			    NORTH=285880.1823",""
"50144083","GSJ2","139.0836","QS","","139.0836","2100","","MAP","","393238.0","285039.0","James Scott Road Ind. Est. <R.U.D. Commercial>","HSJ6","","","","","","","","","","","50144083","2018-09-07","","NRAIL","","","","","Down Main/Fast","Into Industrial Estate, take road to right and up to the end, pedestrian gate <No.17 padlock> to lineside. Limited parking.",""
"110176791","GSJ2","140.0266","QS","","140.0266","2100","","MAP","","392239.1","284675.2","Lye Stn","HSJ6","","","","","","","","","PED","","110176791","2022-06-07","","NRAIL","","","","","Down Main/Fast","Platforms provides access to the Up main/1100 and Down main/2100. Access and egress off platform ends only when an appropriate safe system of work is in place. No access during the day, apart from minor maintenance, carrying light hand tools only. No plant or machinery access during the day unless there is emergency protection.																	    LAT=52.45998			    LONG=-2.11565			    EAST=392239.119     NORTH=284675.2104",""
"50144086","GSJ2","140.088","QS","","140.088","1100","","MAP","","391699.0","284546.0","Timmis Road Industrial Estate","HSJ6","","","","","","","","","","","50144086","2018-09-07","","NRAIL","","","","","Up Main/Fast","Former vehicular access, gate still in site. Walk up slope and over gate into car park of E H Smith <Builders> to vehicular gates to lineside <No.17 padlock>. Parking available.",""
"110157174","GSJ2","135.1519","QS","","135.1525","1500","","MAR","","398339.2","286955.9","Maintenance Compound / Access","HSJ6","","","","","","","","","","","110157174","2022-03-18","","NRAIL","","","","","Up Loop","Authorised access point for Road Rail Vehicles. Parking available within Network Rail Maintenance compound. 135m 1430y -135m 1562y. Access through the Station Car Park. Storage of materials only with authorisation from MPC <Maintenance Protection Co-ordinator>, PIC <protection interface co-ordinator> Saltley / SM Track Stourbridge.  Lat:5228.8328N.  Long:0201.5735W.    EAST=398339.2457			    NORTH=286955.9509",""
"110141486","GSJ2","134.0914","QS","","134.0914","1100","","MAV","","399792.0","288508.0","WESTERN ROAD, LANGLEY GREEN","HSJ6","","","","","","","","","","","110141486","2018-09-07","","NRAIL","","","","","Up Main/Fast","PASS STATION, WESTERN ROAD, DOUBLE VEHICULAR GATES SLOPE DOWN TO TRACK LEVEL + PARKING AREA. NO ""NO TRESPASS"" SIGN. NO.17 PADLOCK.",""
"50144084","GSJ2","138.165","QS","","138.165","1100","","MAV","","393793.0","285682.0","Cradley Heath Station Car Park","HSJ6","","","","","","","","","","","50144084","2018-09-07","","NRAIL","","","","","Up Main/Fast","Pedestrian gate <No.17 padlock> in far right hand corner of car park. Parking available.",""
"40041160","HCM2","3.12","QS","","3.12","0","","MA","","381617.0","346697.0","Silverdale Station","HSJ0","","","","","","","","","","","40041160","2011-03-24","","Jarvis","","","","","All/Multiple Tracks","",""
"40041161","HCM2","7.1223","QS","","7.1223","3900","","MAV","","377617.2","342232.1","Manor Bridge Br.34","HSJ0","","","","","","","","","","","40041161","2022-01-07","","NRAIL","","","","","Rev Siding","","SJ 77617 42232"
"110173981","HNR","56.1053","QS","","56.1053","2100","","MAP","","478246.6","246993.6","Hanslope Junc Ped DF","HSJ8","","","","","","","","","","","110173981","2021-10-05","","NRAIL","","","","","Down Main/Fast","","SP 78246 46993"
"50461185","HNR","56.1632","QS","","56.1632","1100","","MAP","","478051.4","247484.0","Higham Cross Road - BR196 - Up Slow","HSJ8","","","","","","","","","","","50461185","2021-09-17","","NRAIL","","","","","Up Main/Fast","Nature of Access: single gate, No.7 padlock, descending steps. Limited clearance under Br.196. Parking: good, adj to side of Road. Good alternative parking on other side of bridge adj to vehicular AP.","SP 78051 47483"
"110173983","HNR","58.1256","QS","","58.1256","1100","","MAP","","476730.6","250038.9","Road Hill US Ped","HSJ8","","","","","","","","","","","110173983","2021-10-05","","NRAIL","","","","","Up Main/Fast","","SP 76730 50038"
"110174022","HNR","61.0058","QS","","61.0058","2100","","MAP","","474657.1","253103.3","Courteenhall REB HNR Down","HSJ8","","","","","","","","","","","110174022","2021-10-05","","NRAIL","","","","","Down Main/Fast","","SP 74657 53103"
"110174023","HNR","61.006","QS","","61.006","1100","","MAP","","474665.9","253109.5","Courteenhall Mast HNR Up","HSJ8","","","","","","","","","","","110174023","2021-10-05","","NRAIL","","","","","Up Main/Fast","","SP 74665 53109"
"110188119","HNR","62.104","QS","","62.104","1200","","MAP","","473991.0","255510.0","Northampton Gateway - Collingtree Junction REB","HSJ8","","","","","","","","","","","110188119","2024-07-17","","","","","","","Up Slow","New pedestrian access with drive-in accessibility and parking for 3 vehicles. Access road also allows drive-in access to new Collingtree Junction REB compound.~
Access is from Collingtree Road, Postcode NN7 3AF, turn into new access road approx 30m east of railway underbridge.~
New access includes 1.8m wide ramp, access steps and lighting.",""
"110188320","HNR","62.104","QS","","62.104","1100","","MAP","","473991.0","255510.0","Collingtree Junction REB","HSJ8","","","","","","","","","","","110188320","2024-08-01","","","","","","","Up Main/Fast","New pedestrian access with drive-in accessibility and parking for 3 vehicles. Access road also allows drive-in access to new Collingtree Junction REB compound. - Access is from Collingtree Road, Postcode NN7 3AF, turn into new access road approx 30m east of railway underbridge. - New access includes 1.8m wide ramp, access steps and lighting.",""
"50144023","HNR","62.1064","QS","","62.1064","2100","","MAP","","473969.5","255539.7","Milton Cottages","HSJ8","","","","","","","","","","","50144023","2025-05-08","","NRAIL","","","","","Down Main/Fast"," This access gate is for Milton Cottages REB and Telephone Node Only.
Access to Up and Down HNR lines is from the Up Cess side, via Collingtree REB access compound","SP 73969 55539"
"50143985","HNR","63.136","QS","","63.136","1100","","MAP","","473850.3","257385.0","Hunsbury Hill","HSJ8","","","","","","","","","","","50143985","2023-05-31","","NRAIL","","","","","Up Main/Fast"," ","SP 73850 57384"
"110173985","HNR","63.1441","QS","","63.1441","1100","","MAP","","473867.9","257457.3","Hunsbury Hill South Ped","HSJ8","","","","","","","","","","","110173985","2021-10-05","","NRAIL","","","","","Up Main/Fast","","SP 73867 57457"
"50143987","HNR","64.1319","QS","","64.1319","1100","","MAP","","474221.7","258905.5","Rothersthorpe Road","HSJ8","","","","","","","","","","","50143987","2022-04-19","","NRAIL","","","","","Up Main/Fast","Nature of Access: Double gate No.7 padlock steep descending ramp. First Line Approach and Line Speed: Up Northampton. Up road normal flow of traffic right to left as viewed from access.  Parking: fair, 2-3 vehicles adj to AP gate.","SP 74221 58905"
"50143988","HNR","65.012","QS","","65.012","1100","","MAP","","474343.1","259410.8","Main Road Br.17","HSJ8","","","","","","","","","","","50143988","2022-04-19","","NRAIL","","","","","Up Main/Fast","Nature of Access: Gate No. 7 padlock, ascending steps. First Line Approach and Line Speed: Up Northampton. Up road normal flow of traffic right to left as viewed from access.  Parking: poor, adj to AP gate. Parking impossible during factory hou","SP 74343 59410"
"110147531","HNR","65.1039","QS","","65.1039","1100","","MAP","","474702.1","260162.2","St James Mill road East <HNR>","HSJ8","","","","","","","","","Substation Access","","110147531","2021-09-17","","NRAIL","","","","","Up Main/Fast","Address:Off St James Mill Road East:NN1 1XX Details: Off St James Mill Road East. SP746600","SP 74702 60162"
"50143989","HNR","65.1213","QS","","65.1213","3200","","MAP","","474742.9","260316.8","Northhampton Station South Carpark","HSJ8","","","","","","","","","","","50143989","2022-04-19","","NRAIL","","","","","Rev Slow","Nature of Access: Gate at end of car park, descendind steps. First Line of Approach and Line Speed: Bridge Street Line. Trains may approach from either direction.","SP 74742 60316"
"110173986","HNR","66.0272","QS","","66.0272","2100","","MAP","","474652.7","261061.0","Spencer Road bridge","HSJ8","","","","","","","","","","","110173986","2021-10-05","","NRAIL","","","","","Down Main/Fast","","SP 74652 61060"
"110174025","HNR","66.0463","QS","","66.0463","1900","","MAP","","474641.3","261235.1","Spencer Bridge Road","HSJ8","","","","","","","","","","","110174025","2021-10-05","","NRAIL","","","","","Up Siding","","SP 74641 61235"
"50435776","HNR","67.0778","QS","","67.0778","2100","","MAP","","474267.3","263039.2","Waste Ground Br.28","HSJ8","","","","","","","","","","","50435776","2022-01-25","","NRAIL","","","","","Down Main/Fast","BLN-Church Brampton","SP 74267 63039"
"110147533","HNR","67.1231","QS","","67.1231","1100","","MAP","","474118.4","263419.4","CHURCH BRAMPTON ASC","HSJ8","","","","","","","","","Substation Access","","110147533","2022-01-25","","NRAIL","","","","","Up Main/Fast","Address:Redland Drive Church Brampton Foot Access only:NN2 8TU Details: Redland. SP740635","SP 74118 63419"
"50143993","HNR","68.0281","QS","","68.0281","1100","","MAP","","473556.6","263896.2","Wilsons Crossing","HSJ8","","","","","","","","","","","50143993","2021-09-17","","NRAIL","","","","","Up Main/Fast","Nature of Access:No.7 padlock. Requires walk thro field <150yards>. Farmers permission to be sought to allow vehicles to crossing gate. First Line of Approach & Line Speed: Down Northampton. Down road normal flow of traffic right to left as viewed fro","SP 73556 63896"
"50143994","HNR","68.0994","QS","","68.0994","1100","","MAP","","472959.9","264159.8","Northampton Golf Course Br.31","HSJ8","","","","","","","","","","","50143994","2022-04-19","","NRAIL","","","","","Up Main/Fast","Nature of Access: Double gate No.7 Pad lock, follow bridleway through golf course to railway bridge. Ascending steps. First Line of Approach & Line Speed: Up Northampton. Up road normal flow of traffic right to left as viewed from access.  Parkin","SP 72959 64159"
"50143995","HNR","69.1418","QS","","69.1418","1100","","MAP","","471319.4","265288.2","Church Brampton Br.36","HSJ8","","","","","","","","","","","50143995","2022-04-19","","NRAIL","","","","","Up Main/Fast","Nature of Access: Gate No. 7 padlock, descending steps. First Line Approach and Line Speed: Up Northampton. Up road normal flow of traffic right to left as viewed from access.  Parking: poor, on side of road. Limited clearance under Br.No. 36","SP 71319 65288"
"110173987","HNR","72.1508","QS","","72.1508","2100","","MAP","","466605.3","266151.8","East Haddon Road Bridge Br.47","HSJ8","","","","","","","","","","","110173987","2021-10-05","","NRAIL","","","","","Down Main/Fast","","SP 66605 66151"
"110173991","HNR","73.0636","QS","","73.0636","2100","","MAP","","465797.1","266139.1","Brigton Moors South End Br.49 Pedestrian","HSJ8","","","","","","","","","","","110173991","2021-10-05","","NRAIL","","","","","Down Main/Fast","","SP 65797 66139"
"50143998","HNR","73.0679","QS","","73.0679","2100","","MAP","","465757.4","266142.5","Brigton Moors South End Br.49 <Parking>","HSJ8","","","","","","","","","","","50143998","2022-04-19","","NRAIL","","","","","Down Main/Fast","Nature of Access: Gate, No.7 padlock. Descending steps at side of bridge or ramp, very steep at bottom. First Line Approach and Line Speed: Down Northampton. Down road normal flow of traffic right to left as viewed from access.  Parking: good, o","SP 65757 66142"
"50143999","HNR","74.0128","QS","","74.0128","1100","","MAP","","464658.4","266293.9","Brigton Moors North End Br.49","HSJ8","","","","","","","","","","","50143999","2022-04-19","","NRAIL","","","","","Up Main/Fast","Nature of Access: Through gate No.7 padlock, Ascending steps. First Line Approach and Line Speed: Up Northampton. Up road normal flow of traffic right to left as viewed from access.  Parking: fair, adj to AP gate on side of dirt track.","SP 64658 66293"
"110174028","HNR","74.0297","QS","","74.0297","1100","","MAP","","464505.3","266314.3","Brington Road Substation Up Side","HSJ8","","","","","","","","","","","110174028","2021-10-05","","NRAIL","","","","","Up Main/Fast","","SP 64505 66314"
"110173988","HNR","74.0524","QS","","74.0524","2100","","MAP","","464297.4","266330.5","Patford Bridge","HSJ8","","","","","","","","","","","110173988","2021-10-05","","NRAIL","","","","","Down Main/Fast","","SP 64297 66330"
"50144001","HNR","76.0485","QS","","76.0485","2100","","MAP","","461787.1","267719.0","Murcott Road bridge Br.62","HSJ8","","","","","","","","","","","50144001","2022-04-19","","NRAIL","","","","","Down Main/Fast","Nature of Access: Gate No. 7 padlock, ascending steps. First Line Approach and Line Speed: Down Northampton. Down road normal flow of traffic right to left as viewed from access.  Parking: fair, 2-3 vehicles on side of road.","SP 61787 67719"
"110173989","HNR","76.0551","QS","","76.0551","2100","","MAP","","461767.3","267775.6","Murot Road bridge Br.62 <The layby>","HSJ8","","","","","","","","","","","110173989","2021-10-05","","NRAIL","","","","","Down Main/Fast","","SP 61767 67775"
"110173990","HNR","76.1757","QS","","76.1757","2100","","MAP","","461411.7","268820.5","Cow Fields Foot Crossing","HSJ8","","","","","","","","","","","110173990","2021-10-05","","NRAIL","","","","","Down Main/Fast","","SP 61411 68820"
"50143964","HNR","77.1054","QS","","77.1054","1100","","MAP","","460852.4","269601.0","West Haddon Road Bridge Br.67","HSJ8","","","","","","","","","","","50143964","2022-04-19","","NRAIL","","","","","Up Main/Fast","Nature of Access: Gate, No.7 padlock - descending steps. First Line Approach and Line Speed: Up Northampton. Up road normal flow of traffic right to left as viewed from access.  AP on bend, sighting very poor. Parking: poor, 1 vehicle side of r","SP 60852 69600"
"50143966","HNR","79.0323","QS","","79.0323","2100","","MAP","","458580.9","270761.4","Crick Tunnel South Down","HSJ8","","","","","","","","","","","50143966","2022-04-19","","NRAIL","","","","","Down Main/Fast","Nature of Access: Gate, No.7 padlock - descending steps <5 flights>. First Line Approach and Line Speed: Up Northampton. Up road normal flow of traffic right to left as viewed from access.  Parking: fair, 2-3 vehicles side of road adj to AP. To","SP 58580 70761"
"50501141","HNR","79.0412","QS","","79.0412","1100","","MAP","","458514.1","270802.9","Crick Tunnel South Up","HSJ8","","","","","","","","","","","50501141","2021-09-17","","NRAIL","","","","","Up Main/Fast"," ","SP 58514 70802"
"110173992","HNR","80.008","QS","","80.008","1100","","MAP","","457640.0","271746.6","Green Lane. 7001000113942 remove Road","HSJ8","","","","","","","","","","","110173992","2021-10-05","","NRAIL","","","","","Up Main/Fast","","SP 57639 71746"
"50143967","HNR","81.0646","QS","","81.0646","2100","","MAP","","455875.6","272897.9","Nortoft Road Br.79","HSJ8","","","","","","","","","","","50143967","2022-04-19","","NRAIL","","","","","Down Main/Fast","Nature of Access: Gate, No.7 padlock - descending steps. First Line Approach and Line Speed: Down Northampton. Down road normal flow of traffic right to left as viewed from access.  Parking: V.Poor, 1 vehicle on side of road.","SP 55875 72897"
"50143969","HNR","81.1602","QS","","81.1602","1100","","MAP","","455101.1","273317.9","Thomas Farm Eastfields Br.80","HSJ8","","","","","","","","","","","50143969","2022-04-19","","NRAIL","","","","","Up Main/Fast","Nature of Access: Gate, No.7 padlock - descending steps, permission required for more than 1 vehicle to park. First Line Approach and Line Speed: Up Northampton. Up road normal flow of traffic right to left as viewed from access.  Parking: poo","SP 55101 73317"
"50143970","HNR","82.0346","QS","","82.0346","2100","","MAP","","454687.4","273525.0","Crick Road <HNR> Br.81","HSJ8","","","","","","","","","","","50143970","2022-04-19","","NRAIL","","","","","Down Main/Fast","Nature of Access: Gate No. 7 padlock, ascending steps. First Line Approach and Line Speed: Down Northampton. Down road normal flow of traffic right to left as viewed from access.  Parking: poor, on side of road, 2 vehicles. Access to LEC1 on op","SP 54687 73525"
"50143772","HNR","82.0604","QS","","82.0604","2100","","MAP","","454473.2","273632.0","Hillmorton Relay Room Adj to Br265 LEC1","HSJ8","","","","","","","","","","","50143772","2021-09-17","","NRAIL","","","","","Down Main/Fast"," ","SP 54473 73631"
"110173993","HNR","82.0605","QS","","82.0605","2100","","MAP","","454482.3","273647.8","Hillmorton Relay Room Adj to Br.265 HNR","HSJ8","","","","","","","","","","","110173993","2021-10-05","","NRAIL","","","","","Down Main/Fast","","SP 54482 73647"
"110173994","HNR","82.1058","QS","","82.1058","2100","","MAP","","454146.2","273896.7","Hillmorton Yard Access to HNR","HSJ8","","","","","","","","","","","110173994","2021-10-05","","NRAIL","","","","","Down Main/Fast","","SP 54146 73896"
"50435772","HNR","83.0046","QS","","83.0046","1100","","MAP","","453608.9","274326.0","Bringley Road Br.86","HSJ8","","","","","","","","","","","50435772","2022-04-19","","NRAIL","","","","","Up Main/Fast","Nature of Access: Ascending steps. First Line Approach & Line Speed: Up Northampton. Normal flow of traffic right to left as viewed from access. Parking: poor, 1-2 vehicles, side of road.","SP 53608 74326"
"50435778","HNR","84.0541","QS","","84.0541","1100","","MAP","","451967.0","275590.0","Clifton Road Golf Cource","HSJ8","","","","","","","","","","","50435778","2022-04-19","","NRAIL","","","","","Up Main/Fast","Nature of Access: Gate - No.7 padlock - descending path. First Line Approach & Line Speed: Up Northampton. Normal flow of traffic right to left as viewed from access. Parking: none. Do not use golf club car park.","SP 51967 75589"
"110175469","HNR","65.1321","QS","","65.1321","2100","","MAPE","","474735.2","260416.3","Northampton Stn Platform 2 Low End","HSJ8","","","","","","","","","","","110175469","2022-03-14","","NRAIL","","","","","Down Main/Fast","","SP 74735 60416"
"110175442","HNR","65.1413","QS","","65.1413","3200","","MAPE","","474735.6","260500.8","Northampton Stn Platform 1 Low End","HSJ8","","","","","","","","","","","110175442","2022-03-14","","NRAIL","","","","","Rev Slow","","SP 74735 60500"
"110175446","HNR","65.163","QS","","65.163","3200","","MAPE","","474707.9","260698.3","Northampton Stn Platform 1 High End","HSJ8","","","","","","","","","","","110175446","2022-03-14","","NRAIL","","","","","Rev Slow","","SP 74707 60698"
"110175447","HNR","65.1718","QS","","65.1718","3604","","MAPE","","474703.7","260779.1","Northampton Stn Bay Platform 4 High End","HSJ8","","","","","","","","","","","110175447","2022-03-14","","NRAIL","","","","","","","SP 74703 60779"
"110175471","HNR","75.0768","QS","","75.0768","2100","","MAPE","","462531.9","266589.3","Long Buckby Stn Platfrom 2 Low End","HSJ8","","","","","","","","","","","110175471","2022-03-14","","NRAIL","","","","","Down Main/Fast","","SP 62531 66589"
"110175470","HNR","75.0771","QS","","75.0771","1100","","MAPE","","462532.5","266598.2","Long Buckby Stn Platfrom 1 Low End","HSJ8","","","","","","","","","","","110175470","2022-03-14","","NRAIL","","","","","Up Main/Fast","","SP 62532 66598"
"110175441","HNR","75.095","QS","","75.095","1100","","MAPE","","462385.8","266673.9","Long Buckby Stn Platfrom 1 High End","HSJ8","","","","","","","","","","","110175441","2022-03-14","","NRAIL","","","","","Up Main/Fast","","SP 62385 66673"
"110175448","HNR","75.0974","QS","","75.0974","2100","","MAPE","","462360.5","266680.5","Long Buckby Stn Platfrom 2 High End","HSJ8","","","","","","","","","","","110175448","2022-03-14","","NRAIL","","","","","Down Main/Fast","","SP 62360 66680"
"110173980","HNR","58.0447","QS","","58.0447","1100","","MAR","","477127.8","249425.2","Ashton Loop RRV Up Slow","HSJ8","","","","","","","","","","","110173980","2021-10-05","","NRAIL","","","","","Up Main/Fast","","SP 77127 49425"
"110173984","HNR","59.1086","QS","","59.1086","1100","","MAR","","475811.0","251147.3","Road Old Station Yard US <End of Yard>","HSJ8","","","","","","","","","","","110173984","2021-10-05","","NRAIL","","","","","Up Main/Fast","","SP 75810 51147"
"50461236","HNR","59.1308","QS","","59.1308","1100","","MAR","","475677.0","251322.5","Road old station yard Up Slow","HSJ8","","","","","","","","","","","50461236","2021-09-17","","NRAIL","","","","","Up Main/Fast","30yrds north of Br.205 Nature of Access: Double gate, direct to track. Another vehicular access is located 400 yrds further on. Parking: excellent.","SP 75676 51322"
"50143796","HNR","59.131","QS","","59.131","2100","","MAR","","475673.2","251321.8","Road old station yard. Down slow","HSJ8","","","","","","","","","","","50143796","2021-09-17","","NRAIL","","","","","Down Main/Fast"," ","SP 75673 51321"
"110188118","HNR","61.062","QS","","61.063","0","","MAR","","474511.0","253590.0","Northampton Gateway - Courteenhall Junction","HSJ8","","","","","","","","","","","110188118","2024-08-01","","","","","","","All/Multiple Tracks","RRAP provided acces to both HNR lines - Road access to the relocated RRAP remains unchanged from current HD entry. Position has been moved south to enable new S&C to be installed. RRAP now provides access to Up HNR line. RRAP users must be aware of the following clearance constraints: Nearest OLE mast is within  7m - Nearest Lighting support is within 6m - Local warning signage is provided.",""
"50143797","HNR","61.0682","QS","","61.0682","1100","","MAR","","474488.8","253648.7","Courteenhall Slows RRVs","HSJ8","","","","","","","","","","","50143797","2022-04-14","","NRAIL","","","","","Up Main/Fast","Nature of Access: Double Gate - No.7 padlock - direct access to Up fast - descending steps to Down Northampton. First Line Approach and Line Speed: To right, Up fast  To left, Down Northampton  Parking: fair, inside AP gate.","SP 74488 53648"
"110174024","HNR","63.1653","QS","","63.1653","2100","","MAR","","473907.2","257647.0","Hunsbury Hill South RRV Down Slow","HSJ8","","","","","","","","","","","110174024","2021-10-05","","NRAIL","","","","","Down Main/Fast","","SP 73907 57647"
"50143986","HNR","63.1654","QS","","63.1654","1100","","MAR","","473910.4","257646.4","Hunsbury Hill South RRV Up Slow","HSJ8","","","","","","","","","","","50143986","2021-09-17","","NRAIL","","","","","Up Main/Fast"," ","SP 73910 57646"
"50143990","HNR","66.01","QS","","66.01","1100","","MAR","","474774.4","260741.0","Northampton Castle Yard - Cripple sidings","HSJ8","","","","","","","","","","","50143990","2022-04-19","","NRAIL","","","","","Up Main/Fast","Nature of Access: Direct to track. First Line of Approach and Line Speed: Sidings. either direction. Access direct to sidings only. Parking: excellent.","SP 74774 60740"
"50143996","HNR","72.0059","QS","","72.0059","1100","","MAR","","467929.2","266273.3","Althorpe Pk Old Station Yard RRV Up main","HSJ8","","","","","","","","","","","50143996","2022-04-19","","NRAIL","","","","","Up Main/Fast","Nature of Access: Direct to track. Line Approach and Line Speed: Down Northampton. Down road normal flow of traffic right to left as viewed from access.  Parking: good, inside RT boundary fence.","SP 67929 66273"
"110174053","HNR","72.0059","QS","","72.0059","2100","","MAR","","467929.7","266269.9","Althorpe Pk Old Stn Yard RRV Down Main","HSJ8","","","","","","","","","","","110174053","2022-04-19","","NRAIL","","","","","Down Main/Fast","Nature of Access: Direct to track. Line Approach and Line Speed: Down Northampton. Down road normal flow of traffic right to left as viewed from access.  Parking: good, inside RT boundary fence.","SP 67929 66269"
"50435777","HNR","75.1059","QS","","75.1059","1100","","MAR","","462292.8","266738.8","Long buckby TSC RRV Up","HSJ8","","","","","","","","","","","50435777","2022-04-19","","NRAIL","","","","","Up Main/Fast","Nature of Access: Through gate No.7 padlock - straight access to track. First Line Approach & Line Speed: Up Northampton. Normal flow of traffic right to left as viewed from access. Parking: good, adj to TSC.","SP 62292 66738"
"110174054","HNR","75.1059","QS","","75.1059","2100","","MAR","","462290.6","266735.8","Long buckby TSC RRV Down","HSJ8","","","","","","","","","","","110174054","2022-04-19","","NRAIL","","","","","Down Main/Fast","Nature of Access: Through gate No.7 padlock - straight access to track. First Line Approach & Line Speed: Up Northampton. Normal flow of traffic right to left as viewed from access. Parking: good, adj to TSC.","SP 62290 66735"
"110147183","HNR","81.0193","QS","","81.0193","1100","","MAR","","456250.2","272711.5","Crick Yard RRV Up","HSJ8","","","","","","","","","Access Point","","110147183","2022-04-19","","NRAIL","","","","","Up Main/Fast","""Nature of Access: Secondary Access point from DIRFT controlled level crossing access point. ~
~
Double Palisade gate to trackside, No.7 padlock. First Line Approach and Line Speed: Up Northampton. Up road normal flow of traffic right to left as viewed from access.  Parking: Excellent.""","SP 56250 72711"
"110174055","HNR","81.0193","QS","","81.0193","2100","","MAR","","456248.9","272708.5","Crick Yard RRV Down","HSJ8","","","","","","","","","Access Point","","110174055","2022-04-19","","NRAIL","","","","","Down Main/Fast","""Nature of Access: Secondary Access point from DIRFT controlled level crossing access point. ~
~
Double Palisade gate to trackside, No.7 padlock. First Line Approach and Line Speed: Up Northampton. Up road normal flow of traffic right to left as viewed from access.  Parking: Excellent.""","SP 56248 72708"
"50501142","HNR","82.0805","QS","","82.0805","1100","","MAR","","454335.7","273759.1","Hillmorton Moor New Yard Up HNR RRV","HSJ8","","","","","","","","","","","50501142","2021-09-17","","NRAIL","","","","","Up Main/Fast","RAR ITEM TYPE:~
AUTHORISED ACCESS POINT - PEDESTRIAN~
.~
RAR ASSET TYPE:~
AUTHORISED ACCESS POINT~
EQUIPMENT TYPE:~
AUTHORISED ACCESS POINT - PEDESTRIAN~
.~
EQUIPMENT CLASS:~
AUTHORISED ACCESS POINT~
.~
EQUIPMENT DEFINITION:~
TRACK ACCESS POINT AND TRACK ACCESS~
ROADWAYS AS LISTED IN THE LOCAL POLICY~
STATEMENTS.","SP 54335 73759"
"110174056","HNR","82.0805","QS","","82.0805","2100","","MAR","","454333.6","273756.0","Hillmorton Moor New Yard Down HNR RRV","HSJ8","","","","","","","","","","","110174056","2021-09-22","","NRAIL","","","","","Down Main/Fast","","SP 54333 73756"
"50461187","HNR","57.1402","QS","","57.1402","1100","","MAV","","477489.3","248773.0","Ashton Loop South","HSJ8","","","","","","","","","","","50461187","2021-09-17","","NRAIL","","","","","Up Main/Fast","Nature of Access: double gate, No.7 padlock, direct to track. Parking: excellent, inside AP gate.","SP 77489 48773"
"110147543","HNR","58.0875","QS","","58.0875","1100","","MAV","","476921.5","249746.7","Ashton Loop North MPATS","HSJ8","","","","","","","","","Substation Access","","110147543","2021-09-17","","NRAIL","","","","","Up Main/Fast","Address:Bozenham Mill Lane Ashton:NN7 2XX Details: Bozenham Mill Lane Ashton. SP772493","SP 76921 49746"
"110174006","HNR","59.143","QS","","59.143","1100","","MAV","","475617.5","251412.6","Road Yard Vehicle","HSJ8","","","","","","","","","","","110174006","2021-10-05","","NRAIL","","","","","Up Main/Fast","","SP 75617 51412"
"50461265","HNR","65.17","QS","","65.17","1900","","MAV","","474721.3","260828.4","Northampton Castle Yard","HSJ8","","","","","","","","","","","50461265","2022-03-11","","CARILL","","","","","Up Siding","Nature of Access: double gate No.7 padlock direct to track. Parking: excellent, inside AP gate.","SP 74721 60828"
"50143991","HNR","66.01","QS","","66.01","3900","","MAV","","474666.7","261219.0","Northampton Castle Yard - Cripple sidings.","HSJ8","","","","","","","","","","","50143991","2022-04-19","","NRAIL","","","","","Rev Siding","Nature of Access: Single gate, descending ramp. First Line of Approach and Line Speed: Reception Line. No specific vehicular or parking rights. Pedestrian access only. Parking: fair, adj to AP gate.","SP 74666 61218"
"50143992","HNR","67.0249","QS","","67.0249","2100","","MAV","","474358.9","262594.5","Mill Lane Bridge Br.27- KINGSTHORPE ATS","HSJ8","","","","","","","","","","","50143992","2022-04-19","","NRAIL","","","","","Down Main/Fast","Nature of Access: Gate. No.7 padlock - descending steps <4 flights>. First Line of Approach and Line Speed: Down Northampton. Down road normal flow of traffic right to left as viewed from access.  <Also Down Engineers siding OOU>. Parking: good,","SP 74358 62594"
"110136989","HNR","70.1665","QS","","70.1665","1100","","MAV","","469645.0","265991.0","Access Road Near Glebe Cottages Off A462","HSJ8","","","","","","","","","","","110136989","2011-03-24","","NRAIL","","","","","Up Main/Fast","Long access road off A462, Nr Holdenby, nr Glebe cottages. Follow rough access track down to BR, no gate. Access embankment to get to track level. Access available until 2012. Please liase with ILS <LNW>. Access needs formalising. Temp out of use.",""
"50143997","HNR","72.15","QS","","72.15","2100","","MAV","","466612.0","266157.0","East Haddon Road Bridge. <Br.47>","HSJ8","","","","","","","","","","","50143997","2022-04-19","","NRAIL","","","","","Down Main/Fast","Nature of Access: Gate No.7 padlock. Descending steps or ramp. First Line Approach and Line Speed: Down Northampton. Down road normal flow of traffic right to left as viewed from access.  Parking: poor, on fide of road/ fair, on ramp if not in u",""
"50143965","HNR","78.084","QS","","78.084","2100","","MAV","","459597.2","270267.6","Watford Lodge","HSJ8","","","","","","","","","","","50143965","2022-04-19","","NRAIL","","","","","Down Main/Fast","Nature of Access: Gate, No.7 padlock - descending steps and ramp. First Line Approach and Line Speed: Down Northampton. Down road normal flow of traffic right to left as viewed from access.  Parking: fair, 2-3 vehicles on hardcore are side of ro","SP 59597 70267"
"110176792","HSA","8.1665","QS","","8.1665","2100","","MAP","","419486.8","255187.4","Stratford Upon Avon Stn","HSJ6","","","","","","","","","","","110176792","2022-02-16","","NRAIL","","","","","Down Main/Fast","Platform provides access to the Up main/1100 and Down main/2100 and Up Terminal Bay/1600. Access and egress off platform ends only when an appropriate safe system of work is in place. No access during the day, apart from minor maintenance, carrying light hand tools only. No plant or machinery access during the day unless there is emergency protection.     LAT=52.1946			    LONG=-1.71632			    EAST=419486.8591			    NORTH=255187.4249",""
"110176793","HSA","10.0043","QS","","10.0043","2100","","MAP","","418499.5","256530.3","Stratford Upon Avon Parkway Stn","HSJ6","","","","","","","","","PED","","110176793","2022-02-16","","NRAIL","","","","","Down Main/Fast","Platforms provides access to the Up main/1100 and Down main/2100. Access and egress off platform ends only when an appropriate safe system of work is in place. No access during the day, apart from minor maintenance, carrying light hand tools only. No plant or machinery access during the day unless there is emergency protection.     LAT=52.2067			    LONG=-1.7307			    EAST=418499.5086			    NORTH=256530.3821",""
"110176794","HSA","11.1077","QS","","11.1077","2100","","MAP","","416786.1","258273.8","Wilmcote Stn","HSJ6","","","","","","","","","PED","","110176794","2022-02-16","","NRAIL","","","","","Down Main/Fast","Platforms provides access to the Up main/1100 and Down main/2100. Access and egress off platform ends only when an appropriate safe system of work is in place. No access during the day, apart from minor maintenance, carrying light hand tools only. No plant or machinery access during the day unless there is emergency protection.    LAT=52.22243			    LONG=-1.75568			    EAST=416786.1777			     NORTH=258273.8818",""
"110176795","HSA","13.0425","QS","","13.0425","3400","","MAP","","417189.3","260786.8","Bearley Stn","HSJ6","","","","","","","","","PED","","110176795","2022-02-16","","NRAIL","","","","","Rev Single","Platform provides access to the Rev Single/3400. Access and egress off platform ends only when an appropriate safe system of work is in place. No access during the day, apart from minor maintenance, carrying light hand tools only. No plant or machinery access during the day unless there is emergency protection.    LAT=52.24501			    LONG=-1.74966			    EAST=417189.3796			    NORTH=260786.8881",""
"50143976","HSA","14.1342","QS","","14.1342","3400","","MAP","","419216.0","262108.0","Langley Road <Overbridge No. 27>","HSJ6","","","","","","","","","","","50143976","2018-09-07","","NRAIL","","","","","Rev Single","Notes: Foot access upside. Wooden pedestrian gate chain and No. 17 padlock <broken>. Parking on grass verge in Langley Road. Concrete steps and tubular handrails ascending to track on up side.",""
"110176796","HSA","16.0854","QS","","16.0854","3400","","MAP","","420794.8","264341.6","Claverdon Stn","HSJ6","","","","","","","","","PED","","110176796","2022-02-16","","NRAIL","","","","","Rev Single","Platform provides access to the Rev Single/3400. Access and egress off platform ends only when an appropriate safe system of work is in place. No access during the day, apart from minor maintenance, carrying light hand tools only. No plant or machinery access during the day unless there is emergency protection.    LAT=52.27685			    LONG=-1.69663			    EAST=420794.8192			     NORTH=264341.6605",""
"50143978","HSA","17.1089","QS","","17.1089","3400","","MAP","","421887.0","265768.0","Pinley Lane <U/Br. No. 34>","HSJ6","","","","","","","","","","","50143978","2018-09-07","","NRAIL","","","","","Rev Single","Notes: Foot access upside to SY117/118 and West Junction. Wooden pedestrian gate with chain and No.17 padlock <broken>. Concrete steps with tubular handrails ascending to track. Parking available on grass verges in Pinley Lane. Sighting on track is poor due to overhanging vegetation, trees and leaves.",""
"110141484","HSA","9.0","QS","","9.0","2100","","MAV","","419491.0","255273.0","STRATFORD STATION CAR PARK","HSJ6","","","","","","","","","","","110141484","2018-09-07","","NRAIL","","","","","Down Main/Fast","DOUBLE WIDTH VEHICULAR ACCESS GATES ACCESS THROUGH STATION CAR PARK NO.17 PADLOCK. VEHICUALR TRACK CONTINUES TO SIGN NJ431E 9M - ON THE DOWN LINE-BALLAST BED HEAD TRACK THROUG FORMER GOODS YARD.",""
"50143972","HSA","12.1276","QS","","12.1276","0","","MAV","","416822.0","260043.0","Bearley Junction Signalbox ","HSJ6","","","","","","","","","","","50143972","2011-03-24","","AMEY","","","","","All/Multiple Tracks","Access from Bearley Station from A3400. Track on downside to double metal vehicular gates No. 222 padlock. Track continues to Bearley signal box @ 12 3/4 MP on HSA and 17 3/4 on TSB.",""
"40622777","KCS1","0.1251","QS","","0.1251","1100","","MAP","","382826.7","354955.5","Red Bull","HSJ0","","","","","","","","","","","40622777","2021-09-08","","NRAIL","","","","","Up Main/Fast"," ","SJ 82826 54955"
"110147511","KGW","5.0607","QS","","5.0607","1100","","MAP","","522190.6","182976.8","WILLESDEN DC SUBSTATION","HSJ9","","","","","","","","","","","110147511","2021-09-15","","NRAIL","","","","","Up Main/Fast","Address:Harrow Road, Willesden, London:NW10 4TD Details: Harrow Road","TQ 22190 82976"
"50143979","KJW","29.099","QS","","29.099","1200","","MAP","","421932.0","295090.0","Drakenage Farm","HSJ6","","","","","","","","","","","50143979","2011-03-24","","AMEY","","","","","Up Slow","6ft pedestrian gate. No padlock. Concrete steps up to track side & handrail. Accessed via farm track opp drakenage farm. Parking down from track. No ""NO TRESPASS"" sign",""
"50143980","KJW","30.099","QS","","30.099","9999","","MAP","","421958.0","293480.0","<Overbridge No. 96>","HSJ6","","","","","","","","","","","50143980","2022-03-30","","NRAIL","","","","","Unknown","ZIAR Ref No_268940_ Interim Reference No_HZ_6478 _Notes: Foot access upside off bridge SY313/314. Sourced from APM Birmingham Emergency Manual. Issue 01 01/03/97. ",""
"110167549","KJW","31.006","QS","","31.006","1100","","MAP","","421862.0","291445.0","WHITACRE DEPOT ACCESS TO KJW","HSJ6","","","","","","","","","","","110167549","2019-07-16","","NRAIL","","","","","Up Main/Fast","LAT=N52:31:14 and LONG=W1:40:45        Double pallisade gates at the far end of Whitacre Mtce depot lead onto the Up side of the KJW line from Whitacre Jnc towards Kinsbury Jnc.  It is possible to drive along the track down to the 31m 20ch, where there is room to turn a van around, obeying all Network Rail rules at all times.",""
"110167548","KJW","31.006","QS","","31.006","1100","","MAV","","421862.0","291445.0","WHITACRE DEPOT ACCESS TO KJW","HSJ6","","","","","","","","","","","110167548","2019-07-16","","NRAIL","","","","","Up Main/Fast","LAT=N52:31:14 and LONG=W1:40:45                       Double pallisade gates at the far end of Whitacre Mtce depot lead onto the Up side of the KJW line from Whitacre Jnc towards Kinsbury Jnc.  It is possible to drive along the track down to the 31m 20ch, where there is room to turn a van around, obeying all Network Rail rules at all times.",""
"110171655","LEC1","0.0462","QS","","0.0462","1101","","MA","","698492.0","571277.1","Barnby Sub Station","HSJ9","","","","","","","","","Pedestrian","","110171655","2022-04-13","","NRAIL","","","","","","X2 No steps and hand rail installed outside the existing pedestrian access point/doorway. This is adjacent to Barnby Sub Station which connects onto the high level safe walking route.",""
"110183931","LEC1","18.0594","QS","","18.0594","1200","","MA","","510184.0","198486.0","107 TO 109 SUSSEX ROAD Watford","HSJ9","","","","","","","","","","","110183931","2023-05-26","","NRAIL","","","","","Up Slow","Existing access point required adding to the Hazard Directorty to enable access to Watford Tunnel South FTN - GSM-R node. ~
PLEASE NOTE - THERE IS NO ACCESS TO THE RAILWAY AND IT""S ASSETS FROM THIS ACCESS POINT. ACCESS IS ~
ONLY TO THE FTN/GSMR SITE.",""
"110180051","LEC1","56.1623","QS","","56.1623","1200","","MA","","478040.0","247481.0","Higham Cross Road - Br.196","HSJ8","","","","","","","","","","","110180051","2022-09-20","","","","","","","Up Slow","The access is in good condition, has a good access gate and an existing access point sign. There is no third party land to cross and there is no obvious reason for its omission.",""
"50435783","LEC1","0.0","QS","","0.0","0","","MAP","","529502.0","182753.0","Euston Station","HSJ9","","","","","","","","","","","50435783","2011-03-24","","GTRM","","","","","All/Multiple Tracks","Nature of Access: OFF PLATFORM ENDS",""
"50143905","LEC1","0.0394","QS","","0.0394","3804","","MAP","","529260.0","182980.0","Euston Down Side Sheds","HSJ9","","","","","","","","","","","50143905","2023-05-31","","GTRM","","","","","","Nature of Access: Walking only, steel staircase to track. First Line Approach and Line Speed: Backing out road No.4. 20mph. Double gate No. 7 Padlock. Poor parking.",""
"50143904","LEC1","0.0394","QS","","0.0394","3601","","MAP","","529260.0","182980.0","Euston Up Side Sheds","HSJ9","","","","","","","","","","","50143904","2023-05-31","","GTRM","","","","","","Nature of Access:Limited walking only through double gate - No.7 padlock. descending Steps down spiral stairs. First Line Approach and Line Speed: Up arrival road to Platforms 1,2 & 3. 20mph. Poor parking.",""
"110147481","LEC1","0.1756","QS","","0.1756","0","","MAP","","697718.0","571365.0","CAMDEN TSC 25KV SUBSTATION","HSJ9","","","","","","","","","","","110147481","2022-04-13","","NRAIL","","","","","All/Multiple Tracks","Address:Gloucester Avenue, Camden, London:NW1 7BG Details: Gloucester Avenue",""
"50435801","LEC1","1.004","QS","","1.004","1200","","MAP","","528470.0","183895.0","Kenton Sub Station-Gloucester AV","HSJ9","","","","","","","","","","","50435801","2023-05-31","","GTRM","","","","","Up Slow","Nature of Access: Path to descending steps via private property - Double gate - No. 7 lock. First Line Approach & Line Speed: Up Slow. Up roads normal flow of traffic right to left as viewed from access. 90 mph. Parking-poor-on highway.",""
"110147480","LEC1","1.007","QS","","1.007","0","","MAP","","","","CAMDEN DC SUBSTATION","HSJ9","","","","","","","","","","","110147480","2023-05-31","","NRAIL","","","","","All/Multiple Tracks","Address:Gloucester Avenue, Camden, London:NW1 7BB Details: Gloucester Avenue",""
"50143907","LEC1","1.0088","QS","","1.0088","3900","","MAP","","528415.1","183949.2","Gloucester Ave Camden DC Sub Br.09","HSJ9","","","","","","","","","","","50143907","2021-08-13","","NRAIL","","","","","Rev Siding","Nature of Access: Double gate - No.7 padlock - straight onto track. t. Poor parking. No ON Track Plant or heavy materials delivered by Hi-Ab to be STORED at this access. ALO control measures to be implemented when delivering to this access. Deliveries must be met.","TQ 28415 83949"
"50461118","LEC1","1.044","QS","","1.044","2100","","MAP","","528238.0","184173.0","Bridge Approach, Chalk Farm","HSJ9","","","","","","","","","","","50461118","2023-05-31","","GTRM","","","","","Down Main/Fast","Route to track level, off platform ends. Parking: none.",""
"50143906","LEC1","1.047","QS","","1.047","1101","","MAP","","528194.0","184221.5","Camden Juniper Cresent Vehicle","HSJ9","","","","","","","","","","","50143906","2021-08-13","","NRAIL","","","","","","Nature of Access: Large gate - No.7 padlock - vehicular direct to track. First Line Approach and Line Speed: Up Fast. Up road normal flow of traffic right to left as viewed from access. 40mph. Excellent parking. ALO control measures to be considered/implemented when delivering to this access. All deliveries must be met.","TQ 28194 84221"
"110165986","LEC1","2.0637","QS","","2.0637","1100","","MAP","","526497.5","184061.2","South Hampstead Middle Lines Up Fast","HSJ9","","","","","","","","","","","110165986","2023-05-31","","","","","","","Up Main/Fast","ACCESS POINT TO RAILWAY IS BY STAIRCASE AND IS NOT SUITABLE FOR TRANSPORTING HEAVY EQUIPMENT OR HEAVY TOOLS. ~
WARNING SSOW WORKING IS NOT PERMITTED ON THE UP & DOWN FASTLINES OR UP & DOWN SLOWLINES ACCEESED FROM THIS ACCESS POINT.","TQ 26497 84061"
"110165987","LEC1","2.0746","QS","","2.0746","2200","","MAP","","526397.9","184056.4","South Hampstead Middle Lines Down Slow","HSJ9","","","","","","","","","","","110165987","2023-05-31","","","","","","","Down Slow","ACCESS POINT TO RAILWAY IS BY STAIRCASE AND IS NOT SUITABLE FOR TRANSPORTING HEAVY EQUIPMENT OR HEAVY TOOLS. ~
WARNING SSOW WORKING IS NOT PERMITTED ON THE UP & DOWN FASTLINES OR UP & DOWN SLOWLINES ACCEESED FROM THIS ACCESS POINT.","TQ 26397 84056"
"50435790","LEC1","3.033","QS","","3.033","1200","","MAP","","523764.0","182929.0","Lawfords Yard <South>","HSJ9","","","","","","","","","","","50435790","2025-05-29","","GTRM","","","","","Up Slow","Nature of Access: Main gate private padlock - Tel. 0208 960 3166 - railway double gates No.7 padlock. First Line Approach & Line Speed: Up Slow. 75 mph. Down DC. 45 mph. Poor parking.",""
"50143911","LEC1","4.0954","QS","","4.0954","2100","","MAP","","523253.2","182758.3","Kensall Green","HSJ9","","","","","","","","","","","50143911","2021-08-13","","NRAIL","","","","","Down Main/Fast","Nature of Access: Single gate - No.7 padlock - descending steps. First Line Approach and Line Speed: Down Fast. Down road normal flow of traffic right to left as viewed from access. 90mph. No parking.","TQ 23253 82758"
"50435792","LEC1","5.0174","QS","","5.0174","2100","","MAP","","522358.1","182734.7","Scrubs Lane LEC1","HSJ9","","","","","","","","","","","50435792","2021-08-13","","NRAIL","","","","","Down Main/Fast","Nature of Access: Through Keyline Builders Yard - Key required out of hours. Single gate, no.7 padlock, descending steps. First Line Approach & Line Speed: Down DC. 30 mph. Parking: none.","TQ 22358 82734"
"110147510","LEC1","5.0708","QS","","5.0708","0","","MAP","","691138.3","571254.3","WEST LONDON JN TSL 25KV SUBSTATION","HSJ9","","","","","","","","","","","110147510","2022-04-13","","NRAIL","","","","","All/Multiple Tracks","Address:Scrubbs Lane, Willesden, London:NW10 6RA Details: Scrubbs Lane",""
"50143885","LEC1","5.0716","QS","","5.0716","1200","","MAP","","521884.1","182884.4","Willesden Junction Bus Turn Around","HSJ9","","","","","","","","","NP","","50143885","2022-07-11","","NRAIL","","","","","Up Slow","Nature of Access: Single Gate - No.7 Padlock. Descending Steps.","TQ 21884 82884"
"50461121","LEC1","5.084","QS","","5.084","0","","MAP","","521780.0","182908.0","Willesden Junction Station","HSJ9","","","","","","","","","","","50461121","2023-05-31","","GTRM","","","","","All/Multiple Tracks","Nature of access: Off platform ends.",""
"50501150","LEC1","5.11","QS","","5.11","1200","","MAP","","521561.0","182997.0","SPK-W London Jn","HSJ9","","","","","","","","","","","50501150","2023-05-31","","GTRM","","","","","Up Slow","",""
"110147505","LEC1","5.1551","QS","","5.1551","0","","MAP","","","","WEMBLEY TSC 25KV SUBSTATION","HSJ9","","","","","","","","","","","110147505","2023-05-31","","NRAIL","","","","","All/Multiple Tracks","Address:Station Grove, Wembley, London:HA0 4AN Details: Station Grove",""
"110147498","LEC1","9.0168","QS","","9.0168","1200","","MAP","","517573.8","186528.2","North Webmley MPATS 25KV Substaion","HSJ9","","","","","","","","","","","110147498","2021-08-13","","NRAIL","","","","","Up Slow","Address:A4088, North Wembley, London:HA9 7PT Details: A4088","TQ 17573 86528"
"50143875","LEC1","9.0837","QS","","9.0837","1200","","MAP","","517341.7","187097.6","Windermere Grove","HSJ9","","","","","","","","","","","50143875","2022-01-28","","NRAIL","","","","","Up Slow","","TQ 17341 87097"
"50143877","LEC1","9.1498","QS","","9.1498","1200","","MAP","","517116.3","187664.4","Conway Gardens","HSJ9","","","","","","","","","","","50143877","2021-08-13","","NRAIL","","","","","Up Slow","Nature of Access: Single gate - No.7 padlock - public footpath/bridge adjacent to AP. Access track by stepping over raised cable troughing and down wall to Up Slow. Up Slow to be blocked and Working At Height precations to be used","TQ 17116 87664"
"50143878","LEC1","10.1071","QS","","10.1071","1200","","MAP","","516449.2","188681.0","Kenton Recreation Ground","HSJ9","","","","","","","","","","","50143878","2021-08-13","","NRAIL","","","","","Up Slow","Nature of Access: Single Gate - No.7 Padlock. Small Slope of mud and grass to gate. Underfoot conditions poor when wet. Straight onto Track. First Line Approach and Line Speed: Up Slow. Normal flow of traffic right to left as viewed from access. 90mph. Parking-Poor. No Access to car park for anything larger than cars","TQ 16449 88680"
"50143879","LEC1","10.1541","QS","","10.1541","1200","","MAP","","516128.5","188970.4","Kenmore Avenue Br.41","HSJ9","","","","","","","","","","","50143879","2021-08-13","","NRAIL","","","","","Up Slow","Nature of Access: Access up Grass verge, Known for Dog Mess. Single Gate - No.7 Padlock. Ascending steps. First Line Approach and Line Speed: Up Slow. normal flow of traffic right to left as viewed from access. 90mph. Parking on Kenmore Avenue.","TQ 16128 88970"
"50143853","LEC1","11.0158","QS","","11.0158","1200","","MAP","","515859.7","189177.9","Forward Drive","HSJ9","","","","","","","","","","","50143853","2021-08-13","","NRAIL","","","","","Up Slow"," ","TQ 15859 89177"
"110147493","LEC1","12.1377","QS","","12.1377","0","","MAP","","","","HEADSTONE LANE TSC 25KV SUBSTATION","HSJ9","","","","","","","","","","","110147493","2023-05-31","","NRAIL","","","","","All/Multiple Tracks","Address:Chantry Place, Headstone Lane, London:HA3 6NU Details: Chantry Place",""
"50143858","LEC1","12.1403","QS","","12.1403","1200","","MAP","","513641.7","190805.7","Chantry Place","HSJ9","","","","","","","","","","","50143858","2021-08-13","","NRAIL","","","","","Up Slow","Nature of Access: Double Gate - No.7 Padlock. Straight onto Track. First Line Approach and Line Speed: Up Slow. normal flow of traffic right to left as viewed from access. 90mph. Parking: Good, inside/adj. to AP gate. Do not block access to garage. ALO control measures to be implemented when delivering to this access. Deliveries must be met.","TQ 13641 90805"
"50461140","LEC1","13.0381","QS","","13.0381","1200","","MAP","","513161.1","191269.9","Uxbridge Rd - BR No49","HSJ9","","","","","","","","","","","50461140","2021-08-13","","NRAIL","","","","","Up Slow","Nature of Access: Single gate, No.7 padlock, descending steps. Limited clearance under Br.49. Parking: none. Recommend Parking in Hatchend Station","TQ 13161 91269"
"110176117","LEC1","13.101","QS","","13.101","1200","","MAP","","512781.5","191701.2","The Avenue Footbridge LEC1","HSJ9","","","","","","","","","","","110176117","2022-01-28","","NRAIL","","","","","Up Slow","","TQ 12781 91701"
"50143859","LEC1","14.032","QS","","14.032","1200","","MAP","","512222.5","192503.9","Little Oxhay Lane","HSJ9","","","","","","","","","NP","","50143859","2021-09-15","","NRAIL","","","","","Up Slow","Nature of Access: Vehicle gate - No.7 padlock - along access road and descending steps. First Line Approach and Line Speed: Down D.C. line. 45mph.","TQ 12222 92503"
"110173530","LEC1","14.1443","QS","","14.1443","1200","","MAP","","511840.1","193451.2","Gibbs Couch","HSJ9","","","","","","","","","","","110173530","2021-09-08","","NRAIL","","","","","Up Slow","","TQ 11840 93451"
"110173544","LEC1","15.0318","QS","","15.0318","1200","","MAP","","511729.4","194026.6","Alva Way","HSJ9","","","","","","","","","","","110173544","2021-09-08","","NRAIL","","","","","Up Slow","","TQ 11729 94027"
"50461147","LEC1","15.1483","QS","","15.1483","1200","","MAP","","511814.2","195063.6","GSL Access <Bushy Barhales> RRAP UP slow","HSJ9","","","","","","","","","","","50461147","2021-08-13","","NRAIL","","","","","Up Slow","Nature of Access: Double gate, direct to track. Access through Barhale property, Sign in required, Beware of Dogs. Parking: fair, inside AP gate. ALO control measures to be implemented when delivering to this access. All deliveries must be met. Do not drive over troughing when accessing Wrap","TQ 11814 95063"
"50143863","LEC1","16.0082","QS","","16.0082","1200","","MAP","","511874.0","195396.6","Bushy Station Car Park","HSJ9","","","","","","","","","","","50143863","2022-01-28","","NRAIL","","","","","Up Slow","","TQ 11874 95396"
"50461148","LEC1","16.0797","QS","","16.0797","2100","","MAP","","511874.3","196041.0","Waterfields Way / Tesco Steps","HSJ9","","","","","","","","","","","50461148","2021-08-13","","NRAIL","","","","","Down Main/Fast","Nature of Access: single gate, No.7 padlock, ascending steps. 2 sleepers provide means to cross bridge. Parking: nearest parking at Colne Valley Retail Park approx. 250 yrds from AP. First Road Down Fast, Right to left. Underfoot conditons to access are neglected.","TQ 11874 96040"
"110165587","LEC1","16.1156","QS","","16.1156","1200","","MAP","","511798.0","196337.5","Bushy Hall Rd BR.60","HSJ9","","","","","","","","","","","110165587","2022-07-15","","NRAIL","","","","","Up Slow","WARNING SSOW PROHIBITED ACCESS POINT.~
ACCESS POINT ONLY TO BE USED WITH LINE BLOCKAGE ON UP SLOW. Temporarily removal this Access Point from the hazard directory due to the very poor condition <failed raisers> of the access steps.","TQ 11798 96337"
"50127769","LEC1","17.0038","QS","","17.0038","2100","","MAP","","511443.5","196830.6","Radlett Road BR.62 LEC1","HSJ9","","","","","","","","","","","50127769","2021-08-13","","NRAIL","","","","","Down Main/Fast","Nature of Access: Double gate - No.7 padlock - ascending steps over road bridge/tunnel. First Line Approach and Line Speed: Down Fast. Down road normal flow of traffic right to left as viewed from access. 110mph. Parking: inside AP gate. Vehicle access for parking only. REB/Wash/DC access via walking routes. Known sharps area","TQ 11443 96830"
"110147503","LEC1","17.016","QS","","17.016","0","","MAP","","","","WATFORD TSC 25KV SUBSTATION","HSJ9","","","","","","","","","","","110147503","2023-05-31","","NRAIL","","","","","All/Multiple Tracks","Address:Radlett Road, Watford:WD17 2QL Details: Radlett Road",""
"50127765","LEC1","17.125","QS","","17.125","1200","","MAP","","510745.1","197683.0","Watford B.R.S.A.","HSJ9","","","","","","","","","","","50127765","2021-08-13","","NRAIL","","","","","Up Slow","Nature of Access: 3 xDouble gates - No.7 padlock - Access gained off end of BRSA club car park <Now demolished. Debris and Railmaterial held here>- First Line Up Slow. Access track runs parallel to up line for 300 yds north of AP. Hazard Lights must be used on track. Parking: inside AP gate. ALO control measures to be implemented when delivering to this address. Deliveries must be met.","TQ 10745 97683"
"110173532","LEC1","17.1303","QS","","17.1303","2100","","MAP","","510700.9","197707.9","Church Rd <between No54 & 56>","HSJ9","","","","","","","","","","","110173532","2024-11-22","","NRAIL","","","","","Down Main/Fast","ACCESS IS NOT TO BE USED TO ACCESS THE TRACK. STAIRS ARE NOT IN A FIT CONDITION TO BE USED AND POSE A VERY HIGH FALLING RISK. ","TQ 10700 97707"
"120000098","LEC1","18.0704","QS","","18.0704","9999","","MAP","","510133.0","198575.0","Beechfield School, Watford","HSJ9","","","","","","","","","Foot access to GSMR compound only","","120000098","2024-11-22","","","","","","","Unknown","Watford Tunnel South GSMR compound, for Telecoms, E&P and Off-Track staff only.
NO Trackside Access.
Access to be agreed in advance with caretaker David Greenfield of Beecfield School email on David.Greenfield@Beechfield-Herts.sch.uk  (Beecfield School, Gammons Lane, Watford,  WD24 5TY. Tel 01923 221269)

Access ONLY outside of school opening times 0800-1600 Mon-Fri, any specfic local instructions will be shared by the school. No staff are to enter any of the school buidings, unless instructed to sign in with reception.

NWR to wear full PPE and display ID at all times and school ground gate to be kept closed and locked at all times. No tools or materials are to be left in the school ground.

Whilst accessing the GSMR compound, staff to be aware of underfoot condtions (Slips, Trips and Falls), Staff working at night must have adaquate lighting for walking or task lighting. Any vegitation issues, must be reported to NWR Route Control for actioning.",""
"50143842","LEC1","19.1373","QS","","19.1373","2100","","MAP","","508603.0","200216.8","Gypsy Lane Br.68","HSJ9","","","","","","","","","","","50143842","2021-08-13","","NRAIL","","","","","Down Main/Fast","Nature of Access: Single gate - No.7 padlock - descending concrete steps. First Line Approach and Line Speed: Down Fast. Down road normal flow of traffic right to left as viewed from access. 110mph. Parking: adjacent to AP. Poor","TL 08603 00216"
"120000028","LEC1","19.1376","QS","","19.1376","1200","","MAP","","508627.0","200239.0","Gypsy Lane BR.68","HSJ9","","","","","","","","","Access Gate","","120000028","2024-11-19","","","","","","","Up Slow","Nature of Access: Single gate - No.7 padlock - NO ACCESS TO THE TRACK AS THE STAIRS ARE NOT FIT FOR USE AND HAVING TO CLIMB OVER CABLE ROUTE AT THE AT BOTTOM. ACCESS TO EMBANKMENT DRAINAGE AND TOP OF WATFORD TUNNEL PORTAL ONLY
There is a risk of being on or near the line if the access is used for any other purpose, and an SSOW should be in place for using this access for any other purpose",""
"110147536","LEC1","20.0365","QS","","20.0365","0","","MAP","","508309.0","200872.0","KINGS LANGLEY TSC","HSJ9","","","","","","","","","Substation Access","","110147536","2024-11-19","","NRAIL","","","","","All/Multiple Tracks","Kings langley TSC access Via Hunton bridge access gate and walk down walking route on the kings langley loop. TL083008",""
"50143847","LEC1","21.0247","QS","","21.0247","1200","","MAP","","507973.4","202282.1","Kings Langley Stn RRAP Up Slow","HSJ9","","","","","","","","","","","50143847","2021-08-13","","NRAIL","","","","","Up Slow","Nature of Access: Double gate. No.7 Padlock. May not be sutible for larger Vehicles due to low railway bridges on Egg farm lane and Entrance to Kings Langley Car Park. No ON Track Plant or heavy materials delivered by Hi-Ab to be STORED at this access point. ALO control measures to be implemented when delivering to this access. Deliveries must be met.","TL 07973 02282"
"110173533","LEC1","21.1252","QS","","21.1252","2100","","MAP","","507722.2","203187.8","Kings Langley Primrose Hill <55-57> Down","HSJ9","","","","","","","","","","","110173533","2021-09-08","","NRAIL","","","","","Down Main/Fast","","TL 07722 03187"
"110173534","LEC1","21.1272","QS","","21.1272","1200","","MAP","","507726.8","203214.0","Kings Langley Primrose Hill <55-57> Up","HSJ9","","","","","","","","","","","110173534","2021-09-08","","NRAIL","","","","","Up Slow","","TL 07726 03213"
"50143849","LEC1","22.0219","QS","","22.0219","2100","","MAP","","507381.2","203763.1","Railway Terrace Br.77","HSJ9","","","","","","","","","","","50143849","2021-08-13","","NRAIL","","","","","Down Main/Fast","Nature of Access: Single gate - No.7 padlock - ascending concrete steps. Beware loose handrail. Parking: OK. First road Up Slow. Do not leave engine running and keep noise down to avoid complaints","TL 07381 03763"
"50143848","LEC1","22.0913","QS","","22.0913","1200","","MAP","","506942.1","204221.0","Red Lion Bridge Br.79","HSJ9","","","","","","","","","NP","","50143848","2021-08-13","","NRAIL","","","","","Up Slow","Nature of Access: Single gate - No.7 padlock - ascending concrete steps up bank. First Line Approach and Line Speed: Up Slow. Up road normal flow of traffic right to left as viewed from access. 90mph. Parking: good, in car park adj to AP.","TL 06942 04220"
"50461152","LEC1","23.1254","QS","","23.1254","1200","","MAP","","505456.1","205430.6","Featherbed Lane <Auntie Jeans>","HSJ9","","","","","","","","","","","50461152","2021-08-13","","NRAIL","","","","","Up Slow","Nature of Access: Single Gate - No.7 Padlock - Pathway between bridge on right and house on left. Please be respectful of resedents. Gate leads to up Slow. Direction of travel in normal running right to left. Parking poor on road. New bridge installed. Better parking over bridge","TL 05456 05430"
"50127775","LEC1","24.0357","QS","","24.0357","1902","","MAP","","504746.4","205772.5","Stratford Way","HSJ9","","","","","","","","","","","50127775","2021-08-13","","NRAIL","","","","","","Nature of Access: Single gate - No 7 Padlock, descending concrete steps. Parking: poor, on side of road. Emergency access only due to resedential complaints. REB at sight. First line Hemel Sidings. First Main Line, Up Slow","TL 04746 05772"
"50143852","LEC1","24.0502","QS","","24.0502","1902","","MAP","","504622.7","205823.4","Hemmel Hempstead Station Carpark","HSJ9","","","","","","","","","NP","","50143852","2021-08-13","","NRAIL","","","","","","Nature of Access: Vehicle gates to car park - No.7 padlock - large gate onto railway - No.7 padlock - straight onto track. Parking: good inside AP gate.","TL 04622 05823"
"50143851","LEC1","24.0752","QS","","24.0752","1901","","MAP","","504405.2","205894.4","Boxmoor Yard North","HSJ9","","","","","","","","","","","50143851","2021-08-13","","NRAIL","","","","","","Nature of Access: Vehicle gates to car park - No.7 padlock - large gate onto railway - No.7 padlock - straight onto track. First Line Hemel Sidings <Old Platform> Parking: good inside AP gate.","TL 04405 05894"
"110173535","LEC1","24.0828","QS","","24.0828","2100","","MAP","","504328.8","205883.9","RoughDown Road","HSJ9","","","","","","","","","","","110173535","2021-09-08","","NRAIL","","","","","Down Main/Fast","","TL 04328 05883"
"50143825","LEC1","24.1025","QS","","24.1025","1200","","MAP","","504165.0","205965.0","Hemmel Hempstead Relay Room","HSJ9","","","","","","","","","","","50143825","2021-08-13","","NRAIL","","","","","Up Slow","Nature of Access: Single Gate - No.7 Padlock - steps and path up bank. First Line Approach and Line Speed: Up Slow. Up road normal flow of traffic right to left as viewed from access. 80mph. Parking: good, in station car park. REB Redundant. Access may be unused","TL 04165 05965"
"50143826","LEC1","24.1374","QS","","24.1374","1200","","MAP","","503859.5","206065.1","Old Fishery lane Br.90","HSJ9","","","","","","","","","","","50143826","2021-08-13","","NRAIL","","","","","Up Slow","Nature of Access: Single Gate - No.7 Padlock - ascending concrete steps. First Line Approach and Line Speed: Up Slow. Up road normal flow of traffic right to left as viewed from access. 90mph. Steep incline on canal bride. Parking: poor, on side of road. Walking route north often overgrown. Be cautious of Scrap rail along walkways","TL 03859 06065"
"110173051","LEC1","25.0644","QS","","25.0644","1200","","MAP","","502971.2","206372.7","Bourne End South REB","HSJ9","","","","","","","","","","","110173051","2021-08-13","","NRAIL","","","","","Up Slow","","TL 02971 06372"
"50496873","LEC1","25.084","QS","","25.084","2100","","MAP","","502798.6","206420.8","Winkwell South REB","HSJ9","","","","","","","","","","","50496873","2021-08-13","","NRAIL","","","","","Down Main/Fast","Nature of Access: Single gate. No.7 Padlock. Walkway behind reinstated fence line from road at UB 92 to Bourne End South REB with wooden steps to Slow Cess. Steps known to be slippery and Rot. Beware. Parking poor. BI-DIRECTIONAL AREA.","TL 02798 06420"
"110158226","LEC1","25.0946","QS","","25.0946","1200","","MAP","","502712.6","206470.5","Winkwell PSP","HSJ9","","","","","","","","","","","110158226","2021-08-13","","NRAIL","","","","","Up Slow","Nature of Access: Single Gate. No.7 Padlock. Ascending Steel Steps. These steel access point stairs must only be used for access to track by people using hand tools or equipment that requires a single handhold. First road Up Slow. Right to left. BI-DIRECTIONAL AREA","TL 02712 06470"
"50496946","LEC1","25.1017","QS","","25.1017","2100","","MAP","","502646.1","206480.4","Pix Farm Lane South","HSJ9","","","","","","","","","","","50496946","2021-08-13","","NRAIL","","","","","Down Main/Fast","Nature of Access: Single Gate. No.7 Padlock. Ascending Concrete Steps leading to slope to Down Fast. Parking OK. BI-DIRECTIONAL AREA","TL 02646 06480"
"50496986","LEC1","25.1105","QS","","25.1105","2100","","MAP","","502569.9","206508.5","Winkwell Middle REB","HSJ9","","","","","","","","","","","50496986","2021-08-13","","NRAIL","","","","","Down Main/Fast","Nature of Access: Single Gate. No.7 Padlock. Concrete steps to Down Fast. Normal direction of travel Right to Left. BI-DIRECTIONAL AREA. REB Accessable at Gate level","TL 02569 06508"
"110147537","LEC1","26.0514","QS","","26.0514","2100","","MAP","","501574.6","206887.9","Little Heath Lane <DS>/ Sewage Wks BR.94","HSJ9","","","","","","","","","Substation Access","","110147537","2021-08-13","","NRAIL","","","","","Down Main/Fast","Address:Little Heath Lane Bourne End: NP1 2XX Details: Little Heath Lane Bourne End. TL018065","TL 01574 06887"
"50497197","LEC1","26.1376","QS","","26.1376","1200","","MAP","","500846.6","207194.1","Bull Beggers Lane BR.95 Up Slow REB","HSJ9","","","","","","","","","","","50497197","2021-08-13","","NRAIL","","","","","Up Slow","Nature of Access: Single Gate. No.7 Padlock. Follow walkway to REB with wooden steps down to Up Slow. Right to left","TL 00846 07194"
"50435813","LEC1","27.0549","QS","","27.0549","2100","","MAP","","500104.9","207613.7","Sunnyside Bridge Br.97","HSJ9","","","","","","","","","NP","","50435813","2021-08-13","","NRAIL","","","","","Down Main/Fast","Nature of Access: Single Gate. No.7 Padlock. Descending steps to Down Fast. Normal direction of traffic Right to left. Access gained off southern end of Ellesmere Rd. Parking poor.","TL 00104 07613"
"50143830","LEC1","28.023","QS","","28.023","1200","","MAP","","498984.8","208260.7","Berkhamstead Car Park Up Slow RRAP","HSJ9","","","","","","","","","","","50143830","2021-08-13","","NRAIL","","","","","Up Slow","Nature of Access: Double Gate. No.7 Padlock. Access gained through station car park. Parking: excellent, inside AP gate. ALO control measures to be implemented when delivering to this access. All deliveries must be met","SP 98984 08260"
"50143832","LEC1","28.1007","QS","","28.1007","1200","","MAP","","498336.7","208536.8","Billet Lane Br.104","HSJ9","","","","","","","","","","","50143832","2021-08-13","","NRAIL","","","","","Up Slow","Nature of Access: Single Gate. No.7 Padlock. Access from Bridge. Follow decending concrete path to REB and Up Slow. Parking: Poor","SP 98336 08536"
"110173536","LEC1","28.1091","QS","","28.1091","2100","","MAP","","498262.5","208561.9","North Bridge Rd Access","HSJ9","","","","","","","","","","","110173536","2021-09-08","","NRAIL","","","","","Down Main/Fast","","SP 98262 08561"
"50143833","LEC1","29.0277","QS","","29.0277","1200","","MAP","","497613.5","209139.7","New Road Northchurch tunnel Br.105","HSJ9","","","","","","","","","","","50143833","2021-08-13","","NRAIL","","","","","Up Slow","Nature of Access: Vehicle & single gates - both No.7 padlocks - path down bank. First Line Nature of Access: Double gate No.7 padlock - Decending Path and Steps to Up Slow. Up road normal flow of traffic right to left as viewed from access. 90mph. Parking: good, adjacent to AP. No Vehicle access to track","SP 97613 09139"
"50143834","LEC1","30.0235","QS","","30.0235","2100","","MAP","","496349.8","210076.9","Lady Davidson bridge Tring Br.108","HSJ9","","","","","","","","","","","50143834","2021-08-13","","NRAIL","","","","","Down Main/Fast","Nature of Access: Single Gate - No.7 Padlock - Descending Concrete steps. First Line Approach and Line Speed: Down Fast. Down road normal flow of traffic right to left as viewed from access. 125mph enhanced permissable speed. Parking: poor, on side of Rd.","SP 96349 10076"
"50143835","LEC1","30.1689","QS","","30.1689","1200","","MAP","","495587.1","211152.6","Newground Bridge Br.110","HSJ9","","","","","","","","","NP","","50143835","2021-08-13","","NRAIL","","","","","Up Slow","Nature of Access: Single gate - No.7 padlock - descending concrete steps. First Line Approach and Line Speed: Up Slow. Up road normal flow of traffic right to left as viewed from access. 90mph. Parking: Poor.","SP 95587 11152"
"120000161","LEC1","30.1689","QS","","30.1689","2100","","MAP","","495569.0","211143.0","New ground bridge fasts BR.110","HSJ9","","","","","","","","","Access Gate","","120000161","2024-12-13","","","","","","","Down Main/Fast","Access type: pedestrian-7 key pad lock, walk down the stairs to access the track, brings you onto the down fast.  line speed 125mph",""
"110147538","LEC1","31.077","QS","","31.077","0","","MAP","","495320.0","211893.0","BLB-TRING TSC","HSJ9","","","","","","","","","Substation Access","","110147538","2025-08-13","","NRAIL","","","","","All/Multiple Tracks","Address:Off Station Road in Tring Station carpark:HP23 5QR Details: Off Station Road. SP952119",""
"50127763","LEC1","31.0905","QS","","31.0905","2100","","MAP","","495230.7","211965.7","Fog Cottages Down Fast RRAP","HSJ9","","","","","","","","","NP","","50127763","2021-08-13","","NRAIL","","","","","Down Main/Fast","Double gate, No.7 padlock, direct to track.; No heavy materials delivered by Hi-Ab to be stored at this access. ALO control measures to be implemented when delivering to this access. Deliveries must be met.","SP 95230 11965"
"50127764","LEC1","31.1169","QS","","31.1169","1901","","MAP","","495150.4","212198.5","Tring Station Carpark","HSJ9","","","","","","","","","","","50127764","2021-08-13","","NRAIL","","","","","","Nature of Access: Double gate, No.7 padlock, direct to track. Access gained through Lower Station Car Park Via Gate. Parking: Good, inside AP gate.","SP 95150 12198"
"50127766","LEC1","32.0853","QS","","32.0853","2100","","MAP","","494327.4","213247.2","Marshcroft Lane Br.114","HSJ9","","","","","","","","","","","50127766","2021-08-13","","NRAIL","","","","","Down Main/Fast","Nature of Access: Single Gate. No. 7 Padlock. Decending concrete stairs to Down Fast. This Access point can only be accessed via Honeysuckle Farm, Northfield Road, Tring HP23 5QJ. No Access Rights via the approach via Grove Road.","SP 94327 13247"
"50127767","LEC1","33.0089","QS","","33.0089","1200","","MAP","","493798.0","213979.0","Folly Bridge","HSJ9","","","","","","","","","NP","","50127767","2021-08-13","","NRAIL","","","","","Up Slow","Nature of Access: Single gate - No.7 padlock - Descending concreate steps. First Line Approach and Line Speed: Up Slow. Up road normal flow of traffic right to left as viewed from access. 90mph. Parking: poor, on side of Rd. Do not block access over bridge.","SP 93797 13978"
"50143838","LEC1","33.1692","QS","","33.1692","2100","","MAP","","493061.8","215237.3","PitStone Bridge Br.116","HSJ9","","","","","","","","","","","50143838","2021-08-13","","NRAIL","","","","","Down Main/Fast","Nature of Access: Decending Concrete Steps to Down Fast from Bridge 116. Parking OK on next to REB Access","SP 93061 15237"
"50461241","LEC1","34.049","QS","","34.049","2100","","MAP","","492921.5","215727.2","Cooks Wharf Road Stairs","HSJ9","","","","","","","","","","","50461241","2021-08-13","","NRAIL","","","","","Down Main/Fast","Nature of Access: Double Gates, No.7 padlock, ascending ramp/steps. Parking: Poor on side of road. Stairs and Ramp lead to Down Fast. Right to Left","SP 92921 15727"
"50143815","LEC1","34.1432","QS","","34.1432","2100","","MAP","","492717.4","216571.5","Great Seabrook Farm Br.119","HSJ9","","","","","","","","","","","50143815","2021-08-13","","NRAIL","","","","","Down Main/Fast","Nature of Access: Single gate - No.7 padlock - Ascending Concrete steps. First Line Approach and Line Speed: Down Fast. Down road normal flow of traffic right to left as viewed from access. 110mph. Parking: Adj. to AP gate.","SP 92717 16571"
"50143817","LEC1","36.0807","QS","","36.0807","1200","","MAP","","492116.9","219140.0","Horton RD","HSJ8","","","","","","","","","","","50143817","2022-04-14","","NRAIL","","","","","Up Slow","Nature of Access: Single gate - No.7 padlock - ascending steps. First Line Approach and Line Speed: Up Slow. Up road normal flow of traffic right to left as viewed from access.  Parking: fair, on side of road.","SP 92116 19139"
"50435762","LEC1","37.0895","QS","","37.0895","1200","","MAP","","491722.6","220781.8","Train Robbers Bridge Up Side South","HSJ8","","","","","","","","","","","50435762","2021-09-17","","NRAIL","","","","","Up Slow","Train Robber Bdg-No.127 pedestrian access","SP 91722 20781"
"50498128","LEC1","37.108","QS","","37.108","1200","","MAP","","491680.3","220945.3","Train Robbers Bridge Br.127 Up Ped","HSJ8","","","","","","","","","","","50498128","2022-04-14","","NRAIL","","","","","Up Slow","Nature of Access: Single gate - Access track runs from Br.127 north for approx. 60 yrds to Ledburn REB on upside. First Line Approach and Line Speed: Up Slow. Up road normal flow of traffic right to left as viewed from access.","SP 91680 20945"
"50143820","LEC1","38.0579","QS","","38.0579","1200","","MAP","","491408.5","222063.6","Bridge 129 Old Ledburn Junction","HSJ8","","","","","","","","","","","50143820","2021-09-17","","NRAIL","","","","","Up Slow","5+ Shared access to public footpath,these need to be replaced Worn/weathered, both main access gate and entrance gate need to be replaced, Needs improving potholes etc, cow effluent leaking across pathway at entrance & no lighting","SP 91408 22063"
"110132106","LEC1","39.0014","QS","","39.0014","2100","","MAP","","491136.9","223121.7","Hospital Bridge Ledburn Road Fast Side Pedestrian","HSJ8","","","","","","","","","","","110132106","2022-11-07","","NRAIL","","","","","Down Main/Fast","Hospital bridge","SP 91136 23121"
"50461159","LEC1","39.0023","QS","","39.0023","1200","","MAP","","491150.4","223133.5","Hospital Bridge Ledburn Relay Room","HSJ8","","","","","","","","","","","50461159","2022-11-07","","NRAIL","","","","","Up Slow","5+ No lighting at access point","SP 91150 23133"
"110147539","LEC1","39.0531","QS","","39.0531","1200","","MAP","","491064.1","223588.9","Leighon Buzzard ATF Up Side","HSJ8","","","","","","","","","Substation Access","","110147539","2021-09-17","","NRAIL","","","","","Up Slow","Address:Off Leighton Buzzard Bypass A4146:LU7 0XX Details: Off Leighton Buzzard Bypass A4146. SP911235","SP 91064 23588"
"50461161","LEC1","40.03","QS","","40.03","2100","","MAP","","491063.0","224982.0","BLB-Leighton Buzzard Station","HSJ8","","","","","","","","","","","50461161","2019-11-27","","NRAIL","","","","","Down Main/Fast","Nature of Access: Off platform ends. Parking: good, in station car park.",""
"50461162","LEC1","40.1646","QS","","40.1646","1200","","MAP","","491086.9","226195.6","Stoke Road Up Br.137","HSJ8","","","","","","","","","","","50461162","2021-09-17","","NRAIL","","","","","Up Slow","Nature of Access: Single gate, No.7 padlock, descending steps. Limited clearance under Br.127. Both AP""s off Br.137 provide access to the north end of Linslade Tunnel <Br.136>. Parking: fair, adj to upside AP gate.","SP 91086 26195"
"50500870","LEC1","40.1693","QS","","40.1693","2100","","MAP","","491039.9","226225.0","Stoke Road Down Br.137","HSJ8","","","","","","","","","","","50500870","2021-09-17","","NRAIL","","","","","Down Main/Fast"," ","SP 91039 26225"
"50435764","LEC1","41.1391","QS","","41.1391","1200","","MAP","","490321.8","227309.6","Broad Oak Farm Up Side","HSJ8","","","","","","","","","","","50435764","2022-11-04","","NRAIL","","","","","Up Slow","Nature of Access: Single gate, No.7 padlock. Descending steps. First Line Approach & Line Speed: Up Slow. Up roads normal flow of traffic right to left as viewed from access. Parking: poor, adjacent to AP gate. Access to REB added.","SP 90321 27309"
"50143799","LEC1","42.0528","QS","","42.0528","1200","","MAP","","489569.7","227630.3","Stoke Road Br.141","HSJ8","","","","","","","","","","","50143799","2022-04-14","","NRAIL","","","","","Up Slow","Nature of Access: Single gate - No.7 padlock - descending steps. First Line Approach and Line Speed: Up Slow. Up road normal flow of traffic right to left as viewed from access.  Parking: on side of Rd.","SP 89569 27630"
"110174021","LEC1","42.1353","QS","","42.1353","1200","","MAP","","488925.8","228009.2","Great Brickhill Road","HSJ8","","","","","","","","","","","110174021","2021-10-05","","NRAIL","","","","","Up Slow","","SP 88925 28009"
"50461242","LEC1","43.1649","QS","","43.1649","1200","","MAP","","487813.4","229481.1","Stoke Hammond Br146 Newton road Slow","HSJ8","","","","","","","","","Access Point","","50461242","2022-04-08","","NRAIL","","","","","Up Slow","No vehicle parking at access point, you have to climb over a road barrier in order to get to access gate, no lighting at access point","SP 87813 29481"
"110146234","LEC1","43.1736","QS","","43.1736","2100","","MAP","","487771.9","229550.7","Stoke Hammond Br146  Newton road Fast","HSJ8","","","","","","","","","Access Point","","110146234","2022-04-08","","NRAIL","","","","","Down Main/Fast","Nature of Access: gate No.7 padlock descending steps. Parking: poor, adj to AP gate. Do not block afield access gate during daylight hours.","SP 87771 29550"
"50143803","LEC1","45.0302","QS","","45.0302","1200","","MAP","","487358.3","231413.3","Drayton Rd Skew Bridge BR.149","HSJ8","","","","","","","","","NP","","50143803","2022-04-14","","NRAIL","","","","","Up Slow","Nature of Access: Single gate - No.7 padlock - descending steps. First Line Approach and Line Speed: Up Slow. Up road normal flow of traffic right to left as viewed from access.  Parking: V.Poor, on side of road.","SP 87358 31413"
"110166973","LEC1","45.0876","QS","","45.0876","1200","","MAP","","487249.2","231924.7","Leon School Access","HSJ8","","","","","","","","","","","110166973","2021-09-17","","NRAIL","","","","","Up Slow","No vehicle parking at access point, no signage on gate, no access board, there is no lighting at access point, this access point was put in by the Drayton road project team  & will need to be added to our lists.","SP 87249 31924"
"110166748","LEC1","45.1353","QS","","45.1353","2100","","MAP","","487141.6","232348.0","Drayton Road Br.150 Down Fast","HSJ8","","","","","","","","","","","110166748","2021-09-17","","NRAIL","","","","","Down Main/Fast","Approx 4 shared access with nature reserve. Access point needs a de-veg. Old cable drum left at access point. No lighting at access point","SP 87141 32348"
"50143805","LEC1","45.1353","QS","","45.1353","1200","","MAP","","487152.0","232337.0","Drayton Road BR 150 <slow side>","HSJ8","","","","","","","","","","","50143805","2019-04-10","","NRAIL","","","","","Up Slow","Nature of Access: Single Gate No.7 padlock, ascending steps.",""
"50461163","LEC1","46.1338","QS","","46.1338","1100","","MAP","","486822.7","233913.8","Bletchley Stn Platform 2 High End","HSJ8","","","","","","","","","","","50461163","2022-01-25","","NRAIL","","","","","Up Main/Fast","Nature of Access: Off platform ends. Parking: good, in station car park.","SP 86822 33913"
"110146233","LEC1","47.0949","QS","","47.0949","2100","","MAP","","486432.2","235103.2","Spenlows Bridge Down Fast","HSJ8","","","","","","","","","access point","","110146233","2021-09-17","","NRAIL","","","","","Down Main/Fast","Public road. Public road lighting","SP 86432 35103"
"110146232","LEC1","47.0987","QS","","47.0987","1200","","MAP","","486442.4","235147.5","Spenlows Bridge Up Side","HSJ8","","","","","","","","","Access Point","","110146232","2021-09-17","","NRAIL","","","","","Up Slow","	On Public ad. Public footpath. Public footpath lit","SP 86442 35147"
"50461176","LEC1","47.1428","QS","","47.1428","1200","","MAP","","486226.2","235495.5","GroveWay Br.159 Ped Up Slow","HSJ8","","","","","","","","","","","50461176","2021-09-17","","NRAIL","","","","","Up Slow","3+ on roadway & 5+ in DF access opposite, shared with public footpath, Public footpath lighting","SP 86226 35495"
"50461177","LEC1","47.1446","QS","","47.1446","2100","","MAP","","486202.3","235499.4","GroveWay Br.159 Ped Down Fast","HSJ8","","","","","","","","","","","50461177","2021-09-17","","NRAIL","","","","","Down Main/Fast","3+ & approx 5+ at main groveway access, some rubbish left at gate but on public footpath","SP 86202 35499"
"110166976","LEC1","48.0073","QS","","48.0073","1200","","MAP","","486009.3","235794.1","Buckingham Foods Br.106A","HSJ8","","","","","","","","","","","110166976","2021-09-17","","NRAIL","","","","","Up Slow","You must park at Buckingham foods and follow public footpath, no lighting at access","SP 86009 35794"
"50143809","LEC1","48.0866","QS","","48.0866","2100","","MAP","","485532.1","236340.5","Denbigh Hall Peartree Lane Br.161","HSJ8","","","","","","","","","NP","","50143809","2021-09-17","","NRAIL","","","","","Down Main/Fast","Nature of Access: Single gate - No.7 padlock - descending steps. Road down to Br.161 blocked with bollards Milton Keynes Borough Council key contact MK Highways Dept. on 01908 252834. First Line Approach and Line Speed: Down Fast. Down road normal flo","SP 85532 36340"
"110166791","LEC1","49.0056","QS","","49.0056","2100","","MAP","","484965.0","237002.5","White Steps A5","HSJ8","","","","","","","","","","","110166791","2021-09-17","","NRAIL","","","","","Down Main/Fast","Public  Lay-by on <A5> 3+ No signage, Public Road <A5> There is no designated walking route or path in place between the Access gate and the Steps. None at Access gate, some vegetation between access gate & steps, Lighting from <A5>  but none on gate","SP 84964 37002"
"110177251","LEC1","49.0352","QS","","49.0352","1200","","MAP","","484829.0","237223.0","Winter Hill UP SLOW","HSJ8","","","","","","","","","","","110177251","2025-05-08","","NRAIL","","","","","Up Slow","Winter Hill Pedestrian Access Point. Single Gate No7 Padlock. Follow public footpath to gate to access ~
 NO PARKING AT THIS LOCATION DUE TO PARKING RESTRICTIONS","SP 84891 37287"
"50461178","LEC1","49.1742","QS","","49.1742","1200","","MAP","","484005.5","238204.9","Milton Keynes Stn","HSJ8","","","","","","","","","","","50461178","2021-09-17","","NRAIL","","","","","Up Slow","Pay & display car park, street lighting","SP 84005 38204"
"50461179","LEC1","50.1005","QS","","50.1005","1200","","MAP","","483389.7","238922.9","Danstead Way Br.168","HSJ8","","","","","","","","","","","50461179","2021-09-17","","NRAIL","","","","","Up Slow","Park at Daytona racing across the road & walk to access. You must step over road barrier to gain access to gate. No lighting","SP 83389 38922"
"110161949","LEC1","50.1375","QS","","50.1375","2100","","MAP","","483158.9","239172.2","Hilliard Drive Br.169l","HSJ8","","","","","","","","","","","110161949","2021-09-17","","NRAIL","","","","","Down Main/Fast","Bridge 169 Hilliard Drive MK13 9EG foot access point~
Down fast side","SP 83158 39172"
"50143786","LEC1","51.0375","QS","","51.0375","1200","","MAP","","482728.2","239711.2","Bradwell TSC and Wolverton FS","HSJ8","","","","","","","","","","","50143786","2022-04-14","","NRAIL","","","","","Up Slow","Nature of Access: Single gate - No.7 padlock - ascending steps. First Line Approach and Line Speed: Up Slow. Up road normal flow of traffic right to left as viewed from access.  Parking: good, on side of road.","SP 82728 39711"
"50461180","LEC1","51.1059","QS","","51.1059","2100","","MAP","","482367.1","240222.7","White Alder","HSJ8","","","","","","","","","","","50461180","2021-09-17","","NRAIL","","","","","Down Main/Fast","Nature of Access: Double gate, No.7 padlock, direct to track. Parking: fair, on side of road. AP cannot presently be used for vehicular access.","SP 82367 40222"
"50461184","LEC1","52.0913","QS","","52.0913","1200","","MAP","","481965.2","241640.2","Wolverton North Carpark","HSJ8","","","","","","","","","","","50461184","2021-09-17","","NRAIL","","","","","Up Slow","Nature of Access: double gate, No.7 padlock, straight to track. 2 AP""s are located at this point, the northern AP gains access direct to fast line, the second AP gives access to the middle lines from a siding adj to gate that enters onto RT/BR property.","SP 81965 41640"
"110163606","LEC1","54.1184","QS","","54.1184","2100","","MAP","","479764.4","244334.2","Castlethorpe Old Station Down Fast","HSJ8","","","","","","","","","","","110163606","2021-09-17","","NRAIL","","","","","Down Main/Fast"," ","SP 79764 44334"
"50143790","LEC1","56.044","QS","","56.044","2100","","MAP","","478480.0","246481.0","GTRM113<PD> BLB-Hanslope South Junction","HSJ8","","","","","","","","","","","50143790","2022-04-14","","NRAIL","","","","","Down Main/Fast","Nature of Access: Through gate - No.7 padlock - path beside railway bridge. First Line Approach and Line Speed: Down Fast. Down road normal flow of traffic right to left as viewed from access.  No vehicular rights of access, pedestrian only, lim",""
"50461186","LEC1","58.0266","QS","","58.0266","2100","","MAP","","477209.0","249273.9","Ashton Down Fast Br.199","HSJ8","","","","","","","","","","","50461186","2021-09-17","","NRAIL","","","","","Down Main/Fast","Nature of Access: gate, No.7 padlock, ascending steps. 2m wide steps. Parking: poor, on side of road.","SP 77209 49273"
"50143794","LEC1","58.1651","QS","","58.1651","2100","","MAP","","476519.9","250323.9","Ashton Victoria Bridge BR202 <DF>","HSJ8","","","","","","","","","","","50143794","2022-04-14","","NRAIL","","","","","Down Main/Fast","Nature of Access: Gate - No.7 padlock - Ascending steps. First Line Approach and Line Speed: Down Fast. Down road normal flow of traffic right to left as viewed from access.  Parking: poor, adj. to AP gate.","SP 76519 50323"
"50143795","LEC1","59.0668","QS","","59.0668","2100","","MAP","","476049.9","250850.9","Ashton Road BR204 <DF>","HSJ8","","","","","","","","","","","50143795","2022-04-14","","NRAIL","","","","","Down Main/Fast","Nature of Access: Gate - No.7 padlock - descending steps. First Line Approach and Line Speed: Down Fast. Down road normal flow of traffic right to left as viewed from access.  Parking: poor, on side of road.","SP 76049 50850"
"50143774","LEC1","62.071","QS","","62.071","1100","","MAP","","472754.5","254189.3","Northampton Rd","HSJ8","","","","","","","","","","","50143774","2021-09-17","","NRAIL","","","","","Up Main/Fast","Nature of Access: Gate - No.7 padlock - ascending steps. Dirt track runs for 60m from AP gate to base of steps. Limited clearance over Br No.212. First Line Approach and Line Speed: Up Fast. Up road normal flow of traffic right to left as viewed from","SP 72754 54189"
"50143776","LEC1","63.0652","QS","","63.0652","1100","","MAP","","471438.4","255035.6","Milton Road Br.216","HSJ8","","","","","","","","","","","50143776","2022-04-14","","NRAIL","","","","","Up Main/Fast","Nature of Access: Through gate - No.7 padlock - Descending steps. First Line Approach and Line Speed: Up. Up roads normal flow of traffic right to left as viewed from access.  Parking: poor, on side of road.","SP 71438 55035"
"50143777","LEC1","64.0108","QS","","64.0108","2100","","MAP","","470473.7","255530.7","Wrights Lane Br.218","HSJ8","","","","","","","","","","","50143777","2022-04-14","","NRAIL","","","","","Down Main/Fast","Nature of Access: Gate - No.7 padlock - descending steps and over stile. First Line Approach and Line Speed: Down. Down road normal flow of traffic right to left as viewed from access.  Parking: poor, on side of Road.","SP 70473 55530"
"50143778","LEC1","64.1722","QS","","64.1722","1100","","MAP","","469090.7","255989.0","Tin Bridge Br.220","HSJ8","","","","","","","","","","","50143778","2022-04-14","","NRAIL","","","","","Up Main/Fast","Nature of Access: Gate - No.7 padlock - descending steps. First Line Approach and Line Speed: Down. Down road normal flow of traffic right to left as viewed from access.  Parking: none.","SP 69090 55988"
"50143779","LEC1","65.1015","QS","","65.1015","2100","","MAP","","468158.3","256305.4","Birds Lane Br.222","HSJ8","","","","","","","","","","","50143779","2022-04-14","","NRAIL","","","","","Down Main/Fast","Nature of Access: Double Gate - No.7 padlock - First Line Approach and Line Speed: Down. Down road normal flow of traffic right to left as viewed from access.  Parking: fair, Adj. to AP gate.","SP 68158 56305"
"50143780","LEC1","66.0551","QS","","66.0551","1100","","MAP","","467066.9","256729.5","Cornhill Road Bridge Br.225","HSJ8","","","","","","","","","","","50143780","2022-04-14","","NRAIL","","","","","Up Main/Fast","Nature of Access: Gate - No.7 padlock - ascending steps. First Line Approach and Line Speed: Up. Up road normal flow of traffic right to left as viewed from access. 1 Parking: poor, on side of road.","SP 67066 56729"
"50143782","LEC1","66.0878","QS","","66.0878","2100","","MAP","","466808.3","256883.2","Hayford South Br.226","HSJ8","","","","","","","","","","","50143782","2022-04-14","","NRAIL","","","","","Down Main/Fast","Nature of Access: Single gate, No.7 padlock. Over stile - ascending path. First Line Approach and Line Speed: Down. Down road normal flow of traffic right to left as viewed from access.","SP 66808 56883"
"50143783","LEC1","67.1045","QS","","67.1045","1100","","MAP","","465329.0","257819.6","Furnace Lane","HSJ8","","","","","","","","","","","50143783","2022-04-14","","NRAIL","","","","","Up Main/Fast","Nature of Access: Gate - No.7 padlock - ascending steps. First Line Approach and Line Speed: Up. Up road normal flow of traffic right to left as viewed from access.  Parking: v.poor, on side of road.","SP 65328 57819"
"50143785","LEC1","68.1521","QS","","68.1521","1100","","MAP","","463586.0","258911.7","Sewarage Farm Barcess bridge Br.234 US","HSJ8","","","","","","","","","","","50143785","2022-04-14","","NRAIL","","","","","Up Main/Fast","Nature of Access: Along side of fence - gate - No.7 padlock - descending steps. First Line Approach and Line Speed: Up. Up road normal flow of traffic right to left as viewed from access.  Parking: poor, adj to AP gate.","SP 63585 58911"
"50461191","LEC1","68.1546","QS","","68.1546","2100","","MAP","","463564.3","258917.0","Sewarage Farm Barcess bridge Br.234 DS","HSJ8","","","","","","","","","","","50461191","2021-09-17","","NRAIL","","","","","Down Main/Fast","Nature of Access: double gate No.7 padlock. Parking: excellent, inside AP gate.","SP 63564 58917"
"50143761","LEC1","70.0395","QS","","70.0395","2100","","MAP","","462433.8","260713.1","Dodford Road Br.239","HSJ8","","","","","","","","","","","50143761","2022-04-14","","NRAIL","","","","","Down Main/Fast","Nature of Access: Gate - No.7 padlock - descending steps. First Line Approach and Line Speed: Down. Down road normal flow of traffic right to left as viewed from access.  Parking: poor, on side of road. Tows located at bottom of steps.","SP 62433 60713"
"50143762","LEC1","70.1361","QS","","70.1361","2100","","MAP","","462516.0","261576.7","A5 Skew Br.240","HSJ8","","","","","","","","","","","50143762","2022-04-14","","NRAIL","","","","","Down Main/Fast","Nature of Access: Gate - descending steps. First Line Approach and Line Speed: Down. Down road normal flow of traffic right to left as viewed from access.  Parking: poor, adj to AP gate.","SP 62515 61576"
"50143763","LEC1","71.1433","QS","","71.1433","1100","","MAP","","462072.0","263180.3","Muscott bridal Path Br.242","HSJ8","","","","","","","","","","","50143763","2022-04-14","","NRAIL","","","","","Up Main/Fast","Nature of Access: Gate - No.7 padlock - ascending steps. First Line Approach and Line Speed: Up. Up road normal flow of traffic right to left as viewed from access.  Parking: fair, off dirt track in are between Rly & Canal.","SP 62072 63180"
"50143764","LEC1","72.111","QS","","72.111","2100","","MAP","","461667.8","264412.8","Whilton Locks Br.246","HSJ8","","","","","","","","","","","50143764","2022-04-14","","NRAIL","","","","","Down Main/Fast","Nature of Access: Gate - No.7 padlock - ascending steps. First Line Approach and Line Speed: Down. Down road normal flow of traffic right to left as viewed from access.  Parking: fair, on side of road adj to AP.","SP 61667 64412"
"110174008","LEC1","73.0542","QS","","73.0542","2100","","MAP","","461378.7","265465.3","Long buckby Wharf Br.249 South","HSJ8","","","","","","","","","","","110174008","2021-10-05","","NRAIL","","","","","Down Main/Fast","","SP 61378 65465"
"50143765","LEC1","73.0577","QS","","73.0577","2100","","MAP","","461364.6","265493.4","Long buckby Wharf Br.249 North","HSJ8","","","","","","","","","","","50143765","2022-04-14","","NRAIL","","","","","Down Main/Fast","Nature of Access: Gate - No.7 padlock - ascending steps. First Line Approach and Line Speed: Down. Down road normal flow of traffic right to left as viewed from access.  Parking: fair, space provided adj to AP.","SP 61364 65493"
"110147546","LEC1","73.0933","QS","","73.0933","0","","MAP","","629316.3","579461.2","LONG BUCKBY WHARF ATFS","HSJ8","","","","","","","","","Substation Access","","110147546","2022-03-29","","NRAIL","","","","","All/Multiple Tracks","Address:Off Station Road Long Buckby:NN6 7XX Details: Off Station Road Long. SP612657",""
"50461192","LEC1","74.0463","QS","","74.0463","2100","","MAP","","460579.7","266781.6","O/B Murcott Lane Br.252","HSJ8","","","","","","","","","","","50461192","2021-09-17","","NRAIL","","","","","Down Main/Fast","Nature of Access: single gate No.7 padlock, descending steps. No right to drive vehicles to AP gate, only right on foot via public bridleway. AP gate has chain & padlock <non RT> restricting access. 32 tonne weight restriction on Br.252. Parking: no","SP 60579 66781"
"50143766","LEC1","75.0402","QS","","75.0402","1100","","MAP","","459706.7","268034.2","Welton Yard Br.257 - Ped access only","HSJ8","","","","","","","","","","","50143766","2022-04-14","","NRAIL","","","","","Up Main/Fast","Nature of Access: Double gate, No.7 padlock - straight access to track. First Line Approach and Line Speed: Up. Up roads normal flow of traffic right to left as viewed from access.  Parking: Excellent - inside AP gate.","SP 59706 68034"
"50143767","LEC1","75.0927","QS","","75.0927","1100","","MAP","","459358.1","268340.3","A5 Watling Street Br.257","HSJ8","","","","","","","","","","","50143767","2022-04-14","","NRAIL","","","","","Up Main/Fast","Nature of Access: Gate - No.7 padlock - descending steps. First Line Approach and Line Speed: Up. Up roads normal flow of traffic right to left as viewed from access.  Parking: none.","SP 59358 68340"
"50143768","LEC1","76.1348","QS","","76.1348","2100","","MAP","","457884.9","269699.4","Kilsby Tunnel South","HSJ8","","","","","","","","","","","50143768","2022-04-14","","NRAIL","","","","","Down Main/Fast","Nature of Access: Gate - No.7 padlock - descending steps. First Line Approach and Line Speed: Down. Down road normal flow of traffic right to left as viewed from access.  Parking: good, on side of road. Proposal to construct vehicular access a","SP 57884 69699"
"50143769","LEC1","78.056","QS","","78.056","1100","","MAP","","456319.5","271656.2","A5 Watling Street Br259","HSJ8","","","","","","","","","","","50143769","2021-09-17","","NRAIL","","","","","Up Main/Fast","Nature of Access: Gate - No.7 padlock - descending steps. Parking: in layby.","SP 56319 71656"
"50143770","LEC1","79.0027","QS","","79.0027","1100","","MAP","","455624.7","272517.2","Nortoft Lane Br.260","HSJ8","","","","","","","","","","","50143770","2022-04-14","","NRAIL","","","","","Up Main/Fast","Nature of Access: Gate - No.7 padlock - descending steps. First Line Approach and Line Speed: Up. Up roads normal flow of traffic right to left as viewed from access.  Parking: poor, 1-2 vehicles side of road adj to AP.","SP 55624 72517"
"50143771","LEC1","79.1491","QS","","79.1491","1100","","MAP","","454681.8","273468.7","Crick Road <LEC1> Br.263","HSJ8","","","","","","","","","","","50143771","2022-04-14","","NRAIL","","","","","Up Main/Fast","Nature of Access: Gate - No.7 padlock - ascending steps. First Line Approach and Line Speed: Up. Up road normal flow of traffic right to left as viewed from access.  Parking: Opposite side of road.","SP 54681 73468"
"110147547","LEC1","80.0461","QS","","80.0461","2100","","MAP","","454139.3","273872.2","Hill Morton SATS","HSJ8","","","","","","","","","Substation Access","","110147547","2022-01-25","","NRAIL","","","","","Down Main/Fast","Address:Off Lower Street Hillmorton:CV21 4NX Details: Off Lower Street Hillmorton. SP545738","SP 54139 73872"
"50143773","LEC1","81.0094","QS","","81.0094","2100","","MAP","","453140.9","274648.6","The Kent","HSJ8","","","","","","","","","","","50143773","2022-04-14","","NRAIL","","","","","Down Main/Fast","Nature of Access: Gate - No.7 padlock - ascending steps. First Line Approach and Line Speed: Down Main. Down road normal flow of traffic right to left as viewed from access.  Parking: none. AP gate on tight bend of road, no verge.","SP 53140 74648"
"50143742","LEC1","81.1145","QS","","81.1145","2100","","MAP","","452381.5","275236.7","Valley Sports FC","HSJ8","","","","","","","","","","","50143742","2021-09-17","","NRAIL","","","","","Down Main/Fast"," ","SP 52381 75236"
"50461318","LEC1","82.085","QS","","82.085","1100","","MAP","","451215.0","275910.0","Bridge 277A Rugby Station Subway","HSJ8","","","","","","","","","","","50461318","2019-11-26","","NRAIL","","","","","Up Main/Fast","Ascending steps to track. No parking.",""
"110175444","LEC1","82.0979","QS","","82.0979","1200","","MAP","","451113.7","275979.2","Rugby Stn Up Slow Ticket Machine steps","HSJ8","","","","","","","","","","","110175444","2022-03-14","","NRAIL","","","","","Up Slow","","SP 51113 75979"
"110143428","LEC1","82.1155","QS","","82.1155","1500","","MAP","","450960.4","276036.4","Rugby ROC SCC Footpath","HSJ8","","","","","","","","","","","110143428","2021-09-17","","NRAIL","","","","","Up Loop"," ","SP 50960 76036"
"50461198","LEC1","83.0273","QS","","83.0273","2101","","MAP","","450160.3","276099.7","Newbold Road Br.279","HSJ8","","","","","","","","","","","50461198","2021-09-17","","NRAIL","","","","","","Nature of Access: single gate No.7 padlock, ascending steps. Disused. Parking: none <busy road> possibly use Javis car park.","SP 50160 76099"
"110175993","LEC1","0.0","QS","","0.0","1200","","MAPE","","511094.6","197281.5","Watford Jct Plat9 LowEnd","HSJ9","","","","","","","","","","","110175993","2022-01-28","","NRAIL","","","","","Up Slow","","TQ 11094 97281"
"110176096","LEC1","0.0278","QS","","0.0278","3610","","MAPE","","529370.4","182892.6","Euston Plat10/11 HighEnd","HSJ9","","","","","","","","","","","110176096","2022-01-28","","NRAIL","","","","","","","TQ 29370 82892"
"110176097","LEC1","0.028","QS","","0.028","3609","","MAPE","","529373.3","182900.6","Euston Plat8/9 HighEnd","HSJ9","","","","","","","","","","","110176097","2022-01-28","","NRAIL","","","","","","","TQ 29373 82900"
"110176098","LEC1","0.0327","QS","","0.0327","3606","","MAPE","","529343.6","182932.7","Euston Plat6/7 HighEnd","HSJ9","","","","","","","","","","","110176098","2022-01-28","","NRAIL","","","","","","","TQ 29343 82932"
"110176099","LEC1","0.0336","QS","","0.0336","3605","","MAPE","","529341.4","182943.0","Euston Plat4/5 HighEnd","HSJ9","","","","","","","","","","","110176099","2022-01-28","","NRAIL","","","","","","","TQ 29341 82943"
"110176095","LEC1","0.0384","QS","","0.0384","3612","","MAPE","","529290.2","182949.6","Euston Plat12/13 HighEnd","HSJ9","","","","","","","","","","","110176095","2022-01-28","","NRAIL","","","","","","","TQ 29290 82949"
"110176100","LEC1","0.041","QS","","0.041","3602","","MAPE","","529285.8","182982.4","Euston Plat2/3 HighEnd","HSJ9","","","","","","","","","","","110176100","2022-01-28","","NRAIL","","","","","","","TQ 29285 82982"
"110176094","LEC1","0.0413","QS","","0.0413","3614","","MAPE","","529265.4","182961.8","Euston Plat14 HighEnd","HSJ9","","","","","","","","","","","110176094","2022-01-28","","NRAIL","","","","","","","TQ 29265 82961"
"110176107","LEC1","0.043","QS","","0.043","3601","","MAPE","","529274.5","182997.4","Euston Plat1 HighEnd","HSJ9","","","","","","","","","","","110176107","2022-01-28","","NRAIL","","","","","","","TQ 29274 82997"
"110176093","LEC1","0.0456","QS","","0.0456","3615","","MAPE","","529235.4","182986.2","Euston Plat15 HighEnd","HSJ9","","","","","","","","","","","110176093","2022-01-28","","NRAIL","","","","","","","TQ 29235 82986"
"110176014","LEC1","3.1136","QS","","3.1136","2200","","MAPE","","524629.9","183194.1","Queens Pk LEC1 Dn LowEnd","HSJ9","","","","","","","","","","","110176014","2022-01-28","","NRAIL","","","","","Down Slow","","TQ 24629 83194"
"50435789","LEC1","3.1359","QS","","3.1359","2200","","MAPE","","524437.2","183132.9","Queens Pk LEC1 Dn highEnd","HSJ9","","","","","","","","","","","50435789","2023-05-31","","NRAIL","","","","","Down Slow","","TQ 24437 83132"
"110176017","LEC1","3.136","QS","","3.136","1200","","MAPE","","524433.8","183139.5","Queens Pk LEC1 Up HighEnd","HSJ9","","","","","","","","","","","110176017","2022-01-28","","NRAIL","","","","","Up Slow","","TQ 24433 83139"
"110176040","LEC1","11.0493","QS","","11.0493","2100","","MAPE","","515600.9","189344.1","Harrow & Wealdstone Plat3 LowEnd","HSJ9","","","","","","","","","","","110176040","2022-01-28","","NRAIL","","","","","Down Main/Fast","","TQ 15600 89344"
"110176039","LEC1","11.0494","QS","","11.0494","2200","","MAPE","","515607.8","189355.3","Harrow & Wealdstone Plat5 LowEnd","HSJ9","","","","","","","","","","","110176039","2022-01-28","","NRAIL","","","","","Down Slow","","TQ 15607 89355"
"110176024","LEC1","11.0547","QS","","11.0547","1100","","MAPE","","515565.7","189380.3","Harrow & Wealdstone Plat4 LowEnd","HSJ9","","","","","","","","","","","110176024","2022-01-28","","NRAIL","","","","","Up Main/Fast","","TQ 15565 89380"
"110176041","LEC1","11.0591","QS","","11.0591","1200","","MAPE","","515541.0","189414.6","Harrow & Wealdstone Plat6 LowEnd","HSJ9","","","","","","","","","","","110176041","2022-01-28","","NRAIL","","","","","Up Slow","","TQ 15541 89414"
"110176035","LEC1","11.0776","QS","","11.0776","2100","","MAPE","","515391.3","189497.7","Harrow & Wealdstone Plat3 HighEnd","HSJ9","","","","","","","","","","","110176035","2022-01-28","","NRAIL","","","","","Down Main/Fast","","TQ 15391 89497"
"110176036","LEC1","11.0778","QS","","11.0778","2200","","MAPE","","515396.8","189508.6","Harrow & Wealdstone Plat5 HighEnd","HSJ9","","","","","","","","","","","110176036","2022-01-28","","NRAIL","","","","","Down Slow","","TQ 15396 89508"
"110176037","LEC1","11.0831","QS","","11.0831","1100","","MAPE","","515355.4","189534.0","Harrow & Wealdstone Plat4 HighEnd","HSJ9","","","","","","","","","","","110176037","2022-01-28","","NRAIL","","","","","Up Main/Fast","","TQ 15355 89534"
"110176023","LEC1","11.0897","QS","","11.0897","1200","","MAPE","","515310.8","189576.9","Harrow & Wealdstone Plat6 HighEnd","HSJ9","","","","","","","","","","","110176023","2022-01-28","","NRAIL","","","","","Up Slow","","TQ 15310 89576"
"110176056","LEC1","15.147","QS","","15.147","2200","","MAPE","","511805.2","195052.3","Bushey Plat5 LowEnd","HSJ9","","","","","","","","","","","110176056","2022-01-28","","NRAIL","","","","","Down Slow","","TQ 11805 95052"
"110176055","LEC1","15.1557","QS","","15.1557","1100","","MAPE","","511816.8","195135.1","Bushey Plat4 LowEnd","HSJ9","","","","","","","","","","","110176055","2022-01-28","","NRAIL","","","","","Up Main/Fast","","TQ 11816 95135"
"110176052","LEC1","15.1558","QS","","15.1558","1200","","MAPE","","511830.8","195132.9","Bushey Plat6 LowEnd","HSJ9","","","","","","","","","","","110176052","2022-01-28","","NRAIL","","","","","Up Slow","","TQ 11830 95132"
"110176051","LEC1","15.1692","QS","","15.1692","2100","","MAPE","","511832.7","195262.3","Bushey Plat3 LowEnd","HSJ9","","","","","","","","","","","110176051","2022-01-28","","NRAIL","","","","","Down Main/Fast","","TQ 11832 95262"
"110147478","LEC1","16.0022","QS","","16.0022","1100","","MAPE","","511856.0","195344.3","Bushey Plat4 HighEnd","HSJ9","","","","","","","","","","","110147478","2023-05-31","","NRAIL","","","","","Up Main/Fast","","TQ 11856 95344"
"110176057","LEC1","16.0038","QS","","16.0038","2100","","MAPE","","511850.4","195360.5","Bushey Plat3 HighEnd","HSJ9","","","","","","","","","","","110176057","2022-01-28","","NRAIL","","","","","Down Main/Fast","","TQ 11850 95360"
"110175996","LEC1","17.0854","QS","","17.0854","3610","","MAPE","","511010.1","197439.8","Watford Jct Plat OOU HighEnd","HSJ9","","","","","","","","","","","110175996","2022-01-28","","NRAIL","","","","","","","TQ 11010 97439"
"110175997","LEC1","17.0895","QS","","17.0895","3610","","MAPE","","510989.8","197483.9","Watford Jct Plat10 highend","HSJ9","","","","","","","","","","","110175997","2022-01-28","","NRAIL","","","","","","","TQ 10989 97483"
"110175999","LEC1","17.0926","QS","","17.0926","2200","","MAPE","","510930.6","197459.5","Watford Jct Plat7/8 HighEnd","HSJ9","","","","","","","","","","","110175999","2022-01-28","","NRAIL","","","","","Down Slow","","TQ 10930 97459"
"50500871","LEC1","17.0932","QS","","17.0932","2100","","MAPE","","510918.3","197455.6","Watford Jct Plat6 highEnd","HSJ9","","","","","","","","","","","50500871","2023-05-31","","NRAIL","","","","","Down Main/Fast","","TQ 10918 97455"
"110175975","LEC1","17.0932","QS","","17.0932","3610","","MAPE","","511071.7","197324.3","Watford Jct OOU LowEnd LEC1","HSJ9","","","","","","","","","","","110175975","2022-01-28","","NRAIL","","","","","","","TQ 11071 97324"
"110175998","LEC1","17.0966","QS","","17.0966","1200","","MAPE","","510913.3","197492.3","Watford Jct Plat9 highEnd","HSJ9","","","","","","","","","","","110175998","2022-01-28","","NRAIL","","","","","Up Slow","","TQ 10913 97492"
"110176087","LEC1","20.1532","QS","","20.1532","2100","","MAPE","","508047.3","201870.4","Kings Langley Plat1 LowEnd","HSJ9","","","","","","","","","","","110176087","2022-01-28","","NRAIL","","","","","Down Main/Fast","","TL 08047 01870"
"110176089","LEC1","20.1535","QS","","20.1535","1200","","MAPE","","508066.6","201876.7","Kings Langley Plat4 LowEnd","HSJ9","","","","","","","","","","","110176089","2022-01-28","","NRAIL","","","","","Up Slow","","TL 08066 01876"
"110176088","LEC1","20.1536","QS","","20.1536","1100","","MAPE","","508055.9","201875.8","Kings Langley Plat2/3 LowEnd","HSJ9","","","","","","","","","","","110176088","2022-01-28","","NRAIL","","","","","Up Main/Fast","","TL 08055 01875"
"110176062","LEC1","20.1703","QS","","20.1703","2100","","MAPE","","508015.8","202023.1","Kings Langley Plat1 HighEnd","HSJ9","","","","","","","","","","","110176062","2022-01-28","","NRAIL","","","","","Down Main/Fast","","TL 08015 02023"
"110176090","LEC1","21.0023","QS","","21.0023","1100","","MAPE","","508008.4","202094.5","Kings Langley Plat2 HighEnd","HSJ9","","","","","","","","","","","110176090","2022-01-28","","NRAIL","","","","","Up Main/Fast","","TL 08008 02094"
"110176092","LEC1","21.0065","QS","","21.0065","1200","","MAPE","","508011.9","202132.3","Kings Langley Plat4 HighEnd","HSJ9","","","","","","","","","","","110176092","2022-01-28","","NRAIL","","","","","Up Slow","","TL 08011 02132"
"110176091","LEC1","21.0068","QS","","21.0068","1100","","MAPE","","508000.8","202131.8","Kings Langley Plat3 HighEnd","HSJ9","","","","","","","","","","","110176091","2022-01-28","","NRAIL","","","","","Up Main/Fast","","TL 08000 02131"
"110176076","LEC1","23.0011","QS","","23.0011","2200","","MAPE","","506359.5","204746.1","Apsley Plat3 LowEnd","HSJ9","","","","","","","","","","","110176076","2025-02-21","","NRAIL","","","","","Down Slow","","TL 06359 04746"
"110176079","LEC1","23.0011","QS","","23.0011","1100","","MAPE","","506361.1","204747.9","Apsley Plat2 LowEnd","HSJ9","","","","","","","","","","","110176079","2025-02-21","","NRAIL","","","","","Up Main/Fast","","TL 06361 04747"
"110176075","LEC1","23.0013","QS","","23.0013","2100","","MAPE","","506215.0","204896.0","Apsley Plat1 LowEnd","HSJ9","","","","","","","","","","","110176075","2025-02-21","","NRAIL","","","","","Down Main/Fast","","TL 06365 04754"
"110176080","LEC1","23.0014","QS","","23.0014","1200","","MAPE","","506352.6","204742.4","Apsley Plat4 LowEnd","HSJ9","","","","","","","","","","","110176080","2025-02-21","","NRAIL","","","","","Up Slow","","TL 06352 04742"
"110176077","LEC1","23.0265","QS","","23.0265","2100","","MAPE","","506181.3","204893.4","Apsley Plat4 HighEnd","HSJ9","","","","","","","","","","","110176077","2022-01-28","","NRAIL","","","","","Down Main/Fast","","TL 06181 04893"
"110176081","LEC1","23.0265","QS","","23.0265","1100","","MAPE","","506187.1","204900.2","Apsley Plat3 HighEnd","HSJ9","","","","","","","","","","","110176081","2022-01-28","","NRAIL","","","","","Up Main/Fast","","TL 06187 04900"
"110176060","LEC1","23.0303","QS","","23.0303","1200","","MAPE","","506168.4","204932.0","Apsley Plat1 HighEnd","HSJ9","","","","","","","","","","","110176060","2022-01-28","","NRAIL","","","","","Up Slow","","TL 06168 04932"
"110176078","LEC1","23.0303","QS","","23.0303","2200","","MAPE","","506162.5","204924.6","Apsley Plat2 HighEnd","HSJ9","","","","","","","","","","","110176078","2022-01-28","","NRAIL","","","","","Down Slow","","TL 06162 04924"
"110176083","LEC1","24.0744","QS","","24.0744","2200","","MAPE","","504407.1","205875.8","Hemel Hempstead Plat3 LowEnd","HSJ9","","","","","","","","","","","110176083","2022-01-28","","NRAIL","","","","","Down Slow","","TL 04407 05875"
"110176085","LEC1","24.0744","QS","","24.0744","1100","","MAPE","","504406.1","205872.0","Hemel Hempstead Plat2 LowEnd","HSJ9","","","","","","","","","","","110176085","2022-01-28","","NRAIL","","","","","Up Main/Fast","","TL 04406 05871"
"110176082","LEC1","24.0747","QS","","24.0747","1901","","MAPE","","504408.5","205887.7","Hemel Hempstead Plat4 LowEnd","HSJ9","","","","","","","","","","","110176082","2022-01-28","","NRAIL","","","","","","","TL 04408 05887"
"110176086","LEC1","24.103","QS","","24.103","2100","","MAPE","","504153.0","205943.8","Hemel Hempstead Plat1 HighEnd","HSJ9","","","","","","","","","","","110176086","2022-01-28","","NRAIL","","","","","Down Main/Fast","","TL 04152 05943"
"110176101","LEC1","24.103","QS","","24.103","1100","","MAPE","","504156.2","205953.1","Hemel Hempstead Plat2 HighEnd","HSJ9","","","","","","","","","","","110176101","2022-01-28","","NRAIL","","","","","Up Main/Fast","","TL 04156 05953"
"110176084","LEC1","24.1063","QS","","24.1063","2200","","MAPE","","504128.2","205966.8","Hemel Hempstead Plat3 HighEnd","HSJ9","","","","","","","","","","","110176084","2022-01-28","","NRAIL","","","","","Down Slow","","TL 04128 05966"
"110176102","LEC1","27.1527","QS","","27.1527","1200","","MAPE","","499387.3","208136.3","Berkhamsted Plat4 LowEnd","HSJ9","","","","","","","","","","","110176102","2022-04-13","","NRAIL","","","","","Up Slow","","SP 99344 08178"
"110176109","LEC1","27.1527","QS","","27.1527","2100","","MAPE","","499387.3","208136.3","Berkhamsted Plat4 LowEnd","HSJ9","","","","","","","","","","","110176109","2022-01-28","","NRAIL","","","","","Down Main/Fast","","SP 99387 08136"
"110176103","LEC1","27.1567","QS","","27.1567","1100","","MAPE","","499358.0","208160.2","Berkhamsted Plat2 LowEnd","HSJ9","","","","","","","","","","","110176103","2022-04-13","","NRAIL","","","","","Up Main/Fast","","SP 99357 08160"
"110176061","LEC1","28.0052","QS","","28.0052","1200","","MAPE","","499140.8","208208.0","Berkhamsted Plat4 HighEnd","HSJ9","","","","","","","","","","","110176061","2022-04-13","","NRAIL","","","","","Up Slow","","SP 99090 08243"
"110176108","LEC1","28.0114","QS","","28.0114","2100","","MAPE","","499090.2","208243.9","Berkhamsted Plat1 HighEnd","HSJ9","","","","","","","","","","","110176108","2022-04-13","","NRAIL","","","","","Down Main/Fast","","SP 99140 08207"
"110176104","LEC1","28.0118","QS","","28.0118","1100","","MAPE","","499083.9","208232.5","Berkhamsted Plat2/3 HighEnd","HSJ9","","","","","","","","","","","110176104","2022-01-28","","NRAIL","","","","","Up Main/Fast","","SP 99083 08232"
"110176072","LEC1","31.0882","QS","","31.0882","2200","","MAPE","","495251.4","211953.2","Tring Plat3 LowEnd","HSJ9","","","","","","","","","","","110176072","2022-01-28","","NRAIL","","","","","Down Slow","","SP 95251 11953"
"110176071","LEC1","31.0894","QS","","31.0894","3200","","MAPE","","495253.5","211967.0","Tring Plat4 LowEnd","HSJ9","","","","","","","","","","","110176071","2022-01-28","","NRAIL","","","","","Rev Slow","","SP 95253 11967"
"110176063","LEC1","31.0951","QS","","31.0951","2100","","MAPE","","495208.4","212000.9","Tring Plat1 LowEnd","HSJ9","","","","","","","","","","","110176063","2022-01-28","","NRAIL","","","","","Down Main/Fast","","SP 95208 12000"
"110176074","LEC1","31.0965","QS","","31.0965","1200","","MAPE","","495227.1","212026.5","Tring Plat5 LowEnd","HSJ9","","","","","","","","","","","110176074","2022-01-28","","NRAIL","","","","","Up Slow","","SP 95227 12026"
"110176073","LEC1","31.0986","QS","","31.0986","1100","","MAPE","","495200.5","212033.6","Tring Plat2 LowEnd","HSJ9","","","","","","","","","","","110176073","2022-01-28","","NRAIL","","","","","Up Main/Fast","","SP 95200 12033"
"110176067","LEC1","31.1287","QS","","31.1287","1100","","MAPE","","495059.3","212268.8","Tring Plat2 HighEnd","HSJ9","","","","","","","","","","","110176067","2022-01-28","","NRAIL","","","","","Up Main/Fast","","SP 95059 12268"
"110176068","LEC1","31.1287","QS","","31.1287","2200","","MAPE","","495063.7","212272.0","Tring Plat3 HighEnd","HSJ9","","","","","","","","","","","110176068","2022-01-28","","NRAIL","","","","","Down Slow","","SP 95063 12272"
"110176069","LEC1","31.1287","QS","","31.1287","3200","","MAPE","","495069.5","212275.6","Tring Plat4 HighEnd","HSJ9","","","","","","","","","","","110176069","2022-01-28","","NRAIL","","","","","Rev Slow","","SP 95069 12275"
"110176070","LEC1","31.1287","QS","","31.1287","1200","","MAPE","","495076.3","212280.0","Tring Plat5 HighEnd","HSJ9","","","","","","","","","","","110176070","2022-01-28","","NRAIL","","","","","Up Slow","","SP 95076 12280"
"110176066","LEC1","31.1288","QS","","31.1288","2100","","MAPE","","495052.6","212264.5","Tring Plat1 HighEnd","HSJ9","","","","","","","","","","","110176066","2022-01-28","","NRAIL","","","","","Down Main/Fast","","SP 95052 12264"
"110175472","LEC1","35.1751","QS","","35.1751","2100","","MAPE","","492272.5","218412.3","Cheddington Stn Platform 1 Low End","HSJ8","","","","","","","","","","","110175472","2022-03-14","","NRAIL","","","","","Down Main/Fast","","SP 92272 18412"
"110175474","LEC1","36.0087","QS","","36.0087","2200","","MAPE","","492262.1","218496.0","Cheddington Stn Platform 3 Low End","HSJ8","","","","","","","","","","","110175474","2022-03-14","","NRAIL","","","","","Down Slow","","SP 92262 18496"
"110175475","LEC1","36.0092","QS","","36.0092","1200","","MAPE","","492270.1","218502.8","Cheddington Stn Platform 4 Low End","HSJ8","","","","","","","","","","","110175475","2022-03-14","","NRAIL","","","","","Up Slow","","SP 92270 18502"
"110175473","LEC1","36.0138","QS","","36.0138","1100","","MAPE","","492250.5","218539.7","Cheddington Stn Platform 2 Low End","HSJ8","","","","","","","","","","","110175473","2022-03-14","","NRAIL","","","","","Up Main/Fast","","SP 92250 18539"
"110175438","LEC1","36.0155","QS","","36.0155","2100","","MAPE","","492239.3","218552.2","Cheddington Stn Platform 1 High End","HSJ8","","","","","","","","","","","110175438","2022-03-14","","NRAIL","","","","","Down Main/Fast","","SP 92239 18552"
"110175450","LEC1","36.0385","QS","","36.0385","2200","","MAPE","","492204.9","218750.6","Cheddington Stn Platform 3 High End","HSJ8","","","","","","","","","","","110175450","2022-03-14","","NRAIL","","","","","Down Slow","","SP 92204 18750"
"110175451","LEC1","36.039","QS","","36.039","1200","","MAPE","","492213.3","218757.3","Cheddington Stn Platform 4 High End","HSJ8","","","","","","","","","","","110175451","2022-03-14","","NRAIL","","","","","Up Slow","","SP 92213 18757"
"110175449","LEC1","36.0437","QS","","36.0437","1100","","MAPE","","492191.6","218794.9","Cheddington Stn Platform 2 High End","HSJ8","","","","","","","","","","","110175449","2022-03-14","","NRAIL","","","","","Up Main/Fast","","SP 92191 18794"
"110175478","LEC1","40.0106","QS","","40.0106","1200","","MAPE","","491048.9","224804.8","Leighton Buzzard Stn Platform 4 Low End","HSJ8","","","","","","","","","","","110175478","2022-03-14","","NRAIL","","","","","Up Slow","","SP 91048 24804"
"110175476","LEC1","40.0136","QS","","40.0136","1100","","MAPE","","491036.6","224834.1","Leighton Buzzard Stn Platform 2 Low End","HSJ8","","","","","","","","","","","110175476","2022-03-14","","NRAIL","","","","","Up Main/Fast","","SP 91036 24834"
"110175477","LEC1","40.0137","QS","","40.0137","2200","","MAPE","","491043.5","224834.1","Leighton Buzzard Stn Platform 3 Low End","HSJ8","","","","","","","","","","","110175477","2022-03-14","","NRAIL","","","","","Down Slow","","SP 91043 24834"
"110175439","LEC1","40.0315","QS","","40.0315","2100","","MAPE","","491053.5","224997.5","Leighton Buzzard Stn Platform 1 Low End","HSJ8","","","","","","","","","","","110175439","2022-03-14","","NRAIL","","","","","Down Main/Fast","","SP 91053 24997"
"110175455","LEC1","40.0403","QS","","40.0403","1200","","MAPE","","491090.7","225072.5","Leighton Buzzard Stn Platform 4 High End","HSJ8","","","","","","","","","","","110175455","2022-03-14","","NRAIL","","","","","Up Slow","","SP 91090 25072"
"110175452","LEC1","40.0432","QS","","40.0432","2100","","MAPE","","491073.6","225103.2","Leighton Buzzard Stn Platform 1 High End","HSJ8","","","","","","","","","","","110175452","2022-03-14","","NRAIL","","","","","Down Main/Fast","","SP 91073 25103"
"110175453","LEC1","40.0435","QS","","40.0435","1100","","MAPE","","491084.7","225103.7","Leighton Buzzard Stn Platform 2 High End","HSJ8","","","","","","","","","","","110175453","2022-03-14","","NRAIL","","","","","Up Main/Fast","","SP 91084 25103"
"110175454","LEC1","40.0436","QS","","40.0436","2200","","MAPE","","491088.2","225103.5","Leighton Buzzard Stn Platform 3 High End","HSJ8","","","","","","","","","","","110175454","2022-03-14","","NRAIL","","","","","Down Slow","","SP 91088 25103"
"110175481","LEC1","46.0974","QS","","46.0974","1100","","MAPE","","486893.8","233587.6","Bletchley Stn Platform 3 Low End","HSJ8","","","","","","","","","","","110175481","2022-03-14","","NRAIL","","","","","Up Main/Fast","","SP 86893 33587"
"110175483","LEC1","46.1008","QS","","46.1008","3202","","MAPE","","486900.0","233620.7","Bletchley Stn Platform 5 Low End","HSJ8","","","","","","","","","","","110175483","2022-03-14","","NRAIL","","","","","","","SP 86899 33620"
"110175479","LEC1","46.104","QS","","46.104","2100","","MAPE","","486868.7","233644.4","Bletchley Stn Platform 1 Low End","HSJ8","","","","","","","","","","","110175479","2022-03-14","","NRAIL","","","","","Down Main/Fast","","SP 86868 33644"
"110175480","LEC1","46.104","QS","","46.104","1100","","MAPE","","486880.2","233646.6","Bletchley Stn Platform 2 Low End","HSJ8","","","","","","","","","","","110175480","2022-03-14","","NRAIL","","","","","Up Main/Fast","","SP 86880 33646"
"110175482","LEC1","46.1044","QS","","46.1044","1200","","MAPE","","486893.5","233652.1","Bletchley Stn Platform 4 Low End","HSJ8","","","","","","","","","","","110175482","2022-03-14","","NRAIL","","","","","Up Slow","","SP 86893 33652"
"110175436","LEC1","46.1148","QS","","46.1148","2100","","MAPE","","486850.8","233741.7","Bletchley Stn Platform 1 High End","HSJ8","","","","","","","","","","","110175436","2022-03-14","","NRAIL","","","","","Down Main/Fast","","SP 86850 33741"
"110175458","LEC1","46.1255","QS","","46.1255","3800","","MAPE","","486870.1","233845.5","Bletchley Stn Platform 6 High End","HSJ8","","","","","","","","","","","110175458","2022-03-14","","NRAIL","","","","","Rev Other/Eng/Car","","SP 86870 33845"
"110175456","LEC1","46.1258","QS","","46.1258","2200","","MAPE","","486843.8","233842.7","Bletchley Stn Platform 3 High End","HSJ8","","","","","","","","","","","110175456","2022-03-14","","NRAIL","","","","","Down Slow","","SP 86843 33842"
"110175457","LEC1","46.1347","QS","","46.1347","1200","","MAPE","","486837.7","233925.0","Bletchley Stn Platform 4/5 High End","HSJ8","","","","","","","","","","","110175457","2022-03-14","","NRAIL","","","","","Up Slow","","SP 86837 33924"
"110175485","LEC1","49.1265","QS","","49.1265","3602","","MAPE","","484283.8","237869.3","Milton Keynes Central Stn Platform 1/2 Low End","HSJ8","","","","","","","","","","","110175485","2022-03-14","","NRAIL","","","","","","","SP 84283 37869"
"110175486","LEC1","49.1276","QS","","49.1276","2200","","MAPE","","484267.4","237869.2","Milton Keynes Central Stn Platform 3/4 Low End","HSJ8","","","","","","","","","","","110175486","2022-03-14","","NRAIL","","","","","Down Slow","","SP 84267 37869"
"110175487","LEC1","49.1276","QS","","49.1276","2100","","MAPE","","484254.8","237858.5","Milton Keynes Central Stn Platform 5/6 Low End","HSJ8","","","","","","","","","","","110175487","2022-03-14","","NRAIL","","","","","Down Main/Fast","","SP 84254 37858"
"110175437","LEC1","49.1499","QS","","49.1499","1201","","MAPE","","484148.0","238033.6","Milton Keynes Central Stn Platform 1 High End","HSJ8","","","","","","","","","","","110175437","2022-03-14","","NRAIL","","","","","","","SP 84147 38033"
"110175459","LEC1","49.163","QS","","49.163","1201","","MAPE","","484068.9","238124.5","Milton Keynes Central Stn Platform 2 High End","HSJ8","","","","","","","","","","","110175459","2022-03-14","","NRAIL","","","","","","","SP 84068 38124"
"110175460","LEC1","49.163","QS","","49.163","2200","","MAPE","","484059.9","238116.3","Milton Keynes Central Stn Platform 3/4 High End","HSJ8","","","","","","","","","","","110175460","2022-03-14","","NRAIL","","","","","Down Slow","","SP 84059 38116"
"110175461","LEC1","49.1631","QS","","49.1631","2100","","MAPE","","484048.4","238107.1","Milton Keynes Central Stn Platform 5/6 High End","HSJ8","","","","","","","","","","","110175461","2022-03-14","","NRAIL","","","","","Down Main/Fast","","SP 84048 38107"
"110175489","LEC1","52.0621","QS","","52.0621","2200","","MAPE","","482086.8","241395.2","Wolverton Stn Platform 3 Low End","HSJ8","","","","","","","","","","","110175489","2022-03-14","","NRAIL","","","","","Down Slow","","SP 82086 41395"
"110175490","LEC1","52.0621","QS","","52.0621","2100","","MAPE","","482073.0","241390.7","Wolverton Stn Platform 1 Low End","HSJ8","","","","","","","","","","","110175490","2022-03-14","","NRAIL","","","","","Down Main/Fast","","SP 82073 41390"
"110175488","LEC1","52.0667","QS","","52.0667","1200","","MAPE","","482079.9","241439.2","Wolverton Stn Platform 4 Low End","HSJ8","","","","","","","","","","","110175488","2022-03-14","","NRAIL","","","","","Up Slow","","SP 82079 41439"
"110175464","LEC1","52.089","QS","","52.089","1100","","MAPE","","481968.4","241616.4","Wolverton Stn Platform 2 High End","HSJ8","","","","","","","","","","","110175464","2022-03-14","","NRAIL","","","","","Up Main/Fast","","SP 81968 41616"
"110175462","LEC1","52.0898","QS","","52.0898","1200","","MAPE","","481973.6","241629.0","Wolverton Stn Platform 4 High End","HSJ8","","","","","","","","","","","110175462","2022-03-14","","NRAIL","","","","","Up Slow","","SP 81973 41628"
"110175465","LEC1","52.0903","QS","","52.0903","2100","","MAPE","","481954.2","241621.7","Wolverton Stn Platform 1 High End","HSJ8","","","","","","","","","","","110175465","2022-03-14","","NRAIL","","","","","Down Main/Fast","","SP 81954 41621"
"110175463","LEC1","52.0906","QS","","52.0906","2200","","MAPE","","481962.2","241630.4","Wolverton Stn Platform 3 High End","HSJ8","","","","","","","","","","","110175463","2022-03-14","","NRAIL","","","","","Down Slow","","SP 81962 41630"
"110175492","LEC1","82.057","QS","","82.057","2200","","MAPE","","451452.9","275811.7","Rugby Stn Platform 2 Low End","HSJ8","","","","","","","","","","","110175492","2022-03-14","","NRAIL","","","","","Down Slow","","SP 51452 75811"
"110175493","LEC1","82.0707","QS","","82.0707","1100","","MAPE","","451342.8","275876.7","Rugby Stn Platform 4 Low End","HSJ8","","","","","","","","","","","110175493","2022-03-14","","NRAIL","","","","","Up Main/Fast","","SP 51342 75876"
"110175495","LEC1","82.0736","QS","","82.0736","1200","","MAPE","","451323.7","275902.9","Rugby Stn Platform 6 Low End","HSJ8","","","","","","","","","","","110175495","2022-03-14","","NRAIL","","","","","Up Slow","","SP 51323 75902"
"110175494","LEC1","82.0833","QS","","82.0833","1101","","MAPE","","451239.2","275929.3","Rugby Stn Platform 5 Low End","HSJ8","","","","","","","","","","","110175494","2022-03-14","","NRAIL","","","","","","","SP 51239 75929"
"110175491","LEC1","82.0862","QS","","82.0862","2101","","MAPE","","451195.4","275884.2","Rugby Stn Platform 1 Low End","HSJ8","","","","","","","","","","","110175491","2022-03-14","","NRAIL","","","","","","","SP 51195 75884"
"110175440","LEC1","82.098","QS","","82.098","2101","","MAPE","","451091.9","275918.4","Rugby Stn Platform 1 High End","HSJ8","","","","","","","","","","","110175440","2022-03-14","","NRAIL","","","","","","","SP 51091 75918"
"110175466","LEC1","82.1145","QS","","82.1145","2200","","MAPE","","450952.5","275975.3","Rugby Stn Platform 2 High End","HSJ8","","","","","","","","","","","110175466","2022-03-14","","NRAIL","","","","","Down Slow","","SP 50952 75975"
"110175467","LEC1","82.1147","QS","","82.1147","1100","","MAPE","","450958.1","276000.0","Rugby Stn Platform 4 High End","HSJ8","","","","","","","","","","","110175467","2022-03-14","","NRAIL","","","","","Up Main/Fast","","SP 50958 76000"
"110175468","LEC1","82.1147","QS","","82.1147","1101","","MAPE","","450961.6","276014.6","Rugby Stn Platform 5/6 High End","HSJ8","","","","","","","","","","","110175468","2022-03-14","","NRAIL","","","","","","","SP 50961 76014"
"110159232","LEC1","0.0969","QS","","0.0982","1104","","MAR","","528894.9","183304.3","RRAP 5 Backing Out Road","HSJ9","","","","","","","","","","","110159232","2023-05-31","","","","","","","","1.  Possession & Isolations must be considered when planning the on tracking of RRVs. Machine controllers/crane controllers are to brief operator of DC rail on adjacent Line C.~
2. DC rail present on adjacent Line. DC rail gap for on-tracking purposes.~
3. The Cant at this location must be verified prior to on Tracking <Line D - 10mm & Line E - 15mm at time of installation>~
4. Vehicles are not to exceed 16t axle loads/ 16t per m <UDL>.~
                                                                                             Environmental: Noise disturbance of road rail vehicles on-tracking noise caused by directional change sounding of horns.                                                                                ~
~
Cables: A number of buried services run under the steel plate cable bridge.                                                                                  Drainage: Redundant drainage system under northern end of RRAP 5 located at line D 10ft sleeper ends.",""
"110159226","LEC1","0.116","QS","","0.1172","1901","","MAR","","528790.8","183445.6","RRAP 6 Upsidings","HSJ9","","","","","","","","","","","110159226","2023-05-31","","","","","","","","",""
"110159229","LEC1","1.0178","QS","","1.0178","1202","","MAR","","528383.3","184028.8","CAMDEN CANAL LINE B - RRAP 4B","HSJ9","","","","","","","","","","","110159229","2023-05-31","","","","","","",""," ","TQ 28383 84028"
"110159230","LEC1","1.0178","QS","","1.0178","2203","","MAR","","528378.9","184025.8","CAMDEN CANAL LINE C - RRAP 4C","HSJ9","","","","","","","","","","","110159230","2023-05-31","","","","","","",""," ","TQ 28378 84025"
"110159231","LEC1","1.0179","QS","","1.0179","1101","","MAR","","528386.0","184031.2","CAMDEN CANAL LINE A - RRAP 4A","HSJ9","","","","","","","","","","","110159231","2023-05-31","","","","","","","","1. Possession & Isolations must be considered when planning the on tracking of RRVs. DC isolation required to use the RRAP.~
2.The Cant at this location must be verified prior to on Tracking <Line A - 15mm, Line B - 20mm & Line C - 5mm at time of installation>~
3. Vehicles are not to exceed 16t axle loads/ 16t per m <UDL>.                                                                                    Environmental:                                                                     1. Noise disturbance of road rail vehicles on-tracking noise caused by directional change sounding of horns.                                                                                ~
Cables:                                                                                1. A number of buried services run under the steel plate cable bridge.~
Subsurface:~
1. Camden Winding Vaults are located below the RRAP","TQ 28385 84031"
"110159228","LEC1","1.0209","QS","","1.0209","1101","","MAR","","","","RRAP 3 Morrisons","HSJ9","","","","","","","","","","","110159228","2023-05-31","","","","","","","","1.  Possession & Isolations must be considered when planning the on tracking of RRVs. ~
2. DC rail present on adjacent Line. DC rail gap for on-tracking purposes.~
3. The Cant at this location must be verified prior to on Tracking <55mm at time of installation>~
4. Vehicles are not to exceed 16t axle loads/ 16t per m <UDL>.  This will affect the stability of the steel plates protecting the cables between the ramp and the RRAP.",""
"110159227","LEC1","1.0213","QS","","1.0213","1101","","MAR","","528367.4","184056.6","Camden Hordings LINE A - RRAP 3","HSJ9","","","","","","","","","","","110159227","2023-05-31","","","","","","",""," ","TQ 28367 84056"
"110157806","LEC1","1.058","QS","","1.058","1101","","MAR","","528102.8","184263.8","Camden Yard LINE A - RRAP 1","HSJ9","","","","","","","","","","","110157806","2021-08-13","","NRAIL","","","","",""," ","TQ 28102 84263"
"110182611","LEC1","3.057","QS","","3.057","2100","","MAR","","525116.0","183371.0","Canterbury Terrace South RRAP Down Fast","HSJ9","","","","","","","","","","","110182611","2023-05-31","","NRAIL","","","","","Down Main/Fast","Down Fast RRAP. Please check RRAP register for current install status and carry out site visit before using RRAP. <Note: RRAPs at south <London End> and north end <Country End> of this access - please ensure you have correct RRAP and double check mileage and DEP points are correct before use>",""
"110182612","LEC1","3.057","QS","","3.057","1100","","MAR","","525116.0","183371.0","Canterbury Terrace South RRAP Up Fast","HSJ9","","","","","","","","","","","110182612","2023-02-01","","NRAIL","","","","","Up Main/Fast","Up Fast RRAP. Please check RRAP register for current install status and carry out site visit before using RRAP. <Note: RRAPs at south <London End> and north end <Country End> of this access - please ensure you have correct RRAP and double check mileage and DEP points are correct before use>",""
"110173525","LEC1","3.07","QS","","3.07","2100","","MAR","","525006.4","183325.2","Canterbury Terrace RRAP Down Fast","HSJ9","","","","","","","","","","","110173525","2022-10-31","","NRAIL","","","","","Down Main/Fast","Down Fast RRAP. Please check RRAP register for current install status and carry out site visit before using RRAP.","TQ 25006 83325"
"110173526","LEC1","3.07","QS","","3.07","1100","","MAR","","525004.8","183328.4","Canterbury Terrace RRAP Up Fast","HSJ9","","","","","","","","","","","110173526","2022-10-31","","NRAIL","","","","","Up Main/Fast","Up Fast RRAP. Please check RRAP register for current install status and carry out site visit before using RRAP.","TQ 25004 83328"
"110173527","LEC1","3.07","QS","","3.07","2200","","MAR","","525003.2","183331.9","Canterbury Terrace RRAP Down Slow","HSJ9","","","","","","","","","","","110173527","2022-10-31","","NRAIL","","","","","Down Slow","Down Slow RRAP. Please check RRAP register for current install status and carry out site visit before using RRAP.","TQ 25003 83331"
"110186272","LEC1","4.0198","QS","","4.0198","1200","","MAR","","523764.0","182929.0","Lawford yard","HSJ9","","","","","","","","","","","110186272","2025-05-29","","NRAIL","","","","","Up Slow","",""
"110172978","LEC1","4.0257","QS","","4.0257","1200","","MAR","","523861.6","182950.6","Traves Perkings RRAP LEC1 Up Slow <Out Of Use>","HSJ9","","","","","","","","","","","110172978","2023-07-19","","NRAIL","","","","","Up Slow","Warning, intruder alarm & CCTV in operation.  For access out of hours through this gate it is mandatory to ring the Travis Perkins Group Security Operations Centre on <01604> 641800 to get the alarm switched off.  Failure to do so will result in BT Police & dog unit attendance.","TQ 23861 82950"
"110172979","LEC1","4.0257","QS","","4.0257","2200","","MAR","","523862.7","182947.3","Traves Perkings RRAP LEC1 Down Slow <Out Of Use>","HSJ9","","","","","","","","","","","110172979","2023-07-19","","NRAIL","","","","","Down Slow","Warning, intruder alarm & CCTV in operation.  For access out of hours through this gate it is mandatory to ring the Travis Perkins Group Security Operations Centre on <01604> 641800 to get the alarm switched off.  Failure to do so will result in BT Police & dog unit attendance.","TQ 23862 82947"
"110152130","LEC1","5.0948","QS","","5.0948","1200","","MAR","","521683.4","182951.9","Cattle Dock RRAP","HSJ9","","","","","","","","","","","110152130","2023-05-31","","","","","","","Up Slow","ALO control measures to be implemented when delivering to this access. All deliveries must be met.","TQ 21683 82951"
"110185302","LEC1","6.1452","QS","","6.1452","2100","","MAR","","","","F Sidings","HSJ9","","","","","","","","","","","110185302","2023-12-06","","NRAIL","","","","","Down Main/Fast","""ONLY TO BE USED IN AN EMERGENCY FOR NETWORK RAIL MAINTENANCE USE.  NO THIRD PARTIES OR CONTRACTORS PERMITTED.  ALL ACCESS REQUESTS MUST COME THROUGH RACHEL MORGAN-POLLARD OR SAIDA NOOR IN ADVANCE",""
"110172981","LEC1","12.1323","QS","","12.1323","1200","","MAR","","513696.3","190757.7","Chantry place RRAP","HSJ9","","","","","","","","","","","110172981","2021-08-13","","NRAIL","","","","","Up Slow","","TQ 13696 90757"
"50461143","LEC1","14.1373","QS","","14.1373","1200","","MAR","","511860.0","193391.3","Hartcran House","HSJ9","","","","","","","","","","","50461143","2021-08-13","","NRAIL","","","","","Up Slow","Nature of Access: Single gate, No.7 padlock, ascending steps. Parking: none, do not park in private car park. Parking ok at quite times. Resedential area. Access to gate through smaller resedents gate","TQ 11860 93391"
"110172982","LEC1","15.1465","QS","","15.1465","1100","","MAR","","511797.9","195049.7","GSL Access <Bushy Barhales> RRAP Up Fast","HSJ9","","","","","","","","","","","110172982","2021-08-13","","NRAIL","","","","","Up Main/Fast","","TQ 11797 95049"
"110172983","LEC1","15.1466","QS","","15.1466","2100","","MAR","","511794.5","195050.7","GSL Access <Bushy Barhales> RRAP DownFast","HSJ9","","","","","","","","","","","110172983","2021-08-13","","NRAIL","","","","","Down Main/Fast","","TQ 11794 95050"
"110172984","LEC1","15.1468","QS","","15.1468","2200","","MAR","","511807.6","195050.6","GSL Access <Bushy Barhales> RRAP DownSlow","HSJ9","","","","","","","","","","","110172984","2021-08-13","","NRAIL","","","","","Down Slow","","TQ 11807 95050"
"110146739","LEC1","16.0067","QS","","16.0067","2100","","MAR","","511856.4","195385.5","Bushey ATFS 25kv Substation","HSJ9","","","","","","","","","","","110146739","2021-08-13","","NRAIL","","","","","Down Main/Fast","Nature of Access: A vehicle access point just past Bushey Station alongside the Down Fast at 16MP plus 59m <Watford Control Area>. It is accessed from Eastbury Road <A4125> Watford Hertfordshire. No heavy materials delivered by Hi-Ab to be STORED at this access. ALO control measures to be implemented when delivering to this access. All deliveries must be met.","TQ 11856 95385"
"110152126","LEC1","17.0731","QS","","17.0731","1903","","MAR","","511112.1","197379.3","Watford Yard","HSJ9","","","","","","","","","","","110152126","2021-08-13","","NRAIL","","","","","","Nature of Access: Double Gatges - No.7 Padlock. Parking good. ALO control measures to be implemented when delivering to this access. All deliveries must be met.","TQ 11112 97379"
"50143843","LEC1","20.1152","QS","","20.1152","1501","","MAR","","508136.6","201531.6","Gallows Hill Br.70","HSJ9","","","","","","","","","","","50143843","2021-08-13","","NRAIL","","","","","","Nature of Access: Single gate - No.7 padlock - ascending concrete steps up bank. First Line Approach and Line Speed: Up Slow. Up road normal flow of traffic right to left as viewed from access. 90mph. Parking: none. Line to left is Kings Langly Goods loop","TL 08136 01531"
"50143845","LEC1","20.1482","QS","","20.1482","2100","","MAR","","508057.7","201825.7","Kings Langley M25 bridge","HSJ9","","","","","","","","","NP","","50143845","2021-08-13","","NRAIL","","","","","Down Main/Fast","Nature of Access: Single gate - No.7 padlock, direct to track. First Line Approach and Line Speed: Down Fast. Down road normal flow of traffic right to left as viewed from access. 110mph. Parking: Poor. Old road route to access blocked by vegitation. ACCESS REQUIRES SIGN IN DUE TO ONGOING WORK","TL 08057 01825"
"110172985","LEC1","21.0248","QS","","21.0248","2200","","MAR","","507970.0","202281.6","Kings Langley Stn RRAP Down Slow","HSJ9","","","","","","","","","","","110172985","2021-08-13","","NRAIL","","","","","Down Slow","","TL 07969 02281"
"110158686","LEC1","21.0258","QS","","21.0258","2100","","MAR","","507960.3","202288.3","Kings Langley Stn RRAP Down fast","HSJ9","","","","","","","","","","","110158686","2021-08-13","","NRAIL","","","","","Down Main/Fast","Nature of Access: Double gate on Egg Farm Lane. No. 7. Ramp access to track Bollards protecting troughing route on left & right hand side of access are low & have previously struck & pierced a fuel tank on a RRV.They have now been painted black & yellow as a hazard warning.","TL 07960 02288"
"110152129","LEC1","26.0142","QS","","26.0142","1200","","MAR","","501903.0","206788.0","Olympic Cabin - Little Heath Lane","HSJ9","","","","","","","","","","","110152129","2025-04-23","","NRAIL","","","","","Up Slow","Nature of Access: Double Gate. No.7 Padlock. Enter via little heath lane and drive down lane to Olympic Cabin. Double Gate leads to Track.  First Line Up Slow. Right to Left.  ALO control measures to be implemented when delivering to this access. All deliveries must be met.",""
"50461154","LEC1","26.0514","QS","","26.0514","2100","","MAR","","501573.0","206874.0","Little Heath Lane Sewage Plant","HSJ9","","","","","","","","","","","50461154","2023-05-31","","NRAIL","","","","","Down Main/Fast","Nature of Access: Double Gate. No.7 Padlock. Follow path to double gate. Leads to Down Fast. Normal direction of traffic Right to Left. ALO control measures to be implemented when delivering to this access. All deliveries must be met.",""
"110172986","LEC1","28.0229","QS","","28.0229","2200","","MAR","","498984.0","208256.9","Berkhamstead Car Park Down Slow RRAP","HSJ9","","","","","","","","","","","110172986","2021-08-13","","NRAIL","","","","","Down Slow","","SP 98983 08256"
"110172987","LEC1","31.0906","QS","","31.0906","1100","","MAR","","495233.8","211967.2","Fog Cottages Up fast RRAP","HSJ9","","","","","","","","","","","110172987","2021-08-13","","NRAIL","","","","","Up Main/Fast","","SP 95233 11967"
"110131173","LEC1","31.0917","QS","","31.0917","1901","","MAR","","495261.4","211995.2","Tring Station Up siding RRAP","HSJ9","","","","","","","","","","","110131173","2021-08-13","","NRAIL","","","","","","Nature of Access: Double Gate. No.7 Padlock - Access at bottom of Tring Car park. Access to Tring south REB, Wrap for Sidings, MTPSP, and PSP. Vast area for Parking. Often full of Scrap and delivery items. MOM""s located on site. Underfoot conditions to REB poor","SP 95261 11995"
"110152128","LEC1","34.0152","QS","","34.0152","1200","","MAR","","493015.4","215433.4","Cricket Pitch","HSJ9","","","","","","","","","","","110152128","2021-08-13","","NRAIL","","","","","Up Slow","Nature of Access: Swing Gate from Road. No.7 Padlock. Dirt track leads to PSP. More double gates lead to Up Slow. Right to Left.  ALO control measures to be implemented when delivering to this access. All deliveries must be met. No RRAP. Gates don""t fit up correctly","SP 93015 15433"
"110174007","LEC1","37.0152","QS","","37.0152","1100","","MAR","","491869.4","220119.4","Train robbers Bridge Br 127 Up fast RRV","HSJ8","","","","","","","","","","","110174007","2021-10-05","","NRAIL","","","","","Up Main/Fast","","SP 91869 20119"
"50143819","LEC1","37.0153","QS","","37.0153","2100","","MAR","","491866.0","220118.9","Train Robbers Bridge Br 127 Down Fast RRV","HSJ8","","","","","","","","","","","50143819","2022-04-14","","NRAIL","","","","","Down Main/Fast","Nature of Access: Double gate - No. 7 padlock - Access track runs from Br.127 south for approx. 1200 yrds to Br.126 on downside. First Line Approach and Line Speed: Down Fast. Down road normal flow of traffic right to left as viewed from access.","SP 91866 20118"
"50143818","LEC1","38.0069","QS","","38.0069","1200","","MAR","","491516.8","221610.0","Walkers Way","HSJ8","","","","","","","","","","","50143818","2022-04-14","","NRAIL","","","","","Up Slow","Nature of Access: Double gate - No. 7 padlock - straight onto track. First Line Approach and Line Speed: Up Slow. Up road normal flow of traffic right to left as viewed from access.  Car Parking: good, inside AP gate. Access track runs parallel.","SP 91516 21610"
"110168368","LEC1","40.0809","QS","","40.0809","1200","","MAR","","491167.8","225435.7","Leighton Buzard RRV Up Slow","HSJ8","","","","","","","","","","","110168368","2021-09-17","","NRAIL","","","","","Up Slow"," ","SP 91167 25435"
"50143801","LEC1","42.1393","QS","","42.1393","2100","","MAR","","488889.2","228020.7","A4146 Leighton Buzzard bypass","HSJ8","","","","","","","","","","","50143801","2024-05-01","","NRAIL","","","","","Down Main/Fast"," ","SP 88889 28020"
"50143800","LEC1","42.1423","QS","","42.1423","1200","","MAR","","488874.5","228045.8","Soulbury Road RRV Up side","HSJ8","","","","","","","","","","","50143800","2021-09-17","","NRAIL","","","","","Up Slow"," ","SP 88874 28045"
"50435765","LEC1","46.0109","QS","","46.0109","1200","","MAR","","487056.4","232812.0","Lamb Siding RRV","HSJ8","","","","","","","","","NP","","50435765","2022-01-25","","NRAIL","","","","","Up Slow","Nature of Access: Double gate No.7 padlock. Turn left off Water Eaton Rd. on upside of Br.152 Access Rd. runs for 150 yrds south of TSC building. Vehicle Access point located adj. to G46/02 & G46/05. First Line Appproach & Line Speed: Up Slow. Up roa","SP 87056 32812"
"110168404","LEC1","46.1002","QS","","46.1002","2100","","MAR","","486880.2","233611.2","Bletchley Power Box - PSB RRV","HSJ8","","","","","","","","","","","110168404","2022-01-25","","NRAIL","","","","","Down Main/Fast","","SP 86880 33611"
"50143808","LEC1","47.1389","QS","","47.1389","2100","","MAR","","486233.5","235457.3","Groveway RRV Down Fast","HSJ8","","","","","","","","","NP","","50143808","2022-04-14","","NRAIL","","","","","Down Main/Fast","Nature of Access: Double gate - No.7 padlock - ascending ramp. First Line Approach and Line Speed: Down Fast. Down road normal flow of traffic right to left as viewed from access.  Parking: good, inside AP gate.","SP 86233 35457"
"50143810","LEC1","48.123","QS","","48.123","1200","","MAR","","485327.6","236604.1","Denbigh Hall North Junction","HSJ8","","","","","","","","","NP","","50143810","2021-09-17","","NRAIL","","","","","Up Slow","Double gates to down access ramp - first line up slow","SP 85327 36604"
"50143787","LEC1","51.1589","QS","","51.1589","2100","","MAR","","482228.2","240684.7","Bibbys Yard - Electrolux RRV LEC1","HSJ8","","","","","","","","","","","50143787","2021-09-17","","NRAIL","","","","","Down Main/Fast","2 in public lay-by, access gate & fence made of wood & easily climbed over! Needs tidying up, need updating, hand rails etc, made of wood & no Lighting","SP 82228 40684"
"50143788","LEC1","52.0482","QS","","52.0482","1200","","MAR","","482133.5","241274.6","Wolverton South Carpark","HSJ8","","","","","","","","","","","50143788","2021-09-17","","NRAIL","","","","","Up Slow","5+ Car park lighting. Rail etc","SP 82133 41274"
"50435767","LEC1","54.1307","QS","","54.1307","1200","","MAR","","479699.7","244427.3","Castlethorpe RRV","HSJ8","","","","","","","","","","","50435767","2021-09-17","","NRAIL","","","","","Up Slow"," ","SP 79699 44427"
"50143791","LEC1","56.1287","QS","","56.1287","2100","","MAR","","478160.0","247200.7","Hanslope Junc RRV DF","HSJ8","","","","","","","","","","","50143791","2022-04-14","","NRAIL","","","","","Down Main/Fast","Nature of Access: Through gates - No.7 padlock - straight access to track. First Line Approach and Line Speed: Down Fast. Down road normal flow of traffic right to left as viewed from access.","SP 78159 47200"
"50461188","LEC1","58.1412","QS","","58.1412","2100","","MAR","","476642.2","250148.9","Road Hill Ashton Gates RRV DF","HSJ8","","","","","","","","","","","50461188","2021-09-17","","NRAIL","","","","","Down Main/Fast","Nature of Access: double gate, No.7 padlock, direct to track. Parking: good, inside AP gate.","SP 76642 50148"
"110174014","LEC1","62.1359","QS","","62.1359","3900","","MAR","","472239.2","254476.9","Blisworth Yard RRV","HSJ8","","","","","","","","","","","110174014","2021-10-05","","NRAIL","","","","","Rev Siding","","SP 72239 54476"
"110147545","LEC1","69.0623","QS","","69.0623","1100","","MAR","","463158.4","259523.6","Weedon Yard RRV Up","HSJ8","","","","","","","","","Substation Access","","110147545","2021-09-17","","NRAIL","","","","","Up Main/Fast","Address:Off High Street Weedon A45: NN7 4PE Details: Off High Street Weedon A45. SP632595","SP 63158 59523"
"110174059","LEC1","69.0623","QS","","69.0623","2100","","MAR","","463155.1","259522.2","Weedon Yard RRV Down","HSJ8","","","","","","","","","Substation Access","","110174059","2021-09-22","","NRAIL","","","","","Down Main/Fast","Address:Off High Street Weedon A45: NN7 4PE Details: Off High Street Weedon A45. SP632595","SP 63155 59522"
"110156126","LEC1","75.1105","QS","","75.1105","1100","","MAR","","459221.2","268456.3","Broad Lane Adverure Caravans RRV Up","HSJ8","","","","","","","","","","","110156126","2021-09-17","","NRAIL","","","","","Up Main/Fast","Access point on Up fast side 75m 1100y to 75m 1200y RRV access with RRAP, Electricity board High voltage electric distribution cables overhead.","SP 59221 68456"
"110174058","LEC1","75.1105","QS","","75.1105","2100","","MAR","","459218.8","268453.9","Broad Lane Adverure Caravans RRV Down","HSJ8","","","","","","","","","","","110174058","2021-09-22","","NRAIL","","","","","Down Main/Fast","Access point on Up fast side 75m 1100y to 75m 1200y RRV access with RRAP, Electricity board High voltage electric distribution cables overhead.","SP 59218 68453"
"110143427","LEC1","80.0447","QS","","80.0447","1100","","MAR","","454156.2","273872.3","Hillmorton Yard Up fast RRV","HSJ8","","","","","","","","","","","110143427","2021-09-17","","NRAIL","","","","","Up Main/Fast"," ","SP 54156 73872"
"110144419","LEC1","80.0447","QS","","80.0447","2100","","MAR","","454153.9","273869.8","Hillmorton Yard Down fast RRV","HSJ8","","","","","","","","","","","110144419","2025-02-26","","NRAIL","","","","","Down Main/Fast"," ","SP 54153 73869"
"110174026","LEC1","81.1087","QS","","81.1087","2100","","MAR","","452424.3","275206.7","Valley Sports FC Down Fast RRV","HSJ8","","","","","","","","","","","110174026","2021-10-05","","NRAIL","","","","","Down Main/Fast","","SP 52424 75206"
"110174027","LEC1","81.1087","QS","","81.1087","1100","","MAR","","452426.5","275209.3","Valley Sports FC Up Fast RRV","HSJ8","","","","","","","","","","","110174027","2021-10-05","","NRAIL","","","","","Up Main/Fast","","SP 52426 75209"
"50461193","LEC1","82.0353","QS","","82.0353","2101","","MAR","","451632.6","275726.4","Abbey Street RRV <Dn COV>","HSJ8","","","","","","","","","","","50461193","2021-09-17","","NRAIL","","","","","","Nature of Access: double gate No.7 padlock, direct to track. 3 X 3M secure compound adj to AP. Parking: excellent, adj to track.","SP 51632 75726"
"50461196","LEC1","82.1351","QS","","82.1351","2100","","MAR","","450769.3","276019.3","Myson house RRV Down Fast","HSJ8","","","","","","","","","","","50461196","2021-09-17","","NRAIL","","","","","Down Main/Fast","Nature of Access: double gate No.7 padlock, direct to track. Access runs for approx. 1500M parallel to downside. Parking: excellent, inside access gate, no parking outside of AP gates.","SP 50769 76019"
"50501154","LEC1","82.1351","QS","","82.1351","2101","","MAR","","450768.1","276014.1","Myson house RRV Down Cov","HSJ8","","","","","","","","","","","50501154","2021-09-17","","NRAIL","","","","",""," ","SP 50768 76014"
"110174009","LEC1","82.145","QS","","82.145","1101","","MAR","","450690.1","276072.1","Hunters Lane RRV LEC1 Up Fast","HSJ8","","","","","","","","","","","110174009","2021-10-05","","NRAIL","","","","","","","SP 50690 76072"
"110174010","LEC1","82.1454","QS","","82.1454","1200","","MAR","","450688.3","276080.8","Hunters Lane RRV LEC1 Up Slow","HSJ8","","","","","","","","","","","110174010","2021-10-05","","NRAIL","","","","","Up Slow","","SP 50688 76080"
"110174011","LEC1","82.1454","QS","","82.1454","1300","","MAR","","450688.8","276085.7","Hunters Lane RRV LEC1 Up Goods Loop 1300","HSJ8","","","","","","","","","","","110174011","2021-10-05","","NRAIL","","","","","Up Goods","","SP 50688 76085"
"110174012","LEC1","82.1454","QS","","82.1454","1500","","MAR","","450689.9","276091.6","Hunters Lane RRV LEC1 Up & Down sidings","HSJ8","","","","","","","","","","","110174012","2021-10-05","","NRAIL","","","","","Up Loop","","SP 50689 76091"
"110147482","LEC1","-0.0042","QS","","-0.0042","0","","MAV","","698811.1","571244.6","CONCOURSE EUSTON 25KV SUBSTATION","HSJ9","","","","","","","","","","","110147482","2025-03-18","","NRAIL","","","","","All/Multiple Tracks","Address:Melton Street, Euston, London:NW1 2BN Details: Melton Street LONDON",""
"110147484","LEC1","0.0106","QS","","0.0106","0","","MAV","","698724.0","571256.6","EUSTON EAST 25KV SUBSTATION","HSJ9","","","","","","","","","","","110147484","2022-04-13","","NRAIL","","","","","All/Multiple Tracks","Address:Melton Street, Euston, London:NW1 1DA Details: Melton Street",""
"110147486","LEC1","0.0128","QS","","0.0128","0","","MAV","","698710.8","571257.7","EUSTON WEST 25KV SUBSTATION","HSJ9","","","","","","","","","","","110147486","2022-04-13","","NRAIL","","","","","All/Multiple Tracks","Address:Melton Street, Euston, London:NW1 2HP Details: Melton Street",""
"50435784","LEC1","0.03","QS","","0.03","3601","","MAV","","529322.0","182930.0","Euston Station","HSJ9","","","","","","","","","","","50435784","2011-03-24","","GTRM","","","","","","Nature of Access: Off Eversholt Street - Gate J. First Line Approach & Line Speed: Platform 1. 20 mph. Double gate No.7 Padlock. No parking.",""
"110175351","LEC1","0.0336","QS","","0.0336","0","","MAV","","529285.3","182883.3","PSB Yard Car Park","HSJ9","","","","","","","","","","","110175351","2022-01-11","","","","","","","All/Multiple Tracks","Change of track access location to new PSB Yard Car Park.~
~
Access is off Hampstead Road down Cardington Street to the Skanska shared access gate. The gate will be manned 24/7 with security. Staff are to show their PTS Cards and state that they are working for Network Rail Maintanence. ~
~
Upon entry, travel down the ramp via the shared access ramp to the car park. The car park will be segregated with a lever arm barrier secured with a no.7 key. Once inside there are 10 parking spaces. The track access point is in the corner of the car park through a palisade gate with is secured with a no.7 key.~
~
The  access route to the car park is shared with Skanska for access to their PC area. The Skanska PC area is demarcated with lever arm barriers. Skanska vehicles do not need to enter into the Network Rail car park area to access the Skanska PC area.",""
"50435786","LEC1","0.036","QS","","0.036","3602","","MAV","","529282.0","182962.0","Euston Raildrive Entrance","HSJ9","","","","","","","","","","","50435786","2011-03-24","","GTRM","","","","","","Nature of Access: Off Barnby Street - driveway onto platforms 2 & 3. First Line Approach & Line Speed: Platform 2. 20 mph. Double Gate No. 7 Padlock. Excellent parking.",""
"110173524","LEC1","0.0635","QS","","0.0635","2124","","MAV","","529115.6","183099.3","Old Taxi Rank","HSJ9","","","","","","","","","","","110173524","2021-09-08","","NRAIL","","","","","","","TQ 29115 83099"
"110147483","LEC1","0.0792","QS","","0.0792","0","","MAV","","","","SUBSTATION ACCESS","HSJ9","","","","","","","","","","","110147483","2023-05-31","","NRAIL","","","","","All/Multiple Tracks","EUSTON DN SIDE SHED 25KV SUBSTATION",""
"120001817","LEC1","0.0792","QS","","0.0792","0","","MAV","","529060.0","183170.0","Clarkson row","HSJ9","","","","","","","","","Access Gate and Ramp","","120001817","2025-10-27","","","","","","","All/Multiple Tracks","
Parking: 3 vehicle.  Maximum of ONE vehicle on the ramp at any time. MAXIMUM weight of 7.5T MUST NOT be exceeded.
NO parking on Clarkson Row at Street level is permitted.
Noise levels need to be kept to a minimum at all times so as not to disturb the residents on Clarkson Row.
Live OLE within the access point
Nature of access: Double vehicle gate and pedestrian gate, No.7 padlock first Line is line X",""
"50461116","LEC1","1.022","QS","","1.022","1100","","MAV","","528375.0","184028.0","Primrose Junction <South of tunnel>","HSJ9","","","","","","","","","","","50461116","2023-05-31","","GTRM","","","","","Up Main/Fast","Nature of Access: Double gate No.7 padlock. Parking: excellent.",""
"50461117","LEC1","1.1027","QS","","1.1027","1101","","MAV","","527700.6","184278.9","Caden Yard North End LEC1","HSJ9","","","","","","","","","","","50461117","2021-08-13","","NRAIL","","","","","","Nature of access: Double gate, No.7 padlock, l via walkway. Parking: Excellent.","TQ 27700 84278"
"50143909","LEC1","3.07","QS","","3.07","2100","","MAV","","524854.0","183269.0","Kilburn - Queens Park <Canterbury Terrace>.","HSJ9","","","","","","","","","","","50143909","2023-02-01","","GTRM","","","","","Down Main/Fast","Nature of Access: Double gates - No.7 padlock straight onto track. First Line Approach and Line Speed: Down Fast. Down road normal flow of traffic right to left as viewed from access. Good parking. ALO control measures to be considered/implemented when delivering to this access. All deliveries must be met.   Note: this access is shared with HS2/SCS From January 9th 2023 HS2 will have up to 50 vehicle movements per day at this access point Monday to Friday 07:00 to 18:00 and 08:00 to 13:00 on Saturdays. HS2 Vehicles will enter via the NR double gates on Albert Road and will drive through to the HS2 access gates and enter their own site. HS2 will not park or store materials in the NR Access point at any time. NR teams and contractors should avoid blocking all gates. NR vehicles will have priority access.",""
"50143889","LEC1","5.044","QS","","5.044","2100","","MAV","","522120.0","182796.0","Willesden Suburban Signalling Centre","HSJ9","","","","","","","","","","","50143889","2023-05-31","","GTRM","","","","","Down Main/Fast","Nature of Access: Double Gate - No.7 Padlock. Straight onto Track. First Line Approach and Line Speed: Up Slow. 75mph.",""
"50143890","LEC1","5.1001","QS","","5.1001","1200","","MAV","","521640.0","182970.8","Cattle Dock Pedstrian LEC1","HSJ9","","","","","","","","","","","50143890","2021-08-13","","NRAIL","","","","","Up Slow","Nature of Access: Large gate - No.7 padlock - descending ramp. First Line Approach and Line Speed: Up Slow. Up road normal flow of traffic right to left as viewed from access. 75mph.","TQ 21640 82970"
"110172980","LEC1","7.1548","QS","","7.1548","2100","","MAV","","518423.7","184785.2","Staion Grove LEC1","HSJ9","","","","","","","","","","","110172980","2021-08-13","","NRAIL","","","","","Down Main/Fast","","TQ 18423 84785"
"110173528","LEC1","8.1683","QS","","8.1683","1200","","MAV","","517647.9","186318.9","North Wembley BOC","HSJ9","","","","","","","","","","","110173528","2021-09-08","","NRAIL","","","","","Up Slow","","TQ 17647 86318"
"50500866","LEC1","9.0116","QS","","9.0116","1200","","MAV","","517585.0","186480.8","Wembeley BOC Access","HSJ9","","","","","","","","","","","50500866","2021-08-13","","NRAIL","","","","","Up Slow","Nature of Access: 3 x Access Gates. 1 x Pedestrian. 2 x Vehicle Double Gates. No. 7 Padlock. First line UP SLOW. Direction of Traffic Right to Left Normal Running. BI-DIRECTIONAL JUNCTION. Parking avalable on Roadside and In access for limited number of vehicles. AOL Control Measures req for deliveries. Access point full of various materials from upgrade of North Junction points","TQ 17584 86480"
"50435802","LEC1","10.0068","QS","","10.0068","1200","","MAV","","516992.0","188030.0","Kenton Substation","HSJ9","","","","","","","","","","","50435802","2023-05-31","","NRAIL","","","","","Up Slow","Nature of Access: Double Gate. No. 7 Padlock. Devending driveway to Substation. From there  Descending steps to track. Up Slow. Parking: Fair",""
"50461239","LEC1","10.0575","QS","","10.0575","1200","","MAV","","516745.4","188327.8","Kenton/Nash Court Up Slow","HSJ9","","","","","","","","","","","50461239","2021-08-13","","NRAIL","","","","","Up Slow","Nature of Access: double gate No.7 padlock, direct to track. Parking: good, inside AP gate. Do not block/use Nash Court parking spaces. Access directly opposite Kenton Station. Access track runs parallel to up line south from AP gate to 10M0076. No ON Track Plant or heavy materials delivered by Hi-Ab to be STORED at this access. ALO control measures to be implemented when delivering to this access. Deliveries must be met.","TQ 16745 88327"
"110176116","LEC1","11.0823","QS","","11.0823","1200","","MAV","","515369.0","189541.5","Harrow & Wealdstone CarPark","HSJ9","","","","","","","","","","","110176116","2022-01-28","","NRAIL","","","","","Up Slow","","TQ 15369 89541"
"50143854","LEC1","11.0905","QS","","11.0905","1200","","MAV","","515305.6","189581.3","Harrow & Wealdstone Station Car Park","HSJ9","","","","","","","","","","","50143854","2021-08-13","","NRAIL","","","","","Up Slow","Nature of Access: 2 x Double gates. Parking avalable for one Vehicle. Vehicle not to be driven past second set of gates. Gate access brings you behind Up Slow platform 6. Access to REB or North side of Harrow & Wealdstone station on the Up Slow. Beware cable route blocking path.","TQ 15305 89581"
"110121581","LEC1","11.1115","QS","","11.1115","1200","","MAV","","515150.4","189694.8","Cecil Road - Side Street","HSJ9","","","","","","","","","","","110121581","2021-08-13","","NRAIL","","","","","Up Slow","Nature of Access: 2 x Double gates. Parking good. Gate access brings you to Up Slow. Old Rail and Sleepers in Cess. Residential area! Minimal Noise.","TQ 15150 89694"
"50461146","LEC1","15.1096","QS","","15.1096","1200","","MAV","","511751.4","194710.6","Watford heath Br.56","HSJ9","","","","","","","","","","","50461146","2021-08-13","","NRAIL","","","","","Up Slow","Nature of Access: single gate, No.7 padlock, descending steps. No Access to Railway. Location cases only. 6ft Drop from railway wall.","TQ 11751 94710"
"110173531","LEC1","17.0895","QS","","17.0895","3610","","MAV","","510987.7","197488.4","Waford Junction Station LEC1 3610","HSJ9","","","","","","","","","","","110173531","2021-09-08","","NRAIL","","","","","","","TQ 10987 97488"
"50143844","LEC1","20.0113","QS","","20.0113","1501","","MAV","","508389.6","200623.8","Hunton Bridge Br.69","HSJ9","","","","","","","","","","","50143844","2021-08-13","","NRAIL","","","","","","Nature of Access: Single gate - No.7 padlock - ascending concrete steps/slopw up bank. Very narrow access running up wingwall of Br.69. First Line Approach and Line Speed: Up Slow. Up road normal flow of traffic right to left as viewed from access. 90mph. Parking: Poor. Closest line to Walking route is Langley goods loop","TL 08389 00623"
"50497031","LEC1","25.1287","QS","","25.1287","2100","","MAV","","502413.0","206567.9","Winkwell North REB","HSJ9","","","","","","","","","","","50497031","2021-08-13","","NRAIL","","","","","Down Main/Fast","Nature of Access: Single Gate. No.7 Padlock.  Access from Pix Farm Lane to Winkwell North REB with concrete steps to Down Fast. Parking poor, Normal Direction of Travel Right to Left. BI-DIRECTIONAL AREA","TQ 21028 83237"
"50461153","LEC1","25.14","QS","","25.14","2100","","MAV","","502317.5","206605.8","Pix Farm Lane North","HSJ9","","","","","","","","","","","50461153","2021-08-13","","NRAIL","","","","","Down Main/Fast","Nature of Access: Single Gate. No.7 Padlock. Ascending Concrete steps lead to Down Fast. Right to left normal running. BI-DIRECTIONAL AREA","TL 02317 06605"
"50461155","LEC1","26.1441","QS","","26.1441","2100","","MAV","","500785.8","207205.0","Bull Beggers Lane BR.95 Down Fast","HSJ9","","","","","","","","","","","50461155","2022-07-13","","NRAIL","","","","","Down Main/Fast","Nature of Access: Single Gate. No.7 Padlock. Descending steps. Temporary steps installed at this location fenced breached and then re-instated. Parking: V.poor, on side of road. First line Down Fast. Right to left","TL 00785 07205"
"110131169","LEC1","29.0433","QS","","29.0433","2100","","MAV","","497486.6","209215.7","Lock Keepers Cottage NorthChurch","HSJ9","","","","","","","","","","","110131169","2021-08-13","","NRAIL","","","","","Down Main/Fast","Nature of Access: Double gate. No.7 Padlock - Dirt path to Down Fast Access gate. Parking Good. ALO control measures to be implemented when delivering to this access. Deliveries must be met.","SP 97486 09215"
"50497873","LEC1","33.1074","QS","","33.1074","1200","","MAV","","493305.6","214729.5","Pistone Naure Resurve REB","HSJ9","","","","","","","","","","","50497873","2021-08-13","","NRAIL","","","","","Up Slow","Nature of Access: Double Gate. No. 7 Padlock. Access leads down path in Nature Reserve. Parking OK outside gate and Poor by REB. No Access to Track","SP 93305 14729"
"110172988","LEC1","34.0465","QS","","34.0465","2100","","MAV","","492927.1","215705.1","Cooks Wharf Road","HSJ9","","","","","","","","","","","110172988","2021-08-13","","NRAIL","","","","","Down Main/Fast","","SP 92927 15705"
"50461157","LEC1","36.03","QS","","36.03","2100","","MAV","","492209.6","218675.8","Cheddington Station Yard","HSJ8","","","","","","","","","","","50461157","2021-09-17","","NRAIL","","","","","Down Main/Fast","Nature of Access: Double gate, No.7 padlock, straight to track. Loads of scrap rail stored at this location at time of survey. Parking: good, inside AP gate.","SP 92209 18675"
"50500835","LEC1","37.0985","QS","","37.0985","2100","","MAV","","491683.1","220856.7","Train robbers Bridge Br 127 Down Fast Veh","HSJ8","","","","","","","","","","","50500835","2021-09-17","","NRAIL","","","","","Down Main/Fast","10+ Need adjusting /dragging on floor. No lighting. This access is used to store scrap & various cabins stored here","SP 91683 20856"
"50461158","LEC1","38.1532","QS","","38.1532","2100","","MAV","","491190.1","222907.3","Hospital BridgeLedburn Road Fast Side Vehicle","HSJ8","","","","","","","","","","","50461158","2022-11-07","","NRAIL","","","","","Down Main/Fast","Nature of Access: Double gate, No.7 padlock.    Access Point to trackside at end of rough track, no turning area","SP 91190 22907"
"50143823","LEC1","40.0002","QS","","40.0002","1200","","MAV","","491039.2","224710.2","Leighton Buzzard Stn South","HSJ8","","","","","","","","","","","50143823","2022-04-14","","NRAIL","","","","","Up Slow","Nature of Access: Double Gates - both No. 7 padlock - straight onto track. First Line Approach and Line Speed: Up Slow. Up road normal flow of traffic right to left as viewed from access.  Parking: good, in station car park.","SP 91039 24710"
"50143822","LEC1","40.0472","QS","","40.0472","1200","","MAV","","491104.6","225133.7","Leighton Buzard Vehicle US","HSJ8","","","","","","","","","NP","","50143822","2022-04-14","","NRAIL","","","","","Up Slow","Nature of Access: Double Gates - both No. 7 padlock - straight onto track. First Line Approach and Line Speed: Up Slow. Up road normal flow of traffic right to left as viewed from access.  Car Parking: good, inside AP gate. Vehicular access to","SP 91104 25133"
"50498545","LEC1","41.0005","QS","","41.0005","2100","","MAV","","491017.8","226288.3","Stoke Road Vehicle Linslade Tunnel North","HSJ8","","","","","","","","","","","50498545","2021-09-17","","NRAIL","","","","","Down Main/Fast","5+ Main access gate needs some adjustment / very stiff, roadway need some resurfacing /potholes, it is very muddy underfoot, there is no lighting at access point, there is a WRAPP stacked up here next to the building","SP 91017 26288"
"110175520","LEC1","46.0033","QS","","46.0033","1200","","MAV","","487076.3","232746.1","Lamb Siding South","HSJ8","","","","","","","","","","","110175520","2022-03-14","","NRAIL","","","","","Up Slow","","SP 87076 32746"
"110175516","LEC1","46.0302","QS","","46.0302","1200","","MAV","","487021.0","232984.7","Lamb Sidings Veh","HSJ8","","","","","","","","","","","110175516","2022-03-14","","NRAIL","","","","","Up Slow","","SP 87020 32984"
"110147540","LEC1","46.0464","QS","","46.0464","1200","","MAV","","486994.1","233130.4","Bletchley ASC Up Side","HSJ8","","","","","","","","","Substation Access","","110147540","2021-09-17","","NRAIL","","","","","Up Slow","Address:Water Eaton Road Bletchley:MK2 3XX Details: Water Eaton Road Bletchley.","SP 86994 33130"
"50461164","LEC1","46.1414","QS","","46.1414","2100","","MAV","","486793.1","233978.7","Bletchley North Carpark","HSJ8","","","","","","","","","","","50461164","2021-09-17","","NRAIL","","","","","Down Main/Fast","Nature of Access: Double gates, No.7 padlock, direct to track. Parking: excellent in car park. No.7 key required to access car park.","SP 86793 33978"
"50435766","LEC1","49.1525","QS","","49.1525","1200","","MAV","","484143.8","238061.7","Milton Keynes Staion Bay","HSJ8","","","","","","","","","NP","","50435766","2021-09-17","","NRAIL","","","","","Up Slow","Approximately 5 in parking bay, There are various materials stored here","SP 84143 38061"
"50461182","LEC1","52.0867","QS","","52.0867","1200","","MAV","","482078.0","241411.0","Wolverton Station North","HSJ8","","","","","","","","","","","50461182","2019-06-25","","NRAIL","","","","","Up Slow","Nature of Access: Off platform ends. Parking: good, in station car park.",""
"110173998","LEC1","52.1387","QS","","52.1387","2100","","MAV","","481677.0","241974.3","Haversham High Bank","HSJ8","","","","","","","","","","","110173998","2021-10-05","","NRAIL","","","","","Down Main/Fast","","SP 81677 41974"
"110143346","LEC1","53.1406","QS","","53.1406","1200","","MAV","","480813.4","243396.5","Lodge Farm","HSJ8","","","","","","","","","","","110143346","2022-04-14","","NRAIL","","","","","Up Slow","Vehicular access point and compound. speed limit on access road through farm and no parking anywhere outside compound. First line approach UP SLOW. Normal flow of trafic right to left as viewed from gate .","SP 80813 43396"
"110168256","LEC1","61.0081","QS","","61.0081","1100","","MAV","","474629.8","253114.5","Courteenhall RAMP Br.211","HSJ8","","","","","","","","","","","110168256","2021-09-17","","NRAIL","","","","","Up Main/Fast"," ","SP 74629 53114"
"110175517","LEC1","61.1024","QS","","61.1024","2100","","MAV","","473984.1","253682.0","Blisworth footbridge","HSJ8","","","","","","","","","","","110175517","2022-03-14","","NRAIL","","","","","Down Main/Fast","","SP 73984 53681"
"50143775","LEC1","62.1321","QS","","62.1321","2100","","MAV","","472268.2","254461.1","Blisworth Yard South","HSJ8","","","","","","","","","","","50143775","2021-09-17","","NRAIL","","","","","Down Main/Fast","Nature of Access: Through double gates - No.7 padlock - straight access to track. First Line Approach and Line Speed: Sidings - Down road normal flow of traffic right to left as viewed from access. Parking: excellent, inside AP gate.","SP 72268 54461"
"110174015","LEC1","62.1697","QS","","62.1697","2100","","MAV","","471998.8","254645.2","Blisworth Yard North","HSJ8","","","","","","","","","","","110174015","2021-10-05","","NRAIL","","","","","Down Main/Fast","","SP 71998 54645"
"110147544","LEC1","62.1704","QS","","62.1704","1100","","MAV","","471999.7","254658.5","Blisworth ATS A43","HSJ8","","","","","","","","","Substation Access","","110147544","2021-09-17","","NRAIL","","","","","Up Main/Fast","Address:Off A43 Blisworth:NN7 3DS Details: Off A43 Blisworth. SP721545","SP 71999 54658"
"50435770","LEC1","63.0175","QS","","63.0175","1100","","MAV","","471812.0","254784.0","Blisworth Yard Br.215 Up Side","HSJ8","","","","","","","","","","","50435770","2022-04-14","","NRAIL","","","","","Up Main/Fast","Nature of Access: Double Gate, No.7 padlock - Straight access to track. First Line Approach & Line Speed: Up Fast. Up roads normal flow of traffic right to left as viewed from access. Parking: excellent, inside AP gate, in old yard.","SP 71812 54783"
"110174013","LEC1","64.0917","QS","","64.0917","1100","","MAV","","469738.7","255750.8","Banbury Lane Level Crossing Up side","HSJ8","","","","","","","","","","","110174013","2021-10-05","","NRAIL","","","","","Up Main/Fast","","SP 69738 55750"
"50435771","LEC1","64.0924","QS","","64.0924","2100","","MAV","","469731.2","255743.3","Banbury Lane Level Crossing Down side","HSJ8","","","","","","","","","","","50435771","2022-04-14","","NRAIL","","","","","Down Main/Fast","Nature of Access: Gate to Signal Box - No.7 padlock - straight access to track. First Line Approach & Line Speed: Down. Down roads normal flow of traffic right to left as viewed from access. Traffic management required if using as roadrail acc","SP 69731 55743"
"50143784","LEC1","68.0198","QS","","68.0198","2100","","MAV","","464625.1","258249.7","Stowe Hill Tunnel South Br.232","HSJ8","","","","","","","","","","","50143784","2022-04-14","","NRAIL","","","","","Down Main/Fast","Nature of Access: Double Gate - No.7 padlock - descending steps. First Line Approach and Line Speed: Down. Down road normal flow of traffic right to left as viewed from access.  Parking: good, in compound above tunnel. Railway vehicles not to","SP 64625 58249"
"50143760","LEC1","69.1034","QS","","69.1034","1100","","MAV","","462975.9","259849.5","Weedon Old Station & Welfare","HSJ8","","","","","","","","","","","50143760","2022-04-14","","NRAIL","","","","","Up Main/Fast","Nature of Access: Through gates - No.7 padlock - straight access to track. First Line Approach and Line Speed: Up. Up roads normal flow of traffic right to left as viewed from access.  Parking: excellent, adj. to AP gate.","SP 62975 59849"
"110173996","LEC1","82.0458","QS","","82.0458","1200","","MAV","","451562.7","275808.4","Colas Depot LEC1 <Veh - Isolaion required>","HSJ8","","","","","","","","","","","110173996","2021-10-05","","NRAIL","","","","","Up Slow","","SP 51562 75808"
"50143743","LEC1","82.0624","QS","","82.0624","2101","","MAV","","451400.0","275810.5","Abbey Street Old PSB <Dn COV>","HSJ8","","","","","","","","","","","50143743","2022-04-14","","NRAIL","","","","","","Nature of Access: Double gate No.7 padlock. Descending steps either side of P.S.B. First Line Approach and Line Speed: Down Goods. Normal flow of traffic right to left as viewed from access.  Parking: in PSB car park or Stn car park using singe","SP 51399 75810"
"50461195","LEC1","82.0842","QS","","82.0842","2200","","MAV","","451239.8","275958.2","Rugby Virgin Carpark Sidings","HSJ8","","","","","","","","","","","50461195","2022-09-06","","NRAIL","","","","","Down Slow","Nature of Access: double gate No.7 padlock, descending steps. No direct access to track. Track machines in sidings. Parking: good, 2-3 vehicles on old loading bay or on approach to AP gate.","SP 51239 75958"
"50501153","LEC1","82.0858","QS","","82.0858","2101","","MAV","","451198.3","275883.6","Rugby Staion Carpark","HSJ8","","","","","","","","","","","50501153","2021-09-17","","NRAIL","","","","",""," ","SP 51198 75883"
"50501155","LEC1","82.1496","QS","","82.1496","1900","","MAV","","450410.0","276101.0","Hunters Lane <up side>","HSJ8","","","","","","","","","","","50501155","2019-06-25","","NRAIL","","","","","Up Siding","",""
"110143429","LEC1","83.0311","QS","","83.0311","1590","","MAV","","","","Coal Yard Br279","HSJ8","","","","","","","","","","","110143429","2011-03-24","","NRAIL","","","","","","",""
"110174951","LEC2","83.056","QS","","83.0616","1200","","MA","","449898.7","276109.3","Rugby Flyover Access UP Slow","HSJ8","","","","","","","","","","","110174951","2022-03-29","","","","","","","Up Slow","New Access Installation on Upside of flyover                      Traps . Froze .Yards","SP 00497 57611"
"110179813","LEC2","105.1078","QS","","105.1078","2200","","MA","","","","Polesworth Access Bridge 68 - Quarry Bridge Farm","HSJ0","","","","","","","","","","","110179813","2024-04-18","","","","","","","Down Slow","Access MUST be booked in advance. Email: property@fletchers.ltd or Call ? 01827 216266",""
"110179812","LEC2","120.0154","QS","","120.0154","2200","","MA","","","","Ashton Hayes Farm","HSJ0","","","","","","","","","","","110179812","2023-01-24","","","","","","","Down Slow","WCN6584",""
"50491793","LEC2","83.0696","QS","","83.0696","1200","","MAP","","449779.3","276109.0","Rugby Flyover LEC2","HSJ8","","","","","","","","","","","50491793","2021-09-17","","NRAIL","","","","","Up Slow"," ","SP 49779 76108"
"110182591","LEC2","83.1406","QS","","83.1406","1200","","MAP","","449172.0","276182.4","Newbold FTN LEC2 Pedestrian Access","HSJ8","","","","","","","","","","","110182591","2023-06-07","","NRAIL","","","","","Up Slow","","SP 49172 76182"
"50435779","LEC2","84.0777","QS","","84.0777","1200","","MAP","","448322.8","276784.9","Peninsular Farm Br.4 Up Slow","HSJ8","","","","","","","","","","","50435779","2024-01-05","","NRAIL","","","","","Up Slow","Nature of Access: Gate - No.7 padlock - ascending steps. First line approach & line speed: Up Slow. Up Road normal flow of traffic right to left as viewed from access. Parking: poor, 20 yrds before bridge on left.","SP 48322 76784"
"50501156","LEC2","84.0802","QS","","84.0802","2100","","MAP","","448294.6","276784.7","Peninsular Farm Br.4 Down Fast","HSJ8","","","","","","","","","","","50501156","2021-09-17","","NRAIL","","","","","Down Main/Fast"," ","SP 48294 76784"
"50143749","LEC2","85.0012","QS","","85.0012","2100","","MAP","","447643.4","277372.3","Newbol Relay Room Br.06","HSJ8","","","","","","","","","","","50143749","2022-04-14","","NRAIL","","","","","Down Main/Fast","Nature of Access: Gate - No.7 padlock - ascending steps. First Line Approach and Line Speed: Down Fast. Down road normal flow of traffic right to left as viewed from access.  Parking: poor, on side of road.","SP 47643 77372"
"50143750","LEC2","85.0885","QS","","85.0885","2100","","MAP","","447098.4","277960.5","Little Lawford","HSJ8","","","","","","","","","","","50143750","2022-04-14","","NRAIL","","","","","Down Main/Fast","Nature of Access: Gate - No.7 padlock - descending steps. First Line Approach and Line Speed: Down Fast. Down road normal flow of traffic right to left as viewed from access.  Parking: poor, on side of road.","SP 47098 77960"
"110175445","LEC2","85.1401","QS","","85.1401","2100","","MAP","","446769.4","278313.9","Chathiron Br 9A footbridge Downside","HSJ8","","","","","","","","","","","110175445","2022-03-14","","NRAIL","","","","","Down Main/Fast","","SP 46769 78313"
"50450030","LEC2","85.1416","QS","","85.1416","1200","","MAP","","446771.7","278334.1","Cathiron Br 9A foot bridge Up Side","HSJ8","","","","","","","","","","","50450030","2021-09-17","","NRAIL","","","","","Up Slow","UNAUTHORISED ACCESS. Farmer Has Put Own Lock and Chain On. Parking: good, inside AP gate adjacent to track.","SP 46771 78334"
"110183953","LEC2","86.0329","QS","","86.0329","2100","","MAP","","446340.8","278773.4","Cathiron Underbridge 10","HSJ8","","","","","","","","","","","110183953","2023-05-31","","NRAIL","","","","","Down Main/Fast","","SP 46341 78773"
"110183954","LEC2","86.0335","QS","","86.0335","1200","","MAP","","446349.2","278789.1","Cathiron Underbridge 10","HSJ8","","","","","","","","","","","110183954","2023-05-31","","NRAIL","","","","","Up Slow","","SP 46341 78773"
"50143752","LEC2","86.1318","QS","","86.1318","1200","","MAP","","445737.7","279442.6","Easenhall Road Br.11","HSJ8","","","","","","","","","","","50143752","2022-04-14","","NRAIL","","","","","Up Slow","Nature of Access: Gate - No.7 padlock - decending steps. First Line Approach and Line Speed: Up Slow. Up road normal flow of traffic right to left as viewed from access.  Parking: fair, parking space on top of bridge next to AP gate.","SP 45737 79442"
"110147550","LEC2","87.1635","QS","","87.1635","1100","","MAP","","444259.1","280619.2","BRINKLOW OLDST TSC BR14RRV U/F","HSJ8","","","","","","","","","Substation Access","","110147550","2022-04-01","","NRAIL","","","","","Up Main/Fast","Address:Lutterworth Road <B4027> Brinklow:CV23 0PR Details: Lutterworth Road <B4027>. SP440805","SP 44259 80619"
"50143754","LEC2","88.0552","QS","","88.0552","1200","","MAP","","443690.4","280870.3","Smeaton Lane Br.16","HSJ8","","","","","","","","","","","50143754","2022-04-14","","NRAIL","","","","","Up Slow","Nature of Access: Gate - No.7 padlock - ascending steps. First Line Approach and Line Speed: Up Slow. Up road normal flow of traffic right to left as viewed from access.  Parking: fair, inside AP gate adj to steps. Bi-directional working over u","SP 43690 80870"
"110174003","LEC2","89.1695","QS","","89.1695","1200","","MAP","","441904.1","282676.9","Nettle Hill","HSJ8","","","","","","","","","","","110174003","2021-10-05","","NRAIL","","","","","Up Slow","","SP 41904 82676"
"110173999","LEC2","90.0794","QS","","90.0794","1200","","MAP","","441384.5","283280.1","Beehive <Stairs> Up","HSJ8","","","","","","","","","","","110173999","2021-10-05","","NRAIL","","","","","Up Slow","","SP 41384 83280"
"110172169","LEC2","90.0812","QS","","90.0812","2100","","MAP","","441362.2","283281.3","Beehive Bridge Down Side","HSJ8","","","","","","","","","","","110172169","2021-09-21","","NRAIL","","","","","Down Main/Fast","OS Grid Reference:  52.021217-0.632569","SP 41362 83281"
"50143758","LEC2","91.101","QS","","91.101","1200","","MAP","","440096.3","284554.3","Wood lane Br.24","HSJ0","","","","","","","","","","","50143758","2021-09-08","","NRAIL","","","","","Up Slow","Nature of Access: single gate No.17 padlock, descending steps. Vehicle Parking: poor, on side of road. Road Access: Under canal bridge. Up TV Slow","SP 40096 84554"
"50143759","LEC2","92.1691","QS","","92.1691","2100","","MAP","","438513.1","286114.6","Coventry Road UBr.27","HSJ0","","","","","","","","","","","50143759","2021-09-08","","NRAIL","","","","","Down Main/Fast","This is just to warn you that the access steps to Bulkington R.E.B LEC2 92m 1310y on the down side are in very poor condition, they have been faulted but unfortunately they are beyond repair. Plans are being made for them to be renewed as soon as possible but in the meantime please take extra care if access to the R.E.B is required.  Nature of Access: Double gate No.17 padlock, ascendeing steps <2M wide>. Vehicle Parking: Fair. Road Access: Under canal bridge. Down TV Fast","SP 38513 86114"
"50461200","LEC2","94.0757","QS","","94.0757","2100","","MAP","","437814.8","288302.5","Marston Hall","HSJ0","","","","","","","","","","","50461200","2021-09-08","","NRAIL","","","","","Down Main/Fast","Nature of access: single gate, No.17 padlock, ascending steps. Parking: poor, on side of road, not adjacent to Br. No.33 Down TV Fast","SP 37814 88302"
"50143732","LEC2","94.1022","QS","","94.1022","2100","","MAP","","437836.4","288542.8","Marston Lane LEC2","HSJ0","","","","","","","","","","","50143732","2021-09-08","","NRAIL","","","","","Down Main/Fast","Nature of Access: single gate No.17 padlock, ascending steps. Parking: Poor, on side of road. Down TV Fast","SP 37836 88542"
"110141511","LEC2","95.0243","QS","","95.0243","2200","","MAP","","437811.2","289443.1","Coughton Close Gipsy Lane Ped","HSJ0","","","","","","","","","","","110141511","2021-09-08","","NRAIL","","","","","Down Slow","Pedestrian access from north side of Gipsy Lane <B4029> to REC Power Supply point and locs serving Attleborough South Junction Pts 262. See Safe Walking Route, Car parking available at PSP site on other side of road. No 17 Key. Down TV Fast","SP 37811 89443"
"110142201","LEC2","95.1341","QS","","95.1341","2200","","MAP","","437585.9","290418.7","Waverley Ave LutterWorth Rd<B4114> Br.40","HSJ0","","","","","","","","","","","110142201","2021-09-08","","NRAIL","","","","","Down Slow","Nature of Access: Off Waverley Avenue, Single gate No.17 padlock, direct to track. Parking: fair, on Waverley Avenue. high T&V area. Down TV Slow","SP 37585 90418"
"110133666","LEC2","96.0122","QS","","96.0122","1200","","MAP","","437416.3","290887.4","Slingsby Close","HSJ0","","","","","","","","","","","110133666","2021-09-08","","NRAIL","","","","","Up Slow","Nature Of Access-Off Eastborough Way Into Industrial Estate & Into Slingsby Close. Access Is through Two Single Gates With No.17 Padlocks Via The Radio Mast Compound Approaching The Railway Line On the Up Slow Side Up TV Slow","SP 37416 90887"
"50143736","LEC2","96.0519","QS","","96.0519","2200","","MAP","","437230.1","291203.2","Gadsby court Br.41","HSJ0","","","","","","","","","","","50143736","2021-09-08","","NRAIL","","","","","Down Slow","Nature of Access: single gate, No.17 padlock ascending steps <2M wide>. Parking: poor, on side of road. Down TV Slow","SP 37230 91203"
"110173623","LEC2","96.0633","QS","","96.0633","1200","","MAP","","437192.9","291302.4","Kelsey Close","HSJ0","","","","","","","","","","","110173623","2021-09-09","","NRAIL","","","","","Up Slow","","SP 37192 91302"
"110173648","LEC2","97.0205","QS","","97.0205","2903","","MAP","","436396.6","292216.0","Nuneaton Station Carpark Gate","HSJ0","","","","","","","","","","","110173648","2021-09-09","","NRAIL","","","","","","","SP 36396 92216"
"50143739","LEC2","98.1333","QS","","98.1333","2200","","MAP","","434602.0","294159.0","Caldecotte Br.50","HSJ0","","","","","","","","","","","50143739","2021-09-08","","NRAIL","","","","","Down Slow","Nature of Access: single gate N0.17 padlock ascending steps. Route to AP off Mancetter Road, lane severely pot-holed. No specific vehicular or parking rights. Down TV Slow","SP 34602 94158"
"50143715","LEC2","100.0055","QS","","100.0055","1200","","MAP","","433053.1","295499.4","Girders Bridge Mancetter Rd<B4111> Br.53","HSJ0","","","","","","","","","","","50143715","2021-09-08","","NRAIL","","","","","Up Slow","Nature of Access: single gate, No.17 padlock ascending steps. Parking: Poor, on side of road. Up TV Slow","SP 33053 95499"
"50143716","LEC2","100.0878","QS","","100.0878","1200","","MAP","","432454.5","295935.6","Springs Farm Br.54","HSJ0","","","","","","","","","","","50143716","2021-09-08","","NRAIL","","","","","Up Slow","Nature of Access: Ascending steps. Vehicle Parking: Poor, adj to AP. Road Access: via farm Up TV Slow","SP 32454 95935"
"50143718","LEC2","101.1358","QS","","101.1358","2200","","MAP","","430927.4","297274.2","Westwood Road F/Br.57","HSJ0","","","","","","","","","","","50143718","2021-09-08","","NRAIL","","","","","Down Slow","Nature of Access: single gate No.17 padlock, descending steps. Parking: Good on side of road. Down TV Slow","SP 30927 97274"
"110147024","LEC2","101.1661","QS","","101.1661","0","","MAP","","430560.0","297696.0","Atherstone 25KV SUBSTATION","HSJ0","","","","","","","","","","","110147024","2024-10-07","","NRAIL","","","","","All/Multiple Tracks","Address:Terrace Rd:CV9 1BP Details: Terrace Rd, Opposite Owen St OS GRID REF SP 304 977",""
"50461206","LEC2","101.1675","QS","","101.1675","1200","","MAP","","430748.9","297504.4","Terrace Road Atherstone RR","HSJ0","","","","","","","","","","","50461206","2021-09-08","","NRAIL","","","","","Up Slow","Nature of Access: single gate, No.17 padlock descending steps. Parking: Fair, on side of road. Access is shared with East Midlands Electricity Board. Please ensure that 2 padlocks are linked with a length of chain. Up TV Slow","SP 30748 97504"
"110173651","LEC2","102.0611","QS","","102.0611","1200","","MAP","","430397.9","298036.0","Long Street <oneway road to A5>","HSJ0","","","","","","","","","","","110173651","2021-09-09","","NRAIL","","","","","Up Slow","","SP 30397 98035"
"110173546","LEC2","102.1301","QS","","102.1301","2200","","MAP","","429964.8","298490.6","Holly Lane","HSJ0","","","","","","","","","","","110173546","2021-09-08","","NRAIL","","","","","Down Slow","","SP 29964 98490"
"50143720","LEC2","103.1047","QS","","103.1047","1200","","MAP","","428876.6","299352.9","Green Lane Br.62","HSJ0","","","","","","","","","","","50143720","2021-09-08","","NRAIL","","","","","Up Slow","Access to Track: Steps Down. Vehicle Parking: Fair, adj to AP gate. Public bridleway runs along Green Lane. No specific vehicular or parking rights. Up TV Slow","SP 28876 99352"
"50143721","LEC2","104.0318","QS","","104.0318","2200","","MAP","","428242.8","300035.4","Spon Lane Br.64","HSJ0","","","","","","","","","","","50143721","2021-09-08","","NRAIL","","","","","Down Slow"," ","SK 28242 00035"
"110173622","LEC2","105.0254","QS","","105.0254","2200","","MAP","","427606.7","301433.2","Sandyways Dordon Br.67 Down slow","HSJ0","","","","","","","","","","","110173622","2021-09-09","","NRAIL","","","","","Down Slow","","SK 27606 01433"
"110149566","LEC2","105.0275","QS","","105.0275","1200","","MAP","","427617.2","301457.3","Sandyways Dordon Br.67 Up slow","HSJ0","","","","","","","","","","","110149566","2021-09-08","","NRAIL","","","","","Up Slow","Eastings 1.581653 W    Northings 52.594801 N","SK 27617 01457"
"120000538","LEC2","105.1451","QS","","105.1451","1200","","MAP","","427067.0","302365.0","Polesworth - OLE Repair","HSJ0","","","","","","","","","Repairing damaged OLE gantry","","120000538","2025-04-14","","","","","","","Up Slow","Temporary use due to damaged OLE gantry.",""
"50143723","LEC2","106.0121","QS","","106.0121","1200","","MAP","","426833.0","302691.2","Warton Road Br.71","HSJ0","","","","","","","","","","","50143723","2021-09-08","","NRAIL","","","","","Up Slow","Nature of Access: Single gate No.17 padlock descending steps. Parking: Poor, on side of road.","SK 26832 02691"
"50461216","LEC2","106.0627","QS","","106.0627","1200","","MAP","","426558.4","303065.9","Station Road Br.72","HSJ0","","","","","","","","","","","50461216","2021-09-08","","NRAIL","","","","","Up Slow","Nature of Access: Descending steps. Portacabin located at top of embankment. Parking: none.","SK 26558 03065"
"50143726","LEC2","108.0757","QS","","108.0757","2200","","MAP","","423797.9","304667.3","Hodge Lane","HSJ0","","","","","","","","","","","50143726","2021-09-08","","NRAIL","","","","","Down Slow","Nature of Access: single gate, No.17 padlock, direct to track. Parking: poor, on side of road.","SK 23797 04667"
"50143727","LEC2","108.1314","QS","","108.1314","1200","","MAP","","423298.2","304644.8","Moor Lane","HSJ0","","","","","","","","","","","50143727","2021-09-08","","NRAIL","","","","","Up Slow","Nature of Access: Up side,Single gate, No.17 padlock, descending steps. Parking: poor, on side of road.","SK 23298 04644"
"110173617","LEC2","108.1578","QS","","108.1578","2200","","MAP","","423060.0","304606.7","Amington Junction Bridley Drive South","HSJ0","","","","","","","","","","","110173617","2021-09-09","","NRAIL","","","","","Down Slow","","SK 23059 04606"
"110173616","LEC2","108.1746","QS","","108.1746","2200","","MAP","","422906.8","304592.7","Bridley drive PSP","HSJ0","","","","","","","","","","","110173616","2021-09-09","","NRAIL","","","","","Down Slow","","SK 22906 04592"
"110149565","LEC2","109.042","QS","","109.042","2200","","MAP","","422506.9","304556.4","Amington Junction Bridley Drive","HSJ0","","","","","","","","","","","110149565","2021-09-08","","NRAIL","","","","","Down Slow","Eastings  1.672903 W    Northings 52.638215 N","SK 22506 04556"
"110175078","LEC2","109.0688","QS","","109.0688","2200","","MAP","","422261.2","304531.4","Amington Yard foot Gate","HSJ0","","","","","","","","","","","110175078","2021-12-09","","NRAIL","","","","","Down Slow","","SK 22261 04531"
"50143728","LEC2","109.0869","QS","","109.0869","2200","","MAP","","422095.2","304519.4","Playing Felds <South of Br.76>","HSJ0","","","","","","","","","","","50143728","2021-09-08","","NRAIL","","","","","Down Slow","Nature of Access: downside, single gate No. 17 padlock, descending steps. Access gate located south of footbridge No.76, follow dirt track running south from Br.No.77 on downside. Parking: none.","SK 22095 04519"
"50416202","LEC2","109.0992","QS","","109.0992","2200","","MAP","","421982.6","304508.2","Bole Hall","HSJ0","","","","","","","","","","","50416202","2021-09-08","","NRAIL","","","","","Down Slow","Nature of Access: Double gate No.17 padlock direct to track. Dirt track within RT freehold boundary. Parking: poor, adj to AP gate on dirt track.","SK 21982 04508"
"50416203","LEC2","109.1118","QS","","109.1118","2200","","MAP","","421867.0","304498.9","Moor Lane Br.77","HSJ0","","","","","","","","","","","50416203","2021-09-08","","NRAIL","","","","","Down Slow","Nature of Access: single gate No.17 padlock ascending steps. Moor Lane leads to Br.77, RT owned track on right hand side. Parking: poor, adj to AP gate.","SK 21866 04498"
"110147029","LEC2","109.1215","QS","","109.1215","2200","","MAP","","421778.2","304490.7","BoleHall PSP / Tamworth FS","HSJ0","","","","","","","","","","","110147029","2021-09-08","","NRAIL","","","","","Down Slow","Address:Victoria Road:B79 7JT Details: Victoria Road, Tamworth Train Station OS GRID REF SK 212 043","SK 21778 04490"
"50416204","LEC2","109.1259","QS","","109.1259","2200","","MAP","","421738.3","304487.1","Bole Hall Br.78","HSJ0","","","","","","","","","","","50416204","2021-09-08","","NRAIL","","","","","Down Slow","Nature of Access: Single gate No.17 padlock ascending steps. Parking: poor, adj to AP gate.","SK 21738 04487"
"110141663","LEC2","110.0968","QS","","110.0968","2200","","MAP","","420408.7","304572.9","Ludgate OBr.83","HSJ0","","","","","","","","","","","110141663","2021-09-08","","NRAIL","","","","","Down Slow","Single Gate, No 17 Padlock, descending steps to railway. Parking good","SK 20408 04572"
"110141654","LEC2","110.1331","QS","","110.1331","1200","","MAP","","420092.4","304679.5","Adders Bridge Br.84 <Wordsworth Ave>","HSJ0","","","","","","","","","","","110141654","2021-09-08","","NRAIL","","","","","Up Slow","Route to Access: Up side via Wordsworth Road -parking poor- or via Dn side Anders -Industrial Estate-. Vehicle Parking: Good Dn side only, on road adj. to Br 84 then walk through bridge to access pt on Up side. Access to Track: Earth ramp up.","SK 20092 04679"
"110173645","LEC2","111.0451","QS","","111.0451","1200","","MAP","","419430.3","305118.2","Roman Way","HSJ0","","","","","","","","","","","110173645","2022-01-07","","NRAIL","","","","","Up Slow","","SK 19430 05118"
"110173615","LEC2","111.0484","QS","","111.0484","2200","","MAP","","419395.9","305127.0","Cavendish","HSJ0","","","","","","","","","","","110173615","2021-09-09","","NRAIL","","","","","Down Slow","","SK 19395 05127"
"110165307","LEC2","111.1545","QS","","111.1545","1200","","MAP","","418895.1","305951.8","Coton Lane North Up side","HSJ0","","","","","","","","","","","110165307","2021-09-08","","NRAIL","","","","","Up Slow"," ","SK 18895 05951"
"110165306","LEC2","111.1566","QS","","111.1566","2200","","MAP","","418867.0","305960.6","Coton Lane North Down Slow","HSJ0","","","","","","","","","","","110165306","2021-09-08","","NRAIL","","","","","Down Slow","Bridge 84CA","SK 18867 05960"
"110173613","LEC2","112.0343","QS","","112.0343","2200","","MAP","","418672.9","306412.6","Comberford FB84E Down Slow","HSJ0","","","","","","","","","","","110173613","2021-09-09","","NRAIL","","","","","Down Slow","","SK 18672 06412"
"110165308","LEC2","112.0348","QS","","112.0348","1200","","MAP","","418691.5","306426.0","Comberford FBr.84E Up Slow","HSJ0","","","","","","","","","","","110165308","2021-09-08","","NRAIL","","","","","Up Slow","Foot bridge 84E","SK 18691 06426"
"110173606","LEC2","112.1361","QS","","112.1361","1200","","MAP","","418290.7","307263.2","Hademore South","HSJ0","","","","","","","","","","","110173606","2021-09-09","","NRAIL","","","","","Up Slow","","SK 18290 07263"
"110173601","LEC2","113.0425","QS","","113.0425","1200","","MAP","","417823.1","307856.4","Tamhorn Park Farm","HSJ0","","","","","","","","","","","110173601","2021-09-09","","NRAIL","","","","","Up Slow","","SK 17823 07856"
"110173600","LEC2","113.1161","QS","","113.1161","1200","","MAP","","417309.8","308296.8","Hademore Br.90AA","HSJ0","","","","","","","","","","","110173600","2021-09-09","","NRAIL","","","","","Up Slow","","SK 17309 08296"
"110173598","LEC2","114.0094","QS","","114.0094","1200","","MAP","","416817.0","308682.0","Whittington","HSJ0","","","","","","","","","","","110173598","2021-09-09","","NRAIL","","","","","Up Slow","","SK 16817 08681"
"110173602","LEC2","114.0668","QS","","114.0668","1200","","MAP","","416396.5","309011.7","Whittington North","HSJ0","","","","","","","","","","","110173602","2021-09-09","","NRAIL","","","","","Up Slow","","SK 16396 09011"
"110173597","LEC2","114.0919","QS","","114.0919","1200","","MAP","","416217.9","309153.6","Burton Road BR.91AA","HSJ0","","","","","","","","","","","110173597","2021-09-09","","NRAIL","","","","","Up Slow","","SK 16217 09153"
"110173596","LEC2","114.1461","QS","","114.1461","1200","","MAP","","415794.2","309418.9","Huddelsford Grange South","HSJ0","","","","","","","","","","","110173596","2021-09-09","","NRAIL","","","","","Up Slow","","SK 15794 09418"
"110173591","LEC2","115.0154","QS","","115.0154","2200","","MAP","","415399.4","309534.6","Huddelsford Grange Down Br.94","HSJ0","","","","","","","","","","","110173591","2021-09-09","","NRAIL","","","","","Down Slow","","SK 15399 09534"
"110173592","LEC2","115.0159","QS","","115.0159","1200","","MAP","","415400.2","309557.5","Huddelsford Grange Up Br.94","HSJ0","","","","","","","","","","","110173592","2021-09-09","","NRAIL","","","","","Up Slow","","SK 15400 09557"
"110173594","LEC2","115.0497","QS","","115.0497","1200","","MAP","","415082.0","309607.7","Huddlesfod Lane Br.97A","HSJ0","","","","","","","","","","","110173594","2025-09-15","","NRAIL","","","","","Up Slow","This Pedestrian Access is situated in the HS2 worksite. The worksite is to be treated as live and dangerous at all times, access should be limited to travelling to the access/egress point only, IE no crossing the construction site. The gates to the access points are locked with Number 17 key padlocks in a daisy chain arrangement with HS2 code-locks. These are to be re-applied as found. Issues with access should contact the HS2 control room on the number: 0121 824 3000.","SK 15082 09607"
"110173590","LEC2","115.0661","QS","","115.0661","2200","","MAP","","414930.7","309594.1","Potters Thatch","HSJ0","","","","","","","","","","","110173590","2025-09-15","","NRAIL","","","","","Down Slow","This Pedestrian Access is situated in the HS2 worksite. The worksite is to be treated as live and dangerous at all times, access should be limited to travelling to the access/egress point only, IE no crossing the construction site. The gates to the access points are locked with Number 17 key padlocks in a daisy chain arrangement with HS2 code-locks. These are to be re-applied as found. Issues with access should contact the HS2 control room on the number: 0121 824 3000.","SK 14930 09594"
"110173595","LEC2","115.126","QS","","115.126","1200","","MAP","","414388.5","309642.9","FulFren Farm Br.98 Up Slow","HSJ0","","","","","","","","","","","110173595","2021-09-09","","NRAIL","","","","","Up Slow","","SK 14388 09642"
"110173589","LEC2","115.1292","QS","","115.1292","2200","","MAP","","414357.4","309625.2","FulFren Farm Br.98 Down Slow","HSJ0","","","","","","","","","","","110173589","2025-09-15","","NRAIL","","","","","Down Slow","This Pedestrian Access is situated in the HS2 worksite. The worksite is to be treated as live and dangerous at all times, access should be limited to travelling to the access/egress point only, IE no crossing the construction site. The gates to the access points are locked with Number 17 key padlocks in a daisy chain arrangement with HS2 code-locks. These are to be re-applied as found. Issues with access should contact the HS2 control room on the number: 0121 824 3000.","SK 14357 09625"
"110173593","LEC2","116.0233","QS","","116.0233","2200","","MAP","","413750.1","309831.6","Burton Old road Br.100B","HSJ0","","","","","","","","","","","110173593","2021-09-09","","NRAIL","","","","","Down Slow","","SK 13750 09831"
"50395740","LEC2","116.0651","QS","","116.0651","2901","","MAP","","413444.8","310060.5","Lichfield Station Approach","HSJ0","","","","","","","","","","","50395740","2021-09-08","","NRAIL","","","","","","Nature of Access: Double gate No.17 padlock, off platform ends. Parking: excellent, in station car park.","SK 13444 10060"
"110147023","LEC2","116.0705","QS","","116.0705","1901","","MAP","","413427.2","310112.7","Lichfield TSC / Maff Deport Reilys gate","HSJ0","","","","","","","","","","","110147023","2021-09-08","","NRAIL","","","","","","Address:Burton Rd:WS13 6HE Details: Burton Rd<A5127>, Near Trent Valley Station OS GRID REF SK 135 100","SK 13427 10112"
"110141664","LEC2","116.1135","QS","","116.1135","2200","","MAP","","413137.1","310379.5","Vulcan Road","HSJ0","","","","","","","","","","","110141664","2021-09-08","","NRAIL","","","","","Down Slow","Single Gate, No 17 Padlock, descending steps to railway. Parking poor on Vulcan Road","SK 13137 10379"
"110142590","LEC2","117.0104","QS","","117.0104","2200","","MAP","","412679.3","310869.9","Netherstowe Lane Overbridge BR.103A Down","HSJ0","","","","","","","","","","","110142590","2021-09-08","","NRAIL","","","","","Down Slow","Down TV Slow Single Gate, No. 17 Padlock, descending steps to railway. Parking poor on Netherstowe Lane.","SK 12679 10869"
"110141415","LEC2","117.0188","QS","","117.0188","1200","","MAP","","412651.0","310942.1","Netherstowe Lane Up Side","HSJ0","","","","","","","","","","","110141415","2021-09-08","","NRAIL","","","","","Up Slow","Single Gate, No. 17 Padlock, descending steps to railway.~ Parking poor on Netherstowe Lane.","SK 12651 10942"
"110173585","LEC2","117.0278","QS","","117.0278","2200","","MAP","","412589.4","310999.1","Chadwell Heights Footbridge","HSJ0","","","","","","","","","","","110173585","2021-09-09","","NRAIL","","","","","Down Slow","","SK 12589 10999"
"50143711","LEC2","117.1276","QS","","117.1276","1200","","MAP","","412124.0","311786.4","Watery Lane Br.105","HSJ0","","","","","","","","","","","50143711","2024-10-14","","NRAIL","","","","","Up Slow","Down TV Slow Single Gate, No. 17 Padlock, ascending steps to railway. Parking poor, in layby 20 yrds away from AP. Reached via retained TV4 haul road North off Watery Lane. Padlock code is 1957.","SK 12124 11786"
"110173582","LEC2","118.1453","QS","","118.1453","1200","","MAP","","411167.5","313283.3","Elmhurst PSP South","HSJ0","","","","","","","","","","","110173582","2021-09-09","","NRAIL","","","","","Up Slow","","SK 11167 13283"
"110173639","LEC2","118.1663","QS","","118.1663","1200","","MAP","","411044.1","313430.7","Wood End Lane","HSJ0","","","","","","","","","","","110173639","2021-09-09","","NRAIL","","","","","Up Slow","","SK 11044 13430"
"50143713","LEC2","119.1152","QS","","119.1152","1200","","MAP","","410321.4","314316.7","Shaw Lane Up Side South","HSJ0","","","","","","","","","","","50143713","2021-09-08","","NRAIL","","","","","Up Slow","Up TV Slow","SK 10321 14316"
"110173581","LEC2","119.1465","QS","","119.1465","1200","","MAP","","410140.3","314539.0","Shaw Lane Up Side North","HSJ0","","","","","","","","","","","110173581","2021-09-09","","NRAIL","","","","","Up Slow","","SK 10140 14539"
"110142604","LEC2","120.1401","QS","","120.1401","1200","","MAP","","409136.1","315725.5","Alendale Ave Br.111","HSJ0","","","","","","","","","","","110142604","2021-09-08","","NRAIL","","","","","Up Slow","Up TV Slow Single Gate, No. 17 Padlock, descending steps to railway. Parking good, at end of Alandale Avenue.","SK 09136 15725"
"110173646","LEC2","121.0547","QS","","121.0547","1200","","MAP","","408466.2","316212.7","Old Road Br.113","HSJ0","","","","","","","","","","","110173646","2021-09-09","","NRAIL","","","","","Up Slow","","SK 08466 16212"
"50143688","LEC2","122.1562","QS","","122.1562","1200","","MAP","","406544.1","317814.2","Cawarden Springs Farm","HSJ0","","","","","","","","","","","50143688","2025-04-14","","NRAIL","","","","","Up Slow","*ACCESS POINT IS CLOSED*

The parking area and access is for vehicles being cars, motor cycles, and light commercial vehicles not > 7.5 tonnes and there to be no more than 7 vehicles at any time parked or using the area. OS Grid Reference: Easting 406572 Northing 317785","SK 06544 17814"
"110174052","LEC2","124.0044","QS","","124.0044","2200","","MAP","","404838.6","319100.1","Rugeley Town","HSJ0","","","","","","","","","PED","","110174052","2021-09-21","","NRAIL","","","","","Down Slow","Access and egress available off all four platform ends ~
No access during the day unless there is emergency protection~
inspection and carrying light hand tools only",""
"50143690","LEC2","125.07","QS","","125.07","1200","","MAP","","403601.3","320473.2","Bellamour Lane U/Br.127","HSJ0","","","","","","","","","","","50143690","2021-09-08","","NRAIL","","","","","Up Slow"," ","SK 03601 20473"
"50143691","LEC2","126.0699","QS","","126.0699","1200","","MAP","","402204.8","321247.4","Bishton Lane Br.129","HSJ0","","","","","","","","","","","50143691","2021-09-08","","NRAIL","","","","","Up Slow"," ","SK 02204 21247"
"110147028","LEC2","127.0284","QS","","127.0284","0","","MAP","","568232.0","584922.7","Colwich TSC 25KV SUBSTATION","HSJ0","","","","","","","","","","","110147028","2022-05-12","","NRAIL","","","","","All/Multiple Tracks","Address:Main Rd:ST17 0XD Details: Off A51, Main Rd, Left after Cross Heads<Right> OS GRID REF SJ 007 212",""
"50143694","LEC2","127.0949","QS","","127.0949","2100","","MAP","","400390.1","321067.9","Meadow Lane Br.137","HSJ0","","","","","","","","","","","50143694","2021-09-08","","NRAIL","","","","","Down Main/Fast"," ","SK 00390 21067"
"40638001","LEC2","128.022","QS","","128.022","1100","","MAP","","399482.0","321272.0","ORNAMENTAL BRIDGE, SHUGBOROUGH ARK U/BR 139","HSJ0","","","","","","","","","","","40638001","2011-03-24","","GTRM","","","","","Up Main/Fast","",""
"50143696","LEC2","128.0791","QS","","128.0791","1100","","MAP","","399033.2","321530.0","Trout Stream Br.141","HSJ0","","","","","","","","","","","50143696","2022-10-07","","NRAIL","","","","","Up Main/Fast","07/10/2022 - There will be mitigations in place to use the access fully.","SJ 99033 21529"
"50143698","LEC2","130.0028","QS","","130.0028","2200","","MAP","","396580.0","321358.6","Levetts Farm U/Br.143","HSJ0","","","","","","","","","","","50143698","2021-09-08","","NRAIL","","","","","Down Slow"," ","SJ 96580 21358"
"50461221","LEC2","131.08","QS","","131.08","1100","","MAP","","394591.5","322530.8","Baswich lane Br.150A","HSJ0","","","","","","","","","","","50461221","2021-09-08","","NRAIL","","","","","Up Main/Fast"," ","SJ 94591 22530"
"50416145","LEC2","97.0022","QS","","97.0022","2200","","MAPE","","436534.8","292118.0","Nuneaton Plat 2 HighEnd","HSJ0","","","","","","","","","","","50416145","2023-05-31","","NRAIL","","","","","Down Slow","Nature of Access: Off platform ends. Parking: good, in station car park. Down TV Slow","SP 36534 92118"
"110175035","LEC2","97.0023","QS","","97.0023","3201","","MAPE","","436527.2","292111.0","Nuneaton Plat 1 HighEnd","HSJ0","","","","","","","","","","","110175035","2021-12-09","","NRAIL","","","","","","","SP 36527 92110"
"110175034","LEC2","97.0024","QS","","97.0024","1200","","MAPE","","436545.7","292130.4","Nuneaton Plat 4 HighEnd","HSJ0","","","","","","","","","","","110175034","2021-12-09","","NRAIL","","","","","Up Slow","","SP 36545 92130"
"110175031","LEC2","97.0407","QS","","97.0407","2200","","MAPE","","436289.7","292369.0","Nuneaton Plat 2 LowEnd","HSJ0","","","","","","","","","","","110175031","2021-12-09","","NRAIL","","","","","Down Slow","","SP 36289 92369"
"110175033","LEC2","97.0408","QS","","97.0408","1100","","MAPE","","436297.5","292378.0","Nuneaton Plat 4 LowEnd","HSJ0","","","","","","","","","","","110175033","2021-12-09","","NRAIL","","","","","Up Main/Fast","","SP 36297 92377"
"110175058","LEC2","102.0441","QS","","102.0441","2200","","MAPE","","430448.6","297892.0","Atherstone Plat 1 LowEnd","HSJ0","","","","","","","","","","","110175058","2021-12-09","","NRAIL","","","","","Down Slow","","SP 30448 97892"
"110175044","LEC2","102.0597","QS","","102.0597","2200","","MAPE","","430388.9","298017.3","Atherstone Plat 1 HighEnd","HSJ0","","","","","","","","","","","110175044","2021-12-09","","NRAIL","","","","","Down Slow","","SP 30388 98017"
"50416152","LEC2","106.0814","QS","","106.0814","2200","","MAPE","","426447.4","303189.0","Polesworth LowEnd","HSJ0","","","","","","","","","","","50416152","2023-05-31","","NRAIL","","","","","Down Slow","Nature of Access: Off platform ends. Use station footbridge to access upside. Parking: fair, in station car park.","SK 26447 03189"
"110175059","LEC2","106.0944","QS","","106.0944","2200","","MAPE","","426378.3","303283.1","Polesworth HighEnd","HSJ0","","","","","","","","","","","110175059","2021-12-09","","NRAIL","","","","","Down Slow","","SK 26378 03283"
"50416154","LEC2","109.1612","QS","","109.1612","0","","MAPE","","421423.7","304455.0","Tamworth LL Plat 2 LowEnd","HSJ0","","","","","","","","","","","50416154","2023-05-31","","NRAIL","","","","","All/Multiple Tracks","Nature of Access: off platform ends. Parking: good, in station car park.","SK 21423 04455"
"110175060","LEC2","109.1697","QS","","109.1697","1200","","MAPE","","421347.6","304474.0","Tamworth LL Plat 1 LowEnd","HSJ0","","","","","","","","","","","110175060","2021-12-09","","NRAIL","","","","","Up Slow","","SK 21347 04474"
"110175047","LEC2","110.0058","QS","","110.0058","2200","","MAPE","","421238.4","304454.3","Tamworth LL Plat2 HighEnd","HSJ0","","","","","","","","","","","110175047","2021-12-09","","NRAIL","","","","","Down Slow","","SK 21238 04454"
"110175061","LEC2","110.0293","QS","","110.0293","1200","","MAPE","","421020.9","304485.3","Tamworth LL Plat 1 HighEnd","HSJ0","","","","","","","","","","","110175061","2021-12-09","","NRAIL","","","","","Up Slow","","SK 21020 04485"
"110175062","LEC2","116.0234","QS","","116.0234","1200","","MAPE","","413758.5","309847.2","Lichfield TV LL Plat 2 LowEnd","HSJ0","","","","","","","","","","","110175062","2021-12-09","","NRAIL","","","","","Up Slow","","SK 13758 09847"
"50416159","LEC2","116.0322","QS","","116.0322","2200","","MAPE","","413679.8","309873.8","Lichfield TV LL Plat 1 LowEnd","HSJ0","","","","","","","","","","","50416159","2023-05-31","","NP","","","","","Down Slow","Nature of Access: off platform ends. Parking: excellent, in station car park.","SK 13679 09873"
"110175042","LEC2","124.0356","QS","","124.0356","2200","","MAPE","","404882.3","319035.9","Rugeley Trent Valley Plat 2 LowEnd","HSJ0","","","","","","","","","","","110175042","2021-12-09","","NRAIL","","","","","Down Slow","","SK 04882 19035"
"110175043","LEC2","124.0392","QS","","124.0392","1200","","MAPE","","404876.9","319073.0","Rugeley Trent Valley Plat 3 LowEnd","HSJ0","","","","","","","","","","","110175043","2021-12-09","","NRAIL","","","","","Up Slow","","SK 04876 19073"
"110163246","LEC2","85.0976","QS","","85.0976","1200","","MAR","","447049.2","278032.5","Bridge 8 RRV Up Slow","HSJ8","","","","","","","","","","","110163246","2021-09-17","","NRAIL","","","","","Up Slow"," ","SP 47049 78032"
"110174001","LEC2","85.0977","QS","","85.0977","1100","","MAR","","447046.2","278030.3","Bridge 8 RRV Up Fast","HSJ8","","","","","","","","","","","110174001","2021-10-05","","NRAIL","","","","","Up Main/Fast","","SP 47046 78030"
"110174002","LEC2","85.0977","QS","","85.0977","2100","","MAR","","447040.8","278025.5","Bridge 8 RRV Down Slow","HSJ8","","","","","","","","","","","110174002","2021-10-05","","NRAIL","","","","","Down Main/Fast","","SP 47040 78025"
"110174004","LEC2","85.0977","QS","","85.0977","2200","","MAR","","447043.7","278028.3","Bridge 8 RRV Down Fast","HSJ8","","","","","","","","","","","110174004","2021-10-05","","NRAIL","","","","","Down Slow","","SP 47043 78028"
"110174000","LEC2","86.0852","QS","","86.0852","2200","","MAR","","446032.8","279115.2","Easenhall RRV Down Slow","HSJ8","","","","","","","","","","","110174000","2021-10-05","","NRAIL","","","","","Down Slow","","SP 46032 79115"
"50501157","LEC2","86.0853","QS","","86.0853","2100","","MAR","","446028.6","279112.4","Easenhall RRV Down fast","HSJ8","","","","","","","","","","","50501157","2021-09-17","","NRAIL","","","","","Down Main/Fast"," ","SP 46028 79112"
"50143753","LEC2","87.1635","QS","","87.1635","2100","","MAR","","444257.0","280614.9","Brinklow Old Stn & TSC Br.14 RRV Down main","HSJ8","","","","","","","","","","","50143753","2021-09-17","","NRAIL","","","","","Down Main/Fast","AAP:GTRM191<VE> RPA-BRINKLOW","SP 44257 80614"
"110174057","LEC2","87.1635","QS","","87.1635","1200","","MAR","","444260.8","280623.0","Brinklow Old Stn & TSC Br.14 RRV Up Slow","HSJ8","","","","","","","","","","","110174057","2021-09-22","","NRAIL","","","","","Up Slow","AAP:GTRM191<VE> RPA-BRINKLOW","SP 44260 80623"
"110170959","LEC2","90.0067","QS","","90.0087","0","","MAR","","609704.3","581135.5","HOPSFORD RRAP 1100 & 1200","HSJ8","","","","","","","","","","","110170959","2022-03-29","","NRAIL","","","","","All/Multiple Tracks","Installation of a road-rail access point <RRAP> on the Up Trent Valley Slow and Up Trent Valley Fast between 21/11/2020 and 07/03/2021.",""
"50143757","LEC2","91.0524","QS","","91.0524","1200","","MAR","","440409.4","284245.3","Shilton Yard RRV Up Slow","HSJ0","","","","","","","","","","","50143757","2021-09-08","","NRAIL","","","","","Up Slow","Route to Access: In Yard, Up Side. Double gate No.17 padlock direct to track. Parking: Good. Road Access: Under canal bridge. Park in compound or drive up to track side. Keep access route to Duggan Transport yard clear. If problem with Duggan Tran Up TV Slow","SP 40409 84245"
"110173637","LEC2","91.0525","QS","","91.0525","2100","","MAR","","440401.0","284237.9","Shilton Yard RRV Down Main","HSJ0","","","","","","","","","","","110173637","2021-09-09","","NRAIL","","","","","Down Main/Fast","","SP 40400 84237"
"110173638","LEC2","91.0525","QS","","91.0525","1100","","MAR","","440402.9","284240.1","Shilton Yard RRV Up Fast","HSJ0","","","","","","","","","","","110173638","2021-09-09","","NRAIL","","","","","Up Main/Fast","","SP 40402 84240"
"50143730","LEC2","93.0829","QS","","93.0829","1200","","MAR","","438083.9","286819.1","Bedworth Road <B4029> Br.30","HSJ0","","","","","","","","","","","50143730","2021-09-08","","NRAIL","","","","","Up Slow","Nature of access: Double gate No.17 padlock direct to track. Vehicle Parking: Excellent, inside first AP gate. Up TV Slow","SP 38083 86819"
"110173624","LEC2","95.003","QS","","95.003","1100","","MAR","","437840.5","289251.7","Gipsy Ln Attleborugh Sth Jct RRV Up Fast","HSJ0","","","","","","","","","","","110173624","2021-09-09","","NRAIL","","","","","Up Main/Fast","","SP 37840 89251"
"110173625","LEC2","95.003","QS","","95.003","2100","","MAR","","437837.0","289251.3","Gipsy Ln Attleborugh Sth Jct RRV Down","HSJ0","","","","","","","","","","","110173625","2021-09-09","","NRAIL","","","","","Down Main/Fast","","SP 37836 89251"
"110153282","LEC2","97.0293","QS","","97.0293","2903","","MAR","","436344.0","292277.4","Asda Sidings RRV","HSJ0","","","","","","","","","","","110153282","2021-09-08","","NRAIL","","","","","","The prohibition on the use of the access walking between Nuneaton depot and Nuneaton station via Asda siding as been lifted following tidy railway work.","SP 36343 92277"
"50143740","LEC2","99.0858","QS","","99.0858","2200","","MAR","","433745.8","294975.8","Hartshill sidings RRV Down Slow","HSJ0","","","","","","","","","","","50143740","2021-09-08","","NRAIL","","","","","Down Slow","UNAUTHORISED AP. Nature of Access: Double gate direct to track. Parking: Excellent, inside AP gate. Down TV Slow","SP 33745 94975"
"50143717","LEC2","101.0015","QS","","101.0015","1200","","MAR","","431817.6","296436.8","LILS Cottage Quarry Lane Br.55A","HSJ0","","","","","","","","","","","50143717","2021-09-08","","NRAIL","","","","","Up Slow","Nature of Access: Double gate No.17 padlock, direct to track. Parking: Good, adj to AP. Please ensure gate adjacent to Quarry Line is locked at all times. High risk to fly tipping. Up TV Slow","SP 31817 96436"
"50143719","LEC2","103.0111","QS","","103.0111","1100","","MAR","","429503.9","298747.3","Badesley Sidings RRV Up Fast","HSJ0","","","","","","","","","","","50143719","2021-09-08","","NRAIL","","","","","Up Main/Fast","Nature of Access: Double gate No.17 padlock, direct to track. AP gate to be locked at all times due to fly tipping and T&V. Parking: excellent, inside AP gate. Down TV Slow","SP 29503 98747"
"110173931","LEC2","103.0111","QS","","103.0111","2100","","MAR","","429500.9","298743.3","Badesley Sidings RRV Down Fast","HSJ0","","","","","","","","","","","110173931","2021-09-16","","NRAIL","","","","","Down Main/Fast","","SP 29500 98743"
"110173932","LEC2","103.0111","QS","","103.0111","2200","","MAR","","429499.2","298740.9","Badesley Sidings RRV Down Slow","HSJ0","","","","","","","","","","","110173932","2021-09-16","","NRAIL","","","","","Down Slow","","SP 29499 98740"
"110173933","LEC2","103.0111","QS","","103.0111","1200","","MAR","","429505.9","298750.3","Badesley Sidings RRV Up Slow","HSJ0","","","","","","","","","","","110173933","2021-09-16","","NRAIL","","","","","Up Slow","","SP 29505 98750"
"50461257","LEC2","107.0984","QS","","107.0984","1200","","MAR","","425138.1","304380.5","Alvecote RRV Robeys Lane Br.74","HSJ0","","","","","","","","","","","50461257","2021-09-08","","NRAIL","","","","","Up Slow","Nature of Access: Double gate No.17 padlock, direct to track. Public footpath runs along dirt track parallel to up line. Parking: good, inside AP gate.","SK 25138 04380"
"110173619","LEC2","109.0721","QS","","109.0721","2100","","MAR","","422230.2","304537.1","Ammington Yard RRV Down Fast","HSJ0","","","","","","","","","","","110173619","2021-09-09","","NRAIL","","","","","Down Main/Fast","","SK 22230 04537"
"110173620","LEC2","109.0721","QS","","109.0721","2200","","MAR","","422230.3","304534.1","Ammington Yard RRV Down Slow","HSJ0","","","","","","","","","","","110173620","2021-09-09","","NRAIL","","","","","Down Slow","","SK 22230 04534"
"110173612","LEC2","109.0723","QS","","109.0723","1200","","MAR","","422227.0","304545.5","Ammington Yard RRV Up Slow","HSJ0","","","","","","","","","","","110173612","2021-09-09","","NRAIL","","","","","Up Slow","","SK 22226 04545"
"110173618","LEC2","109.0723","QS","","109.0723","1100","","MAR","","422227.5","304541.4","Ammington Yard RRV Up Fast","HSJ0","","","","","","","","","","","110173618","2021-09-09","","NRAIL","","","","","Up Main/Fast","","SK 22227 04541"
"110173642","LEC2","111.1017","QS","","111.1017","1200","","MAR","","419105.3","305517.6","Coton Crossing RRV Up Slow","HSJ0","","","","","","","","","","","110173642","2021-09-09","","NRAIL","","","","","Up Slow","","SK 19105 05517"
"110173643","LEC2","111.1017","QS","","111.1017","1100","","MAR","","419101.1","305515.3","Coton Crossing RRV Up Fast","HSJ0","","","","","","","","","","","110173643","2021-09-09","","NRAIL","","","","","Up Main/Fast","","SK 19101 05515"
"110173614","LEC2","111.1018","QS","","111.1018","2200","","MAR","","419091.4","305510.6","Coton Crossing RRV DOWN Slow","HSJ0","","","","","","","","","","","110173614","2021-09-09","","NRAIL","","","","","Down Slow","","SK 19091 05510"
"110173641","LEC2","111.1018","QS","","111.1018","2100","","MAR","","419095.9","305512.6","Coton Crossing RRV Down Fast","HSJ0","","","","","","","","","","","110173641","2021-09-09","","NRAIL","","","","","Down Main/Fast","","SK 19095 05512"
"110173603","LEC2","113.0821","QS","","113.0821","1100","","MAR","","417546.9","308098.7","Hademore Old Level Xing Up Fast","HSJ0","","","","","","","","","","","110173603","2021-09-09","","NRAIL","","","","","Up Main/Fast","","SK 17546 08098"
"110163787","LEC2","113.0822","QS","","113.0822","1200","","MAR","","417549.7","308102.4","Hademore Old Level Xing Up slow","HSJ0","","","","","","","","","","","110163787","2021-09-08","","NRAIL","","","","","Up Slow","Parking area for vehicles.","SK 17549 08102"
"110173587","LEC2","116.0998","QS","","116.0998","1903","","MAR","","413247.5","310311.3","Lichfield Siding MaffDepot","HSJ0","","","","","","","","","","","110173587","2021-09-09","","NRAIL","","","","","","","SK 13247 10311"
"110173586","LEC2","116.1143","QS","","116.1143","1200","","MAR","","413142.9","310394.4","MaffDepot Northend","HSJ0","","","","","","","","","","","110173586","2021-09-09","","NRAIL","","","","","Up Slow","","SK 13142 10394"
"110173580","LEC2","119.1135","QS","","119.1135","2200","","MAR","","410317.4","314294.1","Shaw Lane RRV Down Slow","HSJ0","","","","","","","","","","","110173580","2021-09-09","","NRAIL","","","","","Down Slow","","SK 10317 14294"
"110173644","LEC2","119.1135","QS","","119.1135","2100","","MAR","","410320.1","314296.0","Shaw Lane RRV Down Fast","HSJ0","","","","","","","","","","","110173644","2021-09-09","","NRAIL","","","","","Down Main/Fast","","SK 10320 14296"
"110173911","LEC2","121.0479","QS","","121.0479","2200","","MAR","","408512.5","316168.5","Armitage Yard RRV Down Slow","HSJ0","","","","","","","","","","","110173911","2021-09-16","","NRAIL","","","","","Down Slow","","SK 08512 16168"
"50143687","LEC2","121.0479","QS","","121.0479","2100","","MAR","","408514.2","316171.5","Armitage Yard RRV Down Fast","HSJ0","","","","","","","","","","","50143687","2021-09-08","","NRAIL","","","","","Down Main/Fast","Down TV Slow","SK 08514 16171"
"110173578","LEC2","121.0481","QS","","121.0481","1200","","MAR","","408517.0","316180.9","Armitage Yard RRV Up Slow","HSJ0","","","","","","","","","","","110173578","2021-09-09","","NRAIL","","","","","Up Slow","","SK 08516 16180"
"110173579","LEC2","121.0481","QS","","121.0481","1100","","MAR","","408515.4","316178.0","Armitage Yard RRV Up Fast","HSJ0","","","","","","","","","","","110173579","2021-09-09","","NRAIL","","","","","Up Main/Fast","","SK 08515 16178"
"110173577","LEC2","124.1076","QS","","124.1076","1200","","MAR","","404459.4","319539.1","Rugeley Yard RRV","HSJ0","","","","","","","","","","","110173577","2021-09-09","","NRAIL","","","","","Up Slow","","SK 04459 19539"
"50461262","LEC2","126.0335","QS","","126.0335","2100","","MAR","","402522.4","321142.1","Bishton Lane Down Fast","HSJ0","","","","","","","","","","","50461262","2021-09-08","","NRAIL","","","","","Down Main/Fast"," ","SK 02522 21142"
"110173934","LEC2","126.0335","QS","","126.0335","2200","","MAR","","402521.3","321139.0","Bishton Lane Down Slow","HSJ0","","","","","","","","","","","110173934","2021-09-16","","NRAIL","","","","","Down Slow","","SK 02521 21139"
"110173935","LEC2","126.0335","QS","","126.0335","1100","","MAR","","402524.4","321147.9","Bishton Lane Up Fast","HSJ0","","","","","","","","","","","110173935","2021-09-16","","NRAIL","","","","","Up Main/Fast","","SK 02524 21147"
"110173936","LEC2","126.0335","QS","","126.0335","1200","","MAR","","402525.4","321151.3","Bishton Lane Up Slow","HSJ0","","","","","","","","","","","110173936","2021-09-16","","NRAIL","","","","","Up Slow","","SK 02525 21151"
"110173575","LEC2","129.0628","QS","","129.0628","1100","","MAR","","397607.9","321438.9","Milford Yard Down","HSJ0","","","","","","","","","","","110173575","2021-09-09","","NRAIL","","","","","Up Main/Fast","","SJ 97607 21438"
"110173576","LEC2","129.0629","QS","","129.0629","2100","","MAR","","397609.1","321435.8","Milford Yard Up","HSJ0","","","","","","","","","","","110173576","2021-09-09","","NRAIL","","","","","Down Main/Fast","","SJ 97609 21435"
"50461199","LEC2","83.1443","QS","","83.1443","2100","","MAV","","449127.4","276184.4","Parkfield Road & Feeder Staion Br.02","HSJ8","","","","","","","","","","","50461199","2021-09-17","","NRAIL","","","","","Down Main/Fast","Nature of Access: double gate, No.7 padlock, direct to track. Parking: excellent, inside AP gate.","SP 49127 76184"
"50143755","LEC2","88.1536","QS","","88.1536","2100","","MAV","","442894.8","281292.4","Coombe Fields Farm Br.17","HSJ8","","","","","","","","","","","50143755","2021-09-17","","NRAIL","","","","","Down Main/Fast"," ","SP 42894 81292"
"110141403","LEC2","95.0194","QS","","95.0194","2100","","MAV","","437819.0","289399.6","Gipsy Lane Attleborugh South Jct","HSJ0","","","","","","","","","","","110141403","2021-09-08","","NRAIL","","","","","Down Main/Fast","Vehicular and Pedestrian access from south side of Gipsy Lane <B4029> to S&C layout area and Power Supply Point. Car/truck parking and RRV facility. Pedestrian access from north side of Gipsy Lane <B4029> to REC Power Supply point and locs serving Attleborough South Junction Pts 262. See Safe Walking Route, Car parking available at PSP site on other side of road. No 17 Key. Down TV Fast","SP 37818 89399"
"50461201","LEC2","95.1067","QS","","95.1067","1200","","MAV","","437679.1","290184.2","Quarry Lane off Lutterworth Road","HSJ0","","","","","","","","","","","50461201","2021-09-08","","NRAIL","","","","","Up Slow","Nature of Access: single gate, No.17 padlock, direct to track. Do not block access to residential properties. AP gate to be locked at all times. Attleborough relay room adj to AP. High T&V area. Parking: poor, 1 vehicle at end of Quarry Lane. Up TV Slow","SP 37679 90184"
"50416146","LEC2","97.01","QS","","97.01","2902","","MAV","","436495.0","292172.0","Nuneaton Station - North","HSJ0","","","","","","","","","","","50416146","2011-03-24","","GTRM","","","","","","Nature of Access: Double gate No.17 padlock, direct to track. Parking: good, inside AP gate.",""
"50143737","LEC2","97.0946","QS","","97.0946","2200","","MAV","","435943.8","292718.5","Ashby Junction South <LEC2>","HSJ0","","","","","","","","","","","50143737","2021-09-08","","NRAIL","","","","","Down Slow","Nature of Access: double gate No.17 padlock, direct to track. AP off Stoney Lane before reaching Br. No.48. Parking: good, inside AP gate. Down TV Slow","SP 35943 92718"
"110173640","LEC2","97.1158","QS","","97.1158","2200","","MAV","","435807.3","292857.2","Ashby Junction <LEC2>","HSJ0","","","","","","","","","","","110173640","2021-09-09","","NRAIL","","","","","Down Slow","","SP 35807 92857"
"50143738","LEC2","98.0221","QS","","98.0221","1200","","MAV","","435291.7","293406.5","Canal Farm Up","HSJ0","","","","","","","","","","","50143738","2021-09-08","","NRAIL","","","","","Up Slow","Nature of Access: Access gained through quarry off Tuttle Hill <B4114> single gate No.17 padlock, direct to track. Parking: Fair, at top of Farm lane adj to Br. No.49A Up TV Slow","SP 35291 93406"
"50461205","LEC2","100.0225","QS","","100.0225","2200","","MAV","","432921.6","295574.2","Hartshill Road","HSJ0","","","","","","","","","","","50461205","2021-09-08","","NRAIL","","","","","Down Slow","Nature of Access: double gate No.17 padlock, direct to track. Access gained off farm track off Hartshill Road. Parking: excellent, adj to AP gate. Down TV Slow","SP 32921 95574"
"110173621","LEC2","102.0203","QS","","102.0203","2200","","MAV","","430562.8","297698.7","Minions Close South","HSJ0","","","","","","","","","","","110173621","2021-09-09","","NRAIL","","","","","Down Slow","","SP 30562 97698"
"50461256","LEC2","102.0363","QS","","102.0363","2200","","MAV","","430480.9","297826.5","Minions Close North","HSJ0","","","","","","","","","","","50461256","2021-09-08","","NRAIL","","","","","Down Slow","Nature of Access: Diouble gate No.17 padlock, direct to track. Access gained through residential estate. Parking: excellent, inside AP gate. Do not park on Minions Close. Down TV Slow","SP 30480 97826"
"50416153","LEC2","106.076","QS","","106.076","2200","","MAV","","426475.3","303150.3","Polesworth Station Yard","HSJ0","","","","","","","","","","","50416153","2021-09-08","","NRAIL","","","","","Down Slow","Nature of Access: Double gate No.17 padlock, direct to track. Do not block route between AP gate and ramp. Parking: good, station car park or inside AP gate.","SK 26475 03150"
"50395722","LEC2","110.0313","QS","","110.0313","2200","","MAV","","421001.1","304466.9","Tamworth Station Carpark","HSJ0","","","","","","","","","","","50395722","2021-09-08","","NRAIL","","","","","Down Slow","Nature of Access: double gate No.17 padlock, direct to tarck. Parking: excellent, inside AP gate or on station car-park. Four tracking proposal in TWA order 2.","SK 21001 04466"
"110173599","LEC2","113.1527","QS","","113.1527","1200","","MAV","","417051.3","308500.4","Hademore North","HSJ0","","","","","","","","","","","110173599","2021-09-09","","NRAIL","","","","","Up Slow","","SK 17051 08500"
"50143705","LEC2","114.0248","QS","","114.0248","2200","","MAV","","416689.6","308755.5","Dyott Ave","HSJ0","","","","","","","","","","","50143705","2021-09-08","","NRAIL","","","","","Down Slow","Nature of Access: Double gate No.17 padlock, direct to track. Parking: poor, adj to AP gate. Four tracking proposal in TWA order 2. Old site of accommodation level crossing.","SK 16689 08755"
"50461260","LEC2","114.06","QS","","114.06","2100","","MAV","","416438.0","308964.0","Norrington Lane","HSJ0","","","","","","","","","","","50461260","2011-03-24","","GTRM","","","","","Down Main/Fast","Nature of Access: Double gate, direct to track. Parking: poor, adj to AP gate. Four tracking proposal in TWA order 2. Site of old level crossing. AP has not been used recently, wegetation clearance required.",""
"110173588","LEC2","116.0739","QS","","116.0739","1901","","MAV","","413407.1","310135.8","Rileys Gate MaffDepot","HSJ0","","","","","","","","","","","110173588","2021-09-09","","NRAIL","","","","","","","SK 13407 10135"
"110173584","LEC2","117.1757","QS","","117.1757","1200","","MAV","","411894.0","312161.9","Curborough","HSJ0","","","","","","","","","","","110173584","2021-09-09","","NRAIL","","","","","Up Slow","","SK 11894 12161"
"110173583","LEC2","118.1441","QS","","118.1441","2200","","MAV","","411154.3","313259.1","Elmhurst Old Crossing","HSJ0","","","","","","","","","","","110173583","2021-09-09","","NRAIL","","","","","Down Slow","","SK 11154 13259"
"50461220","LEC2","118.1519","QS","","118.1519","1200","","MAV","","411128.4","313329.1","Elmhurst PSP Veh","HSJ0","","","","","","","","","","","50461220","2021-09-08","","NRAIL","","","","","Up Slow","Up TV Slow Double Gate, No.17 Padlock, direct to track. Parking good. Reached via retained TV4 haul road from Fog Lane.","SK 11128 13329"
"110173650","LEC2","119.0785","QS","","119.0785","1200","","MAV","","410534.5","314057.8","Shaw Lane veh South","HSJ0","","","","","","","","","","","110173650","2021-09-09","","NRAIL","","","","","Up Slow","","SK 10534 14057"
"110173647","LEC2","120.1742","QS","","120.1742","1200","","MAV","","408898.5","315929.4","Handsacre - Station Drive","HSJ0","","","","","","","","","","","110173647","2021-09-09","","NRAIL","","","","","Up Slow","","SK 08898 15929"
"110145165","LEC2","122.022","QS","","122.022","2200","","MAV","","574779.9","584500.4","Brereton","HSJ0","","","","","","","","","","","110145165","2025-04-14","","NRAIL","","","","","Down Slow","Vehicular access to Brereton ATFS only. Acess is via main entrance to Rugeley power station. Authorised pedestrian access only to the down slow across field via access steps. VEHICULAR ACCESS TO FIELD NOT PERMITTED.",""
"110147032","LEC2","123.1654","QS","","123.1654","0","","MAV","","572487.0","584675.2","Rugeley TSC 25KV SUBSTATION","HSJ0","","","","","","","","","","","110147032","2022-05-12","","NRAIL","","","","","All/Multiple Tracks","Address:Colton Rd:WS15 3HA Details: Colton Rd, Access at Rugley TV Station OS GRID REF SK 052 186",""
"50416228","LEC2","124.0633","QS","","124.0633","1901","","MAV","","404742.6","319248.8","Rugeley Station Yard","HSJ0","","","","","","","","","","","50416228","2021-09-08","","NRAIL","","","","",""," ","SK 04742 19248"
"110149567","LEC2","124.1012","QS","","124.1012","1200","","MAV","","404501.9","319498.4","Rugeley Yard","HSJ0","","","","","","","","","","","110149567","2021-09-08","","NRAIL","","","","","Up Slow","Eastings 1.56772249W   Northings 52.462327969N","SK 04501 19498"
"110151139","LEC2","125.0862","QS","","125.0862","2200","","MAV","","403482.5","320564.1","Bellamour Lane","HSJ0","","","","","","","","","","","110151139","2021-09-08","","NRAIL","","","","","Down Slow","Access yard, roadside, with a flight of steps up to track level.  First line of approach is the down TV slow","SK 03482 20564"
"50143692","LEC2","127.013","QS","","127.013","2200","","MAV","","401120.0","321240.8","Colwich Old Yard","HSJ0","","","","","","","","","","","50143692","2021-09-08","","NRAIL","","","","","Down Slow"," ","SK 01119 21240"
"50143697","LEC2","129.0894","QS","","129.0894","2200","","MAV","","397378.6","321340.8","Milford Yard Veh","HSJ0","","","","","","","","","","","50143697","2023-03-14","","NRAIL","","","","","Down Slow","Open with the need to be cautioned about the smooth Newts in the area. There are currenty no endangered great crested Newts.. If endangers Newts are found, inform control and fill in a tool box talk card and alert Pete Worrell. AVOID CONTACT WITH GREAT CRESTED NEWTS.","SJ 97378 21340"
"110147026","LEC2","129.0977","QS","","129.0977","2200","","MAV","","397306.5","321318.5","Milford & Brockton 25kv Substation","HSJ0","","","","","","","","","","","110147026","2021-09-08","","NRAIL","","","","","Down Slow","Address:Holdiford Rd:ST17 0UY Details: Off A513, Holdiford Rd, Right before bridge OS GRID REF SJ 976 214","SJ 97306 21318"
"50143699","LEC2","130.0948","QS","","130.0948","2200","","MAV","","395853.9","321789.3","Green Gore Lane","HSJ0","","","","","","","","","","","50143699","2021-09-08","","NRAIL","","","","","Down Slow"," ","SJ 95853 21789"
"110174065","LEC2","131.0154","QS","","131.0154","2200","","MAV","","395113.7","322264.4","Penzance Way","HSJ0","","","","","","","","","","","110174065","2021-09-22","","NRAIL","","","","","Down Slow"," ","SJ 95113 22264"
"50143700","LEC2","131.0303","QS","","131.0303","1100","","MAV","","395016.5","322365.1","Baswich SaltWorks","HSJ0","","","","","","","","","","","50143700","2021-09-08","","NRAIL","","","","","Up Main/Fast"," ","SJ 95016 22365"
"110173574","LEC2","131.1065","QS","","131.1065","1100","","MAV","","394347.5","322544.9","Baswich Caravan","HSJ0","","","","","","","","","","","110173574","2021-09-09","","NRAIL","","","","","Up Main/Fast","","SJ 94347 22544"
"110143696","LEC2","132.0539","QS","","132.0539","2200","","MAV","","393297.5","322124.0","Queensville O/Br.153A Down Slow","HSJ0","","","","","","","","","","","110143696","2021-09-08","","NRAIL","","","","","Down Slow","Authorised Access Point ? Vehicle Up Stafford Fast","SJ 93297 22124"
"50143674","LEC2","132.0542","QS","","132.0542","1100","","MAV","","393287.8","322140.8","Queensville OB. No.153A Up Fast","HSJ0","","","","","","","","","","","50143674","2021-09-08","","NRAIL","","","","","Up Main/Fast"," ","SJ 93287 22140"
"50143675","LEC2","132.1437","QS","","132.1437","1100","","MAV","","392551.7","322047.0","Crinoline Bridge FB 154 Project Mercury","HSJ0","","","","","","","","","","","50143675","2022-03-04","","CARIL","","","","","Up Main/Fast","","SJ 92551 22046"
"110142575","LEC2","132.1691","QS","","132.1691","1100","","MAV","","392344.6","322179.2","Shrewbury Road ? Queensville","HSJ0","","","","","","","","","","","110142575","2022-05-17","","NRAIL","","","","","Up Main/Fast","","SJ 92344 22179"
"110175068","LEC3","133.0756","QS","","133.0756","2500","","MAPE","","391909.7","322801.1","Stafford Plat 3/4 LowEnd","HSJ0","","","","","","","","","","","110175068","2021-12-09","","NRAIL","","","","","Down Loop","","SJ 91909 22801"
"110175069","LEC3","133.0759","QS","","133.0759","2200","","MAPE","","391899.3","322796.5","Stafford Plat 5/6 LowEnd","HSJ0","","","","","","","","","","","110175069","2021-12-09","","NRAIL","","","","","Down Slow","","SJ 91899 22796"
"110175045","LEC3","133.0899","QS","","133.0899","1500","","MAPE","","391844.3","322914.8","Stafford Plat 1 LowEnd","HSJ0","","","","","","","","","","","110175045","2021-12-09","","NRAIL","","","","","Up Loop","","SJ 91844 22914"
"110175067","LEC3","133.1116","QS","","133.1116","3200","","MAPE","","391696.3","323050.8","Stafford Plat 5/6 HighEnd","HSJ0","","","","","","","","","","","110175067","2021-12-09","","NRAIL","","","","","Rev Slow","","SJ 91696 23050"
"110175066","LEC3","133.1117","QS","","133.1117","2747","","MAPE","","391703.0","323056.9","Stafford Plat 3/4 HighEnd","HSJ0","","","","","","","","","","","110175066","2021-12-09","","NRAIL","","","","","","","SJ 91703 23056"
"110175065","LEC3","133.1126","QS","","133.1126","1500","","MAPE","","391710.4","323074.5","Stafford Plat 1 HighEnd","HSJ0","","","","","","","","","","","110175065","2021-12-09","","NRAIL","","","","","Up Loop","","SJ 91710 23074"
"110173565","LEC3","133.0313","QS","","133.0313","1200","","MAR","","392136.8","322468.9","Stafford Yard RRV Up Slow","HSJ0","","","","","","","","","","","110173565","2021-09-09","","NRAIL","","","","","Up Slow","","SJ 92136 22468"
"110173566","LEC3","133.0313","QS","","133.0313","2200","","MAR","","392132.8","322466.9","Stafford Yard RRV Down Slow","HSJ0","","","","","","","","","","","110173566","2021-09-09","","NRAIL","","","","","Down Slow","","SJ 92132 22466"
"110173567","LEC3","133.0315","QS","","133.0315","3300","","MAR","","392127.6","322465.6","Stafford Yard RRV <3300>","HSJ0","","","","","","","","","","","110173567","2021-09-09","","NRAIL","","","","","Rev Goods","","SJ 92127 22465"
"110173568","LEC3","133.0315","QS","","133.0315","2901","","MAR","","392120.4","322462.2","Stafford Yard RRV Down Siding 1","HSJ0","","","","","","","","","","","110173568","2021-09-09","","NRAIL","","","","","","","SJ 92120 22462"
"50143677","LEC3","133.0316","QS","","133.0316","2902","","MAR","","392116.9","322460.3","Stafford Yard RRAP Down Siding 2","HSJ0","","","","","","","","","","","50143677","2021-09-08","","NRAIL","","","","",""," ","SJ 92116 22460"
"110143697","LEC3","133.0352","QS","","133.0352","1100","","MAV","","392132.6","322506.7","Tesco","HSJ0","","","","","","","","","","","110143697","2022-03-04","","NRAIL","","","","","Up Main/Fast","Authorised Access Point ? Vehicle Up Fast","SJ 92132 22506"
"110174066","LEC3","133.0623","QS","","133.0623","2903","","MAV","","391965.8","322699.6","Stafford yard North Carpark","HSJ0","","","","","","","","","","","110174066","2021-09-22","","NRAIL","","","","","","","SJ 91965 22699"
"110143698","LEC3","133.0655","QS","","133.0655","1100","","MAV","","391985.1","322740.6","Stafford Signal No.4","HSJ0","","","","","","","","","","","110143698","2022-03-04","","NRAIL","","","","","Up Main/Fast","Authorised Access Point ? Vehicle Up Fast","SJ 91985 22740"
"110174067","LEC3","133.1175","QS","","133.1175","1500","","MAV","","391679.6","323108.4","Railways St carpark","HSJ0","","","","","","","","","","","110174067","2021-09-22","","NRAIL","","","","","Up Loop","","SJ 91679 23108"
"50461222","LEC3","133.1397","QS","","133.1397","1100","","MAV","","391528.9","323255.2","Castleview - Venables Gate","HSJ0","","","","","","","","","","","50461222","2022-03-04","","CARILL","","","","","Up Main/Fast","","SJ 91528 23255"
"120000025","LEC4","153.0031","QS","","153.0031","0","","MA","","374321.7","347716.0","Betley Road VAP","HSJ0","","","","","","","","","Access Point ","","120000025","2025-02-26","","","","","","","All/Multiple Tracks","""A barrier prevents vehicles above 3.5T from parking within Betley Road VAP (Up Fast/Main) without partially blocking the highway (Den Lane). 
The access point allows for a vehicle to enter near to open lines, there is a barrier preventing a vehicle from fouling the open line. 
The barrier on-site is a pedestrian barrier used at access points and not designed to prevent a vehicle from fouling the open line (light-weight, GRP-type).

Potential hazards: 
- Stationary rail worker's vehicle protrudes beyond railway infrastructure, partially obstructing highway (vehicle parked in VAP) leading to road traffic collision.
- Rail worker's vehicle collides with pedestrian barrier leading to damaged barrier obstructing the running line and/or rail worker's vehicle inadvertently stopped foul of the open line. 
Proposed control: Vehicles above 3.5T only able to use the RAP when the adjacent line is blocked/protected.""",""
"50416219","LEC4","134.0037","QS","","134.0037","2200","","MAP","","391262.7","323481.6","Doxey Road","HSJ0","","","","","","","","","","","50416219","2021-09-08","","NRAIL","","","","","Down Slow"," ","SJ 91262 23481"
"40623855","LEC4","137.0479","QS","","137.0479","1100","","MAP","","387945.5","327467.6","Erics bridge Great bridge Br.9 Up Fast","HSJ0","","","","","","","","","","","40623855","2021-09-08","","NRAIL","","","","","Up Main/Fast"," ","SJ 87945 27467"
"40623856","LEC4","137.0511","QS","","137.0511","2200","","MAP","","387914.9","327479.4","Erics bridge Great bridge Br.9 Down Slow","HSJ0","","","","","","","","","","","40623856","2021-09-08","","NRAIL","","","","","Down Slow"," ","SJ 87914 27479"
"110187273","LEC4","138.059","QS","","138.059","1100","","MAP","","387572.0","329066.0","WORSTON LANE","HSJ0","","","","","","","","","","","110187273","2024-05-09","","NRAIL","","","","","Up Main/Fast","Pedestrian Access Point. Steps are steep.",""
"120000706","LEC4","138.059","QS","","138.0589","1100","","MAP","","387546.0","329074.0","HALFHEAD FARM","HSJ0","","","","","","","","","Access Point","","120000706","2025-04-14","","","","","","","Up Main/Fast","",""
"110187373","LEC4","138.06","QS","","138.06","1200","","MAP","","387491.0","329136.0","HALFHEAD","HSJ0","","","","","","","","","","","110187373","2024-05-09","","NRAIL","","","","","Up Slow","Pedestrian Access Point. Two gates to unlock and is step free.",""
"120000708","LEC4","138.0616","QS","","138.0616","1200","","MAP","","387517.0","329126.0","HALFHEAD FARM","HSJ0","","","","","","","","","Access Point ","","120000708","2025-04-14","","","","","","","Up Slow","This has two separate gates which need to be unlocked. ",""
"40623858","LEC4","138.1076","QS","","138.1076","1200","","MAP","","387440.1","329496.5","Shallowford O/Br.17","HSJ0","","","","","","","","","","","40623858","2021-09-08","","NRAIL","","","","","Up Slow"," ","SJ 87440 29496"
"50143660","LEC4","140.0007","QS","","140.0007","2200","","MAP","","385735.2","330792.8","Heamies Bridge O/Br.24","HSJ0","","","","","","","","","","","50143660","2025-08-18","","NRAIL","","","","","Down Slow"," The Hazard Directory mileage is reading wrong. It shows 139m 1408yds called Heamies Bridge but it is actaully 140m 0007yds and there is a mile post just to the right of the access low mileage of it. I have attached a photo","SJ 85735 30792"
"50143661","LEC4","141.0227","QS","","141.0227","2200","","MAP","","384502.6","332094.0","Badnall Wharf Br.28","HSJ0","","","","","","","","","","","50143661","2021-09-08","","NRAIL","","","","","Down Slow"," ","SJ 84502 32093"
"50416165","LEC4","141.1454","QS","","141.1454","2200","","MAP","","383623.1","332787.2","Stych Lane O/Br.30","HSJ0","","","","","","","","","","","50416165","2021-09-08","","NRAIL","","","","","Down Slow"," ","SJ 83623 32787"
"40638004","LEC4","142.1024","QS","","142.1024","1100","","MAP","","382965.4","333799.7","Mill Meece Marsh North 5","HSJ0","","","","","","","","","","","40638004","2021-09-08","","NRAIL","","","","","Up Main/Fast"," ","SJ 82965 33799"
"40638005","LEC4","142.1251","QS","","142.1251","1100","","MAP","","382898.7","333994.7","Mill Meece Marsh North 4","HSJ0","","","","","","","","","","","40638005","2021-09-08","","NRAIL","","","","","Up Main/Fast"," ","SJ 82898 33994"
"40638006","LEC4","142.1554","QS","","142.1554","1100","","MAP","","382832.3","334264.0","Mill Meece Marsh North 3","HSJ0","","","","","","","","","","","40638006","2021-09-08","","NRAIL","","","","","Up Main/Fast"," ","SJ 82832 34264"
"40623865","LEC4","143.0264","QS","","143.0264","1100","","MAP","","382764.6","334687.4","Mill Meece Marsh Access 2","HSJ0","","","","","","","","","","","40623865","2021-09-08","","NRAIL","","","","","Up Main/Fast"," ","SJ 82764 34687"
"40623863","LEC4","143.0456","QS","","143.0456","1100","","MAP","","382737.4","334859.6","Mill Meece Marsh North 1","HSJ0","","","","","","","","","","","40623863","2021-09-08","","NRAIL","","","","","Up Main/Fast"," ","SJ 82737 34859"
"40623864","LEC4","143.0798","QS","","143.0798","1100","","MAP","","382689.0","335169.9","Mill Meece Cranberry Marsh South","HSJ0","","","","","","","","","","","40623864","2021-09-08","","NRAIL","","","","","Up Main/Fast"," ","SJ 82688 35169"
"40623866","LEC4","143.1044","QS","","143.1044","1100","","MAP","","382653.3","335391.8","Mill Meece Cranberry Marsh","HSJ0","","","","","","","","","","","40623866","2021-09-08","","NRAIL","","","","","Up Main/Fast"," ","SJ 82653 35391"
"40638009","LEC4","143.1222","QS","","143.1222","1100","","MAP","","382627.2","335552.4","Mill Meece","HSJ0","","","","","","","","","","","40638009","2021-09-08","","NRAIL","","","","","Up Main/Fast"," ","SJ 82627 35552"
"110174079","LEC4","143.1449","QS","","143.1449","2200","","MAP","","382575.9","335754.8","Sandy Bank Down","HSJ0","","","","","","","","","","","110174079","2021-09-23","","NRAIL","","","","","Down Slow"," ","SJ 82575 35754"
"110174078","LEC4","143.15","QS","","143.15","1100","","MAP","","382588.2","335803.1","Carnburry Bus Shelter","HSJ0","","","","","","","","","","","110174078","2021-09-23","","NRAIL","","","","","Up Main/Fast"," ","SJ 82588 35803"
"50143666","LEC4","144.1187","QS","","144.1187","1100","","MAP","","382274.5","337086.1","Hatton Mill Up","HSJ0","","","","","","","","","","","50143666","2021-09-08","","NRAIL","","","","","Up Main/Fast"," ","SJ 82274 37086"
"50143667","LEC4","144.1377","QS","","144.1377","2200","","MAP","","382201.3","337244.1","Hatton Mill Down","HSJ0","","","","","","","","","","","50143667","2021-09-08","","NRAIL","","","","","Down Slow"," ","SJ 82201 37244"
"110174076","LEC4","145.0778","QS","","145.0778","2200","","MAP","","381848.5","338243.9","Stableford footbridge","HSJ0","","","","","","","","","","","110174076","2021-09-23","","NRAIL","","","","","Down Slow"," ","SJ 81848 38243"
"110147037","LEC4","145.1468","QS","","145.1468","1100","","MAP","","381653.4","338843.2","Whitmore TSC 25KV Substation","HSJ0","","","","","","","","","","","110147037","2021-09-08","","NRAIL","","","","","Up Main/Fast","Address:Bent Lane:ST5 4EN Details: Off A51, Bent Lane <Stableford> OS GRID REF SJ 817 388","SJ 81653 38843"
"110174068","LEC4","150.1346","QS","","150.1346","2200","","MAP","","376734.2","344699.0","Moss Bridge Madeley Br.58 Down","HSJ0","","","","","","","","","","","110174068","2021-09-23","","NRAIL","","","","","Down Slow","Madeley, Moss Lane <AKA BMX Track>. Photos below.~
Fault number opened today for additional protection to be applied by Stoke Off Track Staff is FMS 916950, photos of this work to follow.~
I believe there was also a close call logged previously - NRB515893","SJ 76734 44699"
"40499157","LEC4","150.1366","QS","","150.1366","1100","","MAP","","376731.2","344722.5","Moss Bridge Madeley Br.58 Up","HSJ0","","","","","","","","","","","40499157","2021-09-08","","NRAIL","","","","","Up Main/Fast","Madeley, Moss Lane <AKA BMX Track>, 149M 1320Yds Down Side. Photos below.~
Fault number opened today for additional protection to be applied by Stoke Off Track Staff is FMS 916950, photos of this work to follow.~
I believe there was also a close call logged previously - NRB515893","SJ 76731 44722"
"110146229","LEC4","151.1669","QS","","151.1669","1100","","MAP","","375458.5","346099.1","Wrinehill Access Br.62","HSJ0","","","","","","","","","","","110146229","2021-09-08","","NRAIL","","","","","Up Main/Fast","The parking area and access is for a maximum of 7 vehicles, and the roadway must be kept clear at all times.","SJ 75458 46099"
"40499159","LEC4","152.0703","QS","","152.0703","2200","","MAP","","375011.9","346668.5","Checkley Lane Br.64","HSJ0","","","","","","","","","","","40499159","2021-09-08","","NRAIL","","","","","Down Slow"," ","SJ 75011 46668"
"110173632","LEC4","136.1329","QS","","136.1329","1200","","MAR","","388401.3","326776.5","Great Bridgeford RRV Up Slow","HSJ0","","","","","","","","","","","110173632","2021-09-09","","NRAIL","","","","","Up Slow","","SJ 88401 26776"
"50143683","LEC4","136.133","QS","","136.133","2200","","MAR","","388398.2","326775.1","Great Bridgeford RRV Down Slow","HSJ0","","","","","","","","","","","50143683","2021-09-08","","NRAIL","","","","","Down Slow"," ","SJ 88398 26775"
"50416223","LEC4","136.1473","QS","","136.1473","1100","","MAR","","388347.4","326897.4","Great bridgeford RRV Up Fast Br.08","HSJ0","","","","","","","","","","","50416223","2021-09-08","","NRAIL","","","","","Up Main/Fast"," ","SJ 88347 26897"
"110173939","LEC4","138.1427","QS","","138.1427","1200","","MAR","","387311.9","329787.9","Norton Bridge Station Rd RRV Up Slow","HSJ0","","","","","","","","","","","110173939","2021-09-16","","NRAIL","","","","","Up Slow","","SJ 87311 29787"
"110173635","LEC4","141.0368","QS","","141.0368","2200","","MAR","","384408.2","332178.9","Badnal Wharf RRV","HSJ0","","","","","","","","","","","110173635","2021-09-09","","NRAIL","","","","","Down Slow","","SJ 84408 32178"
"110173634","LEC4","142.0776","QS","","142.0776","1100","","MAR","","383054.1","333591.7","Mill March Lane RRV Down Fast","HSJ0","","","","","","","","","","","110173634","2021-09-09","","NRAIL","","","","","Up Main/Fast","","SJ 83054 33591"
"50416163","LEC4","142.0777","QS","","142.0777","2100","","MAR","","383050.7","333590.3","Mill March Lane RRV Up Fast","HSJ0","","","","","","","","","","","50416163","2021-09-08","","NRAIL","","","","","Down Main/Fast"," ","SJ 83050 33590"
"110174077","LEC4","143.0466","QS","","143.0466","1200","","MAR","","382717.7","334866.1","Standon Bridge Yard RRV Down Slow","HSJ0","","","","","","","","","","","110174077","2021-09-23","","NRAIL","","","","","Up Slow"," ","SJ 82717 34866"
"50143664","LEC4","143.0466","QS","","143.0466","1200","","MAR","","382721.0","334866.7","Standon Bridge Yard RRV Up Slow","HSJ0","","","","","","","","","","","50143664","2021-09-08","","NRAIL","","","","","Up Slow"," ","SJ 82721 34866"
"50143668","LEC4","145.1515","QS","","145.1515","1100","","MAR","","381637.0","338884.1","Stableford Cock Inn RRV Up Fast","HSJ0","","","","","","","","","","","50143668","2022-03-23","","NRAIL","","","","","Up Main/Fast"," ","SJ 81636 38884"
"110173631","LEC4","147.1048","QS","","147.1048","2200","","MAR","","379501.9","340433.3","Whitmore Yard Br.48 RRV Up Slow","HSJ0","","","","","","","","","","","110173631","2021-09-09","","NRAIL","","","","","Down Slow","","SJ 79501 40433"
"50143669","LEC4","147.1049","QS","","147.1049","1200","","MAR","","379503.0","340436.9","Whitmore Yard Br.48 RRV Down Slow","HSJ0","","","","","","","","","","","50143669","2021-09-08","","NRAIL","","","","","Up Slow"," ","SJ 79503 40436"
"110173630","LEC4","149.175","QS","","149.175","2200","","MAR","","377446.0","343692.6","Madley Yard RRV Down Slow","HSJ0","","","","","","","","","","","110173630","2021-09-09","","NRAIL","","","","","Down Slow","","SJ 77445 43692"
"110149568","LEC4","153.0324","QS","","153.0324","2200","","MAR","","374299.6","347714.3","Betley Road Den Lane","HSJ0","","","","","","","","","","","110149568","2021-09-08","","NRAIL","","","","","Down Slow","Eastings 2.386245 W   Northings 53.026887 N","SJ 74299 47714"
"40499163","LEC4","154.0651","QS","","154.0651","1100","","MAR","","373180.3","349246.0","Chorlton Potato fields","HSJ0","","","","","","","","","","","40499163","2021-09-08","","NRAIL","","","","","Up Main/Fast"," ","SJ 73180 49246"
"50416220","LEC4","134.036","QS","","134.036","2200","","MAV","","391046.1","323675.3","Doxey Road Carpark & Stafford 25Kv FS","HSJ0","","","","","","","","","","","50416220","2021-09-08","","NRAIL","","","","","Down Slow"," ","SJ 91046 23675"
"110141402","LEC4","135.0496","QS","","135.0496","2200","","MAV","","389776.4","324854.8","Stafford North Motorway bridge","HSJ0","","","","","","","","","","","110141402","2021-09-08","","NRAIL","","","","","Down Slow","gravel and mud roadway may become impassable under wet conditions.","SJ 89776 24854"
"50416221","LEC4","135.1697","QS","","135.1697","2200","","MAV","","389077.0","325702.4","Moor Lane <Flash Bridge> Br.06","HSJ0","","","","","","","","","","","50416221","2021-09-08","","NRAIL","","","","","Down Slow"," ","SJ 89076 25702"
"40623859","LEC4","138.1434","QS","","138.1434","2200","","MAV","","387317.0","329798.0","Norton Bridge","HSJ0","","","","","","","","","","","40623859","2011-03-24","","CARILL","","","","","Down Slow","",""
"50416161","LEC4","138.16","QS","","138.16","2200","","MAV","","387235.0","329925.0","Norton Bridge Station","HSJ0","","","","","","","","","","","50416161","2011-03-24","","CARILL","","","","","Down Slow","",""
"110147039","LEC4","139.0214","QS","","139.0214","1100","","MAV","","387016.6","330187.2","Norton Bridge SATS","HSJ0","","","","","","","","","","","110147039","2021-09-08","","NRAIL","","","","","Up Main/Fast","Address:Smithy Ln:ST15 0PD Details: Off B5026, Smithy Lane~ OS GRID REF SJ 870 303","SJ 87016 30187"
"50461264","LEC4","139.0498","QS","","139.0498","1200","","MAV","","386802.5","330333.4","Station Rd","HSJ0","","","","","","","","","","","50461264","2021-09-08","","NRAIL","","","","","Up Slow"," ","SJ 86802 30333"
"110173633","LEC4","141.0471","QS","","141.0471","2200","","MAV","","384333.7","332236.0","Badnal Wharf TSC","HSJ0","","","","","","","","","","","110173633","2021-09-09","","NRAIL","","","","","Down Slow","","SJ 84333 32235"
"110149569","LEC4","145.133","QS","","145.133","2200","","MAV","","381680.3","338718.4","Stableford Yard","HSJ0","","","","","","","","","","","110149569","2021-09-08","","NRAIL","","","","","Down Slow","Eastings 2.274302 W   Northings 52.945488 N","SJ 81680 38718"
"40499156","LEC4","150.0203","QS","","150.0203","2200","","MAV","","377341.3","343857.5","Madley Yard","HSJ0","","","","","","","","","","","40499156","2021-09-08","","NRAIL","","","","","Down Slow","STEPS DOWN EMBANKMENT","SJ 77341 43857"
"110173938","LEC4","150.0309","QS","","150.0309","1100","","MAV","","377310.5","343951.3","Madley Fasts","HSJ0","","","","","","","","","","","110173938","2021-09-16","","NRAIL","","","","","Up Main/Fast","","SJ 77310 43951"
"110147036","LEC4","150.04","QS","","150.04","1100","","MAV","","377269.6","344023.5","Madley TSC","HSJ0","","","","","","","","","","","110147036","2021-09-08","","NRAIL","","","","","Up Main/Fast","Address:Station Rd:CW3 9PW Details: Off A525, End of Station Rd  OS GRID REF SJ 744 437","SJ 77269 44023"
"120000032","LEC4","153.0031","QS","","153.0031","1100","","MAV","","374321.7","347716.0","Betley Road VAP","HSJ0","","","","","","","","","Access Point ","","120000032","2025-04-14","","","","","","","Up Main/Fast","///chess.acclaim.verse

""A barrier prevents vehicles above 3.5T from parking within Betley Road VAP (Up Fast/Main) without partially blocking the highway (Den Lane). 
The access point allows for a vehicle to enter near to open lines, there is a barrier preventing a vehicle from fouling the open line. 
The barrier on-site is a pedestrian barrier used at access points and not designed to prevent a vehicle from fouling the open line (light-weight, GRP-type).

Potential hazards: 
- Stationary rail worker's vehicle protrudes beyond railway infrastructure, partially obstructing highway (vehicle parked in VAP) leading to road traffic collision.
- Rail worker's vehicle collides with pedestrian barrier leading to damaged barrier obstructing the running line and/or rail worker's vehicle inadvertently stopped foul of the open line. 
Proposed control: Vehicles above 3.5T only able to use the RAP when the adjacent line is blocked/protected.""",""
"40499162","LEC4","153.031","QS","","153.031","1100","","MAV","","374321.7","347716.0","Betley Road SB","HSJ0","","","","","","","","","","","40499162","2021-09-08","","NRAIL","","","","","Up Main/Fast"," ","SJ 74321 47715"
"110155604","LEC6","138.0829","QS","","138.0829","2200","","MAP","","387026.7","329148.2","Bridge LEC6/17A","HSJ0","","","","","","","","","","","110155604","2021-09-08","","NRAIL","","","","","Down Slow","Access off Searchlight Lane","SJ 87026 29148"
"110173653","LEC6","138.1531","QS","","138.1531","2200","","MAP","","386747.1","329724.9","Marsella Comp Search Light Ln LEC6 South","HSJ0","","","","","","","","","","","110173653","2021-09-09","","NRAIL","","","","","Down Slow","","SJ 86747 29724"
"110173652","LEC6","138.1619","QS","","138.1619","2200","","MAP","","386711.7","329796.6","Marsella Comp Search Light Ln LEC6 <PSP>","HSJ0","","","","","","","","","","","110173652","2021-09-09","","NRAIL","","","","","Down Slow","","SJ 86711 29796"
"110155605","LEC6","139.0415","QS","","139.0415","2200","","MAP","","386456.7","330235.5","Bridge LEC6/2 OC","HSJ0","","","","","","","","","","","110155605","2021-09-08","","NRAIL","","","","","Down Slow","Access off B5026","SJ 86456 30235"
"110155594","LEC6","137.1098","QS","","137.1098","2200","","MAV","","387628.8","327923.4","Little Bridgeford","HSJ0","","","","","","","","","","","110155594","2021-09-08","","NRAIL","","","","","Down Slow","Little Bridgeford Vehicular Access Point","SJ 87628 27923"
"120000601","LLG","0.1596","QS","","0.1596","2300","","MAP","","520953.0","183265.0","Acton Lane (Mcvities)","HSJ9","","","","","","","","","Access Gate","","120000601","2025-02-21","","","","","","","Down Goods","Pedestrian access Gate, 7 padlock. no parking will need to park on main road. concrete steps from path way down to track level. first road is the Down Willesden Relief line.",""
"110147351","LSC1","106.066","QS","","106.066","2100","","MAP","","431135.1","265367.1","PRINCESS DRIVE,  LEAMINGTON SPAA","HSJ6","","","","","","","","","","","110147351","2022-01-07","","NRAIL","","","","","Down Main/Fast","Steel pedestrian access gate <no 5 padlock> with steps leading up to track.",""
"50498597","LSC1","106.0835","QS","","106.0835","1100","","MAV","","431127.0","265358.0","Car Company off Station Approach, L.Spa","HSJ6","","","","","","","","","","","50498597","2018-09-07","","NRAIL","","","","","Up Main/Fast","Come off Station Approach, through the car company - car lot, drive through rear of site to vehicular gate, No. 5 padlock. drive down road to open area for track access, large compound area for parking. Also gives access to DCL line.",""
"50143670","LSC2","0.0154","QS","","0.0154","3400","","MAP","","430467.0","266205.0","Good Fellow Street","HSJ6","","","","","","","","","","","50143670","2011-03-24","","AMEY","","","","","Rev Single","Into Good Fellow Street, turn left and follow road to the end to vehicular gates <No.5 & 221 padlocks>. Access to open area for parking.",""
"50143671","LSC2","0.1584","QS","","0.1584","3400","","MAP","","430135.0","267476.0","Old Milverton Bridge <Overbridge No. 3>","HSJ6","","","","","","","","","","","50143671","2011-03-24","","AMEY","","","","","Rev Single","Pedestrian gate <No.17 padlock> on down side of bridge. Path down to lineside.",""
"110172612","LSC2","3.0688","QS","","3.0688","3100","","MAP","","429215.1","271378.2","Clarendon Road","HSJ7","","","","","","","","","PED","","110172612","2023-05-31","","NRAIL","","","","","Rev Main/Fast","Existing access point, idenitied via desktop verification for official entry into NHD ,  No.17 padlock, Parking limited - residential area",""
"110172273","LSC2","3.1008","QS","","3.1008","3100","","MAP","","429221.7","271671.7","Kennilworth Stn Car park","HSJ7","","","","","","","","","PED","","110172273","2021-05-18","","NRAIL","","","","","Rev Main/Fast","pedestrian gate, no.17 padlock",""
"110177233","LSC2","3.1018","QS","","3.1018","3100","","MAP","","429223.5","271680.9","Kenilworth Stn","HSJ7","","","","","","","","","PED","","110177233","2022-03-24","","NRAIL","","","","","Rev Main/Fast","Access via platform Coventry end and Leamington end with appropriate safe system of work",""
"110143371","LSC2","3.1076","QS","","3.1076","3100","","MAP","","429228.0","271734.0","FARMER WARD ROAD - FOOT BRIDGE - KENILWORTH","HSJ7","","","","","","","","","","","110143371","2021-05-18","","NRAIL","","","","","Rev Main/Fast","ACCESS POINT PEDESTRIAN ACCESS VIA FOOTBRIDGE TO LINESIDE ACCESS GATE NO.17 LOCK FITTED. POSTCODE: CV8 1SB. Parking station car park or on Farmer Ward Road; No.17",""
"50143644","LSC2","4.0102","QS","","4.0102","3500","","MAP","","429836.0","273095.0","Common Lane Kenilworth North Junction","HSJ7","","","","","","","","","PED","","50143644","2021-06-22","","NRAIL","","","","","Rev Loop","Pedestrian gate at bridge <No.17 padlock>, concrete steps & handrail down to lineside. Limited street parking.",""
"110177234","LSC2","4.0163","QS","","4.0163","2100","","MAP","","404952.2","292542.0","Hamstead","HSJ7","","","","","","","","","PED","","110177234","2022-03-24","","NRAIL","","","","","Down Main/Fast","Access and egress off platform ends only when line is blocked to trains~
No access during the day unless there is emergency protection~
Inspection and carrying light hand tools only",""
"110172301","LSC2","6.0918","QS","","6.0918","2100","","MAP","","431729.5","275658.8","Moat Ave via Catholic school carpark.","HSJ7","","","","","","","","","PED","","110172301","2021-05-19","","NRAIL","","","","","Down Main/Fast","Access via local track section manager <coventry>. ~
Access out of term time/ school opening hours by prior arrangement only~
Bishop Bullthorn Catholic School",""
"50143649","LSC2","7.0033","QS","","7.0033","3400","","MAP","","432203.0","276292.0","Green Lane <South>","HSJ7","","","","","","","","","NP","","50143649","2018-09-17","","NRAIL","","","","","Rev Single","Pedestrian gate at bridge <No.17 padlock>, concrete steps & handrail down to lineside and walking route under bridge.",""
"110149476","LSC2","8.0","QS","","8.033","2100","","MAP","","433383.0","277597.0","THE HIRON - BRIDGE 27","HSJ7","","","","","","","","","PEDESTRIAN ACCESS","","110149476","2012-11-22","","NRAIL","","","","","Down Main/Fast","PEDESTRIAN ACCESS WITH QUICK STEP ACCESS STEPS - NO.17 PADLOCK REQUIRED. LIMITED PARKING.",""
"110171736","LSC2","8.0833","QS","","8.0833","1100","","MAP","","433443.4","278100.3","COVENTRY PSB","HSJ7","","","","","","","","","","","110171736","2021-03-12","","NRAIL","","","","","Up Main/Fast","Authorised Access Point - Pedestrian.  Existing access point, needing official entry into NHD. Already included on RBS1 not not covered on this ELR.",""
"50461268","LSC2","8.0833","QS","","8.0833","1100","","MAP","","433443.4","278100.3","Coventry PSB","HSJ7","","","","","","","","","PED","","50461268","2021-06-28","","NRAIL","","","","","Up Main/Fast","Quinton Road, CV1 2NJ, Downside, Single gate.  Parking: good, in PSB car park.  No vehicular access to the track. Limited parking",""
"110174112","LSC2","124.0044","QS","","124.0044","2200","","MAP","","404838.6","319100.1","Rugeley Town","HSJ7","","","","","","","","","PED","","110174112","2021-09-24","","NRAIL","","","","","Down Slow","ccess and egress available off all four platform ends ~
No access during the day unless there is emergency protection~
inspection and carrying light hand tools only",""
"110156888","LSC2","3.1078","QS","","3.1078","3100","","MAR","","","","Priory Road - Kenilworth Station","HSJ7","","","","","","","","","","","110156888","2016-10-17","","NRAIL","","","","","Rev Main/Fast","Authorised Access Point - Road Rail Machines.",""
"50143650","LSC2","8.0671","QS","","8.0671","2100","","MAR","","433511.0","277985.0","Quinton Road","HSJ7","","","","","","","","","RRV","","50143650","2021-06-22","","NRAIL","","","","","Down Main/Fast","Through white vehicular gates into access road to Coventry SB. Vehicular gate to left <No.17 padlock>. Parking for one vehicle. Due gate clearance access to be used when under possession only. Limited parking. No.17",""
"50143672","LSC2","1.1386","QS","","1.1386","1100","","MAV","","429773.0","268863.0","Hill Wootton","HSJ6","","","","","","","","","RRV & VECHILE ACCESS PTS","","50143672","2022-03-31","","NRAIL","","","","","Up Main/Fast","Access Point requires 4 Way traffic management for the delivery of OTP. Staggered 4 way crossroads. The access point is also ALO - Any Line Open, for RRVs. Line Blockages or Possession required for the delivery of OTP inside of access point and any movements. Low Bridge stops Articulated Lorries reversing in to access point.",""
"50143642","LSC2","3.0957","QS","","3.0957","3400","","MAV","","429219.0","271625.0","Lockhart Close","HSJ7","","","","","","","","","NP","","50143642","2018-11-01","","NRAIL","","","","","Rev Single","Due to realignment of track there is insufficient clearance against boundary fence to allow gates to open without fouling the running line. Therefore use of access point needs to be restricted to when line is blocked or under possession. End of Lockhart Close, double vehicular gates <No.17 padlock>. Limited parking.",""
"50143643","LSC2","3.1408","QS","","3.1408","3400","","MAV","","429286.0","272033.0","Cherry Orchard","HSJ7","","","","","","","","","NP","","50143643","2018-09-17","","NRAIL","","","","","Rev Single","End of Cherry Orchard, wooden vehicular gates <No.17 padlock>, access to open area for parking.",""
"110146243","LSS","40.1584","QS","","40.1584","1100","","MAP","","409130.8","287209.9","Landor St U/Br 156 access point","HSJ6","","","","","","","","","PED","","110146243","2022-03-18","","NRAIL","","","","","Up Main/Fast","Existing access point previously unlisted in the Hazard Directory. Parking is on the street.   LAT=52.48275			    LONG=-1.86697			    EAST=409130.8098			     NORTH=287209.9462",""
"50143653","LSS","41.0","QS","","41.0","1100","","MAP","","409134.0","287051.0","Midland Street <Ex- Brickyard Crossing>","HSJ6","","","","","","","","","","","50143653","2018-09-13","","NRAIL","","","","","Up Main/Fast","End of Midland Street, vehicular gates <No.17 padlock> to track level. Street parking available. Poor sighting in both directions at point of access which is immediately lineside.",""
"50461261","LTV","0.0079","QS","","0.0079","3100","","MAP","","413498.3","310040.1","Burton Road - Br.No.100","HSJ0","","","","","","","","","","","50461261","2022-03-04","","GTRM","","","","","Rev Main/Fast","Nature of Access: single gate No.17 padlock, descending steps. Parking: poor, on side of road.","SK 13498 10040"
"110147352","MCJ1","197.0946","QS","","197.0946","2100","","MAP","","516600.3","187948.3","WESTMINISTER UNIVERSITY < rear of hospital","HSJ6","","","","","","","","","","","110147352","2022-01-07","","NRAIL","","","","","Down Main/Fast","STEEL PEDESTRIAN ACCESS GATE WITH NO 5 PADLOCK STEPS LEADING UP TO TRACK.",""
"50143655","MCJ1","197.1716","QS","","197.1716","2100","","MAP","","517301.0","187746.0","Windermere Avenue","HSJ6","","","","","","","","","Pedestrian Access","","50143655","2022-04-28","","NRAIL","","","","","Down Main/Fast","Pedestrian gate with No. 5 lock, steps & handrail up to Down Harrow. Parking limited. w3w of access point: teach.swim.kite   LAT=51.57638			    LONG=-0.30865547			    EAST=517301			    NORTH=187746",""
"110180671","MCJ1","199.0528","QS","","199.0528","2100","","MAP","","518987.0","186590.0","WEMBLEY PARD","HSJ6","","","","","","","","","","","110180671","2022-10-26","","NRAIL","","","","","Down Main/Fast","There has been a new access point installed at Wembley Park to enable access to FTN/GSM-R site 0105. It is located on Forty Avenue, Wembley and the post code is HA9 8PG. What3Words is duty.volume.face. The access is pedestrian only with limited on road parking. Thre is a 660 padlock installed on the access gate. The first line presented is the Down Harrow.",""
"50143630","MCJ1","201.0","QS","","201.0","2100","","MAP","","521460.0","185329.0","Neasden Lane <next to LUL station>","HSJ6","","","","","","","","","","","50143630","2011-03-24","","AMEY","","","","","Down Main/Fast","Small gate locked with BR5 lock immediately south of LUL station entrance gives pedestrian access via concrete steps and handrail down to rail level. down line. Limited parking.",""
"50143631","MCJ1","202.088","QS","","202.088","2100","","MAP","","523806.0","184765.0","Lydford Road, Willesden Green","HSJ6","","","","","","","","","","","50143631","2011-03-24","","AMEY","","","","","Down Main/Fast","Gate, on west side of road, locked with a BR5 lock, gives access via concrete steps & handrail down to rail level. down line. Limited parking.",""
"50143632","MCJ1","202.132","QS","","202.132","2100","","MAP","","524199.0","184679.0","Mapesbury Road, Brondesbury ","HSJ6","","","","","","","","","","","50143632","2011-03-24","","AMEY","","","","","Down Main/Fast","Gate, on east side of road, locked with a BR5 lock, gives access via concrete steps & handrail down to rail level. down line. Limited parking.",""
"110146350","MCJ1","203.066","QS","","203.0748","2100","","MAP","","252845.0","184580.0","Sheriff Road","HSJ6","","","","","","","","","","","110146350","2011-03-24","","NV","","","","","Down Main/Fast","Downside - double gate - off road parking - path alongside of Kilburn Viaduct to track level.",""
"50143633","MCJ1","204.0","QS","","204.0","2100","","MAP","","526183.6","184689.1","Finchley Road, Broadhurst Gardens","HSJ6","","","","","","","","","PED","","50143633","2022-05-05","","NRAIL","","","","","Down Main/Fast","Limited parking available. ~
Number 5 padlock on the gate~
First line presented to an individual when they arrive at the access: Down~
Other hazards: In a residential Area ~
Added nosing steps and installed handrails with LED lighting. ~
Cleared concrete area to make underfoot conditions safe.     LAT=51.547			    LONG=-0.1816			     EAST=526183.6864			     NORTH=""184689.1195			""",""
"110176797","MCJ1","205.1704","QS","","205.1704","1900","","MAP","","527555.8","182043.4","Marylebone Stn","HSJ6","","","","","","","","","PED","","110176797","2022-02-16","","NRAIL","","","","","Up Siding","Platforms provides access to the 3601, 3602, 3603/ Rev Terminal Bay and 1900/ Up Sidings. Access and egress off platform ends only when an appropriate safe system of work is in place. No access during the day, apart from minor maintenance, carrying light hand tools only. No plant or machinery access during the day unless there is emergency protection.     LAT=51.52291			    LONG=-0.16279			   EAST=527555.8969			     NORTH=182043.4602",""
"50143656","MCJ1","198.0968","QS","","198.0968","2100","","MAV","","518119.0","187314.0","Grasmere Avenue <opp Woodford Place>","HSJ6","","","","","","","","","Vehicular Access","","50143656","2022-04-28","","NRAIL","","","","","Down Main/Fast","DVehicular access to Down Harrow line.  w3w of access is: chemistry.focal.clay. Use 222 key to unlock key safe on gate - the key inside will then open the security gate. No. 5 key is then needed for the Network Rail access gates at the end of the drive. Parking available through access gates. Make sure the key is replaced into the key safe on the gate and locked with the 222 upon departure.    LAT=51.572331			    LONG=-0.29699819			    EAST=518119			     NORTH=187314",""
"50143629","MCJ1","200.132","QS","","200.132","2100","","MAV","","521082.0","185470.0","Neasden Junction, Great Central Way","HSJ6","","","","","","","","","","","50143629","2011-03-24","","AMEY","","","","","Down Main/Fast","Double gates locked with BR5 lock gives pedestrian access at rail level. up line. Pedestrian gate adjacent also with No.5 lock. Parking would be available if spoil cleared. Fly-tipping & scrap needs clearing.",""
"110146466","MCJ1","204.0034","QS","","204.0034","2100","","MAV","","526479.0","184135.0","Hilgrove Road","HSJ6","","","","","","","","","VEHICULAR ACCESS POINT","","110146466","2022-04-06","","NRAIL","","","","","Down Main/Fast","Vehicular access and then steps down to the Down Main adjacent to ME15 signal, between Hampstead Tunnel and St. Johns Wood Tunnel. No. 5 lock on gate. w3w of access point : heap.odds.invent. No access to West Coast Main Line <LEC1>.    LAT=51.54195			    LONG=-0.177571			    EAST=526479			    NORTH=184135",""
"110146467","MCJ1","205.121","QS","","205.121","1100","","MAV","","527352.0","182485.0","LORNE CLOSE","HSJ6","","","","","","","","","","","110146467","2017-11-16","","NRAIL","","","","","Up Main/Fast","This is an authorised access point for vehicles.",""
"50467712","MCJ2","25.11","QS","","25.11","2100","","MAP","","493773.0","198921.0","Piperswood <Br. 116>","HSJ6","","","","","","","","","","","50467712","2018-09-13","","NRAIL","","","","","Down Main/Fast","Pedestrian gate <No.5 lock> on unclassified road <to Chesham> off A413. Concrete steps & handrail down to trackside on down side of bridge. Parking area 50 yards from bridge on downside.",""
"50143636","MCJ2","26.0","QS","","26.0","2100","","MAP","","493220.0","199144.0","Keepers Lane off A413 <Br. 117>","HSJ6","","","","","","","","","","","50143636","2011-03-24","","AMEY","","","","","Down Main/Fast","Pedestrian gate <No. 5 lock> on down side, concrete path, steps and handrail down to track side. Limited parking at road level.",""
"50143637","MCJ2","26.088","QS","","26.088","1100","","MAP","","492430.0","199313.0","Chalk Lane off A413 <Br. 118>","HSJ6","","","","","","","","","","","50143637","2018-09-13","","NRAIL","","","","","Up Main/Fast","Wooden pedestrian gate on up side <No. 5 lock> concrete steps & handrail up to track side. Parking for 2 vehicles without obstructing public footpath. Parking area restricted by fly-tipping.",""
"50143638","MCJ2","27.088","QS","","27.088","2100","","MAP","","490863.0","199533.0","Deep Mill Bridge on A413","HSJ6","","","","","","","","","","","50143638","2011-03-24","","AMEY","","","","","Down Main/Fast","Small gate. BR5 lock. gives access via wooden steps & handrail up to rail level. down line. Gate in poor condition. Limited parking.",""
"50143639","MCJ2","28.0","QS","","28.0","2100","","MAP","","490116.0","199802.0","Nags Head Lane off London Rd, Gt Missenden","HSJ6","","","","","","","","","","","50143639","2011-03-24","","AMEY","","","","","Down Main/Fast","Small gate. BR5 lock. gives access via concrete steps & handrail up to rail level. down line. Parking limited.",""
"50143612","MCJ2","29.044","QS","","29.044","2100","","MAP","","489176.0","201568.0","Rignall Road, Great Missenden <Br. 131>","HSJ6","","","","","","","","","","","50143612","2018-09-13","","NRAIL","","","","","Down Main/Fast","Pedestrian gate <No. 5 lock> & ""no trespass"" sign. Concrete steps & handrail down to trackside. No parking. Steps overgrown.",""
"50143615","MCJ2","31.088","QS","","31.088","2100","","MAP","","487450.0","204731.0","Cobblers Hill Lane off A413 <Br. 137>","HSJ6","","","","","","","","","","","50143615","2018-09-13","","NRAIL","","","","","Down Main/Fast","Wooden gate on down side <No. 5 lock> concrete steps & path and handrail down to track side. Limited parking on bridge.",""
"50143616","MCJ2","32.0","QS","","32.0","2100","","MAP","","487389.0","205529.0","Unclassified Rd off A413 to Dunsmore <Br 138>","HSJ6","","","","","","","","","","","50143616","2011-03-24","","AMEY","","","","","Down Main/Fast","From A413, over bridge, metal pedestrian gate on down approach on left side. ""No Trespass"" sign in-situ. Concrete steps & path past sub-station down to track side. Limited parking on bridge. Sight of access gate hidden by overgrown hedgerow.",""
"110166386","MCJ2","34.1122","QS","","34.1122","2100","","MAP","","485251.7","208927.0","NASH LEE","HSJ6","","","","","","","","","Pedestrian Access Point","","110166386","2022-01-07","","NRAIL","","","","","Down Main/Fast","Pedestrian Access Point.",""
"110177291","MCJ2","34.1122","QS","","34.1122","1100","","MAP","","485257.4","208928.7","Nash Lee Lane","HSJ6","","","","","","","","","PED","","110177291","2022-04-06","","NRAIL","","","","","Up Main/Fast","Wendover  access point is off Nash lee lane via bridge 149. Parking is very limited and no parking at the grass verges next to residents property. No.5 Padlock leads to concrete steps and handrails directly up to the track. First line presented at access at Up main 1100.  LAT=51.77255			    LONG=-0.76572			   EAST=485257.4701			    NORTH=208928.772",""
"110176798","MCJ2","35.1647","QS","","35.1647","2100","","MAP","","483972.4","210574.2","Stoke mandeville Stn","HSJ6","","","","","","","","","PED","","110176798","2022-02-16","","NRAIL","","","","","Down Main/Fast","Platforms provides access to the Up main/1100 and Down main/2100. Access and egress off platform ends only when an appropriate safe system of work is in place. No access during the day, apart from minor maintenance, carrying light hand tools only. No plant or machinery access during the day unless there is emergency protection.    LAT=51.78754			    LONG=-0.78396			    EAST=483972.45313    NORTH=210574.2452",""
"50143621","MCJ2","37.0198","QS","","37.0198","2100","","MAP","","482756.0","212306.0","F""path between Guttman Cl. and Mellstock Rd Br.155","HSJ6","","","","","","","","","Pedestrian Access Point","","50143621","2019-02-18","","NRAIL","","","","","Down Main/Fast","Follow estate road up to rear of hospital footpath/cycleway bridge on left. Pedestrian gate <No. 5 lock> concrete steps & handrail up to track side. Limited street parking.",""
"110177293","MCJ2","38.08","QS","","38.08","3100","","MAP","","481397.4","213590.5","Multiculture centre","HSJ6","","","","","","","","","PED","","110177293","2022-04-06","","NRAIL","","","","","Rev Main/Fast","Aylesbury access point is from Frirscroft way leading to the Car Park in the multicultural centre. Double Palisaid gate with No.5 Padlock. AMPR camera located on the entrance car park. Any PCN to be raised with the MPC. Room for parking but NWR doesnt own it so limited parking depending of the car park occupancy. First line presented at access at Rev main 3100.    LAT=51.81504			    LONG=-0.82058			    EAST=481397.4392			    NORTH=213590.5032",""
"110176817","MCJ2","39.0051","QS","","39.0051","3100","","MAP","","480572.0","214005.0","Griffin Lane Foot Crossing","HSJ6","","","","","","","","","PED","","110176817","2022-05-04","","NRAIL","","","","","Rev Main/Fast","Both sides can be accessed off Griffin lane via the footpaths. Parking is limited on Gatehouse Way <off Griffin Lane>.  ~
It""s a Pedestrian only access. Number 5 Padlock on the gate. ~
First presented line: Upside/Downside/Goods loop etc Up and Down Aylesbury <Single Line/Bi-Directional>.  Gate either side of the line.~
Evidence of Vagrants and drug paraphernalia in area beneath Griffin Lane bridge. Small river directly next to site.    LAT=51.81864			    LONG=-0.83284			   EAST=480572			   NORTH=214005",""
"50143626","MCJ2","39.1063","QS","","39.1063","3400","","MAP","","479778.0","214490.0","Rabans Lane, Aylesbury <Br. 167>","HSJ6","","","","","","","","","Pedestrian access point","","50143626","2025-02-04","","AMEY","","","","","Rev Single","What3Words for the access gate is ///intervals.trees.gather. Metal pedestrian gate on down side <No. 5 lock> & ""No Trespass"" sign. Concrete path & steps and handrail down to track side. Limited road parking.",""
"110167314","MCJ2","40.088","QS","","40.088","3100","","MAP","","478642.0","215386.0","Aylesbury Vale Parkway Station","HSJ6","","","","","","","","","","","110167314","2019-06-18","","NRAIL","","","","","Rev Main/Fast","Access from Chilterns station car park.  Vehicle parkiing in appointed bays or by Underpass access about 40yds from station.  No.5 key on gate.  Park with consideration to station users & inform station staff of you presence in the car park if taking up car parking spaces or blocking through routes.  LAT = N51:49:53 & LONG = W0:51:37",""
"110167312","MCJ2","40.091","QS","","40.091","3100","","MAP","","478602.0","215390.0","Aylesbury Vale Parkway Station","HSJ6","","","","","","","","","","","110167312","2019-06-18","","NRAIL","","","","","Rev Main/Fast","Double gated access from Chilterns station car park, adjacent to underpass.  No5 key on gate.  Park with consideration to station users and inform station staff of your presence in the car park if taking up car parking spaces or blocking through routes.   LAT=N51:49:54 & LONG = W0:51:39",""
"50143597","MCJ2","40.1144","QS","","40.1144","3400","","MAP","","478464.0","215544.0","Bicester Road <A41> <Br. 175>","HSJ6","","","","","","","","","","","50143597","2011-03-24","","AMEY","","","","","Rev Single","Metal gate on up side of bridge <No. 5 lock>. Stone steps & handrail up to track side. No parking. Steps/gate overgrown.",""
"50143598","MCJ2","43.0","QS","","43.0","3100","","MAR","","475750.0","217922.0","Blackgrove Road Access Point BR. 179","HSJ6","","","","","","","","","","","50143598","2020-01-14","","NRAIL","","","","","Rev Main/Fast","LAT=N51:51:17    LONG=W0:54:06    Blackgrove Rd Access point. Supporting the Claydon Signal Box. Metal vehicular gate on upside of bridge with ""No Trespass"" sign in-situ, to large parking area and trackside. Any large or articuated lorries to access the site from the South only. This is due to a hairpin turn off Blackgrove Road - Left In & Right Out. Vehicle, Pedestrain and RRV Access via a timber RRAP. No 5.Padlock on the gate.",""
"50467710","MCJ2","29.0","QS","","29.0","1100","","MAV","","489341.0","201192.0","Gt. Missenden Station Car Park","HSJ6","","","","","","","","","","","50467710","2018-09-13","","NRAIL","","","","","Up Main/Fast","Far end of station car park, vehicular double gates lead to parking area <No. 5 lock> and further vehicular gate to track side. ""No Trespass"" sign in-situ.",""
"50467711","MCJ2","33.1122","QS","","33.1122","1100","","MAV","","486597.0","207686.0","Wendover Station Car Park","HSJ6","","","","","","","","","Vehicle Access Point","","50467711","2019-02-18","","NRAIL","","","","","Up Main/Fast","Follow Station Approach, turn off before overflow car park. Parking for one vehicle at vehicular gate <No. 5 lock> to trackside on level.",""
"50467709","MCJ2","35.132","QS","","35.132","1100","","MAV","","484157.0","210337.0","Stoke Mandeville Station Car Park","HSJ6","","","","","","","","","","","50467709","2018-09-13","","NRAIL","","","","","Up Main/Fast","Far end of car park, double vehicular gates <No. 5 lock> large parking area & trackside on level.",""
"50143623","MCJ2","37.132","QS","","37.132","2900","","MAV","","482317.0","212981.0","Court Close off Stoke Road, Aylesbury","HSJ6","","","","","","","","","","","50143623","2011-03-24","","AMEY","","","","","Down Siding","Vehicular access to south end of the carriage sidings,. down side. by means of large gates locked by non-standard padlock - key held on Aylesbury Depot. ""No Trespass"" sign in-situ. Parking area available.",""
"50467713","MCJ2","38.044","QS","","38.044","1100","","MAV","","481709.0","213491.0","Aylesbury Station Car Park","HSJ6","","","","","","","","","","","50467713","2018-09-13","","NRAIL","","","","","Up Main/Fast","Left into car park, far end through double gates to the right of AMEY Depot to trackside. Parking area available.",""
"50143624","MCJ2","38.088","QS","","38.088","2900","","MAV","","481326.0","213606.0","Oxford Road <A418> Aylesbury <Br. 160>","HSJ6","","","","","","","","","","","50143624","2011-03-24","","AMEY","","","","","Down Siding","Over bridge turn left before Aylesbury College follow road to double vehicular gates <222 lock> to sidings at level. Parking available.",""
"110167315","MCJ2","40.088","QS","","40.088","3100","","MAV","","478642.0","215386.0","Aylesbury Vale Parkway Station","HSJ6","","","","","","","","","","","110167315","2019-06-18","","NRAIL","","","","","Rev Main/Fast","Access from Chilterns station car park.  Vehicle parkiing in appointed bays or by Underpass access about 40yds from station.  No.5 key on gate.  Park with consideration to station users & inform station staff of you presence in the car park if taking up car parking spaces or blocking through routes.  LAT = N51:49:53 & LONG = W0:51:37",""
"110167313","MCJ2","40.091","QS","","40.091","3100","","MAV","","478602.0","215390.0","Aylesbury Vale Parkway Station","HSJ6","","","","","","","","","","","110167313","2019-06-18","","NRAIL","","","","","Rev Main/Fast","Double gated access from Chilterns station car park, adjacent to underpass.  No5 key on gate.  Park with consideration to station users and inform station staff of your presence in the car park if taking up car parking spaces or blocking through routes.   LAT=N51:49:54 & LONG = W0:51:39",""
"50143599","MCJ2","44.044","QS","","44.044","3400","","MAV","","473890.0","218951.0","Bucks Railway Centre, Quainton","HSJ6","","","","","","","","","","","50143599","2011-03-24","","AMEY","","","","","Rev Single","Turn right before Railway Centre entrance to white vehicular gate, then onto wooden vehicular gate <No. 5 lock> and parking area on RT land. White gate must be closed after use.",""
"50143603","MCJ3","160.044","QS","","160.044","3400","","MAP","","472012.0","220791.0","Unclassified Rd from Quainton to Edgcott <Br. 570>","HSJ6","","","","","","","","","","","50143603","2011-03-24","","AMEY","","","","","Rev Single","Metal pedestrian gate on upside of bridge with ""No Trespass"" sign. Path and handrail down to trackside. No parking No padlock <gate open>. Path overgrown.",""
"50143600","MCJ3","157.044","QS","","157.044","3400","","MAV","","468935.0","224595.0","Calvert Old Station <Br. 563>","HSJ6","","","","","","","","","","","50143600","2023-05-31","","AMEY","","","","","Rev Single","Vehicular gate on upside of bridge approach <North Eastern> <No. 5 lock> follow route to large parking area & pedestrian gate <No. 5 lock> to track side on level. Access blocked by tree trunk & sleepers.",""
"110144306","MCJ4","0.0","QS","","0.0843","3100","","MAV","","468673.0","225727.0","Claydon Junction - Shepherd's Furze Farm","HSJ6","","","","","","","","","","","110144306","2011-03-24","","PP","","","","","Rev Main/Fast","Vehicle access at Claydon Junction. We have a documented agreement with the landowner for a reserved right of access off the main road, up the farm track past Shepherds Furze Farm to the Railway Line, however please note the following restrictions: 1. No vehicles exceeding 10 tonnes gross weight. 2. Strict speed limit of 15mph. 3. Access for all staff between 9am - 5pm on Monday - Friday ONLY. 4. Access at weekends will only be allowed following prior arrangement with the landowner. 5. Access for signallers is 24/7. 6. No parking of machinery, plant or materials on land not belonging to Network Rail. 7. Mis-use of this access arrangement may result in the agreement being terminated and access stopped. Anyone using this access outside the documented hours may also be reported to police and could be liable to prosecution for trespass.",""
"110131703","MJI1","156.06","QS","","156.06","1100","","MAP","","371832.0","308501.0","MADELEY JUNCTION SIGNAL BOX","HSJ7","","","","","","","","","","","110131703","2011-03-24","","NRAIL","","","","","Up Main/Fast","AUTHORISED WALKING ROUTE to Madeley Signalbox - from car park in stalford park industrial estate <tamalite modular>, down steps to access gate <no 17 key>, up steps, then left along walking route adjacent to down branch line. corss down and up branch lines by walking route to signal box steps. <Issue June 05- Mileage used only approximate. <YJ SHEPHARD/OHS RISK CONTROL COORDINATOR NR>",""
"110131704","MJI1","156.06","QS","","156.06","2100","","MAP","","371832.0","308501.0","MADELEY JUNCTION  SIGNALBOX","HSJ7","","","","","","","","","","","110131704","2023-05-31","","","","","","","Down Main/Fast","AUTHORISED WALKING ROUTE to Madeley Signalbox - from car park in stalford park industrial estate <tamalite modular>, down steps to access gate <no 17 key>, up steps, then left along walking route adjacent to down branch line. corss down and up branch lines by walking route to signal box steps. <Issue June 05- Mileage used only approximate. <YJ SHEPHARD/OHS RISK CONTROL COORDINATOR NR>",""
"110185191","MJI1","156.1342","QS","","156.1342","3400","","MAP","","371394.0","308072.0","Under A464 Stafford park","HSJ7","","","","","","","","","Pedestrian Access","","110185191","2023-11-14","","NRAIL","","","","","Rev Single","add in platforms as access points. all platforms assessed to be added in to HD as part of railhub access point upgrade. new temporary pedestrian access point installed to allow access to madeley branch without having to block WSJ2 mainline",""
"50143607","MJI1","157.0781","QS","","157.0781","3400","","MAP","","371398.0","306979.0","Underbridge Nedge Hill <Br. 1>","HSJ7","","","","","","","","","","","50143607","2018-09-17","","NRAIL","","","","","Rev Single","Follow signs to Nedge Hill to pedestrian gate on upside, concrete steps and handrail up to trackside. <No. 17 lock>. Limited parking.",""
"50143609","MJI1","160.0009","QS","","160.0009","3400","","MAP","","365789.0","303727.0","Lightmoor Vehicle","HSJ7","","","","","","","","","PED","","50143609","2021-06-23","","AMEY","","","","","Rev Single","Left turn off A4169 1/4 mile from traffic island, through metal vehicular gate <No. 222 lock> with adjacent ""No Trespass"" sign. Follow road to signal box and large parking area. Off A4169 follow road to Ironbridge past Power Station, wooden gate on upside of bridge on right. Concrete steps & handrail up to track side. Gate broken & no lock. Steps in poor condition. Needs repairs and de-veg.",""
"50143608","MJI1","160.033","QS","","160.033","3400","","MAP","","368372.0","305185.0","Ironbridge Power Station","HSJ7","","","","","","","","","PED","","50143608","2021-06-23","","NRAIL","","","","","Rev Single","Access must be agreed with Ironbridge Power Station prior to your visit or you will be turned away. Phone 01952 433451 <24hrs>. Off A4169 follow road to Ironbridge, turn in to power station, sign in and follow instructions given at reception. Left turn off A4169 1/4 mile from traffic island, through metal vehicular gate <No. 222 lock> with adjacent ""No Trespass"" sign. Follow road to signal box and large parking area",""
"50467729","MJI2","160.0829","QS","","160.0829","3400","","MAP","","366166.0","303902.0","Ironbridge Road, Bridge Street","HSJ7","","","","","","","","","PED","","50467729","2023-05-31","","","","","","","Rev Single","Off A4169 follow road to Ironbridge past Power Station, wooden gate on upside of bridge on right. Concrete steps & handrail up to track side. Gate broken & no lock. Steps in poor condition. Needs repairs and de-veg.",""
"110172372","MJI2","161.0478","QS","","161.0478","1100","","MAP","","366696.0","304641.2","Darby Road, Coalbrooke Dale","HSJ7","","","","","","","","","","","110172372","2021-05-25","","NRAIL","","","","","Up Main/Fast","No parking. No.17 padlock. Access to MJI2, and also GSMR mast.   LAT=52.638502   LONG=-2.4935747   EAST=366696.0787     NORTH=304641.2421",""
"110172632","MJI2","161.1563","QS","","161.1563","1100","","MAP","","367409.3","304965.2","Coalbrooke Dale Footcrossing","HSJ7","","","","","","","","","PED","","110172632","2023-05-31","","NRAIL","","","","","Up Main/Fast","Existing access point, idenitied via desktop verification for official entry into NHD,",""
"110171752","MJI2","160.1512","QS","","160.1512","1100","","MAV","","366709.8","304069.6","Coalbrookdale old station/Woodcentre","HSJ7","","","","","","","","","VECHILE","","110171752","2023-05-31","","","","","","","Up Main/Fast","Existing access point, idenitied via desktop verification for official entry into NHD.  Access off station road. No.17 lock. Limited parking. For nighttime access by agreement only due to locked gate.",""
"50467730","MJI2","161.132","QS","","161.132","3400","","MAV","","367184.0","304978.0","Cherry Tree Hill","HSJ7","","","","","","","","","","","50467730","2011-03-24","","","","","","","Rev Single","Left turn off A4169 onto Cherry Tree Hill. Parking area after last house on left before underbridge. Wooden vehicular gate <No.17 lock> gives level access to trackside.",""
"110173569","MYC","0.1447","QS","","0.1447","2100","","MAP","","435108.4","293581.3","Nuneaton North Cord North 5","HSJ0","","","","","","","","","","","110173569","2021-09-09","","NRAIL","","","","","Down Main/Fast","","SP 35108 93581"
"110155869","MYC","0.0624","QS","","0.0624","2100","","MAV","","435602.5","293015.0","Nuneaton North Cord South 1 Stairs","HSJ0","","","","","","","","","","","110155869","2021-09-08","","NRAIL","","","","","Down Main/Fast"," ","SP 35602 93015"
"110155868","MYC","0.1049","QS","","0.1049","2100","","MAV","","435336.3","293298.9","Nuneaton North Cord South 2","HSJ0","","","","","","","","","","","110155868","2021-09-08","","NRAIL","","","","","Down Main/Fast"," ","SP 35336 93298"
"110173570","MYC","0.1111","QS","","0.1111","2100","","MAV","","435297.8","293340.7","Nuneaton North Cord 3","HSJ0","","","","","","","","","","","110173570","2021-09-09","","NRAIL","","","","","Down Main/Fast","","SP 35297 93340"
"110173572","MYC","0.1209","QS","","0.1209","2100","","MAV","","435241.3","293410.2","Nuneaton North Cord North 4","HSJ0","","","","","","","","","","","110173572","2021-09-09","","NRAIL","","","","","Down Main/Fast","","SP 35241 93410"
"50143549","NAJ1","0.0044","QS","","0.0044","1100","","MAP","","511272.0","185378.0","Long Drive Br. No. 1","HSJ6","","","","","","","","","","","50143549","2018-09-13","","NRAIL","","","","","Up Main/Fast","Pedestrian gate on upside <No.5 padlock> up to lineside past relay box. Limited parking. Out of hours contact LUL station foreman to gain access.",""
"110176811","NAJ1","1.1232","QS","","1.1232","2100","","MAP","","513798.5","185556.5","Northolt Park Stn","HSJ6","","","","","","","","","PED","","110176811","2022-02-16","","NRAIL","","","","","Down Main/Fast","Platforms provides access to the Up main/1100 and Down main/2100. Access and egress off platform ends only when an appropriate safe system of work is in place. No access during the day, apart from minor maintenance, carrying light hand tools only. No plant or machinery access during the day unless there is emergency protection.    LAT=51.55743			    LONG=-0.35986			    EAST=513798.5322			    NORTH=185556.5003",""
"110184651","NAJ1","1.1709","QS","","1.1709","3900","","MAP","","508363.0","186835.0","West Ruislip Turnback sidings","HSJ6","","","","","","","","","","","110184651","2023-08-29","","NRAIL","","","","","Rev Siding","Pedestrian access gate on Ickenham Road opposite West Ruilsip station entrance. Access leads down steps to the West Ruislip Turnback sidings. Vehicles will need to be parked nearby as no available parking on this road. This access leads to the drivers walking route, the track and numerous Network Rail assets. What3Words for the access gate is ///clip.lanes.trio",""
"110177295","NAJ1","2.0","QS","","2.0","1100","","MAP","","514257.0","185710.0","Russell Road","HSJ6","","","","","","","","","Pedestrian access","","110177295","2022-04-06","","NRAIL","","","","","Up Main/Fast","Pedestrian access, down steps to the Up Main. No.5 Padlock. w3w: deeply.sounds.taken <Access gate>. No vehicles on bridge. Plenty of free parking at southern end of bridge <w3w: gross.pine.trials>.     LAT=51.558713			    LONG=-0.353213			   EAST=514257			    NORTH=185710",""
"110176812","NAJ1","2.1305","QS","","2.1305","2100","","MAP","","515430.8","185720.3","Sudbury Hill Harrow Stn","HSJ6","","","","","","","","","PED","","110176812","2022-02-16","","NRAIL","","","","","Down Main/Fast","Platform provides access to the Up main/1100 and Down main/2100. Access and egress off platform ends only when an appropriate safe system of work is in place. No access during the day, apart from minor maintenance, carrying light hand tools only. No plant or machinery access during the day unless there is emergency protection.    LAT=51.55856			    LONG=-0.33627			    EAST=515430.8844			    NORTH=185720.3616",""
"50143575","NAJ1","3.044","QS","","3.044","2100","","MAP","","516202.0","185445.0","Sudbury, Maybank Avenue ","HSJ6","","","","","","","","","","","50143575","2011-03-24","","AMEY","","","","","Down Main/Fast","Gate on downside of bridge <No. 5 padlock>. Concrete steps & handrail down to lineside.",""
"50143577","NAJ1","4.088","QS","","4.088","1100","","MAP","","518586.0","185342.0","Wembley.  St Johns Close, off St Johns Road","HSJ6","","","","","","","","","Pedestrian Access Point","","50143577","2019-02-18","","NRAIL","","","","","Up Main/Fast","Vehicular double gate <No. 5 key>. Area for parking restricted by spoil/veg. Roadway up to lineside.",""
"50143579","NAJ1","6.0","QS","","6.0","1100","","MAP","","520572.0","185525.0","Neasden, Gt Cent Way Opposite Hannah Close","HSJ6","","","","","","","","","","","50143579","2018-09-13","","NRAIL","","","","","Up Main/Fast","Small gate locked with BR5 lock gives pedestrian access at rail level. up line. Poor visibility at lineside. Vegetation cut back required.",""
"110169048","NAJ1","23.055","QS","","23.055","0","","MAP","","480087.0","201015.0","Princes Risborough Foot Crossing","HSJ6","","","","","","","","","S&T Maintenance","","110169048","2019-11-27","","NRAIL","","","","","All/Multiple Tracks","GPS Lat 51.42""7.81149.  GPS Long 50""33.00318""""W.  This is a foot crossing which is part of the Ridgeway footpath. Access point to access S&T location cases which are situated in the Cess. Currently we are having to take line blockages to access the locations crossing the infrustucture at Lee Road.This access point is a mile away from this footcrossing. The teams can continue to park on Upper Icknield Way. walking through the footpath to site.",""
"50143574","NAJ1","0.1584","QS","","0.1584","2100","","MAV","","512548.0","185284.0","Easticote Lane <Br. No. 2>","HSJ6","","","","","","","","","","","50143574","2018-09-13","","NRAIL","","","","","Down Main/Fast","Double vehicular gates <No. 5 padlock> to open area. Concrete steps and handrail up to lineside.",""
"50493765","NAJ1","2.1166","QS","","2.1166","2100","","MAV","","515453.0","185712.0","Hartington Close","HSJ6","","","","","","","","","Vehicle Access Point","","50493765","2019-02-18","","NRAIL","","","","","Down Main/Fast","At Sudbury Hill, Harrow Station turn into Hartington Close, vehicular gate on right side <No. 5 padlock> to lineside.",""
"50493766","NAJ1","3.121","QS","","3.121","2100","","MAV","","516883.0","185281.0","Roundtree","HSJ6","","","","","","","","","","","50493766","2018-09-14","","NRAIL","","","","","Down Main/Fast","At Sudbury and Harrow Road Station turn into Roundtree, vehicular gate on right side <No. 5 padlock> to lineside.",""
"50143576","NAJ1","4.0308","QS","","4.0308","1100","","MAV","","517787.0","185317.0","Wembley, Harrowdene Road","HSJ6","","","","","","","","","","","50143576","2019-02-18","","NRAIL","","","","","Up Main/Fast","Pedestrian gate <no padlock. Concrete steps & handrail up to lineside. Also vehicular double gate <No. 5 padlock> leading to parking area. Parking area restricted by fly-tipping.",""
"110177294","NAJ1","5.0047","QS","","5.0047","1100","","MAV","","519920.0","185436.0","Pink Coach Park","HSJ6","","","","","","","","","Vehicular","","110177294","2022-04-06","","NRAIL","","","","","Up Main/Fast","Vehicular access through double gates to Up Main cess adjacent to ME328 signal. Access point located at the rear of the Pink Coach Park. Parking available on gravel area next to gate. To gain access to the coach park contact Wembley Park Parking Supervisors <24hr> on 07581 399 447. w3w of access point: unwanted.cable.jumped. w3w of entrance to coach park: intervals.agent.exams. Note - lots of gravel dumped at the railway side of the gates.   LAT=51.555075			     LONG=-0.271657			    EAST=519920			     NORTH=185436",""
"110166346","NAJ1","5.0139","QS","","5.0139","1100","","MAV","","519103.7","185327.9","Wembly Stadium Staion - PSP Access","HSJ6","","","","","","","","","Vehicle Access Point","","110166346","2022-01-07","","NRAIL","","","","","Up Main/Fast","Access gate from new driveway down through building site off South Way by Wembley Stadium. Gate to the trackside and the PSP compound with at No.5 padlock on the gate leading onto a purpose built concrete base for parking vehicles.",""
"110150934","NAJ2","11.044","QS","","11.121","0","","MA","","","","BEACONSFIELD  STATION","HSJ6","","","","","","","","","","","110150934","2017-11-16","","NRAIL","","","","","All/Multiple Tracks","Previously the site has never been HWR due to the approx 40ft wideway between the platforms, this is still the case, however once the platform extension work was completed it was then showing HWR. Access and siting is very good throughout the site and there is more than ample position of safety.",""
"110176814","NAJ2","0.0123","QS","","0.0123","2100","","MAP","","511086.9","185455.2","South Ruislip Stn","HSJ6","","","","","","","","","PED","","110176814","2022-02-16","","NRAIL","","","","","Down Main/Fast","Platforms provides access to the Up main/1100 and Down main/2100 and Down slow/2200 <ELR - ANL>. Access and egress off platform ends only when an appropriate safe system of work is in place. No access during the day, apart from minor maintenance, carrying light hand tools only. No plant or machinery access during the day unless there is emergency protection.    LAT=51.55706			    LONG=-0.39899			     EAST=511086.9864			     NORTH=185455.2268",""
"50143552","NAJ2","1.0","QS","","1.0","1100","","MAP","","509748.0","186125.0","Almond Close, near Ruislip Gardens","HSJ6","","","","","","","","","","","50143552","2018-09-14","","NRAIL","","","","","Up Main/Fast","Turn right at the end of Almond Close and follow the access road for the residents garages and bear left. A small gate. BR5 lock. gives access via concrete steps & handrail up to lineside. No parking.",""
"50143553","NAJ2","2.132","QS","","2.132","9999","","MAP","","507161.0","187202.0","Breakspear Road ","HSJ6","","","","","","","","","","","50143553","2020-05-28","","NRAIL","","","","","Unknown","Double access gates off Breakspear Road South adjacent to unnderbridge, with No.5 padlock. Off road parking available, steps up to ~
lineside from parking area. Nearest line to you at top of steps is the Up main. What3Words reference for roadside access gates is ~
///appeal.fall.lasted   LAT=N51:34:25   LONG=W0:27:17",""
"50143554","NAJ2","3.0698","QS","","3.0698","2100","","MAP","","506163.0","187357.0","Harvil Road Bridge","HSJ6","","","","","","","","","","","50143554","2023-05-31","","NRAIL","","","","","Down Main/Fast","LAT = N51:34:30     LONG = W0:28:10    The access is currently CLOSED due to HS2 construction works.   What3Words location  :-   ///dunes.fries.tower",""
"50143555","NAJ2","3.132","QS","","3.132","2100","","MAP","","505580.0","187493.0","Access off Harvil Road - Uxbridge Recycling","HSJ6","","","","","","","","","","","50143555","2011-03-24","","AMEY","","","","","Down Main/Fast","Vehicle access along track for approx 1/4mile. Pedestrian gate <No.5 padlock>. Poor parking. Blocked by spoil.",""
"50143556","NAJ2","5.0","QS","","5.0","1100","","MAP","","503593.0","187795.0","Tilehouse Lane ","HSJ6","","","","","","","","","","","50143556","2011-03-24","","AMEY","","","","","Up Main/Fast","Pedestrian gate <No. 5 padlock> concrete steps & handrail up to lineside. Limited parking.",""
"110176815","NAJ2","5.0884","QS","","5.0884","2100","","MAP","","502791.3","187898.8","Denham Golf Club Stn","HSJ6","","","","","","","","","PED","","110176815","2022-02-16","","NRAIL","","","","","Down Main/Fast","Platforms provides access to the Up main/1100 and Down main/2100. Access and egress off platform ends only when an appropriate safe system of work is in place. No access during the day, apart from minor maintenance, carrying light hand tools only. No plant or machinery access during the day unless there is emergency protection.    LAT=51.58059			    LONG=-0.51789			   EAST=502791.3568			    NORTH=187898.8772",""
"110177296","NAJ2","6.0075","QS","","6.0075","1100","","MAP","","500579.0","188557.0","Marsham Lane","HSJ6","","","","","","","","","Pedestrian access point","","110177296","2022-04-06","","NRAIL","","","","","Up Main/Fast","Access down metal steps to Up Main, just east of Gerrards Cross Tunnel. Access either from Marsham Lane or from the corner of the Tesco car park. No. 5 lock. No parking on Marsham Lane but 2 hours free parking in the Tesco car park when the store is open. w3w of access point: garden.title.nobody.    LAT=51.586904			    LONG=-0.549631			    EAST=500579			    NORTH=188557",""
"50143557","NAJ2","6.132","QS","","6.132","1100","","MAP","","500854.0","188356.0","Mill Lane, Gerrards Cross, Br. No. 29","HSJ6","","","","","","","","","","","50143557","2011-03-24","","AMEY","","","","","Up Main/Fast","Wooden gate on up side of bridge <No. 5 lock> concrete steps & handrail down to trackside. No parking at bridge.",""
"110149647","NAJ2","8.0018","QS","","8.0176","1100","","MAP","","499136.0","189433.0","MALTMANS LANE","HSJ6","","","","","","","","","","","110149647","2022-01-07","","NRAIL","","","","","Up Main/Fast","ACCESS POINT AFJANCENT TO UP MAIN, VIS FAOOTPATH THROUGH WOODS FROM MALTMANS LANE",""
"50143560","NAJ2","8.132","QS","","8.132","1100","","MAP","","498002.0","189955.0","Mumfords Lane Br. No. 36","HSJ6","","","","","","","","","","","50143560","2018-09-14","","NRAIL","","","","","Up Main/Fast","Metal pedestrian gate on upside of bridge <No. 5 lock> concrete steps, ramp & handrail down to lineside. Limited parking for one vehicle.",""
"50143561","NAJ2","9.088","QS","","9.088","2100","","MAP","","497063.0","190595.0","Potkiln Lane Br. No. 38","HSJ6","","","","","","","","","","","50143561","2011-03-24","","AMEY","","","","","Down Main/Fast","Wooden gate <No. 5 lock> on down side of bridge. Concrete steps & handrail down to lineside. Parking for one vehicle.",""
"110176696","NAJ2","9.1666","QS","","9.1666","2100","","MAP","","496493.0","191028.1","Seer Green & Jordans Stn","HSJ6","","","","","","","","","","","110176696","2022-02-08","","NRAIL","","","","","Down Main/Fast","Platforms provides access to the Up main/1100 and Down main/2100. Access and egress off platform ends only when an appropriate safe system of work is in place. No access during the day, apart from minor maintenance, carrying light hand tools only. No plant or machinery access during the day unless there is emergency protection.     LAT=  51.60984    LONG=-0.6079    EAST=",""
"110176697","NAJ2","11.0882","QS","","11.0882","2100","","MAP","","494019.8","191154.7","Beaconsfield Stn","HSJ6","","","","","","","","","","","110176697","2022-02-08","","NRAIL","","","","","Down Main/Fast","Platform provides access to the Up main/1100 and Down main/2100. Access and egress off platform ends only when an appropriate safe system of work is in place. No access during the day, apart from minor maintenance, carrying light hand tools only. No plant or machinery access during the day unless there is emergency protection.    LAT=51.6114    LONG=-0.064358     EAST=494019.80031     NORTH=191154.74976",""
"50143563","NAJ2","11.132","QS","","11.132","2100","","MAP","","493621.0","191140.0","One Tree Lane, Footbridge No. 45","HSJ6","","","","","","","","","","","50143563","2023-05-31","","AMEY","","","","","Down Main/Fast","Footpath opposite Furzefield Road. Metal pedestrian gate on down side of bridge with ""No Trespass"" sign & No. 5 lock. Overgrown. No steps in steep bank.",""
"50143536","NAJ2","13.027","QS","","13.027","2100","","MAP","","491438.0","190645.0","Whitehouse Tunnel No. 52","HSJ6","","","","","","","","","","","50143536","2018-09-14","","NRAIL","","","","","Down Main/Fast","Off A40 opposite ""Ivory Rest"". Follow lane to vehicular gate <Birse sign> No. 5 lock. Vehicular access road to lineside on upside and steps down to line down side. Vehicular access to compound as above - then 96 very steep steps lead down to rail level. down line. at the southern portal of Whitehouse Tunnel.",""
"50143537","NAJ2","14.0","QS","","14.0","1100","","MAP","","490194.0","191086.0","Derehams Avenue off Derehams Lane, Loudwater ","HSJ6","","","","","","","","","","","50143537","2018-09-14","","NRAIL","","","","","Up Main/Fast","Under bridge, turn left, 50yds on left green palisade gate No.5 lock, concrete steps & handrail up to lineside. Parking for two vehicles and street parking.",""
"50143517","NAJ2","17.088","QS","","17.088","2100","","MAP","","485377.0","193815.0","West Wycombe Rd to Malvern Clo. footpath , Br. 74","HSJ6","","","","","","","","","","","50143517","2018-09-14","","NRAIL","","","","","Down Main/Fast","Small gate. BR5 lock. gives access to concrete steps down to rail level. down line. from this footbridge. Street parking available.",""
"50143518","NAJ2","18.0","QS","","18.0","1100","","MAP","","484640.0","194131.0","West Wycombe Rd to Southfield Rd footpath, Br. 76","HSJ6","","","","","","","","","","","50143518","2018-09-14","","NRAIL","","","","","Up Main/Fast","Pedestrian access between Nos. 16 & 18 Southfield Road small gate. BR5 lock., easy climb down to rail level. Requires improvements steps/handrail.",""
"50143519","NAJ2","18.044","QS","","18.044","2100","","MAP","","484266.0","194275.0","West Wycombe Road A40","HSJ6","","","","","","","","","","","50143519","2011-03-24","","AMEY","","","","","Down Main/Fast","Open area metal pedestrian gate No. 5 lock. To lineside at rail level. Limited parking. Gates in need of repair.",""
"110149646","NAJ2","18.055","QS","","18.055","1100","","MAP","","484168.0","194321.0","WEST WYCOMBE","HSJ6","","","","","","","","","","","110149646","2022-01-07","","NRAIL","","","","","Up Main/Fast","ACCESS POINT ADJANCENT TO UP MAIN, VIA FOOTPATH OVER BRIDGE 77 <BRENCH BRIDGE>",""
"110179551","NAJ2","19.0088","QS","","19.0088","2100","","MAP","","483416.0","195085.0","Bradenham Road","HSJ6","","","","","","","","","PED","","110179551","2022-08-05","","NRAIL","","","","","Down Main/Fast","Limited parking available. Access to 2100.~
Padlock is on the gate: Number 5 padlock.  ~
   LAT=51.64832			    LONG=-0.79582			    EAST=483416			    NORTH=195085",""
"110176698","NAJ2","21.0551","QS","","21.0551","2100","","MAP","","481331.3","198093.9","Saunderton Stn","HSJ6","","","","","","","","","","","110176698","2022-02-08","","NRAIL","","","","","Down Main/Fast","Platform provides access to the Up main/1100 and Down main/2100. Access and egress off platform ends only when an appropriate safe system of work is in place. No access during the day, apart from minor maintenance, carrying light hand tools only. No plant or machinery access during the day unless there is emergency protection.    LAT=51.67573    LONG=-0.82516    EAST=481331.35488     NORTH=198093.94403",""
"50143525","NAJ2","22.088","QS","","22.088","2100","","MAP","","480673.0","199848.0","Lee Road <off A4010> <Br. No's 90 & 91>","HSJ6","","","","","","","","","","","50143525","2011-03-24","","AMEY","","","","","Down Main/Fast","Metal pedestrian gate, concrete steps & handrail down to trackside <down line>. No parking. No lock!",""
"50143528","NAJ2","23.132","QS","","23.132","1400","","MAP","","479742.0","201540.0","Upper Icknield Way, P Risboro <off A4010> <Br. 94>","HSJ6","","","","","","","","","","","50143528","2011-03-24","","AMEY","","","","","Up Single","Wooden pedestrian gate <No. 5 lock> on up side of bridge to concrete path then steps & handrail down to track side <up line only>. No parking.",""
"110183591","NAJ2","25.0","QS","","25.0","1100","","MAP","","479879.0","203384.0","Summerleys Road","HSJ6","","","","","","","","","","","110183591","2023-05-31","","NRAIL","","","","","Up Main/Fast","Access is off Summerleys Road, and what three words <crisps,consented,pinch> will take you to the precise location. ~
Cars/vans can be parked when passing the access point and approximately 12 vehicles can park here.~
The access is for both pedestrian and vehicles, and vehicles can be parked parallel to the track.~
There is a number 5 lock on the gate~
Upon entering the access point, the Up Main / Fast line will be closest with no additional hazards on site.",""
"50127770","NAJ2","25.1188","QS","","25.1188","1100","","MAP","","479163.0","204346.0","Lower Icknield Way <B4009> P Risborough <Br. 100>","HSJ6","","","","","","","","","","","50127770","2018-09-14","","NRAIL","","","","","Up Main/Fast","Metal pedestrian gate <No. 5 lock> on upside of bridge. Concrete steps & handrail up to track side. No parking <except with Pub""s permission>.",""
"50143501","NAJ2","28.044","QS","","28.044","2100","","MAP","","475706.0","206628.0","Near Kingsey Village on A4129 <Br. No. 104>","HSJ6","","","","","","","","","","","50143501","2018-09-14","","NRAIL","","","","","Down Main/Fast","Metal pedestrian gate <No. 5 lock> on down side of bridge. Concrete steps & handrail down to track side. ""No Trespass"" sign in-situ. Climb over highway crash barrier to get to gate. Parking available on grassed area.",""
"50143502","NAJ2","29.0","QS","","29.0","1100","","MAP","","474702.0","207293.0","Unclassified rd from Kingsey to Haddenham <Br.105>","HSJ6","","","","","","","","","","","50143502","2018-09-14","","NRAIL","","","","","Up Main/Fast","Metal pedestrian gate <No. 5 lock> on up side of bridge. Concrete steps & handrail up to track side. No parking.",""
"110165388","NAJ2","4.0824","QS","","4.0832","1100","","MAR","","504434.0","187685.0","DENHAM STATION RRAP","HSJ6","","","","","","","","","","","110165388","2018-10-15","","NRAIL","","","","","Up Main/Fast","RRV,Vehicle & Pedestrain access point at the Southern end of Denham Station Car Park.  Height barriers in place to protect car park, ensure barriers are closed and locked after passing through.  Care to be taken delivering RRV""s or large loads with articulated lorries.  Banksmen/Traffic Marshals to be utilised.  Arrange deliveries and collections outside of peak commuter times where possible No 5 key on access gates.",""
"110160666","NAJ2","16.0638","QS","","16.0638","3600","","MAR","","487032.0","192979.0","High Wycombe station car park","HSJ6","","","","","","","","","","","110160666","2017-07-31","","OT","","","","","Rev Terminal/Bay","RRV,Vehicle & Pedestrian access point. RRV & Vehicles can only access when a possession or suitable arrangements are in place to protect the nearest line, which is the Down bay line into Platform 1. The access gates are within the Chiltern Trains controlled public car park and suitable arrangements shouild be agreed prior to using or parking at this access with the Station Manager at High Wycombe. You can also make arrangements to park within the Network Rail compound adjacent to the access witht the P-Way Section Manager at High Wycombe; High Wycombe depot phone number is 01494 420118. Please be courteous at all times to the public and keep noise to a minumum at night. Ensure letter drops have been done advising local neighbours of your works. Aco drains and cables in troughing run under the access protected by steel road plates.",""
"50493764","NAJ2","0.0264","QS","","0.0264","1100","","MAV","","510942.0","185528.0","Long Drive Br 1","HSJ6","","","","","","","","","","","50493764","2018-09-14","","NRAIL","","","","","Up Main/Fast","Vehicular gate <No. 5 padlock> on upside, track leads up to lineside.",""
"50496345","NAJ2","1.132","QS","","1.132","1100","","MAV","","508679.0","186661.0","Builders yard adjacent to West Ruislip Station","HSJ6","","","","","","","","","","","50496345","2018-09-14","","NRAIL","","","","","Up Main/Fast","Vehicular access through a builders yard adjacent to West Ruislip Station. BRS=5831",""
"50143558","NAJ2","7.044","QS","","7.044","1100","","MAV","","500172.0","188782.0","Gerrads Cross Station Car Park","HSJ6","","","","","","","","","","","50143558","2018-09-14","","NRAIL","","","","","Up Main/Fast","Far end of station car park double vehicle gates <No. 5 lock>. Space for parking for one vehicle on NR land or use car park.",""
"50143562","NAJ2","11.088","QS","","11.088","1100","","MAV","","494023.0","191152.0","Station Car Park","HSJ6","","","","","","","","","","","50143562","2018-09-14","","NRAIL","","","","","Up Main/Fast","Far end of car park, double vehicle gates <No. 5 lock>, access to open area for parking/storage.",""
"50143535","NAJ2","13.027","QS","","13.027","1100","","MAV","","491438.0","190645.0","Whitehouse Lane, Tunnel No. 52","HSJ6","","","","","","","","","","","50143535","2018-09-14","","NRAIL","","","","","Up Main/Fast","Off A40 opposite ""Ivory Rest"". Follow lane to vehicular gate <Birse sign> No. 5 lock. Vehicular access road to lineside on upside and steps down to line down side.",""
"50143539","NAJ2","14.088","QS","","14.088","1100","","MAV","","489589.0","191625.0","Hammersley Lane off A40 ","HSJ6","","","","","","","","","","","50143539","2011-03-24","","AMEY","","","","","Up Main/Fast","Double gates on right after bridge <No. 5 lock> to parking area, then concrete steps & handrail to lineside. Restricted by fly-tipping.",""
"50143540","NAJ2","14.132","QS","","14.132","1100","","MAV","","489295.0","191887.0","Gomm Road off A40 High Wycombe ","HSJ6","","","","","","","","","","","50143540","2023-05-31","","AMEY","","","","","Up Main/Fast","Double vehicular gate on left past bridge <No.5 lock>. Street parking available. Overgrown. No access facility for bank up to lineside. Needs improvements.",""
"50143544","NAJ2","16.0","QS","","16.0","1100","","MAV","","487522.0","192796.0","P Way compound, off Gordon Road, H Wycombe","HSJ6","","","","","","","","","","","50143544","2011-03-24","","AMEY","","","","","Up Main/Fast","Off A40 turn left after bridge to double gates on left side, to yard area for parking. No lock!",""
"50143545","NAJ2","16.088","QS","","16.088","2100","","MAV","","486794.0","193129.0","Station Car Park, High Wycombe","HSJ6","","","","","","","","","","","50143545","2018-09-14","","NRAIL","","","","","Down Main/Fast","Far end of station car park to double vehicle gates, No. 5 lock. Parking available or car park.",""
"50143546","NAJ2","16.132","QS","","16.132","2100","","MAV","","486457.0","193343.0","Rear of Sainsbury Car Park, Ground level","HSJ6","","","","","","","","","","","50143546","2023-05-31","","AMEY","","","","","Down Main/Fast","Enter multi-storey <Dovecote Road> brown double gates at far end of ground floor car park <adjacent to store entrance>. No. 5 lock. Overgrown. No facility for climbing back. Gates blocked by shoppers car spaces. Improvements agreement required with store to create no parking area to public.",""
"50143547","NAJ2","17.0","QS","","17.0","2100","","MAV","","486103.0","193502.0","Bellfield Road West, High Wycombe","HSJ6","","","","","","","","","","","50143547","2011-03-24","","AMEY","","","","","Down Main/Fast","Double gates. BR5 lock. give vehicular access to rail level. down line. located between Comet and Carpet Right warehouses, on the site of the former Wycombe North Yard. Sourced from APM Birmingham Emergency Manual. Issue 01 01/03/97. ",""
"50143521","NAJ2","19.088","QS","","19.088","2100","","MAV","","483057.0","195761.0","Bradenham Road <A4010> <Br. No. 81>","HSJ6","","","","","","","","","","","50143521","2011-03-24","","AMEY","","","","","Down Main/Fast","Vehicular access to rail level. down line. through large BR5 locked gate. Road track up to track side, parking available.",""
"50143527","NAJ2","23.132","QS","","23.132","2400","","MAV","","479742.0","201540.0","Upper Icknield Way, P Risboro <off A4010> <Br. 95>","HSJ6","","","","","","","","","","","50143527","2011-03-24","","AMEY","","","","","Down Single","Vehicular gate <No. 5 lock> on up side of bridge to parking area and concrete steps & handrail up to trackside <down line only>.",""
"50143529","NAJ2","24.066","QS","","24.066","1100","","MAV","","479956.0","202551.0","Princes Risborough Station Car Park","HSJ6","","","","","","","","","","","50143529","2011-03-24","","AMEY","","","","","Up Main/Fast","Far end of car park to double vehicular gates <No. 5 lock>. Parking area and/or drive along P-Way to bridge <Bledlow Bridge No. 96>.",""
"50477399","NAJ2","24.088","QS","","24.088","1900","","MAV","","479952.0","202777.0","P. Risborough Station P-Way Depot","HSJ6","","","","","","","","","","","50477399","2011-03-24","","AMEY","","","","","Up Siding","Turn right at P. Risborough Station into P.Way Depot to blue vehicle gate <No. 5 lock>, then drive to vehicular gate and trackside. No lock on vehicular gate to trackside.",""
"50143530","NAJ2","24.132","QS","","24.132","1100","","MAV","","479934.0","203173.0","Summerleys Rd <B4444> Prince Risborough <Br. 98>","HSJ6","","","","","","","","","","","50143530","2011-03-24","","AMEY","","","","","Up Main/Fast","Under bridge turn right to vehicular gate and steep vehicular road up to large parking area and trackside. No lock!",""
"50143500","NAJ2","27.0286","QS","","27.0286","2100","","MAV","","477166.0","205663.0","Ilmer village <off A4129> <Br. No. 103>","HSJ6","","","","","","","","","","","50143500","2011-03-24","","AMEY","","","","","Down Main/Fast","Sign for ILMER under bridge, turn right to vehicle gate <No. 5 lock> on down side of bridge. Road up to trackside, parking for 3 vehicles on road slope. BR Private Property sign in-situ.",""
"50143504","NAJ2","29.1507","QS","","29.1507","2100","","MAV","","473590.0","208101.0","Station Road, Haddenham <Br. No. 112>","HSJ6","","","","","","","","","","","50143504","2018-09-14","","NRAIL","","","","","Down Main/Fast","Vehicular gate <No. 5 lock> on down side of bridge, road down to large parking area at site of old station platform.",""
"50127772","NAJ2","30.1276","QS","","30.15","1100","","MAV","","472575.0","209060.0","Aylesbury Road, Haddenham <Br. No. 115>","HSJ6","","","","","","","","","","","50127772","2011-03-24","","AMEY","","","","","Up Main/Fast","Vehicular gate <No. 5 lock> on up side of bridge. Road to track side. Parking available. It is possible to drive alongside the track from here to AP73. Bicester North Station. ",""
"50143505","NAJ2","31.132","QS","","31.132","1100","","MAV","","471376.0","210192.0","Crendon Road, Chearsley <Br. No. 119>","HSJ6","","","","","","","","","","","50143505","2011-03-24","","AMEY","","","","","Up Main/Fast","Vehicular gate on up side of bridge & road down to track side. Parking area at top of slope by gate. No lock!",""
"50143506","NAJ2","32.132","QS","","32.132","1100","","MAV","","470435.0","211480.0","Unclassified between Chearsley & Chilton <Br.122>","HSJ6","","","","","","","","","","","50143506","2011-03-24","","AMEY","","","","","Up Main/Fast","Large gate gives vehicular access to rail level on the up line side. Parking available on RT land. Old ""Private Property"" BR sign. Has fly-tipping / scrap problem.",""
"50143509","NAJ3","2.0","QS","","2.0","1100","","MAP","","467352.0","215355.0","Unclass Rd from Brill to W Uwd <Br. No. 4>","HSJ6","","","","","","","","","","","50143509","2018-09-14","","NRAIL","","","","","Up Main/Fast","Vehicular gate on upside of bridge. Large off-road parking area and road down to fence and footpath route to track side. No lock!",""
"110162306","NAJ3","3.1694","QS","","3.1694","2100","","MAP","","465080.0","217547.0","Piddington Road","HSJ6","","","","","","","","","","","110162306","2017-11-16","","NRAIL","","","","","Down Main/Fast","Authorised Access Point locally known as Mill Knob.",""
"50143514","NAJ3","6.044","QS","","6.044","1100","","MAP","","462533.0","220175.0","Akeman Street  <A41> Blackthorn <Br. No. 21>","HSJ6","","","","","","","","","","","50143514","2018-09-14","","NRAIL","","","","","Up Main/Fast","Metal pedestrian gate on upside of bridge <Off Marsh Cribbon turn-off>. ""No Trespass"" sign in-situ. Concrete steps & handrail up to track side. No lock!",""
"110153530","NAJ3","8.0","QS","","517.0","2100","","MAP","","460402.3","222099.2","BICESTER SOUTH JUNCTION","HSJ6","","","","","","","","","","","110153530","2022-01-07","","NRAIL","","","","","Down Main/Fast","PEDESTRIAN ACCESS POINT",""
"50127805","NAJ3","8.045","QS","","8.045","1100","","MAP","","460106.0","222260.0","Bicester By-Pass <Br. No. 23A>","HSJ6","","","","","","","","","","","50127805","2018-09-14","","NRAIL","","","","","Up Main/Fast","On up side of bridge 23A. Parking area, concrete steps & handrail up to pedestrian gate <No. 5 lock> Parking area also Farmers Access.",""
"110155364","NAJ3","8.0517","QS","","8.0517","2100","","MAP","","","","Bicester Sth Junction","HSJ6","","","","","","","","","PEDESTRIAN ACCESS POINT","","110155364","2016-01-29","","NRAIL","","","","","Down Main/Fast","Pedestrian Access Point.",""
"110149149","NAJ3","10.056","QS","","10.056","1100","","MAP","","457176.1","223904.7","HOWES LANE","HSJ6","","","","","","","","","","","110149149","2022-01-07","","NRAIL","","","","","Up Main/Fast","NEW ACCESS POINT ENTRY",""
"50143486","NAJ3","11.132","QS","","11.132","1100","","MAP","","455486.0","225409.0","Middleton Road, Bucknell ","HSJ6","","","","","","","","","","","50143486","2018-09-14","","NRAIL","","","","","Up Main/Fast","Metal pedestrian gate <No. 5 lock>. Wooden steps & handrail down to lineside. Limited parking at bridge.",""
"50143491","NAJ3","14.044","QS","","14.044","1100","","MAP","","452503.0","228103.0","Raghouse Lane near Fritwell village ","HSJ6","","","","","","","","","","","50143491","2018-09-14","","NRAIL","","","","","Up Main/Fast","Wooden gate <No. 5 lock> to path & wooden steps & handrail down to lineside. Limited parking at bridge.",""
"50143492","NAJ3","15.044","QS","","15.044","1100","","MAP","","451263.0","229126.0","Unclass from Fritwell to Somerton <Ardley Tunnel>","HSJ6","","","","","","","","","","","50143492","2018-09-14","","NRAIL","","","","","Up Main/Fast","Wooden vehicular gate gives access to parking area. Wooden steps & handrail down to lineside.",""
"110170871","NAJ3","5.0","QS","","5.0","1100","","MAR","","463888.0","218687.0","PADDINGTON   RRAP","HSJ6","","","","","","","","","","","110170871","2020-09-09","","NRAIL","","","","","Up Main/Fast","Paddington RRV access.  Access road ia a shared drive to a private owned house, park with consideration and no litter to be fly tipped at lay by area by access, on the access deive leading point.  Noise to be kept to a minimum. sepecially at night.  Lines are Bi-directly in this area. .  WhatWords for access gate ///stags.quail.only",""
"50127804","NAJ3","1.0352","QS","","1.0352","1100","","MAV","","468250.0","214435.0","Unclassified Road @ Dorton <Br. 2>","HSJ6","","","","","","","","","","","50127804","2018-09-14","","NRAIL","","","","","Up Main/Fast","Vehicular gate on upside of bridge <No. 5 lock>, road along p-way & track side. Parking available.",""
"50143510","NAJ3","3.044","QS","","3.044","1100","","MAV","","466011.0","216850.0","Brill Old Station Yard near Ledgershall ","HSJ6","","","","","","","","","","","50143510","2018-09-14","","NRAIL","","","","","Up Main/Fast","Large double gates. non-standard lock. Access road to trackside. Parking available. Key for the gate can be obtained from the Amey Compound at Aylesbury Station - current holder is Shaun Elsdon <07747 626764>",""
"50143515","NAJ3","7.0","QS","","7.0","1100","","MAV","","461724.0","221071.0","Private Occupation Bridge <Br. No. 20>","HSJ6","","","","","","","","","","","50143515","2018-09-14","","NRAIL","","","","","Up Main/Fast","From A41 take turning for Laughton & on right hand side before road bridge is vehicular gate <No. 5 lock>. Follow farm track over bridge, turn right to vehicular gate & trackside. Parking available. No lock!",""
"110153486","NAJ3","8.0517","QS","","8.0517","2100","","MAV","","459925.0","222411.0","Bicester South Junction","HSJ6","","","","","","","","","","","110153486","2016-08-18","","NRAIL","","","","","Down Main/Fast","Currently no Signage for Access.  Vehicular Access Point.",""
"50477400","NAJ3","9.033","QS","","9.033","2100","","MAV","","458796.0","222991.0","Bicester North Station Car Park","HSJ6","","","","","","","","","","","50477400","2018-09-14","","NRAIL","","","","","Down Main/Fast","Vehicular access point located far end of car park to P-Way yard. Double vehicular gates <No. 5 lock>",""
"50143484","NAJ3","9.132","QS","","9.132","1100","","MAV","","458015.0","223428.0","Buckingham Road <A421> Bicester","HSJ6","","","","","","","","","","","50143484","2018-09-14","","NRAIL","","","","","Up Main/Fast","Vehicular access up to rail level. up side. and alongside up line nearly to ME196 signal. No padlock.",""
"50143488","NAJ3","13.044","QS","","13.044","1100","","MAV","","453737.0","227071.0","Middleton Road <B430>","HSJ6","","","","","","","","","","","50143488","2011-03-24","","AMEY","","","","","Up Main/Fast","Double vehicular gates on upside of bridge. Access road to lineside. Parking area available. No lock!",""
"50143490","NAJ3","14.0","QS","","14.0","2100","","MAV","","452814.0","227848.0","Somerton Road, Ardley Village","HSJ6","","","","","","","","","","","50143490","2011-03-24","","AMEY","","","","","Down Main/Fast","Double vehicular gate <No. 5 lock> access road down to further vehicular gate then access to lineside. Parking available.",""
"50143494","NAJ3","16.132","QS","","16.132","1100","","MAV","","450143.0","231199.0","Wharf Lane, Souldern","HSJ6","","","","","","","","","","","50143494","2011-03-24","","AMEY","","","","","Up Main/Fast","Vehicular gate <No. 5 lock> on upside of bridge. Parking area then wooden steps & handrail up to lineside.",""
"50143497","NAJ3","17.088","QS","","18.044","1100","","MAV","","449999.0","232390.0","Farm track to Nellbridge Farm, Aynho","HSJ6","","","","","","","","","","","50143497","2011-03-24","","AMEY","","","","","Up Main/Fast","Access from Station Road <B4031> <""Nellbridge Farm""> at 17m 880y on up side of bridge. Follow farm track to vehicular gate at 18m 440y, to parking area and lineside at grade. Vehicular access through large gates to track. No gate at access entrance. <Under no circumstances should the north access through the farm buildings from the B4100 be used>",""
"50143495","NAJ3","17.088","QS","","17.088","1100","","MAV","","449999.0","232390.0","Station Road, Aynho B4031","HSJ6","","","","","","","","","","","50143495","2018-09-14","","NRAIL","","","","","Up Main/Fast","Vehicular gate and access road up to lineside. Parking available. No lock! Gap between gate & derelict building, trespass possible.",""
"50143496","NAJ3","17.088","QS","","17.088","2100","","MAV","","449999.0","232390.0","Station Road, Aynho B4031","HSJ6","","","","","","","","","","","50143496","2018-09-14","","NRAIL","","","","","Down Main/Fast","Vehicular gate <No. 5 lock> access road up to lineside. Parking available.",""
"50461272","NBS","0.0544","QS","","0.0544","2100","","MAP","","389650.5","334192.5","Newcastle Road/Tennis Courts","HSJ0","","","","","","","","","","","50461272","2021-09-08","","NRAIL","","","","","Down Main/Fast"," ","SJ 89650 34192"
"50461273","NBS","0.0971","QS","","0.0971","1100","","MAP","","389465.4","333847.9","Fillybrooks / A34","HSJ0","","","","","","","","","","","50461273","2021-09-08","","NRAIL","","","","","Up Main/Fast"," ","SJ 89465 33847"
"110174061","NBS","0.1037","QS","","0.1037","2100","","MAP","","389420.1","333806.1","Filly brooks Golfcourse access","HSJ0","","","","","","","","","","","110174061","2021-09-22","","NRAIL","","","","","Down Main/Fast"," ","SJ 89420 33806"
"110155590","NBS","3.0682","QS","","3.0682","1100","","MAP","","386703.7","330539.3","Bridge NBS/9B","HSJ0","","","","","","","","","","","110155590","2021-09-08","","NRAIL","","","","","Up Main/Fast","Access off old B5026 immediately norton of Smithy Lane Junction.","SJ 86703 30539"
"110175070","NBS","0.0067","QS","","0.0067","2100","","MAPE","","389624.6","334607.4","Stone Plat 2 LowEnd","HSJ0","","","","","","","","","","","110175070","2021-12-09","","NRAIL","","","","","Down Main/Fast","","SJ 89624 34607"
"110175046","NBS","0.0153","QS","","0.0153","1100","","MAPE","","389668.6","334541.1","Stone Plat 1 LowEnd","HSJ0","","","","","","","","","","","110175046","2021-12-09","","NRAIL","","","","","Up Main/Fast","","SJ 89668 34541"
"110175063","NBS","0.0239","QS","","0.0239","1100","","MAPE","","389692.0","334465.2","Stone Plat 1 HighEnd","HSJ0","","","","","","","","","","","110175063","2021-12-09","","NRAIL","","","","","Up Main/Fast","","SJ 89691 34465"
"110175064","NBS","0.0241","QS","","0.0241","2100","","MAPE","","389683.5","334462.2","Stone Plat 2 HighEnd","HSJ0","","","","","","","","","","","110175064","2021-12-09","","NRAIL","","","","","Down Main/Fast","","SJ 89683 34462"
"110155588","NBS","3.1245","QS","","3.1245","2100","","MAR","","386688.2","330026.3","Marsella Compound Search Light Lane RRAP","HSJ0","","","","","","","","","","","110155588","2021-09-08","","NRAIL","","","","","Down Main/Fast","RRAP onto Down Norton Bridge.","SJ 86688 30026"
"110174062","NBS","3.1493","QS","","3.1493","2100","","MAR","","386734.1","329803.8","Marsella Comp Search Light Ln NBS <PSP>","HSJ0","","","","","","","","","","","110174062","2021-09-22","","NRAIL","","","","","Down Main/Fast","","SJ 86734 29803"
"110174063","NBS","3.158","QS","","3.158","2100","","MAR","","386758.5","329728.1","Marsella Comp Search Light Ln NBS South","HSJ0","","","","","","","","","","","110174063","2021-09-22","","NRAIL","","","","","Down Main/Fast","","SJ 86758 29728"
"50143498","NBS","1.1698","QS","","1.1698","2100","","MAV","","387549.5","332644.8","Rapachitis - Moss/Italian Farm","HSJ0","","","","","","","","","","","50143498","2021-09-08","","NRAIL","","","","","Down Main/Fast"," ","SJ 87549 32644"
"110155589","NBS","2.1096","QS","","2.1096","1100","","MAV","","387093.6","331703.5","Yarnfield Junction","HSJ0","","","","","","","","","","","110155589","2021-09-08","","NRAIL","","","","","Up Main/Fast","Access off B5026 opposite golf course","SJ 87093 31703"
"50143499","NBS1","3.0274","QS","","3.0274","3100","","MAP","","386914.7","330866.0","Eccleshall Rd BR.NO.10","HSJ0","","","","","","","","","","","50143499","2021-09-08","","NRAIL","","","","","Rev Main/Fast"," ","SJ 86914 30865"
"110173571","NBS1","3.0909","QS","","3.0909","3100","","MAR","","387005.7","330293.4","Norton Bridge Yard RRAP","HSJ0","","","","","","","","","","","110173571","2021-09-09","","NRAIL","","","","","Rev Main/Fast","","SJ 87005 30293"
"50461274","NBS1","3.0973","QS","","3.0973","3100","","MAV","","387021.4","330236.8","Norton Bridge Yard <SATS> NBS1","HSJ0","","","","","","","","","","","50461274","2021-09-08","","NRAIL","","","","","Rev Main/Fast"," ","SJ 87021 30236"
"110179573","NJN","6.088","QS","","6.088","1100","","MAV","","521350.0","185281.0","BCC Van hire, Great Central Way","HSJ6","","","","","","","","","VEHICLE","","110179573","2023-04-24","","NRAIL","","","","","Up Main/Fast","Coal siding and Up & Down Neasden curve.  There are some track access gates located at BCC Van hire, Great Central Way NW10 0UR that lead to ELR NJN at 6 miles and 40 chains. It is confirmed that Network Rail do have the right to pass and repass over the access road to the access gate as it is NR property. The clause in the least to BCC van hire states ""Network Rail Infrastructure Limited reserves unto itself, and its employees and contractors a right to pass and re-pass at all times, with or without vehicles over the access road shown on the attached plan dashed brown. Without limiting the Tenant""s repair covenant in Clause 5.3, the Tenant is to keep the access road clear at all times."" Decpite this legal permission the access point is not in the Hazard Directory. This is a request to add this access which leads to the Telecom FTN/GSMR site which is accessed by E&P, Telecoms, Structures and Operational Property.    LAT=51.553377    LONG=-0.251106			     EAST=521350			    NORTH=185281",""
"110173555","NMA","9.1533","QS","","9.1533","2100","","MAV","","435644.9","292666.6","Nuneaton DU access","HSJ0","","","","","","","","","","","110173555","2021-09-09","","NRAIL","","","","","Down Main/Fast","","SP 35644 92666"
"50435775","NMH","0.1141","QS","","0.1141","3400","","MAP","","474738.4","260153.7","St James Mill road East <NMH>","HSJ8","","","","","","","","","NP","","50435775","2021-09-17","","NRAIL","","","","","Rev Single","Off A43 turn right at first island into retail park. At end of road to double vehicular gates <No.7 Padlock> Open area for parking.","SP 74738 60153"
"50396576","NSS","1.0306","QS","","1.0306","1100","","MAP","","389748.0","343925.0","Longton Stn Platform 1","HSJ0","","","","","","","","","","","50396576","2011-03-24","","SERCO","","","","","Up Main/Fast","",""
"110129327","NSS","1.0306","QS","","1.0306","1100","","MAP","","389748.0","343925.0","LONGTON STN PLATFORM 1","HSJ0","","","","","","","","","","","110129327","2011-03-24","","CARILL","","","","","Up Main/Fast","",""
"50396577","NSS","1.0309","QS","","1.0309","2100","","MAP","","389751.0","343924.0","Longton Stn Platform 2","HSJ0","","","","","","","","","","","50396577","2011-03-24","","SERCO","","","","","Down Main/Fast","",""
"110129329","NSS","1.0309","QS","","1.0309","2100","","MAP","","389751.0","343924.0","LONGTON STN PLATFORM 2","HSJ0","","","","","","","","","","","110129329","2011-03-24","","CARILL","","","","","Down Main/Fast","",""
"110147035","NSS","0.0164","QS","","0.0164","1100","","MAV","","388321.3","344822.9","City Rd / Stoke Junction NSS","HSJ0","","","","","","","","","","","110147035","2021-09-08","","NRAIL","","","","","Up Main/Fast","Address:A5006:ST4 1 Details: Access near new carpark at Stoke Station  OS GRID REF SJ 882 447","SJ 88321 44822"
"110173628","NSS","0.0405","QS","","0.0405","1100","","MAV","","388440.0","344656.0","Hawkins Street","HSJ0","","","","","","","","","","","110173628","2021-09-09","","NRAIL","","","","","Up Main/Fast","","SJ 88440 44656"
"110173629","NSS","0.1436","QS","","0.1436","2100","","MAV","","389220.5","344153.6","Station Bridge Road/Railway Pub","HSJ0","","","","","","","","","","","110173629","2021-09-09","","NRAIL","","","","","Down Main/Fast","","SJ 89220 44153"
"110168468","NWO","3.0075","QS","","3.0075","1100","","MA","","","","DAW MILL LANE","HSJ6","","","","","","","","","","","110168468","2019-08-27","","NRAIL","","","","","Up Main/Fast","ACCESS GATE OFF DAW MILL LANE/ WINDRIDGE FARM CROSSING - No 17 paslock on gate and on track access - farm crossing gate.   PLEASE KEEP THESE GATES LOCKED AT ALL TIMES DUW TO FLY TIPPING CONCERNS IN THE AREA.",""
"50143374","NWO","0.0616","QS","","0.0616","1100","","MAP","","422390.0","291489.0","<Overbridge No. 1> Hoggrill""s End","HSJ6","","","","","","","","","","","50143374","2018-09-14","","NRAIL","","","","","Up Main/Fast","Hoggrill""s End Lane, farm track <adjacent ""The Croft""> to bridge, concrete steps & handrail down to lineside. Parking for one vehicle. No gate.",""
"50143375","NWO","1.1254","QS","","1.1254","2100","","MAP","","424470.0","291169.0","Shustoke Road <Overbridge No. 7>","HSJ6","","","","","","","","","","","50143375","2018-09-14","","NRAIL","","","","","Down Main/Fast","Pedestrian gate on bridge <No.17 padlock>. Concrete steps & handrail down to lineside. Parking by arrangement with ""Ye Olde Station"" Guest House. Poor sighting at foot of access steps to down line.",""
"50143379","NWO","4.0594","QS","","4.0594","2100","","MAP","","427733.0","289277.0","Stonehouse Lane <Underbridge No. 17>","HSJ6","","","","","","","","","","","50143379","2023-05-31","","NRAIL","","","","","Down Main/Fast","Downside of bridge ad-hoc access exists - needs bringing up to standard. Parking for one vehicle on road. No gate, no standard handrail, steps need improving.",""
"50143343","NWO","5.077","QS","","5.077","1100","","MAP","","428906.0","290595.0","Church Lane, Old Arley","HSJ6","","","","","","","","","","","50143343","2018-09-14","","NRAIL","","","","","Up Main/Fast","Triangular area of land near to U/Bridge No.21. Parking available but suffers from fly-tipping. Pedestrian gate with concrete steps & handrail up to track level. Padlock broken.",""
"110143864","NWO","7.066","QS","","7.066","2100","","MAP","","431821.3","291687.8","Unnamed","HSJ6","","","","","","","","","","","110143864","2022-01-07","","NRAIL","","","","","Down Main/Fast","Foot Access Point. Gate situated on the Nuneaton side of underline bridge 29, allows access from the road via steps up to the Down Main.",""
"50143348","NWO","8.0594","QS","","8.0594","1100","","MAP","","433309.0","291779.0","Whittleford Road","HSJ6","","","","","","","","","","","50143348","2018-09-14","","NRAIL","","","","","Up Main/Fast","Vehicular gate to access <gate missing>, vehicular width track off Whittleford Road <side of Midland Haulage & Plant Company>. Parking available on open land. Pedestrian gate <No.17 padlock> concrete steps to track level. Handrail missing in part.",""
"110143865","NWO","8.154","QS","","8.154","2100","","MAP","","434128.0","290247.0","Unnamed","HSJ6","","","","","","","","","","","110143865","2022-01-07","","NRAIL","","","","","Down Main/Fast","Foot Access Point. Gate adajacent to Knowles Crossing overline bridge. Created by a scheme to carry out work on a UTX by Severn Trent but the works never went ahead.",""
"110173649","NWO","9.0656","QS","","9.0656","1100","","MAP","","434918.5","292157.5","Vernoms Lane","HSJ0","","","","","","","","","","","110173649","2021-09-09","","NRAIL","","","","","Up Main/Fast","","SP 34918 92157"
"110173553","NWO","10.0226","QS","","10.0226","1100","","MAP","","435940.5","292697.5","Ashby Junction South <NWO>","HSJ0","","","","","","","","","","","110173553","2021-09-09","","NRAIL","","","","","Up Main/Fast","","SP 35940 92697"
"110143906","NWO","2.044","QS","","2.044","1901","","MAV","","425033.0","290519.8","Daw Mill Colliery","HSJ6","","","","","","","","","","","110143906","2022-01-07","","PP","","","","","","Vehicle Access Point. Double farm style gates allowing flat access to departure road No.2 at Daw Mill. Special Arrangements for using this access as it requires driving through the ex-colliery: Site Specifics:- 4 digit coded lock on main gate, code is 1730. drive carefully through and stick to the driving route down to the track access <beware of missing drainage covers on any non driving route areas>, Wear your P.P.E at all times whilst out of your cab. This is a known Trespass site, report any suspicous behaviour on the Colliery site to Incident Control which will be forwarded to BTP/Local Police.",""
"50143378","NWO","4.0242","QS","","4.0242","2100","","MAV","","427485.0","289074.0","Station Road <Bridge No.15>","HSJ6","","","","","","","","","","","50143378","2018-09-14","","NRAIL","","","","","Down Main/Fast","Vehicular gate off Station Road <adjacent to Bridge No.15> vehicular road up to open area at track level. Parking available. No padlock.",""
"50143344","NWO","6.0484","QS","","6.0484","1100","","MAV","","430118.0","291158.0","Arley Tunnel <Overbridge No. 25>","HSJ6","","","","","","","","","","","50143344","2018-09-14","","NRAIL","","","","","Up Main/Fast","Off B4112 from roundabout, access through Michael Kiernan Car Lot to field gate <unlocked>. Vehicular track to pedestrian gate <No.17 padlock>. Parking for one vehicle. Three levels of concrete steps down to lineside, west end of tunnel. Steps in poor condition, handrail missing in part.",""
"50143345","NWO","7.022","QS","","7.022","1100","","MAV","","431397.0","291599.0","Haunchwood Park Industrial Estate","HSJ6","","","","","","","","","","","50143345","2018-09-14","","NRAIL","","","","","Up Main/Fast","End of Estate road <Camden Vehicle Centre> double vehicular gates to right. Access road to open area at track level. Parking available. Broken padlock.",""
"50143347","NWO","7.1716","QS","","7.1716","1100","","MAV","","432747.0","291627.0","Stockingford Subway <No.29D>","HSJ6","","","","","","","","","","","50143347","2018-09-14","","NRAIL","","","","","Up Main/Fast","Vehicle access upside off Beverley Avenue. Pedestrian track leading to Stockingford Subway No.29D <opposite No.52 Beverley Avenue> black vehicular gate on right <No.17 padlock> vehicular track up to double vehicular gates <No.17 padlock>. Parking available.",""
"110173552","NWO","9.1417","QS","","9.1417","3100","","MAV","","435471.8","292573.8","Nuneaton DU access road","HSJ0","","","","","","","","","","","110173552","2025-10-06","","NRAIL","","","","","Rev Main/Fast","","SP 35471 92573"
"110173554","NWO","10.0063","QS","","10.0063","1100","","MAV","","435791.4","292731.9","Ashby Junction <NOW>","HSJ0","","","","","","","","","","","110173554","2021-09-09","","NRAIL","","","","","Up Main/Fast","","SP 35791 92731"
"50499519","NWO","10.0424","QS","","10.0424","2100","","MAV","","436073.7","292570.8","Midland Yard","HSJ0","","","","","","","","","","","50499519","2021-09-08","","NRAIL","","","","","Down Main/Fast","New Maintainer""s Compound/ Yard.","SP 36073 92570"
"60095734","OWW","112.011","QS","","112.011","0","","MA","","396045.0","247804.0","Wolvercot Jn excl to Shelwick Jn","HSJ6","","","","","","","","","","","60095734","2021-04-20","","GTRM","","","","","All/Multiple Tracks","SO960478-150 Railtrack Mares Crossing. O/A & Public FP crossing. Direct telephone to Norton Jn SB. Access from B4084 Access Point - Asset amended as per HDB Verification Exercise 23/10/02 AH",""
"60095745","OWW","112.1144","QS","","112.1144","0","","MA","","395137.0","248053.0","Wolvercot Jn excl to Shelwick Jn","HSJ6","","","","","","","","","","","60095745","2021-04-20","","GTRM","","","","","All/Multiple Tracks","SO952480-150 Railtrack Pershore Station. Good access from station yard off B4082 road Access Point - Asset amended as per HDB Verification Exercise 23/10/02 AH",""
"60095728","OWW","113.0704","QS","","113.0704","0","","MA","","394063.0","248600.0","Wolvercot Jn excl to Shelwick Jn","HSJ6","","","","","","","","","","","60095728","2021-04-20","","GTRM","","","","","All/Multiple Tracks","SO942486-150 Railtrack Lewis No. 1 Crossing. O/A crossing. Vehicular from track off Drakes Broughton to Pershore Road. No telephones Access Point - Asset amended as per HDB Verification Exercise 23/10/02 AH",""
"60095742","OWW","114.0462","QS","","114.0462","0","","MA","","392854.0","249275.0","Wolvercot Jn excl to Shelwick Jn","HSJ6","","","","","","","","","","","60095742","2021-04-20","","GTRM","","","","","All/Multiple Tracks","SO928493-150 Railtrack U/B. High Top Bridge. Access through gate via steps to line. Stonebow Lane. No vehicular access. Access Point - Asset amended as per HDB Verification Exercise 23/10/02 AH",""
"60095756","OWW","114.1606","QS","","114.1606","0","","MA","","391942.0","249786.0","Wolvercot Jn excl to Shelwick Jn","HSJ6","","","","","","","","","","","60095756","2021-04-20","","GTRM","","","","","All/Multiple Tracks","SO919488-150 Railtrack O/B. Egdon Lane Bridge. Access Point - Asset amended as per HDB Verification Exercise 23/10/02 AH",""
"60095749","OWW","117.0176","QS","","117.0176","0","","MA","","388684.0","250863.0","Wolvercot Jn excl to Shelwick Jn","HSJ6","","","","","","","","","","","60095749","2021-04-20","","GTRM","","","","","All/Multiple Tracks","SO887509-150 Railtrack Sadlers Crossing. O/A & Public FP crossing. Direct telephone to Norton Jn SB. Stiles. Vehicle access. Culvert. <Footpath also crosses main line 68. 50> Access Point - Asset amended as per HDB Verification Exercise 23/10/02 AH",""
"60095758","OWW","117.066","QS","","117.066","0","","MA","","388268.0","251011.0","Wolvercot Jn excl to Shelwick Jn","HSJ6","","","","","","","","","","","60095758","2021-04-20","","GTRM","","","","","All/Multiple Tracks","SO883510-150 Railtrack O/B. Norton Road Bridge. Access along path to Down side of line. From Norton - A44 road. No vehicular access. Access Point - Asset amended as per HDB Verification Exercise 23/10/02 AH",""
"60095748","OWW","118.0462","QS","","118.0462","0","","MA","","387149.0","251889.0","Wolvercot Jn excl to Shelwick Jn","HSJ6","","","","","","","","","","","60095748","2021-04-20","","GTRM","","","","","All/Multiple Tracks","SO872519-150 Railtrack O/B. Access to Down side of line via steps from gate alongside bridge. Farm track off lane adjacent to Norton Barracks. No vehicular access. Access Point - Asset amended as per HDB Verification Exercise 23/10/02 AH",""
"60095699","OWW","119.1496","QS","","119.1496","0","","MA","","386154.0","254216.0","Wolvercot Jn excl to Shelwick Jn","HSJ6","","","","","","","","","","","60095699","2021-04-20","","GTRM","","","","","All/Multiple Tracks","SO862542-150 Railtrack Adjacent parking. Vehicular from between garages off Wylds Lane. No telephone Access Point - Asset amended as per HDB Verification Exercise 23/10/02 AH",""
"60095701","OWW","119.1606","QS","","119.1606","0","","MA","","386121.0","254311.0","Wolvercot Jn excl to Shelwick Jn","HSJ6","","","","","","","","","","","60095701","2021-04-20","","GTRM","","","","","All/Multiple Tracks","SO862543-150 Railtrack O/B. Perry Hill Bridge. Foot only from service road between Wylds lane and Metal Box Co. Telephone <on signal> Access Point - Asset amended as per HDB Verification Exercise 23/10/02 AH",""
"60095893","OWW","122.1628","QS","","122.1628","0","","MA","","386829.0","258911.0","Worcester excl to Stoke Works Jn","HSJ6","","","","","","","","","","","60095893","2021-04-20","","GTRM","","","","","All/Multiple Tracks","SO868588-150 Railtrack O/B. Worcester Road Bridge. Foot only from <A38> Droitwich Rd. Access Point - Asset amended as per HDB Verification Exercise 23/10/02 AH",""
"60095887","OWW","125.0528","QS","","125.0528","0","","MA","","388489.0","262311.0","Worcester excl to Stoke Works Jn","HSJ6","","","","","","","","","","","60095887","2021-04-20","","GTRM","","","","","All/Multiple Tracks","SO885622-150 Railtrack Chawson Crossing <AKA Westbury>. FP. Wicket gates. Foot only from Westbury Avenue. No telephone Access Point - Asset amended as per HDB Verification Exercise 23/10/02 AH",""
"60095877","OWW","129.0088","QS","","129.0088","0","","MA","","387678.0","267373.0","Worcester to Cutnall Green","HSJ6","","","","","","","","","","","60095877","2021-04-20","","GTRM","","","","","All/Multiple Tracks","SO876674-150 Railtrack U/B. Doverdale Bridge. Foot only from Doverdale Broad Common Lane. No telephone Access Point - Asset amended as per HDB Verification Exercise 23/10/02 AH",""
"110184991","OWW","112.0029","QS","","112.0029","3100","","MAP","","395574.0","247905.0","Massingham FP Crossing","HSJ6","","","","","","","","","","","110184991","2023-10-18","","NRAIL","","","","","Rev Main/Fast","Pedestrian foot path crossing. Level access from Dawes Way & Aintree Road, Pershore, to Down side of Up & Dn Cotswolds. What3Words: freezers.special.sediment",""
"60312293","OWW","116.088","QS","","116.088","9999","","MAP","","389642.0","250849.0","Un-Named U/B","HSJ6","","","","","","","","","","","60312293","2021-04-20","","GTRM","","","","","Unknown","New Asset added as per HDB Verification Exercise 13/11/02 AH.",""
"110179731","OWW","117.0638","QS","","117.0638","2100","","MAP","","388280.0","251000.0","Woodbury Lane / Norton Junction SB","HSJ6","","","","","","","","","PED","","110179731","2022-08-23","","NRAIL","","","","","Down Main/Fast","Access gate, pedestrian. Ramp on both sides of Woodbury Lane O/B through small pedestrian gate. Access to Down Main. What3Words: whom.laughs.discrepancy     LAT=52.157146			    LONG=-2.1727377			    EAST=388280    NORTH=251000",""
"60095730","OWW","119.044","QS","","119.044","2100","","MAP","","386472.0","253307.0","Eastnor Close","HSJ6","","","","","","","","","","","60095730","2021-04-20","","NRAIL","","","","","Down Main/Fast","SO865535-150 Railtrack Adjacent road. Access through gate from Eastnor Close. No vehicular access. Access Point - Asset amended as per HDB Verification Exercise 23/10/02 AH",""
"120000274","OWW","121.073","QS","","121.073","1100","","MAP","","386169.0","256583.0","Brickfields access","HSJ6","","","","","","","","","Pedestrian access point","","120000274","2025-01-21","","","","","","","Up Main/Fast","What3Words location is ///knots.trade.discouraged. Nearest line once through the gate is the Up main. This access is on a residential street, park legally and with consideration to all neighbours. Do not have vehicles ticking over for long periods at night, keep noise to a minimum, radios, shouting etc.. ",""
"110176673","OWW","122.0063","QS","","122.0063","1100","","MAP","","386430.9","257536.9","Cosgrove close/ Devils arch","HSJ6","","","","","","","","","","","110176673","2022-02-08","","NRAIL","","","","","Up Main/Fast","Cosgrove close/ devils arch. Access down dirt track, limited parking. Point lock key. Access upstairs First line presesnted at Up Main.   LAT=52.2158898    LONG=-2.2000191    EAST=386430.922    NORTH=257536.9445",""
"60095896","OWW","123.1496","QS","","123.1496","2100","","MAP","","387539.0","260214.0","Ladywood Bridge","HSJ6","","","","","","","","","","","60095896","2021-04-20","","NRAIL","","","","","Down Main/Fast","SO875603-150 Railtrack O/B. Ladywood Bridge. Foot only from Ladywood to Martin Hussing Tree Rd. U/C. Access Point - Asset amended as per HDB Verification Exercise 23/10/02 AH",""
"60095871","OWW","124.1232","QS","","124.1232","1100","","MAP","","387963.0","261510.0","Salwarpe Overbridge","HSJ6","","","","","","","","","","","60095871","2021-04-20","","NRAIL","","","","","Up Main/Fast","SO879615-150 Railtrack O/B. Salwarpe Road. Access through gate on Up side down steps to lineside. No vehicular access. Access Point - Asset amended as per HDB Verification Exercise 23/10/02 AH",""
"110176675","OWW","125.0142","QS","","125.0142","1100","","MAP","","388264.8","262044.5","Allotments underbridge","HSJ6","","","","","","","","","","","110176675","2022-02-08","","NRAIL","","","","","Up Main/Fast","allotments underbridge,  turn off chawson lane toward allotments, park side of dirt track near bridge Point lock keys. First line presented at Access to Up Main. Limited parking.     LAT=52.2564583    LONG=-2.1733325			     EAST=388264.883     NORTH=262044.5894",""
"60218106","OWW","126.022","QS","","126.022","2100","","MAP","","389291.0","263367.0","Droitwich Station","HSJ6","","","","","","","","","NP","","60218106","2021-04-20","","NRAIL","","","","","Down Main/Fast","""04/10/2000 08:55:18""/CDODGE - Asset amended as per HDB Verification Exercise 23/10/02 AH",""
"60095863","OWW","126.132","QS","","126.132","2100","","MAP","","389637.0","264276.0","Berry Hill Industrial Estate","HSJ6","","","","","","","","","","","60095863","2021-04-20","","NRAIL","","","","","Down Main/Fast","SO896643-150 Railtrack Foot crossing. Foot only from the furlong <Berry Hill Ind. Est.>. Access Point - Asset amended as per HDB Verification Exercise 23/10/02 AH",""
"60095872","OWW","127.011","QS","","127.011","2100","","MAP","","389485.0","264751.0","Berry Hill Loop Exit","HSJ6","","","","","","","","","","","60095872","2021-04-20","","NRAIL","","","","","Down Main/Fast","SO895647-150 Railtrack O/B. Foot only from farm track. Leading off Berry Hill Ind. Est. Access Point - Asset amended as per HDB Verification Exercise 23/10/02 AH",""
"60095874","OWW","127.1078","QS","","127.1078","2100","","MAP","","389007.0","265493.0","Hampton Lovett Underbridge","HSJ6","","","","","","","","","","","60095874","2021-04-20","","NRAIL","","","","","Down Main/Fast","SO890655-150 Railtrack U/B. Hampton Lovett Bridge. Foot only along path from Hampton Lovett Church off A442 <Kiddy Road>. No telephones. Access Point. NB Mileage does not agree with OS ref, could be UBr @ 127.0990 - Asset amended as per HDB Verification Exercise 23/10/02 AH",""
"60095875","OWW","128.011","QS","","128.011","1100","","MAP","","388612.0","266100.0","Doverdale Road","HSJ6","","","","","","","","","","","60095875","2021-04-20","","NRAIL","","","","","Up Main/Fast","SO886662-150 Railtrack O/B. Doverdale Road Bridge. Access through gate down steps to Up side of line. No vehicular access. Hampton Road, off A442. Access Point - Asset amended as per HDB Verification Exercise 23/10/02 AH",""
"60095876","OWW","128.1056","QS","","128.1056","2100","","MAP","","388140.0","266822.0","Kiddiminster Road Underbridge","HSJ6","","","","","","","","","","","60095876","2021-04-20","","NRAIL","","","","","Down Main/Fast","SO882668-150 Railtrack U/B. Kidderminster Road Bridge. A442. Access through gate up steps to line on Down side. No vehicular access. Access Point - Asset amended as per HDB Verification Exercise 23/10/02 AH",""
"110176695","OWW","130.0792","QS","","130.0792","1100","","MAP","","385772.1","268732.0","Valley farm road bridge","HSJ6","","","","","","","","","","","110176695","2022-02-08","","NRAIL","","","","","Up Main/Fast","Turn off A449 Worcester road, follow the far track to the underbridge. Limited parking near bridge.  Point lock keys. First line presented at Access to Up Main.  Beware of uneven surface and overgrown vegetation.     LAT=52.3165209    LONG=-2.2101366    EAST=-2.2101366    NORTH=-2.2101366",""
"110128733","OWW","130.0836","QS","","130.0836","1100","","MAP","","385811.0","268643.0","Valley Farm Road Bridge","HSJ6","","","","","","","","","PED","","110128733","2022-05-16","","NRAIL","","","","","Up Main/Fast","Adequate parking available.~
Padlock is on the gate: 17~
First line presented to an individual when they arrive at the access: Up Main~
Stone path with timber edging from parking area.   LAT=52.31573			    LONG=-2.20957			    EAST=385811			     NORTH=268643",""
"110128735","OWW","131.0044","QS","","131.0044","2100","","MAP","","385470.0","269458.0","Crown Lane <U / BR 97>","HSJ6","","","","","","","","","","","110128735","2021-04-20","","NRAIL","","","","","Down Main/Fast","Follow signs for Hartlebury Trading Estate, road from island down to bridge access point on tight <off valley farm road> path to wooden gate <no. 17 lock>. Steps & handrail up to lineside. Parking for 2 vehicles. No""NO TRESPASS"" sign.",""
"110158486","OWW","131.116","QS","","138.116","0","","MAP","","388056.0","278702.0","Blakedown Station","HSJ6","","","","","","","","","","","110158486","2021-04-20","","NRAIL","","","","","All/Multiple Tracks","Access Point - Limited Parking, Blakedown Station.  Latitude: 22.34045.  Longitude: 37.201",""
"110176699","OWW","131.1547","QS","","131.1547","2100","","MAP","","385028.9","270752.8","Hartlebury Stn","HSJ6","","","","","","","","","","","110176699","2022-02-08","","NRAIL","","","","","Down Main/Fast","Platform provides access to the Up main/1100 and Down main/2100. Access and egress off platform ends only when an appropriate safe system of work is in place. No access during the day, apart from minor maintenance, carrying light hand tools only. No plant or machinery access during the day unless there is emergency protection.    LAT=52.33467    LONG=-2.22113    EAST=385028.9984    NORTH=270752.81872",""
"110158487","OWW","131.1552","QS","","131.1572","0","","MAP","","385011.0","270764.0","Station Road","HSJ6","","","","","","","","","PEDESTRIAN","","110158487","2021-04-20","","NRAIL","","","","","All/Multiple Tracks","Access Point - Limited Parking, Hartlebury station.   Latitude: 5.06257.   Longitude: 16.91257.",""
"50143350","OWW","132.1364","QS","","132.1364","1100","","MAP","","384685.0","272152.0","Worcester Road <A450> <Underbridge No. >","HSJ6","","","","","","","","","","","50143350","2021-04-20","","NRAIL","","","","","Up Main/Fast","Concrete steps up to lineside.Limited street parking, no gate, no handrail, needs improvement to formalise it.",""
"50143354","OWW","133.1166","QS","","133.1166","2100","","MAP","","384246.0","273503.0","Stanklyn Lane <Underbridge No.  >","HSJ6","","","","","","","","","","","50143354","2021-04-20","","NRAIL","","","","","Down Main/Fast","Off A449/green wooden wicket gate on right <No.17 padlock> Concrete steps and handrail upto lineside. Limited street parking.",""
"50143355","OWW","134.0484","QS","","134.0484","2100","","MAP","","384095.0","273865.0","Former Crowthers Crossing","HSJ6","","","","","","","","","","","50143355","2021-04-20","","AMEY","","","","","Down Main/Fast","Off A449 into small area for parking. Vehicular gae <No.17 padlock> to lineside and small area for parking.",""
"110176700","OWW","135.0847","QS","","135.0847","2100","","MAP","","383844.9","276221.0","Kidderminster Stn","HSJ6","","","","","","","","","","","110176700","2022-02-08","","NRAIL","","","","","Down Main/Fast","Platform provides access to the Up main/1100 and Down main/2100. Access and egress off platform ends only when an appropriate safe system of work is in place. No access during the day, apart from minor maintenance, carrying light hand tools only. No plant or machinery access during the day unless there is emergency protection.    LAT=52.383    LONG=-2.23877     EAST=383844.96089    NORTH=276221.05802",""
"110141617","OWW","135.1412","QS","","135.1412","2100","","MAP","","384077.0","276681.0","OFFMORE ROAD ACCESS POINT","HSJ6","","","","","","","","","","","110141617","2021-04-20","","NRAIL","","","","","Down Main/Fast","INSTALLATION OF NEW PEDESTRIAN ACCESS.",""
"50143360","OWW","136.0176","QS","","136.0176","2100","","MAP","","384461.0","276958.0","Lyndholm Road","HSJ6","","","","","","","","","","","50143360","2021-04-20","","NRAIL","","","","","Down Main/Fast","End of Lyndholm Road, pedestrian gate on right <No.17 padlock> Wooden steps down to lineside. No handrail, steps in poor condition.",""
"110176701","OWW","138.1194","QS","","138.1194","2100","","MAP","","388078.8","278746.5","Blakedown Stn","HSJ6","","","","","","","","","","","110176701","2022-02-08","","NRAIL","","","","","Down Main/Fast","Platform provides access to the Up main/1100 and Down main/2100. Access and egress off platform ends only when an appropriate safe system of work is in place. No access during the day, apart from minor maintenance, carrying light hand tools only. No plant or machinery access during the day unless there is emergency protection.    LAT=52.40661    LONG=-2.17666    EAST=388078.85787    NORTH=278746.55297",""
"50143331","OWW","139.0649","QS","","139.0649","1100","","MAP","","388822.5","279518.3","Stakenbridge Lane Underbridge","HSJ6","","","","","","","","","PED","","50143331","2022-05-05","","NRAIL","","","","","Up Main/Fast","What road is the access on? Stakenbridge Lane~
Limited parking available. ~
Number 17 padlock on the gate. ~
First presented to an individual when they arrive at the access: UP~
Other hazards: Private road next to access point.~
Installed anti slip nosing strips on each step. Replaced broken slabs. Installed hand rail to both sides. Installed LED lighintg. New GRP gate and fence installed.    LAT=52.41356			    LONG=-2.16575			    EAST=""388822.5754			""	     NORTH=""279518.3354			""",""
"110176702","OWW","140.0627","QS","","140.0627","2100","","MAP","","390114.6","280474.0","Hagley Stn","HSJ6","","","","","","","","","","","110176702","2022-02-08","","NRAIL","","","","","Down Main/Fast","Platform provides access to the Up main/1100 and Down main/2100. Access and egress off platform ends only when an appropriate safe system of work is in place. No access during the day, apart from minor maintenance, carrying light hand tools only. No plant or machinery access during the day unless there is emergency protection.    LAT=52.42218    LONG=-2.14679    EAST=390114.65871     NORTH=280474.04046",""
"50143333","OWW","141.077","QS","","141.077","1100","","MAP","","390526.0","282141.0","Worcester Lane <B4167>","HSJ6","","","","","","","","","","","50143333","2021-04-20","","NRAIL","","","","","Up Main/Fast","Pedestrian gate <No.17 padlock> opposite no.109 Worcester Lane.path to concrete steps and handrail. Limited street parking.",""
"110176703","OWW","142.0375","QS","","142.0375","2100","","MAP","","390986.8","283280.0","Stourbridge Junction Stn","HSJ6","","","","","","","","","","","110176703","2022-02-08","","NRAIL","","","","","Down Main/Fast","Platform provides access to the Up main\/1100 and Down main/2100 and Rev terminal bay/3600. Access and egress off platform ends only when an appropriate safe system of work is in place. No access during the day, apart from minor maintenance, carrying light hand tools only. No plant or machinery access during the day unless there is emergency protection.     LAT=52.44729   LONG=-2.134    EAST=390986.87004    NORTH=283280.08909",""
"110158488","OWW","142.039","QS","","142.0394","0","","MAP","","390996.0","283291.0","Stourbridge Junction Station","HSJ6","","","","","","","","","PEDESTRIAN","","110158488","2021-04-20","","NRAIL","","","","","All/Multiple Tracks","Access Point - Limited parking.                   Latitude: 51.03563.   Longitude: 2.01717.",""
"110158489","OWW","142.0565","QS","","142.0575","0","","MAP","","391002.0","283466.0","Stoubridge Station Car Park","HSJ6","","","","","","","","","PEDESTRIAN","","110158489","2021-04-20","","NRAIL","","","","","All/Multiple Tracks","Access Point - Limited parking.                   Latitude: 56.69522.   Longitude: 1.75858.",""
"110182531","OWW","142.0924","QS","","142.0924","2905","","MAP","","301104.0","286714.0","Silver End REB","HSJ6","","","","","","","","","","","110182531","2023-01-26","","NRAIL","","","","","","Track access through Brierley Hill Yard for access to Silver End junction FTN REB 3183.   Track access point at Brierley Hill, Access road - Moor Street ? Brierley hill, parking is available, vehiculare access, No.17 padlock, first line at site is down road oak, overgrown with vegetation in places - old scrap rail and uneaven ground where parking.",""
"110165648","OWW","142.1078","QS","","142.1078","2100","","MAP","","391018.0","284023.0","Stourbridge Chiltern Trains Depot Access","HSJ6","","","","","","","","","","","110165648","2021-04-20","","NRAIL","","","","","Down Main/Fast","Access Point for Pedestrians, Vehicles and RRV access.This access is through the Chilterns Train Care depot gates. Access is controlled by them or by speaking to the P-way Section Manager, Trevor Killworth at the Network Rail Stourbridge depot office. If you intend to set up a welfare compound in this area, you must liase with Richard Parry Project Interface Co-ordinator at Saltley depot.",""
"110146488","OWW","143.0204","QS","","143.0204","1100","","MAP","","390870.0","284700.0","LINDALE CRESCENT STOURBRIDGE","HSJ6","","","","","","","","","","","110146488","2022-01-07","","NRAIL","","","","","Up Main/Fast","Lindale Crescent off Stamform Road by bridge 135, single flight of steps leading to single gate access leading on to Up Main side. No 17 padlock on gate parking available.",""
"50143337","OWW","144.0726","QS","","144.0726","2100","","MAP","","390975.0","286570.0","Kingswinford South Junction <Eastern Avenue>","HSJ6","","","","","","","","","","","50143337","2021-04-20","","NRAIL","","","","","Down Main/Fast","Into Eastern Avenue pedestrian gate at top of road <No.222 padlock> path then steps and handrail down to lineside and corner signal box. Limited street parking.",""
"110163747","OWW","146.044","QS","","146.044","0","","MAP","","392888.0","288585.0","Cochrane Road / Brierley Road","HSJ6","","","","","","","","","","","110163747","2021-04-20","","NRAIL","","","","","All/Multiple Tracks","Access Gate on Cochrane Road, Limited Parking.",""
"60095894","OWW","123.0","QS","","123.0","2100","","MAR","","386871.0","259024.0","Fernhill Heath Station","HSJ6","","","","","","","","","","","60095894","2021-04-20","","NRAIL","","","","","Down Main/Fast","SO870593-150 Railtrack Old Fernhill Heath station. Access from Station Road via gate to Down side of line. Vehicle access available. Access Point - Asset amended as per HDB Verification Exercise 23/10/02 AH",""
"110176674","OWW","123.0286","QS","","123.0286","2100","","MAR","","386978.4","259263.0","Fernhill station","HSJ6","","","","","","","","","","","110176674","2022-02-08","","NRAIL","","","","","Down Main/Fast","Fernill heath old station , rrv access off station road. Point lock keys. First line presented at Access to Down Main. Near a public highway and next to public foot bridge, beware of pedestrians. Limited parking.   LAT=52.23142    LONG=-2.1920711    EAST=386978.4747      NORTH=259263.0041",""
"50496136","OWW","135.0813","QS","","135.0813","2100","","MAR","","383835.0","276191.0","Kidderminister Station Car Park","HSJ6","","","","","","","","","","","50496136","2021-04-20","","AMEY","","","","","Down Main/Fast","Enetr the Station Car park, 1 set of double vehicular gates on the left leading to another set of double vehicular gates, No.17 padlock, good parking for upto 4 cars in a small compound area. No ""no trespass"" signs.",""
"110128737","OWW","142.0264","QS","","142.0264","1100","","MAR","","390981.0","283178.0","Stourbridge Junc.  Station Car Park","HSJ6","","","","","","","","","","","110128737","2021-04-20","","NRAIL","","","","","Up Main/Fast","Into car park drive to far end to double vehicular gates <No. 17 Padlock> & land for parking area. No ""NO TRESPASS"" sign.",""
"110165646","OWW","142.1078","QS","","142.1078","2100","","MAR","","391018.0","284023.0","Stourbridge Chiltern Trains Depot Access","HSJ6","","","","","","","","","","","110165646","2021-04-20","","NRAIL","","","","","Down Main/Fast","Access point for Road Rail Vehicles, Pedestrian & Vehicular access.This Access is through the Chilterns Train Care depot gates. Access is controlled by them or by speaking to the P""way Section Manager,Trevor Killworth at the Network Rail Stourbridge depot office. If you intend to set up a welfare compound in this area, you must liaise with Richard Parry - Project Interface Co-ordinator at Saltley Depot.",""
"110163746","OWW","144.099","QS","","144.1452","0","","MAR","","391215.0","287093.0","Moor Street Yard / Brierley Hill","HSJ6","","","","","","","","","","","110163746","2021-04-20","","NRAIL","","","","","All/Multiple Tracks","Access Gate Off Moor Street, storage at the low mileage in the Vee. Clear of the Sidings.",""
"60312292","OWW","114.132","QS","","114.132","9999","","MAV","","392170.0","249658.0","ld Stouton Stn Yard","HSJ6","","","","","","","","","","","60312292","2021-04-20","","GTRM","","","","","Unknown","New Asset added as per HDB Verification Exercise 13/11/02 AH.",""
"60097043","OWW","120.044","QS","","120.044","2100","","MAV","","385923.0","254817.0","Shrub Hill Signal Box","HSJ6","","","","","","","","","","","60097043","2021-04-20","","NRAIL","","","","","Down Main/Fast","SO860548-150 Railtrack Off the downside platform along footboards and cross bay platform lines at end of footway. Continue adjacent to downside line to the steps to the box. Access Point- Asset amended as per HDB Verification Exercise 23/10/02 AH",""
"60095702","OWW","120.0924","QS","","120.0924","1100","","MAV","","385787.0","255234.0","Shrub Hill Station","HSJ6","","","","","","","","","","","60095702","2021-04-20","","NRAIL","","","","","Up Main/Fast","SO858552-150 Railtrack Worcester Shrub Hill Station. Vehicular from Worcester Shrub Hill Road. Telephones available Access Point - Asset amended as per HDB Verification Exercise 23/10/02 AH",""
"110176671","OWW","120.1036","QS","","120.1036","1800","","MAV","","385775.7","255338.1","Worcester infrastructure depot","HSJ6","","","","","","","","","","","110176671","2022-02-08","","NRAIL","","","","","Up Other/Eng/Car","Worcester infrastrutcure depot , off sheriff street , veh access. Parking available in the depot. Point lock keys. First line presented at Access to Up Other/ Eng/ Carr.  LAT=52.1961048.   LONG=-2.2095167.   EAST=385775.7008.   NORTH=255338.1721.",""
"60096012","OWW","120.1584","QS","","120.1584","2100","","MAV","","385876.0","255801.0","Worcester Tunnel Signal Box","HSJ6","","","","","","","","","","","60096012","2021-04-20","","NRAIL","","","","","Down Main/Fast","SO858557-150 Railtrack Off the downside platform at Worcester Shrub Hill Station, along pathway next to bi-directional line. Cross line opposite loco depot then along path next to loop line to Signalbox steps. Access Point - Asset amended as per HDB Verification Exercise 23/10/02 AH",""
"60312298","OWW","120.1584","QS","","120.1584","1100","","MAV","","385876.0","255801.0","Worcester S.H. Depot","HSJ6","","","","","","","","","","","60312298","2021-04-20","","NRAIL","","","","","Up Main/Fast","New Asset added as per HDB Verification Exercise 13/11/02 AH.",""
"60096021","OWW","126.0525","QS","","126.053","2100","","MAV","","389491.0","263618.0","Droitwich Signal Box","HSJ6","","","","","","","","","","","60096021","2021-04-20","","NRAIL","","","","","Down Main/Fast","SO896637-150 Railtrack Leave the station by the main entrance, turn left and cross over the line by way of the road bridge. Turn right and walk to gate. Through gate on to tarmac road. Through car park to gate on to the lineside. Across down loop and - Asset amended as per HDB Verification Exercise 23/10/02 AH.",""
"60095869","OWW","129.088","QS","","129.088","1100","","MAV","","387088.0","267785.0","Cutnall Green Station","HSJ6","","","","","","","","","","","60095869","2021-04-20","","NRAIL","","","","","Up Main/Fast","SO870678-150 Railtrack Old Cutnall Green Station. Telephones available Access Point - Asset amended as per HDB Verification Exercise 23/10/02 AH",""
"110128736","OWW","132.0088","QS","","132.0088","2100","","MAV","","384980.0","271022.0","Baggeridge Brick Works","HSJ6","","","","","","","","","","","110128736","2021-04-20","","NRAIL","","","","","Down Main/Fast","From Hartlebury L.C. turn into brick works. Access to Vehicualr gate <No. 17 padlock> to area of land for parking.",""
"110165647","OWW","142.1078","QS","","142.1078","2100","","MAV","","391018.0","284023.0","STOURBRIDGE CHILTERN TRAINS DEPOT ACCESS","HSJ6","","","","","","","","","","","110165647","2021-04-20","","NRAIL","","","","","Down Main/Fast","Access Point for Vehicles, Pedestrians & RRV access. This access is through the Chilterns Train Care depot gates. Access is controlled by them or by speaking to the P""way Section Manager, Trevor Killworth at the Network Rail Stourbridge depot office. If you intend to set up a welfare compound in this area, you must liase with Richard Parry Interface Co-ordinator at Saltley depot.",""
"110128738","OWW","145.0198","QS","","145.0198","1100","","MAV","","391537.0","287528.0","Bradleymore Road","HSJ6","","","","","","","","","","","110128738","2021-04-20","","NRAIL","","","","","Up Main/Fast","Continue from U bridge up Bradleymore Road. Double vehicualr gate on left <no. 17 Padlock> & parking. No ""NO TRESPASS"" sign.",""
"110146314","OXC","0.1677","QS","","0.1677","1100","","MAR","","391213.6","300358.9","Gorsebrook Road","HSJ7","","","","","","","","","RRV","","110146314","2021-06-23","","NRAIL","","","","","Up Main/Fast","",""
"110183192","OXD","2.1036","QS","","2.1036","1100","","MAP","","483430.0","231790.0","OXD/09 NEWTON APP PED UP STEPS","HSJ8","","","","","","","","","","","110183192","2024-03-21","","NRAIL","","","","","Up Main/Fast","Pedestrain Access Steps to the OXD Up Main at OXD/09. Parking for 2 light vehicles only at Layby on the South side of OXD/09 Whaddon Rd . No. 7 Key.","SP 83445 31802"
"110183195","OXD","3.0534","QS","","3.0534","2100","","MAP","","482388.0","231300.0","OXD 10AA SALDEN DN PED STEPS","HSJ8","","","","","","","","","","","110183195","2023-10-20","","NRAIL","","","","","Down Main/Fast","Pedestrian Access to the OXD Down Main. Access/Egress off Salden Lane North Side of OXD/10AA.  No. 7 Key.","SP 82366 31293"
"110183196","OXD","5.0009","QS","","5.0009","2100","","MAP","","480311.0","229552.0","Little Horwood Ped Acc Steps","HSJ8","","","","","","","","","","","110183196","2023-10-20","","NRAIL","","","","","Down Main/Fast","Pedestrain Access Steps to the OXD Down Main at OXD/13. Parking for 2 light vehicles only at Layby on the North side of OXD/13 Station Rd . No. 7 Key.","SP 80318 29572"
"110183197","OXD","5.039","QS","","5.039","1100","","MAP","","480053.0","229308.0","Swanbourne Old Station Ped Acc","HSJ8","","","","","","","","","","","110183197","2023-10-20","","NRAIL","","","","","Up Main/Fast","Pedestrian Access to the OXD Up Main. Access/Egress off Station Rd.  Parking for 2 light vehicles only at Layby. No. 7 Key.","SP 80078 29319"
"110183199","OXD","8.0482","QS","","8.0482","2100","","MAP","","475405.0","227890.0","OXD/22 VERNEY ROAD DOWN EAST","HSJ8","","","","","","","","","","","110183199","2024-03-21","","NRAIL","","","","","Down Main/Fast","Pedestrian Access to the OXD Down Main, East of OXD/22. Access/Egress off Verney  Rd. Parking for 3 light vehicles within compound. No. 7 Key.","SP 75379 27878"
"110183212","OXD","9.1718","QS","","9.1718","2100","","MAP","","472740.0","227314.0","OXD/25 SANDHILL RD DN","HSJ8","","","","","","","","","","","110183212","2024-03-21","","NRAIL","","","","","Down Main/Fast","Pedestrian Access to the OXD Down Main. Access/Egress off Sandhill Rd.  Parking for 2 light vehicles only at layby, North of OXD/25. No. 7 Key.","SP 72722 27336"
"110183213","OXD","10.0","QS","","10.0","1100","","MAP","","472721.0","227298.0","OXD 25 SANDHILL RD UP","HSJ8","","","","","","","","","","","110183213","2024-03-21","","NRAIL","","","","","Up Main/Fast","Pedestrian Access to the OXD Up Main. Access/Egress off Sandhill Rd south of OXD/25.  Parking for 3 light vehicles only at Compound. No. 7 Key.","SP 72735 27282"
"110183651","OXD","13.0967","QS","","13.0967","1100","","MAP","","467373.2","225316.4","OXD/29 Charndon Main Street","HSJ8","","","","","","","","","","","110183651","2024-03-21","","NRAIL","","","","","Up Main/Fast","Pedestrian Access to the OXD Up Main. Access/Egress off Main Street near OXD/29. Parking for 2 light vehicles at Layby. No. 7 Key.","SP 67367 25362"
"110183632","OXD","15.0145","QS","","15.0145","1100","","MAP","","465047.0","224608.5","OXD 32 Poundon Up","HSJ8","","","","","","","","","","","110183632","2024-03-21","","NRAIL","","","","","Up Main/Fast","Pedestrian Access to the OXD Up Main. Access/Egress off Station Rd near OXD/32. Parking for 4 light vehicles in Compound. MOMs Cabin Location. Very close line side Neighbours. Noise to be kept to a minimum during night shifts. Gates leading to compound to be closed and locked at all times. No. 7 Key.","SP 65056 24605"
"110183631","OXD","15.0258","QS","","15.0258","2100","","MAP","","464957.2","224566.3","OXD 32 Poundon Down","HSJ8","","","","","","","","","","","110183631","2024-03-21","","NRAIL","","","","","Down Main/Fast","Pedestrian Access to the OXD Down Main. Access/Egress off Main Street North side of OXD/32. Parking for 2 light vehicles only at Layby. No. 7 Key.","SP 64954 24592"
"110166131","OXD","18.1496","QS","","18.1496","1100","","MAP","","459225.0","222496.0","Gavray Junction","HSJ6","","","","","","","","","","","110166131","2019-01-25","","NRAIL","","","","","Up Main/Fast","Gavray Junction vehicular access point at the end of Gavray Drive Bicester Postcode: OX26 6XP. Vehicular access to compound <No.5 Padlock> Pedestrian access to railway through noise barrier.",""
"110166126","OXD","19.0066","QS","","19.0066","1100","","MAP","","459100.0","222398.0","Tubbs Lane <Up Main>","HSJ6","","","","","","","","","","","110166126","2019-01-22","","NRAIL","","","","","Up Main/Fast","Access to location cases only - To access track use Gavray Drive access at 18.1496",""
"110166127","OXD","19.0066","QS","","19.0066","2100","","MAP","","459009.0","222463.0","Tubbs Lane","HSJ6","","","","","","","","","","","110166127","2019-01-22","","NRAIL","","","","","Down Main/Fast","Access to rear of noise barrier for inspection only - No safe access to track.",""
"60133911","OXD","19.0088","QS","","19.0088","2100","","MAP","","459054.0","222424.0","Tubb""s Lane Bridge Access","HSJ6","","","","","","","","","","","60133911","2023-05-31","","NRAIL","","","","","Down Main/Fast","Tubb""s Lane Pedestrian acess point.  Tubb""s Lane Pedestrian acess point.  SP591225-164 Nearest postcode: OX26 6PY 61metres/67yards fropm the railway. Tubbs Lane LC: <O/A & FP> Off A41 London Rd in Bicester, turn into Launton Rd and 1st right turn. Access via public FP <foot> - O/A <vehicle>. Emergency Access <vehicle> Access Point - HAZARD V.10",""
"110166193","OXD","19.066","QS","","19.066","2100","","MAP","","458580.0","221933.0","London Road Level Crossing NE","HSJ6","","","","","","","","","Pedestrian Access Point","","110166193","2019-01-30","","NRAIL","","","","","Down Main/Fast","Access for noise barrier Inspection / Maintenance only - No safe access to the railway <No.5 Padlock>",""
"110166194","OXD","19.066","QS","","19.066","1100","","MAP","","458719.0","221976.0","London Road Level Crossing SE","HSJ6","","","","","","","","","Pedestrian Access Point","","110166194","2019-01-30","","NRAIL","","","","","Up Main/Fast","Pedestrian access gate near Bicester Village South car park off London Road OX26 6BU <Network Rail spaces available for 4 vehicles in car park, bollard keys retained at Banbury DU> - Care must be taken when crossing Road <No.5 Padlock>",""
"110166195","OXD","19.066","QS","","19.066","1100","","MAP","","458719.0","221976.0","London Road Level Crossing SW","HSJ6","","","","","","","","","Pedestrian Access Point","","110166195","2019-01-30","","NRAIL","","","","","Up Main/Fast","Pedestrian access gate near Bicester Village South car park off London Road OX26 6BU <Network Rail spaces available for 4 vehicles, bollard keys retained at Banbury DU> <No.5 Padlock>",""
"110176704","OXD","19.0746","QS","","19.0746","2100","","MAP","","458673.9","221947.6","Bicester Village Stn","HSJ6","","","","","","","","","","","110176704","2022-02-08","","NRAIL","","","","","Down Main/Fast","Platform provides access to the Up main/1100 and Down main/2100. Access and egress off platform ends only when an appropriate safe system of work is in place. No access during the day, apart from minor maintenance, carrying light hand tools only. No plant or machinery access during the day unless there is emergency protection.    LAT=51.89302    LONG=-1.14874			    EAST=458673.9887			     NORTH=221947.603",""
"110166147","OXD","19.132","QS","","19.132","1100","","MAP","","458254.0","221266.0","Bicester MOD Access Point","HSJ6","","","","","","","","","","","110166147","2019-01-23","","NRAIL","","","","","Up Main/Fast","Vehicle Access and pedestrian access off of Graven Hill Road OX26 2AQ Large compound area adjacent to COD sidings, avoid crossing private siding where possible <No.5 Padlock>",""
"110156227","OXD","20.1584","QS","","20.1584","1100","","MAP","","457327.0","219993.0","Langford Lane <former crossing>","HSJ6","","","","","","","","","Pedestrian Access Point","","110156227","2022-01-07","","NRAIL","","","","","Up Main/Fast","Access is over new bridge, turn left by stables go to end of Road through Barrier to compound OX25 2PA, access to railway through noise barrier <No.5 Padlock>",""
"110166192","OXD","21.0264","QS","","21.0264","1100","","MAP","","457112.0","219626.0","Langford Lane","HSJ6","","","","","","","","","Pedestrian Access Point","","110166192","2019-01-30","","NRAIL","","","","","Up Main/Fast","Authorised Pedestrian Access Point. Nearest Postcode OX25 2PA <No.5 Padlock> Vehicular parking and pedestrian access.",""
"110166166","OXD","22.022","QS","","22.022","1100","","MAP","","456316.0","218472.0","College Farm","HSJ6","","","","","","","","","","","110166166","2019-01-25","","NRAIL","","","","","Up Main/Fast","Access via farm track off of Merton Road <between M40 and Merton Park> OX25 2NL - Parking available on concrete hard standing <No 5 Padlock>",""
"110156226","OXD","23.011","QS","","23.011","1100","","MAP","","455453.0","217133.0","HOLTS FARM OVER BRIDGE","HSJ6","","","","","","","","","","","110156226","2023-05-31","","NRAIL","","","","","Up Main/Fast","New Access Point, Currently No Signage, No access steps to access gate.  Not to be entered into Hazard Directory until Access steps have been installed. TBC",""
"110166196","OXD","24.0044","QS","","24.0044","1100","","MAP","","454332.0","216027.0","Oddington Bridge <40G>","HSJ6","","","","","","","","","Pedestrian Access Point","","110166196","2019-01-30","","NRAIL","","","","","Up Main/Fast","Pedestrian Access Point, farm access off of Middle Street Oddington OX5 2UN <No.5 Padlock>",""
"110155641","OXD","25.0594","QS","","25.0594","1100","","MAP","","452703.0","214493.0","ISLIP STATION","HSJ6","","","","","","","","","PEDESTRIAN ACCESS POINT","","110155641","2019-01-29","","NRAIL","","","","","Up Main/Fast","Pedestrian Gate within compound, leading to trackside Bicester end of platform. OX5 2TQ <No.5 Padlock>",""
"110155640","OXD","25.0836","QS","","25.0836","2100","","MAP","","452645.6","214444.1","ISLIP STATION","HSJ6","","","","","","","","","PEDESTRIAN ACCESS POINT","","110155640","2022-01-07","","NRAIL","","","","","Down Main/Fast","Pedestrain access point at Oxford end of Islip station platform.",""
"110166132","OXD","25.0942","QS","","25.0942","1100","","MAP","","452551.0","214295.0","Blechendon Road","HSJ6","","","","","","","","","","","110166132","2019-01-25","","NRAIL","","","","","Up Main/Fast","Access to noise barrier only, no safe access to railway - Gates off of Blechendon Road OX5 2TQ <No.5 Padlock> Parking available at Islip Station in Network Rail compound, no parking available in Islip Village.",""
"110166186","OXD","25.11","QS","","25.11","1100","","MAP","","452476.0","214233.0","CHURCH CLOSE","HSJ6","","","","","","","","","","","110166186","2019-01-28","","NRAIL","","","","","Up Main/Fast","Access to noise barrier only, no safe access to railway - Gate off of Church Close OX5 2SR <No.5 Padlock>",""
"110166206","OXD","25.1584","QS","","25.1584","1100","","MAP","","452104.0","213919.0","MILL LANE","HSJ6","","","","","","","","","","","110166206","2019-01-28","","NRAIL","","","","","Up Main/Fast","Pedestrian access off of Mill Street Islip OX5 2SU - Parking available at the end of Mill Lane <also possible to park to the North side of Mill Lane and walk over the equestrian bridge>. <No.5 Padlock>",""
"60133850","OXD","27.121","QS","","27.121","1100","","MAP","","450113.0","211900.0","Oxford Parkway Station","HSJ6","","","","","","","","","","","60133850","2019-01-28","","NRAIL","","","","","Up Main/Fast","Pedestrian access adjacent to Oxford Parkway Station Building - Parking available in Chiltern staff parking area <request permission if station open>. If no parking near station, park, with consideration to other users who may need access, in Network Rail compound by REB and walk to station.",""
"60133901","OXD","28.1342","QS","","28.1342","0","","MAP","","449725.0","210224.0","Wolvercote","HSJ6","","","","","","","","","","","60133901","2023-05-31","","NRAIL","","","","","All/Multiple Tracks","SP497103-164 Nearest postcode: OX2 8JW 48metres/53yards from the railway.North End Wolvercote Tunnel. From Oxford follow A4144 <Woodstock Rd> north to roundabout. At the north end of tunnel on the far side of roundabout. Access via steep cutting down <foo",""
"60133900","OXD","28.165","QS","","28.165","3100","","MAP","","449770.0","209945.0","FAIRLAWN ROAD - WOLVERCOTE","HSJ6","","","","","","","","","","","60133900","2020-02-20","","NRAIL","","","","","Rev Main/Fast","SP498099-164 Nearest postcode: OX2 8AG 61metres/67yards from the railway. First Turn OB. From Oxford City Centre take A4144 Woodstock Road north, turn left into First Turn. Access via junction of Fairlawn End and First Turn. Small locked gate <no. 5 key> and wooden steps down dnside <foot> Access Point - HAZARD V.10",""
"110187616","OXD","7.0779","QS","","7.0779","2100","","MAPE","","476666.0","228344.0","Winslow Station Plat 2 East","HSJ8","","","","","","","","","","","110187616","2024-05-23","","NRAIL","","","","","Down Main/Fast","Access Point Steps at the End of Plat 2. Access to Platforms via the Station entrance. No defined Rail operatives parking areas within the station car park.","SP 76666 28344"
"110187618","OXD","7.0779","QS","","7.0779","1100","","MAPE","","476668.0","228833.4","Winslow Station Plat 1 East","HSJ8","","","","","","","","","","","110187618","2024-05-23","","NRAIL","","","","","Up Main/Fast","Access Point Steps at the End of Plat 1. Access to Platforms via the Station entrance. No defined Rail operatives parking areas within the station car park.","SP 76668 28334"
"110187615","OXD","7.089","QS","","7.089","2100","","MAPE","","476554.0","228304.0","Winlsow Station Plat 2 West","HSJ8","","","","","","","","","","","110187615","2024-05-23","","NRAIL","","","","","Down Main/Fast","Access Point Steps at the End of Plat 2. Access to Platforms via the Station entrance. No defined Rail operatives parking areas within the station car park.","SP 76554 28304"
"110187617","OXD","7.089","QS","","7.089","1100","","MAPE","","476558.0","228294.0","Winslow Station Plat 1 West","HSJ8","","","","","","","","","","","110187617","2024-05-23","","NRAIL","","","","","Up Main/Fast","Access Point Steps at the End of Plat 1. Access to Platforms via the Station entrance. No defined Rail operatives parking areas within the station car park.","SP 76558 28294"
"110183193","OXD","2.1081","QS","","2.1081","2100","","MAR","","483373.0","231776.0","OXD/09 NEWTON APP DOWN RRAP","HSJ8","","","","","","","","","","","110183193","2024-03-21","","NRAIL","","","","","Down Main/Fast","RRAP OXD Down Main. Access/Egress off Whaddon Road North Side of OXD/09. Laydown area for RRVs and Heavy Vehicles. No. 7 Key.","SP 83445 31802"
"110183194","OXD","2.1081","QS","","2.1081","1100","","MAR","","483378.0","231767.0","OXD/09 NEWTON APPROACH UP RRAP","HSJ8","","","","","","","","","","","110183194","2024-03-21","","NRAIL","","","","","Up Main/Fast","RRAP OXD Up Main. Access/Egress off Whaddon Road North Side of OXD/09. Laydown area for RRVs and Heavy Vehicles. No. 7 Key.","SP 83445 31802"
"110183214","OXD","11.0378","QS","","11.0378","2100","","MAR","","471000.0","226356.0","Queen Catherine Road Down RRAP","HSJ8","","","","","","","","","","","110183214","2024-03-21","","NRAIL","","","","","Down Main/Fast","RRAP OXD Down Main. Access/Egress off Queen Catherine Road South Side of OXD/26B. Laydown area for RRVs and Heavy Vehicles. No. 7 Key.","SP 71007 26348"
"110183215","OXD","11.0378","QS","","11.0378","1100","","MAR","","471002.0","226353.0","Queen Catherine Road Up RRAP","HSJ8","","","","","","","","","","","110183215","2024-03-21","","NRAIL","","","","","Up Main/Fast","RRAP OXD Up Main. Access/Egress off Queen Catherine Road South Side of OXD/26B. Laydown area for RRVs and Heavy Vehicles. No. 7 Key.","SP 71007 26348"
"110186834","OXD","18.0348","QS","","18.0348","1100","","MAR","","460296.0","222998.0","OXD/36 Bicester Road RRAP Up","HSJ8","","","","","","","","","","","110186834","2024-05-14","","NRAIL","","","","","Up Main/Fast","RRAP Access to Both Up & Down Lines. Access to Compound off Bicester Road. No. 7 Key","SP 60296 22998"
"110187472","OXD","18.0348","QS","","18.0348","2100","","MAR","","460296.0","222998.0","OXD/36 Bicester Road RRAP Down","HSJ8","","","","","","","","","","","110187472","2024-05-14","","NRAIL","","","","","Down Main/Fast","RRAP Access to Both Up & Down Lines. Access to Compound off Bicester Road. No. 7 Key","SP 60296 22998"
"110153318","OXD","21.0264","QS","","21.0264","1100","","MAR","","457112.0","219626.0","Langford Lane RRV Access Point","HSJ6","","","","","","","","","RRV&VEHICULAR","","110153318","2019-01-30","","NRAIL","","","","","Up Main/Fast","Authorised RRV Vehicular Access Point. Nearest Postcode OX25 2PA <No.5 Padlock> Vehiclular parking and pedestrian access.",""
"110166128","OXD","27.088","QS","","27.088","1900","","MAR","","450257.0","212167.0","Banbury Road Sidings","HSJ6","","","","","","","","","Authorised Access Point","","110166128","2019-01-31","","NRAIL","","","","","Up Siding","Authorised RRV Vehicle & Pedestrian Access Point in large compound at Banbury Road <to the East of Oxford Parkway Station> OX2 8HA <No.5 Padlock> Vehicle parking adn access to REB and points heating equipment. Park considerately. Also pedesrian and vehicle access through here.",""
"110183172","OXD","0.1709","QS","","0.1709","2100","","MAV","","485756.0","232901.0","OXD/04 SELBOURNE AVE DN PED/VEH ACC","HSJ8","","","","","","","","","","","110183172","2024-04-24","","NRAIL","","","","","Down Main/Fast","Pedestrain/Vehicular Access Steps to the OXD Down Main. At OXD/04 Parking for 2 light vehicles only. Access to line through Acoustic Barriers Door. No. 7 Key.","SP 85756 32906"
"110183191","OXD","1.0779","QS","","1.0779","1100","","MAV","","485068.0","232568.0","OXD/06 NEWTON ROAD PED/VEH ACC STEP","HSJ8","","","","","","","","","","","110183191","2024-03-21","","NRAIL","","","","","Up Main/Fast","Pedestrain/Vehicular Access Steps to the OXD Up Main. At OXD/06 Parking for 3 light vehicles only. Access/Egress Gates open onto Newton/Bletchley Rd. No. 7 Key.","SP 85060 32557"
"110183198","OXD","6.0932","QS","","6.0932","2100","","MAV","","478026.0","228888.0","Horwood Rd Winslow Down East","HSJ8","","","","","","","","","","","110183198","2025-05-08","","NRAIL","","","","","Down Main/Fast","Pedestrian Access to the OXD Down Main, East of OXD/16. Access/Egress off Little Horwood Rd.  Parking for 3 light vehicles within compound. No. 7 Key.","SP 78027 28889"
"110183200","OXD","8.0551","QS","","8.0551","2100","","MAV","","475345.0","227868.0","OXD/22 VERNEY ROAD DOWN WEST","HSJ8","","","","","","","","","","","110183200","2024-03-21","","NRAIL","","","","","Down Main/Fast","Pedestrian Access to the OXD Down Main, West of OXD/22. Access/Egress off Verney  Rd. Parking for 3 light vehicles within compound. No. 7 Key.","SP 75379 27878"
"110183211","OXD","9.0073","QS","","9.0073","1100","","MAV","","474234.0","227492.0","Verney Junction Up Veh/Ped Access Point","HSJ8","","","","","","","","","","","110183211","2024-05-17","","NRAIL","","","","","Up Main/Fast","Pedestrian Access to the OXD Up Main. Access/Egress off Verney  Rd. Parking for +3 light vehicles within compound. No. 7 Key. To Access TTS Troughing walking Route on Down you will need to cross Operational line.","SP 74319 27458"
"110185974","OXD","10.0509","QS","","10.0509","1100","","MAV","","472325.5","227085.1","OXD/25 Up Vehicle Access Point","HSJ8","","","","","","","","","","","110185974","2024-03-21","","NRAIL","","","","","Up Main/Fast","West of Bridge OXD/25. Access to compound is via the road leading off Sandhill Rd. Compound has GSMR Mast located.","SP 72304 27065"
"110185975","OXD","11.0377","QS","","11.0377","2100","","MAV","","471013.5","226361.8","	OXD/26B Down Vehicle Access Point","HSJ8","","","","","","","","","","","110185975","2024-03-21","","NRAIL","","","","","Down Main/Fast","Space for 2 Vehicles only. Access only via North Side of Queen Catherine Road. Ganular Walkway along Down side only. Walking Route to North side of HS2 Sidings. No. 7 Key.","SP 71009 26363"
"110185952","OXD","11.0474","QS","","11.0474","1100","","MAV","","470900.2","226327.9","OXD/26B Up Vehicle Access Point","HSJ8","","","","","","","","","","","110185952","2024-03-21","","NRAIL","","","","","Up Main/Fast","Laydown area west of Queen Catherine Road RRAP. Access via Main compound area. Heavry Vehicles allowed. No. 7 Key","SP 70927 26329"
"110186832","OXD","12.088","QS","","12.088","2100","","MAV","","468991.0","225803.0","OXD/27 CLAYDON WEST JNT HS2","HSJ8","","","","","","","","","","","110186832","2024-04-26","","NRAIL","","","","","Down Main/Fast","*In Development Access Point by HS2* Also supports the Claydon West PSP, Telecoms GSMR and DNO Supply","SP 68991 25803"
"110186833","OXD","13.0294","QS","","13.0294","2100","","MAV","","467973.0","225543.0","OXD/28A Gawcott Road","HSJ8","","","","","","","","","","","110186833","2024-04-26","","NRAIL","","","","","Down Main/Fast","*In Development Access Point by HS2* Steps leading up embankment from Car park to the Down Fast Line.","SP 67973 25543"
"110183633","OXD","14.1668","QS","","14.1668","1100","","MAV","","465234.9","224707.3","OXD/32 Poundon Up","HSJ8","","","","","","","","","","","110183633","2024-03-21","","NRAIL","","","","","Up Main/Fast","Pedestrian Access to the OXD Up Main. Access/Egress off Station Rd near OXD/32. Parking for 4 light vehicles in Compound. MOMs Cabin Location. Very close line side Neighbours. Noise to be kept to a minimum during night shifts. Gates leading to compound to be closed and locked at all times. No. 7 Key.","SP 65056 24605"
"110183652","OXD","17.0272","QS","","17.0272","1100","","MAV","","468179.8","223557.4","OXD/34A Station Road","HSJ8","","","","","","","","","","","110183652","2024-03-21","","NRAIL","","","","","Up Main/Fast","Pedestrian Access to the OXD Up Main. Access/Egress off Station Rd near OXD/32A. Parking for 3 light vehicles in Compound. No. 7 Key.","SP 61732 23392"
"110153316","OXD","18.1496","QS","","18.1496","1100","","MAV","","459225.0","222496.0","Gavray Junction","HSJ6","","","","","","","","","","","110153316","2019-01-25","","NRAIL","","","","","Up Main/Fast","Gavray Junction vehicular access point at the end of Gavray Drive Bicester Postcode OX26 6XP. Vehicular access to compound <No.5 Padlock> Pedestrian access to railway through noise barrier.",""
"110153507","OXD","19.0704","QS","","19.0704","2100","","MAV","","458687.5","221954.4","LONDON ROAD LEVEL CROSSING","HSJ6","","","","","","","","","VEHICLE ACCESS POINT DOWN","","110153507","2024-07-11","","NRAIL","","","","","Down Main/Fast","Currently no signage for access point.  Vehicle Access gate on Down Side.","SP 58687 21954"
"60133913","OXD","19.0748","QS","","19.0748","0","","MAV","","458673.0","221945.0","Bicester Village","HSJ6","","","","","","","","","","","60133913","2023-05-31","","NRAIL","","","","","All/Multiple Tracks","Currently No signage for Access point. Suspend Access Point until further notice due to unfinished Works.   SP586219-164 Nearest postcode: OX26 6HU 23metres/25yards from the railway. Bicester Town Station: Off A41 London Rd via Station Approach. Access via car park <vehicle> Access Point - HAZARD V.10",""
"110153317","OXD","19.132","QS","","19.132","1100","","MAV","","458254.0","221266.0","Bicester MOD Access Point","HSJ6","","","","","","","","","","","110153317","2019-01-23","","NRAIL","","","","","Up Main/Fast","Vehicle Access and pedestrian access off of Graven Hill Road OX26 2AQ Large compound area adjacent to COD sidings, avoid crossing private siding where possible <No.5 Padlock>",""
"110166191","OXD","21.0264","QS","","21.0264","1100","","MAV","","457112.0","219626.0","Langford Lane","HSJ6","","","","","","","","","Vehicle Access Point","","110166191","2019-01-30","","NRAIL","","","","","Up Main/Fast","Authorised RRV and Vehicle Access point. Nearest postcode OX25 2PA <No.5 Padlock> Vehicular parking and pedestrian access.",""
"110166129","OXD","22.022","QS","","22.022","1100","","MAV","","456316.0","218472.0","College Farm","HSJ6","","","","","","","","","","","110166129","2019-01-22","","NRAIL","","","","","Up Main/Fast","Access via farm track off of Merton Road <between M40 and Merton Park> OX25 2NL - Parking available on concrete hard standing. <No.5 Padlock>",""
"110153320","OXD","24.0044","QS","","24.0044","1100","","MAV","","454332.0","216027.0","Oddington Bridge <40G>","HSJ6","","","","","","","","","Vehicle Access Point","","110153320","2019-01-30","","NRAIL","","","","","Up Main/Fast","Vehicle & Pedestrian access point, farm access track off of Middle Street Oddington OX5 2UN <No.5 Padlock>",""
"110155639","OXD","25.0594","QS","","25.0594","2100","","MAV","","452703.0","214493.0","ISLIP STATION","HSJ6","","","","","","","","","Vehicle ACCESS POINT","","110155639","2019-01-29","","NRAIL","","","","","Down Main/Fast","Vehicle Access via compound at the end of Islip Station. OX5 2TQ <No.5 Padlock> pedestrian gate within compound, leading to trackside Bicester end of platform.",""
"60133922","OXD","25.1584","QS","","25.1584","1100","","MAV","","452104.0","213919.0","ISLIP MILL LANE","HSJ6","","","","","","","","","","","60133922","2019-01-28","","NRAIL","","","","","Up Main/Fast","Currently no Signage is provided for this access point.  Care to be taken due to poor underfoot conditions.  SP521139-164Nearest postcode: OX5 2SU 18metres/20yards from the railway.Islip LC: Off A34 on B4027 to Islip. Take 1st right after OB back towards Kiddlington and then left when out of village towards Mill Farm and LC <vehicle> Access Point - HAZARD V.10",""
"110184151","PBJ","12.088","QS","","12.088","0","","MA","","395177.0","298536.0","Portobello Jcn - Noose Lane","HSJ7","","","","","","","","","Pedestrian REB access","","110184151","2023-06-29","","NRAIL","","","","","All/Multiple Tracks","Access to noose lane LC REB only.  PBJ at 12m 40ch. This gate is is used to access the REB at site only.",""
"110184153","PBJ","14.1364","QS","","14.1364","0","","MA","","392053.0","300424.0","Park Lane","HSJ7","","","","","","","","","Pedestrian REB access","","110184153","2023-06-29","","NRAIL","","","","","All/Multiple Tracks","Access for 6057 REB <heath town REB> only",""
"110172992","PBJ","0.1174","QS","","0.1174","2100","","MAP","","408821.8","287804.0","Duddeston Stn","HSJ7","","","","","","","","","PED","","110172992","2021-08-05","","NRAIL","","","","","Down Main/Fast","Access via platforms 1 and 2, only with appropriate safe system of work",""
"110172994","PBJ","1.1501","QS","","1.1501","1100","","MAP","","408771.5","289641.1","Aston Stn","HSJ7","","","","","","","","","PED","","110172994","2021-08-05","","NRAIL","","","","","Up Main/Fast","Access and egress off platform ends only when line is blocked to trains~
No access during the day unless there is emergency protection~
Inspection and carrying light hand tools only",""
"110172613","PBJ","1.1714","QS","","1.1714","1100","","MAP","","408661.1","289809.0","Electric Avenue","HSJ7","","","","","","","","","PED","","110172613","2023-05-31","","NRAIL","","","","","Up Main/Fast","Existing access point, idenitied via desktop verification for official entry into NHD. Electric Avenue. Access via pedestrian gate on Aston Hall Road between Bridge 1 <ALC1> and Bridge 10 <PBJ> with No 17 padlock. On street parking available in Electric Avenue",""
"110141518","PBJ","2.0022","QS","","2.0022","1100","","MAP","","408618.0","289856.0","Aston Hall Road Bridge 10","HSJ7","","","","","","","","","","","110141518","2025-10-23","","NRAIL","","","","","Up Main/Fast","Access via pedestrian gate on Aston Hall Road between Bridge 1 <ALC1> and Bridge 10 <PBJ> with No 17 padlock. On street parking available in Electric Avenue.",""
"110174094","PBJ","2.1001","QS","","2.1001","1100","","MAP","","407970.0","290486.0","WITTON STATION","HSJ7","","","","","","","","","","","110174094","2021-09-23","","NRAIL","","","","","Up Main/Fast","Access and egress off all platform ends when a safe system of work is in place~
No access during the day unless there is emergency protection~
Inspection and carrying light hand tools only. Access off the platform is restrcited on Birmingham end",""
"110174371","PBJ","2.1001","QS","","2.1001","1100","","MAP","","407970.1","290486.2","Witton Station","HSJ7","","","","","","","","","PED","","110174371","2021-09-28","","NRAIL","","","","","Up Main/Fast","Access and egress off all platform ends when a safe system of work is in place~
No access during the day unless there is emergency protection~
Inspection and carrying light hand tools only. Access off the platform is restrcited on Birmingham end",""
"110149506","PBJ","3.088","QS","","3.099","1100","","MAP","","406557.7","290994.7","PERRY BARR ONE STOP","HSJ7","","","","","","","","","FOOT ACCESS","","110149506","2021-08-13","","NRAIL","","","","","Up Main/Fast","THIS PEDESTRIAN ACCESS POINT HAS BEEN HERE FOR A WHILE BUT NOT USED DUE TO IT NOT BEING IN THE HAZARD DIRECTORY.",""
"50143293","PBJ","4.0108","QS","","4.0108","1100","","MAP","","405798.8","291445.9","Perry Barr North Junction","HSJ7","","","","","","","","","PED","","50143293","2021-06-23","","NRAIL","","","","","Up Main/Fast","Access from Perry Hall playing fields <off Rocky Lane>. Road up to pedestrian gate <No.17 padlock>. Parking available. Concrete steps & handrail down to lineside.",""
"110183331","PBJ","4.0253","QS","","4.0253","0","","MAP","","","","Perry Barr Junction","HSJ7","","","","","","","","","TOCS","","110183331","2023-03-22","","NP","","","","","All/Multiple Tracks","Access is off Cherry Orchard Road and what three words will take you to the precise location. ~
Cars can be parked on the playing fields car park adjacent to the playing field, as the car park is seperate to the playing fields it poses no threat to members of the public when entering and parking. The car park is locked during dusk to dawn. There is also alternative parking on Cherry Orchard Road, however it can get busy due to it being a residential area.~
The access is pedestrian only and vehicles cannot be driven parallel to the track.~
There is a 17 lock on the gate to enter.",""
"110188399","PBJ","4.1078","QS","","4.1078","1100","","MAP","","405280.0","292174.0","Great Barr Business Park","HSJ7","","","","","","","","","Pedestrian Access","","110188399","2025-03-27","","NRAIL","","","","","Up Main/Fast","What3Words: name.roses.cakes.  There are two parking spaces available for Network Rail Vehicles at this access point within Great Barr Business Park.  This is a Pedestrian access and vehicles must not pass through gates.",""
"110177242","PBJ","7.1076","QS","","7.1076","2100","","MAP","","401719.3","294938.2","Tame Bridge Stn","HSJ7","","","","","","","","","PED","","110177242","2022-03-24","","NRAIL","","","","","Down Main/Fast","Access and egress available off all four platform ends ~
No access during the day unless there is emergency protection~
Inspection and carrying light hand tools only",""
"120000780","PBJ","7.132","QS","","7.1319","2100","","MAP","","401596.4","295116.3","Sandy Lane pedestrian access","HSJ7","","","","","","","","","pedestrian access only, for accessing S&T equipment","","120000780","2025-03-27","","","","","","","Down Main/Fast","new pedestrian access installed to give access to multiple signalling assets",""
"110172995","PBJ","8.1033","QS","","8.1033","1100","","MAP","","400712.7","296124.1","Bescot Stn","HSJ7","","","","","","","","","PED","","110172995","2021-08-06","","NRAIL","","","","","Up Main/Fast","ccess and egress available off all four platform ends ~
No access during the day unless there is emergency protection~
Inspection and carrying light hand tools only",""
"50143303","PBJ","11.011","QS","","11.011","1100","","MAP","","397433.0","298240.0","The Crescent","HSJ7","","","","","","","","","","","50143303","2018-09-17","","NRAIL","","","","","Up Main/Fast","Parking available in Robin Hood pub car park. Walk across common land to pedestrian gate <No.17 padlock> at track level.",""
"110171751","PBJ","11.0143","QS","","11.0143","2100","","MAP","","397403.5","298241.8","Bilston Lane","HSJ7","","","","","","","","","Pedestrian","","110171751","2024-07-11","","","","","","","Down Main/Fast","Access to GSMR boxes via stairs. No.17 lock.Existing access point, idenitied via desktop verification for official entry into NHD",""
"110174081","PBJ","11.1138","QS","","11.1138","2100","","MAP","","396492.6","298239.3","ROSEHILL GARDENS","HSJ7","","","","","","","","","","","110174081","2021-09-23","","NRAIL","","","","","Down Main/Fast","ROSEHILL GARDEN.  PARK IN CAR PARK, WALK TO ACCESS GATE NO.17 PADLOCK.  HIGH CRIME AREA.",""
"110174372","PBJ","11.1138","QS","","11.1138","2100","","MAP","","396492.6","298239.3","Rosehill Gardens","HSJ7","","","","","","","","","PED","","110174372","2021-09-28","","NRAIL","","","","","Down Main/Fast","Rosehill Garden. Park in car park, walk to access gate. No17 padlock. High crime area.",""
"50143306","PBJ","12.0396","QS","","12.0396","1100","","MAP","","395577.0","298347.0","Somerford Place <Bridge 42>","HSJ7","","","","","","","","","NP","","50143306","2018-09-17","","NRAIL","","","","","Up Main/Fast","Metal pedestrian gate off bridge. Parking for one vehicle. No.17 padlock. Wooden steps & handrail down to lineside.",""
"50143307","PBJ","13.0017","QS","","13.0017","1100","","MAP","","394437.0","298892.0","Strawberry Lane ind.est.","HSJ7","","","","","","","","","NP","","50143307","2018-09-18","","NRAIL","","","","","Up Main/Fast","Access for inspection purposes only, by permission of Ebury Estates Ltd c/o Jaggard Baker <01494 677755> - estate is secured by barrier access. Off Strawberry Lane into ""Strawberry Lane Industrial Estate"". Drive to rear car park adjoining railway. Parking available for one vehicle only. Concrete steps down to pedestrian gate with No.17 padlock.",""
"120001531","PBJ","3.0655","QS","","3.0655","0","","MAPE","","406758.1","290945.1","Perry Barr Station Platforms","HSJ7","","","","","","","","","pedestrian access","","120001531","2025-10-23","","","","","","","All/Multiple Tracks","access via all platform ends but only when sufficient safe system of work is in place.",""
"110149467","PBJ","0.011","QS","","0.011","2800","","MAR","","408146.0","287088.0","CURZON STREET","HSJ7","","","","","","","","","STAFF RRV","","110149467","2012-11-07","","NRAIL","","","","","Down Other/Eng/Car","CURZON STREET B4 7XG. AUTHORISED ACCESS POINT - ROAD RAIL MACHINES. LATITUDE=52.481656. LONGITUDE= -1.8814784.",""
"50416269","PBJ","0.0916","QS","","0.0916","2100","","MAR","","408846.0","287870.0","Pitney Street","HSJ7","","","","","","","","","NP","","50416269","2020-03-09","","NRAIL","","","","","Down Main/Fast","Off Duddeston Mill Rd to vehicular gates giving access to EWS land. Parking available. Non-standard lock due to recent gypsy eviction. Key available <to be signed out> from Aston SB - access is off Erskine Street. Signal box phone number 0121 654 2980.                                                                                                                                                                                                              Great francis street on to pitney street point, through double gates follow track to rail side, New hard cored waiting area along side track < down side> area can support mulitply OTP, RRV. Double  RRAP on site to enable access to Up/DN direction movements.",""
"50491800","PBJ","1.1146","QS","","1.1146","2100","","MAR","","408902.9","289347.8","Thimblemill Lane, Aston","HSJ7","","","","","","","","","RRV","","50491800","2021-07-01","","AMEY","","","","","Down Main/Fast","Gate has No. 17 padlock. Access is 24hrs a day on Down/Main, Depot at 142 Thimblemill Lane but prior approval for access is required from Birmingham City Council, owners of the depot. No permanent RRAPS in place, gate: non-track entrance",""
"50462310","PBJ","5.0117","QS","","5.0117","1100","","MAR","","404775.0","292684.1","Hampstead Lidl","HSJ7","","","","","","","","","RRV","","50462310","2021-06-24","","AMEY","","","","","Up Main/Fast","Due to improvements at LIDL Vehicle Access this has now been upgraded to a Road Rail Vehicle Access.  Off Hampstead Road into Walcot drive to rear of carpark behind Lidl supermarket. Vehicular gate with No. 17 padlock at track level. A further gate exists 10yards in up direction with No. 221 padlock. No ""no trespass"" signs.  LAT:52.532082     LONG:-1.9302282",""
"50143302","PBJ","10.0065","QS","","10.0065","2100","","MAR","","398823.0","297418.0","Cemetery Road.","HSJ7","","","","","","","","","RRV","","50143302","2021-06-24","","NRAIL","","","","","Down Main/Fast","Access road off Cemetery Road to vehicular gate at rear of Railway Tavern pub. Parking available. No.17 padlock.",""
"110149072","PBJ","14.0375","QS","","14.0375","1100","","MAR","","392756.0","299740.0","NATURE RESERVE ACCESS OFF POWELL ST WOLVERHAMPTON","HSJ7","","","","","","","","","","","110149072","2014-11-12","","NRAIL","","","","","Up Main/Fast","Due to improvements at NATURE RESERVE Access, this is now a ROAD RAIL VEHICLE Access.  NATURE RESERVE ACCESS OFF POWELL STREET - WOLVERHAMPTON. NUMBER 17 KEY ON THE GATE. NR HAVE OFFICIAL RIGHT OF ACCESS OVER THE LAND <PREVIOUS RAILWAY OWNERSHIP>.  LAT: 52.595404.  LONG: -2.1083719",""
"50143292","PBJ","2.1496","QS","","2.1496","2100","","MAV","","407571.0","290720.0","Railway Road <Off Aston Lane>","HSJ7","","","","","","","","","NP","","50143292","2018-09-18","","NRAIL","","","","","Down Main/Fast","Vehicular wooden gates at end of cul-de-sac. No parking in street, but parking is available on RT land. No.17 padlock.",""
"50143294","PBJ","4.088","QS","","4.088","2100","","MAV","","405365.0","292009.0","Austin Way Industrial Estate","HSJ7","","","","","","","","","NP","","50143294","2018-09-18","","NRAIL","","","","","Down Main/Fast","Drive to end of Austin Way to gate at side of unit then to vehicular double gates at rear <No.17 padlock>. Parking available.",""
"50143297","PBJ","6.1585","QS","","6.1585","2100","","MAV","","402295.0","293971.0","Charlemont Road/Ray Hall Lane","HSJ7","","","","","","","","","VEH","","50143297","2021-06-24","","NRAIL","","","","","Down Main/Fast","Off Newton Road <A4041> down Ray Hall Lane. Parking available. Pedestrian gates give access to level crossing. Pedestrian access can also be obtained from Charlemont Road.",""
"50143300","PBJ","7.1474","QS","","7.1474","1100","","MAV","","401536.0","295252.0","Sandy Lane","HSJ7","","","","","","","","","","","50143300","2018-09-17","","NRAIL","","","","","Up Main/Fast","Access Road over bridge <No.23> to vehicular gates at south end of Bescot Yard. Parking available. No padlock, gates open.",""
"50143301","PBJ","8.1056","QS","","8.1056","2100","","MAV","","400694.0","296135.0","Westmore Way","HSJ7","","","","","","","","","","","50143301","2018-09-18","","NRAIL","","","","","Down Main/Fast","Road off Westmore Way to red vehicular access gates. Parking available in EWS TMD yard. Combination lock on gates - number held in T&V office.",""
"50461376","PBL","0.0364","QS","","0.0364","2100","","MAP","","406181.0","291149.0","Handsworth Old Boys Cricket Club","HSJ7","","","","","","","","","","","50461376","2018-09-18","","NRAIL","","","","","Down Main/Fast","End of Romily Avenue narrow alley way <height & width barriers restrict to cars & light vans only> to vehicular double gates opening to car par. Pedestrian gate <No.17 padlock> opens onto private level crossing. This is an access by legal agreement.",""
"110162366","PJW","0.0767","QS","","0.0767","2100","","MAP","","394160.4","298947.0","Denmore gardens","HSJ7","","","","","","","","","PED","","110162366","2021-09-28","","NRAIL","","","","","Down Main/Fast","Denmore Garden. Parking down Denmore Garden, walk to access gate. No17 padlock",""
"50143278","PJW","0.1562","QS","","0.1562","1100","","MAP","","393458.0","299160.0","Deans Road Portobello & Heath Town Junction","HSJ7","","","","","","","","","NP","","50143278","2018-09-18","","NRAIL","","","","","Up Main/Fast","Steel palisade pedestrian gate <No.17 padlock>, concrete steps and wooden handrail up to lineside. Steps in poor condition.",""
"110142463","PJW","1.1238","QS","","1.1238","1100","","MAP","","392310.0","298769.0","Crane St Junction","HSJ7","","","","","","","","","","","110142463","2011-03-24","","NRAIL","","","","","Up Main/Fast","Pedestrian Access Point. Postcode: WV1 3DW",""
"110176705","PRA","43.1129","QS","","43.1129","3100","","MAP","","480899.4","204702.4","Monks Risborough Stn","HSJ6","","","","","","","","","","","110176705","2022-02-09","","NRAIL","","","","","Rev Main/Fast","Platform provides access to the Rev main/3100. Access and egress off platform ends only when an appropriate safe system of work is in place. No access during the day, apart from minor maintenance, carrying light hand tools only. No plant or machinery access during the day unless there is emergency protection.    LAT=51.73521			    LONG=-0.82987			    EAST=480899.4602			    NORTH=204702.4377",""
"50143262","PRA","44.044","QS","","44.044","3400","","MAP","","481479.0","205478.0","Unclassified Rd through Askett off B4009 <Br11>","HSJ6","","","","","","","","","","","50143262","2011-03-24","","AMEY","","","","","Rev Single","Metal pedestrian gate on up side <No.5 lock> wooden steps and handrail down to trackside. No parking.",""
"50143263","PRA","44.132","QS","","44.132","3400","","MAP","","482081.0","206009.0","Bridge Street/Church Lane <Br. 10> Gt. Kimble","HSJ6","","","","","","","","","","","50143263","2011-03-24","","AMEY","","","","","Rev Single","Turn into Bridge St. over bridge, wooden gate on up side, concrete steps down <public footpath> then metal pedestrian gate on left <No.5 lock> to track side. No parking. No lock <but chain in-situ>.",""
"50143264","PRA","45.088","QS","","45.088","3400","","MAP","","482318.0","207151.0","Marsh Road, Little Kimble <Br. 9>","HSJ6","","","","","","","","","","","50143264","2011-03-24","","AMEY","","","","","Rev Single","Under bridge then immediate right into Marsh Road. Pedestrian gate on right side 50 yards from bridge & ""No Trespass"" sign. Wooden steps up to track side. Limited parking. No handrail.",""
"50143266","PRA","48.088","QS","","48.088","3400","","MAP","","482148.0","211939.0","Churchill Road Aylesbury","HSJ6","","","","","","","","","","","50143266","2011-03-24","","AMEY","","","","","Rev Single","Over bridge, left into Bowler Road then second left into Werner Court for parking. Walk over grassed area to damaged pedestrian gate <no lock> then black metal pedestrian gate <No. 5 lock> and path to trackside. Subject to vandalism.",""
"120000711","PRA","48.1353","QS","","48.1353","3100","","MAP","","482149.0","212371.0","Old Stoke Road","HSJ6","","","","","","","","","Pedestrian Access Point","","120000711","2025-03-20","","","","","","","Rev Main/Fast","Pedestrian gated access locally known as 'Old Stoke Road' located on Mandeville Road in Aylesbury.  What3words: direct.unit.during",""
"110147350","PRA","45.044","QS","","45.044","1100","","MAV","","482344.3","206692.4","LITTLE KIMBLE STATION","HSJ6","","","","","","","","","","","110147350","2022-01-07","","NRAIL","","","","","Up Main/Fast","DOUBLE VEHICULAR ACCESS GATE <NO 5 PADLOCK>",""
"110177292","PRA","47.0","QS","","47.0","3100","","MAV","","482343.8","209544.5","Marsh Lane Crossing","HSJ6","","","","","","","","","VEH","","110177292","2022-04-06","","NRAIL","","","","","Rev Main/Fast","Marsh lane Crossing Access point off Marsh Lane via single Vehicle gate. 2 farmers gate on each side.The westend side of the track leads to an adequte parking which is enough for upto 3 vehicles to park near the FTM giving direct access to the track on foot. First line presented at access at Rev main 3100. No.5 Padlock.    LAT=51.77853			    LONG=-0.80782			    EAST=482343.8079			    NORTH=209544.5028",""
"50143265","PRA","48.044","QS","","48.044","3400","","MAV","","482154.0","211535.0","Stoke Farm Lane Aylesbury","HSJ6","","","","","","","","","","","50143265","2011-03-24","","AMEY","","","","","Rev Single","Turning at island opp. hospital <Winterton Drive> follow estate road to Stoke Farm Lane up to vehicular gate with ""No Trespass"" sign. <No. 5 lock>. Limited parking in garage area.",""
"110175032","PVS","10.0864","QS","","10.0864","2100","","MAPE","","436403.2","292308.3","Nuneaton Plat 6 LowEnd","HSJ0","","","","","","","","","","","110175032","2021-12-09","","NRAIL","","","","","Down Main/Fast","","SP 36403 92308"
"110175057","PVS","10.1067","QS","","10.1067","1100","","MAPE","","436540.6","292172.6","Nuneaton Plat 6 HighEnd","HSJ0","","","","","","","","","","","110175057","2021-12-09","","NRAIL","","","","","Up Main/Fast","","SP 36540 92172"
"110173556","PVS","10.0632","QS","","10.0632","1100","","MAV","","436274.2","292478.5","Weddington Terrace","HSJ0","","","","","","","","","","","110173556","2021-09-09","","NRAIL","","","","","Up Main/Fast","","SP 36274 92478"
"110173557","PVS","10.0984","QS","","10.0984","1100","","MAV","","436489.3","292236.4","Weddington Terrace Nuneaton Station","HSJ0","","","","","","","","","","","110173557","2021-09-09","","NRAIL","","","","","Up Main/Fast","","SP 36489 92236"
"110174064","PVS","10.1407","QS","","10.1407","1100","","MAV","","436757.1","291921.2","Oaston Road Old Signal Box","HSJ0","","","","","","","","","","","110174064","2021-09-22","","NRAIL","","","","","Up Main/Fast","","SP 36757 91921"
"110173091","QLT2","3.1514","QS","","3.1514","2800","","MAV","","524304.8","183111.0","Traves perkings South <CWJ Only>","HSJ9","","","","","","","","","","","110173091","2021-08-18","","NRAIL","","","","","Down Other/Eng/Car","","TQ 24304 83111"
"110174005","RBS1","83.0719","QS","","83.0719","1100","","MAP","","449767.6","276095.2","Rugby Flyover RBS1","HSJ8","","","","","","","","","","","110174005","2021-10-05","","NRAIL","","","","","Up Main/Fast","","SP 49767 76095"
"110174020","RBS1","83.1388","QS","","83.1388","1100","","MAP","","449162.2","275985.6","Banner Yard Up Cov","HSJ8","","","","","","","","","","","110174020","2021-10-05","","NRAIL","","","","","Up Main/Fast","","SP 49162 75985"
"110174018","RBS1","83.1406","QS","","83.1406","2100","","MAP","","449152.9","275960.3","Banner Yard Down Cov","HSJ8","","","","","","","","","","","110174018","2021-10-05","","NRAIL","","","","","Down Main/Fast","","SP 49152 75960"
"110183071","RBS1","84.0","QS","","84.0","2100","","MAP","","448853.1","275890.3","Parkfield Road","HSJ8","","","","","","","","","","","110183071","2023-02-09","","NRAIL","","","","","Down Main/Fast","","SP 48850 75880"
"110174029","RBS1","84.0566","QS","","84.0566","2100","","MAP","","448281.3","275822.5","Townsend Lane Br.285 Down Locs","HSJ8","","","","","","","","","","","110174029","2021-10-05","","NRAIL","","","","","Down Main/Fast","","SP 48281 75822"
"110145044","RBS1","84.0583","QS","","84.0583","1100","","MAP","","448268.9","275828.9","Townsend Lane Br.285 Up Locs","HSJ8","","","","","","","","","","","110145044","2021-09-17","","NRAIL","","","","","Up Main/Fast","Townsend Lane - Access Point Pedestrian - Step Down to Track","SP 48268 75828"
"50143230","RBS1","84.0755","QS","","84.0755","2100","","MAP","","448142.7","275815.7","Townsend Lane Br.285 Down Steps","HSJ8","","","","","","","","","","","50143230","2022-04-14","","NRAIL","","","","","Down Main/Fast","Nature of Access: Gate No.17 padlock, narrow descending steps. First Line Approach and Line Speed: Up Birmingham. Up road normal flow of traffic right to left as viewed from access.  Limited clearance under Br.285. Parking: none.","SP 48142 75815"
"110143431","RBS1","84.0778","QS","","84.0778","1100","","MAP","","448125.9","275823.4","Townsend Lane Br.285 Up Steps","HSJ8","","","","","","","","","","","110143431","2021-09-17","","NRAIL","","","","","Up Main/Fast"," ","SP 48125 75823"
"50143231","RBS1","85.0258","QS","","85.0258","2100","","MAP","","447010.7","275845.7","Chapel Street Br.287","HSJ8","","","","","","","","","","","50143231","2022-04-14","","NRAIL","","","","","Down Main/Fast","Nature of Access: Gate No.17 padlock, narrow descending steps. First Line Approach and Line Speed: Down Birmingham. Down road normal flow of traffic right to left as viewed from access.  Limited clearance under Br.287. Parking: V.Poor, poos.","SP 47010 75845"
"50143232","RBS1","85.1661","QS","","85.1661","2100","","MAP","","445730.3","275895.1","Mount Pleasant","HSJ8","","","","","","","","","","","50143232","2022-04-14","","NRAIL","","","","","Down Main/Fast","Nature of Access:Single gate, wide ascending steps. First Line Approach and Line Speed: Down Birmingham. Down road normal flow of traffic right to left as viewed from access.  No parking rights exist, pedestrian access only. Parking: good, o","SP 45730 75895"
"50143194","RBS1","86.0412","QS","","86.0412","2100","","MAP","","445262.1","275913.2","Coventry Road Br.290","HSJ8","","","","","","","","","","","50143194","2022-04-13","","NRAIL","","","","","Down Main/Fast","Nature of Access: Ascending steps. First Line Approach and Line Speed: Down Birmingham. Down road normal flow of traffic right to left as viewed from access. Parking: V.Poor, 1 vehicle on side of road adj to AP. Limited clearance over Br.29","SP 45262 75913"
"50143195","RBS1","86.0885","QS","","86.0885","1100","","MAP","","444826.0","275938.9","Coronation road Br.291 Off A428","HSJ8","","","","","","","","","","","50143195","2022-04-13","","NRAIL","","","","","Up Main/Fast","Descending steps to track. First Line Approach and Line Speed: Up Birmingham. Up road normal flow of traffic right to left as viewed from access. Parking: V.Poor, 1 vehicle on side of road opposite AP gate","SP 44826 75938"
"50435782","RBS1","86.128","QS","","86.128","2100","","MAP","","444469.6","275943.5","LimeStone Lane","HSJ8","","","","","","","","","","","50435782","2022-04-14","","NRAIL","","","","","Down Main/Fast","Nature of Access: Descending steps <approx. 100>. First Line Approach & Line Speed: Down Birmingham. Down road normal flow of traffic right to left as viewed from access.  F & M restriction at time of survey. Parking: V.Poor, 1 vehicle on side","SP 44469 75943"
"50143196","RBS1","87.1489","QS","","87.1489","2100","","MAP","","442668.3","276012.4","Fosse Way - Wolston Rd Br295","HSJ8","","","","","","","","","","","50143196","2022-04-14","","NRAIL","","","","","Down Main/Fast","Nature of Access: Narrow ascending steps. First Line Approach and Line Speed: Down Birmingham. Down road normal flow of traffic right to left as viewed from access.  Parking: poor, 1-2 vehicles on side of road adj to AP gate","SP 42668 76012"
"50143197","RBS1","88.0553","QS","","88.0553","2100","","MAP","","441917.4","276040.5","Priory Road Wolson Br.297","HSJ8","","","","","","","","","","","50143197","2022-04-14","","NRAIL","","","","","Down Main/Fast","Nature of Access: Narrow ascending steps. First Line Approach and Line Speed: Down Birmingham. Down road normal flow of traffic right to left as viewed from access.  Parking: poor, 1-2 vehicles on side of road adj to AP gate.","SP 41917 76040"
"50143199","RBS1","90.0183","QS","","90.0183","1100","","MAP","","439031.0","276211.0","Brandon Lane Bridge 304","HSJ7","","","","","","","","","NP","","50143199","2019-11-11","","NRAIL","","","","","Up Main/Fast","Brandon Lane, CV8 3GQ, Upside, Single gate.  Nature of Access: single gate, descending steps <1.5M wide>. Parking: poor, on side of road.",""
"110143432","RBS1","90.0585","QS","","90.0585","2100","","MAP","","438686.6","276287.3","Brandon Wood Down Side","HSJ7","","","","","","","","","","","110143432","2022-01-25","","NRAIL","","","","","Down Main/Fast","","SP 38686 76287"
"110169208","RBS1","90.06","QS","","90.06","2100","","MAP","","","","Brandon Wood","HSJ7","","","","","","","","","","","110169208","2020-01-07","","NRAIL","","","","","Down Main/Fast","Brandon Lane, CV8 3GQ, Downside, Single gate, access gained by parking in the layby opposite Brandon Marsh Nature Reserve and crossing the field",""
"110169228","RBS1","90.06","QS","","90.06","2100","","MAP","","438686.6","276287.3","Brandon Wood","HSJ7","","","","","","","","","","","110169228","2021-07-27","","NRAIL","","","","","Down Main/Fast","Brandon Lane, CV8 3GQ, Downside, Single gate, access gained by parking in the layby opposite Brandon Marsh Nature Reserve and crossing the field",""
"50143200","RBS1","91.0334","QS","","91.0334","2100","","MAP","","437410.0","276879.0","St James Lane","HSJ7","","","","","","","","","NP","","50143200","2019-11-11","","GTRM","","","","","Down Main/Fast","CV3 3FE, Downside, single gate, Do not block access to yard at rear of 504 willenhall road.   Downside, single gate descending steps <2M wide>. Do not block access to yard at rear of 504 willenhall road. Parking: poor, adj to AP.",""
"50461266","RBS1","92.0265","QS","","92.0265","2100","","MAP","","436004.1","277424.3","Allard Way REB","HSJ7","","","","","","","","","PED","","50461266","2021-07-02","","NRAIL","","","","","Down Main/Fast","Single gate, up embankment <no steps>. Parking: good, limited, in Municiple Sports Ground car park.Existing access point <ID - 50461266> via embankment on other side of Allards way is no long. walk up steps via REB to track; No.17 lock",""
"50143201","RBS1","92.032","QS","","92.032","1100","","MAP","","435957.0","277439.0","The Coppice - adj to Br.No.309A","HSJ7","","","","","","","","","NP","","50143201","2023-05-31","","NRAIL","","","","","Up Main/Fast","REDUNDANT_Please remove access point from Hazard Directory, not fit for use.  Nature of Access: Single gate, ascending steps. Parking: fair, adj to AP gate on waste ground.",""
"50461267","RBS1","92.117","QS","","92.117","2100","","MAP","","435175.0","277654.0","Humber Road","HSJ7","","","","","","","","","","","50461267","2019-11-11","","NRAIL","","","","","Down Main/Fast","CV3 4LB, Downside, Single gate.  Single gate No.17 padlock, descending steps <2M wide>. Disused access on upside. Parking: poor, on side of road.",""
"110169230","RBS1","93.132","QS","","93.132","2100","","MAP","","433557.1","278086.7","Coventry TSC","HSJ7","","","","","","","","","","","110169230","2021-07-27","","NRAIL","","","","","Down Main/Fast","Quinton Road, CV1 2WT, Downside, Single gate on the railway bridge leading to TSC",""
"50416280","RBS1","93.1738","QS","","93.1738","0","","MAP","","433146.0","278200.0","Coventry Station","HSJ7","","","","","","","","","NP","","50416280","2019-11-11","","AMEY","","","","","All/Multiple Tracks","Station Square, CV1 2GT, Access to track via platform ends.  Off platform ends. Parking: Good, in station car park.",""
"110152007","RBS1","94.0895","QS","","94.0895","2100","","MAP","","432318.6","278292.3","Albany Road","HSJ7","","","","","","","","","","","110152007","2021-07-27","","NRAIL","","","","","Down Main/Fast","CV5 6ND, Downside, Single gate, follow footpath next to house number 141 inside Spencer Park",""
"110133102","RBS1","95.0716","QS","","95.0716","2100","","MAP","","430905.0","278033.0","Canley Station","HSJ7","","","","","","","","","","","110133102","2020-01-06","","NRAIL","","","","","Down Main/Fast","Canley Road, CV5 6AR, Downside, Single gate inside Canley Station Car Park.",""
"110169231","RBS1","95.0819","QS","","95.0819","1100","","MAP","","430814.4","278002.9","Canley Station","HSJ7","","","","","","","","","PED","","110169231","2022-03-24","","NRAIL","","","","","Up Main/Fast","Access for platforms for both Coventry and Birmingham end can be accessed with appropriate safe system of work",""
"50461271","RBS1","95.1744","QS","","95.1744","2100","","MAP","","429990.0","277815.0","Cherry Tree Drive","HSJ7","","","","","","","","","","","50461271","2020-01-06","","NRAIL","","","","","Down Main/Fast","CV4 8LZ, Downside, Single gate, Access opposite house number 68 across the field.",""
"50143204","RBS1","96.0675","QS","","96.0675","1100","","MAP","","429378.0","277745.0","Templar Avenue","HSJ7","","","","","","","","","NP","","50143204","2020-01-06","","NRAIL","","","","","Up Main/Fast","Off Torrington Avenue, CV4 9AP, Upside, Single gate, Access down walkway at the bottom of the road.",""
"110149967","RBS1","96.112","QS","","96.112","2100","","MAP","","428969.4","277694.9","Wolfe Road","HSJ7","","","","","","","","","","","110149967","2021-07-27","","NRAIL","","","","","Down Main/Fast","CV4 9UP, Downside, Single gate.",""
"110169232","RBS1","97.0099","QS","","97.0099","1100","","MAP","","427483.1","277541.8","Tile Hill Station","HSJ7","","","","","","","","","PED","","110169232","2022-03-24","","NRAIL","","","","","Up Main/Fast","Access available for both Coventry end and Birmingham end at both platforms with appropriate safe system of work",""
"110130505","RBS1","98.006","QS","","98.006","1100","","MAP","","426736.0","277456.0","Duggins Lane","HSJ7","","","","","","","","","","","110130505","2020-01-06","","NRAIL","","","","","Up Main/Fast","CV4 9GP, Upside, Single gate, Access is next to house number 179 up the public footpath.",""
"50143205","RBS1","98.0484","QS","","98.0484","2100","","MAP","","426344.0","277413.0","Nailcote Lane","HSJ7","","","","","","","","","NP","","50143205","2020-01-06","","NRAIL","","","","","Down Main/Fast","CV7 7DE, Downside, Single gate, Access is for S&T  locs only, no track access is available at this location",""
"50143206","RBS1","98.1175","QS","","98.1175","2100","","MAP","","425724.0","277348.0","Beechwood Tunnel - North","HSJ7","","","","","","","","","NP","","50143206","2020-01-06","","NRAIL","","","","","Down Main/Fast","Off Hodgetts Lane, CV7 7DG, Downside, Single gate, Access down private road, Do not park or turn vehicles around past access point.",""
"110169234","RBS1","99.0847","QS","","99.0847","2100","","MAP","","424416.3","277654.0","BERKSWELL STATION","HSJ7","","","","","","","","","PED","","110169234","2021-09-27","","NRAIL","","","","","Down Main/Fast","BOTH PLATFORMS, BIRMINGHAM EN AND COVENTRY END AVAILABLE WITH APPROPRIATE SAFE SYSTEM OF WORK.",""
"110169235","RBS1","99.165","QS","","99.165","1100","","MAP","","423851.7","278044.7","Lavender Hall Lane","HSJ7","","","","","","","","","","","110169235","2021-07-27","","NRAIL","","","","","Up Main/Fast","CV7 7BN, Upside, Single gate",""
"50143209","RBS1","100.0657","QS","","100.0657","1100","","MAP","","423315.0","278417.0","Kenilworth Road <A452>","HSJ7","","","","","","","","","NP","","50143209","2020-01-06","","NRAIL","","","","","Up Main/Fast","A452, CV7 7EY, UPSIDE, SINGLE GATE, A452 IS A DUAL CARRIAGEWAY <60MPH>, BE AWARE WHEN PARKING .DOWN LINE HAS WARNING SSOW WORKING PROHIBITATIONS  IN PLACE AT THIS LOCATION  BETWEEN 99M 60CH AND 100M 40CH  DUE TO RAISED TROUGHING RESTRICTING POSITION OF SAFETY. REFER HAZ REF 110150576",""
"50416253","RBS1","101.0437","QS","","101.0437","1100","","MAP","","422203.0","279353.0","Bradnocks Marsh Lane","HSJ7","","","","","","","","","NP","","50416253","2020-01-06","","NRAIL","","","","","Up Main/Fast","B92 0LL, Upside, Single gate",""
"50143210","RBS1","101.1383","QS","","101.1383","2100","","MAP","","421582.0","279963.0","Marsh Lane","HSJ7","","","","","","","","","NP","","50143210","2020-01-06","","NRAIL","","","","","Down Main/Fast","B92 0LQ,  Downside, Single gate",""
"50461237","RBS1","102.1342","QS","","102.1342","0","","MAP","","420565.0","281157.0","Hampton-in-Arden Station","HSJ7","","","","","","","","","","","50461237","2020-01-06","","NV","","","","","All/Multiple Tracks","Meriden Road, B92 0BL, Access to track via platform ends",""
"50143212","RBS1","104.0258","QS","","104.0258","2100","","MAP","","419283.0","282982.0","Church Lane","HSJ7","","","","","","","","","NP","","50143212","2020-01-06","","NRAIL","","","","","Down Main/Fast","Bickenhill, B92 0DT, Downside, Single gate",""
"110169236","RBS1","104.1191","QS","","104.1191","2100","","MAP","","418887.4","283646.3","BIRMINGHAM INTERNATIONAL STATION","HSJ7","","","","","","","","","PED","","110169236","2021-09-27","","NRAIL","","","","","Down Main/Fast","both platforms, Birmingham end and Coventry end available with appropriate safe system of work",""
"50416278","RBS1","104.1617","QS","","104.1617","3800","","MAP","","418536.9","283952.2","Birmingham North Junction","HSJ7","","","","","","","","","PED","","50416278","2021-07-02","","NRAIL","","","","","Rev Other/Eng/Car","Herald Road inside Birmingham Airport Complex, B37 7HQ, Follow airport Way Then Concorde Road, Double gates on the left just before traffic lights, public footpath runs parallel to the access",""
"50143175","RBS1","105.141","QS","","105.141","2100","","MAP","","417474.0","284889.0","Elmdon Road Footpath","HSJ7","","","","","","","","","NP","","50143175","2020-01-06","","NRAIL","","","","","Down Main/Fast","B37 7DR, Downside, Single gate, footpath to access next to the railway bridge",""
"50143176","RBS1","106.0663","QS","","106.0663","2100","","MAP","","416735.8","285463.0","Marston Green Stn","HSJ7","","","","","","","","","PED","","50143176","2021-08-05","","NRAIL","","","","","Down Main/Fast","Platform 1 & 2 access available via station platform ramp with appropriate safe system of work",""
"50461337","RBS1","106.1329","QS","","106.1329","1100","","MAP","","416267.0","285837.0","The Radleys","HSJ7","","","","","","","","","","","50461337","2020-01-06","","NRAIL","","","","","Up Main/Fast","B33 0HY, Upside, Single gate, Do not block or park on house driveway.",""
"50461338","RBS1","107.0094","QS","","107.0094","1100","","MAP","","415886.0","286137.0","Mackadown Lane","HSJ7","","","","","","","","","","","50461338","2020-01-06","","NRAIL","","","","","Up Main/Fast","B33 0JD, Upside, Single gate",""
"50461339","RBS1","107.1187","QS","","107.1187","1100","","MAP","","415093.0","286717.0","Gossey Lane","HSJ7","","","","","","","","","","","50461339","2020-01-06","","NRAIL","","","","","Up Main/Fast","B33 0DS, Upside, Single gate",""
"50143178","RBS1","107.1734","QS","","107.1734","1100","","MAP","","414628.9","286975.7","Lea Hall Stn","HSJ7","","","","","","","","","PED","","50143178","2021-08-05","","NRAIL","","","","","Up Main/Fast","Platform 1 & 2 access available via station platform ramp with appropriate safe system of work",""
"50461343","RBS1","108.0456","QS","","108.0456","2100","","MAP","","414252.0","287143.0","Crossfield Road","HSJ7","","","","","","","","","","","50461343","2020-01-07","","NRAIL","","","","","Down Main/Fast","B33 9QD, Downside, Single gate",""
"110169237","RBS1","108.1666","QS","","108.1666","2100","","MAP","","413173.2","287442.3","Stechford/Lyndon Road Industrial estate","HSJ7","","","","","","","","","PED","","110169237","2021-07-02","","NRAIL","","","","","Down Main/Fast","Lyndon Road, B33 8BU, Downside, Single gate, leading direct to track & S&T Locs. Access only available during trading estate working hours",""
"50416272","RBS1","109.0176","QS","","109.0176","0","","MAP","","412925.0","287481.0","Stechford Station","HSJ7","","","","","","","","","NP","","50416272","2020-01-07","","NRAIL","","","","","All/Multiple Tracks","Victoria Road, B33 8AJ, Access to track RBS1 and SAS via platform ends",""
"110166066","RBS1","109.077","QS","","109.077","1100","","MAP","","412471.8","287519.4","Stechford TSC","HSJ7","","","","","","","","","","","110166066","2021-07-27","","NRAIL","","","","","Up Main/Fast","West View, Off Eastfields Road, B8 3RN, Access is up a driveway next to house number 15, The track on the left as you drive up the access is the SAS, The RBS1 is on the right hand side, Upside, Single gate",""
"50143181","RBS1","109.164","QS","","109.164","2100","","MAP","","411561.0","287468.0","Belchers Lane","HSJ7","","","","","","","","","NP","","50143181","2020-01-07","","NRAIL","","","","","Down Main/Fast","B9 5RY, Downside, Single gate",""
"110169238","RBS1","110.063","QS","","110.063","1100","","MAP","","410909.8","287385.8","Woodlands Road","HSJ7","","","","","","","","","","","110169238","2021-07-27","","NRAIL","","","","","Up Main/Fast","B8 3AG, Upside, Single gate",""
"50416306","RBS1","110.1733","QS","","110.1733","1100","","MAP","","409914.5","287247.2","Adderley Park Station","HSJ7","","","","","","","","","PED","","50416306","2021-08-05","","NRAIL","","","","","Up Main/Fast","Access via all platform ends with appropriate safe system of work",""
"110169239","RBS1","111.097","QS","","111.097","2100","","MAP","","409004.7","287129.0","Midland Road","HSJ7","","","","","","","","","","","110169239","2021-08-13","","NRAIL","","","","","Down Main/Fast","B9 4DG, Downside, Double gates, The track on the left as you go up the access is the SAG, The RBS1 is on the right",""
"50416307","RBS1","111.107","QS","","111.107","1100","","MAP","","409021.0","287134.0","Landor Street","HSJ7","","","","","","","","","NP","","50416307","2020-01-07","","NRAIL","","","","","Up Main/Fast","B8 1AE, Upside, Single gate",""
"50461340","RBS1","112.0","QS","","112.0","1100","","MAP","","408293.0","287070.0","Proof House ITSL","HSJ7","","","","","","","","","","","50461340","2020-01-07","","NRAIL","","","","","Up Main/Fast","Montague Street, B9 4BA, Upside, Single gate",""
"50461341","RBS1","112.088","QS","","112.088","2100","","MAP","","407540.0","286835.0","Proof House","HSJ7","","","","","","","","","","","50461341","2018-09-18","","NRAIL","","","","","Down Main/Fast","Single gate No.17 padlock, ascending steps to track. Steps made of wood, slippery when wet. Parking: poor, on side of road.",""
"110172373","RBS1","112.0957","QS","","112.0957","2101","","MAP","","407466.9","286803.5","Birmingham Moor Street - Platform 1","HSJ7","","","","","","","","","","","110172373","2021-05-25","","NRAIL","","","","","","Access via station, door on platform 1. No.5 lock, steps down to access. Access for the RBS1 and Birmingham.   LAT=52.479123    LONG=-1.8914823    EAST=407466.9074     NORTH=286803.5353",""
"110180031","RBS1","112.1565","QS","","112.1565","3806","","MAP","","406942.4","286655.3","Birmingham New Street Stn","HSJ7","","","","","","","","","PED","","110180031","2022-09-20","","NRAIL","","","","","","Access and egress off all platform ends when a safe system of work is in place. No access during the day unless there is emergency protection. Inspection and carrying light hand tools only.   LAT=-1.8992072			    LONG=52.4777975",""
"50461342","RBS1","112.1606","QS","","112.1606","0","","MAP","","407077.0","286641.0","Birmingham New Street Station","HSJ7","","","","","","","","","","","50461342","2020-01-07","","NRAIL","","","","","All/Multiple Tracks","Station Street, B5 4DY, Access to track via platform ends",""
"110174017","RBS1","83.1216","QS","","83.1216","2100","","MAR","","449321.3","276002.8","Banner Yard RRV","HSJ8","","","","","","","","","","","110174017","2021-10-05","","NRAIL","","","","","Down Main/Fast","","SP 49321 76002"
"50143198","RBS1","89.0086","QS","","89.0086","2100","","MAR","","440740.9","276089.5","Brandon Old Station RRV Down","HSJ8","","","","","","","","","","","50143198","2021-09-17","","NRAIL","","","","","Down Main/Fast","Access from Brandon Lane","SP 40740 76089"
"110174019","RBS1","89.0093","QS","","89.0093","1100","","MAR","","440734.8","276093.4","Brandon Old Station RRV Up","HSJ8","","","","","","","","","","","110174019","2021-10-05","","NRAIL","","","","","Up Main/Fast","","SP 40734 76093"
"110142249","RBS1","90.044","QS","","90.044","1100","","MAR","","438816.0","276258.0","Brandon Lane PSP","HSJ7","","","","","","","","","","","110142249","2019-11-11","","NRAIL","","","","","Up Main/Fast","Brandon Lane, CV8 3GQ, Upside, Double gates leading to PSP Relay room and RRAP for RRV access.  Due to improvements at BRANDON LANE vehicle access this has been upgraded to a Road Rail Vehicle Access.",""
"110169229","RBS1","93.047","QS","","93.047","2100","","MAR","","434261.1","277904.4","Flo Gas","HSJ7","","","","","","","","","RRV","","110169229","2021-03-11","","NRAIL","","","","","Down Main/Fast","London Road, CV3 4AB, Downside, Double gates, access is office hours only due to location being 3rd party land. Always ask permission to park and access. Currently referenced as VEH access,however is used for RRV access although no permanent RRAP in place currently. No permanent RRAP in place but capacity for temporary RRAP.~
~
<Current Freetext: CV3 4AB, Downside, Double gates, access is office hours only due to location being 3rd party land. Always ask permission to park and access>",""
"50461269","RBS1","94.0291","QS","","94.0291","1900","","MAR","","432870.1","278267.5","Coventry Yard","HSJ7","","","","","","","","","RRV","","50461269","2021-07-02","","NRAIL","","","","","Up Siding","Off Warwick Road, CV3 6TA, access in station car park next to retail park, double gate with RRAP for RRV access, first line at site is south neck sidings. Double gate, direct to track. Parking: exce",""
"110165066","RBS1","95.0645","QS","","95.0645","1100","","MAR","","430972.0","278057.0","Canley RRAP","HSJ7","","","","","","","","","RRV Access","","110165066","2020-01-06","","NRAIL","","","","","Up Main/Fast","Canley RRV Access.  Canley Road, CV5 6BH, Upside, Double gates leading to RRAP for RRV access.  GPS  Latitude N52:23:58.7536.  Longtitude 1:32:46.38582 W.  National Grid Reference SP 30972 78057",""
"110169233","RBS1","97.1133","QS","","97.1133","2100","","MAR","","427351.0","277523.5","Tile Hill RRAP","HSJ7","","","","","","","","","RRV","","110169233","2025-07-21","","NRAIL","","","","","Down Main/Fast","Alan Higgs Way, CV4 8LR, Downside, Access road is next to Tile Hill Station ticket office, double gates, RRAP for RRV access",""
"50416288","RBS1","99.0546","QS","","99.0546","2100","","MAR","","424495.0","277612.0","Berkswell Station Car Park","HSJ7","","","","","","","","","NP","","50416288","2020-01-06","","NRAIL","","","","","Down Main/Fast","Station Road, CV7 7EF, Downside, Double gates leading to RRAP for RRV access.",""
"50143211","RBS1","102.0955","QS","","102.0955","2100","","MAR","","420722.0","280933.0","Station Road","HSJ7","","","","","","","","","NP","","50143211","2020-01-06","","NRAIL","","","","","Down Main/Fast","Downside, Double gates that leads to RRAP for RRV access. Any use of large machinery must be notified to ALL residents and any loading or unloading is to be done in compliance with relevant road traffic regulations.",""
"110165067","RBS1","104.1395","QS","","104.1395","1100","","MAR","","418761.0","283719.0","Perimeter Rd","HSJ7","","","","","","","","","RRV Access","","110165067","2020-01-06","","NRAIL","","","","","Up Main/Fast","Through Gate 1, Off Pendigo Way and Northway Ring Road NEC Complex, B40 1NT, follow to Perimeter Road, Double gate that leads to RRAP for RRV access on Platform 5 which is Bi - directional",""
"50461336","RBS1","106.0543","QS","","106.0543","1100","","MAR","","416748.0","285459.0","Marston Green Station Car Park","HSJ7","","","","","","","","","","","50461336","2020-01-06","","NRAIL","","","","","Up Main/Fast","Farlow Croft, B37 7AD, Upside, Double gates inside station car park that leads to a RRAP for RRV access",""
"110143372","RBS1","108.1674","QS","","108.1674","2100","","MAR","","413157.0","287447.0","Stechford Trading Estate","HSJ7","","","","","","","","","","","110143372","2020-01-07","","NRAIL","","","","","Down Main/Fast","Lyndon Road, B33 8BU, Downside, Compound with Double gates leading to RRAP for RRV access",""
"110172751","RBS1","111.0151","QS","","111.0151","1100","","MAR","","409753.3","287227.6","Adderley Park <RRAP>","HSJ7","","","","","","","","","RRV","","110172751","2021-07-02","","","","","","","Up Main/Fast","",""
"110143369","RBS1","90.0445","QS","","90.0445","1100","","MAV","","438812.0","276258.0","BRANDON LANE","HSJ7","","","","","","","","","","","110143369","2011-03-24","","NRAIL","","","","","Up Main/Fast","NEW VEHICLE ACCESS POINT FOR SSP RELAY ROOM & ACCESS TO TRACK UP RBS VIA RRAP. ACCESS OFF BRANDON LANE SKEW BRIDGE NO.17 LOCK FITTED.",""
"50416274","RBS1","97.1","QS","","97.1","0","","MAV","","427474.0","277536.0","Tile Hill Level Crossing","HSJ7","","","","","","","","","NP","","50416274","2011-03-24","","AMEY","","","","","All/Multiple Tracks","Nature of Access: Auto barriers direct to track. Pedestrian access off platform ends. Parking: excellent, in station car park.",""
"50416252","RBS1","99.086","QS","","99.086","0","","MAV","","424405.0","277662.0","Berkswell Level Crossing","HSJ7","","","","","","","","","NP","","50416252","2011-03-24","","AMEY","","","","","All/Multiple Tracks","Auto Barriers, direct access to track. Parking: none.",""
"50461238","RBS1","103.0117","QS","","103.0117","1100","","MAV","","420298.0","281537.0","Old Station Road","HSJ7","","","","","","","","","","","50461238","2020-01-06","","NRAIL","","","","","Up Main/Fast","B92 0HA, Upside, Double gates",""
"50416279","RBS1","104.103","QS","","104.103","2100","","MAV","","418901.0","283522.0","Birmingham International Engineers Yard","HSJ7","","","","","","","","","NP","","50416279","2020-01-06","","NRAIL","","","","","Down Main/Fast","Station Link Road, B37 7BQ, Downside, Double gates that open onto Platform 1 which is Bi- directional",""
"110143364","RBS1","104.1407","QS","","104.1407","3801","","MAV","","418675.0","283828.0","BIRMINGHAM INTERNATIONAL","HSJ7","","","","","","","","","","","110143364","2011-03-24","","NRAIL","","","","","","NEW RRAP INSTALLED TO ACCESS POINT UPSIDE AT BIRMINGHAM INTERNATIONAL - ACCESS VIA GATE 2 VIA NATIONAL EXHIBITION CENTRE & PERIMETER ROAD. NO.17 LOCK FITTED.",""
"50143179","RBS1","108.1651","QS","","108.1651","2100","","MAV","","413233.0","287436.0","Stechford","HSJ7","","","","","","","","","NP","","50143179","2020-01-07","","NRAIL","","","","","Down Main/Fast","Lyndon Road, B33 8BU, Downside, Double gates, leading direct to track",""
"50416271","RBS1","109.012","QS","","109.012","1100","","MAV","","412981.0","287475.0","Jewsons""s Yard","HSJ7","","","","","","","","","NP","","50416271","2018-09-18","","NRAIL","","","","","Up Main/Fast","Double Locked Gates, direct access to track. Parking: fair, inside AP gate.",""
"50143183","RBS1","111.015","QS","","111.015","2100","","MAV","","409836.0","287238.0","Adderley Park - Tarmac","HSJ7","","","","","","","","","NP","","50143183","2020-01-07","","NRAIL","","","","","Down Main/Fast","Bordersley Green Road, B8 1BY, Turn into the concrete and re cycling yard off the main road, Downside, Double gates leading to RRAP for RRV access",""
"110182331","RBS2","0.1682","QS","","0.1682","2100","","MAP","","5445.0","86995.0","Lighthorne Avenue Access","HSJ7","","","","","","","","","Pedestrian Access point","","110182331","2023-09-05","","NRAIL","","","","","Down Main/Fast","Pedestrian access point, Down Stour. Access to Monument Lane Midlands PSP & Monument Lane LNW PSP. During plans to upgrade this access point with a safe walking route & a suitable ramp to the new equipment it was identified that this access was never recorded on the directory. Planned works: relocate the access gate 10.0m towards the high mileage side of existing access point. This allows the ramp to lower sooner achieving a 1 in 12 slop, a access Information Sign to be fitted & concrete walkway 1000mm wide with a heavy-duty brush finish to new PSP & REB",""
"50143187","RBS2","1.0178","QS","","1.0178","2100","","MAP","","405246.8","287119.4","Lighthorne Avenue - U/Br. No. 8","HSJ7","","","","","","","","","PED","","50143187","2021-07-01","","NRAIL","","","","","Down Main/Fast","Notes: Downside, double gate No.17 padlock, direct to track. Parking: good, inside AP gate.",""
"50143186","RBS2","1.126","QS","","1.126","1800","","MAP","","404503.0","287752.0","Aberdeen Street","HSJ7","","","","","","","","","NP","","50143186","2018-09-19","","NRAIL","","","","","Up Other/Eng/Car","Notes: Upside, single gate No.17 padlock, descending steps to track. An access track runs south from AP steps for approx. 400 yds. Parking: v.poor, on side of road.",""
"110180511","RBS2","2.02","QS","","2.02","2100","","MAP","","","","SOHO TRAIN DEPOT","HSJ7","","","","","","","","","PEDESTRIAN","","110180511","2022-10-06","","NRAIL","","","","","Down Main/Fast","Soho Train Depot, Vittoria St, B66 2NJ, Downside~
what3words///strut.unity.cove~
Prior to using this access sign in with the shunter",""
"50461346","RBS2","2.05","QS","","2.05","2900","","MAP","","403886.0","288411.0","Soho Locomotive Mitenance Depot","HSJ7","","","","","","","","","","","50461346","2011-03-24","","NP","","","","","Down Siding","Direct to track. Parking: good, in car park. Soho relay room located adj to Br.13 accessed from LMD",""
"110177212","RBS2","3.0679","QS","","3.0679","2100","","MAP","","402176.2","288702.8","Smethwick Rolfe Street","HSJ7","","","","","","","","","PED","","110177212","2022-03-23","","NRAIL","","","","","Down Main/Fast","Access and egress off Wolverhampton platform ends only when line is blocked to trains ~
No access to track off Birmingham ends of the platform ~
No access during the day unless there is emergency protection~
Inspection and carrying light hand tools only",""
"50143191","RBS2","3.154","QS","","3.154","0","","MAP","","401583.0","289200.0","Galton Junction","HSJ7","","","","","","","","","NP","","50143191","2011-03-24","","AMEY","","","","","All/Multiple Tracks","Double gate, padlocked, descending steps to track. Double gates provide access into parking/storage area, single gate access to descending steps. Access to upside gained by following path over bridge to steps on other side. Junction Feeder Station located on upside.",""
"110174080","RBS2","4.0047","QS","","4.0047","1100","","MAP","","401409.5","289371.6","SMETHWICK GALTON STATION","HSJ7","","","","","","","","","","","110174080","2021-09-23","","NRAIL","","","","","Up Main/Fast","Access and egress off all platform ends when a safe system of work is in place~
Access via authorised walking route on platforms 3+4 low level Birmingham ? a suitable safe system of work is required~
No access during the day unless there is emergency protection~
Inspection and carrying light hand tools only",""
"110174355","RBS2","4.0047","QS","","4.0047","1100","","MAP","","401409.5","289371.6","Smethwick Galton Station","HSJ7","","","","","","","","","PED","","110174355","2021-09-28","","NRAIL","","","","","Up Main/Fast","Access and egress off all platform ends when a safe system of work is in place~
Access via authorised walking route on platforms 3+4 low level Birmingham ? a suitable safe system of work is required~
No access during the day unless there is emergency protection~
Inspection and carrying light hand tools only",""
"110172993","RBS2","5.0586","QS","","5.0586","1100","","MAP","","399406.2","290017.1","Sandwell & Dudley Stn","HSJ7","","","","","","","","","PED","","110172993","2021-08-05","","NRAIL","","","","","Up Main/Fast","Access and egress off Wolverhampton platform ends only when lines are blocked to trains~
Birmingham end require an appropriate safe system of work",""
"50143193","RBS2","5.132","QS","","5.132","1100","","MAP","","398891.0","290447.0","West Bromwich Street Bridge 33","HSJ7","","","","","","","","","NP","","50143193","2018-09-18","","NRAIL","","","","","Up Main/Fast","Notes: Upside, single gate, padlocked, ascending steps to track. Parking: fair, on side of road. Vehicular access to gate blocked with earth bund.",""
"50461348","RBS2","5.1691","QS","","5.1691","2900","","MAP","","398658.6","290691.4","Union Road/Anglo African Industrial Estate","HSJ7","","","","","","","","","PED","","50461348","2021-07-05","","NRAIL","","","","","Down Siding","Double gate, padlocked, ascending steps to track. Parking: good, adj to AP gate.",""
"50143156","RBS2","6.102","QS","","6.102","1100","","MAP","","397868.0","291261.0","Sheepwash Urban Park","HSJ7","","","","","","","","","NP","","50143156","2018-09-18","","NRAIL","","","","","Up Main/Fast","Upside, double gate, padlocked, direct to track. Parking: good, adj to AP gate.",""
"110177211","RBS2","7.0576","QS","","7.0699","1100","","MAP","","396745.0","2918.4","Dudley Port station","HSJ7","","","","","","","","","","","110177211","2022-03-22","","NRAIL","","","","","Up Main/Fast","As part of the railhub access point database verification all stationj platforms were assessed to be added in to the hazard directory",""
"110177213","RBS2","7.0633","QS","","7.0633","2100","","MAP","","396752.0","291844.6","Dudley port","HSJ7","","","","","","","","","PED","","110177213","2022-03-23","","NRAIL","","","","","Down Main/Fast","Access and egress off all platform ends require an appropriate safe system of work~
No access during the day unless there is emergency protection~
Inspection and carrying light hand tools only",""
"50143157","RBS2","7.086","QS","","7.086","1100","","MAP","","396568.0","291942.0","Park Lane East Bridge 48","HSJ7","","","","","","","","","NP","","50143157","2018-09-18","","NRAIL","","","","","Up Main/Fast","Notes: Upside Pedestrian Access, single gate, padlocked, ascending steps to track. Relay room located at AP. Parking: v.poor, on side of road.",""
"50416234","RBS2","7.092","QS","","7.092","1100","","MAP","","396520.0","291968.0","Bridge 49","HSJ7","","","","","","","","","NP","","50416234","2018-09-19","","NRAIL","","","","","Up Main/Fast","Single gate, padlocked, ascending embankment to track. AP disused, no direct access to track due to lack of steps. Access gained on foot from housing estate.",""
"50143158","RBS2","7.166","QS","","7.166","2100","","MAP","","395936.0","292296.0","Watery Lane Shunt Frame","HSJ7","","","","","","","","","NP","","50143158","2018-09-19","","NRAIL","","","","","Down Main/Fast","Notes: Downside, single gate, padlocked, direct to track. Steep inclines to canal bridge. Parking: fair, adj to AP gate.",""
"110177214","RBS2","8.0346","QS","","8.0346","2100","","MAP","","395608.2","292537.8","Tipton","HSJ7","","","","","","","","","PED","","110177214","2022-03-23","","NRAIL","","","","","Down Main/Fast","Access and egress available off all platform ends ~
No access during the day unless there is emergency protection~
Inspection and carrying light hand tools only",""
"110149993","RBS2","8.1101","QS","","8.1101","2100","","MAP","","395009.0","292866.2","Bloomfield Park Industrial Estate","HSJ7","","","","","","","","","","","110149993","2021-05-25","","NRAIL","","","","","Down Main/Fast","Limited parking. Passord required to access industrial estate - contact local maintainer.     LAT=52.5336527    LONG=-2.0750018     EAST=395009.0576    NORTH=292866.2623",""
"50143160","RBS2","9.0161","QS","","9.0161","2100","","MAP","","394487.3","293407.7","CentraL Drive/Coseley TSC","HSJ7","","","","","","","","","PED","","50143160","2021-07-06","","NRAIL","","","","","Down Main/Fast","Notes: Downside, single gate, padlocked, descending steps to track. No vehicular or parking rights. Relay room located at this AP. Limited clearance under Br.62",""
"110177215","RBS2","9.1012","QS","","9.1012","2100","","MAP","","394278.9","294159.0","Coseley","HSJ7","","","","","","","","","PED","","110177215","2022-03-23","","NRAIL","","","","","Down Main/Fast","Access and egress off Birmingham platform ends only when line is blocked to trains~
Access and egress available off Wolverhampton ends  ~
No access during the day unless there is emergency protection~
Inspection and carrying light hand tools only",""
"50143164","RBS2","11.133","QS","","11.133","2100","","MAP","","392880.0","297350.0","Dixon Road - Br. No. 82","HSJ7","","","","","","","","","NP","","50143164","2018-09-19","","NRAIL","","","","","Down Main/Fast","Notes: Downside, single gate padlocked, ascending steps to track. Parking: poor, on side of road.",""
"50461352","RBS2","12.002","QS","","12.002","1100","","MAP","","392760.0","297737.0","Landport Road - Br. No.84","HSJ7","","","","","","","","","","","50461352","2018-09-19","","NRAIL","","","","","Up Main/Fast","Single gate padlocked, ascending steps to track. Parking: poor, on side of road.",""
"110177231","RBS2","12.0168","QS","","12.0168","1100","","MAP","","391976.7","298895.2","Wolverhampton Stn","HSJ7","","","","","","","","","PED","","110177231","2022-03-23","","NRAIL","","","","","Up Main/Fast","Access on running lines between platforms 5/1 and 2/3 on Birmingham end require an appropriate safe system of work ~
Access on running lines between platform 6/1 on Shrewsbury end require an appropriate safe system of work ~
Access on platforms 2,3,4 on Shrewsbury end require an appropriate safe system of work~
Birmingham end on platform 4 access via authorised fire evacuation at all times.~
Inspection and carrying light hand tools only",""
"50461353","RBS2","12.0255","QS","","12.0255","1100","","MAP","","392697.8","297952.6","LANDPORT ROAD","HSJ7","","","","","","","","","PED","","50461353","2023-05-31","","NRAIL","","","","","Up Main/Fast","Access point to be used for Pedestrian Access ONLY. No off/on tracking of RRVs or Vehicles. Double gates, padlocked, ascending ramp to track. Parking: fair, adj to AP gate. Speed ramp approx. 1 in 3",""
"50143166","RBS2","12.0654","QS","","12.0654","1100","","MAP","","392587.9","298302.2","Wolverhampton Steel Terminal","HSJ7","","","","","","","","","PED","","50143166","2021-07-07","","NRAIL","","","","","Up Main/Fast","Ascending steps to track. Parking: fair, adjacent to steps.",""
"50143168","RBS2","13.0682","QS","","13.0682","1100","","MAP","","391690.0","299521.0","Emerald Club - Adj to Br. No.117 Cannock Rd","HSJ7","","","","","","","","","NP","","50143168","2018-09-19","","NRAIL","","","","","Up Main/Fast","Upside, single gate, padlocked, ascending steps to track. Parking: good, in car park.",""
"50143169","RBS2","14.033","QS","","14.033","1100","","MAP","","391645.0","300775.0","Showel Road Br. No. 132","HSJ7","","","","","","","","","NP","","50143169","2018-09-19","","NRAIL","","","","","Up Main/Fast","Upside, ascending steps to track. No gate, steps in disrepair. Parking: v.poor, on side of road.",""
"110152216","RBS2","1.033","QS","","1.033","1800","","MAR","","","","Cope Street","HSJ7","","","","","","","","","RRV","","110152216","2015-03-27","","NRAIL","","","","","Up Other/Eng/Car","Access only across third party land. No Parking, No Materials to be left on third party land. Combination required to unlock access gate lock over third party land available on request from Sandwell and Dudley DU.",""
"110156106","RBS2","1.0374","QS","","1.0374","1800","","MAR","","405107.9","287251.0","COPE STREET ACCESS POINT","HSJ7","","","","","","","","","","","110156106","2021-07-27","","NRAIL","","","","","Up Other/Eng/Car","1800 up through sidings. Access for the deliveries of Plant to Cope Street as the New Access Point instead of Monument Lane.As you are all aware that Monument Lane has been closed for the deliveries of Plant only for safety reasons. We now have the use and Access at Cope Street, Birmingham,  RBS2 Approx 1m 17ch <RRAP Mileage> , as the new access point for the deliveries of plant and for the on and off tracking of plant.Projects/Siemans have hired this access point and are allowing us to use it, so please adhere to any requests they make so we can all happily share the access point without any issues or problems.",""
"50143188","RBS2","2.0881","QS","","2.0881","1800","","MAR","","403595.1","288606.0","Avery Road Soho North","HSJ7","","","","","","","","","RRV","","50143188","2021-07-05","","NRAIL","","","","","Up Other/Eng/Car","Notes: Upside, double gate padlocked, direct to track. High T&V area. Steep incline on access road off end of Avery Road. Parking: good, inside AP gate. NEW ALL LINE RRAP INSTALLED AT 2M 0952Y. ACCESS",""
"50143192","RBS2","4.1064","QS","","4.1064","1100","","MAR","","400534.7","289698.4","Crystal Drive/Elm Court <RRAP>","HSJ7","","","","","","","","","RRV","","50143192","2021-07-05","","NRAIL","","","","","Up Main/Fast","Downside, double gate No.17 padlock, direct to track. Dirt track runs south from AP gate parallel to down line for approx. 500 yds. Parking: good, inside AP gate.",""
"110149475","RBS2","5.0339","QS","","5.0339","1100","","MAR","","399620.1","289923.0","Sandwell and Dudley depot","HSJ7","","","","","","","","","RRV","","110149475","2021-07-05","","NRAIL","","","","","Up Main/Fast","2100/1100. ROAD RAIL ACCESS POINT. Access is via appointment only and must be booked in via maintenance depot",""
"50461349","RBS2","8.0152","QS","","8.0152","1100","","MAR","","395748.6","292428.1","Tipton depot <RRAP>","HSJ7","","","","","","","","","RRV","","50461349","2021-07-06","","NRAIL","","","","","Up Main/Fast","Double gate, padlocked, direct to track. Parking: excellent, inside AP gate.",""
"50143162","RBS2","9.1736","QS","","9.1736","2100","","MAR","","394073.9","294801.9","Anchor Rd <BRD:69> *Use by Maintenance Staff Only*","HSJ7","","","","","","","","","RRV","","50143162","2021-07-06","","NRAIL","","","","","Down Main/Fast","Notes: Up Line, double gate, padlocked, direct to track. Relay room located 30 yds south on up. Parking: good, inside AP gate. Use by Network Rail Maintenance Staff only or by prior arrangement with l",""
"110143368","RBS2","12.1436","QS","","12.1436","3100","","MAR","","392143.3","298779.5","WOLVERHAMPTON DEPOT CORNHILL","HSJ7","","","","","","","","","RRV","","110143368","2021-07-07","","NRAIL","","","","","Rev Main/Fast","NEW ACCESS POINT - VEHICLE INSTALLED. LIMITED ACCESS VIA WOLVERHAMPTON DEPOT. AUTHORITY TO ACCESS REQUIRED FROM LOCAL PWAY SECTION MANAGER. NO.17 LOCK FITTED.",""
"50143185","RBS2","0.1602","QS","","0.1602","1100","","MAV","","405745.0","286884.0","MONUMENT LANE VEHICLE ACCESS","HSJ7","","","","","","","","","NP","","50143185","2021-03-03","","NRAIL","","","","","Up Main/Fast","Double gate No.17 padlock, direct access to track. Parking: fair, inside AP gate. NEW RRAP INSTALLED NO.17 PADLOCK FIITTED.   Double gate no.17 padlock , compacted dirt rd from public highway< st Vincent St> to gates parking to left through gates under Rd bridge , No access to RRAP on right without isolation /possesion of lines with MEWPS/RRVs- Distubution assets through gates on right.",""
"50461345","RBS2","2.0012","QS","","2.0012","1100","","MAV","","404158.0","288060.0","MAGDELA STREET - ALBION WORKS","HSJ7","","","","","","","","","","","50461345","2011-03-24","","NRAIL","","","","","Up Main/Fast","Double gates, No.17 padlock, direct to track. Parking: good, adj to AP gate. RRAP TO REMAIN BUT ACCESS TO RRAP VIA NEW ACCESS GATE VIA OLD PEOPLES HOME OFF CORNER OF CLINTON STREET & MAGDELA STREET. NEW SINGLE RRAP ON SOHO ROAD SSP. TRAVERSE ALONG UP MAIN TO EXISITNG RRAP.",""
"50143189","RBS2","3.001","QS","","3.001","2100","","MAV","","402786.0","288692.0","Soho Way A457","HSJ7","","","","","","","","","NP","","50143189","2018-09-19","","NRAIL","","","","","Down Main/Fast","Notes: Downside, double gate padlocked, direct to track. Steep descending ramp to AP gate. Tight turn off A457 <Dual-carriageway>, difficult to get back out, need look out protection or traffic management <cone off lane>. Parking: v.poor, adj to AP gate.",""
"50424320","RBS2","3.0873","QS","","3.0873","1100","","MAV","","402018.4","288780.3","North Western Road Network Rail depot","HSJ7","","","","","","","","","VEH","","50424320","2021-07-05","","NRAIL","","","","","Up Main/Fast","Notes: Downside Vehicular Access located off Tollhouse Way adj to BB03/36A. Steep embankment down to gate, off dual carriageway.",""
"50143190","RBS2","3.088","QS","","3.088","1100","","MAV","","401995.0","288815.0","North Western Road - AMEY COLAS Depot","HSJ7","","","","","","","","","NP","","50143190","2017-12-29","","NRAIL","","","","","Up Main/Fast","Notes: Up Side, double gate padlocked, direct to track. Double gates into depot have a different padlock to track access gates. Parking: good, in depot car park. RRAP INSTALLED NO.17 LOCK FITTED.",""
"50143155","RBS2","6.0264","QS","","6.0264","1100","","MAV","","398479.6","290938.0","Kings/White Arrow","HSJ7","","","","","","","","","VEH","","50143155","2021-07-05","","NRAIL","","","","","Up Main/Fast","Notes: Upside, double gate No.17 padlock, direct to track. Parking: poor, adj to AP gate.",""
"50461350","RBS2","8.03","QS","","8.03","0","","MAV","","395643.0","292513.0","Owen Street Level Crossing","HSJ7","","","","","","","","","","","50461350","2011-03-24","","NV","","","","","All/Multiple Tracks","Barriers, direct to track. Traffic management required if using LC to access/egress railway with road rail equipment. Parking: good, in tipton station car park.",""
"110143370","RBS2","13.0066","QS","","13.0088","2901","","MAV","","391861.6","298979.8","BANANA YARD - WOLVERHAMPTON STATION NTH","HSJ7","","","","","","","","","Vehcular Only","","110143370","2022-05-12","","NRAIL","","","","","","Change it from an RRV access point, to a Vecular acceesss point. As it is unsafe to deliver OTP to the access point.                                                    Access point has tight restrictions, due to building layout and cars parking.",""
"50143171","RBS3","16.088","QS","","16.088","2100","","MAP","","391842.0","303073.0","Bee Lane Bridge 50","HSJ7","","","","","","","","","NP","","50143171","2018-09-24","","NRAIL","","","","","Down Main/Fast","Notes: Downside, single gate padlocked, ascending steps to track. No vehicular or parking rights.",""
"50143134","RBS3","17.165","QS","","17.165","1100","","MAP","","392098.0","305355.0","Brinsford Lane Bridge 54","HSJ7","","","","","","","","","NP","","50143134","2018-09-20","","NRAIL","","","","","Up Main/Fast","Notes: Upside Access, single gate, padlocked, ascending steps to track. Parking: poor, on side of road.",""
"50143136","RBS3","18.0119","QS","","18.0119","1100","","MAP","","392035.0","306536.3","Paradise Lane access","HSJ7","","","","","","","","","PED","","50143136","2021-07-01","","NRAIL","","","","","Up Main/Fast","Upside Access, single gate, ascending steps to track. Parking: fair, on side of road.Space for one vehicle to park on the corner",""
"50143135","RBS3","18.0745","QS","","18.0745","2100","","MAP","","392068.0","306136.7","New Road, BR55","HSJ7","","","","","","","","","PED","","50143135","2021-07-01","","NRAIL","","","","","Down Main/Fast","Notes: Downside Access, single gate padlocked, descending steps to track. Parking: v.poor, on side of road. Space for one vehicle",""
"50143139","RBS3","20.1034","QS","","20.1034","1100","","MAP","","391484.0","309566.0","Gravelly Way - Br.63","HSJ7","","","","","","","","","NP","","50143139","2018-09-20","","NRAIL","","","","","Up Main/Fast","Notes: Upside Access, single gate, descending steps to track. Parking: poor, on side of road. Reserved vehicular right of access over Gravelly Way <privare road>. No specific parking rights.",""
"50143140","RBS3","21.042","QS","","21.042","1100","","MAP","","391430.0","310618.0","Gailey Ete Cabin","HSJ7","","","","","","","","","NP","","50143140","2018-09-20","","NRAIL","","","","","Up Main/Fast","Notes: Upside Access, double gate, padlocked, descending steps to track. Beware of approaching vehicles when entering/exiting AP. Parking: good, inside AP gate.",""
"50468066","RBS3","22.1616","QS","","22.1616","1100","","MAP","","91948.0","13250.0","Littleton Colliery Sidings","HSJ7","","","","","","","","","Pedestrian ","","50468066","2025-07-21","","AMEY","","","","","Up Main/Fast","Up side. Single gate. ST19 5LU Pathway behind Grange Crescent off Bungham Lane. W3W///soldiers.sunbeam.removals. Descending steps. No parking. Please keep noise to a minimum due to close proximity of residential properties.
",""
"50143144","RBS3","23.1495","QS","","23.1495","1100","","MAP","","392108.9","314725.1","Coal Yard","HSJ0","","","","","","","","","","","50143144","2021-09-08","","NRAIL","","","","","Up Main/Fast","Notes: Upside Access, single gate, No.17 padlock, direct to track. Parking: poor, on side of road. Public footpath crossing adjacent to AP gate. Do not block access to Plastic Bottle Supplies Ltd or turn vehicles in old goods yard.","SJ 92108 14725"
"50143145","RBS3","24.0813","QS","","24.0813","1100","","MAP","","392211.7","315703.4","Paint Ball","HSJ0","","","","","","","","","","","50143145","2021-09-08","","NRAIL","","","","","Up Main/Fast","Nature of Access: Upside, single gate No.17 padlock, descending steps. Parking: none.","SJ 92211 15703"
"40637654","RBS3","25.1428","QS","","25.1428","2100","","MAP","","392426.1","317865.6","Dunston","HSJ0","","","","","","","","","","","40637654","2021-09-08","","NRAIL","","","","","Down Main/Fast"," ","SJ 92426 17865"
"110175077","RBS3","26.1337","QS","","26.1337","1100","","MAP","","392592.1","319381.9","Penkridge Caravan park","HSJ0","","","","","","","","","","","110175077","2021-12-09","","NRAIL","","","","","Up Main/Fast","","SJ 92592 19381"
"50461316","RBS3","27.1486","QS","","27.1486","1100","","MAP","","392650.5","321119.9","Sydney Ave","HSJ0","","","","","","","","","","","50461316","2021-09-08","","NRAIL","","","","","Up Main/Fast","Nature of Access: double gates No.17 padlock, direct to track. Parking: good, on side of road. ""Emergency access, keep clear at all times"" sign attached to AP gate.","SJ 92650 21119"
"50468091","RBS3","28.0344","QS","","28.0344","1100","","MAP","","392525.4","321653.4","Rickersote","HSJ0","","","","","","","","","","","50468091","2021-09-08","","NRAIL","","","","","Up Main/Fast"," ","SJ 92525 21653"
"50416162","RBS3","23.0771","QS","","23.0771","2100","","MAPE","","392031.6","314064.8","Penkridge Plat 2 HighEnd","HSJ0","","","","","","","","","","","50416162","2023-05-31","","NRAIL","","","","","Down Main/Fast","Nature of Access: Off platform ends. Parking: good, in station car park.","SJ 92031 14064"
"40637651","RBS3","23.082","QS","","23.082","1100","","MAPE","","392045.1","314109.2","Penkridge Plat 1 HighEnd","HSJ0","","","","","","","","","","","40637651","2023-05-31","","NRAIL","","","","","Up Main/Fast","","SJ 92045 14109"
"110150786","RBS3","15.0013","QS","","15.0013","2100","","MAR","","391629.4","301831.2","Bushbury yard-Steel Drive","HSJ7","","","","","","","","","RRV","","110150786","2021-07-05","","NRAIL","","","","","Down Main/Fast","Access via double gates on Bushbury Lane. Haul road within Bushbury Goods sidings lead to RRAP.  LAT=52.6141887   LONG=52.6141887",""
"50461356","RBS3","15.131","QS","","15.131","1100","","MAR","","391633.0","301836.0","Steel Drive <Fordhouses Road Ind. Est.>","HSJ7","","","","","","","","","","","50461356","2014-06-09","","NRAIL","","","","","Up Main/Fast","Double gate, padlocked, direct to track. Parking: good, on side of road.Improvements made to allow upgarde to RRV access point.",""
"110173547","RBS3","25.0237","QS","","25.0237","1100","","MAR","","392320.3","316779.6","Swan Lane Up","HSJ0","","","","","","","","","","","110173547","2021-09-08","","NRAIL","","","","","Up Main/Fast","","SJ 92320 16779"
"40637653","RBS3","25.0238","QS","","25.0238","2100","","MAR","","392316.7","316780.2","Swan Lane Down","HSJ0","","","","","","","","","","","40637653","2021-09-08","","NRAIL","","","","","Down Main/Fast"," ","SJ 92316 16780"
"50468060","RBS3","15.0748","QS","","15.0748","1100","","MAV","","391680.0","301303.0","Steel Drive <Gala Bingo> - Br. No48A","HSJ7","","","","","","","","","NP","","50468060","2011-03-24","","AMEY","","","","","Up Main/Fast","Upside Vehicular Access. Double gate, padlocked. Parking: Fair, inside AP gate",""
"50143170","RBS3","15.0769","QS","","15.0769","2100","","MAV","","391684.5","301303.3","Steel Drive Former Gala Bingo","HSJ7","","","","","","","","","VEH","","50143170","2021-07-01","","NRAIL","","","","","Down Main/Fast","Notes: Downside Vehicular Access Sourced from APM Birmingham Emergency Manual. Issue 01 01/03/97. ",""
"50143137","RBS3","19.154","QS","","19.154","1100","","MAV","","391659.0","308435.0","Four Ashes Relay Room","HSJ7","","","","","","","","","NP","","50143137","2018-09-20","","NRAIL","","","","","Up Main/Fast","Notes: Upside Access, double gate, padlocked, direct to track. Parking: poor, inside AP gate.",""
"110143365","RBS3","20.0073","QS","","20.0073","2100","","MAV","","391609.0","308698.0","FOUR ASHES - CHEMICAL WORKS","HSJ7","","","","","","","","","","","110143365","2013-04-23","","NRAIL","","","","","Down Main/Fast","NEW VEHICLE ACCESS POINT NO.17 FITTED. ACCESS OFF A449 SOUTH VIA GRAVELLY WAY - ACCESS AROUND FIELD VIA TRACK TO VEHICLE ACCESS POINT. <NEW WORKS TO BE FULLY COMPLETED EARLY 2009 - SPEAK TO LOCAL MAINTENANCE BEFORE ACCESSING.",""
"50143142","RBS3","22.0396","QS","","22.0396","1100","","MAV","","391578.0","312179.0","A449 - Opposite Layby","HSJ7","","","","","","","","","NP","","50143142","2018-09-24","","NRAIL","","","","","Up Main/Fast","Notes: Upside Access, double gate, padlocked, direct to track. Beware of approaching vehicles when entering/exiting AP. Parking: good, in layby on opposite side of road.",""
"110174072","RGY1","82.0491","QS","","82.0491","3900","","MAR","","451592.1","275836.6","Depot Line Colas RRV","HSJ8","","","","","","","","","","","110174072","2021-09-22","","NRAIL","","","","","Rev Siding","","SP 51592 75836"
"110174073","RGY1","82.0492","QS","","82.0492","3901","","MAR","","451593.2","275842.0","Colas Depot Siding 1 & 3 RRV","HSJ8","","","","","","","","","","","110174073","2021-09-22","","NRAIL","","","","","","","SP 51593 75842"
"110174074","RGY2","82.1518","QS","","82.1518","3901","","MAR","","450690.5","276094.9","Hunters Lane RRV RGY2 3901","HSJ8","","","","","","","","","","","110174074","2021-09-22","","NRAIL","","","","","","","SP 50690 76094"
"50143151","RRN1","1.0","QS","","1.0","1100","","MAP","","400677.0","300662.0","Bloxwich Road <Overbridge No. 7> B4210","HSJ7","","","","","","","","","","","50143151","2020-04-30","","NRAIL","","","","","Up Main/Fast","WS3 2XA, Upside, Single gate",""
"110170791","RRN1","2.0132","QS","","2.0132","2100","","MAP","","","","Bloxwich Footbridge","HSJ7","","","","","","","","","PEDESTRIAN ONLY","","110170791","2020-08-25","","NRAIL","","","","","Down Main/Fast","New access point created after old bloxwich level crossing was removed and new footbridge erected",""
"110170792","RRN1","2.0252","QS","","2.0252","1100","","MAP","","","","Bloxwich Footbridge","HSJ7","","","","","","","","","PEDESTRIAN ONLY","","110170792","2020-08-24","","NRAIL","","","","","Up Main/Fast","New access point created after old bloxwich level crossing was removed and new footbridge erected",""
"110170151","RRN1","2.0786","QS","","2.0786","2100","","MAP","","399310.1","302281.6","Bloxwich Station","HSJ7","","","","","","","","","","","110170151","2022-09-20","","NRAIL","","","","","Down Main/Fast","Access and egress off all platform ends when a safe system of work is in place. No access during the day unless there is emergency protection. Inspection and carrying light hand tools only.  LAT=-2.011617			   LONG=52.6183196",""
"110170152","RRN1","2.1717","QS","","2.1717","1100","","MAP","","398912.7","303049.2","Bloxwich North Stn","HSJ7","","","","","","","","","PED","","110170152","2022-09-20","","NRAIL","","","","","Up Main/Fast","Access and egress off all platform ends when a safe system of work is in place. No access during the day unless there is emergency protection. Inspection and carrying light hand tools only.    LAT=-2.0174903			    LONG=52.6252189",""
"50143118","RRN1","4.1144","QS","","4.1144","2100","","MAP","","398580.0","305744.0","Holly Lane","HSJ7","","","","","","","","","","","50143118","2020-04-30","","NRAIL","","","","","Down Main/Fast","WS6 7AR, Downside, Single gate",""
"110170153","RRN1","5.0268","QS","","5.0268","1100","","MAP","","398695.2","306547.0","Landywood Station","HSJ7","","","","","","","","","PED","","110170153","2021-09-27","","NRAIL","","","","","Up Main/Fast","Access and egress off all platform ends when a safe system of work is in place~
No access during the day unless there is emergency protection~
Inspection and carrying light hand tools only",""
"110170154","RRN1","5.0268","QS","","5.0268","1100","","MAP","","398695.2","306547.0","Landywood Staion  <Upside>","HSJ7","","","","","","","","","","","110170154","2021-09-23","","NRAIL","","","","","Up Main/Fast","Access and egress off all platform ends when a safe system of work is in place~
No access during the day unless there is emergency protection~
Inspection and carrying light hand tools only",""
"110142461","RRN1","6.0205","QS","","6.0205","2100","","MAP","","398407.0","308100.0","Bridge Avenue","HSJ7","","","","","","","","","temporary suspension of access point due to external works between 12/09/25 to 12/12/25 ","","110142461","2025-10-23","","NRAIL","","","","","Down Main/Fast","WS6 7EP, Downside, Single gate, Access is up an alleyway next to house number 56",""
"50143120","RRN1","6.09","QS","","6.09","2100","","MAP","","398553.0","308686.0","Green Lane","HSJ7","","","","","","","","","","","50143120","2020-04-30","","NRAIL","","","","","Down Main/Fast","WS11  0JW, Downside, Single gate",""
"110170195","RRN1","7.0333","QS","","7.0333","1100","","MAP","","398585.3","309813.8","Cannock Stn","HSJ7","","","","","","","","","PEDESTRIAN","","110170195","2022-09-20","","NRAIL","","","","","Up Main/Fast","Access and egress off all platform ends when a safe system of work is in place. No access during the day unless there is emergency protection. Inspection and carrying light hand tools only.    LAT=-2.0223576    LONG=52.6860299",""
"110169715","RRN1","0.0109","QS","","0.0109","2100","","MAR","","401468.8","299437.8","North Street,Rycroft Jcn","HSJ7","","","","","","","","","","","110169715","2021-07-05","","NRAIL","","","","","Down Main/Fast","North Street, WS2 8AU, Downside, Double gates leading to RRAP for RRV access. Also access to CBR2 47m 0950 & BJW2 6m.   LAT=52.5927526    LONG=-1.9797442",""
"110151207","RRN1","2.0264","QS","","2.0264","2100","","MAR","","399463.0","301917.0","Croxstalls Road Bloxwich","HSJ7","","","","","","","","","","","110151207","2014-09-29","","NRAIL","","","","","Down Main/Fast","RRV access constructed by Stobart Rail as part of the Electrification of RRN1/2 at Croxstalls Road.  Lat:52.615022.  Long:-2.0093662.",""
"110172302","RRN2","7.1455","QS","","7.1455","2100","","MAP","","399071.9","310679.7","Pebble Mill Drive, Cannock","HSJ7","","","","","","","","","PED","","110172302","2021-05-19","","NRAIL","","","","","Down Main/Fast","Pebble Mill Drive; Former footcrossing, No.17 lock, parking on Pebble Mill Drive",""
"110170196","RRN2","8.1355","QS","","8.1355","2100","","MAP","","","","Muldoon Close","HSJ7","","","","","","","","","","","110170196","2020-05-07","","NRAIL","","","","","Down Main/Fast","WS11  6TL, Downside, Single gate, Access is off the pathway, across the field heading towards Hednesford Station",""
"110170197","RRN2","9.0125","QS","","9.0125","1100","","MAP","","399956.1","312459.0","Hednesford","HSJ7","","","","","","","","","PED","","110170197","2021-09-21","","NRAIL","","","","","Up Main/Fast","Access and egress available off all four platform ends ~
No access during the day unless there is emergency protection~
Inspection and carrying light hand tools only",""
"50143123","RRN2","9.1162","QS","","9.1162","1100","","MAP","","400433.0","313219.0","Station Road","HSJ7","","","","","","","","","","","50143123","2020-05-07","","NRAIL","","","","","Up Main/Fast","WS12 0QS, Upside, Single gate",""
"110141641","RRN2","10.0268","QS","","10.0268","1100","","MAP","","400754.0","313731.0","Walkers Rise","HSJ7","","","","","","","","","","","110141641","2020-05-07","","NRAIL","","","","","Up Main/Fast","WS12 0QU, Upside, Single gate",""
"110170199","RRN2","12.076","QS","","12.076","1100","","MAP","","","","Chester Road","HSJ7","","","","","","","","","","","110170199","2020-05-07","","NRAIL","","","","","Up Main/Fast","WS15 1GD, Upside, Single gate,The access is located at the end of Chester Road following a pedestrian walkway, Follow the walking route through the access gate which leads to a GSRM mast & access to the track",""
"110170200","RRN2","12.1017","QS","","12.1017","1100","","MAP","","403275.8","316856.3","Chester Road","HSJ7","","","","","","","","","","","110170200","2021-07-05","","NRAIL","","","","","Up Main/Fast","WS15 1GD, Upside, Single gate,The access is located at the end of Chester Road following a pedestrian walkway. No.17 padlock... LAT=52.7493335    LONG=-1.9529031",""
"110170201","RRN2","13.0594","QS","","13.0594","0","","MAP","","404838.6","317478.2","Rugeley Town Station","HSJ7","","","","","","","","","","","110170201","2021-07-30","","NRAIL","","","","","All/Multiple Tracks","Wharf Road, WS15 1BL, Access to track via platform ends",""
"50143128","RRN2","13.1144","QS","","13.1144","1100","","MAP","","404744.0","317735.0","Arch Street","HSJ7","","","","","","","","","","","50143128","2020-05-07","","NRAIL","","","","","Up Main/Fast","WS15 1FB, Upside, Single gate",""
"50143129","RRN2","13.1518","QS","","13.1518","2100","","MAP","","404985.0","317972.0","Power Station Road","HSJ7","","","","","","","","","","","50143129","2020-05-07","","NRAIL","","","","","Down Main/Fast","WS15 2WT, Downside, Double gates",""
"110175041","RRN2","14.1044","QS","","14.1044","3100","","MAPE","","404862.6","319057.6","Rugeley Trent Valley Plat 1 LowEnd","HSJ0","","","","","","","","","","","110175041","2021-12-09","","NRAIL","","","","","Rev Main/Fast","","SK 04862 19057"
"110175039","RRN2","14.1167","QS","","14.1167","3100","","MAPE","","404792.1","319145.7","Rugeley Trent Valley Plat 1 HighEnd","HSJ0","","","","","","","","","","","110175039","2021-12-09","","NRAIL","","","","","Rev Main/Fast","","SK 04792 19145"
"110175040","RRN2","14.1172","QS","","14.1172","3100","","MAPE","","404793.6","319152.3","Rugeley Trent Valley Plat 2 HighEnd","HSJ0","","","","","","","","","","","110175040","2021-12-09","","NRAIL","","","","","Rev Main/Fast","","SK 04793 19152"
"50461584","RRN2","11.0561","QS","","11.0561","1100","","MAR","","402298.3","315078.2","Hednesford <RRAP>","HSJ7","","","","","","","","","","","50461584","2021-07-05","","NRAIL","","","","","Up Main/Fast","WS15 2UZ, Marquis Drive, Upside, Double gates, Concealed entrance off A460 beware of cyclists.  LAT=52.733353   LONG=-1.967396",""
"50143127","RRN2","13.0516","QS","","13.0516","1100","","MAR","","404305.0","317419.0","Rugley Town Station Car Park","HSJ7","","","","","","","","","","","50143127","2020-05-07","","NRAIL","","","","","Up Main/Fast","Wharf Road, WS15 1BL, Upside, Double gates at the end of the car park leading to a RRAP for RRV access",""
"110142462","RRN2","7.0462","QS","","7.0462","2100","","MAV","","398604.0","309922.0","Cannock Station","HSJ7","","","","","","","","","","","110142462","2020-05-07","","NRAIL","","","","","Down Main/Fast","Remington Drive, WS11 0EG, Downside, Double gates",""
"110170198","RRN2","11.0561","QS","","11.0561","1100","","MAV","","402298.3","315078.2","Moors Gorse","HSJ7","","","","","","","","","","","110170198","2021-07-05","","NRAIL","","","","","Up Main/Fast","WS15 2UZ, Marquis Drive, Upside, Double gates, Concealed entrance off A460 beware of cyclists. Vehicle access but capacity for UTAS if RRV access needed.    LAT=52.733353     LONG=-1.967396",""
"50143746","RTS","0.0902","QS","","0.0902","3900","","MAP","","449900.0","276100.0","Hunters Lane - <New Bilton sidings> - Rugby.","HSJ8","","","","","","","","","NP","","50143746","2022-04-13","","NRAIL","","","","","Rev Siding","Nature of Access: Gate - No.7 padlock. First Line Approach and Line Speed: Up / Down sidings.",""
"120000009","SAG","0.0482","QS","","0.0482","3100","","MAP","","409050.0","287098.0","Midland Street access","HSJ6","","","","","","","","","Pedestrian access point","","120000009","2025-02-04","","","","","","","Rev Main/Fast","Midland Street  pedestrian access, ramp up to SAG line. The SAG line is on the left as you walk up the ramp, ahead of you to the right is the RBS1 line. The ramp is currently not suitable for vehicles due to road surface condition. Parking available on Midland Street. Be aware of leaving vehicles unattended for long periods of time in this location, theft risk. What3Words for access gate is ///bridge.kick.itself",""
"110169670","SAS","0.0165","QS","","0.0165","1100","","MAP","","","","Stechford Station","HSJ7","","","","","","","","","","","110169670","2020-03-11","","NRAIL","","","","","Up Main/Fast","Mileage 0.-0165    Victoria Road, B33 8AJ, Upside, Access through the station ticket office, crossing the RBS1 lines via the footbridge & accessing the SAS via platform ends",""
"110166067","SAS","0.044","QS","","0.044","2100","","MAP","","","","Stechford TSC","HSJ7","","","","","","","","","","","110166067","2020-03-11","","NRAIL","","","","","Down Main/Fast","West View, Off Eastfields Road, B8 3RN, Access is up a driveway next to house number 15, The track on the left as you drive up the access is the SAS, The RBS1 is on the right hand side",""
"110147847","SAS","0.066","QS","","0.066","2100","","MAP","","","","Eastfield Road","HSJ7","","","","","","","","","","","110147847","2023-05-31","","NRAIL","","","","","Down Main/Fast","Access CLOSED until further notice.  Pedestrian Access Point.  LAT=412118.  LONG=287667.",""
"110181994","SAS","0.066","QS","","0.066","2100","","MAP","","","","Eastfield Road","HSJ7","","","","","","","","","pedestrian","","110181994","2025-02-24","","NRAIL","","","","","Down Main/Fast","Access point has now OPENED, was previously closed. Access point at Eastfield Road has now been opened again for use.  Access point now has a single flight of yellow GRP steps to existing embankment with LED lighting to staircase as well as a new Access Information Board.",""
"110181972","SAS","0.1636","QS","","0.1636","2100","","MAP","","411412.0","288012.0","Sladefield Road, Birmingham","HSJ7","","","","","","","","","","","110181972","2022-11-30","","NRAIL","","","","","Down Main/Fast","Sladefield Road ? access is on top of the bridge directly next to the footpath. Parking is available, however it can get busy from residential parking. No.17 padlock. First line presented to an individual when they arrive at the access is Downside <2100>~
Area is prone to fly tipping, excessive fly tipping can prevent access in an emergency if not properly cleared.",""
"50143133","SAS","2.0231","QS","","2.0231","2100","","MAP","","409718.0","289030.0","Watson Road","HSJ7","","","","","","","","","NP","","50143133","2020-03-11","","NRAIL","","","","","Down Main/Fast","Off Heartlands Parkway A47 into Watson Road. B7 5SB, Downside, 3rd Party double gates underneath advertising billboard leads to steps leading up to the track. Also gives access to DBP3 39m 1254y up/main.",""
"50143093","SAS","2.1086","QS","","2.1086","1100","","MAP","","409049.0","289337.0","Holborn Hill","HSJ7","","","","","","","","","NP","","50143093","2020-03-11","","NRAIL","","","","","Up Main/Fast","B6 7QT, Upside, Single gate",""
"50143132","SAS","2.0008","QS","","2.0008","1100","","MAR","","409921.8","288947.7","Taroni""s","HSJ7","","","","","","","","","NP","","50143132","2021-07-05","","NRAIL","","","","","Up Main/Fast","Off Aston Church Road, B8 1QF, Upside, Double gates leading up a driveway to a RRAP for RRV access.   LAT=52.4983606   LONG=52.4983606",""
"110169669","SAS","0.0125","QS","","0.0125","1100","","MAV","","","","Jewsons","HSJ7","","","","","","","","","","","110169669","2020-03-11","","","","","","","Up Main/Fast","Mileage 0.-0215    Station Wharf, Station Road, Birmingham, B33 9AF.  Upside, Double gates, Access is inside Jewsons car park & can only be used during store opening hours only",""
"110176708","SJS","142.161","QS","","142.161","3400","","MAP","","390437.5","284216.5","Stourbridge Town Stn","HSJ6","","","","","","","","","","","110176708","2022-02-09","","NRAIL","","","","","Rev Single","Access and egress off platform ends only when an appropriate safe system of work is in place. No access during the day, apart from minor maintenance, carrying light hand tools only. No plant or machinery access during the day unless there is emergency protection.Tracks that can be accessed from this Platform is 3400.    LAT=52.45583			    LONG=-2.14281			    EAST=390437.5576			    NORTH=284216.5614",""
"110176859","SJT1","22.0915","QS","","22.0915","2300","","MAV","","442667.9","252936.4","Wharf Road access","HSJ6","","","","","","","","","VEH","","110176859","2022-02-24","","NRAIL","","","","","Down Goods","Wharf road access point. First line presented at Down good 2300. Limited parking availble via approach road. No 5 padlock, Double vehicle palisaid gate.The method of working is that any person wishing to cross the SJT lines makes contact with Cherwell Valley Panel at WMSC to request permission to cross. This is signed on the access gate. Beware of open lines.    LAT=52.17306			    LONG=-1.37749			     EAST=			442667.901			     NORTH=252936.4717",""
"50143654","SKN","41.0396","QS","","41.0396","2100","","MAP","","409032.0","286712.0","Garrison Lane <Bridge 162>","HSJ6","","","","","","","","","","","50143654","2018-09-14","","NRAIL","","","","","Down Main/Fast","Pedestrian gate <No.12 padlock> concrete steps & handrail down to lineside. Street parking available in Sydney Road.",""
"50143070","SKN","42.0616","QS","","42.0616","2100","","MAP","","408151.0","285142.0","Camp Hill Crossover <Overbridge No. 150>","HSJ6","","","","","","","","","","","50143070","2023-05-31","","NRAIL","","","","","Down Main/Fast","Off Highgate Place at bridge, metal pedestrian gate <No.17 padlock> bricked steps with handrail up to track level. Street parking available. Overgrowth/litter on steps making access difficult. Padlock unusable.",""
"110141485","SKN","42.1525","QS","","42.1525","1100","","MAP","","408018.0","284341.0","LIME GROVE, BALSALL HEATH","HSJ6","","","","","","","","","","","110141485","2018-09-14","","NRAIL","","","","","Up Main/Fast","DRIVE TO END OF LIME GROVE TO MEET PEDESTRIAN GATE NO.17 PADLOCK, METAL STEPS & HANDRAIL BOTH SIDES LEADING UP TO TRACK LEVEL. NO ""NO TRESPASS"" SIGN.",""
"50143036","SKN","44.0352","QS","","44.0352","2100","","MAP","","407370.0","282370.0","Alcaster Road Bridge <Overbridge No. 140>","HSJ6","","","","","","","","","","","50143036","2011-03-24","","NRAIL","","","","","Down Main/Fast","NOTE: WE NO LONGER HAVE PARKING RIGHTS ON THIS LAND - RIGHT OF ACCESS ONLY. Turn off High Street at Allied Carpets, turn right and through vehicular gates into car park area at rear. Large pedestrian gate <No.17 padlock>. Concrete steps down to track level. Steps in poor condition.",""
"110174933","SKN","44.0364","QS","","44.0463","2100","","MAP","","407356.0","282344.0","KINGS HEATH","HSJ6","","","","","","","","","","","110174933","2021-11-23","","NRAIL","","","","","Down Main/Fast","Access compound behind retail park buildings in far right hand corner. No 17 padlock on gates. Please park so that others can use ~
the compound. What3Words for the gates is ///fully.hedge.prime. The new Kings Heath station is being built at this location.",""
"50143038","SKN","45.022","QS","","45.022","2100","","MAP","","406353.0","281333.0","Cartland Road <Overbridge No. 138a>","HSJ6","","","","","","","","","","","50143038","2018-09-14","","NRAIL","","","","","Down Main/Fast","Vehicular gate <No.17 padlock> at bridge giving vehicular width track to open area. Concrete steps and handrail down to track level. Too dangerous to access off main road with vehicle, therefore this is pedestrian only. Street parking available. Very overgrown.",""
"50143041","SKN","46.0176","QS","","46.0176","2100","","MAP","","405489.0","280054.0","Lifford Lane Bridge.","HSJ6","","","","","","","","","","","50143041","2018-09-14","","NRAIL","","","","","Down Main/Fast","Barrier accross entry to Industrial Estate. Vehicular access and car parking available when open. Pedestrian access available at all times but parking limited when estate closed. Wooden steps & handrail up to green hut and path to the right to pedestrian gate <No.17 padlock>.",""
"110177174","SKN","46.1298","QS","","46.1298","2100","","MAP","","404606.9","279557.1","Kings Norton Stn Platform 4","HSJ6","","","","","","","","","PED","","110177174","2022-03-14","","NRAIL","","","","","Down Main/Fast","Platform 4 provides access to the Up main/1100 on the SKN and Down main/2100 on the SKN. Access and egress off platform ends only when an appropriate safe system of work is in place. No access during the day, apart from minor maintenance, carrying light hand tools only. No plant or machinery access during the day unless there is emergency protection.    LAT=52.41401			    LONG=-1.93369			    EAST=404606.9845			    NORTH=279557.1326",""
"50143069","SKN","42.044","QS","","42.044","1100","","MAV","","408223.0","285285.0","Camp Hill Industrial Estate","HSJ6","","","","","","","","","","","50143069","2018-09-14","","NRAIL","","","","","Up Main/Fast","Left off Camp Hill Middleway into John Kempe Way. Right then left into Camp Hill Industrial Estate, right up to far end <Unit 42> to vehicular gate <No.17 padlock> giving access to parking area.",""
"50143034","SKN","43.099","QS","","43.099","1100","","MAV","","407901.0","283242.0","Moseley Tunnel <141>.","HSJ6","","","","","","","","","","","50143034","2018-09-14","","NRAIL","","","","","Up Main/Fast","Access of St Mary""s Row into car dealer car park area. Vehicle gates <No.17 padlock> giving vehicle access to north end of tunnel and parking. Pedestrian track continues down to lineside 50 yds north of northern tunnel portal. Access track overgrown.",""
"110174932","SKN","44.0364","QS","","44.0364","2100","","MAV","","407356.0","282344.0","KINGS HEATH","HSJ6","","","","","","","","","","","110174932","2021-11-23","","NRAIL","","","","","Down Main/Fast","Access compound behind retail park buildings in far right hand corner. No 17 padlock on gates. Please park so that others can use ~
the compound. What3Words for the gates is ///fully.hedge.prime. The new Kings Heath station is being built at this location",""
"50143039","SKN","45.044","QS","","45.044","2100","","MAV","","406291.0","281141.0","Bloomsbury Grove","HSJ6","","","","","","","","","","","50143039","2018-09-14","","NRAIL","","","","","Down Main/Fast","Into Bloomsbury Grove turn left drive to far end. Vehicular gates <No.17 padlock> at track level. Parking available in car park.",""
"110176111","SLT","7.0159","QS","","7.0159","2800","","MAPE","","519563.0","184242.0","Stonebridge Pk Plat Dn HighEnd","HSJ9","","","","","","","","","","","110176111","2022-01-28","","NRAIL","","","","","Down Other/Eng/Car","","TQ 19563 84242"
"50143893","SLT","7.0245","QS","","7.0245","1800","","MAV","","519501.8","184294.1","Argenta Way Pedestrian","HSJ9","","","","","","","","","NP","","50143893","2021-08-18","","NRAIL","","","","","Up Other/Eng/Car","Nature of Access: Large Gate - No.7 Padlock. Straight onto Track. First Line Approach and Line Speed: Stores siding track.","TQ 19501 84294"
"50142437","SSP","0.088","QS","","0.088","1100","","MAP","","405823.0","290947.0","Wood Lane <Bridge 1>","HSJ7","","","","","","","","","NP","","50142437","2020-05-07","","NRAIL","","","","","Up Main/Fast","B20 2AP, Upside, Single gate",""
"50142439","SSP","0.1295","QS","","0.1295","1100","","MAP","","405453.0","290471.0","Manwoods Close","HSJ7","","","","","","","","","NP","","50142439","2020-05-07","","NRAIL","","","","","Up Main/Fast","B20 3SD, Upside, Single gate",""
"50142438","SSP","0.1575","QS","","0.1575","2100","","MAP","","405687.0","290622.0","Hamstead Tunnel","HSJ7","","","","","","","","","ACCESS","","50142438","2020-05-07","","NRAIL","","","","","Down Main/Fast","Hamstead Road, B20 2RR, Downside, Single gate",""
"50142440","SSP","1.13","QS","","1.13","1100","","MAP","","404997.0","289270.0","Soho Road","HSJ7","","","","","","","","","NP","","50142440","2020-05-07","","NRAIL","","","","","Up Main/Fast","B21  9SL, Upside, Single gate, Access is down the side of Temple Row House",""
"50461404","SSP","2.0836","QS","","2.0836","2100","","MAP","","404001.0","288756.0","Perrott Street","HSJ7","","","","","","","","","","","50461404","2020-05-07","","NRAIL","","","","","Down Main/Fast","B18 4NA, Downside, Single gate",""
"110143366","SSP","2.1616","QS","","2.1616","1100","","MAV","","404085.0","288158.0","Albion Court Residential Home","HSJ7","","","","","","","","","","","110143366","2020-05-07","","NRAIL","","","","","Up Main/Fast","Magdala Street, B18 4BJ, Upside, Double gates, Access is inside care home",""
"60095788","STO","129.066","QS","","129.066","0","","MA","","393378.0","265859.0","Worcester excl to Stoke Works Jn","HSJ6","","","","","","","","","","","60095788","2021-04-20","","GTRM","","","","","All/Multiple Tracks","SO935658-150 Railtrack U/B. Wychbold Crossing. Foot only from Shaw Lane. No telephones Access Point - Asset amended as per HDB Verification Exercise 23/10/02 AH.",""
"60095782","STO","126.1496","QS","","126.1496","1100","","MAP","","390292.0","263550.0","Droitwich Viaduct","HSJ6","","","","","","","","","","","60095782","2021-04-20","","NRAIL","","","","","Up Main/Fast","SO904635-150 Railtrack U/B. Bromsgrove Road Bridge. ""B"" spur to A38. Telephones available. Access through gate up steps to line. Access Point - Asset amended as per HDB Verification Exercise 23/10/02 AH.",""
"110186697","STO","127.0045","QS","","127.0045","3100","","MAP","","391414.0","263769.0","Chateau Impney Overbridge  WORCESTER","HSJ6","","","","","","","","","","","110186697","2024-03-27","","NRAIL","","","","","Rev Main/Fast","No Parking at access due to public brideway. Park with consideration to neighbours.  Noise at night time to be kept to a minimum, Considertion to be given of public using footpath across bridge. What3Words: Tinsel.hits.bless",""
"60095787","STO","129.0066","QS","","129.0066","1100","","MAP","","392987.0","265493.0","Wychbold Bridge","HSJ6","","","","","","","","","","","60095787","2021-04-20","","NRAIL","","","","","Up Main/Fast","SO930655-150 Railtrack O/B. Wychbold Crossing. Foot only from Astwood Lane. No telephones Access Point - Asset amended as per HDB Verification Exercise 23/10/02 AH.",""
"60095783","STO","130.022","QS","","130.022","1100","","MAP","","394302.0","266632.0","Stoke Prior Road Underbridge","HSJ6","","","","","","","","","","","60095783","2021-04-20","","NRAIL","","","","","Up Main/Fast","SO943666-150 Railtrack U/B. Stoke Prior Road Bridge. Foot only from Shaw Lane. Telephone on signal Access Point - Asset amended as per HDB Verification Exercise 23/10/02 AH.",""
"60333068","THA","16.0039","QS","","16.0039","3100","","MAP","","455563.2","203612.7","MORRIS COWLEY HEYFORD HILL","HSJ6","","","","","","","","","","","60333068","2024-09-25","","NRAIL","","","","","Rev Main/Fast","",""
"60133792","THA","15.132","QS","","15.132","0","","MAV","","455932.0","203855.0","Cowley","HSJ6","","","","","","","","","","","60133792","2023-05-31","","AMEY","","","","","All/Multiple Tracks","SP560038-164 Railtrack From A4142 at roundabout take Horspath Rd towards Horspath and turn right into Roman Way. Access within Rover works complex where vehicles are driven on/off rail vehicles Access Point - HAZARD V.10",""
"60133791","THA","16.011","QS","","16.011","0","","MAV","","455508.0","203577.0","Cowley","HSJ6","","","","","","","","","","","60133791","2023-05-31","","AMEY","","","","","All/Multiple Tracks","SP555035-164 Railtrack Morris Cowley Freight Yard. From A4142 at roundabout take Garsington Rd <B480> towards Blackbird Leys. Emergency Access Access Point - HAZARD V.10",""
"50468969","TSB","0.0616","QS","","0.0616","2100","","MAP","","411416.0","283475.0","Mayfield Road <O/Br. No. 2>","HSJ6","","","","","","","","","","","50468969","2018-09-17","","NRAIL","","","","","Down Main/Fast","Wooden Pedestrian access gate down side. Descending concrete steps with handrails. No.17 padlock & chain.",""
"110176707","TSB","0.1262","QS","","0.1262","2100","","MAP","","411225.6","282932.8","Spring Road Stn","HSJ6","","","","","","","","","","","110176707","2022-02-08","","NRAIL","","","","","Down Main/Fast","Platform provides access to the Up main/1100 and Down main/2100. Access and egress off platform ends only when an appropriate safe system of work is in place. No access during the day, apart from minor maintenance, carrying light hand tools only. No plant or machinery access during the day unless there is emergency protection.   LAT=52.44426			    LONG=-1.83627			    EAST=411225.6682			     NORTH=282932.8372",""
"110136988","TSB","1.0625","QS","","1.0625","1100","","MAP","","410592.0","282118.0","Hall Green Station Car Park","HSJ6","","","","","","","","","","","110136988","2011-03-24","","NRAIL","","","","","Up Main/Fast","Approach Road down to station leading to car park large double vehicular gates, No.17 padlock. PArking space for 1 vehicle. No ""NO TRESPASS SIGN""",""
"110142271","TSB","2.0066","QS","","2.0066","2100","","MAP","","409969.0","281219.0","Webb Lane","HSJ6","","","","","","","","","","","110142271","2011-03-24","","NRAIL","","","","","Down Main/Fast","Pedestrian access on the down side.",""
"110176709","TSB","2.1037","QS","","2.1037","2100","","MAP","","409985.3","280351.4","Yardley Wood Stn","HSJ6","","","","","","","","","","","110176709","2022-02-09","","NRAIL","","","","","Down Main/Fast","Platform provides access to the Up main/1100 and Down main/2100. Access and egress off platform ends only when an appropriate safe system of work is in place. No access during the day, apart from minor maintenance, carrying light hand tools only. No plant or machinery access during the day unless there is emergency protection.    LAT=52.42108			     LONG=-1.85459			    EAST=409985.3025    NORTH=280351.4215",""
"110176710","TSB","3.1483","QS","","3.1483","2100","","MAP","","410625.2","278441.2","Shirley Stn","HSJ6","","","","","","","","","","","110176710","2022-02-09","","NRAIL","","","","","Down Main/Fast","Platform provides access to the Up main/1100 and Down main/2100. Access and egress off platform ends only when an appropriate safe system of work is in place. No access during the day, apart from minor maintenance, carrying light hand tools only. No plant or machinery access during the day unless there is emergency protection.    LAT=52.40389			    LONG=-1.84524			    EAST=410625.2121			    NORTH=278441.2419",""
"50142292","TSB","4.1232","QS","","4.1232","2100","","MAP","","410248.0","277157.0","Tilehouse Lane <Overbridge No. 21>","HSJ6","","","","","","","","","Station","","50142292","2011-03-24","","AMEY","","","","","Down Main/Fast","Notes: Foot access to Whitlocks End platforms. Pedestrian Access to station. Parking in station car park down side.",""
"110176711","TSB","4.1312","QS","","4.1312","2100","","MAP","","410199.8","277099.9","Whitlocks End Stn","HSJ6","","","","","","","","","","","110176711","2022-02-09","","NRAIL","","","","","Down Main/Fast","Platform provides access to the Up main/1100 and Down main/2100. Access and egress off platform ends only when an appropriate safe system of work is in place. No access during the day, apart from minor maintenance, carrying light hand tools only. No plant or machinery access during the day unless there is emergency protection.    LAT=52.39171			    LONG=-1.85158			    EAST=410199.8784			    NORTH=277099.9121",""
"110179631","TSB","5.0044","QS","","5.0044","1100","","MAP","","409900.0","276744.0","Houndsfield Lane","HSJ6","","","","","","","","","Pedestrian track access","","110179631","2022-08-15","","NRAIL","","","","","Up Main/Fast","There is a track access point  on ELR TSB at 5miles 2chains. The acceess point is in good condition with an access gate with a 17 padlock. The steps and are path are clearly maintained by off track.    LAT=52.388635			    LONG=-1.8559577			.    EAST=409900			    NORTH=276744",""
"110176712","TSB","5.1287","QS","","5.1287","2100","","MAP","","409271.5","0.0","Wythall Stn","HSJ6","","","","","","","","","","","110176712","2022-02-09","","NRAIL","","","","","Down Main/Fast","Platform provides access to the Up main/1100 and Down main/2100. Access and egress off platform ends only when an appropriate safe system of work is in place. No access during the day, apart from minor maintenance, carrying light hand tools only. No plant or machinery access during the day unless there is emergency protection.      LAT=52.38053			    LONG=-1.86521			    EAST=409271.5153			     NORTH=27589.8089",""
"50142294","TSB","5.1474","QS","","5.1474","0","","MAP","","409222.0","275675.0","Norton s Lane <Overbridge No. 25>","HSJ6","","","","","","","","","Station","","50142294","2011-03-24","","AMEY","","","","","All/Multiple Tracks","Station access to Wythall Station. No parking.",""
"110176713","TSB","6.1315","QS","","6.1315","2100","","MAP","","409532.9","274292.8","Earlswood Stn","HSJ6","","","","","","","","","","","110176713","2022-02-09","","NRAIL","","","","","Down Main/Fast","Platform provides access to the Up main/1100 and Down main/2100. Access and egress off platform ends only when an appropriate safe system of work is in place. No access during the day, apart from minor maintenance, carrying light hand tools only. No plant or machinery access during the day unless there is emergency protection.    LAT=52.36662			    LONG=-1.86141			    EAST=409532.9056			    NORTH=274292.8205",""
"110176714","TSB","7.1002","QS","","7.1002","2100","","MAP","","410606.2","273537.2","The Lakes Stn","HSJ6","","","","","","","","","","","110176714","2022-02-09","","NRAIL","","","","","Down Main/Fast","Platform provides access to the Up main/1100 and Down main/2100. Access and egress off platform ends only when an appropriate safe system of work is in place. No access during the day, apart from minor maintenance, carrying light hand tools only. No plant or machinery access during the day unless there is emergency protection.    LAT=52.35981			    LONG=-1.84567			   EAST=410606.2406			    NORTH=  273537.2613",""
"50142296","TSB","7.1144","QS","","7.1144","0","","MAP","","410691.0","273438.0","Malthouse Lane <Overbridge No. 32>","HSJ6","","","","","","","","","Station","","50142296","2011-03-24","","AMEY","","","","","All/Multiple Tracks","The Lakes Station. Pedestrian access to the station from O/Br. 32 Malthouse Lane. No parking arrangements.",""
"50142297","TSB","8.1056","QS","","8.1056","1100","","MAP","","410676.0","271964.0","Wood End Lane <Overbridge No. 34>","HSJ6","","","","","","","","","Track Access","","50142297","2018-09-14","","NRAIL","","","","","Up Main/Fast","NOTES: OFF B4101 ACCESS UPSIDE. VEHICULAR GATE WITH NO. 17 PADLOCK. PEDESTRIAN CONCRETE STEPS WITH HANDRAIL DOWN TO UP SIDE. WARNING SSOW WORKING SIGN AT TOP OF STEPS. PARKING ON BRIDGE AND ROAD.",""
"50142298","TSB","8.1232","QS","","8.1232","1100","","MAP","","410696.0","271806.0","Wood End Tunnel <O/br. No. 35> Broad Lane B4101","HSJ6","","","","","","","","","Station","","50142298","2018-09-14","","NRAIL","","","","","Up Main/Fast","Notes: Path off B4101 to Wood End platforms access to Wood End Tunnel. Wood End station pedestrian access only. Vehicular parking in lay-by in Broad Lane <B4101> at top of ramp to station.",""
"50468970","TSB","9.1122","QS","","9.1122","1100","","MAP","","411831.0","270954.0","Umberslade Childrens Farm","HSJ6","","","","","","","","","","","50468970","2023-05-31","","NRAIL","","","","","Up Main/Fast","Access Road <Private> to Umberside Childrens Farm, Tamworth. Pedestrian gate and ascending concrete steps adjacent to U/Br. No. 38 on up side. Parking beneath bridge arch.",""
"110176715","TSB","10.092","QS","","10.092","2100","","MAP","","412305.4","269670.7","Danzey Stn","HSJ6","","","","","","","","","","","110176715","2022-02-09","","NRAIL","","","","","Down Main/Fast","Platform provides access to the Up main/1100 and Down main/2100. Access and egress off platform ends only when an appropriate safe system of work is in place. No access during the day, apart from minor maintenance, carrying light hand tools only. No plant or machinery access during the day unless there is emergency protection.      LAT=52.32051			   LONG=-1.82086			    EAST=412305.4246			   NORTH=269670.7056",""
"50142266","TSB","11.1452","QS","","11.1452","1100","","MAP","","413666.0","268293.0","Pedestrian Access Blunts Green","HSJ6","","","","","","","","","","","50142266","2018-09-17","","NRAIL","","","","","Up Main/Fast","Pedestrian Track Access gate with N0.17 padlock. Authorised Personnel only. Parking on Public Highway adjacent.",""
"50142269","TSB","14.077","QS","","14.077","1100","","MAP","","414719.0","264448.0","Mayswood Road <Overbridge No. 55>","HSJ6","","","","","","","","","","","50142269","2023-05-31","","NRAIL","","","","","Up Main/Fast","Wooden pedestrian gate No. 17 padlock <seized up> and concrete steps with tubular handrail descending to up line. Good visibility. Parking on grass verge on up side in Mayswood Road.",""
"110176676","TSB","15.0467","QS","","15.0467","2100","","MAP","","416786.1","258273.8","Wootton Wawen Stn","HSJ6","","","","","","","","","","","110176676","2022-02-09","","NRAIL","","","","","Down Main/Fast","Platform provides access to the Up main/1100 and Down main/2100. Access and egress off platform ends only when an appropriate safe system of work is in place. No access during the day, apart from minor maintenance, carrying light hand tools only. No plant or machinery access during the day unless there is emergency protection.     LAT=52.22243			    LONG=-1.75568			    EAST=416786.1777			     NORTH=258273.8818",""
"120000013","TSB","15.1725","QS","","15.1725","1100","","MAP","","415012.0","261900.0","PennyFord Lane","HSJ6","","","","","","","","","pedestrian Access","","120000013","2025-02-04","","","","","","","Up Main/Fast","road can be flooded in severe weather conditions Max 2 vehicles for location.
Access is rising up to the track on the Up North Warwick 

Controlling signal Box North Warwick Work station 0121 345 5821",""
"50142271","TSB","17.0352","QS","","17.0352","1100","","MAP","","416398.0","260846.0","Slater s Lane <Underbridge No. 64>","HSJ6","","","","","","","","","","","50142271","2018-09-17","","NRAIL","","","","","Up Main/Fast","Wooden pedestrian gate, chain and No. 17 padlock <seized>. Concrete steps ascending with tubular handrail on upside. Good visibility. Parking in Slaters Lane in adjacent layby and grass verge on up side.",""
"50468971","TSB","13.0972","QS","","13.0972","2100","","MAR","","414844.0","265928.0","Henley-in-Arden Station Car Park","HSJ6","","","","","","","","","","","50468971","2017-11-16","","NRAIL","","","","","Down Main/Fast","Henley in Arden station car park, access point at the end of station car park through access gates to trackside. No17 lock on gates. You are in the down cess once through the gates. Strail RRAP in situ on up and down lines.",""
"50142295","TSB","6.132","QS","","6.132","2100","","MAV","","409536.0","274289.0","Station Drive <Overbridge No. 30>","HSJ6","","","","","","","","","Track Access","","50142295","2011-03-24","","AMEY","","","","","Down Main/Fast","Notes: Foot access to Earlswood Platforms. Vehicular access through Earlswood Station car park and vehicular gate with No. 17 padlock. Continue downside through former goods yard to track gate vehicular width with No. 17 padlock. Ample parking adjoining trackside gate.",""
"110178111","UHL","1.088","QS","","1.088","0","","MAP","","520219.0","183750.0","Willesden PRDC","HSJ9","","","","","","","","","","","110178111","2025-09-03","","NRAIL","","","","","All/Multiple Tracks","New access point.                                                                                                                                                                            Access is via the PRDC Gate security - <Details of all vehicles who will use this access need to be emailed to the PRDC in advance - prdc@royalmail.com>. A code for the gate will be provided on request.","TQ 19690 84197"
"110167248","USS","0.126","QS","","0.126","1901","","MAP","","528785.9","183516.5","56 Mornington Terrace","HSJ9","","","","","","","","","","","110167248","2023-07-24","","","","","","","",".~
HAZARDS:~
> Stairs: Users are required to hold the handrail when using the staircase~
>Proximity to Overhead Line Equipment: Users are not allowed to bring long objects down the staircase.HAND TOOLS ONLY at this access - No Parking available - adhere to Task Risk Control NR/L3/MTC/RCS0216/GA04 at all times.                                                                       Please note that this access situated in a heavily populated residential area and noise must be kept to an absolute minimum at all times. Please brief all staff using this access that unnecessary noise will not be acceptable. First Line at site Up sidings, Acess from the road level to the railway is through the outbuilding at 56 Mornington Terrace, secured by no.7 railway lock, which leads to the external staircase. There is no parking at site for this pedestrian only access point. Operational Access since May 19th 2019.",""
"110159327","USS","0.116","QS","","0.116","1901","","MAR","","","","RRAP 6 Upsidings","HSJ9","","","","","","","","","","","110159327","2023-05-31","","","","","","","","Network Rail owner of RRAP 6~
Access protocol:                                                                                                                                                                                                          1. Possession & Isolations must be considered when planning the on tracking of RRVs.  ~
2. The Cant at this location must be verified prior to on Tracking <4mm at time of installation>~
3. Vehicles are not to exceed 16t axle loads/ 16t per m <UDL>.~
4. Machine controllers/crane controllers are to brief operators on the location of lighting towers and water purity monitors in the vacinity of the RRAP. Armco barriers have been installed to protect lighting towers.",""
"60095711","WAH","125.1584","QS","","125.1584","0","","MA","","380143.0","250843.0","Wolvercot Jn excl to Shelwick Jn","HSJ6","","","","","","","","","","","60095711","2021-04-20","","GTRM","","","","","All/Multiple Tracks","SO802508-150 Railtrack U/B. Brace""s Leigh Bridge. Access off A449 just past Leigh Sinton signpost you come to lay-by signposted private road, approx half mile down this road to bridge.  Footpath up to railway.",""
"60095713","WAH","126.0484","QS","","126.0484","0","","MA","","379422.0","249814.0","Wolvercot Jn excl to Shelwick Jn","HSJ6","","","","","","","","","","","60095713","2021-04-20","","GTRM","","","","","All/Multiple Tracks","SO795499-150 Railtrack Newland East Crossing. Public road. MCB. Controlled by Newland East SB. A449 then take signpost for Newlands and then take signpost for Stocks Lane. Access Point - Asset amended as per HDB Verification Exercise 23/10/02 AH.",""
"60095714","WAH","127.055","QS","","127.055","0","","MA","","378347.0","248535.0","Wolvercot Jn excl to Shelwick Jn","HSJ6","","","","","","","","","","","60095714","2021-04-20","","GTRM","","","","","All/Multiple Tracks","SO782480-150 Railtrack Lower Howsell Crossing. Public FP crossing. Stiles. Access Point - Asset amended as per HDB Verification Exercise 23/10/02 AH.",""
"60096017","WAH","136.0132","QS","","136.0132","0","","MA","","334752.0","161074.0","Ledbury Signalbox","HSJ6","","","","","","","","","","","60096017","2021-04-20","","GTRM","","","","","All/Multiple Tracks","SO706386-149 Railtrack From public road through station approach to gate to side of down platform. Through gate and along path to box. Access Point ",""
"60095831","WAH","140.0748","QS","","140.0748","0","","MA","","364283.0","240380.0","Wolvercot Jn excl to Shelwick Jn","HSJ6","","","","","","","","","","","60095831","2021-04-20","","GTRM","","","","","All/Multiple Tracks","SO643404-149 Railtrack Rimmel's Crossing. O/A Crossing. Wicket gates. Direct telephone to Ledbury SB. Access through Pridewood Hops Farm <follow land to right of farmhouse>. Farm drive leads to A417 <north of Trumpet>. Access Point - Asset amended as per HDB Verification Exercise 23/10/02 AH.",""
"60095835","WAH","142.0484","QS","","142.0484","0","","MA","","361498.0","241316.0","Wolvercot Jn excl to Shelwick Jn","HSJ6","","","","","","","","","","","60095835","2021-04-20","","GTRM","","","","","All/Multiple Tracks","SO854554-150 Railtrack Stoke Edith Old Station Yard. Access Point - Asset amended as per HDB Verification Exercise 23/10/02 AH.",""
"60095703","WAH","121.0264","QS","","121.0264","1100","","MAP","","385005.0","255251.0","Worcester Foregate Street","HSJ6","","","","","","","","","","","60095703","2021-04-20","","NRAIL","","","","","Up Main/Fast","SO850552-150 Railtrack Worcester Foregate Street city centre. Steps up to platforms via station buildings, also lifts Access Point - Asset amended as per HDB Verification Exercise 23/10/02 AH.",""
"60312317","WAH","121.1716","QS","","121.1716","2100","","MAP","","383827.0","254683.0","Henwick Old Down Sidings","HSJ6","","","","","","","","","","","60312317","2021-04-20","","NRAIL","","","","","Down Main/Fast","New Asset added as per HDB Verification Exercise 13/11/02 AH.",""
"120001809","WAH","122.0572","QS","","122.0572","2100","","MAP","","83313.0","54463.0","St Johns Access Point","HSJ6","","","","","","","","","Access point, pedestrian","","120001809","2025-10-27","","","","","","","Down Main/Fast","Steps down behind factory off A44 Bromyard Road. BR(W) Clip Lock key on gate. Access is on Down Side adjacent to M4 Location case. What3Words ///outer.monks.funds. Local name Joy Mining. Ellipse ID 000002840086",""
"60095708","WAH","124.0286","QS","","124.0286","2100","","MAP","","380908.0","252752.0","Bransford Court Lane","HSJ6","","","","","","","","","","","60095708","2024-09-19","","NRAIL","","","","","Down Main/Fast","SO809528-150 Railtrack U/B. Fox Lane Bridge <AKA Branford Court>. Access via steps up to railway. A449 to signpost for Colletts Green. Access Point - Asset amended as per HDB Verification Exercise 23/10/02 AH.",""
"110180611","WAH","125.0484","QS","","126.0484","1100","","MAP","","379431.0","249826.0","Newland East SB","HSJ6","","","","","","","","","","","110180611","2022-10-19","","NRAIL","","","","","Up Main/Fast","Access gate, pedestrian. Access from Stocks Lane to gate for Newlands East Signal Box. Access to Up Main. What3Words: blunders.splints.twist",""
"110182551","WAH","126.0022","QS","","126.0022","1100","","MAP","","379431.0","249826.0","Newland East SB","HSJ6","","","","","","","","","","","110182551","2023-01-26","","NRAIL","","","","","Up Main/Fast","Access gate, pedestrian. Access from Stocks Lane to gate for Newlands East Signal Box. Access to Up Main. What3Words: blunders.splints.twist",""
"60095715","WAH","127.165","QS","","127.165","2100","","MAP","","378220.0","247558.0","Malvern Link Station","HSJ6","","","","","","","","","","","60095715","2021-04-20","","NRAIL","","","","","Down Main/Fast","SO782475-150 Railtrack Malvern Link station. Good access to Down platform. Foot bridge to Up platform. Access Point - Asset amended as per HDB Verification Exercise 23/10/02 AH.",""
"110184992","WAH","128.0014","QS","","128.0014","1100","","MAP","","378239.0","247133.0","Moorlands Road","HSJ6","","","","","","","","","","","110184992","2023-10-18","","NRAIL","","","","","Up Main/Fast","Access gate, pedestrian. Stepped access from Moorlands Road O/B to Up Main. Restricted parking on public road. What3Words: scuba.begun.rotate",""
"60312318","WAH","129.0924","QS","","129.0924","1100","","MAP","","378121.0","245037.0","Thirkstone Road Underbridge","HSJ6","","","","","","","","","","","60312318","2021-04-20","","NRAIL","","","","","Up Main/Fast","New Asset added as per HDB Verification Exercise 13/11/02 AH. Pedestrian access up steps adjacent to UP Main.",""
"60096016","WAH","130.0286","QS","","130.0286","1100","","MAP","","377882.0","244050.0","Malvern Wells Signalbox","HSJ6","","","","","","","","","","","60096016","2021-04-20","","NRAIL","","","","","Up Main/Fast","SO779441-150 Railtrack From public road through station yard to small gate opposite box, then across timber walkway to steps. Access Point. NB Mileage does not agree with OS ref. Asset amended as per HDB Verification Exercise 23/10/02 AH.",""
"110176692","WAH","132.0848","QS","","132.0848","3100","","MAP","","374991.9","241777.6","Colwall green overbridge","HSJ6","","","","","","","","","","","110176692","2022-02-08","","NRAIL","","","","","Rev Main/Fast","Colwall green overbridge, drive down side of bridge to PED access point to trackside. Limited parking on the oppposite side of the highway to the access point. Point lock keys. First line presented at Access to Rev main. Beware of bi-directional traffic.    LAT=52.0738032    LONG=-2.3662809     EAST=374991.92      NORTH=241777.654",""
"60095849","WAH","133.0572","QS","","133.0572","2100","","MAP","","373902.0","240990.0","Cummings Underbridge","HSJ6","","","","","","","","","","","60095849","2021-04-20","","NRAIL","","","","","Down Main/Fast","SO739409-150 Railtrack U/B. Cummings Bridge. Footpath up steep bank to railway. A449 out of Ledbury then take B4218 to junction at Barton Court, turn left and follow road to railway bridge. Access Point - Asset amended as per HDB Verification Exercise 23/10/02 AH.",""
"60312319","WAH","134.0022","QS","","134.0022","9999","","MAP","","373360.0","240024.0","Cummings Xing","HSJ6","","","","","","","","","","","60312319","2021-04-20","","GTRM","","","","","Unknown","New Asset added as per HDB Verification Exercise 13/11/02 AH.",""
"60312320","WAH","134.132","QS","","134.132","1100","","MAP","","372926.0","238937.0","Pump House Overbridge","HSJ6","","","","","","","","","","","60312320","2021-04-20","","NRAIL","","","","","Up Main/Fast","New Asset added as per HDB Verification Exercise 13/11/02 AH.",""
"60312321","WAH","135.0088","QS","","135.0088","1100","","MAP","","372610.0","238592.0","White House Bridge","HSJ6","","","","","","","","","","","60312321","2021-04-20","","NRAIL","","","","","Up Main/Fast","New Asset added as per HDB Verification Exercise 13/11/02 AH.",""
"60218367","WAH","136.0","QS","","136.0","2100","","MAP","","371093.0","238595.0","Ledbury Station Yard","HSJ6","","","","","","","","","NP","","60218367","2021-04-20","","NRAIL","","","","","Down Main/Fast","""16/10/2000 11:39:16""/CDODGE - Asset amended as per HDB Verification Exercise 23/10/02 AH.",""
"60312323","WAH","137.0088","QS","","137.0088","1100","","MAP","","369484.0","239073.0","Rhea Underbridge","HSJ6","","","","","","","","","","","60312323","2021-04-20","","NRAIL","","","","","Up Main/Fast","New Asset added as per HDB Verification Exercise 13/11/02 AH.",""
"60312324","WAH","137.033","QS","","137.033","9999","","MAP","","369294.0","239186.0","Grovesend","HSJ6","","","","","","","","","","","60312324","2021-04-20","","GTRM","","","","","Unknown","New Asset added as per HDB Verification Exercise 13/11/02 AH.",""
"60095836","WAH","138.033","QS","","138.033","1100","","MAP","","367774.0","239685.0","Wallers Green","HSJ6","","","","","","","","","","","60095836","2021-04-20","","NRAIL","","","","","Up Main/Fast","SO679396-149 Railtrack O/B. Turn off A438 Ledbury Rd at Walters Green. Access via steep steps to railway. Access Point - Asset amended as per HDB Verification Exercise 23/10/02 AH.",""
"60095834","WAH","139.0352","QS","","139.0352","2100","","MAP","","366238.0","240187.0","Munsley Underbridge","HSJ6","","","","","","","","","","","60095834","2021-04-20","","NRAIL","","","","","Down Main/Fast","SO662402-149 Railtrack U/B. Munsley Bridge. Ledbury Rd signed ""Munsley"". Access up steep path <awkward access> at bridge. Access Point ~ Asset amended as per HDB Verification Exercise 23/10/02 AH.",""
"60095832","WAH","140.1408","QS","","140.1408","2100","","MAP","","363734.0","240629.0","Ashperton Bridge","HSJ6","","","","","","","","","","","60095832","2021-04-20","","NRAIL","","","","","Down Main/Fast","SO637406-149 Railtrack O/B. Poppinger Bridge. Turn off A438 Ledbury Road down lane signed ""Ashperton"". Foot access by gate, head for P Way cabin and down steps. Access Point - Asset amended as per HDB Verification Exercise 23/10/02 AH.",""
"60312325","WAH","141.11","QS","","141.11","2100","","MAP","","362519.0","241119.0","Little Tarrington Underbridge","HSJ6","","","","","","","","","","","60312325","2021-04-20","","NRAIL","","","","","Down Main/Fast","New Asset added as per HDB Verification Exercise 13/11/02 AH.",""
"110185293","WAH","142.0484","QS","","142.0484","1100","","MAP","","361508.0","241324.0","HR1 4EY","HSJ6","","","","","","","","","","","110185293","2023-12-05","","NRAIL","","","","","Up Main/Fast","Access adjacent to old Stoke Edith Station & Level Crossing.     No public parking availble                                                                                                                                                                    What3Words: Revival.Proofread.Reseller                                                                                                                                                 Padlock: Western No.2                                                                                                                                                                                 Nearest line through access point: is the Up & Down Worcester & Hereford Single",""
"110185311","WAH","142.0484","QS","","142.0484","2100","","MAP","","361508.0","241324.0","HR1 4EY","HSJ6","","","","","","","","","","","110185311","2023-12-05","","NRAIL","","","","","Down Main/Fast","Access adjacent to old Stoke Edith Station & Level Crossing.                                                                                                                       No public parking availble                                                                                                                                                                    What3Words: Revival.Proofread.Reseller                                                                                                                                                 Padlock: Western No.2                                                                                                                                                                                 Nearest line through access point: is the Up & Down Worcester & Hereford Single",""
"60312326","WAH","143.0484","QS","","143.0484","1100","","MAP","","359954.0","241768.0","Stoke Road Underbridge","HSJ6","","","","","","","","","","","60312326","2021-04-20","","NRAIL","","","","","Up Main/Fast","New Asset added as per HDB Verification Exercise 13/11/02 AH. Access Point - pedestrian.  Steps down to UP <North> CESS of single line.  SO599417 nearest postcode HR1 4HG.  Public roads at bridge on reverse bend - limited sighting and parking for vehicles.",""
"60312327","WAH","144.0154","QS","","144.0154","2100","","MAP","","358727.0","242180.0","Weston Beggard","HSJ6","","","","","","","","","","","60312327","2021-04-20","","NRAIL","","","","","Down Main/Fast","New Asset added as per HDB Verification Exercise 13/11/02 AH.",""
"60095838","WAH","144.0946","QS","","144.0946","2100","","MAP","","358015.0","242304.0","Shucknall Bridge","HSJ6","","","","","","","","","","","60095838","2021-04-20","","NRAIL","","","","","Down Main/Fast","SO580423-149 Railtrack O/B. Shuckmill Bridge. Turn off A4103 Worcester Road. Access down side road by war memorial. Good access down steps. Access Point - Asset amended as per HDB Verification Exercise 23/10/02 AH.",""
"60312330","WAH","146.0528","QS","","146.0528","1100","","MAP","","355219.0","242502.0","Withington A4103 Bridge","HSJ6","","","","","","","","","","","60312330","2021-04-20","","NRAIL","","","","","Up Main/Fast","New Asset added as per HDB Verification Exercise 13/11/02 AH.",""
"60312331","WAH","146.132","QS","","146.132","2100","","MAP","","354504.0","242615.0","East Withington Underbridge","HSJ6","","","","","","","","","","","60312331","2021-04-20","","NRAIL","","","","","Down Main/Fast","New Asset added as per HDB Verification Exercise 13/11/02 AH.",""
"60316829","WAH","147.165","QS","","147.165","2100","","MAP","","352609.0","242726.0","Shelwick","HSJ6","","","","","","","","","","","60316829","2021-04-20","","NRAIL","","","","","Down Main/Fast","Pedestrian access point-See photos",""
"60328864","WAH","129.1166","QS","","129.1166","2100","","MAR","","378085.6","244817.1","St Andrews Coal Yard","HSJ6","","","","","","","","","","","60328864","2022-01-07","","NRAIL","","","","","Down Main/Fast","Authorised access point - road/rail vehicle RRAP present on down main at 129.1166.  Access via St Andrews Coal Yard located within County Building Supplies premises, St Andrews Road, Great Malvern WR14 3QG <01684 892969>. Opening times M-F <07:30-17:00> Sat <07:30-12:00>.  Out of hours access will require additional key to front gates <available from Worcester DU PWay depot.",""
"110176693","WAH","129.1168","QS","","129.1168","2100","","MAR","","378085.6","","MNT YARD","HSJ6","","","","","","","","","","","110176693","2022-02-08","","NRAIL","","","","","Down Main/Fast","MNT Yard. Point lock keys. First line presented at Access to Down Main. Unlimted parking and RRV access within the yard. RRV access on the downside only ? contact County Building merchants for out of hours access.    LAT=52.1012621     LONG=-2.3213394    EAST=  -2.3213394     NORTH=244817.19",""
"110176694","WAH","136.0083","QS","","136.0083","3901","","MAR","","371016.0","238599.2","ledbury station yard","HSJ6","","","","","","","","","","","110176694","2022-02-08","","NRAIL","","","","","","Ledbury station sidings, RRV access point in car park of industrial units. Unlimited parking. Point lock keys. First line presented at Access to siding. RRV access to Ledbury Down siding ? T4 of siding required.   LAT=52.0450335    LONG=-2.4240175     EAST=-2.4240175    NORTH=-2.4240175",""
"60108212","WAH","121.143","QS","","121.143","2100","","MAV","","384068.0","254783.0","Henwick Signal Box","HSJ6","","","","","","","","","","","60108212","2021-04-20","","NRAIL","","","","","Down Main/Fast","SO841548-150 Railtrack From roadway, through gate, along path to steps. Access Point - HAZARD V.10 - Asset amended as per HDB Verification Exercise 23/10/02 AH.",""
"60095724","WAH","131.088","QS","","131.088","3100","","MAV","","376094.0","242901.0","Colwall Tunnels West Portal","HSJ6","","","","","","","","","","","60095724","2021-04-20","","NRAIL","","","","","Rev Main/Fast","SO761429 - Colwall Tunnel. Access via station approach then into industrial estate. Good access to tunnel. Telephones provided. From industrial estate, drive along cess to tunnel portal.  Room for 2-3 vehicles to park.  Not suitable for RRV access to track.",""
"110176691","WAH","131.1247","QS","","131.1247","3100","","MAV","","375836.8","242687.0","COLWALL TUNNEL WEST PORTAL","HSJ6","","","","","","","","","","","110176691","2022-02-08","","NRAIL","","","","","Rev Main/Fast","Access through industrials units via colwall station, veh access gate to trackside. Point lock keys. First line presented at Access to Rev main. Unlimited parking, beware bi-directional trains.    LAT=52.082017    LONG=-2.3540178     EAST=375836.8605     NORTH=242687.0673",""
"60095725","WAH","131.1584","QS","","131.1584","2100","","MAV","","375646.0","242445.0","Colwall Station","HSJ6","","","","","","","","","","","60095725","2021-04-20","","NRAIL","","","","","Down Main/Fast","SO757426-150 Railtrack Colwall Station. Good access to platform. A449 from Ledbury then take B4218 signposted to Colwall. Access Point - Asset amended as per HDB Verification Exercise 23/10/02 AH.",""
"60312322","WAH","135.033","QS","","135.033","9999","","MAV","","372398.0","238535.0","Ledbury Tnl East Portal","HSJ6","","","","","","","","","","","60312322","2021-04-20","","GTRM","","","","","Unknown","New Asset added as per HDB Verification Exercise 13/11/02 AH.",""
"60218376","WAH","136.0132","QS","","136.0132","2100","","MAV","","370974.0","238612.0","LEDBURY STATION","HSJ6","","","","","","","","","NP","","60218376","2021-04-20","","NRAIL","","","","","Down Main/Fast","""16/10/2000 11:38:35""/CDODGE - Asset amended as per HDB Verification Exercise 23/10/02 AH.",""
"60312328","WAH","145.0726","QS","","145.0726","2100","","MAV","","356633.0","242304.0","Withington Old Station Yard","HSJ6","","","","","","","","","","","60312328","2021-04-20","","NRAIL","","","","","Down Main/Fast","New Asset added as per HDB Verification Exercise 13/11/02 AH.",""
"60312329","WAH","145.1738","QS","","145.1738","9999","","MAV","","355715.0","242422.0","Weavers Xing","HSJ6","","","","","","","","","","","60312329","2021-04-20","","GTRM","","","","","Unknown","New Asset added as per HDB Verification Exercise 13/11/02 AH.",""
"60312332","WAH","147.0462","QS","","147.0462","9999","","MAV","","353688.0","242737.0","Green Lane Xing","HSJ6","","","","","","","","","","","60312332","2021-04-20","","GTRM","","","","","Unknown","New Asset added as per HDB Verification Exercise 13/11/02 AH.",""
"60312333","WAH","147.1056","QS","","147.1056","1100","","MAV","","353149.0","242787.0","Shelwick Green Xing","HSJ6","","","","","","","","","","","60312333","2021-04-20","","NRAIL","","","","","Up Main/Fast","New Asset added as per HDB Verification Exercise 13/11/02 AH.",""
"110173537","WAW","6.1167","QS","","6.1167","3101","","MAP","","521508.6","182506.4","Old Oak Depot","HSJ9","","","","","","","","","","","110173537","2021-09-08","","NRAIL","","","","","","","TQ 21508 82506"
"50143892","WCL","1.0156","QS","","1.0156","1100","","MAP","","520955.9","183324.3","Action Lane Harlesden Steps","HSJ9","","","","","","","","","NP","","50143892","2021-08-18","","NRAIL","","","","","Up Main/Fast","Nature of Access: Metal door - No.7 padlock. - descending steps. First Line Approach and Line Speed: Goods sidings tracks.","TQ 20955 83324"
"110147490","WCL","1.0968","QS","","1.0968","0","","MAP","","520219.0","183750.0","HARLESDEN RAILNET royal mail 25KV SUBSTATION","HSJ9","","","","","","","","","","","110147490","2025-09-03","","NRAIL","","","","","All/Multiple Tracks","Address:First Drive, London Borough of Brent, London, Greater London, England,NW10 8LF",""
"120000602","WCL","2.02","QS","","2.02","2900","","MAP","","519580.0","184175.0","Pendolino way","HSJ9","","","","","","","","","Access Gate","","120000602","2025-02-21","","","","","","","Down Siding","single Pedestrian Access gate. flat access no steps 7 pad lock",""
"110173538","WCL","2.151","QS","","2.151","3963","","MAV","","518528.6","184748.9","London Road Veh WCL","HSJ9","","","","","","","","","","","110173538","2021-09-08","","NRAIL","","","","","","","TQ 18528 84748"
"50142260","WDJ","0.0749","QS","","0.0749","1100","","MAP","","399365.7","296954.5","Hough Road","HSJ7","","","","","","","","","PED","","50142260","2021-07-01","","NRAIL","","","","","Up Main/Fast","Junction of Gower Street/Hough Road. Open area opposite to locked barrier <Highways Agency padlock>. Pedestrian access only along vehicular trackto pedestrian gate <No padlock>. Parking available. Wooden gate open and slippy route to lineside. Hazardous sighting to motorway bridge. Recommend access restricted to relay box and fenced off accordingly. Staff requiring access must contact local maintainer to obtain keys. Under no circumstances must the lock be removed without the correct keys",""
"50435917","WDJ","0.0646","QS","","0.0646","2100","","MAV","","399275.0","296969.0","Bescot Drive","HSJ7","","","","","","","","","NP","","50435917","2018-10-01","","NRAIL","","","","","Down Main/Fast","Off main Bescot Road <A4148> Bescot Drive to vehicular double gates with Highways Agency padlock <293X>. Vehicular road continues under M6 motorway to vehicular gates <No.17 padlock> at lineside. Poor sighting. Staff requiring access must contact local maintainer to obtain keys. Under no circumstances must the lock be removed without the correct keys.",""
"110176058","WEF1","0.0457","QS","","0.0457","3803","","MAP","","519550.7","184106.7","Wembley yard WEFOC","HSJ9","","","","","","","","","","","110176058","2022-01-28","","NRAIL","","","","","","","TQ 19550 84106"
"110176106","WEF1","1.0314","QS","","1.0314","3900","","MAPE","","518314.0","184952.1","Wembley Central Plat6 LowEnd","HSJ9","","","","","","","","","","","110176106","2022-01-28","","NRAIL","","","","","Rev Siding","","TQ 18314 84952"
"110173539","WEF1","1.0012","QS","","1.0012","3102","","MAV","","518525.4","184740.5","London Road Wembley Sidings","HSJ9","","","","","","","","","","","110173539","2021-09-08","","NRAIL","","","","","","","TQ 18525 84740"
"110173540","WEF1","1.0295","QS","","1.0295","3900","","MAV","","518330.1","184940.4","London Road Veh WEF1","HSJ9","","","","","","","","","","","110173540","2021-09-08","","NRAIL","","","","","Rev Siding","","TQ 18330 84940"
"110173541","WFL","0.0757","QS","","0.0757","3909","","MAP","","521657.2","182901.9","Old Oak Lane","HSJ9","","","","","","","","","","","110173541","2021-09-08","","NRAIL","","","","","","","TQ 21657 82901"
"110173111","WLL","5.1598","QS","","5.1598","1100","","MAP","","522431.4","182427.7","Mitre Bridge Level Crossing Pedestrian","HSJ9","","","","","","","","","","","110173111","2021-08-20","","NRAIL","","","","","Up Main/Fast","","TQ 22431 82427"
"110173112","WLL","6.0242","QS","","6.0242","1100","","MAP","","522223.4","182734.4","Scrubs Lane <Elec Sub> WLL","HSJ9","","","","","","","","","","","110173112","2021-08-20","","NRAIL","","","","","Up Main/Fast","","TQ 22223 82734"
"50143882","WLL","6.0514","QS","","6.0514","3100","","MAV","","521983.9","182798.8","Willesden Old Oak Sidings West","HSJ9","","","","","","","","","NP","","50143882","2021-08-18","","NRAIL","","","","","Rev Main/Fast","Nature of Access: Large Gate - No.7 Padlock - onto redundant track bed.","TQ 21983 82798"
"110152127","WLL","5.1588","QS","","5.1588","2100","","MAX","","522431.9","182417.2","Miter bridge level Xing","HSJ9","","","","","","","","","","","110152127","2021-08-18","","","","","","","Down Main/Fast","No heavy materials delivered by Hi-Ab to be stored at this access. ALO control measures to be implemented when delivering to this access. All deliveries must be met.","TQ 22431 82417"
"110147496","WMB","0.0022","QS","","0.0022","0","","MAP","","691742.6","571202.1","MITRE JUNCTION ITL 25KV SUBSTATION","HSJ9","","","","","","","","","","","110147496","2022-04-13","","NRAIL","","","","","All/Multiple Tracks","Address:Scrubbs Lane, Willesden, London:NW10 6QU Details: Scrubbs Lane",""
"110177028","WMB","0.0156","QS","","0.0156","2100","","MAP","","522391.7","182422.2","CAR GIANT ","HSJ9","","","","","","","","","ACCESS POINT","","110177028","2022-03-09","","NRAIL","","","","","Down Main/Fast","Pedestrian access. Verified as part of the access point project 2021",""
"110142245","WNS","0.1003","QS","","0.1003","1100","","MAP","","437464.9","291674.3","Whitaker rd","HSJ0","","","","","","","","","","","110142245","2021-09-08","","NRAIL","","","","","Up Main/Fast","This access is located at the end of Whitaker Road industrial estate, parking is poor & access onto the track is through a single gate with ascending steps.","SP 37464 91674"
"50142243","WNS","1.1739","QS","","1.1739","1100","","MAP","","439642.3","292381.7","Padge Hall BR.02","HSJ0","","","","","","","","","","","50142243","2021-09-08","","NRAIL","","","","","Up Main/Fast","Notes: Track off A5 to Hyde Pastures. Steps on Up Side. Sourced from APM Derby Emergency Manual ","SP 39642 92381"
"50461203","WNS","0.0195","QS","","0.0195","1100","","MAV","","436819.7","291846.8","Cemetery Side Nuneaton TSC 25Kv Sub WNS","HSJ0","","","","","","","","","","","50461203","2021-09-08","","NRAIL","","","","","Up Main/Fast","Nature of Access: double gate, No.17 padlock, direct to track. Contact RT Portfolio Manager before storing materials on site. Parking: good, adj to PSB. Up TV Slow","SP 36819 91846"
"110142244","WNS","0.0451","QS","","0.0451","1100","","MAV","","436985.8","291695.6","Cemetery Side Nuneaton TSC 25Kv WNS/Main","HSJ0","","","","","","","","","","","110142244","2021-09-08","","NRAIL","","","","","Up Main/Fast","Access is through double gates located at Nuneaton PSB into old railway Cemetery sidings","SP 36985 91695"
"110173551","WNS","2.0978","QS","","2.0978","2100","","MAV","","440508.6","292653.5","A5 Walting Street Bridge BR.03 Veh","HSJ0","","","","","","","","","","","110173551","2021-09-09","","NRAIL","","","","","Down Main/Fast","","SP 40508 92653"
"50142244","WNS","2.1085","QS","","2.1085","2100","","MAV","","440596.5","292680.9","A5 Walting Street Bridge BR.03 Stairs","HSJ0","","","","","","","","","","","50142244","2021-09-08","","NRAIL","","","","","Down Main/Fast","Notes: Watling Street. Main A5 road over access also to Hinkley Up Distant. 20 yards Up direction. Sourced from APM Derby Emergency Manual ","SP 40596 92680"
"110166790","WOW2","51.1617","QS","","51.1617","3900","","MAP","","482155.2","240681.8","Wolverton South ?Bibbies? Mconnell Drive <slow>","HSJ8","","","","","","","","","","","110166790","2023-05-31","","NRAIL","","","","","Rev Siding","2 in public  Lay - by, Access gate & fence made of wood & easily climbed over! Needs tidying up, Need updating ,hand rails etc, made of wood, no Lighting","SP 82155 40681"
"110174075","WOW2","52.0294","QS","","52.0294","3900","","MAR","","482005.8","241052.6","McConnell drive","HSJ8","","","","","","","","","","","110174075","2021-09-22","","NRAIL","","","","","Rev Siding","","SP 82005 41052"
"110147487","WRM","1.05","QS","","1.05","0","","MAP","","520219.0","183750.0","HARLESDEN RAILNET 25KV SUBSTATION","HSJ9","","","","","","","","","","","110147487","2025-09-03","","NRAIL","","","","","All/Multiple Tracks","Address:Harley Road, Harlesden, London:NW10 8PJ Details: Harley Road",""
"110173113","WRM","1.0627","QS","","1.0627","3102","","MAP","","520530.6","183599.3","PRDC - Crossing route","HSJ9","","","","","","","","","","","110173113","2021-08-20","","NRAIL","","","","","","","TQ 20530 83599"
"110173114","WRM","1.0697","QS","","1.0697","3600","","MAP","","520219.0","183750.0","PRDC - access","HSJ9","","","","","","","","","","","110173114","2025-09-03","","NRAIL","","","","","Rev Terminal/Bay","access through royal mail depot","TQ 20471 83622"
"110186752","WSA","2.0462","QS","","2.0462","0","","MA","","512350.0","200490.0","Garston FTN","HSJ9","","","","","","","","","","","110186752","2024-05-28","","NRAIL","","","","","All/Multiple Tracks","Can be slippery in places and trip hazards, due to vegatation on the ground going through public park area.",""
"50142183","WSA","0.0","QS","","0.0","3900","","MAP","","511176.0","197183.0","Watford-Orphanage road","HSJ9","","","","","","","","","NP","","50142183","2023-05-31","","GTRM","","","","","Rev Siding","Nature of Access: Ascending steps. First Line Approach and Line Speed: No.29 siding. Bi-directional.",""
"50143865","WSA","0.033","QS","","0.033","3400","","MAP","","511065.0","197456.0","Homebase Car Park Watford","HSJ9","","","","","","","","","NP","","50143865","2023-05-31","","GTRM","","","","","Rev Single","Nature of Access: Single gate - No.7 padlock - straight onto track. First Line Approach and Line Speed: St. Albans Abbey branch - Bi-directional. 50mph.",""
"110176113","WSA","4.0882","QS","","4.0882","3400","","MAP","","514457.6","203421.2","How Wood track gate","HSJ9","","","","","","","","","","","110176113","2022-01-28","","NRAIL","","","","","Rev Single","","TL 14457 03421"
"110176118","WSA","4.0882","QS","","4.0882","3400","","MAP","","514457.6","203421.2","How Wood track gate","HSJ9","","","","","","","","","","","110176118","2022-01-28","","NRAIL","","","","","Rev Single","","TL 14457 03421"
"110173542","WSA","5.1756","QS","","5.1756","3400","","MAP","","515105.6","205717.3","Abbots Avenue West","HSJ9","","","","","","","","","","","110173542","2021-09-08","","NRAIL","","","","","Rev Single","","TL 15105 05717"
"50435819","WSA","6.0404","QS","","6.0404","3400","","MAP","","514929.2","206045.6","Cotton Mill Lane Foot Crossing","HSJ9","","","","","","","","","NP","","50435819","2021-08-13","","NRAIL","","","","","Rev Single","Nature of Access: Via level crossing - straight onto track. First Line Approach & Line Speed: St. Albans Abbey Branch. 50 mph.","TL 14929 06045"
"110176114","WSA","0.0201","QS","","0.0201","3400","","MAPE","","511081.5","197339.0","Watford Jct OOU LowEnd WSA","HSJ9","","","","","","","","","","","110176114","2022-01-28","","NRAIL","","","","","Rev Single","","TQ 11081 97339"
"110175991","WSA","0.027","QS","","0.027","3400","","MAPE","","511070.8","197401.6","Watford Jct Plat11 LowEnd","HSJ9","","","","","","","","","","","110175991","2022-01-28","","NRAIL","","","","","Rev Single","","TQ 11070 97401"
"110175992","WSA","0.038","QS","","0.038","3400","","MAPE","","511056.4","197500.1","Watford Jct Plat11 HighEnd","HSJ9","","","","","","","","","","","110175992","2022-01-28","","NRAIL","","","","","Rev Single","","TQ 11056 97500"
"110176003","WSA","0.1608","QS","","0.1608","3400","","MAPE","","511384.3","198546.2","Rugeley Trent Valley Plat 3 LowEnd","HSJ9","","","","","","","","","","","110176003","2022-01-28","","NRAIL","","","","","Rev Single","","TQ 11384 98546"
"110176002","WSA","0.1712","QS","","0.1712","3400","","MAPE","","511421.3","198632.9","Rugeley Trent Valley Plat 2 LowEnd","HSJ9","","","","","","","","","","","110176002","2022-01-28","","NRAIL","","","","","Rev Single","","TQ 11421 98632"
"50142184","WSA","1.1376","QS","","1.1376","3400","","MAPE","","511938.6","199832.9","Garston Plat LowEnd","HSJ9","","","","","","","","","","","50142184","2023-05-31","","NRAIL","","","","","Rev Single","","TQ 11938 99832"
"110176004","WSA","1.149","QS","","1.149","3400","","MAPE","","511986.3","199926.5","Garston Plat HighEnd","HSJ9","","","","","","","","","","","110176004","2022-01-28","","NRAIL","","","","","Rev Single","","TQ 11986 99926"
"110176005","WSA","3.0741","QS","","3.0741","3400","","MAPE","","513456.3","201997.2","Bricket Wood Plat LowEnd","HSJ9","","","","","","","","","","","110176005","2022-01-28","","NRAIL","","","","","Rev Single","","TL 13456 01997"
"50435817","WSA","3.0896","QS","","3.0896","3400","","MAPE","","513539.8","202112.2","Bricket Wood Plat HighEnd","HSJ9","","","","","","","","","","","50435817","2023-05-31","","NRAIL","","","","","Rev Single","","TL 13539 02112"
"110176007","WSA","4.0752","QS","","4.0752","3400","","MAPE","","514399.3","203316.3","How Wood Plat LowEnd","HSJ9","","","","","","","","","","","110176007","2022-01-28","","NRAIL","","","","","Rev Single","","TL 14399 03316"
"110176006","WSA","4.0865","QS","","4.0865","3400","","MAPE","","514453.0","203405.8","How Wood Plat HighEnd","HSJ9","","","","","","","","","","","110176006","2022-01-28","","NRAIL","","","","","Rev Single","","TL 14453 03405"
"50435818","WSA","5.0067","QS","","5.0067","3400","","MAPE","","514732.9","204249.5","Park Street Plat LowEnd","HSJ9","","","","","","","","","","","50435818","2023-05-31","","NRAIL","","","","","Rev Single","","TL 14732 04249"
"110176001","WSA","5.0179","QS","","5.0179","3400","","MAPE","","514761.6","204347.7","Park Street Station Plat LowEnd","HSJ9","","","","","","","","","","","110176001","2022-05-27","","NRAIL","","","","","Rev Single","","TL 14761 04347"
"110176065","WSA","6.0864","QS","","6.0864","3400","","MAPE","","514622.4","206336.1","St. Albans Abbey Plat LowEnd","HSJ9","","","","","","","","","","","110176065","2022-01-28","","NRAIL","","","","","Rev Single","","TL 14622 06336"
"50435820","WSA","6.102","QS","","6.102","3400","","MAPE","","514497.5","206428.0","St. Albans Abbey Plat HighEnd","HSJ9","","","","","","","","","","","50435820","2023-05-31","","NRAIL","","","","","Rev Single","","TL 14497 06427"
"50143839","WSA","0.005","QS","","0.005","3400","","MAR","","511169.4","197223.4","Watford Yard South End","HSJ9","","","","","","","","","NP","","50143839","2021-08-13","","NRAIL","","","","","Rev Single","Nature of Access: Double gate - No.7 padlock - along access road - ascending Steps. First Line Approach and Line Speed: Sidings","TQ 11169 97223"
"50143866","WSA","0.0044","QS","","0.0044","3900","","MAV","","511153.0","197216.0","Watford Yard North End","HSJ9","","","","","","","","","NP","","50143866","2023-05-31","","GTRM","","","","","Rev Siding","Nature of Access: Double gate - No.7 padlock - along access road to yard - straight onto track. First Line Approach and Line Speed: Sidings",""
"110176059","WSA","0.0131","QS","","0.0131","3400","","MAV","","511147.1","197298.9","Watford Yard","HSJ9","","","","","","","","","","","110176059","2022-01-28","","NRAIL","","","","","Rev Single","","TQ 11147 97298"
"110173543","WSA","6.0859","QS","","6.0859","3400","","MAV","","514626.8","206333.7","St Albans Abbey station","HSJ9","","","","","","","","","","","110173543","2021-09-08","","NRAIL","","","","","Rev Single","","TL 14626 06333"
"110176115","WSA","0.1746","QS","","0.1746","3400","","MAX","","511430.0","198662.9","Watford North level Xing leftSide","HSJ9","","","","","","","","","","","110176115","2022-01-28","","NRAIL","","","","","Rev Single","","TQ 11430 98662"
"50435816","WSA","0.1748","QS","","0.1748","3400","","MAX","","511434.3","198663.2","Watford North level Xing RightSide","HSJ9","","","","","","","","","","","50435816","2023-05-31","","NRAIL","","","","","Rev Single","","TQ 11434 98663"
"110146313","WSJ1","143.0133","QS","","143.0133","2100","","MAP","","391195.5","300333.5","Dunstall Trading Estate","HSJ7","","","","","","","","","","","110146313","2021-07-27","","NRAIL","","","","","Down Main/Fast","",""
"110174792","WSJ1","149.0866","QS","","149.0866","1100","","MAP","","381861.4","304543.0","Albrighton station","HSJ7","","","","","","","","","","","110174792","2021-11-08","","NRAIL","","","","","Up Main/Fast","Access and egress off all platform ends when a safe system of work is in place. No access during the day unless there is emergency protection. Inspection and carrying light hand tools only    LAT=-2.2694685			    LONG=52.6383413",""
"50450079","WSJ2","167.104","QS","","167.104","0","","MA","","355761.0","311807.0","Upton Magna Overbridge","HSJ7","","","","","","","","","","","50450079","2011-03-24","","AMEY","","","","","All/Multiple Tracks","Vehicular access off A5 Southbound, just before Upton Magna Overbridge. Layby access upto vehicular gate, No. 17 padlock.Suitable parking area.",""
"110150006","WSJ2","142.1738","QS","","142.1738","2100","","MAP","","391152.7","300414.5","STAFFORD RD JUNC 142M-79CH","HSJ7","","","","","","","","","","","110150006","2021-07-27","","NRAIL","","","","","Down Main/Fast","Access Gate Point Heating Control & S&T.  New access gate for maintenance of trackside equipment to eliminate walk to site with back to traffic.",""
"110146310","WSJ2","144.0125","QS","","144.0125","1100","","MAP","","389901.8","301552.3","Bridge 355 Oxley Moor Road","HSJ7","","","","","","","","","","","110146310","2021-07-27","","NRAIL","","","","","Up Main/Fast","BRIDGE 355 OXLEY MOOR ROAD BRIDGE.",""
"110146311","WSJ2","144.1054","QS","","144.1054","2100","","MAP","","389167.4","301955.4","Barnhurt Lane <Br. 356>","HSJ7","","","","","","","","","PEDESTRIAN","","110146311","2021-05-25","","NRAIL","","","","","Down Main/Fast","Limited parking. No.17 padlock.    LAT=52.615277    LONG=-2.1614199     EAST=389167.4249    NORTH=301955.4938",""
"110146312","WSJ2","145.0465","QS","","145.0465","1100","","MAP","","388229.1","302499.2","Bridge 358 Green Lane","HSJ7","","","","","","","","","","","110146312","2021-08-03","","NRAIL","","","","","Up Main/Fast","",""
"110174331","WSJ2","145.1463","QS","","145.1463","1100","","MAP","","387435.4","302918.1","Bilbrook","HSJ7","","","","","","","","","PED","","110174331","2021-09-27","","NRAIL","","","","","Up Main/Fast","Access and egress of Birmingham end down platform only when lines are blocked to trains~
Access and egress off Shrewsbury end up platform only when lines are blocked to trains ~
All other platforms subject to standard restrictions ? no access during the day unless there is emergency protection; inspection and carrying light hand tools only",""
"110174071","WSJ2","145.1463","QS","","145.1463","1100","","MAP","","387435.4","302918.1","Bilbrook","HSJ7","","","","","","","","","PED","","110174071","2021-09-21","","NRAIL","","","","","Up Main/Fast","Access and egress of Birmingham end down platform only when lines are blocked to trains~
Access and egress off Shrewsbury end up platform only when lines are blocked to trains ~
All other platforms subject to standard restrictions ? no access during the day unless there is emergency protection; inspection and carrying light hand tools only",""
"110174051","WSJ2","146.0905","QS","","146.0905","2100","","MAP","","386411.1","303321.1","Codsall","HSJ7","","","","","","","","","PED","","110174051","2021-09-21","","NRAIL","","","","","Down Main/Fast","Access and egress available off all four platform ends ~
No access during the day unless there is emergency protection~
Inspection and carrying light hand tools only",""
"110174332","WSJ2","146.0945","QS","","146.0945","2100","","MAP","","386411.1","303321.1","Codsall","HSJ7","","","","","","","","","PED","","110174332","2021-09-27","","NRAIL","","","","","Down Main/Fast","Access and egress available off all four platform ends ~
No access during the day unless there is emergency protection~
Inspection and carrying light hand tools only",""
"50468106","WSJ2","148.044","QS","","148.044","1100","","MAP","","383694.0","303857.0","County Road <Br. 365>","HSJ7","","","","","","","","","","","50468106","2018-10-01","","NRAIL","","","","","Up Main/Fast","White metal pedestrian gate <No. 17 padlock> on upside of bridge. Concrete steps & handrail down to trackside. Parking for one vehicle.",""
"50142187","WSJ2","148.1738","QS","","148.1738","2100","","MAP","","382538.0","304100.0","Beamish Lane <Br. 368>","HSJ7","","","","","","","","","","","50142187","2011-03-24","","AMEY","","","","","Down Main/Fast","End of Beamish Lane at junction of A41, walk left and path down to wooden gate <No.17 padlock>. Concrete steps & handrail down to trackside. Limited parking at bridge. Poor fencing around gate.",""
"110180032","WSJ2","149.0866","QS","","149.0866","1100","","MAP","","381861.4","304543.0","Albrighton station","HSJ7","","","","","","","","","PED","","110180032","2022-09-20","","NRAIL","","","","","Up Main/Fast","Access and egress off all platform ends when a safe system of work is in place. No access during the day unless there is emergency protection. Inspection and carrying light hand tools only.   LAT=-2.2694685			    LONG=52.6383413",""
"50468105","WSJ2","150.0308","QS","","150.0308","2100","","MAP","","380890.0","305047.0","Rectory Road <Br.373>","HSJ7","","","","","","","","","","","50468105","2018-10-01","","NRAIL","","","","","Down Main/Fast","Off A41 to Rectory Road. Metal pedestrian gate <No. 17 padlock> on down side of bridge. Concrete steps & handrail down to trackside. Limited parking at gate.",""
"110174352","WSJ2","150.1563","QS","","150.1563","1100","","MAP","","379763.7","305275.1","Cosford","HSJ7","","","","","","","","","PED","","110174352","2021-09-27","","NRAIL","","","","","Up Main/Fast","Access and egress available off all four platform ends. No access during the day unless there is emergency protection. Inspection and carrying light hand tools only",""
"110174093","WSJ2","150.1563","QS","","150.1563","1100","","MAP","","379763.7","305275.1","Cosford","HSJ7","","","","","","","","","PED","","110174093","2021-09-21","","NRAIL","","","","","Up Main/Fast","Access and egress available off all four platform ends. No access during the day unless there is emergency protection. Inspection and carrying light hand tools only",""
"50142189","WSJ2","152.1364","QS","","152.1364","1100","","MAP","","377041.0","306431.0","Bonemill Bridge <Br. 381>","HSJ7","","","","","","","","","","","50142189","2018-10-01","","NRAIL","","","","","Up Main/Fast","Right off A41 at ""Monsoon"" restaurant, follow road up to bridge. Black wooden pedestrian gate <No.17 lock> concrete steps & handrail down to trackside. Limited parking on bridge.",""
"50142190","WSJ2","153.0859","QS","","153.0859","1100","","MAP","","376125.0","307111.0","Bridge 382","HSJ7","","","","","","","","","","","50142190","2011-03-24","","AMEY","","","","","Up Main/Fast","Off A41 <signposted for Tong>, right up to bridge, black wooden pedestrian gate <No. 17 lock> on upside on the right. Concrete steps & handrail down to trackside. Limited parking.",""
"50468103","WSJ2","153.1342","QS","","153.1342","1100","","MAP","","375770.0","307371.0","Shifnal Industrial Estate Road <adj Br. 383>","HSJ7","","","","","","","","","","","50468103","2018-10-01","","NRAIL","","","","","Up Main/Fast","Follow estate road, metal gates <No.17 lock> on right. Parking for one vehicle.",""
"110174351","WSJ2","154.0549","QS","","154.0549","1100","","MAP","","374942.1","307652.6","Shifnal","HSJ7","","","","","","","","","PED","","110174351","2021-09-27","","NRAIL","","","","","Up Main/Fast","Access and egress off Shrewsbury end platforms only when line is blocked to trains. Access and egress off Birmingham end platforms only during the day unless there is emergency protection. Inspection and carrying light hand tools only",""
"110174092","WSJ2","154.0549","QS","","154.0549","1100","","MAP","","374942.1","307652.6","Shifnal","HSJ7","","","","","","","","","PED","","110174092","2021-09-21","","NRAIL","","","","","Up Main/Fast","Access and egress off Shrewsbury end platforms only when line is blocked to trains. Access and egress off Birmingham end platforms only during the day unless there is emergency protection. Inspection and carrying light hand tools only",""
"110141649","WSJ2","154.0975","QS","","154.0975","2100","","MAP","","374552.0","307650.0","Innage Road Shifnal","HSJ7","","","","","","","","","","","110141649","2011-03-24","","NRAIL","","","","","Down Main/Fast","new pedestrtian access",""
"110143367","WSJ2","154.0981","QS","","154.0981","2100","","MAP","","374547.0","307649.0","INNAGE ROAD - SHIFNAL","HSJ7","","","","","","","","","","","110143367","2011-03-24","","NRAIL","","","","","Down Main/Fast","NEW ACCESS POINT PEDESTRIAN ACCESS OFF INNAGE ROAD, SHIFNAL TO DOWN WSJ2 NEAR SHIFNAL VIADUCT NO.17 KEY REQUIRED. POSTCODE: TF11 8AA.",""
"110142272","WSJ2","156.0","QS","","156.0","1100","","MAP","","372356.0","308322.0","Madeley Butty Van Access","HSJ7","","","","","","","","","","","110142272","2011-03-24","","NRAIL","","","","","Up Main/Fast","Steps in situ.",""
"50142191","WSJ2","156.0418","QS","","156.0418","1100","","MAP","","372003.0","308465.0","Stafford Park Ind Est <Br. 392>","HSJ7","","","","","","","","","","","50142191","2011-03-24","","AMEY","","","","","Up Main/Fast","From M54 J4 island follow A464 to first island right into Stafford Park. White wooden pedestrian gate on upside & left <No.17 lock>. Concrete steps & handrail down to trackside. No parking.",""
"50468101","WSJ2","156.132","QS","","156.132","2100","","MAP","","371228.0","308746.0","Cash & Carry Car Park <Br. 393>","HSJ7","","","","","","","","","","","50468101","2018-10-01","","NRAIL","","","","","Down Main/Fast","Follow Stafford Park Estate road over Br.392A, first right into car park to far right hand corner, follow walking route alongside palisade fence to black wooden gate <No. 17 lock>. Concrete steps & handrail down to trackside.",""
"110174353","WSJ2","157.0806","QS","","157.0806","1100","","MAP","","370283.4","309343.2","Telford","HSJ7","","","","","","","","","PED","","110174353","2021-09-27","","NRAIL","","","","","Up Main/Fast","Access and egress available off all four platform ends. No access during the day unless there is emergency protection.~
Inspection and carrying light hand tools only",""
"110174091","WSJ2","157.0806","QS","","157.0806","1100","","MAP","","370283.4","309343.2","Telford","HSJ7","","","","","","","","","PED","","110174091","2021-09-21","","NRAIL","","","","","Up Main/Fast","Access and egress available off all four platform ends. No access during the day unless there is emergency protection.~
Inspection and carrying light hand tools only",""
"50490865","WSJ2","158.0674","QS","","158.0674","2100","","MAP","","369671.0","310690.0","OAKENGATES STATION","HSJ7","","","","","","","","","NP","","50490865","2023-05-31","","NP","","","","","Down Main/Fast","Access and egress off all platform ends when a safe system of work is in place~
No access during the day unless there is emergency protection~
Inspection and carrying light hand tools only",""
"50468100","WSJ2","158.0674","QS","","158.0674","2100","","MAP","","369671.9","310690.0","Oakengates Station","HSJ7","","","","","","","","","PED","","50468100","2021-09-27","","NRAIL","","","","","Down Main/Fast","Access and egress off all platform ends when a safe system of work is in place~
No access during the day unless there is emergency protection~
Inspection and carrying light hand tools only",""
"110172371","WSJ2","159.0126","QS","","159.0126","1100","","MAP","","368812.9","311355.7","Wombridge Hill Footcrossing","HSJ7","","","","","","","","","","","110172371","2021-05-25","","NRAIL","","","","","Up Main/Fast","Limited parking. Access from the northside of the footcrossing.    LAT=52.698972    LONG=-2.4629346			   EAST=368812.9169			NORTH = 311355.7059",""
"50468099","WSJ2","160.0946","QS","","160.0946","1100","","MAP","","366475.0","311454.0","Whitchurch Drive A5223 <Br. 402C>","HSJ7","","","","","","","","","","","50468099","2023-05-31","","NRAIL","","","","","Up Main/Fast","REDUNDANT_Please remove access point from Hazard Directory, not fit for use.    Path and steps up to trackside with ""No Trespass"" sign. Overgrown. No parking. No gate.",""
"50477313","WSJ2","160.1012","QS","","160.1012","2100","","MAP","","366420.0","311453.0","Haybridge Road <Br. 403>","HSJ7","","","","","","","","","","","50477313","2011-03-24","","AMEY","","","","","Down Main/Fast","Steps down to trackside. Refencing, secure gate & handrail will be put in ASAP.",""
"50468098","WSJ2","160.1672","QS","","160.1672","2100","","MAP","","365819.0","311487.0","Mill Lane, Wellington","HSJ7","","","","","","","","","PED","","50468098","2022-05-12","","NRAIL","","","","","Down Main/Fast","Limited parking available.~
Padlock on the gate: 17~
First presented to an individual when they arrive at the access: Down~
Any site specific hazards with the access point itself: Area known for drug use.",""
"110142274","WSJ2","161.0594","QS","","161.0594","1100","","MAP","","365212.0","311652.0","Wellington Station","HSJ7","","","","","","","","","PED","","110142274","2021-09-28","","NRAIL","","","","","Up Main/Fast","Access and egress off all platform ends when a safe system of work is in place~
No access during the day unless there is emergency protection~
Inspection and carrying light hand tools only",""
"110172300","WSJ2","161.1363","QS","","161.1363","2100","","MAP","","364512.7","311706.9","Saville Cl, Near Welling Stat, Bramble Walk Mast","HSJ7","","","","","","","","","PED","","110172300","2021-05-19","","NRAIL","","","","","Down Main/Fast","Brambles Walk Mast <Saville Close>",""
"50468095","WSJ2","162.0341","QS","","162.0341","2100","","MAP","","363916.0","312014.0","Wrockwardine Road <Br. 412>","HSJ7","","","","","","","","","","","50468095","2018-10-01","","NRAIL","","","","","Down Main/Fast","Pathway & handrail on downside of bridge to pedestrian palisade gate <No.221 lock> concrete steps & handrail up to trackside. Parking limited.",""
"50468094","WSJ2","162.1716","QS","","162.1716","1100","","MAP","","362938.0","312767.0","B5063 <Br. 415>","HSJ7","","","","","","","","","","","50468094","2018-10-01","","NRAIL","","","","","Up Main/Fast","Follow road to Admaston. Wooden gate <No.17 lock> and parking area for one vehicle on upside of bridge. Brick steps & handrail down to trackside.",""
"50468092","WSJ2","163.0778","QS","","163.0778","1100","","MAP","","362194.5","312725.0","Farm Access <Br. 417>","HSJ7","","","","","","","","","","","50468092","2021-05-25","","NRAIL","","","","","Up Main/Fast","Off B4394 turn into farm access to bridge. Metal barrier with No. 17 padlock. Pedestrian access by concrete steps & handrail up to trackside. No parking available.   LAT=52.7108733    LONG=-2.5610224    EAST=362194.5785     NORTH=312725.0205",""
"110169691","WSJ2","168.1485","QS","","168.1485","2100","","MAP","","","","Uffington","HSJ7","","","","","","","","","","","110169691","2023-05-31","","NRAIL","","","","","Down Main/Fast","SY4 4SY, Downside, Single gate",""
"110144207","WSJ2","146.0687","QS","","146.0687","2100","","MAR","","386593.0","303246.0","Chapel Lane Former Signal Box Access","HSJ7","","","","","","","","","ACCESS ROAD RAIL MACHINES","","110144207","2014-05-06","","NRAIL","","","","","Down Main/Fast","Due to improvement works at Chapel Lane Vehicle Access <former signal box access>, this has been upgraded to a Road Rail Vehicle Authorised Access Point.   LAT:52.626802      LONG:-2.1995026",""
"50468102","WSJ2","154.0374","QS","","154.0374","1100","","MAR","","375042.0","307642.0","Shifnal","HSJ7","","","","","","","","","","","50468102","2014-06-09","","NRAIL","","","","","Up Main/Fast","Access to trackside via double gates on approach to industrial estate",""
"110164966","WSJ2","164.0506","QS","","164.0506","1100","","MAR","","360871.2","312419.8","Sugar Beet","HSJ7","","","","","","","","","RRV ACCESS","","110164966","2021-07-27","","NRAIL","","","","","Up Main/Fast","RRV Access",""
"110146309","WSJ2","143.0","QS","","143.0","1900","","MAV","","","","Sidlaw Close","HSJ7","","","","","","","","","","","110146309","2011-03-24","","NRAIL","","","","","Up Siding","Access point to the Up side through Oxley SB/Up Sidings",""
"50424328","WSJ2","143.03","QS","","143.03","2100","","MAV","","390735.4","301008.2","Oxley Traincare Depot","HSJ7","","","","","","","","","NP","","50424328","2021-08-13","","NRAIL","","","","","Down Main/Fast","From Wolverhampton heading M6 turn into South Street. Follow road under viaduct then approach to Oxley Depot. Park in depot area. Notes: Downside Vehicular Access",""
"110149619","WSJ2","143.0517","QS","","143.0517","1100","","MAV","","390924.9","300863.6","OXLEY - SIDLAW CLOSE","HSJ7","","","","","","","","","VEHICLE ACCESS","","110149619","2021-07-27","","NRAIL","","","","","Up Main/Fast","ACCESS POINT - VEHICLE <TAKEN FROM SIGNAL DIAGRAMS>.  OXLEY SIDLAW CLOSE.",""
"50468104","WSJ2","150.0374","QS","","150.0374","2100","","MAV","","380834.0","305067.0","The Cattery <off Br. 376>","HSJ7","","","","","","","","","","","50468104","2018-10-01","","NRAIL","","","","","Down Main/Fast","Off A41 to Rectory Road, over bridge turn right at ""The Cattery"" sign. Double wooden vehicular gates 60yds on the right, tied up with rope <No padlock>. Parking for one vehicle.",""
"110172299","WSJ2","150.1641","QS","","150.1641","1500","","MAV","","379692.4","305285.8","Cosford station <vehicle>","HSJ7","","","","","","","","","VEH","","110172299","2021-05-18","","NRAIL","","","","","Up Loop","Cosford station vehicle",""
"110142273","WSJ2","151.0131","QS","","151.0131","2500","","MAV","","379464.0","305292.0","Former Signalbox Access","HSJ7","","","","","","","","","","","110142273","2011-03-24","","NRAIL","","","","","Down Loop","Former Signalbox Access for vehicular use",""
"50142188","WSJ2","151.0154","QS","","151.0154","1100","","MAV","","379443.0","305295.0","Cosford Camp Road Overbridge Up Line","HSJ7","","","","","","","","","","","50142188","2011-03-24","","AMEY","","","","","Up Main/Fast","Over bridge turn right into open area, double vehicular gates <No.17 lock> into large parking area.Vehicle access is available through access gates into 3rd Party land on the up side. No vehicles or materials are to be left on this land or access to the track obtained by damaging post and wire fencing. Railway access is ONLY available through the second set of vehicle gates at the far end of this land.",""
"110144205","WSJ2","161.0732","QS","","161.0732","1200","","MAV","","365085.0","311662.0","Wellington Station Platform Access <West>","HSJ7","","","","","","","","","Access point for vehicles","","110144205","2011-03-24","","NRAIL","","","","","Up Slow","Existing access point required adding",""
"110170831","WSJ2","161.11","QS","","161.11","2100","","MAV","","","","ALDI SUPERSTORE WELLINGTON TF2","HSJ7","","","","","","","","","VECHILE","","110170831","2020-09-03","","","","","","","Down Main/Fast","NEW ACCESS POINT PEDESTRIAN ACCESS PREVIOSULSY REMOVED DUE TO CONDITION NOW READY FOR RE-ADDITION TO HD",""
"50468096","WSJ2","161.1215","QS","","161.1215","1100","","MAV","","364646.4","311685.8","Tell Tyres <adjacent to Morrisons>","HSJ7","","","","","","","","","","","50468096","2021-05-25","","NRAIL","","","","","Up Main/Fast","Access Road to Industrial Estate adjacent to Morrisons superstore to double vehicle gates <No. 17 lock> at rear of Tell Tyres unit.  LAT=52.7016981   LONG=-2.5246196    EAST=364646.4237      NORTH=311685.8277",""
"50468093","WSJ2","163.033","QS","","163.033","2100","","MAV","","362598.0","312797.0","B4394 <South of Br. 416>","HSJ7","","","","","","","","","","","50468093","2018-10-01","","NRAIL","","","","","Down Main/Fast","Turn right after Br. 415, follow road for approx 200yds. Look for gap in hedge on right to vehicular wooden gate, parking for one vehicle. No lock/chain. Poor sighting at point of access.",""
"110144206","WSJ2","163.1308","QS","","163.1308","1100","","MAV","","361657.0","312603.0","Allscott Ground Frame Access","HSJ7","","","","","","","","","Access point for vehicles","","110144206","2011-03-24","","NRAIL","","","","","Up Main/Fast","Existing access requires adding",""
