"Hazard ID","ELR","Start Mileage","Zonecode","BRS","End Mileage","Track ID","IDENTIFIER","Item Code","MAP","Easting","Northing","Local Name","Subzone","Status","Verified","Parent ID","Parent GRP","Photograph File","Position","Condition","Condition Date","Purpose/Usage","Line No","Intermim Ref No","Last Updated","Last Updater","Maintainer","Year of Birth","Year of Death","Verification Stage","Verification Date","Track Description","Additional Information","OS GRID REF"
"20775418","BGE","0.088","QE","","0.088","3300","","MAV","","435013.0","562966.0","Boldon North Jn [Chaucer Ave] NE34 9JH","HEJ8","","","","","","","","","","","20775418","2022-08-18","","NRAIL","","","","","Rev Goods","Access gate @ 0m40c; Chaucer Avenue; Brockley Whins",""
"20772536","BKS","14.0924","QE","","14.0924","3300","","MAP","","459096.0","398429.0","WADWORTH CARR LC","HEJ3","","","","","","","","","","","20772536","2019-06-11","","NRAIL","","","","","Rev Goods","",""
"20775281","BKS","15.0038","QE","","15.0038","3300","","MAP","","459337.1","399212.5","LONG WALK","HEJ3","","","","","","","","","","","20775281","2021-09-21","","NRAIL","","","","","Rev Goods","","SK 59337 99212"
"20787510","BKS","16.0","QE","","16.0","0","","MAP","","459782.0","400702.0","#20 UP SOUTH YORKSHIRE DOWN","HEJ3","","","","","","","","","","","20787510","2022-08-18","","NRAIL","","","","","All/Multiple Tracks","CTLP Site. Confirm before use.",""
"20775280","BKS","17.0912","QE","","17.0912","3300","","MAP","","460800.0","402798.0","AINTREE AVENUE","HEJ3","","","","","","","","","","","20775280","2021-06-22","","NRAIL","","","","","Rev Goods","SECTIONAL APPX - SECTION 4 PAGE 38. ACCESS RD AINTREE AVE. SECURITY - LOCKED GATE. PARKING - VERY LIMITED. CONDITION - GOOD. NEAREST HOSPITAL - DONCASTER. NEAREST WELFARE - TPW  DONCASTER 20MINS. SAFETY - NO LIGHTING GOOD UNDERFOOT CONDITIONS. PARKING IN BETWEEN HOUSES LIMITED TO 2 VEHICLES.","SE 00608 00028"
"20790511","BKS","18.0374","QE","","18.0374","0","","MAP","","461414.0","403675.0","#29 SANDALL BEAT WOOD","HEJ3","","","","","","","","","","","20790511","2024-05-29","","NRAIL","","","","","All/Multiple Tracks","CTLP Site. Confirm before use.",""
"20772951","BKS","19.022","QE","","19.022","3300","","MAP","","461374.0","405151.0","ARMTHORPE ROAD/BRIDGE","HEJ3","","","","","","","","","","","20772951","2021-06-22","","NRAIL","","","","","Rev Goods","UNAUTHORISED ACCESS POINT WHICH NR MAINTAIN. 07/05/08 CREATING ASSET - AS",""
"20775279","BKS","19.1106","QE","","19.1106","3300","","MAP","","461158.0","405928.0","JOHN PETERS","HEJ3","","","","","","","","","","","20775279","2016-12-07","","NRAIL","","","","","Rev Goods","","SE 00611 00059"
"20775465","BKS","19.1188","QE","","19.1188","3300","","MAP","","461123.2","461123.2","EDENTHORPE","HEJ3","","","","","","","","","","","20775465","2021-06-22","","NRAIL","","","","","Rev Goods","SECTIONAL APPX - SECTION 4 PAGE 38. ACCESS RD - THORNE RD. SECURITY - LOCKED GATE. PARKING - LIMITED. CONDITION - GOOD. SAFETY - NO LIGHTING, STEEP STEPS, LIMITED PARKING ON GRASS VERGE OR SHOPPING CENTRE CAR PARK, NOT SUITABLE FOR MULTI PERSON MANUAL HANDLING. NEAREST HOSPITAL - DONCASTER. NEAREST WELFARE - TPW DONCASTER 15 MINS.","SE 61123 05954"
"20779627","BKS","20.0198","QE","","20.0198","2100","","MAP","","460786.0","406611.0","Barnby Dun Road Bridge 67","HEJ3","","","","","","","","","","","20779627","2017-01-24","","NRAIL","","","","","Down Main/Fast","New access point has been installed to allow safe access to the infrastructure, for bridge strikes.","SE 60706 60000"
"20783267","BKS","16.0","QE","","16.0","3300","","MAV","","459096.0","398429.0","TIN HUT","HEJ3","","","","","","","","","","","20783267","2019-07-02","","NRAIL","","","","","Rev Goods","",""
"20772538","BKS","18.033","QE","","18.033","3300","","MAV","","461420.0","403668.0","SANDAL BEAT WOOD","HEJ3","","","","","","","","","","","20772538","2019-06-11","","NRAIL","","","","","Rev Goods","SECTIONAL APPX SECTION 4 PAGE 38. ACCESS OFF LEDGER WAY AT RACECOURSE BLOOD STOCK & FOLLOW SANDALL BEAT RD THROUGH WOOD. SECURITY-LOCKED GATE. PARKING - DIRT TRACK. CONDITION - GOOD. NEAREST HOSPITAL - DONCASTER. NEAREST WELFARE - DONCASTER TEN POUND WALK <10 MINS>. SAFETY - NO LIGHTING, GOOD UNDERFOOR. CHILDREN""S PLAY AREA VERY NEARBY.","SE 00614 00036"
"20785448","BKS","17.099","QE","","17.099","3300","","MAX","","460847.0","402853.0","CANTLEY LANE","HEJ3","","","","","","","","","","","20785448","2021-06-23","","NRAIL","","","","","Rev Goods"," ",""
"20785449","BKS","20.088","QE","","20.088","3300","","MAX","","460671.0","407193.0","THORNE LANE XING","HEJ3","","","","","","","","","","","20785449","2021-06-23","","NRAIL","","","","","Rev Goods"," ",""
"20794249","BNW","0.006","QE","","0.006","3300","","MAV","","435085.0","562887.0","Boldon East NE34 9JN","HEJ8","","","","","","","","","","","20794249","2024-08-05","","NRAIL","","","","","Rev Goods","Access via Chaucer Avenue along dirt track. What3words: owners.driven.pits","NZ 35085 62887"
"110153898","CBI","0.0924","QE","","0.0924","2100","","MAP","","530194.0","184004.0","Canal Tunnels","HEJ4","","","","","","","","","","","110153898","2022-09-06","","","","","","","Down Main/Fast","access point for the Canal Tunnels, the access route is off York Way through a segregated walkway that crosses HS1 land. Accesses onto Down Canal Tunnel","TQ 30194 84004"
"110153897","CBI","0.1122","QE","","0.1122","0","","MAR","","530257.0","184059.0","Canal Tunnels","HEJ4","","","","","","","","","","","110153897","2022-09-06","","","","","","","All/Multiple Tracks","Maintenance access point for all types including Road Rail vehicles for the Canal Tunnels, the access route is off York Way through a wayleave that crosses Argent Land. There will always be 3.5m clearance for this access. To allow access with vehicles there needs to be an isolation of the new Canel Tunnels lines but also an isolation of the Up&Down slows on the ECML. The RRAP has a fairly tight curve and steep gradient <1:40> so extra care must be taken when accessing machines down there. Metal drainage cover also located on the slope is a potential hazard due to lack of surface traction especially in wet weather conditions. Within the Argent Land a parking provision for 1 no. van is available but no machines must be left within the wayleave access across Argent land. Machines must access on the night and not be stored there.","TQ 30257 84059"
"20786258","CFP","3.157","QE","","3.157","2100","","MAV","","531339.0","185788.0","DRAYTON PARK STATION","HEJ4","","","","","","","","","","","20786258","2023-03-06","","NRAIL","","","","","Down Main/Fast","Created from AFM data to match an identifed track entrance. Requires phyiscal verification.","TQ 31395 85588"
"20772421","CJS","160.13","QE","","160.13","2100","","MAP","","454611.0","409458.0","SKELLOW RELAY ROOM","HEJ3","","","","","","","","","","","20772421","2019-06-11","","NRAIL","","","","","Down Main/Fast","",""
"20772422","CJS","161.132","QE","","161.132","2100","","MAP","","456231.0","409607.0","SELBY ROAD BR19","HEJ3","","","","","","","","","","","20772422","2019-06-11","","NRAIL","","","","","Down Main/Fast","",""
"20772425","CJS","162.1606","QE","","162.1606","1100","","MAP","","458090.0","409777.0","SHAFTHOLME JCN","HEJ3","","","","","","","","","","","20772425","2019-06-11","","NRAIL","","","","","Up Main/Fast","Shaftholme Jn access to CJS. SE581098. DN5 0LT. Access road via What Holmes Lane and over crossing turn right towards ECM1 access. Park up and access steps RHS.",""
"20772539","CJS","166.0242","QE","","166.0242","2100","","MAP","","463263.0","410138.0","WILLARDS BRIDGE","HEJ3","","","","","","","","","","","20772539","2019-06-11","","NRAIL","","","","","Down Main/Fast","",""
"20779453","CJS","160.1298","QE","","160.1298","1100","","MAR","","454254.0","408865.0","SKELLOW JN RRAP","HEJ3","","","","","","","","","","","20779453","2019-02-13","","NRAIL","","","","","Up Main/Fast","","SE 54208 80000"
"20774663","CJS","160.13","QE","","160.13","2100","","MAV","","453311.0","409503.0","SKELLOW RELAY ROOM","HEJ3","","","","","","","","","","","20774663","2019-06-11","","NRAIL","","","","","Down Main/Fast","Access Road B1220 Church Lane access through gate down track at side of bridge. No. BR 01 B. Sectional appendix - Section 6 page 10. Security - Locked security gate. Parking - Hard surface through gate. Condition - Good underfoot no lighting. Nearest hospital Doncaster. Nearest welfare Doncaster Marshgate Depot approx 20 mins.","SE 00533 00095"
"20774662","CJS","162.1012","QE","","162.1012","2100","","MAV","","457548.8","409726.4","NICHOLSON""S FARM","HEJ3","","","","","","","","","","","20774662","2021-03-02","","NRAIL","","","","","Down Main/Fast","Sectional Appendix - Section 6 page 19. Access Road - Applehirst Lane. Access through Nicholson""s farm off Applehirst Lane. Security locked farm gate. Parking - hard surface area. Condition fair, no lighting. Nearest hospital Doncaster. Nearest welfare Doncaster Ten Pound Walk Depot approx 25 mins.","SE 00595 00103"
"20785450","CJS","160.077","QE","","160.077","1100","","MAX","","454134.0","409386.0","KITCHEN""S XING","HEJ3","","","","","","","","","","","20785450","2021-06-23","","NRAIL","","","","","Up Main/Fast","",""
"20785626","CJS","160.077","QE","","160.077","2100","","MAX","","454134.0","409386.0","KITCHEN""S XING","HEJ3","","","","","","","","","","","20785626","2021-06-23","","NRAIL","","","","","Down Main/Fast","",""
"20785451","CJS","162.1012","QE","","162.1012","1100","","MAX","","457549.0","409727.0","BOOTHS NO.1 XING","HEJ3","","","","","","","","","","","20785451","2021-06-23","","NRAIL","","","","","Up Main/Fast","",""
"20785627","CJS","162.1012","QE","","162.1012","2100","","MAX","","457549.0","409727.0","BOOTHS NO.1 XING","HEJ3","","","","","","","","","","","20785627","2021-06-23","","NRAIL","","","","","Down Main/Fast","",""
"20785452","CJS","163.1298","QE","","163.1298","1100","","MAX","","459409.0","409893.0","APPLEHURST LANE XING","HEJ3","","","","","","","","","","","20785452","2021-06-23","","NRAIL","","","","","Up Main/Fast","",""
"20785628","CJS","163.1298","QE","","163.1298","2100","","MAX","","459409.0","409893.0","APPLEHURST LANE XING","HEJ3","","","","","","","","","","","20785628","2021-06-23","","NRAIL","","","","","Down Main/Fast","",""
"20785453","CJS","164.1056","QE","","164.1056","1100","","MAX","","460790.0","410032.0","THORPE ROAD XING","HEJ3","","","","","","","","","","","20785453","2021-06-23","","NRAIL","","","","","Up Main/Fast","",""
"20785629","CJS","164.1056","QE","","164.1056","2100","","MAX","","460790.0","410032.0","THORPE ROAD XING","HEJ3","","","","","","","","","","","20785629","2021-06-23","","NRAIL","","","","","Down Main/Fast","",""
"20785454","CJS","164.1584","QE","","164.1584","1100","","MAX","","461273.0","410052.0","BRAMWITH ROAD","HEJ3","","","","","","","","","","","20785454","2021-06-23","","NRAIL","","","","","Up Main/Fast","",""
"20785630","CJS","164.1584","QE","","164.1584","2100","","MAX","","461273.0","410052.0","BRAMWITH ROAD","HEJ3","","","","","","","","","","","20785630","2021-06-23","","NRAIL","","","","","Down Main/Fast","",""
"20785455","CJS","165.0154","QE","","165.0154","1100","","MAX","","461575.0","410065.0","BARNBY DUN NO. 1 XING","HEJ3","","","","","","","","","","","20785455","2021-06-23","","NRAIL","","","","","Up Main/Fast","",""
"20785631","CJS","165.0154","QE","","165.0154","2100","","MAX","","461575.0","410065.0","BARNBY DUN NO. 1 XING","HEJ3","","","","","","","","","","","20785631","2021-06-23","","NRAIL","","","","","Down Main/Fast","",""
"20785456","CJS","165.0924","QE","","165.0924","1100","","MAX","","462279.0","410096.0","STAINFORTH ROAD","HEJ3","","","","","","","","","","","20785456","2021-06-23","","NRAIL","","","","","Up Main/Fast","",""
"20785632","CJS","165.0924","QE","","165.0924","2100","","MAX","","462279.0","410096.0","STAINFORTH ROAD","HEJ3","","","","","","","","","","","20785632","2021-06-23","","NRAIL","","","","","Down Main/Fast","",""
"20786048","CRF1","0.0225","QE","","0.0225","3300","","MAV","","530225.0","184122.0","A5200 - YORK WAY NORTH","HEJ4","","","","","","","","","","","20786048","2021-10-08","","NRAIL","","","","","Rev Goods","Loaded from AFM data after being matched AFTE with no record in NHD. Needs to be verified on site.","TQ 30224 84122"
"20788028","DAE1","0.1078","QE","","0.1078","0","","MAP","","428907.0","515721.0","DARLINGTON NORTH ROAD DL3 6ST","HEJ1","","","","","","","","","","","20788028","2023-09-14","","NRAIL","","","","","All/Multiple Tracks","ACCESS TO STATION FOR RAILHUB PURPOSES","NZ 28907 15721"
"20788368","DAE1","1.0396","QE","","1.0396","2100","","MAP","","428493.0","516562.0","Traveller Camp Bridge Darlington DL3 0RW","HEJ1","","","","","","","","","","","20788368","2022-11-07","","NRAIL","","","","","Down Main/Fast","[volume.hopes.songs]","NZ 28493 16562"
"20770952","DAE1","0.1557","QE","","0.1557","3900","","MAX","","428617.0","516035.0","Hopetown Junction [S & T Stores] DL3 0GT","HEJ1","","","","","","","","","","","20770952","2022-08-18","","NRAIL","","","","","Rev Siding","Double Access Gate, through scrapyard just off Whessoe Road. 859 Key required for lock.",""
"20775389","DCF","33.0594","QE","","33.0594","2100","","MA","","519072.0","231590.0","Viaduct Embankment Abutment","HEJ4","","","","","","","","","","","20775389","2021-06-23","","NRAIL","","","","","Down Main/Fast","Access steps. Steps accessible from Stotfold Road and down unsurfaced track at toe of embankment.","TL 19072 31590"
"20775380","DCF","32.132","QE","","32.132","2100","","MAP","","518815.0","230928.0","Burymead Springs/Cadwell Lane","HEJ4","","","","","","","","","","","20775380","2021-06-23","","NRAIL","","","","","Down Main/Fast","Access steps to DNO cubilce, Hitchin East Junction, DCF/01 <earth retained wall>, AND DCF/02 Hitchin Flyover.","TL 18815 30928"
"20775402","DCF","33.055","QE","","34.0088","2100","","MAP","","520150.0","231850.0","Stotfold Road Vehicle park","HEJ4","","","","","","","","","","","20775402","2021-06-23","","NRAIL","","","","","Down Main/Fast","Road vehicle access to DNO Cubicle and Auxillary Supply Point and toes of DCF embankment. 3m unsurfaced track along toe of embankment <both sides> Track crosses farmers land at accomodation bridge - Network Rail have authority to drive across and under accomodation bridge.","TL 20150 31850"
"20775394","DCF","33.0582","QE","","33.0582","2100","","MAP","","519072.0","231590.0","Viaduct Embankment Abutment","HEJ4","","","","","","","","","","","20775394","2019-06-11","","NRAIL","","","","","Down Main/Fast","For access to underside of East side of DCF/02 for maintenance and drainage. Gate accessed from Stotfold Road and along unsurfaced track at toe of embankment. Access must be pre arranged with National Grid.","TL 19072 31590"
"20775406","DCF","33.0995","QE","","33.0995","2100","","MAP","","519438.0","231569.0","DCF neutral section steps","HEJ4","","","","","","","","","","","20775406","2019-06-11","","NRAIL","","","","","Down Main/Fast","Steps to access netural section <vehicle access from Stotfold Road and along unsurfaced track at toe of embankment>","TL 19438 31569"
"20775405","DCF","34.0121","QE","","34.0121","2100","","MAP","","520150.0","231850.0","Steps at Stotfold road","HEJ4","","","","","","","","","","","20775405","2021-06-23","","NRAIL","","","","","Down Main/Fast","Pedestrian access point to DCF / SBR Down Line / Hitchin East Junction.","TL 20150 31850"
"20775388","DCF","32.143","QE","","32.143","2100","","MAV","","518813.0","230932.0","Recycling Yard","HEJ4","","","","","","","","","","","20775388","2021-06-23","","NRAIL","","","","","Down Main/Fast","Access to underside of west side of DCF/02 for maintenance, access to drainage etc. Gate at north side of Cadwell Lane. No access to track.","TL 18813 30932"
"20786049","DDY","154.1359","QE","","154.1359","2807","","MAV","","457634.0","401350.0","DONCASTER DN YARD","HEJ3","","","","","","","","","","","20786049","2021-10-08","","NRAIL","","","","","","Loaded from AFM data after being matched AFTE with no record in NHD. Needs to be verified on site.","SE 57633 01349"
"20786050","DDY","154.1485","QE","","154.1485","2808","","MAV","","457532.0","401424.0","DONCASTER DN YARD","HEJ3","","","","","","","","","","","20786050","2021-10-08","","NRAIL","","","","","","Loaded from AFM data after being matched AFTE with no record in NHD. Needs to be verified on site.","SE 57531 01424"
"20785828","DOL1","157.1043","QE","","157.1043","0","","MAP","","456353.0","405608.0","BENTLEY STN","HEJ3","","","","","","","","","","","20785828","2021-10-08","","NRAIL","","","","","All/Multiple Tracks","Loaded from AFM data after being matched AFTE with no record in NHD. Needs to be verified on site.","SE 56353 05607"
"20790510","DOL1","158.0792","QE","","158.0792","0","","MAP","","455364.0","406732.0","#25 BENTLEY HABD BRIDGE 10","HEJ3","","","","","","","","","","","20790510","2024-05-29","","NRAIL","","","","","All/Multiple Tracks","CTLP Site. Confirm before use.",""
"20663455","DOL1","159.1144","QE","","159.1144","2100","","MAP","","454618.0","408366.0","ADWICK LE STREET LC","HEJ3","","","","","","","","","","","20663455","2019-02-13","","NRAIL","","","","","Down Main/Fast","ADWICK LE STREET. ",""
"20772541","DOL1","160.0742","QE","","160.0742","2100","","MAP","","453781.0","409268.0","ADWICK PUMP HOUSE","HEJ3","","","","","","","","","","","20772541","2019-06-11","","NRAIL","","","","","Down Main/Fast","Sectional appendix - Section 6 Page 10. Security - locked barrier. Parking - Dirt track through gate. Condition - Good underfoot, no lighting, road traffic. Nearest hospital Doncaster. Nearest welfare Doncaster Marshgate Depot approx 20 mins. Access across field off Red House Lane.","SE 00537 00092"
"20787541","DOL1","160.1364","QE","","160.1364","0","","MAP","","453432.0","409454.0","#8 ADWICK JUNCTION","HEJ3","","","","","","","","","","","20787541","2024-05-29","","NRAIL","","","","","All/Multiple Tracks","CTLP Site. Confirm before use.",""
"20772542","DOL1","162.0695","QE","","162.0695","1100","","MAP","","450596.0","410457.0","HAMPOLE YARD","HEJ3","","","","","","","","","","","20772542","2019-06-11","","NRAIL","","","","","Up Main/Fast","Access Road Lays Lane access through Hampole village. Sectional appendix - Section 6 page 10/11. Security - locked farm gate. Parking - Hard surface area through gate. Condition - good underfoot, no lighting. Nearest hospital Doncaster. Nearest welfare Doncaster Marshgate depot approx 25 mins.","SE 00508 00104"
"20786051","DOL1","157.1095","QE","","157.1095","2100","","MAV","","456347.0","405603.0","BENTLEY STN DN","HEJ3","","","","","","","","","","","20786051","2021-10-08","","NRAIL","","","","","Down Main/Fast","Loaded from AFM data after being matched AFTE with no record in NHD. Needs to be verified on site.","SE 56346 05603"
"20786052","DOL1","158.0803","QE","","158.0803","2100","","MAV","","455634.0","406738.0","LANGTHWAITE DYKE","HEJ3","","","","","","","","","","","20786052","2021-10-08","","NRAIL","","","","","Down Main/Fast","Loaded from AFM data after being matched AFTE with no record in NHD. Needs to be verified on site.","SE 55634 06737"
"20663456","DOL1","159.1667","QE","","159.1667","1100","","MAV","","454388.0","408711.0","ADWICK STATION","HEJ3","","","","","","","","","","","20663456","2019-02-13","","NRAIL","","","","","Up Main/Fast","Access on Adwick Lane off Church Lane. Sectional appendix - Module 7 Page 17. Security - Open access. Parking - Station car park. Condition - Good, good lighting, good underfoot condition. Not suitable for heavy lifting/multi person manual handling. Nearest hospital Doncaster. Nearest welfare Doncaster Marshgate approx 20 mins.","SE 00543 00087"
"20772540","DOL1","159.1667","QE","","159.1667","1100","","MAV","","454338.0","408773.0","ADWICK STATION","HEJ3","","","","","","","","","","","20772540","2019-06-11","","NRAIL","","","","","Up Main/Fast","Access on Adwick Lane off Church Lane. Sectional appendix - Module 7 page 17. Security - open access. Parking - Station car park. Condition - Good underfoot, good lighting, not suitable for heavy lifting/multi person manual handling. Nearest hospital Doncaster. Nearest welfare Doncaster Marshgate Depot approx. 20 mins.","SE 00543 00087"
"20774866","DOL1","162.021","QE","","162.021","2100","","MAV","","449684.0","410613.0","Old Moorhouse Track Bed","HEJ3","","","","","","","","","Vehicle","","20774866","2013-03-14","","NRAIL","","","","","Down Main/Fast","","SE 49684 10613"
"20774867","DOL1","162.069","QE","","162.069","1100","","MAV","","450828.0","410414.0","Hampole Yard","HEJ3","","","","","","","","","Vehicle","","20774867","2013-03-14","","NRAIL","","","","","Up Main/Fast","","SE 50828 10414"
"20785457","DOL1","156.1381","QE","","156.1381","1100","","MAX","","457058.0","404460.0","DOCK HILLS XING <INGS ROAD>","HEJ3","","","","","","","","","","","20785457","2021-06-23","","NRAIL","","","","","Up Main/Fast","",""
"20785633","DOL1","156.1381","QE","","156.1381","2100","","MAX","","457058.0","404460.0","DOCK HILLS XING <INGS ROAD>","HEJ3","","","","","","","","","","","20785633","2021-06-23","","NRAIL","","","","","Down Main/Fast","",""
"20785458","DOL1","156.1662","QE","","156.1662","1100","","MAX","","456931.0","404682.0","BARRIER BANK","HEJ3","","","","","","","","","","","20785458","2021-06-23","","NRAIL","","","","","Up Main/Fast","",""
"20785634","DOL1","156.1662","QE","","156.1662","2100","","MAX","","456931.0","404682.0","BARRIER BANK","HEJ3","","","","","","","","","","","20785634","2021-06-23","","NRAIL","","","","","Down Main/Fast","",""
"20785459","DOL1","157.1148","QE","","157.1148","1100","","MAX","","456325.0","405645.0","BENTLEY <CHURCH STREET>","HEJ3","","","","","","","","","","","20785459","2021-06-23","","NRAIL","","","","","Up Main/Fast","",""
"20785635","DOL1","157.1148","QE","","157.1148","2100","","MAX","","456325.0","405645.0","BENTLEY <CHURCH STREET>","HEJ3","","","","","","","","","","","20785635","2021-06-23","","NRAIL","","","","","Down Main/Fast","",""
"20785460","DOL1","159.0209","QE","","159.0209","1100","","MAX","","455065.0","407652.0","ATKINSON""S XING","HEJ3","","","","","","","","","","","20785460","2021-06-23","","NRAIL","","","","","Up Main/Fast","",""
"20785636","DOL1","159.0209","QE","","159.0209","2100","","MAX","","455065.0","407652.0","ATKINSON""S XING","HEJ3","","","","","","","","","","","20785636","2021-06-23","","NRAIL","","","","","Down Main/Fast","",""
"20785461","DOL1","159.1112","QE","","159.1112","1100","","MAX","","454634.0","408341.0","ADWICK LE ST XING","HEJ3","","","","","","","","","","","20785461","2021-06-23","","NRAIL","","","","","Up Main/Fast","",""
"20785637","DOL1","159.1112","QE","","159.1112","2100","","MAX","","454634.0","408341.0","ADWICK LE ST XING","HEJ3","","","","","","","","","","","20785637","2021-06-23","","NRAIL","","","","","Down Main/Fast","",""
"20787508","DOW","0.0308","QE","","0.0308","0","","MAP","","457251.0","404050.0","#12 MARSHGATE SIDINGS [DOW]","HEJ3","","","","","","","","","","","20787508","2022-08-18","","NRAIL","","","","","All/Multiple Tracks","CTLP Site. Confirm before use.",""
"20787509","DOW","1.0242","QE","","1.0242","0","","MAP","","458073.0","405256.0","#22 BENTLEY JUNCTION","HEJ3","","","","","","","","","","","20787509","2022-08-18","","NRAIL","","","","","All/Multiple Tracks","CTLP Site. Confirm before use.",""
"20783127","DOW","1.0286","QE","","1.0286","1100","","MAP","","458093.6","405284.9","BENTLEY JN","HEJ3","","","","","","","","","","","20783127","2021-03-02","","NRAIL","","","","","Up Main/Fast","New access point has been installed to allow safe access to the Infrastructure.  Pedestrian gate is reached through EA compound which has a dual lock","SE 58037 05296"
"20785829","DOW","3.1295","QE","","3.1295","0","","MAP","","461396.0","407844.0","KIRK SANDALL STN","HEJ3","","","","","","","","","","","20785829","2021-10-08","","NRAIL","","","","","All/Multiple Tracks","Loaded from AFM data after being matched AFTE with no record in NHD. Needs to be verified on site.","SE 61396 07843"
"20772430","DOW","6.0748","QE","","6.0748","2200","","MAP","","464479.0","410514.0","STAINFORTH RELAY ROOM","HEJ3","","","","","","","","","","","20772430","2019-06-11","","NRAIL","","","","","Down Slow","Stainforth RR access. Vehicular parking available at r/h side of Relay Room.Station Road near Hatfield and Stainforth Station. Sectional appendix - Section 4 page 36. Security - Locked security gate. Station & road lights switched off at certain time. Condition - good, limited lighting, good underfoot. Nearest hospital Doncaster. Nearest welfare Doncaster Ten Pound Walk Depot approx 20 mins.","SE 00644 00105"
"20663463","DOW","7.0132","QE","","7.0132","1200","","MAP","","465498.0","411187.0","#27 BOOTHAM LANE","HEJ3","","","","","","","","","","","20663463","2024-05-30","","NRAIL","","","","","Up Slow","CTLP Site. Confirm before use.","SE 00654 00112"
"20788768","DOW","7.0132","QE","","7.0132","1200","","MAP","","465498.0","411187.0","BOOTHAM LANE","HEJ3","","","","","","","","","","","20788768","2023-01-25","","NRAIL","","","","","Up Slow","BOOTHAM LANE. Access past station & follow dirt track very bumpy. Sectional appendix - Section 4 page 36. Security - Locked security gate. Parking - Dirt track. Condition - Fair, poor underfoot, no lighting, vegetation, refuse usually around gate area. Nearest hospital Doncaster. Nearest welfare Doncaster Ten Pound Walk Depot approx 20 mins.","SE 00654 00112"
"20772431","DOW","7.1386","QE","","7.1386","1100","","MAP","","466748.0","412006.0","THORNE JN","HEJ3","","","","","","","","","","","20772431","2019-11-05","","NRAIL","","","","","Up Main/Fast","Thorne Jn Bridge no. BR 17. Access road Poffinder Wood Rd access road side of bridge off Kirton Lane. Sectional appendix - Section 4 page 36. Security - Locked security gate. Parking - hard surface area. Condition - good, no lighting, good underfoot. Nearest hospital Doncaster. Nearest welfare Doncaster Ten Pound Walk Depot approx 25 mins.","SE 00667 00120"
"20783269","DOW","8.0704","QE","","8.0704","1200","","MAP","","467628.0","412286.0","KIRTON LANE JN","HEJ3","","","","","","","","","","","20783269","2019-07-02","","NRAIL","","","","","Up Slow","","SE 00676 00122"
"20772432","DOW","9.033","QE","","9.033","1100","","MAP","","468590.0","412338.0","BRIDGE 18","HEJ3","","","","","","","","","","","20772432","2019-06-11","","NRAIL","","","","","Up Main/Fast","SE686123. DN85TS. Access off Hatfield Road A614, through gate and up steps.",""
"20785830","DOW","9.1043","QE","","9.1043","0","","MAP","","469217.0","412372.0","THORNE SOUTH STN","HEJ3","","","","","","","","","","","20785830","2021-10-08","","NRAIL","","","","","All/Multiple Tracks","Loaded from AFM data after being matched AFTE with no record in NHD. Needs to be verified on site.","SE 69216 12372"
"20785831","DOW","15.0956","QE","","15.0956","0","","MAP","","478335.0","411005.0","CROWLE STN","HEJ3","","","","","","","","","","","20785831","2021-06-30","","NRAIL","","","","","All/Multiple Tracks","",""
"20772436","DOW","17.044","QE","","17.044","1100","","MAP","","481060.0","411368.0","KEADBY HOT BOXES","HEJ3","","","","","","","","","","","20772436","2021-06-22","","NRAIL","","","","","Up Main/Fast"," ",""
"20774721","DOW","17.044","QE","","17.044","1100","","MAP","","482499.0","411528.0","KEADBY CANAL WICKET GATE","HEJ3","","","","","","","","","","","20774721","2022-10-04","","NRAIL","","","","","Up Main/Fast","SECTIONAL APPENDIX - SECTION 4 PAGE 35. ACCESS - NEAR KEADBY POWER STATION ON CHAPEL LANE OFF TRENT SIDE. SECURITY - NONE. PARKING - LIMITED OBSTRUCTIVE. CONDITION - FAIR. NEAREST HOSPITAL - SCUNTHORPE. NEAREST WELFARE - KEADBY CANAL SB <1 MIN> SAFETY - FAIR UNDER FOOT, NO LIGHTING, ROAD TRAFFIC, VEGETATION.","SE 00825 00115"
"20779451","DOW","0.0269","QE","","0.0269","0","","MAR","","457160.0","403904.0","MARSHGATE STORES RRAP","HEJ3","","","","","","","","","","","20779451","2016-12-07","","NRAIL","","","","","All/Multiple Tracks","","SE 57203 90000"
"20779452","DOW","0.0269","QE","","0.0269","0","","MAR","","465089.0","410917.0","STAINFORTH RRAP","HEJ3","","","","","","","","","","","20779452","2016-12-07","","NRAIL","","","","","All/Multiple Tracks","","SE 65010 90000"
"20786059","DOW","6.0861","QE","","6.0861","2200","","MAR","","464744.0","410676.0","HATFIELD AND STAINFORTH STATION","HEJ3","","","","","","","","","","","20786059","2021-10-08","","NRAIL","","","","","Down Slow","Loaded from AFM data after being matched AFTE with no record in NHD. Needs to be verified on site.","SE 64744 10675"
"20783268","DOW","6.132","QE","","6.132","0","","MAR","","465498.0","411187.0","STAINFORTH RRAP","HEJ3","","","","","","","","","","","20783268","2019-07-02","","NRAIL","","","","","All/Multiple Tracks","","SE 00654 00112"
"20779450","DOW","8.0","QE","","8.0","0","","MAR","","466750.0","412003.0","THORNE JN RRAP","HEJ3","","","","","","","","","","","20779450","2016-12-07","","NRAIL","","","","","All/Multiple Tracks","","SE 66712 00000"
"20786065","DOW","17.0422","QE","","17.0422","2100","","MAR","","481044.0","411363.0","KEADBY HOT BOXES","HEJ3","","","","","","","","","","","20786065","2021-10-08","","NRAIL","","","","","Down Main/Fast","Loaded from AFM data after being matched AFTE with no record in NHD. Needs to be verified on site.","SE 81043 11362"
"20786053","DOW","0.0111","QE","","0.0111","2100","","MAV","","457139.0","403770.0","MARSHGATE COMPOUND","HEJ3","","","","","","","","","","","20786053","2021-10-08","","NRAIL","","","","","Down Main/Fast","Loaded from AFM data after being matched AFTE with no record in NHD. Needs to be verified on site.","SE 57139 03769"
"20786054","DOW","0.044","QE","","0.044","2903","","MAV","","457251.0","404050.0","MARSHGATE COMPOUND","HEJ3","","","","","","","","","","","20786054","2021-10-08","","NRAIL","","","","","","Loaded from AFM data after being matched AFTE with no record in NHD. Needs to be verified on site.","SE 57251 04050"
"20786055","DOW","0.0505","QE","","0.0505","2903","","MAV","","457289.0","404096.0","MARSHGATE COMPOUND","HEJ3","","","","","","","","","","","20786055","2021-10-08","","NRAIL","","","","","","Loaded from AFM data after being matched AFTE with no record in NHD. Needs to be verified on site.","SE 57288 04095"
"20772949","DOW","3.0418","QE","","3.0418","2100","","MAV","","460732.0","407317.0","KIRK SANDALL RELAY ROOM","HEJ3","","","","","","","","","","","20772949","2019-06-11","","NRAIL","","","","","Down Main/Fast","UNAUTHORISED ACCESS POINT WHICH NR MAINTAIN. 07/05/08 CREATING ASSET - AS",""
"20786056","DOW","3.0551","QE","","3.0551","1200","","MAV","","460822.0","407396.0","SANDALL LANE?","HEJ3","","","","","","","","","","","20786056","2021-10-08","","NRAIL","","","","","Up Slow","Loaded from AFM data after being matched AFTE with no record in NHD. Needs to be verified on site.","SE 60822 07396"
"20783270","DOW","3.132","QE","","3.132","2200","","MAV","","460732.0","407317.0","KIRK SANDALL","HEJ3","","","","","","","","","","","20783270","2019-07-02","","NRAIL","","","","","Down Slow","",""
"20786057","DOW","4.0239","QE","","4.0239","2200","","MAV","","461847.0","408231.0","BARNBY DUN PED ACCESS","HEJ3","","","","","","","","","","","20786057","2021-10-08","","NRAIL","","","","","Down Slow","Loaded from AFM data after being matched AFTE with no record in NHD. Needs to be verified on site.","SE 61846 08231"
"20772428","DOW","4.0638","QE","","4.0638","2200","","MAV","","462114.0","408480.0","BARNBY DUN BRIDGE","HEJ3","","","","","","","","","","","20772428","2019-02-13","","NRAIL","","","","","Down Slow","Access Road - Armthorpe Lane. Sectional Apppendix - Section 4, Page 36. Security - Locked Security Gate. Parking - Limited Muddy Area. Condition - Fair. Nearest Hospital - Doncaster. Nearest Welfare - Doncaster Ten Pound Walk Depot. Safety - No lighting, ground soft and uneven through site. Access down side of bridge on Armthorpe Lane","SE 62100 08400"
"20663462","DOW","6.0088","QE","","6.0088","2100","","MAV","","464754.0","410695.0","HATFIELD AND STAINFORTH STATION","HEJ3","","","","","","","","","","","20663462","2019-06-11","","NRAIL","","","","","Down Main/Fast","Hatfield & Stainforth. Access rd - Station road, staion and road lights switched off at certain time.Sectional Appendix - Section 4 page 36. Security - Locked security gate. Parking - station car park. Condition - good, limited lighting, good under foot. Nearest hospital Doncaster. Nearest welfare Doncaster Ten Pound Walk Depot approx 20 mins.","SE 00644 00105"
"20786058","DOW","6.0754","QE","","6.0754","1902","","MAV","","464633.0","410652.0","STAINFORTH SIDINGS WAGON""S WAY","HEJ3","","","","","","","","","","","20786058","2021-10-08","","NRAIL","","","","","","Loaded from AFM data after being matched AFTE with no record in NHD. Needs to be verified on site.","SE 64632 10651"
"20786060","DOW","6.1492","QE","","6.1492","2200","","MAV","","465212.0","410993.0","STAINFORTH PED ACCESS","HEJ3","","","","","","","","","","","20786060","2021-10-08","","NRAIL","","","","","Down Slow","Loaded from AFM data after being matched AFTE with no record in NHD. Needs to be verified on site.","SE 65212 10992"
"20786061","DOW","7.0136","QE","","7.0136","3800","","MAV","","465494.0","411199.0","BOOTHAM LANE","HEJ3","","","","","","","","","","","20786061","2021-10-08","","NRAIL","","","","","Rev Other/Eng/Car","Loaded from AFM data after being matched AFTE with no record in NHD. Needs to be verified on site.","SE 65494 11198"
"20786062","DOW","8.0273","QE","","8.0273","2200","","MAV","","466963.0","412123.0","KIRTON LANE SUD-STN","HEJ3","","","","","","","","","","","20786062","2021-10-08","","NRAIL","","","","","Down Slow","Loaded from AFM data after being matched AFTE with no record in NHD. Needs to be verified on site.","SE 66963 12123"
"20786274","DOW","8.1038","QE","","8.1038","1100","","MAV","","467638.0","412289.0","KIRTON LANE XING","HEJ3","","","","","","","","","","","20786274","2021-10-13","","NRAIL","","","","","Up Main/Fast","Created from AFM data to match an identifed track entrance. Requires phyiscal verification.","SE 67638 12289"
"20786273","DOW","9.0611","QE","","9.0611","2100","","MAV","","468847.0","412347.0","KIRTON LANE XING","HEJ3","","","","","","","","","","","20786273","2021-10-13","","NRAIL","","","","","Down Main/Fast","Created from AFM data to match an identifed track entrance. Requires phyiscal verification.","SE 68847 12346"
"20663467","DOW","9.0902","QE","","9.0902","0","","MAV","","469114.0","412365.0","THORNE SOUTH LC","HEJ3","","","","","","","","","","","20663467","2015-03-11","","NRAIL","","","","","All/Multiple Tracks","Access on South End off A614. Security - None. Parking - Limited hard surface area. Condition - good, limited lighting, good under foot, platform. Nearest hospital Doncaster. Nearest welfare Doncaster Ten Pound Walk Depot approx 25 mins.","SE 00691 00123"
"20786275","DOW","9.0967","QE","","9.0967","1100","","MAV","","469173.0","412370.0","KIRTON LANE XING","HEJ3","","","","","","","","","","","20786275","2021-10-13","","NRAIL","","","","","Up Main/Fast","Created from AFM data to match an identifed track entrance. Requires phyiscal verification.","SE 69172 12369"
"20786063","DOW","11.0332","QE","","11.0332","2100","","MAV","","471802.0","412259.0","MAUDS BRIDGE","HEJ3","","","","","","","","","","","20786063","2021-10-08","","NRAIL","","","","","Down Main/Fast","Loaded from AFM data after being matched AFTE with no record in NHD. Needs to be verified on site.","SE 71802 12259"
"20786064","DOW","15.0559","QE","","15.0559","1100","","MAV","","478039.0","411028.0","CROWLE","HEJ3","","","","","","","","","","","20786064","2021-10-08","","NRAIL","","","","","Up Main/Fast","Loaded from AFM data after being matched AFTE with no record in NHD. Needs to be verified on site.","SE 78039 11027"
"20785462","DOW","0.1232","QE","","0.1232","1100","","MAX","","457700.0","404656.0","DOW 0M56CH","HEJ3","","","","","","","","","","","20785462","2021-06-23","","NRAIL","","","","","Up Main/Fast","",""
"20785638","DOW","0.1232","QE","","0.1232","2100","","MAX","","457700.0","404656.0","DOW 0M56CH","HEJ3","","","","","","","","","","","20785638","2021-06-23","","NRAIL","","","","","Down Main/Fast","",""
"20785463","DOW","2.0449","QE","","2.0449","1100","","MAX","","459466.0","406333.0","ARKSEY INGS XING","HEJ3","","","","","","","","","","","20785463","2021-06-23","","NRAIL","","","","","Up Main/Fast","",""
"20785639","DOW","2.0449","QE","","2.0449","2100","","MAX","","459466.0","406333.0","ARKSEY INGS XING","HEJ3","","","","","","","","","","","20785639","2021-06-23","","NRAIL","","","","","Down Main/Fast","",""
"20785464","DOW","4.1542","QE","","4.1542","1200","","MAX","","462715.0","409032.0","HATFIELD LANE XING","HEJ3","","","","","","","","","","","20785464","2021-06-23","","NRAIL","","","","","Up Slow","",""
"20785640","DOW","4.1542","QE","","4.1542","2200","","MAX","","462715.0","409032.0","HATFIELD LANE XING","HEJ3","","","","","","","","","","","20785640","2021-06-23","","NRAIL","","","","","Down Slow","",""
"20785465","DOW","5.149","QE","","5.149","1200","","MAX","","463883.0","410071.0","THE HAGGS XING","HEJ3","","","","","","","","","","","20785465","2021-06-23","","NRAIL","","","","","Up Slow","",""
"20785641","DOW","5.149","QE","","5.149","2200","","MAX","","463883.0","410071.0","THE HAGGS XING","HEJ3","","","","","","","","","","","20785641","2021-06-23","","NRAIL","","","","","Down Slow","",""
"20785466","DOW","8.077","QE","","8.077","1200","","MAX","","467398.0","412269.0","ASHFIELD ROAD <ROBINSONS>","HEJ3","","","","","","","","","","","20785466","2021-06-23","","NRAIL","","","","","Up Slow","",""
"20785642","DOW","8.077","QE","","8.077","2200","","MAX","","467398.0","412269.0","ASHFIELD ROAD <ROBINSONS>","HEJ3","","","","","","","","","","","20785642","2021-06-23","","NRAIL","","","","","Down Slow","",""
"20785467","DOW","8.1023","QE","","8.1023","1200","","MAX","","467618.0","412285.0","KIRTON LANE XING","HEJ3","","","","","","","","","","","20785467","2021-06-23","","NRAIL","","","","","Up Slow","",""
"20785643","DOW","8.1023","QE","","8.1023","2200","","MAX","","467618.0","412285.0","KIRTON LANE XING","HEJ3","","","","","","","","","","","20785643","2021-06-23","","NRAIL","","","","","Down Slow","",""
"20785468","DOW","9.1404","QE","","9.1404","1100","","MAX","","469570.0","412389.0","WIKE GATE XING","HEJ3","","","","","","","","","","","20785468","2021-06-23","","NRAIL","","","","","Up Main/Fast","",""
"20785644","DOW","9.1404","QE","","9.1404","2100","","MAX","","469570.0","412389.0","WIKE GATE XING","HEJ3","","","","","","","","","","","20785644","2021-06-23","","NRAIL","","","","","Down Main/Fast","",""
"20785469","DOW","10.0266","QE","","10.0266","1100","","MAX","","470139.0","412419.0","THORNE NO.1 <MOOR ROAD>","HEJ3","","","","","","","","","","","20785469","2021-06-23","","NRAIL","","","","","Up Main/Fast","",""
"20785645","DOW","10.0266","QE","","10.0266","2100","","MAX","","470139.0","412419.0","THORNE NO.1 <MOOR ROAD>","HEJ3","","","","","","","","","","","20785645","2021-06-23","","NRAIL","","","","","Down Main/Fast","",""
"20785470","DOW","10.0779","QE","","10.0779","1100","","MAX","","470608.0","412424.0","THORNE NO.2 <HIGH BRIDGE ROAD>","HEJ3","","","","","","","","","","","20785470","2021-06-23","","NRAIL","","","","","Up Main/Fast","",""
"20785646","DOW","10.0779","QE","","10.0779","2100","","MAX","","470608.0","412424.0","THORNE NO.2 <HIGH BRIDGE ROAD>","HEJ3","","","","","","","","","","","20785646","2021-06-23","","NRAIL","","","","","Down Main/Fast","",""
"20785471","DOW","11.0389","QE","","11.0389","1100","","MAX","","471855.0","412256.0","MAUDS BRIDGE XING","HEJ3","","","","","","","","","","","20785471","2021-06-23","","NRAIL","","","","","Up Main/Fast","",""
"20785647","DOW","11.0389","QE","","11.0389","2100","","MAX","","471855.0","412256.0","MAUDS BRIDGE XING","HEJ3","","","","","","","","","","","20785647","2021-06-23","","NRAIL","","","","","Down Main/Fast","",""
"20785472","DOW","13.0027","QE","","13.0027","1100","","MAX","","474726.0","412265.0","MEDGE HALL XING","HEJ3","","","","","","","","","","","20785472","2021-06-23","","NRAIL","","","","","Up Main/Fast","",""
"20785648","DOW","13.0027","QE","","13.0027","2100","","MAX","","474726.0","412265.0","MEDGE HALL XING","HEJ3","","","","","","","","","","","20785648","2021-06-23","","NRAIL","","","","","Down Main/Fast","",""
"20785473","DOW","13.0417","QE","","13.0417","1100","","MAX","","475083.0","412304.0","PAGES XING","HEJ3","","","","","","","","","","","20785473","2021-06-23","","NRAIL","","","","","Up Main/Fast","",""
"20785649","DOW","13.0417","QE","","13.0417","2100","","MAX","","475083.0","412304.0","PAGES XING","HEJ3","","","","","","","","","","","20785649","2021-06-23","","NRAIL","","","","","Down Main/Fast","",""
"20785474","DOW","13.0906","QE","","13.0906","1100","","MAX","","475515.0","412213.0","PROCTORS/WINDSOR XING","HEJ3","","","","","","","","","","","20785474","2021-06-23","","NRAIL","","","","","Up Main/Fast","",""
"20785650","DOW","13.0906","QE","","13.0906","2100","","MAX","","475515.0","412213.0","PROCTORS/WINDSOR XING","HEJ3","","","","","","","","","","","20785650","2021-06-23","","NRAIL","","","","","Down Main/Fast","",""
"20785475","DOW","14.0169","QE","","14.0169","1100","","MAX","","476198.0","411591.0","GODNOW BRIDGE XING","HEJ3","","","","","","","","","","","20785475","2021-06-23","","NRAIL","","","","","Up Main/Fast","",""
"20785651","DOW","14.0169","QE","","14.0169","2100","","MAX","","476198.0","411591.0","GODNOW BRIDGE XING","HEJ3","","","","","","","","","","","20785651","2021-06-23","","NRAIL","","","","","Down Main/Fast","",""
"20785476","DOW","15.095","QE","","15.095","1100","","MAX","","478395.9","411011.8","CROWLE XING","HEJ3","","","","","","","","","","","20785476","2021-09-21","","NRAIL","","","","","Up Main/Fast","","SE 78395 11011"
"20785652","DOW","15.095","QE","","15.095","2100","","MAX","","478395.0","411011.8","CROWLE XING","HEJ3","","","","","","","","","","","20785652","2021-09-21","","NRAIL","","","","","Down Main/Fast","","SE 78395 11011"
"20770951","DSN1","0.1584","QE","","0.1584","2100","","MAP","","429948.0","512957.0","Neasham Road Bridge 2 DL1 4LE","HEJ1","","","","","","","","","Pedestrian","","20770951","2023-09-14","","NRAIL","","","","","Down Main/Fast","Neasham Road. Access for bridge examination only. Single gate, special lock. NZ229129.","NZ 29948 12957"
"20771567","DSN1","1.0129","QE","","1.0129","1100","","MAP","","430227.0","512951.0","Bridge 3 DL1 4LE","HEJ1","","","","","","","","","Pedestrian","","20771567","2022-08-18","","NRAIL","","","","","Up Main/Fast","West Moor Rd, Darlington - Up Side Access Steps. NZ304129.",""
"20663478","DSN1","1.1451","QE","","1.1451","2100","","MAP","","431432.0","512989.0","Maidendale Woods DL1 4RN","HEJ1","","","","","","","","","Pedestrian","","20663478","2022-08-18","","NRAIL","","","","","Down Main/Fast","Access road from Yarm Road roundabout down Salters Lane. Alternatively by public footpath off A66. NZ313129.",""
"20774664","DSN1","2.0475","QE","","2.0475","1100","","MAP","","432143.0","513082.0","DSN1 Bridge 5 DL1 4PX","HEJ1","","","","","","","","","Pedestrian","","20774664","2022-08-18","","NRAIL","","","","","Up Main/Fast","Up Side access steps at Bridge 5. Off the A66 bypass at Darlington.","NZ 32143 13077"
"20771565","DSN1","2.0629","QE","","2.0629","2100","","MAP","","432281.0","513108.0","Bridge 5A DL1 4PX","HEJ1","","","","","","","","","Pedestrian","","20771565","2022-08-18","","NRAIL","","","","","Down Main/Fast","A66 Darlington - Down Side Access Steps. NZ322130.",""
"20771566","DSN1","2.1385","QE","","2.1385","1100","","MAP","","432968.0","513198.0","Bridge 6 DL2 1JZ","HEJ1","","","","","","","","","Pedestrian","","20771566","2022-08-18","","NRAIL","","","","","Up Main/Fast","Morton Palms, Darlington - Up Side Access Steps. NZ329131.",""
"20663479","DSN1","3.0429","QE","","3.0429","2100","","MAP","","433695.0","513306.0","Dinsdale No 1 DL2 1DS","HEJ1","","","","","","","","","Pedestrian","","20663479","2022-08-18","","NRAIL","","","","","Down Main/Fast","Along Thorntree Gardens, Middleton-St-George to Thorntree Cottage, continue over Bridge 8. NZ337133.",""
"20663480","DSN1","3.066","QE","","3.066","2100","","MAP","","433906.0","513330.0","Dinsdale No 2 DL2 1DR","HEJ1","","","","","","","","","Pedestrian","","20663480","2022-08-18","","NRAIL","","","","","Down Main/Fast","Along Thorntree Gardens, Middleton-St-George to Thorntree Cottage, continue over Bridge 8. NZ389133.",""
"20788029","DSN1","3.1425","QE","","3.1425","0","","MAP","","434596.0","513434.0","DINSDALE DL2 1UE","HEJ1","","","","","","","","","","","20788029","2023-09-14","","NRAIL","","","","","All/Multiple Tracks","ACCESS TO STATION FOR RAILHUB PURPOSES","NZ 34596 13434"
"20773999","DSN1","4.0602","QE","","4.0602","1100","","MAP","","435419.0","513673.0","Oak Tree Cottages DL2 1EU","HEJ1","","","","","","","","","Pedestrian","","20773999","2022-08-18","","NRAIL","","","","","Up Main/Fast","Under Railway Bridge East on Yarm Road.  Follow road to left then 1st left to UWC. NZ354136.",""
"20663482","DSN1","4.1154","QE","","4.1154","1100","","MAP","","435900.0","513670.0","Middleton-St-George DL2 1HG","HEJ1","","","","","","","","","Pedestrian","","20663482","2022-08-18","","NRAIL","","","","","Up Main/Fast","Access via Virginia Estate, Middleton-St-George. NZ358136.",""
"20663483","DSN1","4.154","QE","","4.154","2100","","MAP","","436250.0","513716.0","Aislaby Grange [Oak Tree] DL2 1HG","HEJ1","","","","","","","","","","","20663483","2022-08-18","","NRAIL","","","","","Down Main/Fast","Drive down access road opposite Oak Tree Farm. NZ362137.",""
"20772944","DSN1","5.0221","QE","","5.0221","1100","","MAP","","436651.0","513760.0","Bridge 13 - Goosepool DL2 1HW","HEJ1","","","","","","","","","Pedestrian","","20772944","2022-08-18","","NRAIL","","","","","Up Main/Fast","Pedestrian access steps on Up Side with wicket gate & 859 lock. NZ365137.",""
"20770950","DSN1","0.132","QE","","0.132","1100","","MAV","","429708.0","512973.0","Saltburn Branch End DL1 4LD","HEJ1","","","","","","","","","Vehicle","","20770950","2022-08-18","","NRAIL","","","","","Up Main/Fast","Access road off Neasham Road, near Bridge 2.",""
"20773998","DSN1","3.0716","QE","","3.0716","2100","","MAV","","433954.0","513344.0","Studhoe Farm DL2 1DS","HEJ1","","","","","","","","","Pedestrian","","20773998","2022-08-18","","NRAIL","","","","","Down Main/Fast","Off Neasham Road near Dinsdale Station.  NZ337133.",""
"20786072","DUY","154.0822","QE","","154.0822","1853","","MAR","","458203.0","401337.0","DONCASTER UP YARD","HEJ3","","","","","","","","","","","20786072","2021-10-08","","NRAIL","","","","","","Loaded from AFM data after being matched AFTE with no record in NHD. Needs to be verified on site.","SE 58203 01336"
"20786073","DUY","154.0826","QE","","154.0826","1851","","MAR","","458198.0","401332.0","DONCASTER UP YARD","HEJ3","","","","","","","","","","","20786073","2021-10-08","","NRAIL","","","","","","Loaded from AFM data after being matched AFTE with no record in NHD. Needs to be verified on site.","SE 58197 01331"
"20786075","DUY","154.0828","QE","","154.0828","1854","","MAR","","458206.0","401339.0","DONCASTER UP YARD","HEJ3","","","","","","","","","","","20786075","2021-10-08","","NRAIL","","","","","","Loaded from AFM data after being matched AFTE with no record in NHD. Needs to be verified on site.","SE 58205 01339"
"20786074","DUY","154.083","QE","","154.083","1852","","MAR","","458200.0","401334.0","DONCASTER UP YARD","HEJ3","","","","","","","","","","","20786074","2021-10-08","","NRAIL","","","","","","Loaded from AFM data after being matched AFTE with no record in NHD. Needs to be verified on site.","SE 58199 01333"
"20786078","DUY","154.1214","QE","","154.1214","3901","","MAR","","457900.0","401453.0","DONCASTER UP YARD","HEJ3","","","","","","","","","","","20786078","2021-10-08","","NRAIL","","","","","","Loaded from AFM data after being matched AFTE with no record in NHD. Needs to be verified on site.","SE 57900 01453"
"20786079","DUY","154.1214","QE","","154.1214","3902","","MAR","","457902.0","401456.0","DONCASTER UP YARD","HEJ3","","","","","","","","","","","20786079","2021-10-08","","NRAIL","","","","","","Loaded from AFM data after being matched AFTE with no record in NHD. Needs to be verified on site.","SE 57901 01455"
"20786081","DUY","154.1291","QE","","154.1291","1853","","MAR","","457961.0","401649.0","DONCASTER UP YARD","HEJ3","","","","","","","","","","","20786081","2021-10-08","","NRAIL","","","","","","Loaded from AFM data after being matched AFTE with no record in NHD. Needs to be verified on site.","SE 57960 01649"
"20786080","DUY","154.1292","QE","","154.1292","1852","","MAR","","457957.0","401646.0","DONCASTER UP YARD","HEJ3","","","","","","","","","","","20786080","2021-10-08","","NRAIL","","","","","","Loaded from AFM data after being matched AFTE with no record in NHD. Needs to be verified on site.","SE 57957 01646"
"20786066","DUY","154.0159","QE","","154.0159","1904","","MAV","","458737.0","401033.0","DONCASTER UP YARD","HEJ3","","","","","","","","","","","20786066","2021-10-08","","NRAIL","","","","","","Loaded from AFM data after being matched AFTE with no record in NHD. Needs to be verified on site.","SE 58736 01033"
"20786205","DUY","154.0159","QE","","154.0159","1911","","MAV","","458738.0","401036.0","DONCASTER UP YARD","HEJ3","","","","","","","","","","","20786205","2021-10-08","","NRAIL","","","","","","Loaded from AFM data after being matched AFTE with no record in NHD. Needs to be verified on site.","SE 58738 01036"
"20786206","DUY","154.0159","QE","","154.0159","1958","","MAV","","458747.0","401058.0","DONCASTER UP YARD","HEJ3","","","","","","","","","","","20786206","2021-10-08","","NRAIL","","","","","","Loaded from AFM data after being matched AFTE with no record in NHD. Needs to be verified on site.","SE 58746 01058"
"20786207","DUY","154.0159","QE","","154.0159","3850","","MAV","","458750.0","401061.0","DONCASTER UP YARD","HEJ3","","","","","","","","","","","20786207","2021-10-08","","NRAIL","","","","","","Loaded from AFM data after being matched AFTE with no record in NHD. Needs to be verified on site.","SE 58749 01060"
"20786068","DUY","154.0166","QE","","154.0166","3850","","MAV","","458744.0","401067.0","DONCASTER UP YARD","HEJ3","","","","","","","","","","","20786068","2021-10-08","","NRAIL","","","","","","Loaded from AFM data after being matched AFTE with no record in NHD. Needs to be verified on site.","SE 58743 01067"
"20786067","DUY","154.017","QE","","154.017","1958","","MAV","","458739.0","401065.0","DONCASTER UP YARD","HEJ3","","","","","","","","","","","20786067","2021-10-08","","NRAIL","","","","","","Loaded from AFM data after being matched AFTE with no record in NHD. Needs to be verified on site.","SE 58738 01065"
"20786069","DUY","154.0191","QE","","154.0191","1912","","MAV","","458713.0","401053.0","DONCASTER UP YARD","HEJ3","","","","","","","","","","","20786069","2021-10-08","","NRAIL","","","","","","Loaded from AFM data after being matched AFTE with no record in NHD. Needs to be verified on site.","SE 58712 01052"
"20786070","DUY","154.0382","QE","","154.0382","1904","","MAV","","458549.0","401116.0","DONCASTER UP YARD","HEJ3","","","","","","","","","","","20786070","2021-10-08","","NRAIL","","","","","","Loaded from AFM data after being matched AFTE with no record in NHD. Needs to be verified on site.","SE 58549 01116"
"20786071","DUY","154.0759","QE","","154.0759","1851","","MAV","","458244.0","401283.0","DONCASTER UP YARD","HEJ3","","","","","","","","","","","20786071","2021-10-08","","NRAIL","","","","","","Loaded from AFM data after being matched AFTE with no record in NHD. Needs to be verified on site.","SE 58243 01282"
"20786076","DUY","154.0854","QE","","154.0854","3901","","MAV","","458159.0","401298.0","DONCASTER UP YARD","HEJ3","","","","","","","","","","","20786076","2021-10-08","","NRAIL","","","","","","Loaded from AFM data after being matched AFTE with no record in NHD. Needs to be verified on site.","SE 58158 01298"
"20786077","DUY","154.1122","QE","","154.1122","3953","","MAV","","457997.0","401439.0","DONCASTER UP YARD","HEJ3","","","","","","","","","","","20786077","2021-10-08","","NRAIL","","","","","","Loaded from AFM data after being matched AFTE with no record in NHD. Needs to be verified on site.","SE 57996 01439"
"20786082","DWY","155.0154","QE","","155.0154","3903","","MAV","","457588.0","402010.0","SLEEPER FACTORY TPW","HEJ3","","","","","","","","","","","20786082","2021-10-08","","NRAIL","","","","","","Loaded from AFM data after being matched AFTE with no record in NHD. Needs to be verified on site.","SE 57587 02009"
"20783369","ECM1","0.044","QE","","0.044","3600","","MAP","","530270.0","183436.0","KINGS CROSS PSB","HEJ4","","","","","","","","","","","20783369","2024-11-25","","NRAIL","","","","","Rev Terminal/Bay","Limited parking available at Kings Cross Power Signal Box.","TQ 30270 83436"
"120000099","ECM1","1.077","QE","","1.077","2200","","MAP","","530678.2","185243.9","STOCK ORCHARD STREET","HEJ4","","","","","","","","","Authorised Access Point - Pedestrian","","120000099","2024-11-25","","","","","","","Down Slow","",""
"20662431","ECM1","1.1738","QE","","1.1738","2300","","MAP","","531189.0","185967.0","STEVE BEKO CLOSE","HEJ4","","","","","","","","","","","20662431","2019-10-16","","NRAIL","","","","","Down Goods","","TQ 31189 85967"
"20786085","ECM1","2.0519","QE","","2.0519","2300","","MAP","","531289.0","186461.0","PARKSIDE CRESCENT","HEJ4","","","","","","","","","","","20786085","2024-11-25","","NRAIL","","","","","Down Goods","","TQ 31289 86460"
"20662435","ECM1","2.088","QE","","2.088","1202","","MAP","","531350.0","186768.0","FINSBURY PARK STATION","HEJ4","","","","","","","","","","","20662435","2019-02-26","","NRAIL","","","","","","","TQ 31350 86768"
"20662436","ECM1","2.0946","QE","","2.0946","2200","","MAP","","531353.0","186827.0","FINSBURY PARK STONE YARD","HEJ4","","","","","","","","","","","20662436","2019-05-21","","NRAIL","","","","","Down Slow","","TQ 31353 86827"
"20662437","ECM1","3.0506","QE","","3.0506","3800","","MAP","","531410.0","188033.0","HARRINGAY SOUTH WIGHTMAN ROAD","HEJ4","","","","","","","","","Authorised Access Point - Pedestrian","","20662437","2024-11-25","","NRAIL","","","","","Rev Other/Eng/Car","","TQ 31410 88033"
"120000101","ECM1","3.0701","QE","","3.0701","0","","MAP","","531389.5","188224.0","Harringay Station O/B22","HEJ4","","","","","","","","","Authorised Access Point - Pedestrian","","120000101","2024-11-25","","","","","","","All/Multiple Tracks","Both sides of the overbridge can be accessed with steps down to platforms at Harringay.",""
"20772816","ECM1","3.1496","QE","","3.1496","2200","","MAP","","531297.0","188478.0","FERME PARK SHUNTERS","HEJ4","","","","","","","","","","","20772816","2019-05-21","","NRAIL","","","","","Down Slow","21/12/07 CREATING ASSET - AS","TQ 31297 88478"
"20662442","ECM1","4.0088","QE","","4.0088","1202","","MAP","","530939.0","189148.0","HORNSEY STATION","HEJ4","","","","","","","","","","","20662442","2019-02-26","","NRAIL","","","","","","","TQ 30939 89148"
"20772817","ECM1","4.0088","QE","","4.0088","2900","","MAP","","530913.0","189226.0","HORNSEY STATION DOWN","HEJ4","","","","","","","","","","","20772817","2019-02-26","","NRAIL","","","","","Down Siding","21/12/07 CREATING ASSET - AS","TQ 30913 89226"
"20662445","ECM1","4.1012","QE","","4.1012","2200","","MAP","","530572.0","189929.0","WASHER ROAD","HEJ4","","","","","","","","","","","20662445","2016-11-29","","NRAIL","","","","","Down Slow","","TQ 30572 89929"
"20662447","ECM1","4.1452","QE","","4.1452","1200","","MAP","","530332.0","190384.0","WOOD GREEN RELAY ROOM","HEJ4","","","","","","","","","","","20662447","2019-06-11","","NRAIL","","","","","Up Slow","","TQ 30332 90384"
"20662446","ECM1","4.1584","QE","","4.1584","2200","","MAP","","530332.0","190384.0","WOOD GREEN RELAY ROOM","HEJ4","","","","","","","","","","","20662446","2019-06-11","","NRAIL","","","","","Down Slow","","TQ 30332 90384"
"20662448","ECM1","4.1716","QE","","4.1716","2200","","MAP","","530274.0","190481.0","ALEXANDRA PALACE","HEJ4","","","","","","","","","","","20662448","2023-02-01","","NRAIL","","","","","Down Slow","New Pedestrain Access added by WGNB EiS Project.","TQ 30274 90481"
"20785832","ECM1","4.1732","QE","","4.1732","0","","MAP","","530295.0","190459.0","ALEXANDRA PALACE STN","HEJ4","","","","","","","","","","","20785832","2021-10-08","","NRAIL","","","","","All/Multiple Tracks","Loaded from AFM data after being matched AFTE with no record in NHD. Needs to be verified on site.","TQ 30294 90458"
"20785833","ECM1","6.0757","QE","","6.0757","0","","MAP","","528681.0","192213.0","NEW SOUTHGATE STN","HEJ4","","","","","","","","","","","20785833","2021-10-08","","NRAIL","","","","","All/Multiple Tracks","Loaded from AFM data after being matched AFTE with no record in NHD. Needs to be verified on site.","TQ 28680 92213"
"20779588","ECM1","8.066","QE","","8.066","2200","","MAP","","526929.0","194914.0","OAKLEIGH PARK STATION","HEJ4","","","","","","","","","","","20779588","2016-12-19","","NRAIL","","","","","Down Slow","","TQ 26929 94914"
"20662458","ECM1","9.0044","QE","","9.0044","2200","","MAP","","526589.0","195778.0","BARNET STATION RELAY ROOM","HEJ4","","","","","","","","","","","20662458","2019-10-16","","NRAIL","","","","","Down Slow","","TQ 26589 95778"
"20785834","ECM1","9.0254","QE","","9.0254","0","","MAP","","526608.0","195987.0","NEW BARNET STN","HEJ4","","","","","","","","","","","20785834","2021-06-30","","NRAIL","","","","","All/Multiple Tracks","",""
"20662460","ECM1","9.1562","QE","","9.1562","2200","","MAP","","526300.0","197151.0","HADLEY WOOD BR45/BAKERS HILL","HEJ4","","","","","","","","","","","20662460","2024-11-25","","NRAIL","","","","","Down Slow","Space to park outside of access","TQ 26300 97151"
"20662463","ECM1","12.0","QE","","12.0","1200","","MAP","","525642.0","200419.0","POTTERS BAR TUNNEL","HEJ4","","","","","","","","","","","20662463","2016-11-29","","NRAIL","","","","","Up Slow","","TL 25642 00419"
"20662464","ECM1","12.088","QE","","12.088","2200","","MAP","","525210.0","201090.0","MUTTON LANE","HEJ4","","","","","","","","","","","20662464","2019-10-16","","NRAIL","","","","","Down Slow","","TL 25210 01090"
"20774839","ECM1","12.1254","QE","","12.1254","1200","","MAP","","524986.7","201358.9","Potters Bar Station Downside","HEJ4","","","","","","","","","Pedestrian, Vehicular/RRV","","20774839","2021-03-02","","NRAIL","","","","","Up Slow","Authorised Access Point.                                   OS Grid Reference TL249015.","TL 24900 01500"
"20662466","ECM1","12.1386","QE","","12.1386","1200","","MAP","","524938.0","201459.0","POTTERS BAR RELAY ROOM","HEJ4","","","","","","","","","","","20662466","2016-11-29","","NRAIL","","","","","Up Slow","","TL 24938 01459"
"20662467","ECM1","13.044","QE","","13.044","1200","","MAP","","524560.0","202104.0","POTTERS BAR FEEDER STATION","HEJ4","","","","","","","","","","","20662467","2016-11-29","","NRAIL","","","","","Up Slow","","TL 24560 02104"
"20662468","ECM1","13.088","QE","","13.088","2200","","MAP","","524385.0","202465.0","RANDALLS","HEJ4","","","","","","","","","","","20662468","2016-11-29","","NRAIL","","","","","Down Slow","","TL 24385 02465"
"20662469","ECM1","13.1694","QE","","13.1694","2200","","MAP","","524178.0","203181.0","HAWKSHEAD BRIDGE 52","HEJ4","","","","","","","","","","","20662469","2016-11-29","","NRAIL","","","","","Down Slow","","TL 24178 03181"
"20662470","ECM1","14.0154","QE","","14.0154","2200","","MAP","","524149.0","203379.0","HAWKSHEAD NORTH","HEJ4","","","","","","","","","","","20662470","2016-11-29","","NRAIL","","","","","Down Slow","","TL 24149 03379"
"20662471","ECM1","14.0726","QE","","14.0726","1200","","MAP","","524111.0","203900.0","BROOKMANS PARK STATION CAR PARK","HEJ4","","","","","","","","","","","20662471","2016-11-29","","NRAIL","","","","","Up Slow","","TL 24111 03900"
"20662472","ECM1","14.0814","QE","","14.0814","2200","","MAP","","524104.0","203980.0","BROOKMANS PARK STATION CAR PARK","HEJ4","","","","","","","","","","","20662472","2019-02-26","","NRAIL","","","","","Down Slow","","TL 24104 03980"
"20785835","ECM1","14.0818","QE","","14.0818","0","","MAP","","524090.0","204006.0","BROOKMANS PARK STN","HEJ4","","","","","","","","","","","20785835","2021-10-08","","NRAIL","","","","","All/Multiple Tracks","Loaded from AFM data after being matched AFTE with no record in NHD. Needs to be verified on site.","TL 24089 04005"
"20662473","ECM1","15.055","QE","","15.055","1200","","MAP","","523884.0","205322.0","SKIDPAN BR54","HEJ4","","","","","","","","","","","20662473","2016-11-29","","NRAIL","","","","","Up Slow","","TL 23884 05322"
"20662474","ECM1","15.11","QE","","15.11","2200","","MAP","","523625.0","205752.0","WELHAM GREEN STATION","HEJ4","","","","","","","","","","","20662474","2016-11-29","","NRAIL","","","","","Down Slow","","TL 23625 05752"
"20772438","ECM1","16.0066","QE","","16.0066","2200","","MAP","","523235.0","206288.0","MARSHMOOR","HEJ4","","","","","","","","","","","20772438","2019-06-11","","NRAIL","","","","","Down Slow","","TL 23235 06288"
"20662475","ECM1","16.0396","QE","","16.0396","1200","","MAP","","522999.0","206640.0","REDHALL BR55A","HEJ4","","","","","","","","","","","20662475","2019-02-26","","NRAIL","","","","","Up Slow","","TL 22999 06640"
"20772439","ECM1","16.1716","QE","","16.1716","1200","","MAP","","522866.0","207691.0","OXLEASE ESTATE","HEJ4","","","","","","","","","","","20772439","2019-06-11","","NRAIL","","","","","Up Slow","","TL 22866 07691"
"20662477","ECM1","17.066","QE","","17.066","1200","","MAP","","523117.0","208282.0","GRAYS GARAGE","HEJ4","","","","","","","","","","","20662477","2016-11-29","","NRAIL","","","","","Up Slow","","TL 23117 08282"
"20785836","ECM1","17.1388","QE","","17.1388","0","","MAP","","523217.0","208908.0","HATFIELD STN","HEJ4","","","","","","","","","","","20785836","2021-06-30","","NRAIL","","","","","All/Multiple Tracks","",""
"20662480","ECM1","18.044","QE","","18.044","2200","","MAP","","523185.0","209676.0","FACTORY GATE","HEJ4","","","","","","","","","","","20662480","2016-11-29","","NRAIL","","","","","Down Slow","","TL 23185 09676"
"20662481","ECM1","18.1606","QE","","18.1606","1200","","MAP","","523290.0","210723.0","WOODHALL FARM BR 65","HEJ4","","","","","","","","","","","20662481","2016-11-29","","NRAIL","","","","","Up Slow","","TL 23290 10723"
"20662483","ECM1","19.1364","QE","","19.1364","1200","","MAP","","523710.0","212045.0","BRIDGE 66A WGC FLYOVER","HEJ4","","","","","","","","","","","20662483","2016-11-29","","NRAIL","","","","","Up Slow","","TL 23710 12045"
"20772440","ECM1","19.1364","QE","","19.1364","2200","","MAP","","523710.0","212045.0","BRIDGE 66A WGC FLYOVER","HEJ4","","","","","","","","","","","20772440","2019-06-11","","NRAIL","","","","","Down Slow","","TL 23710 12045"
"20662484","ECM1","20.055","QE","","20.055","1200","","MAP","","523962.0","212876.0","WELWYN GARDEN CITY UP SIDINGS","HEJ4","","","","","","","","","","","20662484","2016-12-19","","NRAIL","","","","","Up Slow","","TL 23962 12876"
"20785837","ECM1","20.0556","QE","","20.0556","0","","MAP","","523945.0","212880.0","WELWYN GARDEN CITY STN","HEJ4","","","","","","","","","","","20785837","2021-10-08","","NRAIL","","","","","All/Multiple Tracks","Loaded from AFM data after being matched AFTE with no record in NHD. Needs to be verified on site.","TL 23945 12880"
"20662487","ECM1","20.1584","QE","","20.1584","1200","","MAP","","524222.0","213784.0","WELWYN ICI BR 68","HEJ4","","","","","","","","","","","20662487","2016-11-29","","NRAIL","","","","","Up Slow","","TL 24222 13784"
"20772442","ECM1","20.1606","QE","","20.1606","2200","","MAP","","524227.0","213804.0","WELWYN BR 68 D/S","HEJ4","","","","","","","","","","","20772442","2019-06-11","","NRAIL","","","","","Down Slow","","TL 24227 13804"
"20662488","ECM1","21.044","QE","","21.044","2100","","MAP","","524377.0","214325.0","DIGSWELL BYFIELD ROAD","HEJ4","","","","","","","","","","","20662488","2017-04-12","","NRAIL","","","","","Down Main/Fast","","TL 24377 14325"
"20772441","ECM1","21.1617","QE","","21.1617","2100","","MAP","","523803.0","212334.0","WELWYN NORTH STATION","HEJ4","","","","","","","","","","","20772441","2019-06-11","","NRAIL","","","","","Down Main/Fast","","TL 23803 12334"
"20662489","ECM1","22.0","QE","","22.0","1100","","MAP","","524705.0","215487.0","WELWYN NORTH STATION","HEJ4","","","","","","","","","","","20662489","2016-11-29","","NRAIL","","","","","Up Main/Fast","","TL 24705 15487"
"20772443","ECM1","23.0462","QE","","23.0462","1100","","MAP","","525260.0","217441.0","WELWYN NORTH TUNNEL","HEJ4","","","","","","","","","","","20772443","2019-06-11","","NRAIL","","","","","Up Main/Fast","","TL 25260 17441"
"20662490","ECM1","23.0726","QE","","23.0726","1100","","MAP","","525292.0","217682.0","ROBBERY BOTTOM VIADUCT","HEJ4","","","","","","","","","","","20662490","2016-11-29","","NRAIL","","","","","Up Main/Fast","","TL 25292 17682"
"20662491","ECM1","23.0902","QE","","23.0902","1100","","MAP","","525293.0","217844.0","OFF ROBBERY BOTTOM LANE","HEJ4","","","","","","","","","","","20662491","2021-06-23","","NRAIL","","","","","Up Main/Fast"," ","TL 25293 17844"
"20662492","ECM1","23.1342","QE","","23.1342","1100","","MAP","","525234.0","218236.0","WOOLMER GREEN","HEJ4","","","","","","","","","","","20662492","2016-11-29","","NRAIL","","","","","Up Main/Fast","","TL 25234 18236"
"20772444","ECM1","24.0132","QE","","24.0132","1200","","MAP","","525146.0","218736.0","BRIDGE ROAD","HEJ4","","","","","","","","","","","20772444","2019-06-11","","NRAIL","","","","","Up Slow","","TL 25146 18736"
"20662493","ECM1","24.11","QE","","24.11","1200","","MAP","","525037.0","219613.0","BRIDGE ROAD","HEJ4","","","","","","","","","","","20662493","2017-04-12","","NRAIL","","","","","Up Slow","","TL 25037 19613"
"20662494","ECM1","24.1166","QE","","24.1166","1200","","MAP","","525033.0","219673.0","GUN ROAD BRIDGE 77","HEJ4","","","","","","","","","","","20662494","2016-11-29","","NRAIL","","","","","Up Slow","","TL 25033 19673"
"20772445","ECM1","26.0264","QE","","26.0264","1200","","MAP","","524403.0","221978.0","LANGLEY JCN FEEDER STATION","HEJ4","","","","","","","","","","","20772445","2019-06-11","","NRAIL","","","","","Up Slow","","TL 24403 21978"
"20662496","ECM1","26.132","QE","","26.132","1200","","MAP","","523957.0","222835.0","REDLANDS","HEJ4","","","","","","","","","","","20662496","2019-05-15","","NRAIL","","","","","Up Slow","","TL 23957 22835"
"20662499","ECM1","28.022","QE","","28.022","1200","","MAP","","523155.0","224893.0","WOOLNERS WAY","HEJ4","","","","","","","","","","","20662499","2016-12-19","","NRAIL","","","","","Up Slow","","TL 23155 24893"
"20772447","ECM1","28.0528","QE","","28.0528","1200","","MAP","","523058.0","225157.0","BRIDGE ROAD BR89A","HEJ4","","","","","","","","","","","20772447","2019-06-11","","NRAIL","","","","","Up Slow","","TL 23058 25157"
"20662501","ECM1","29.022","QE","","29.022","1200","","MAP","","522473.0","226346.0","INGLESIDE DRIVE - BRIDGE 93","HEJ4","","","","","","","","","","","20662501","2017-04-12","","NRAIL","","","","","Up Slow","","TL 22473 26346"
"20662502","ECM1","29.165","QE","","29.165","2200","","MAP","","521700.0","227390.0","LITTLE WYMONDLEY","HEJ4","","","","","","","","","","","20662502","2017-04-12","","NRAIL","","","","","Down Slow","Little Wymondley access point is a sensitive issue with our line side neighbours. Please be aware of this issue and be courteous at all times. Keep ALL noise to an absolute minimum. Karen Noonan 18.5.07 01904 382025","TL 21700 27390"
"120000096","ECM1","29.1727","QE","","29.1727","1200","","MAP","","521661.0","227447.0","Stevenage Road","HEJ4","","","","","","","","","","","120000096","2024-12-18","","","","","","","Up Slow","///grab.flash.exact",""
"20662503","ECM1","30.0858","QE","","30.0858","2200","","MAP","","521065.0","228009.0","ARCH ROAD, WYMONDLEY - BRIDGE 97","HEJ4","","","","","","","","","","","20662503","2017-04-12","","NRAIL","","","","","Down Slow","","TL 21065 28009"
"20662504","ECM1","30.132","QE","","30.132","2200","","MAP","","520762.0","228305.0","GYPSY LANE BRIDGE 98","HEJ4","","","","","","","","","","","20662504","2016-11-29","","NRAIL","","","","","Down Slow","ACCESS VIA TRACK FROM ARCH ROAD AT GRID REF TL209278","TL 20762 28305"
"20662505","ECM1","31.0374","QE","","31.0374","2200","","MAP","","520233.0","228824.0","WYMONDLEY ROAD - BRIDGE 99","HEJ4","","","","","","","","","","","20662505","2017-04-12","","NRAIL","","","","","Down Slow","","TL 20233 28824"
"20662509","ECM1","31.1694","QE","","31.1694","2200","","MAP","","519454.0","229736.0","HITCHIN STATION","HEJ4","","","","","","","","","","","20662509","2017-04-12","","NRAIL","","","","","Down Slow","","TL 19454 29736"
"20772449","ECM1","32.0","QE","","32.0","2200","","MAP","","519419.0","229784.0","HITCHIN RELAY ROOM","HEJ4","","","","","","","","","","","20772449","2019-06-11","","NRAIL","","","","","Down Slow","","TL 19419 29784"
"20772450","ECM1","32.0264","QE","","32.0264","2200","","MAP","","519372.0","229848.0","HITCHIN PWAY YARD D/S","HEJ4","","","","","","","","","","","20772450","2019-06-11","","NRAIL","","","","","Down Slow","","TL 19372 29848"
"20775379","ECM1","32.143","QE","","32.143","2200","","MAP","","518815.0","230928.0","Burymead Springs/Cadwell Lane","HEJ4","","","","","","","","","","","20775379","2021-06-23","","NRAIL","","","","","Down Slow","Pedestrian access","TL 18815 30928"
"20662511","ECM1","32.1474","QE","","32.1474","1200","","MAP","","518822.0","230979.0","CADWELL LANE GASWORKS","HEJ4","","","","","","","","","","","20662511","2016-11-29","","NRAIL","","","","","Up Slow","","TL 18822 30979"
"20784128","ECM1","33.132","QE","","33.132","1200","","MAP","","518839.1","232492.4","Cadwell Yard","HEJ4","","","","","","","","","","","20784128","2022-09-20","","NRAIL","","","","","Up Slow","Access point already in situ utilised by renewals works in the area. Proposal to leave the access point in situ following works completion for maintenance access purposes. This will enhance safe access to the track for maintenance staff with off road parking area also available. There is vehicular access to the compound and pedestrian access onto the running lines. The first line at the top of the steps is the up slow at 80mph followed by the up fast at 125mph.  ~
Due to restricted sighting <HCF> available from the decision point at the top of the steps 2 metres from the track, the required sighting distance cannot be achieved, therefore the following restriction applys: A COSS/IWA may not work alone in a warning SSOW. A distant/intermediate lookout would be required to achieve adequate sighting for work taking place within an unassisted lookout SSOW.","TL 18839 32492"
"20785838","ECM1","37.0074","QE","","37.0074","0","","MAP","","519047.0","237800.0","ARLESEY STN","HEJ4","","","","","","","","","","","20785838","2021-10-08","","NRAIL","","","","","All/Multiple Tracks","Loaded from AFM data after being matched AFTE with no record in NHD. Needs to be verified on site.","TL 19047 37800"
"20662518","ECM1","37.1672","QE","","37.1672","2200","","MAP","","519150.0","239188.0","K743/K745 SIGNALS","HEJ4","","","","","","","","","","","20662518","2017-04-12","","NRAIL","","","","","Down Slow","ACCESS VIA TRACK FROM CAMBRIDGE ROAD, LANGFORD AT GRID REF TL190402","TL 19150 39188"
"20662520","ECM1","38.1342","QE","","38.1342","2200","","MAP","","519190.0","240495.0","JIGGS LANE LC","HEJ4","","","","","","","","","","","20662520","2019-10-16","","NRAIL","","","","","Down Slow","","TL 19190 40495"
"20662521","ECM1","39.0748","QE","","39.0748","1200","","MAP","","519223.0","241549.0","EAST ROAD LANGFORD LC","HEJ4","","","","","","","","","","","20662521","2019-10-16","","NRAIL","","","","","Up Slow","","TL 19223 41549"
"20772456","ECM1","39.1562","QE","","39.1562","1200","","MAP","","519247.0","242306.0","PUBLIC BRIDLEWAY NO 54","HEJ4","","","","","","","","","","","20772456","2019-10-16","","NRAIL","","","","","Up Slow","","TL 19247 42306"
"20772457","ECM1","40.0308","QE","","40.0308","1200","","MAP","","519261.0","242767.0","PRIMROSE LC","HEJ4","","","","","","","","","","","20772457","2019-10-16","","NRAIL","","","","","Up Slow","","TL 19261 42767"
"20772458","ECM1","40.0924","QE","","40.0924","2200","","MAP","","519280.0","243331.0","COW CLOSE","HEJ4","","","","","","","","","","","20772458","2019-06-11","","NRAIL","","","","","Down Slow","","TL 19280 43331"
"20772459","ECM1","40.0924","QE","","40.0924","1100","","MAP","","519280.0","243331.0","COW CLOSE","HEJ4","","","","","","","","","","","20772459","2019-06-11","","NRAIL","","","","","Up Main/Fast","","TL 19280 43331"
"20772460","ECM1","40.1254","QE","","40.1254","2200","","MAP","","519288.0","243635.0","ELDON WAY IND ESTATE","HEJ4","","","","","","","","","","","20772460","2019-06-11","","NRAIL","","","","","Down Slow","","TL 19288 43635"
"20772461","ECM1","40.1298","QE","","40.1298","1200","","MAP","","519290.0","243675.0","BIGGLESWADE FEEDER STATION","HEJ4","","","","","","","","","","","20772461","2019-06-11","","NRAIL","","","","","Up Slow","","TL 19290 43675"
"20662524","ECM1","41.0242","QE","","41.0242","1200","","MAP","","519072.0","245915.0","LINDSELLS OC NO 42","HEJ4","","","","","","","","","","","20662524","2019-10-16","","NRAIL","","","","","Up Slow","","TL 19072 45915"
"20662525","ECM1","42.1342","QE","","42.1342","1200","","MAP","","518789.0","246873.0","BIGGLESWADE WASTE TREATMENT PLANT","HEJ4","","","","","","","","","","","20662525","2019-06-11","","NRAIL","","","","","Up Slow","","TL 18789 46873"
"20787513","ECM1","43.11","QE","","43.11","0","","MAP","","517659.0","249502.0","#58 SANDY SOUTH JUNCTION","HEJ2","","","","","","","","","","","20787513","2022-08-18","","NRAIL","","","","","All/Multiple Tracks","CTLP Site. Confirm before use.",""
"20785839","ECM1","44.0198","QE","","44.0198","0","","MAP","","517773.0","248782.0","SANDY STN","HEJ2","","","","","","","","","","","20785839","2021-10-08","","NRAIL","","","","","All/Multiple Tracks","Loaded from AFM data after being matched AFTE with no record in NHD. Needs to be verified on site.","TL 17773 48781"
"20772055","ECM1","44.1034","QE","","44.1034","1200","","MAP","","517647.0","249530.0","BRIDGE 121","HEJ2","","","","","","","","","","","20772055","2016-11-29","","NRAIL","","","","","Up Slow","GN7075 CREATING ASSETS 31/10/07 AS","TL 17647 49530"
"20662528","ECM1","44.1496","QE","","44.1496","1200","","MAP","","517646.0","249954.0","Sandy North Points","HEJ2","","","","","","","","","","","20662528","2016-11-29","","NRAIL","","","","","Up Slow","","TL 17646 49954"
"20787514","ECM1","44.1518","QE","","44.1518","0","","MAP","","517859.0","248483.0","#66 SANDY NORTH JUNCTION","HEJ2","","","","","","","","","","","20787514","2022-08-18","","NRAIL","","","","","All/Multiple Tracks","CTLP Site. Confirm before use.",""
"20662529","ECM1","45.0","QE","","45.0","1200","","MAP","","517648.0","250197.0","P270 Sandy Upside","HEJ2","","","","","","","","","","","20662529","2016-11-29","","NRAIL","","","","","Up Slow","","TL 17648 50197"
"20662530","ECM1","45.0374","QE","","45.0374","1200","","MAP","","517651.0","250539.0","Bridge 122 Sandy Upside","HEJ2","","","","","","","","","","","20662530","2016-11-29","","NRAIL","","","","","Up Slow","","TL 17651 50539"
"20662531","ECM1","45.0924","QE","","45.0924","1200","","MAP","","517659.0","251042.0","Bridge 123 New Zealand","HEJ2","","","","","","","","","","","20662531","2016-11-29","","NRAIL","","","","","Up Slow","","TL 17659 51042"
"20772462","ECM1","46.0682","QE","","46.0682","2200","","MAP","","517815.0","252420.0","EVERTON CCTV L/C","HEJ2","","","","","","","","","","","20772462","2019-06-11","","NRAIL","","","","","Down Slow","","TL 17815 52420"
"20772463","ECM1","47.0836","QE","","47.0836","2200","","MAP","","518030.0","254158.0","TEMPLESFORD CCTV L/C","HEJ2","","","","","","","","","","","20772463","2019-06-11","","NRAIL","","","","","Down Slow","","TL 18030 54158"
"20790532","ECM1","47.0836","QE","","47.0836","0","","MAP","","518027.0","254158.0","#76 TEMPSFORD","HEJ2","","","","","","","","","","","20790532","2024-05-30","","NRAIL","","","","","All/Multiple Tracks","CTLP Site. Confirm before use.",""
"20772464","ECM1","48.0352","QE","","48.0352","2200","","MAP","","518174.0","255315.0","SHERIFFS OLD CROSSING","HEJ2","","","","","","","","","","","20772464","2019-06-11","","NRAIL","","","","","Down Slow","","TL 18174 55315"
"20769120","ECM1","49.0176","QE","","49.0176","2200","","MAP","","518367.0","256749.0","Bridge 127","HEJ2","","","","","","","","","","","20769120","2016-11-29","","NRAIL","","","","","Down Slow","","TL 18367 56749"
"20662535","ECM1","49.1584","QE","","49.1584","2200","","MAP","","518768.0","257971.0","Little Barford","HEJ2","","","","","","","","","","","20662535","2016-11-29","","NRAIL","","","","","Down Slow","","TL 18768 57971"
"20787548","ECM1","49.1584","QE","","49.1584","0","","MAP","","518766.0","257987.0","#68 LITTLE BARFORD","HEJ2","","","","","","","","","","","20787548","2022-08-18","","NRAIL","","","","","All/Multiple Tracks","CTLP Site. Confirm before use.",""
"20662536","ECM1","50.0594","QE","","50.0594","1200","","MAP","","519019.0","258630.0","Potton Road Bridge 128","HEJ2","","","","","","","","","","","20662536","2016-11-29","","NRAIL","","","","","Up Slow","","TL 19019 58630"
"20662537","ECM1","50.1034","QE","","50.1034","1200","","MAP","","519163.0","259007.0","Howitts Lane","HEJ2","","","","","","","","","","","20662537","2016-11-29","","NRAIL","","","","","Up Slow","","TL 19163 59007"
"20662539","ECM1","51.0242","QE","","51.0242","1200","","MAP","","519477.0","259832.0","Gracies Factory","HEJ2","","","","","","","","","","","20662539","2016-11-30","","NRAIL","","","","","Up Slow","","TL 19477 59832"
"20772466","ECM1","51.0858","QE","","51.0858","1200","","MAP","","519677.0","260357.0","ST NEOTS RELAY ROOM","HEJ2","","","","","","","","","","","20772466","2019-06-11","","NRAIL","","","","","Up Slow","","TL 19677 60357"
"20772467","ECM1","51.1056","QE","","51.1056","2200","","MAP","","519742.0","260527.0","ST NEOTS DOWN SIDING","HEJ2","","","","","","","","","","","20772467","2019-06-11","","NRAIL","","","","","Down Slow","","TL 19742 60527"
"20785840","ECM1","51.1307","QE","","51.1307","0","","MAP","","519805.0","260708.0","ST NEOTS STN","HEJ2","","","","","","","","","","","20785840","2021-10-08","","NRAIL","","","","","All/Multiple Tracks","Loaded from AFM data after being matched AFTE with no record in NHD. Needs to be verified on site.","TL 19804 60708"
"20772468","ECM1","51.1408","QE","","51.1408","2200","","MAP","","519763.0","260583.0","ST NEOTS TAXI","HEJ2","","","","","","","","","","","20772468","2019-06-11","","NRAIL","","","","","Down Slow","","TL 19763 60583"
"20790533","ECM1","52.1276","QE","","52.1276","0","","MAP","","520163.0","262298.0","#74 SKEW BRIDGE <BRIDGE 135>","HEJ2","","","","","","","","","","","20790533","2024-05-30","","NRAIL","","","","","All/Multiple Tracks","CTLP Site. Confirm before use.",""
"20662544","ECM1","52.1298","QE","","52.1298","2200","","MAP","","520178.0","262300.0","Bridge 135 Skew","HEJ2","","","","","","","","","","","20662544","2023-01-25","","NRAIL","","","","","Down Slow","CTLP Site. Confirm before use.","TL 20178 62300"
"20788770","ECM1","52.1298","QE","","52.1298","2200","","MAP","","520178.0","262300.0","Bridge 135 Skew","HEJ2","","","","","","","","","","","20788770","2023-01-25","","NRAIL","","","","","Down Slow","","TL 20178 62300"
"20783847","ECM1","52.1562","QE","","52.1562","2200","","MAP","","519335.0","259455.0","LOVE LANE","HEJ2","","","","","","","","","","","20783847","2020-02-05","","NRAIL","","","","","Down Slow","",""
"20662545","ECM1","53.0796","QE","","53.0796","1200","","MAP","","520595.0","263365.0","River Lane","HEJ2","","","","","","","","","","","20662545","2023-07-24","","NRAIL","","","","","Up Slow","Off Paxton Hill Rd B1043. Unverified use with caution.","TL 20617 63459"
"20789528","ECM1","53.0902","QE","","53.0902","1200","","MAP","","520617.0","263459.0","Bridge 136 Paxton River Lane","HEJ2","","","","","","","","","","","20789528","2023-07-24","","NRAIL","","","","","Up Slow","","TL 20617 63459"
"20787515","ECM1","54.0154","QE","","54.0154","0","","MAP","","520911.0","264353.0","#69 OFFORD <CARDELL?S>","HEJ2","","","","","","","","","","","20787515","2022-08-18","","NRAIL","","","","","All/Multiple Tracks","CTLP Site. Confirm before use.",""
"20772476","ECM1","56.1584","QE","","56.1584","1200","","MAP","","521793.0","267107.0","OFFORD CCTV L/C","HEJ2","","","","","","","","","","","20772476","2019-06-11","","NRAIL","","","","","Up Slow","","TL 21793 67107"
"20772057","ECM1","57.0975","QE","","57.0975","1200","","MAP","","522631.0","269630.0","BUDGE BRIDGE","HEJ2","","","","","","","","","","","20772057","2016-11-30","","NRAIL","","","","","Up Slow","GN7075 CREATING ASSETS 31/10/07 AS","TL 22631 69630"
"20662552","ECM1","57.099","QE","","57.099","1200","","MAP","","522636.0","269644.0","Bridge 140 Berry Lane","HEJ2","","","","","","","","","","","20662552","2016-11-30","","NRAIL","","","","","Up Slow","","TL 22636 69644"
"20662554","ECM1","57.165","QE","","57.165","1200","","MAP","","522831.0","270215.0","Bridge 142 Berry Lane","HEJ2","","","","","","","","","","","20662554","2016-11-30","","NRAIL","","","","","Up Slow","","TL 22831 70215"
"20662555","ECM1","58.0396","QE","","58.0396","1200","","MAP","","522979.0","270653.0","Bridge 144 Ouse","HEJ2","","","","","","","","","","","20662555","2016-11-30","","NRAIL","","","","","Up Slow","","TL 22979 70653"
"20662556","ECM1","58.055","QE","","58.055","1200","","MAP","","523024.0","270786.0","Bromholme Lane Upside","HEJ2","","","","","","","","","","","20662556","2022-11-07","","NRAIL","","","","","Up Slow","","TL 23024 70786"
"20788369","ECM1","58.055","QE","","58.055","2200","","MAP","","523024.0","270786.0","Bromholme Lane Downside","HEJ2","","","","","","","","","","","20788369","2022-11-07","","NRAIL","","","","","Down Slow","","TL 23024 70786"
"20662557","ECM1","58.1276","QE","","58.1276","1200","","MAP","","523225.0","271417.0","Huntingdon Station","HEJ2","","","","","","","","","","","20662557","2019-06-11","","NRAIL","","","","","Up Slow","","TL 23225 71417"
"20786114","ECM1","58.1505","QE","","58.1505","1200","","MAP","","523281.0","271618.0","HUNTINGDON STATION","HEJ2","","","","","","","","","","","20786114","2021-10-08","","NRAIL","","","","","Up Slow","Loaded from AFM data after being matched AFTE with no record in NHD. Needs to be verified on site.","TL 23281 71617"
"20769114","ECM1","58.1713","QE","","58.1713","2200","","MAP","","523304.0","271807.0","Huntingdon D/Siding","HEJ2","","","","","","","","","","","20769114","2016-11-30","","NRAIL","","","","","Down Slow","","TL 23304 71807"
"20772480","ECM1","59.0594","QE","","59.0594","2200","","MAP","","523383.0","272389.0","BRIDGE 150","HEJ2","","","","","","","","","","","20772480","2019-06-11","","NRAIL","","","","","Down Slow","","TL 23383 72389"
"20662559","ECM1","59.0616","QE","","59.0616","1100","","MAP","","523386.0","272409.0","Bridge 150","HEJ2","","","","","","","","","","","20662559","2016-11-30","","NRAIL","","","","","Up Main/Fast","","TL 23386 72409"
"20769115","ECM1","59.1738","QE","","59.1738","1200","","MAP","","523308.0","271829.0","Huntingdon RR","HEJ2","","","","","","","","","","","20769115","2019-02-27","","NRAIL","","","","","Up Slow","","TL 23308 71829"
"20662560","ECM1","60.088","QE","","60.088","1100","","MAP","","523633.0","274243.0","Bridge 152 Huntingdon Watertower","HEJ2","","","","","","","","","","","20662560","2016-11-30","","NRAIL","","","","","Up Main/Fast","","TL 23633 74243"
"20788771","ECM1","61.0704","QE","","61.0704","1100","","MAP","","523456.0","275655.0","BRIDGE 154 GIFFORDS","HEJ2","","","","","","","","","","","20788771","2023-01-25","","NRAIL","","","","","Up Main/Fast","GN7075 CREATING ASSETS 31/10/07 AS","TL 23456 75655"
"20772063","ECM1","61.0814","QE","","61.0814","1100","","MAP","","523418.0","275748.0","STUKELY P360 SIG","HEJ2","","","","","","","","","","","20772063","2023-01-25","","NRAIL","","","","","Up Main/Fast","CTLP Site. Confirm before use.",""
"20790534","ECM1","61.0836","QE","","61.0836","0","","MAP","","523454.0","275687.0","#75 STUKELY","HEJ2","","","","","","","","","","","20790534","2024-05-30","","NRAIL","","","","","All/Multiple Tracks","CTLP Site. Confirm before use.",""
"20772066","ECM1","62.1298","QE","","62.1298","1100","","MAP","","522641.0","277645.0","WHITE HOUSE CROSSING SOUTH","HEJ2","","","","","","","","","","","20772066","2016-11-30","","NRAIL","","","","","Up Main/Fast","GN7075 CREATING ASSETS 31/10/07 AS","TL 22641 77645"
"20772064","ECM1","62.132","QE","","62.132","1100","","MAP","","522634.0","277664.0","WHITE HOUSE CROSSING NORTH","HEJ2","","","","","","","","","","","20772064","2016-11-30","","NRAIL","","","","","Up Main/Fast","GN7075 CREATING ASSETS 31/10/07 AS","TL 22634 77664"
"20772068","ECM1","64.0044","QE","","64.0044","1100","","MAP","","521859.0","279565.0","BRIDGE 157 NEW ENGLAND","HEJ2","","","","","","","","","","","20772068","2016-11-30","","NRAIL","","","","","Up Main/Fast","GN7075 CREATING ASSETS 31/10/07 AS","TL 21859 79565"
"20787516","ECM1","64.1034","QE","","64.1034","0","","MAP","","521377.0","280724.0","#65 WOODWALTON FTN","HEJ2","","","","","","","","","","","20787516","2022-08-18","","NRAIL","","","","","All/Multiple Tracks","CTLP Site. Confirm before use.",""
"20662567","ECM1","64.1434","QE","","64.1434","2200","","MAP","","521375.0","280740.0","Bridge 159 Woodwalton","HEJ2","","","","","","","","","","","20662567","2016-11-30","","NRAIL","","","","","Down Slow","","TL 21375 80740"
"20772069","ECM1","65.0468","QE","","65.0468","2200","","MAP","","521059.0","281394.0","BRIDGE 160 GREEN LANE DOWNSIDE","HEJ2","","","","","","","","","","","20772069","2016-11-30","","NRAIL","","","","","Down Slow","GN7075 CREATING ASSETS 31/10/07 AS","TL 21059 81394"
"20769111","ECM1","65.048","QE","","65.048","1100","","MAP","","521054.0","281404.0","Bridge 160 Green Lane Up","HEJ2","","","","","","","","","","","20769111","2016-11-30","","NRAIL","","","","","Up Main/Fast","","TL 21054 81404"
"20772070","ECM1","66.0704","QE","","66.0704","1200","","MAP","","520269.0","283039.0","SOUTH ENTRANCE CONNINGTON TIP","HEJ2","","","","","","","","","","","20772070","2016-11-30","","NRAIL","","","","","Up Slow","GN7075 CREATING ASSETS 31/10/07 AS","TL 20269 83039"
"20787517","ECM1","66.077","QE","","66.077","0","","MAP","","520264.0","283076.0","#67 CONNINGTON TIP","HEJ2","","","","","","","","","","","20787517","2022-08-18","","NRAIL","","","","","All/Multiple Tracks","CTLP Site. Confirm before use.",""
"20772071","ECM1","67.0623","QE","","67.0623","2200","","MAP","","520025.0","284545.0","CONNINGTON TIP N","HEJ2","","","","","","","","","","","20772071","2019-07-02","","NRAIL","","","","","Down Slow","GN7075 CREATING ASSETS 31/10/07 AS","TL 20025 84545"
"20662571","ECM1","68.033","QE","","68.033","2200","","MAP","","519910.0","286160.0","Connington CCTV L/C North Gate","HEJ2","","","","","","","","","","","20662571","2019-05-21","","NRAIL","","","","","Down Slow","","TL 19910 86160"
"20772072","ECM1","68.0603","QE","","68.0603","2200","","MAP","","519912.0","286133.0","CONNINGTON CCTV L/C SOUTH GATE","HEJ2","","","","","","","","","","","20772072","2016-11-30","","NRAIL","","","","","Down Slow","GN7075 CREATING ASSETS 31/10/07 AS","TL 19912 86133"
"20662572","ECM1","69.055","QE","","69.055","2100","","MAP","","519808.0","287696.0","Holme CCTV L/C","HEJ2","","","","","","","","","","","20662572","2019-05-21","","NRAIL","","","","","Down Main/Fast","","TL 19808 87696"
"20772076","ECM1","69.0594","QE","","69.0594","2100","","MAP","","519806.0","287732.0","HOLME BOX P-WAY GATE","HEJ2","","","","","","","","","","","20772076","2016-11-30","","NRAIL","","","","","Down Main/Fast","GN7075 CREATING ASSETS 31/10/07 AS","TL 19806 87732"
"20772077","ECM1","69.0616","QE","","69.0616","2100","","MAP","","519804.0","287752.0","HOLME BOX PWAY ENTRANCE","HEJ2","","","","","","","","","","","20772077","2016-11-30","","NRAIL","","","","","Down Main/Fast","GN7075 CREATING ASSETS 31/10/07 AS","TL 19804 87752"
"20662576","ECM1","72.0198","QE","","72.0198","1100","","MAP","","519500.0","292185.0","Bridge 175 Fen Arch","HEJ2","","","","","","","","","","","20662576","2016-11-30","","NRAIL","","","","","Up Main/Fast","","TL 19500 92185"
"20787518","ECM1","72.1166","QE","","72.1166","0","","MAP","","519410.0","293025.0","#57 YAXLEY","HEJ2","","","","","","","","","","","20787518","2022-08-18","","NRAIL","","","","","All/Multiple Tracks","CTLP Site. Confirm before use.",""
"20782610","ECM1","74.1078","QE","","74.1078","2100","","MAP","","519111.5","296184.0","Hicks Lane","HEJ2","","","","","","","","","","","20782610","2021-06-22","","NRAIL","","","","","Down Main/Fast","Pallisade fence and gate arrangement with concrete steps and full handrail. In good condition and maintained. Appears to have been missed from the Hazard Directory and requires adding.",""
"20787519","ECM1","75.0044","QE","","75.0044","0","","MAP","","519193.0","297264.0","#50 FLETTON JUNCTION","HEJ2","","","","","","","","","","","20787519","2022-08-18","","NRAIL","","","","","All/Multiple Tracks","CTLP Site. Confirm before use.",""
"20786117","ECM1","75.0506","QE","","75.0506","1200","","MAP","","519193.0","297264.0","FELLOWES GARDENS","HEJ2","","","","","","","","","","","20786117","2021-10-08","","NRAIL","","","","","Up Slow","Loaded from AFM data after being matched AFTE with no record in NHD. Needs to be verified on site.","TL 19192 97264"
"20769108","ECM1","75.1232","QE","","75.1232","2200","","MAP","","519119.0","297920.0","Bridge 183","HEJ2","","","","","","","","","","","20769108","2016-11-30","","NRAIL","","","","","Down Slow","","TL 19119 97920"
"20769107","ECM1","75.132","QE","","75.132","2200","","MAP","","519091.0","297996.0","Fair Meadow","HEJ2","","","","","","","","","","","20769107","2016-11-30","","NRAIL","","","","","Down Slow","","TL 19091 97996"
"20772485","ECM1","75.1593","QE","","75.1593","1200","","MAP","","518989.0","298224.0","BRIDGE 184 FURNITURE LAND","HEJ2","","","","","","","","","","","20772485","2019-06-11","","NRAIL","","","","","Up Slow","","TL 18989 98224"
"20787520","ECM1","75.1606","QE","","75.1606","0","","MAP","","519005.0","298214.0","#59 BRIDGE 184 NORTH [UP LINES]","HEJ2","","","","","","","","","","","20787520","2022-08-18","","NRAIL","","","","","All/Multiple Tracks","CTLP Site. Confirm before use.",""
"20769104","ECM1","76.0396","QE","","76.0396","2200","","MAP","","518745.0","298678.0","River Lane","HEJ2","","","","","","","","","","","20769104","2016-11-30","","NRAIL","","","","","Down Slow","","TL 18745 98678"
"20772488","ECM1","76.0432","QE","","76.0432","2201","","MAP","","518730.0","298707.0","SMITHS SIDINGS","HEJ2","","","","","","","","","","","20772488","2019-06-11","","NRAIL","","","","","","","TL 18730 98707"
"20786118","ECM1","76.0638","QE","","76.0638","1200","","MAP","","518672.0","298887.0","PETERBOROUGH STN Platform 4","HEJ2","","","","","","","","","","","20786118","2023-03-27","","NRAIL","","","","","Up Slow","Peterborough Station Platform 4 , up walking route to Nene Sifdings.","TL 18671 98887"
"20788058","ECM1","76.0638","QE","","76.0638","2200","","MAP","","518672.0","298887.0","NENE WALKING ROUTE - PBORO STN","HEJ2","","","","","","","","","","","20788058","2023-03-27","","NRAIL","","","","","Down Slow","Access from Platform 4, access via walking route.","TL 18671 98887"
"20789148","ECM1","76.0638","QE","","76.0638","1200","","MAP","","518672.0","298887.0","PETERBOROUGH STN","HEJ2","","","","","","","","","","","20789148","2023-03-27","","NRAIL","","","","","Up Slow","Loaded from AFM data after being matched AFTE with no record in NHD. Needs to be verified on site.","TL 18671 98887"
"20662582","ECM1","76.088","QE","","76.088","1200","","MAP","","518568.0","299084.0","Mayors Walk","HEJ2","","","","","","","","","","","20662582","2016-11-30","","NRAIL","","","","","Up Slow","","TL 18568 99084"
"20769103","ECM1","76.0924","QE","","76.0924","1200","","MAP","","518551.0","299121.0","Mayors Walk Gate","HEJ2","","","","","","","","","","","20769103","2021-06-22","","NRAIL","","","","","Up Slow"," ","TL 18551 99121"
"20772489","ECM1","76.099","QE","","76.099","3700","","MAP","","518527.0","299176.0","TEST TRACK","HEJ2","","","","","","","","","","","20772489","2021-06-22","","NRAIL","","","","","Rev Crossover"," ","TL 18527 99176"
"20662583","ECM1","76.1078","QE","","76.1078","2201","","MAP","","518497.0","299251.0","Powerbox Access Handgate","HEJ2","","","","","","","","","","","20662583","2019-02-27","","NRAIL","","","","","","","TL 18497 99251"
"20772490","ECM1","76.1078","QE","","76.1078","2202","","MAP","","518497.0","299251.0","SPITTAL TAMPER SIDINGS","HEJ2","","","","","","","","","","","20772490","2019-06-11","","NRAIL","","","","","","","TL 18497 99251"
"20787549","ECM1","76.1078","QE","","76.1078","0","","MAP","","518513.0","299275.0","#71 SPITAL BRIDGE","HEJ2","","","","","","","","","","","20787549","2022-08-18","","NRAIL","","","","","All/Multiple Tracks","CTLP Site. Confirm before use.",""
"20772493","ECM1","76.1525","QE","","76.1525","1202","","MAP","","518344.0","299627.0","TOYS R US SPITTAL","HEJ2","","","","","","","","","","","20772493","2019-06-11","","NRAIL","","","","","","","TL 18344 99627"
"20772492","ECM1","76.1531","QE","","76.1531","1200","","MAP","","518342.0","299632.0","TOYS R US FREIGHT","HEJ2","","","","","","","","","","","20772492","2019-06-11","","NRAIL","","","","","Up Slow","","TL 18342 99632"
"20772495","ECM1","77.0752","QE","","77.0752","1900","","MAP","","517997.0","300460.0","MASKEW AVENUE","HEJ2","","","","","","","","","","","20772495","2019-06-11","","NRAIL","","","","","Up Siding","","TF 17997 00460"
"20787521","ECM1","78.1122","QE","","78.1122","0","","MAP","","516979.0","302135.0","#61 WALTON OLD BOX","HEJ2","","","","","","","","","","","20787521","2022-08-18","","NRAIL","","","","","All/Multiple Tracks","CTLP Site. Confirm before use.",""
"20772501","ECM1","79.0396","QE","","79.0396","1200","","MAP","","516310.0","302769.0","DUKESHEAD WERRINGTON","HEJ2","","","","","","","","","","","20772501","2021-06-23","","NRAIL","","","","","Up Slow"," ","TF 16310 02769"
"20786498","ECM1","79.1121","QE","","79.1121","1200","","MAP","","515800.0","303200.0","WERRINGTON JUNCTION","HEJ2","","","","","","","","","","","20786498","2022-01-18","","NRAIL","","","","","Up Slow","Werrington Junction",""
"20772498","ECM1","79.1166","QE","","79.1166","2200","","MAP","","516955.0","302142.0","BRIDGE 188E BRETTON FOOTBRIDGE","HEJ2","","","","","","","","","","","20772498","2019-06-11","","NRAIL","","","","","Down Slow","","TF 16955 02142"
"20779811","ECM1","80.0396","QE","","80.0396","1200","","MAP","","515147.0","303880.0","BRIDGE 188E BRETTON FOOTBRIDGE","HEJ2","","","","","","","","","","","20779811","2017-02-07","","NRAIL","","","","","Up Slow","","TF 15103 80000"
"20772503","ECM1","81.0044","QE","","81.0044","1200","","MAP","","514208.0","304764.0","WATERWORKS LANE","HEJ2","","","","","","","","","","","20772503","2019-06-11","","NRAIL","","","","","Up Slow","","TF 14208 04764"
"20787550","ECM1","81.0044","QE","","81.0044","0","","MAP","","514222.0","304772.0","#62 WATERWORKS LANE","HEJ2","","","","","","","","","","","20787550","2022-08-18","","NRAIL","","","","","All/Multiple Tracks","CTLP Site. Confirm before use.",""
"20772504","ECM1","81.0528","QE","","81.0528","1200","","MAP","","513875.0","305051.0","WOODCROFT L/C","HEJ2","","","","","","","","","","","20772504","2019-06-11","","NRAIL","","","","","Up Slow","","TF 13875 05051"
"20769096","ECM1","81.143","QE","","81.143","2200","","MAP","","513187.0","305522.0","1280 Points","HEJ2","","","","","","","","","","","20769096","2016-11-30","","NRAIL","","","","","Down Slow","","TF 13187 05522"
"20662592","ECM1","81.154","QE","","81.154","1200","","MAP","","513103.0","305572.0","Helpston Handgate","HEJ2","","","","","","","","","","","20662592","2019-02-26","","NRAIL","","","","","Up Slow","","TF 13103 05572"
"20772505","ECM1","83.0836","QE","","83.0836","1200","","MAP","","512209.0","305966.0","MAXEY CCTV L/C","HEJ2","","","","","","","","","","","20772505","2019-11-05","","NRAIL","","","","","Up Slow","","TF 12209 05966"
"20785741","ECM1","84.0828","QE","","84.0828","2200","","MAP","","509976.0","308218.0","ECM1 84M 38CH XING NO.116","HEJ2","","","","","","","","","","","20785741","2023-05-31","","NRAIL","","","","","Down Slow","",""
"20787522","ECM1","84.088","QE","","84.088","0","","MAP","","509976.0","308229.0","#60 TALLINGTON SOUTH","HEJ2","","","","","","","","","","","20787522","2022-08-18","","NRAIL","","","","","All/Multiple Tracks","CTLP Site. Confirm before use.",""
"20772510","ECM1","84.1408","QE","","84.1408","2200","","MAP","","509560.0","308550.0","TALLINGTON CCTV L/C","HEJ2","","","","","","","","","","","20772510","2019-10-16","","NRAIL","","","","","Down Slow","","TF 09560 08550"
"20772511","ECM1","85.0088","QE","","85.0088","2200","","MAP","","509239.0","308792.0","TALLINGTON TARMAC LC","HEJ2","","","","","","","","","","","20772511","2019-06-11","","NRAIL","","","","","Down Slow","","TF 09239 08792"
"20662597","ECM1","86.066","QE","","86.066","2200","","MAP","","507528.0","310059.0","Bridge 196 Casewick","HEJ2","","","","","","","","","","","20662597","2016-11-30","","NRAIL","","","","","Down Slow","","TF 07528 10059"
"20772513","ECM1","87.0176","QE","","87.0176","1200","","MAP","","506589.0","310752.0","GREATFORD CCTV L/C","HEJ2","","","","","","","","","","","20772513","2021-03-10","","NRAIL","","","","","Up Slow","","TF 06589 10752"
"20662599","ECM1","87.0902","QE","","87.0902","2200","","MAP","","506054.0","311148.0","Bridge 197A Banthorpe","HEJ2","","","","","","","","","","","20662599","2016-11-30","","NRAIL","","","","","Down Slow","","TF 06054 11148"
"20787523","ECM1","88.1122","QE","","88.1122","0","","MAP","","504640.0","312439.0","#52 ESSENDINE YARD ","HEJ2","","","","","","","","","","","20787523","2022-08-18","","NRAIL","","","","","All/Multiple Tracks","CTLP Site. Confirm before use.",""
"20772514","ECM1","88.1232","QE","","88.1232","1200","","MAP","","504640.0","312422.0","ESSENDINE OLD STATION","HEJ2","","","","","","","","","","","20772514","2019-06-11","","NRAIL","","","","","Up Slow","","TF 04640 12422"
"20787524","ECM1","89.0528","QE","","89.0528","0","","MAP","","504057.0","313252.0","#72 BOY?S GRAVE","HEJ2","","","","","","","","","","","20787524","2022-08-18","","NRAIL","","","","","All/Multiple Tracks","CTLP Site. Confirm before use.",""
"20772515","ECM1","89.0594","QE","","89.0594","2200","","MAP","","504059.0","313266.0","BOYS GRAVE","HEJ2","","","","","","","","","","","20772515","2019-06-11","","NRAIL","","","","","Down Slow","","TF 04059 13266"
"20769095","ECM1","89.1078","QE","","89.1078","2200","","MAP","","503826.0","313643.0","Bridge 204","HEJ2","","","","","","","","","","","20769095","2016-11-30","","NRAIL","","","","","Down Slow","","TF 03826 13643"
"20772516","ECM1","89.1078","QE","","89.1078","1200","","MAP","","503826.0","313643.0","BRIDGE 204","HEJ2","","","","","","","","","","","20772516","2019-06-11","","NRAIL","","","","","Up Slow","","TF 03826 13643"
"20769093","ECM1","90.1672","QE","","90.1672","2200","","MAP","","502692.0","315471.0","The Boards","HEJ2","","","","","","","","","","","20769093","2016-11-30","","NRAIL","","","","","Down Slow","","TF 02692 15471"
"20772518","ECM1","92.0396","QE","","92.0396","1200","","MAP","","501786.0","317308.0","LITTLE BYTHAM YARD","HEJ2","","","","","","","","","","","20772518","2019-06-11","","NRAIL","","","","","Up Slow","","TF 01786 17308"
"20787525","ECM1","92.044","QE","","92.044","0","","MAP","","501797.0","317308.0","#55 LITTLE BYTHAM YARD","HEJ2","","","","","","","","","","","20787525","2022-08-18","","NRAIL","","","","","All/Multiple Tracks","CTLP Site. Confirm before use.",""
"20662605","ECM1","92.1034","QE","","92.1034","2200","","MAP","","501611.0","317856.0","Bridge 210 Bytham","HEJ2","","","","","","","","","","","20662605","2016-11-30","","NRAIL","","","","","Down Slow","","TF 01611 17856"
"20786128","ECM1","92.1299","QE","","92.1299","2200","","MAP","","501540.0","318078.0","BRIDGE 211","HEJ2","","","","","","","","","","","20786128","2021-10-08","","NRAIL","","","","","Down Slow","Loaded from AFM data after being matched AFTE with no record in NHD. Needs to be verified on site.","TF 01540 18078"
"20662607","ECM1","92.1518","QE","","92.1518","2200","","MAP","","501491.0","318281.0","Bridge 212 Bytham","HEJ2","","","","","","","","","","","20662607","2016-11-30","","NRAIL","","","","","Down Slow","","TF 01491 18281"
"20662608","ECM1","93.0572","QE","","93.0572","1200","","MAP","","501235.0","318985.0","Creeton School","HEJ2","","","","","","","","","","","20662608","2016-11-30","","NRAIL","","","","","Up Slow","","TF 01235 18985"
"20662610","ECM1","93.1496","QE","","93.1496","1200","","MAP","","500878.0","319751.0","Bridge 215 Creeton North","HEJ2","","","","","","","","","","","20662610","2016-11-30","","NRAIL","","","","","Up Slow","","TF 00878 19751"
"20662611","ECM1","94.0528","QE","","94.0528","1200","","MAP","","500590.0","320415.0","Counthorpe","HEJ2","","","","","","","","","","","20662611","2016-11-30","","NRAIL","","","","","Up Slow","","TF 00590 20415"
"20787526","ECM1","96.022","QE","","96.022","0","","MAP","","499463.0","323121.0","#56 SWAYFIELD BRIDGE [BRIDGE 220]","HEJ2","","","","","","","","","","","20787526","2022-08-18","","NRAIL","","","","","All/Multiple Tracks","CTLP Site. Confirm before use.",""
"20662612","ECM1","96.0242","QE","","96.0242","1200","","MAP","","499445.0","323143.0","Bridge 220 Swayfield","HEJ2","","","","","","","","","","","20662612","2016-11-30","","NRAIL","","","","","Up Slow","","SK 99445 23143"
"20786129","ECM1","96.1141","QE","","96.1141","1200","","MAP","","499062.0","323869.0","FIELDS END","HEJ2","","","","","","","","","","","20786129","2021-10-08","","NRAIL","","","","","Up Slow","Loaded from AFM data after being matched AFTE with no record in NHD. Needs to be verified on site.","SK 99062 23869"
"20772521","ECM1","97.022","QE","","97.022","1200","","MAP","","498566.0","324449.0","CORBY GLEN YARD UPSIDE","HEJ2","","","","","","","","","","","20772521","2019-06-11","","NRAIL","","","","","Up Slow","","SK 98566 24449"
"20772522","ECM1","97.0264","QE","","97.0264","2200","","MAP","","498540.0","324479.0","CORBY GELN YARD DOWNSIDE","HEJ2","","","","","","","","","","","20772522","2019-06-11","","NRAIL","","","","","Down Slow","","SK 98540 24479"
"20662615","ECM1","97.1584","QE","","97.1584","1200","","MAP","","497758.0","325403.0","Bridge 227 Burton Coggles","HEJ2","","","","","","","","","","","20662615","2016-11-30","","NRAIL","","","","","Up Slow","","SK 97758 25403"
"20662617","ECM1","98.0572","QE","","98.0572","1200","","MAP","","497316.0","325926.0","Bridge 228 Burton Coggles","HEJ2","","","","","","","","","","","20662617","2016-11-30","","NRAIL","","","","","Up Slow","","SK 97316 25926"
"20769091","ECM1","98.1474","QE","","98.1474","2200","","MAP","","496783.0","326554.0","Pumping Station","HEJ2","","","","","","","","","","","20769091","2016-11-30","","NRAIL","","","","","Down Slow","","SK 96783 26554"
"20662618","ECM1","99.0594","QE","","99.0594","1200","","MAP","","496262.0","327169.0","Bridge 230 Stoke","HEJ2","","","","","","","","","","","20662618","2016-11-30","","NRAIL","","","","","Up Slow","","SK 96262 27169"
"20787527","ECM1","99.0616","QE","","99.0616","0","","MAP","","496261.0","327187.0","#64 HIGH BRIDGE [BRIDGE 230]","HEJ2","","","","","","","","","","","20787527","2022-08-18","","NRAIL","","","","","All/Multiple Tracks","CTLP Site. Confirm before use.",""
"20787528","ECM1","100.0","QE","","100.0","0","","MAP","","495369.0","328182.0","#53 STOKE JUNCTION [100 MILE POST]","HEJ2","","","","","","","","","","","20787528","2022-08-18","","NRAIL","","","","","All/Multiple Tracks","CTLP Site. Confirm before use.",""
"20772525","ECM1","100.0308","QE","","100.0308","2100","","MAP","","495376.0","328180.0","STOKE RELAY ROOM","HEJ2","","","","","","","","","","","20772525","2019-06-11","","NRAIL","","","","","Down Main/Fast","","SK 95376 28180"
"20662620","ECM1","101.0154","QE","","101.0154","1100","","MAP","","494076.0","329158.0","STOKE TUNNEL","HEJ3","","","","","","","","","","","20662620","2019-02-13","","NRAIL","","","","","Up Main/Fast","","SK 94076 29158"
"20662622","ECM1","102.0","QE","","102.0","1200","","MAP","","493351.0","330239.0","PONTON YARD","HEJ3","","","","","","","","","","","20662622","2016-12-06","","NRAIL","","","","","Up Slow","","SK 93351 30239"
"20662623","ECM1","103.044","QE","","103.044","1200","","MAP","","493059.0","332179.0","HANGMANS BRIDGE 236","HEJ3","","","","","","","","","","","20662623","2016-12-06","","NRAIL","","","","","Up Slow","SECTIONAL APPX - SECTION 1 PAGE 24. ACCESS RD - WHALE BONE LANE. SECURITY - LOCKED GATE. PARKING - LIMITED INSIDE COMPOUND. CONDITION - FAIR. SAFETY - NO LIGHTING, STEEP STEPS. NOT SUITABLE FOR HEAVY LIFTING OR MULTI-PERSON MANUAL HANDLING. NEAREST HOSPITAL - GRANTHAM. NEAREST WELFARE - GRANTHAM DEPOT 15 MINS.","SK 93011 32091"
"20786131","ECM1","103.0472","QE","","103.0472","1200","","MAP","","493058.0","332249.0","HANGMANS BRIDGE 236 NORTH","HEJ3","","","","","","","","","","","20786131","2021-10-08","","NRAIL","","","","","Up Slow","Loaded from AFM data after being matched AFTE with no record in NHD. Needs to be verified on site.","SK 93058 32248"
"20779709","ECM1","104.0264","QE","","104.0264","2100","","MAP","","492692.0","333604.0","GRANTHAM DOWN YARD","HEJ3","","","","","","","","","","","20779709","2017-02-06","","NRAIL","","","","","Down Main/Fast","","SK 92633 60000"
"20662625","ECM1","104.1606","QE","","104.1606","1200","","MAP","","491912.0","334556.0","GRANTHAM NORTH JCN","HEJ3","","","","","","","","","","","20662625","2021-06-22","","NRAIL","","","","","Up Slow"," ",""
"20787529","ECM1","104.1716","QE","","104.1716","0","","MAP","","491911.0","334570.0","#1 GRANTHAM SOUTH JUNCTION","HEJ3","","","","","","","","","","","20787529","2022-08-18","","NRAIL","","","","","All/Multiple Tracks","CTLP Site. Confirm before use.",""
"20662626","ECM1","105.0396","QE","","105.0396","1100","","MAP","","491588.0","334937.0","SPRINGFIELD ROAD BR240","HEJ3","","","","","","","","","","","20662626","2019-07-02","","NRAIL","","","","","Up Main/Fast","",""
"20783407","ECM1","105.0528","QE","","105.0528","1900","","MAP","","491548.0","334981.0","GRANTHAM STATION","HEJ3","","","","","","","","","","","20783407","2019-07-30","","NRAIL","","","","","Up Siding","","SK 91534 90000"
"20662627","ECM1","105.0836","QE","","105.0836","1100","","MAP","","491335.0","335235.0","GRANTHAM STATION NORTH","HEJ3","","","","","","","","","","","20662627","2019-02-13","","NRAIL","","","","","Up Main/Fast","",""
"20787530","ECM1","105.1144","QE","","105.1144","0","","MAP","","491222.0","335384.0","#14 HARLAXTON ROAD BRIDGE","HEJ3","","","","","","","","","","","20787530","2022-08-18","","NRAIL","","","","","All/Multiple Tracks","CTLP Site. Confirm before use.",""
"20662630","ECM1","106.0198","QE","","106.0198","1100","","MAP","","490989.0","336184.0","BARROWBY BRIDGE 246","HEJ3","","","","","","","","","","","20662630","2019-02-13","","NRAIL","","","","","Up Main/Fast","",""
"20787531","ECM1","106.022","QE","","106.022","0","","MAP","","490980.0","336155.0","#15 BARROWBY ROAD BRIDGE","HEJ3","","","","","","","","","","","20787531","2022-08-18","","NRAIL","","","","","All/Multiple Tracks","CTLP Site. Confirm before use.",""
"20662629","ECM1","106.0286","QE","","106.0286","1100","","MAP","","490992.0","336143.0","BARROWBY BRIDGE 246","HEJ3","","","","","","","","","","","20662629","2016-12-06","","NRAIL","","","","","Up Main/Fast","SECTIONAL APPX - SECTION 1 PAGE 24. ACCESS RD - BARROWBY RD. SECURITY - LOCKED GATE. PARKING - NONE. CONDITION - FAIR. NEAREST HOSPITAL - GRANTHAM. NEAREST WELFARE - GRANTHAM DEPOT 5 MINS. SAFETY - NO LIGHTING, STEEP STEPS. NOT SUITABLE FOR HEAVY LIFTING OR MULTI PERSON MANUAL HANDLING.",""
"20775290","ECM1","106.0764","QE","","106.0764","2100","","MAP","","491002.0","336699.0","DIANA BRIDGE","HEJ3","","","","","","","","","","","20775290","2019-06-11","","NRAIL","","","","","Down Main/Fast","","SK 00091 00367"
"20662631","ECM1","106.088","QE","","106.088","1100","","MAP","","491006.0","336720.0","DIANA BRIDGE 247","HEJ3","","","","","","","","","","","20662631","2016-12-06","","NRAIL","","","","","Up Main/Fast","SECTIONAL APPX - SECTION 2 PAGE 24. ACCESS RD - DIANA BRIDGE. SECURITY - LOCKED GATE. PARKING - LIMITED OFF MAIN HIGHWAY. CONDITION - FAIR. SAFETY - NO LIGHTING, STEPS, NOT SUITABLE FOR HEAVY LIFTING OR MULTI-PERSON MANUAL HANDLING. NEAREST HOSPITAL - GRANTHAM. NEAREST WELFARE - GRANTHAM DEPOT 10 MINS.",""
"20779713","ECM1","107.0968","QE","","107.0968","2100","","MAP","","491119.0","338495.0","MANTHORPE","HEJ3","","","","","","","","","","","20779713","2017-02-06","","NRAIL","","","","","Down Main/Fast","","SK 91138 40000"
"20788769","ECM1","107.1034","QE","","107.1034","2100","","MAP","","491121.0","338549.0","MANTHORPE BRIDGE 250","HEJ3","","","","","","","","","","","20788769","2023-01-25","","NRAIL","","","","","Down Main/Fast","For planned work a half road closure will be in place. Manthorpe access will not be used by lone person or anyone not carrying out planned works with a half road clsoure in place, pedestrian access wil be via steps at the sub station. This essentially removes the risk to staff <pedestrians> coming into contact with vehicles and vehicle collision when accessing/egressing at this site. Bespoke locks in use to restrict  uncontrolled access, signage mounted on gate and oppposite access gate to that effect. For further information contact Grantham Maintenance Depot.",""
"20662632","ECM1","107.121","QE","","107.121","2100","","MAP","","491131.0","338702.0","MANTHORPE FEEDER STN","HEJ3","","","","","","","","","","","20662632","2023-01-25","","NRAIL","","","","","Down Main/Fast","",""
"20790535","ECM1","107.1232","QE","","107.1232","0","","MAP","","491112.0","338727.0","#28 MANTHORPE FEEDER STATION","HEJ3","","","","","","","","","","","20790535","2024-05-30","","NRAIL","","","","","All/Multiple Tracks","CTLP Site. Confirm before use.",""
"20662633","ECM1","108.0902","QE","","108.0902","1100","","MAP","","491215.0","340032.0","PEASCLIFFE TUNNEL NORTH END","HEJ3","","","","","","","","","","","20662633","2016-12-06","","NRAIL","","","","","Up Main/Fast","",""
"20662634","ECM1","109.11","QE","","109.11","2100","","MAP","","491272.0","341825.0","BARKSTON SOUTH JCN","HEJ3","","","","","","","","","","","20662634","2016-12-06","","NRAIL","","","","","Down Main/Fast","SECTIONAL APPX - SECTION 1 PAGE 25. ACCESS RD - OFF SAND LANE. SECURITY - LOCKED GATE. CONDITION - GOOD AMPLE PARKING AND GOOD UNDERFOOT NO LIGHTING.. NEAREST HOSPITAL - GRANTHAM. NEAREST WELFARE - GRANTHAM DEPOT 20 MINS.",""
"20662635","ECM1","110.0308","QE","","110.0308","2100","","MAP","","491006.0","342669.0","BARKSTON WATER WORKS","HEJ3","","","","","","","","","","","20662635","2016-12-06","","NRAIL","","","","","Down Main/Fast","SECTIONAL APPX - SECTION 1 PAGE 25. ACCESS RD - OFF SAND LANE. SECURTIY - LOCKED GATE. CONDITION - FAIR, NO LIGHTING MUDDY DIRT TRACK DOWN SIDE OF WATER WORKS. PARKING - POOR. NEAREST HOSPITAL - GRANTHAM. NEAREST WELFARE - GRANTHAM DEPOT. 20 MINS.",""
"20662636","ECM1","110.1474","QE","","110.1474","2100","","MAP","","490624.0","343662.0","FRINKLEY LANE LC","HEJ3","","","","","","","","","","","20662636","2019-04-04","","NRAIL","","","","","Down Main/Fast","SECTIONAL APPX - SECTION 1 PAGE 25. ACCESS RD - FRINKLEY LANE. SECURITY - NONE. PARKING - POOR. CONDITION - FAIR. SAFETY - NO LIGHTING, MUDDY DIRT TRACK. NEAREST HOSPITAL - GRANTHAM. NEAREST WELFARE - GRANTHAM DEPOT 20 MINS.",""
"20779729","ECM1","111.1144","QE","","111.1144","1100","","MAP","","489981.0","344785.0","HOUGHAM YARD","HEJ3","","","","","","","","","","","20779729","2017-02-06","","NRAIL","","","","","Up Main/Fast","","SK 89944 70000"
"20662638","ECM1","112.022","QE","","112.022","1100","","MAP","","489429.0","345316.0","BRANDON BRIDGE 263","HEJ3","","","","","","","","","","","20662638","2019-02-13","","NRAIL","","","","","Up Main/Fast","SECTIONAL APPX - SECTION 1 PAGE 25. ACCESS RD - BRIDGE ST. SECURITY - LOCKED GATE. PARKING - ONE VEHICLE ACROSS FROM GATE. CONDITION - FAIR, NO LIGHTING. NOT SUITABLE FOR HEAVY LIFTING OR MULTI-PERSON MANUAL HANDLING. NEAREST HOSPITAL - NEWARK. NEAREST WELFARE - NEWARK DEPOT. 20 MINS.",""
"20662639","ECM1","112.1679","QE","","112.1679","2100","","MAP","","488465.0","346239.0","THORALDS BRIDGE 265","HEJ3","","","","","","","","","","","20662639","2016-12-06","","NRAIL","","","","","Down Main/Fast","",""
"20662640","ECM1","113.1276","QE","","113.1276","1100","","MAP","","487569.0","347096.0","WESTBOROGH LC","HEJ3","","","","","","","","","","","20662640","2019-02-13","","NRAIL","","","","","Up Main/Fast","",""
"20662641","ECM1","114.0462","QE","","114.0462","2100","","MAP","","486942.0","347694.0","STUBTON BRIDGE 268","HEJ3","","","","","","","","","","","20662641","2016-12-06","","NRAIL","","","","","Down Main/Fast","",""
"20787532","ECM1","114.0484","QE","","114.0484","0","","MAP","","486944.0","347691.0","#16 STUBTON ? D51","HEJ3","","","","","","","","","","","20787532","2022-08-18","","NRAIL","","","","","All/Multiple Tracks","CTLP Site. Confirm before use.",""
"20775291","ECM1","115.0057","QE","","115.0057","2100","","MAP","","486048.0","348550.0","HOUGH LANE","HEJ3","","","","","","","","","","","20775291","2019-06-11","","NRAIL","","","","","Down Main/Fast","SECTIONAL APPX - SECTION 1 PAGE 25. ACCESS RD - HOUGH LANE. SECURITY - N/A PARKING - AT TOP OF GRASSY LANE. CONDITION - MUDDY. SAFETY - NO LIGHTING. NOT SUITABLE FOR HEAVY LIFTING OR MULTI-PERSON MANUAL HANDLING. NEAREST HOSPITAL - NEWARK. NEAREST WELFARE - NEWARK DEPOT 20MINS.","SK 00086 00485"
"20774223","ECM1","115.0906","QE","","115.0906","0","","MAP","","485487.6","349087.7","CLAYPOLE TSC 25KV SUBSTATION","HEJ3","","","","","","","","","","","20774223","2021-06-23","","NRAIL","","","","","All/Multiple Tracks","Oster Fen Lane, Claypole, NG23 5BN - SK855490",""
"20662646","ECM1","117.1584","QE","","117.1584","1100","","MAP","","482718.0","351745.0","A1 ROAD BRIDGE","HEJ3","","","","","","","","","","","20662646","2016-12-06","","NRAIL","","","","","Up Main/Fast","",""
"20787551","ECM1","117.1584","QE","","117.1584","0","","MAP","","482731.0","351728.0","#21 A1 BRIDGE BALDERTON","HEJ3","","","","","","","","","","","20787551","2022-08-18","","NRAIL","","","","","All/Multiple Tracks","CTLP Site. Confirm before use.",""
"20775461","ECM1","117.1738","QE","","117.1738","0","","MAP","","482615.8","351842.5","CLAYPOLE","HEJ3","","","","","","","","","","","20775461","2021-03-02","","NRAIL","","","","","All/Multiple Tracks","Hollowdyke Lane. Sectional Appendix section 1 page 26. Locked gate. Parking on grass verge. Condition - Poor. Nearest Hospital - Newark. Nearest Welfare - Newark Depot 10mins. Safety - No lighting, poor underfoot conditions, not suitable for multi-person manual handling. Limited parking on grass verge.","SK 82715 51730"
"20790536","ECM1","120.0044","QE","","120.0044","0","","MAP","","480583.0","354362.0","#30 NEWARK YARD","HEJ3","","","","","","","","","","","20790536","2024-05-30","","NRAIL","","","","","All/Multiple Tracks","CTLP Site. Confirm before use.",""
"20785841","ECM1","120.0176","QE","","120.0176","0","","MAP","","480484.0","354533.0","NEWARK NORTHGATE STN","HEJ3","","","","","","","","","","","20785841","2021-10-08","","NRAIL","","","","","All/Multiple Tracks","Loaded from AFM data after being matched AFTE with no record in NHD. Needs to be verified on site.","SK 80483 54533"
"20790537","ECM1","120.0902","QE","","120.0902","0","","MAP","","480293.0","355057.0","#32 NEWARK NORTH JUNCTION","HEJ3","","","","","","","","","","","20790537","2024-05-30","","NRAIL","","","","","All/Multiple Tracks","CTLP Site. Confirm before use.",""
"20788788","ECM1","120.094","QE","","120.094","2100","","MAP","","480280.0","355106.0","Whitehouses","HEJ3","","","","","","","","","","","20788788","2023-01-26","","NRAIL","","","","","Down Main/Fast","SK ref 802551.   W3W - hears.richest.snippets",""
"20662651","ECM1","120.1452","QE","","120.1452","2100","","MAP","","480119.0","355546.0","NEWARK FOOT CROSSING","HEJ3","","","","","","","","","","","20662651","2016-12-06","","NRAIL","","","","","Down Main/Fast","",""
"20774216","ECM1","121.1068","QE","","121.1068","0","","MAP","","479689.2","356726.2","NEWARK FS 25KV SUBSTATION","HEJ3","","","","","","","","","","","20774216","2021-06-23","","NRAIL","","","","","All/Multiple Tracks","Slake Lane, Off Main Street, Newark, NG23 6EH - SK796567",""
"20662652","ECM1","121.1078","QE","","121.1078","2100","","MAP","","479686.0","356735.0","TRENT LANE","HEJ3","","","","","","","","","","","20662652","2016-12-06","","NRAIL","","","","","Down Main/Fast","",""
"20772531","ECM1","122.044","QE","","122.044","1100","","MAP","","479060.0","359281.0","NORTH MUSKHAM","HEJ3","","","","","","","","","","","20772531","2019-06-11","","NRAIL","","","","","Up Main/Fast","",""
"20662654","ECM1","122.1694","QE","","122.1694","2100","","MAP","","479227.0","358168.0","BATHLEY LANE LC","HEJ3","","","","","","","","","","","20662654","2019-02-13","","NRAIL","","","","","Down Main/Fast","",""
"20774219","ECM1","123.0836","QE","","123.0836","0","","MAP","","479072.3","359642.3","NORTH MUSKHAM TSC 25KV SUBSTATION","HEJ3","","","","","","","","","","","20774219","2021-06-23","","NRAIL","","","","","All/Multiple Tracks","Vicarage Lane, North Muskham NG23 6ES - SK790597",""
"20662658","ECM1","125.0176","QE","","125.0176","2100","","MAP","","479183.0","362238.0","FLYFISH LANE LC","HEJ3","","","","","","","","","","","20662658","2019-02-13","","NRAIL","","","","","Down Main/Fast","",""
"20779747","ECM1","126.0264","QE","","126.0264","2100","","MAP","","479257.0","363942.0","CARLTON","HEJ3","","","","","","","","","","","20779747","2017-02-06","","NRAIL","","","","","Down Main/Fast","","SK 79263 90000"
"20662661","ECM1","127.0044","QE","","127.0044","2100","","MAP","","479278.0","365349.0","EAVES LANE LC","HEJ3","","","","","","","","","","","20662661","2016-12-06","","NRAIL","","","","","Down Main/Fast","",""
"20662665","ECM1","128.165","QE","","128.165","2100","","MAP","","477899.0","368002.0","WESTON","HEJ3","","","","","","","","","","","20662665","2016-12-06","","NRAIL","","","","","Down Main/Fast","",""
"20779748","ECM1","129.0725","QE","","129.0725","1100","","MAP","","477307.0","368515.0","BELLS LANE - EGMANTON","HEJ3","","","","","","","","","","","20779748","2024-02-14","","NRAIL","","","","","Up Main/Fast","","SK 77368 50000"
"20774215","ECM1","131.0882","QE","","131.0882","0","","MAP","","474940.1","370742.0","TUXFORD TSC 25KV SUBSTATION","HEJ3","","","","","","","","","","","20774215","2021-06-23","","NRAIL","","","","","All/Multiple Tracks","Lodge Lane, Tuxford NG22 0NL - SK749707",""
"20787533","ECM1","132.0198","QE","","132.0198","0","","MAP","","474725.0","371474.0","#17 TUXFORD","HEJ3","","","","","","","","","","","20787533","2022-08-18","","NRAIL","","","","","All/Multiple Tracks","CTLP Site. Confirm before use.",""
"20772533","ECM1","133.0044","QE","","133.0044","1100","","MAP","","474580.0","373344.0","LINCOLN ROAD","HEJ3","","","","","","","","","","","20772533","2019-06-11","","NRAIL","","","","","Up Main/Fast","",""
"20779750","ECM1","133.0286","QE","","133.0286","1100","","MAP","","474571.0","373362.0","BR292-EAST MARKHAM","HEJ3","","","","","","","","","","","20779750","2017-02-06","","NRAIL","","","","","Up Main/Fast","","SK 74573 30000"
"20786140","ECM1","134.0754","QE","","134.0754","1100","","MAP","","473191.0","374849.0","ASKHAM TUNNEL SOUTH","HEJ3","","","","","","","","","","","20786140","2021-10-08","","NRAIL","","","","","Up Main/Fast","Loaded from AFM data after being matched AFTE with no record in NHD. Needs to be verified on site.","SK 73191 74848"
"20662672","ECM1","134.088","QE","","134.088","2100","","MAP","","473110.0","374918.0","ASKHAM TUNNEL NORTH","HEJ3","","","","","","","","","","","20662672","2012-07-26","","NRAIL","","","","","Down Main/Fast","SECTIONAL APPENDIX - SECTION 1 PAGE 28. ACCESS - ALONG HOLME LANE OFF A638 PAST RETFORD. SECURITY - LOCKED PEDESTRIAN GATE. PARKING - HARD SURFACE ACROSS ROAD. CONDITION - GOOD. NEAREST HOSPITAL - WORKSOP. NEAREST WELFARE - GROVE RD SB <20 MINS>. SAFETY - STEEP STEPS, NO LIGHTING, ROAD TRAFFIC, NOT SUITABLE FOR HEAVY LIFTING/MULTI PERSON MANUAL HANDLING.","SK 00731 00749"
"20787534","ECM1","134.11","QE","","134.11","0","","MAP","","473104.0","374919.0","#2 ASKHAM TUNNEL NORTH","HEJ3","","","","","","","","","","","20787534","2022-08-18","","NRAIL","","","","","All/Multiple Tracks","CTLP Site. Confirm before use.",""
"20779751","ECM1","135.0638","QE","","135.0638","2100","","MAP","","472357.0","376039.0","GAMSTON","HEJ3","","","","","","","","","","","20779751","2017-02-06","","NRAIL","","","","","Down Main/Fast","","SK 72376 00000"
"20662674","ECM1","135.1716","QE","","135.1716","1100","","MAP","","472334.0","377026.0","GAMSTON FOOT XING","HEJ3","","","","","","","","","","","20662674","2019-02-13","","NRAIL","","","","","Up Main/Fast","",""
"20662675","ECM1","136.044","QE","","136.044","2100","","MAP","","472338.0","377468.0","GAMSTON STILE","HEJ3","","","","","","","","","","","20662675","2016-12-06","","NRAIL","","","","","Down Main/Fast","",""
"20662676","ECM1","136.0968","QE","","136.0968","2100","","MAP","","472341.0","377948.0","EATON LANE","HEJ3","","","","","","","","","","","20662676","2012-07-26","","NRAIL","","","","","Down Main/Fast","SECTIONAL APPENDIX - SECTION 1 PAGE 28. ACCESS OFF A638 PAST RETFORD, EATON LANE <UN-NAMED> SECURITY - NONE. PARKING - LIMITED HARD SURFACE. CONDITION - GOOD. NEAREST HOSPITAL - WORKSOP. NEAREST WELFARE - GROVE ROAD SB <20MINS>","SK 00723 00779"
"20785842","ECM1","138.1078","QE","","138.1078","0","","MAP","","470182.0","380326.0","RETFORD STN","HEJ3","","","","","","","","","","","20785842","2021-10-08","","NRAIL","","","","","All/Multiple Tracks","Loaded from AFM data after being matched AFTE with no record in NHD. Needs to be verified on site.","SK 70182 80325"
"20779805","ECM1","138.11","QE","","138.11","2100","","MAP","","470175.0","380316.0","RETFORD WESTERN JN","HEJ3","","","","","","","","","","","20779805","2017-02-07","","NRAIL","","","","","Down Main/Fast","","SK 70180 30000"
"20774217","ECM1","139.045","QE","","139.045","0","","MAP","","469549.3","381118.8","RETFORD FD QG RF1 25 KV SUBSTATION","HEJ3","","","","","","","","","","","20774217","2021-06-23","","NRAIL","","","","","All/Multiple Tracks","West Carr Rd, Retford, DN22 7NN - SK692814",""
"20787535","ECM1","139.143","QE","","139.143","0","","MAP","","469042.0","381772.0","#3 RETFORD NORTH JUNCTION","HEJ3","","","","","","","","","","","20787535","2022-08-18","","NRAIL","","","","","All/Multiple Tracks","CTLP Site. Confirm before use.",""
"20662684","ECM1","144.055","QE","","144.055","2100","","MAP","","466040.0","388330.0","MATTERSEY ROAD BRIDGE 308","HEJ3","","","","","","","","","","","20662684","2012-07-26","","NRAIL","","","","","Down Main/Fast","SECTIONAL APPENDIX - SECTION 1 PAGE 30. ACCESS ON MATTERSEY ROAD <B6045> OFF A638. SECURITY - LOCKED PEDESTRIAN GATE. PARKING - NONE. CONDITION - FAIR, NEAREST HOSPITAL - DONCASTER. NEAREST WELFARE - RANSKILL SB <5 MINS>. SAFETY - NO LIGHTING, POOR UNDER FOOT, STEEP STEPS, NOT SUITABLE FOR HEAVY LIFTING OR MULTI-PERSON MANUAL HANDLING.","SK 00660 00883"
"20662685","ECM1","144.1254","QE","","144.1254","2100","","MAP","","465894.0","388964.0","THOMPSONS","HEJ3","","","","","","","","","","","20662685","2021-06-22","","NRAIL","","","","","Down Main/Fast","SECTIONAL APPENDIX - SECTION 1 PAGE 30. ACCESS - AT SCROOBY TOP OFF A638 & DIRT TRACK AT END OF ROAD. SECURITY - NONE. PARKING - LIMITED OBSTRUCTIVE. CONDITION - GOOD. NEAREST HOSPITAL - DONCASTER. NEAREST WELFARE - RANSKILL SB <10 MINS> SAFETY - NO LIGHTING, GOOD UNDERFOOT.","SK 00658 00890"
"20662686","ECM1","145.1166","QE","","145.1166","2100","","MAP","","465599.0","390463.0","SCHOOL LC","HEJ3","","","","","","","","","","","20662686","2012-07-26","","NRAIL","","","","","Down Main/Fast","SECTIONAL APPENDIX - SECTION 1 PAGE 30. ACCESS - DOWN A NARROW HIDDEN LANE OFF A638 THEN ON FOOT APPROX 200YDS TO TRACK. SECURITY - NONE. PARKING - NARROW LANE. CONDITION - FAIR. NEAREST HOSPITAL - DONCASTER. NEAREST WELFARE - RANSKILL SB <10 MINS>. SAFETY - NO LIGHTING, POOR UNDER FOOT, VEGETATION, NOT SUITABLE FOR HEAVY LIFTING OR MULTI-PERSON MANUAL HANDLING.","SK 00656 00904"
"20662687","ECM1","145.1496","QE","","145.1496","2100","","MAP","","465550.0","390761.0","SCROOBY LC","HEJ3","","","","","","","","","","","20662687","2012-07-26","","NRAIL","","","","","Down Main/Fast","SECTIONAL APPENDIX - SECTION 1 PAGE 30. ACCESS - DOWN CHURCH LANE OFF A638 BAWTRY RD. SECURITY - LOCKED FARM GATE. PARKING - NONE. CONDITION - GOOD. NEAREST HOSPTIAL - DONCASTER. NEAREST WELFARE - RANSKILL SB <10MINS> SAFETY - NO LIGHTING, CATTLE GUARDS.","SK 00655 00908"
"20662688","ECM1","147.0132","QE","","147.0132","1100","","MAP","","465368.0","392713.0","BAWTRY SOUTH","HEJ3","","","","","","","","","","","20662688","2016-12-06","","NRAIL","","","","","Up Main/Fast","",""
"20662689","ECM1","147.1254","QE","","147.1254","1100","","MAP","","465553.0","393719.0","BAWTRY VIADUCT","HEJ3","","","","","","","","","","","20662689","2016-12-06","","NRAIL","","","","","Up Main/Fast","",""
"20772947","ECM1","147.1254","QE","","147.1254","2100","","MAP","","465553.0","393719.0","BAWTRY VIADUCT","HEJ3","","","","","","","","","","","20772947","2016-12-06","","NRAIL","","","","","Down Main/Fast","18/04/08 ASSET CREATED - AS SECTIONAL APPENDIX - SECTION 1 PAGE 30. ACCESS - NEAR BRIDGE OFF GAINSBOROUGH RD. SECURITY - LOCKED SECURITY GATE. PARKING - LIMITED OBSTRUCTIVE. CONDITION - GOOD. NEAREST HOSPITAL - DONCASTER. NEAREST WELFARE - RANSKILL SB <15MINS>. SAFETY - NO LIGHTING, STEEP STEPS, NOT SUITABLE FOR HEAVY LIFTING OR MULTI-PERSON MANUAL HANDLING.","SK 00656 00937"
"20662690","ECM1","148.11","QE","","148.11","2100","","MAP","","464829.0","394934.0","GREAT NORTH ROAD BRIDGE 316","HEJ3","","","","","","","","","","","20662690","2012-07-26","","NRAIL","","","","","Down Main/Fast","SECTIONAL APPENDIX - SECTION 1 PAGE 30. ACCESS - SIDE OF BRIDGE ON A638. SECURITY - LOCKED SECURITY GATE. PARKING - SMALL SOFT AREA THROUGH GATE. CONDITION - FAIR. NEAREST HOSPITAL - DONCASTER. NEAREST WELFARE - RANSKILL SB <20 MINS>. SAFETY - BUMPY ACCESS, NO LIGHTING, GOOD UNDERFOOT.","SK 00648 00947"
"20662691","ECM1","149.0616","QE","","149.0616","1100","","MAP","","463969.0","395724.0","KINGSWOOD ROAD BRIDGE","HEJ3","","","","","","","","","","","20662691","2016-12-06","","NRAIL","","","","","Up Main/Fast","",""
"20662692","ECM1","149.121","QE","","149.121","1100","","MAP","","463621.0","396143.0","ROSSINGTON HALL SCHOOL","HEJ3","","","","","","","","","","","20662692","2016-12-06","","NRAIL","","","","","Up Main/Fast","",""
"20662693","ECM1","150.0638","QE","","150.0638","2100","","MAP","","462992.0","397026.0","PENNYS' LC","HEJ3","","","","","","","","","","","20662693","2012-07-26","","NRAIL","","","","","Down Main/Fast","SECTIONAL APPENDIX - SECTION 1 PAGE 31. ACCESS - STRIPE RD/COMMON LANE DOWN DIRT TRACK ACROSS FIELD OFF B6463. SECURITY - LOCKED SECURITY GATE FOR VEHICLE ACCESS. PARKING - LIMITED OBSTRUCTIVE. CONDITION - FAIR. NEAREST HOSPITAL - DONCASTER. NEAREST WELFARE - RANSKILL SB <25MINS>. SAFETY - VEGETATION, NO LIGHTING, FAIR UNDER FOOT.","SK 00630 00970"
"20794973","ECM1","150.1232","QE","","150.1232","2100","","MAP","","462674.0","397468.0","PENNYS NO.2","HEJ3","","","","","","","","","","","20794973","2024-09-24","","NRAIL","","","","","Down Main/Fast","","SK 00630 00970"
"20786147","ECM1","151.0614","QE","","151.0614","1100","","MAP","","462070.0","398319.0","ROSSINGTON","HEJ3","","","","","","","","","","","20786147","2021-10-08","","NRAIL","","","","","Up Main/Fast","Loaded from AFM data after being matched AFTE with no record in NHD. Needs to be verified on site.","SK 62069 98319"
"20779767","ECM1","151.0704","QE","","151.0704","2100","","MAP","","462021.0","398381.0","ROSSINGTON","HEJ3","","","","","","","","","","","20779767","2017-02-06","","NRAIL","","","","","Down Main/Fast","","SK 62098 30000"
"20662694","ECM1","151.1716","QE","","151.1716","2100","","MAP","","461481.0","399135.0","TOAD HOLE LANE","HEJ3","","","","","","","","","","","20662694","2016-12-06","","NRAIL","","","","","Down Main/Fast","",""
"20787536","ECM1","152.099","QE","","152.099","0","","MAP","","461176.0","399553.0","#11 GREEN BRIDGE [LCJ]","HEJ3","","","","","","","","","","","20787536","2022-08-18","","NRAIL","","","","","All/Multiple Tracks","CTLP Site. Confirm before use.",""
"20787537","ECM1","152.099","QE","","152.099","0","","MAP","","461176.0","399553.0","#26 FWR","HEJ3","","","","","","","","","","","20787537","2022-08-18","","NRAIL","","","","","All/Multiple Tracks","CTLP Site. Confirm before use.",""
"20662696","ECM1","152.1012","QE","","152.1012","1200","","MAP","","460859.0","399873.0","GREEN BRIDGE 332B","HEJ3","","","","","","","","","","","20662696","2019-02-13","","NRAIL","","","","","Up Slow","",""
"20779787","ECM1","153.165","QE","","153.165","2100","","MAP","","458955.0","400919.0","DECOY NORTH JN","HEJ3","","","","","","","","","","","20779787","2017-02-07","","NRAIL","","","","","Down Main/Fast","","SE 58900 90000"
"20787538","ECM1","154.0462","QE","","154.0462","0","","MAP","","458468.0","401101.0","#23 HUMP","HEJ3","","","","","","","","","","","20787538","2022-08-18","","NRAIL","","","","","All/Multiple Tracks","CTLP Site. Confirm before use.",""
"20662698","ECM1","154.1672","QE","","154.1672","1200","","MAP","","457508.0","401613.0","SANDBANK JUNCTION","HEJ3","","","","","","","","","","","20662698","2016-12-06","","NRAIL","","","","","Up Slow","",""
"20783307","ECM1","155.022","QE","","155.022","0","","MAP","","457312.0","401821.0","BELMONT","HEJ3","","","","","","","","","","","20783307","2022-09-14","","NRAIL","","","","","All/Multiple Tracks","NEW STAFF ACCESS pOINT","SE 57312 01821"
"20787729","ECM1","155.044","QE","","155.044","1100","","MAP","","457508.0","401613.0","SAND BANK JN","HEJ3","","","","","","","","","","","20787729","2022-09-14","","NRAIL","","","","","Up Main/Fast","",""
"20787539","ECM1","155.0616","QE","","155.0616","0","","MAP","","459782.0","400608.0","#24 CARR DEPOT NORTH","HEJ3","","","","","","","","","","","20787539","2022-08-18","","NRAIL","","","","","All/Multiple Tracks","CTLP Site. Confirm before use.",""
"20787540","ECM1","155.0748","QE","","155.0748","0","","MAP","","459782.0","400608.0","#5 SAND BANK JUNCTION","HEJ3","","","","","","","","","","","20787540","2022-08-18","","NRAIL","","","","","All/Multiple Tracks","CTLP Site. Confirm before use.",""
"20774218","ECM1","155.1294","QE","","155.1294","0","","MAP","","457120.8","402785.0","DONCASTER FS 25KV SUBSTATION","HEJ3","","","","","","","","","","","20774218","2021-03-02","","NRAIL","","","","","All/Multiple Tracks","Grey Friars Rd, Doncaster DN1 1QN - SE571036",""
"20662700","ECM1","155.1694","QE","","155.1694","1200","","MAP","","457124.0","403154.0","DONCASTER STN FOOT XING","HEJ3","","","","","","","","","","","20662700","2019-02-13","","NRAIL","","","","","Up Slow","SECTIONAL APPENDIX - SECTION 1 PAGE 33. ACCESS TRAFFORD WAY, IN EXECUTIVE CAR PARK DONCASTER STATION. NOTE; WEAK BRIDGE NO MORE THAN 10 PERSONS ACROSS SPAN. SECURITY - LOCKED GATE. PARKING - STATION CAR PARK. CONDITION - FAIR. NEAREST HOSPITAL - DONCASTER. NEAREST WELFARE - MARSHGATE DEPORT <5MINS>. SAFETY - WEAK BRIDGE, LIMITED LIGHTING, PLATFORMS, NOT SUITABLE FOR HEAVY LIFTING OR MULTI-PERSON MAUNAUL HANDLING.","SE 00571 00032"
"20783309","ECM1","156.022","QE","","156.022","1100","","MAP","","457124.0","403154.0","GREYFRIARS WALK","HEJ3","","","","","","","","","","","20783309","2019-07-09","","NRAIL","","","","","Up Main/Fast","","SE 00571 00032"
"20772572","ECM1","157.011","QE","","157.011","1100","","MAP","","457214.0","404908.0","BARRIER BANK LC","HEJ3","","","","","","","","","","","20772572","2019-02-13","","NRAIL","","","","","Up Main/Fast","11/12/07 ASSET CREATED - AS",""
"20786160","ECM1","157.0125","QE","","157.0125","2100","","MAP","","457213.0","404922.0","BARRIER BANK","HEJ3","","","","","","","","","","","20786160","2021-10-08","","NRAIL","","","","","Down Main/Fast","Loaded from AFM data after being matched AFTE with no record in NHD. Needs to be verified on site.","SE 57213 04921"
"20662702","ECM1","157.0484","QE","","157.0484","2100","","MAP","","457281.0","405243.0","FOWLER BRIDGE LC","HEJ3","","","","","","","","","","","20662702","2016-12-07","","NRAIL","","","","","Down Main/Fast","",""
"20779788","ECM1","157.1012","QE","","157.1012","2500","","MAP","","457378.0","405716.0","ARKSEY LOOP","HEJ3","","","","","","","","","","","20779788","2017-02-07","","NRAIL","","","","","Down Loop","","SE 57305 70000"
"20772574","ECM1","158.0792","QE","","158.0792","2100","","MAP","","457655.0","407099.0","ARKSEY LANE","HEJ3","","","","","","","","","","","20772574","2019-02-13","","NRAIL","","","","","Down Main/Fast","11/12/07 ASSET CREATED - AS",""
"20662705","ECM1","158.099","QE","","158.099","1100","","MAP","","457690.0","407275.0","MARSH LANE LC","HEJ3","","","","","","","","","","","20662705","2012-07-26","","NRAIL","","","","","Up Main/Fast","SECTIONAL APPENDIX - SECTION 1 PAGE 34. ACCESS DOWN DIRT TRACK <MARSH LANE> OFF SHAFTHOLME LANE. SECURITY - NONE. PARKING - DIRT TRACK. CONDITION - GOOD. NEAREST HOSPITAL - DONCASTER. NEAREST WELFARE DONCASTER MARSHGATE <20 MINS>. SAFETY - NO LIGHTING, LOOSE BALLAST ON APPROACH TO ACCESS.","SE 00576 00072"
"20662707","ECM1","159.1452","QE","","159.1452","2100","","MAP","","458040.0","409276.0","MASSARELLAS LC","HEJ3","","","","","","","","","","","20662707","2016-12-07","","NRAIL","","","","","Down Main/Fast","",""
"20779789","ECM1","160.0308","QE","","160.0308","2100","","MAP","","458099.0","409833.0","SHAFTHOLME JN","HEJ3","","","","","","","","","","","20779789","2017-02-07","","NRAIL","","","","","Down Main/Fast","","SE 58009 80000"
"20785048","ECM1","0.0361","QE","","0.0361","0","","MAR","","530245.0","183335.0","KX Station - Google RRAP","HEJ4","","","","","","","","","","","20785048","2024-10-21","","NRAIL","","","","","All/Multiple Tracks","Permit to access ramp required 48 hours before access <unless in an emergency>. Please contact Shaun.Marcroft@cbre.com for ~
permit form.~
///bill.hammer.roofs - Ramp Access~
///giant.head.tubes - RRAP~
The RRAP provided to platform 10 line from beneath the Google building is non-compliant and it""s use should be limited taking into ~
account the following risks. ~?Collision with lineside infrastructure.The closest infrastructure to the RRAP are signals",""
"20779462","ECM1","0.11","QE","","0.11","1100","","MAR","","530275.0","184042.0","BELLE ISLE NO 2 FAST","HEJ4","","","","","","","","","","","20779462","2016-12-06","","NRAIL","","","","","Up Main/Fast","","TQ 30284 00000"
"20779468","ECM1","0.121","QE","","0.121","1100","","MAR","","530283.0","184142.0","ECM1 U/F 0M55CH RRAP","HEJ4","","","","","","","","","","","20779468","2016-12-06","","NRAIL","","","","","Up Main/Fast","","TQ 30284 10000"
"20783368","ECM1","1.0352","QE","","1.0352","0","","MAR","","530493.0","184910.0","Copenhagen Tunnel","HEJ4","","","","","","","","","","","20783368","2021-06-22","","NRAIL","","","","","All/Multiple Tracks","2 track RRAP installed on Up Fast & Dn Fast. Gradient is 1 in 1080, under OLE Equipment. close proximity of flyover wall restricting creatin types of machine. Height differential between Up & Dn Fat of 180mm.",""
"20779470","ECM1","2.011","QE","","2.011","1200","","MAR","","531233.0","186079.0","ECM1 U/G 2M05CH RRAP","HEJ4","","","","","","","","","","","20779470","2016-12-06","","NRAIL","","","","","Up Slow","","TQ 31286 00000"
"20795849","ECM1","5.0193","QE","","5.0193","0","","MAR","","530227.4","190706.4","BOUNDS GREEN DEPOT","HEJ4","","","","","","","","","","","20795849","2024-10-21","","NRAIL","","","","","All/Multiple Tracks","///lanes.speech.jump~
RRV and vehicle access. Access to site must be planned with and authorised by Hitachi sidings. Sign in with Hitachi on arrival.~
Multiple lines and RRV points at the site. Must be authorised in advance with Hitachi.~
Should only be used as access for maintenance within Bounds Green Depot, unless otherwise agreed with Hitachi.~
Sidings T4 possession must be in place to work at this site.","TQ 30227 90706"
"20786088","ECM1","5.0588","QE","","5.0588","2200","","MAR","","529884.0","190914.0","DAGMAR ROAD/FEED STN RRAP","HEJ4","","","","","","","","","","","20786088","2021-10-08","","NRAIL","","","","","Down Slow","Loaded from AFM data after being matched AFTE with no record in NHD. Needs to be verified on site.","TQ 29884 90913"
"20779464","ECM1","7.066","QE","","7.066","0","","MAR","","527863.0","193459.0","NEW SOUTHGATE UP SLOW & FAST","HEJ4","","","","","","","","","","","20779464","2016-12-06","","NRAIL","","","","","All/Multiple Tracks","","TQ 27893 40000"
"20786089","ECM1","12.1617","QE","","12.1617","1200","","MAR","","524830.0","201642.0","POTTERS BAR RELAY ROOM","HEJ4","","","","","","","","","","","20786089","2021-10-08","","NRAIL","","","","","Up Slow","Loaded from AFM data after being matched AFTE with no record in NHD. Needs to be verified on site.","TL 24829 01642"
"20786094","ECM1","21.1613","QE","","21.1613","2100","","MAR","","524667.0","215358.0","WELWYN NORTH RRAP","HEJ4","","","","","","","","","","","20786094","2021-10-08","","NRAIL","","","","","Down Main/Fast","Loaded from AFM data after being matched AFTE with no record in NHD. Needs to be verified on site.","TL 24666 15358"
"20786093","ECM1","21.1614","QE","","21.1614","1100","","MAR","","524670.0","215358.0","WELWYN NORTH RRAP","HEJ4","","","","","","","","","","","20786093","2021-10-08","","NRAIL","","","","","Up Main/Fast","Loaded from AFM data after being matched AFTE with no record in NHD. Needs to be verified on site.","TL 24670 15357"
"20786101","ECM1","35.1098","QE","","35.1098","1200","","MAR","","518938.0","235457.0","THREE COUNTIES","HEJ4","","","","","","","","","","","20786101","2021-10-08","","NRAIL","","","","","Up Slow","Loaded from AFM data after being matched AFTE with no record in NHD. Needs to be verified on site.","TL 18938 35457"
"20786102","ECM1","35.1098","QE","","35.1098","2100","","MAR","","518930.0","235458.0","THREE COUNTIES","HEJ4","","","","","","","","","","","20786102","2021-10-08","","NRAIL","","","","","Down Main/Fast","Loaded from AFM data after being matched AFTE with no record in NHD. Needs to be verified on site.","TL 18929 35457"
"20779474","ECM1","35.11","QE","","35.11","0","","MAR","","518933.0","235459.0","THREE COUNTIES","HEJ4","","","","","","","","","","","20779474","2016-12-06","","NRAIL","","","","","All/Multiple Tracks","","TL 18935 40000"
"20779491","ECM1","49.1452","QE","","49.1452","0","","MAR","","518723.0","257858.0","LITTLE BARFORD RRAP","HEJ2","","","","","","","","","","","20779491","2016-12-06","","NRAIL","","","","","All/Multiple Tracks","","TL 18757 80000"
"20779492","ECM1","59.0044","QE","","59.0044","3902","","MAR","","523315.0","271888.0","HUNTINGDON RRAP","HEJ2","","","","","","","","","","","20779492","2019-02-26","","NRAIL","","","","","","","TL 23371 80000"
"20786116","ECM1","74.1743","QE","","74.1743","2100","","MAR","","519150.0","296787.0","FLETTON YARD","HEJ2","","","","","","","","","","","20786116","2021-10-08","","NRAIL","","","","","Down Main/Fast","Loaded from AFM data after being matched AFTE with no record in NHD. Needs to be verified on site.","TL 19150 96786"
"20779490","ECM1","77.011","QE","","77.011","0","","MAR","","518224.0","299914.0","EASTFIELD SIDING","HEJ2","","","","","","","","","","","20779490","2016-12-06","","NRAIL","","","","","All/Multiple Tracks","","TL 18299 90000"
"20779484","ECM1","77.1452","QE","","77.1452","1200","","MAR","","517734.0","301039.0","BRETTON RRAP","HEJ2","","","","","","","","","","","20779484","2016-12-06","","NRAIL","","","","","Up Slow","","TF 17701 00000"
"20779488","ECM1","87.11","QE","","87.11","0","","MAR","","505910.0","311254.0","ESSENDINE YARD <ALL LINES>","HEJ2","","","","","","","","","","","20779488","2016-12-06","","NRAIL","","","","","All/Multiple Tracks","","TF 05911 20000"
"20779485","ECM1","88.0572","QE","","88.0572","0","","MAR","","505047.0","311973.0","ESSENDINE RRAP","HEJ2","","","","","","","","","","","20779485","2016-12-06","","NRAIL","","","","","All/Multiple Tracks","","TF 05011 90000"
"20779487","ECM1","88.088","QE","","88.088","0","","MAR","","505047.0","311973.0","ESSENDINE RRAP","HEJ2","","","","","","","","","","","20779487","2016-12-06","","NRAIL","","","","","All/Multiple Tracks","","TF 05011 90000"
"20786125","ECM1","88.0946","QE","","88.0946","2200","","MAR","","504805.0","312220.0","ESSENDINE YARD <ALL LINES>","HEJ2","","","","","","","","","","","20786125","2021-10-08","","NRAIL","","","","","Down Slow","Loaded from AFM data after being matched AFTE with no record in NHD. Needs to be verified on site.","TF 04805 12219"
"20779486","ECM1","97.022","QE","","97.022","0","","MAR","","498564.0","324451.0","CORBY GLEN RRAP","HEJ2","","","","","","","","","","","20779486","2016-12-06","","NRAIL","","","","","All/Multiple Tracks","","SK 98524 40000"
"20779489","ECM1","97.0264","QE","","97.0264","0","","MAR","","498539.0","324480.0","CORBY GLEN","HEJ2","","","","","","","","","","","20779489","2021-06-22","","NRAIL","","","","","All/Multiple Tracks"," ","SK 98524 40000"
"20779459","ECM1","101.165","QE","","101.165","1200","","MAR","","493351.0","330238.0","PONTON YARD RRAP","HEJ3","","","","","","","","","","","20779459","2019-02-13","","NRAIL","","","","","Up Slow","","SK 93330 20000"
"20779458","ECM1","105.055","QE","","105.055","0","","MAR","","491498.0","335044.0","GRANTHAM RRAP","HEJ3","","","","","","","","","","","20779458","2016-12-07","","NRAIL","","","","","All/Multiple Tracks","","SK 91435 00000"
"20786133","ECM1","109.1028","QE","","109.1028","1100","","MAR","","491283.0","341761.0","BARKSTON SOUTH JCN","HEJ3","","","","","","","","","","","20786133","2021-10-08","","NRAIL","","","","","Up Main/Fast","Loaded from AFM data after being matched AFTE with no record in NHD. Needs to be verified on site.","SK 91282 41761"
"20786134","ECM1","109.1029","QE","","109.1029","2100","","MAR","","491279.0","341761.0","BARKSTON SOUTH JCN","HEJ3","","","","","","","","","","","20786134","2021-10-08","","NRAIL","","","","","Down Main/Fast","Loaded from AFM data after being matched AFTE with no record in NHD. Needs to be verified on site.","SK 91279 41760"
"20786136","ECM1","110.1496","QE","","110.1496","1100","","MAR","","490619.0","343681.0","FRINKLEY LANE RRAP","HEJ3","","","","","","","","","","","20786136","2021-10-08","","NRAIL","","","","","Up Main/Fast","Loaded from AFM data after being matched AFTE with no record in NHD. Needs to be verified on site.","SK 90618 43681"
"20779457","ECM1","120.0001","QE","","120.0001","0","","MAR","","480575.0","354298.0","NEWARK YARD RRAP","HEJ3","","","","","","","","","","","20779457","2016-12-07","","NRAIL","","","","","All/Multiple Tracks","","SK 80584 30000"
"20783409","ECM1","148.143","QE","","148.143","2100","","MAR","","464829.0","394934.0","KINGSWOOD RRV","HEJ3","","","","","","","","","","","20783409","2021-06-24","","NRAIL","","","","","Down Main/Fast","Potential risk of vandalism at site. Arrange delivery & collection on night of work. Stabling not recomended.","SK 00648 00947"
"20779454","ECM1","151.055","QE","","151.055","2100","","MAR","","462102.0","398267.0","ROSSINGTON DN MAIN RRAP","HEJ3","","","","","","","","","","","20779454","2019-02-13","","NRAIL","","","","","Down Main/Fast","","SK 62198 20000"
"20779509","ECM1","155.1012","QE","","155.1012","0","","MAR","","457122.0","402522.0","DONCASTER STATION CARRIAGE SIDINGS","HEJ3","","","","","","","","","","","20779509","2024-06-26","","NRAIL","","","","","All/Multiple Tracks","Road/Rail Access Point on Carriage Siding No.2","SE 57102 50000"
"20779448","ECM1","155.143","QE","","155.143","0","","MAR","","457092.0","402910.0","Dead End - Wabtec Yard","HEJ3","","","","","","","","","","","20779448","2024-06-26","","NRAIL","","","","","All/Multiple Tracks","WABTEC YARD/DONCASTER PLANT RRAP timing.grace.river",""
"20776780","ECM1","0.0462","QE","","0.0462","2200","","MAV","","530270.0","183300.0","KINGS CROSS STATION CAR PARK","HEJ4","","","","","","","","","","","20776780","2019-05-21","","NRAIL","","","","","Down Slow","Gate access via the Kings Cross shared services yard entrance on Goods Way.","TQ 30200 83300"
"20786083","ECM1","0.1035","QE","","0.1035","3106","","MAV","","530261.0","183962.0","BELLE ISLE PED","HEJ4","","","","","","","","","","","20786083","2021-10-08","","NRAIL","","","","","","Loaded from AFM data after being matched AFTE with no record in NHD. Needs to be verified on site.","TQ 30261 83961"
"20786084","ECM1","1.0306","QE","","1.0306","2200","","MAV","","530471.0","184875.0","COPENHAGEN TUNNEL","HEJ4","","","","","","","","","","","20786084","2021-10-08","","NRAIL","","","","","Down Slow","Loaded from AFM data after being matched AFTE with no record in NHD. Needs to be verified on site.","TQ 30471 84875"
"20662430","ECM1","1.077","QE","","1.077","1200","","MAV","","530686.0","185240.0","HORNSEY STREET","HEJ4","","","","","","","","","","","20662430","2016-12-05","","NRAIL","","","","","Up Slow","Hornsey Road Access Gate.","TQ 30686 85240"
"20786230","ECM1","1.1384","QE","","1.1384","1200","","MAV","","531045.0","185669.0","HORNSEY STREET","HEJ4","","","","","","","","","","","20786230","2021-10-13","","NRAIL","","","","","Up Slow"," ","TQ 31045 85669"
"20786231","ECM1","1.1744","QE","","1.1744","2300","","MAV","","531170.0","185981.0","STEVE BEKO CLOSE","HEJ4","","","","","","","","","","","20786231","2021-10-13","","NRAIL","","","","","Down Goods"," ","TQ 31170 85980"
"20662432","ECM1","2.0176","QE","","2.0176","1202","","MAV","","531197.0","185986.0","HIGHBURY VALE ECOLOGY CENTRE","HEJ4","","","","","","","","","","","20662432","2019-02-27","","NRAIL","","","","","","","TQ 31197 85986"
"20786232","ECM1","2.0995","QE","","2.0995","2200","","MAV","","531343.0","186873.0","FINSBURY PARK STATION","HEJ4","","","","","","","","","","","20786232","2021-10-13","","NRAIL","","","","","Down Slow"," ","TQ 31342 86872"
"20786233","ECM1","2.0996","QE","","2.0996","2101","","MAV","","531333.0","186874.0","FINSBURY PARK STATION","HEJ4","","","","","","","","","","","20786233","2021-10-13","","NRAIL","","","","",""," ","TQ 31333 86873"
"20786234","ECM1","2.1078","QE","","2.1078","2100","","MAV","","531355.0","186947.0","FINSBURY PARK STATION","HEJ4","","","","","","","","","","","20786234","2021-10-13","","NRAIL","","","","","Down Main/Fast"," ","TQ 31355 86946"
"20786235","ECM1","2.1098","QE","","2.1098","1100","","MAV","","531366.0","186964.0","FINSBURY PARK STATION","HEJ4","","","","","","","","","","","20786235","2021-10-13","","NRAIL","","","","","Up Main/Fast"," ","TQ 31366 86964"
"20786236","ECM1","2.1103","QE","","2.1103","1202","","MAV","","531379.0","186968.0","FINSBURY PARK STATION","HEJ4","","","","","","","","","","","20786236","2021-10-13","","NRAIL","","","","",""," ","TQ 31378 86967"
"20786237","ECM1","2.1118","QE","","2.1118","1200","","MAV","","531372.0","186982.0","FINSBURY PARK STATION","HEJ4","","","","","","","","","","","20786237","2021-10-13","","NRAIL","","","","","Up Slow"," ","TQ 31372 86982"
"20786086","ECM1","3.037","QE","","3.037","2200","","MAV","","531400.0","187909.0","DAGMAR ROAD HARRINGAY","HEJ4","","","","","","","","","Authorised Access Point - Vehicle","","20786086","2024-11-25","","NRAIL","","","","","Down Slow","","TQ 31400 87908"
"20662438","ECM1","3.0748","QE","","3.0748","2200","","MAV","","531375.0","188251.0","FERME PARK RELAY ROOM","HEJ4","","","","","","","","","","","20662438","2016-12-05","","NRAIL","","","","","Down Slow","","TQ 31375 88251"
"20662439","ECM1","3.1034","QE","","3.1034","2200","","MAV","","531321.0","188422.0","FERME PARK TURNTABLE","HEJ4","","","","","","","","","","","20662439","2019-02-26","","NRAIL","","","","","Down Slow","","TQ 31321 88422"
"20786238","ECM1","3.1041","QE","","3.1041","2907","","MAV","","531243.0","188484.0","FERME PARK TURNTABLE","HEJ4","","","","","","","","","","","20786238","2021-10-13","","NRAIL","","","","",""," ","TQ 31242 88484"
"20786239","ECM1","3.1043","QE","","3.1043","2909","","MAV","","531235.0","188481.0","FERME PARK TURNTABLE","HEJ4","","","","","","","","","","","20786239","2021-10-13","","NRAIL","","","","",""," ","TQ 31235 88481"
"20779587","ECM1","3.1518","QE","","3.1518","2200","","MAV","","531297.0","188478.0","FERME PARK SIDING","HEJ4","","","","","","","","","","","20779587","2019-02-27","","NRAIL","","","","","Down Slow","","TQ 31297 88478"
"20662443","ECM1","4.0154","QE","","4.0154","1202","","MAV","","530920.0","189207.0","HORNSEY CARRIAGE SIDINGS","HEJ4","","","","","","","","","","","20662443","2019-02-26","","NRAIL","","","","","","","TQ 30920 89207"
"20662444","ECM1","4.0154","QE","","4.0154","1202","","MAV","","530920.0","189207.0","HORNSEY EMU DEPOT","HEJ4","","","","","","","","","","","20662444","2019-02-26","","NRAIL","","","","","","","TQ 30920 89207"
"20786087","ECM1","4.0551","QE","","4.0551","2253","","MAV","","530757.0","189536.0","HORNSEY WASHERS?","HEJ4","","","","","","","","","","","20786087","2021-10-08","","NRAIL","","","","","","Loaded from AFM data after being matched AFTE with no record in NHD. Needs to be verified on site.","TQ 30756 89535"
"120000102","ECM1","4.1184","QE","","4.1184","3900","","MAV","","530528.0","190065.0","Heartlands School","HEJ4","","","","","","","","","Authorised Access Point - Vehicle","","120000102","2024-11-25","","","","","","","Rev Siding","Authorised access only, access via school grounds.",""
"20788848","ECM1","4.1716","QE","","4.1716","2200","","MAV","","530274.0","190481.0","ALEXANDRA PALACE","HEJ4","","","","","","","","","","","20788848","2023-02-01","","NRAIL","","","","","Down Slow","","TQ 30274 90481"
"20662449","ECM1","5.0484","QE","","5.0484","2200","","MAV","","529967.0","190845.0","DAGMAR ROAD","HEJ4","","","","","","","","","","","20662449","2016-12-05","","NRAIL","","","","","Down Slow","","TQ 29967 90845"
"20662450","ECM1","6.0066","QE","","6.0066","1200","","MAV","","529075.0","191691.0","BOUNDS GREEN IND ESTATE","HEJ4","","","","","","","","","","","20662450","2016-12-05","","NRAIL","","","","","Up Slow","","TQ 29075 91691"
"20772818","ECM1","6.1584","QE","","6.1584","1200","","MAV","","528274.0","192821.0","WINTERS YARD","HEJ4","","","","","","","","","","","20772818","2016-12-05","","NRAIL","","","","","Up Slow","21/12/07 ASSET CREATED - AS","TQ 28274 92821"
"20662453","ECM1","7.0616","QE","","7.0616","1200","","MAV","","527884.0","193427.0","NORTEL COMMUNICATIONS","HEJ4","","","","","","","","","","","20662453","2016-12-05","","NRAIL","","","","","Up Slow","","TQ 27884 93427"
"20662456","ECM1","8.0792","QE","","8.0792","2200","","MAV","","526929.0","194914.0","OAKLEIGH PARK PWAY","HEJ4","","","","","","","","","","","20662456","2016-12-05","","NRAIL","","","","","Down Slow","","TQ 26929 94914"
"20779806","ECM1","9.0022","QE","","9.0022","1200","","MAV","","526595.0","195757.0","NEW BARNET GROUND FRAME","HEJ4","","","","","","","","","","","20779806","2017-02-07","","NRAIL","","","","","Up Slow","","TQ 26525 95967"
"20662459","ECM1","9.0264","QE","","9.0264","1200","","MAV","","526525.0","195967.0","NEW BARNET UP SIDINGS","HEJ4","","","","","","","","","","","20662459","2016-12-05","","NRAIL","","","","","Up Slow","","TQ 26525 95967"
"20786240","ECM1","9.0296","QE","","9.0296","1200","","MAV","","526527.0","195998.0","NEW BARNET UP SIDINGS","HEJ4","","","","","","","","","","","20786240","2021-10-13","","NRAIL","","","","","Up Slow"," ","TQ 26526 95998"
"120000104","ECM1","10.0032","QE","","10.0032","2200","","MAV","","526276.2","197339.1","Greenwood/Folly Farm","HEJ4","","","","","","","","","Authorised Access Point - Vehicle","","120000104","2024-11-25","","","","","","","Down Slow","Vehicle gate is adjacent to 'Hadley Wood BR45'. There is then a drive down to trackside.",""
"20662461","ECM1","10.1012","QE","","10.1012","2200","","MAV","","526225.0","198230.0","HADLEY WOOD STATION","HEJ4","","","","","","","","","","","20662461","2016-12-05","","NRAIL","","","","","Down Slow","","TQ 26225 98230"
"20662462","ECM1","10.1452","QE","","10.1452","2200","","MAV","","526200.0","198632.0","HADLEY WOOD GANWICK","HEJ4","","","","","","","","","","","20662462","2019-10-16","","NRAIL","","","","","Down Slow","","TQ 26200 98632"
"20786090","ECM1","15.0478","QE","","15.0478","2200","","MAV","","523903.0","205259.0","SKIDPAN BR54 DN","HEJ4","","","","","","","","","","","20786090","2021-10-08","","NRAIL","","","","","Down Slow","Loaded from AFM data after being matched AFTE with no record in NHD. Needs to be verified on site.","TL 23902 05259"
"20786091","ECM1","15.1001","QE","","15.1001","2200","","MAV","","523671.0","205674.0","WELHAM GREEN STATION","HEJ4","","","","","","","","","","","20786091","2021-10-08","","NRAIL","","","","","Down Slow","Loaded from AFM data after being matched AFTE with no record in NHD. Needs to be verified on site.","TL 23671 05674"
"20786092","ECM1","15.1037","QE","","15.1037","2200","","MAV","","523652.0","205701.0","WELHAM GREEN STATION","HEJ4","","","","","","","","","","","20786092","2021-10-08","","NRAIL","","","","","Down Slow","Loaded from AFM data after being matched AFTE with no record in NHD. Needs to be verified on site.","TL 23652 05700"
"20772437","ECM1","15.143","QE","","15.143","2200","","MAV","","523460.0","205979.0","WELHAM GREEN","HEJ4","","","","","","","","","","","20772437","2019-06-11","","NRAIL","","","","","Down Slow","","TL 23460 05979"
"20662478","ECM1","17.1188","QE","","17.1188","1200","","MAV","","523217.0","208752.0","HATFIELD STATION CAR PARK","HEJ4","","","","","","","","","","","20662478","2016-12-05","","NRAIL","","","","","Up Slow","","TL 23217 08752"
"20662479","ECM1","17.154","QE","","17.154","2200","","MAV","","523218.0","209073.0","HATFIELD RELAY ROOM","HEJ4","","","","","","","","","","","20662479","2016-12-05","","NRAIL","","","","","Down Slow","","TL 23218 09073"
"20662482","ECM1","19.0616","QE","","19.0616","1200","","MAV","","523503.0","211393.0","BOROFIELD ROAD FEEDER STATION","HEJ4","","","","","","","","","","","20662482","2016-12-05","","NRAIL","","","","","Up Slow","","TL 23503 11393"
"20786241","ECM1","20.0563","QE","","20.0563","1907","","MAV","","524003.0","212876.0","WGC STATION YARD","HEJ4","","","","","","","","","","","20786241","2021-10-13","","NRAIL","","","","","","Created from AFM data to match an identifed track entrance. Requires phyiscal verification.","TL 24003 12875"
"20662485","ECM1","20.0594","QE","","20.0594","1900","","MAV","","523974.0","212914.0","WGC STATION YARD","HEJ4","","","","","","","","","","","20662485","2016-12-05","","NRAIL","","","","","Up Siding","","TL 23974 12914"
"20662486","ECM1","20.0946","QE","","20.0946","2200","","MAV","","524062.0","213223.0","WGC EMU COLLEGE WAY","HEJ4","","","","","","","","","","","20662486","2016-12-05","","NRAIL","","","","","Down Slow","","TL 24062 13223"
"20541744","ECM1","21.044","QE","","21.044","2100","","MAV","","524377.0","214325.0","Digswell - Byfield Road","HEJ4","","","","","","","","","","","20541744","2019-06-11","","NRAIL","","","","","Down Main/Fast","Authorised Access Point. According to the BBRM Lineside Access Handbook.","TL 24377 14325"
"20662495","ECM1","25.0044","QE","","25.0044","1200","","MAV","","524930.0","220248.0","KNEBWORTH STATION","HEJ4","","","","","","","","","","","20662495","2016-12-05","","NRAIL","","","","","Up Slow","","TL 24930 20248"
"20786095","ECM1","25.0065","QE","","25.0065","2100","","MAV","","524922.0","220265.0","KNEBWORTH STATION","HEJ4","","","","","","","","","","","20786095","2021-10-08","","NRAIL","","","","","Down Main/Fast","Loaded from AFM data after being matched AFTE with no record in NHD. Needs to be verified on site.","TL 24922 20264"
"20786096","ECM1","25.1304","QE","","25.1304","2200","","MAV","","524590.0","221352.0","KNEBWORTH GOLF COURSE","HEJ4","","","","","","","","","","","20786096","2021-10-08","","NRAIL","","","","","Down Slow","Loaded from AFM data after being matched AFTE with no record in NHD. Needs to be verified on site.","TL 24590 21351"
"20772446","ECM1","26.1466","QE","","26.1466","2200","","MAV","","523978.0","222800.0","BROADHALL WAY BR82B","HEJ4","","","","","","","","","","","20772446","2019-07-02","","NRAIL","","","","","Down Slow","","TL 23978 22800"
"20786097","ECM1","27.1075","QE","","27.1075","1200","","MAV","","523449.0","224121.0","STEVENAGE STN","HEJ4","","","","","","","","","","","20786097","2021-10-08","","NRAIL","","","","","Up Slow","Loaded from AFM data after being matched AFTE with no record in NHD. Needs to be verified on site.","TL 23449 24121"
"20662498","ECM1","27.1276","QE","","27.1276","2200","","MAV","","523376.0","224290.0","ARGYLE WAY","HEJ4","","","","","","","","","","","20662498","2016-12-05","","NRAIL","","","","","Down Slow","","TL 23376 24290"
"20772448","ECM1","28.0792","QE","","28.0792","1200","","MAV","","522974.0","225386.0","STEVENAGE OLD STATION","HEJ4","","","","","","","","","","","20772448","2019-06-11","","NRAIL","","","","","Up Slow","","TL 22974 25386"
"20662500","ECM1","28.088","QE","","28.088","2200","","MAV","","522944.0","225462.0","MAYLES CLOSE","HEJ4","","","","","","","","","","","20662500","2016-12-05","","NRAIL","","","","","Down Slow","","TL 22944 25462"
"20786242","ECM1","29.1614","QE","","29.1614","2200","","MAV","","521719.0","227362.0","LITTLE WYMONDLEY","HEJ4","","","","","","","","","","","20786242","2021-10-13","","NRAIL","","","","","Down Slow","Created from AFM data to match an identifed track entrance. Requires phyiscal verification.","TL 21719 27362"
"20662506","ECM1","31.11","QE","","31.11","1200","","MAV","","519776.0","229305.0","BRIDGE 100","HEJ4","","","","","","","","","","","20662506","2016-12-05","","NRAIL","","","","","Up Slow","ACCESS OFF ST. MICHAELS ROAD, HITCHIN","TL 19776 29305"
"20662507","ECM1","31.1144","QE","","31.1144","2200","","MAV","","519751.0","229336.0","HITCHIN STATION CAR PARK SOUTH END","HEJ4","","","","","","","","","","","20662507","2016-12-05","","NRAIL","","","","","Down Slow","","TL 19751 29336"
"20662508","ECM1","31.154","QE","","31.154","1900","","MAV","","519536.0","229624.0","ST. MICHAELS ROAD, HITCHIN","HEJ4","","","","","","","","","","","20662508","2019-02-26","","NRAIL","","","","","Up Siding","","TL 19536 29624"
"20786098","ECM1","31.1724","QE","","31.1724","1200","","MAV","","519445.0","229762.0","HITCHIN STN STAFF XING","HEJ4","","","","","","","","","","","20786098","2021-10-08","","NRAIL","","","","","Up Slow","Loaded from AFM data after being matched AFTE with no record in NHD. Needs to be verified on site.","TL 19444 29762"
"20786099","ECM1","31.1724","QE","","31.1724","3900","","MAV","","519457.0","229772.0","HITCHIN STN STAFF XING","HEJ4","","","","","","","","","","","20786099","2021-10-08","","NRAIL","","","","","Rev Siding","Loaded from AFM data after being matched AFTE with no record in NHD. Needs to be verified on site.","TL 19457 29771"
"20786100","ECM1","31.1724","QE","","31.1724","3904","","MAV","","519461.0","229774.0","HITCHIN STN STAFF XING","HEJ4","","","","","","","","","","","20786100","2021-10-08","","NRAIL","","","","","","Loaded from AFM data after being matched AFTE with no record in NHD. Needs to be verified on site.","TL 19460 29774"
"20772451","ECM1","32.022","QE","","32.022","2900","","MAV","","519302.0","229945.0","HITCHIN DOWN YARD","HEJ4","","","","","","","","","","","20772451","2019-06-11","","NRAIL","","","","","Down Siding","","TL 19302 29945"
"20772452","ECM1","32.077","QE","","32.077","1200","","MAV","","518848.0","230843.0","RIVER PURNELL BR 105","HEJ4","","","","","","","","","","","20772452","2019-06-11","","NRAIL","","","","","Up Slow","","TL 18848 30843"
"20662512","ECM1","33.1496","QE","","33.1496","1200","","MAV","","518838.0","232608.0","BROOKERS YARD","HEJ4","","","","","","","","","","","20662512","2016-12-05","","NRAIL","","","","","Up Slow","","TL 18838 32608"
"20772453","ECM1","34.1166","QE","","34.1166","2200","","MAV","","518880.0","233910.0","FOUNTAINS","HEJ4","","","","","","","","","","","20772453","2019-06-11","","NRAIL","","","","","Down Slow","","TL 18880 33910"
"20662514","ECM1","35.1056","QE","","35.1056","2200","","MAV","","518930.0","235421.0","THREE COUNTIES OLD STATION","HEJ4","","","","","","","","","","","20662514","2016-12-05","","NRAIL","","","","","Down Slow","ACCESS VIA MILL LANE, ARLESEY","TL 18930 35421"
"20772454","ECM1","35.11","QE","","35.11","2200","","MAV","","518931.0","235461.0","MILL LANE","HEJ4","","","","","","","","","","","20772454","2019-06-11","","NRAIL","","","","","Down Slow","","TL 18931 35461"
"20662515","ECM1","35.1122","QE","","35.1122","1200","","MAV","","518932.0","235481.0","THREE COUNTIES OLD STATION <HOSPITAL ROAD>","HEJ4","","","","","","","","","","","20662515","2016-12-05","","NRAIL","","","","","Up Slow","","TL 18932 35481"
"20786103","ECM1","36.0347","QE","","36.0347","2200","","MAV","","518953.0","236380.0","COOP LC","HEJ4","","","","","","","","","","","20786103","2021-10-08","","NRAIL","","","","","Down Slow","Loaded from AFM data after being matched AFTE with no record in NHD. Needs to be verified on site.","TL 18953 36379"
"20772455","ECM1","36.0352","QE","","36.0352","2200","","MAV","","518965.0","236446.0","COOP LC","HEJ4","","","","","","","","","","","20772455","2019-06-11","","NRAIL","","","","","Down Slow","","TL 18965 36446"
"20662517","ECM1","37.033","QE","","37.033","1200","","MAV","","519068.0","237959.0","ARLESEY STATION CAR PARK","HEJ4","","","","","","","","","","","20662517","2017-04-12","","NRAIL","","","","","Up Slow","","TL 19068 37959"
"20786243","ECM1","39.0756","QE","","39.0756","2100","","MAV","","519220.0","241569.0","EAST ROAD LANGFORD LC","HEJ4","","","","","","","","","","","20786243","2021-10-13","","NRAIL","","","","","Down Main/Fast","Created from AFM data to match an identifed track entrance. Requires phyiscal verification.","TL 19220 41568"
"20662522","ECM1","40.011","QE","","40.011","2200","","MAV","","519255.0","242587.0","HOLME GREEN","HEJ4","","","","","","","","","","","20662522","2019-02-26","","NRAIL","","","","","Down Slow","NEIGHBOURING PROPERTY MUST BE NOTIFIED AND ACCESS AGREED AT LEAST 14 DAYS PRIOR TO WORK COMMENCING.  CONTACT MAINTENANCE PROTECTION COORDINATOR FOR DETAILS.","TL 19255 42587"
"20786244","ECM1","40.0144","QE","","40.0144","2100","","MAV","","519253.0","242618.0","HOLME GREEN","HEJ4","","","","","","","","","","","20786244","2021-10-13","","NRAIL","","","","","Down Main/Fast","Created from AFM data to match an identifed track entrance. Requires phyiscal verification.","TL 19253 42618"
"20786104","ECM1","40.1734","QE","","40.1734","3902","","MAV","","519252.0","244073.0","BIGGLESWADE SIDING","HEJ4","","","","","","","","","","","20786104","2021-10-08","","NRAIL","","","","","","Loaded from AFM data after being matched AFTE with no record in NHD. Needs to be verified on site.","TL 19252 44072"
"20662523","ECM1","41.0176","QE","","41.0176","2200","","MAV","","519279.0","244259.0","BIGGLESWADE STATION","HEJ4","","","","","","","","","","","20662523","2016-12-05","","NRAIL","","","","","Down Slow","","TL 19279 44259"
"20786105","ECM1","43.1625","QE","","43.1625","2904","","MAV","","517859.0","248483.0","ROYSTON","HEJ2","","","","","","","","","","","20786105","2021-10-08","","NRAIL","","","","","","Loaded from AFM data after being matched AFTE with no record in NHD. Needs to be verified on site.","TL 17858 48483"
"20662526","ECM1","44.011","QE","","44.011","2200","","MAV","","517806.0","248702.0","Sandy Relay Room","HEJ2","","","","","","","","","","","20662526","2023-07-24","","NRAIL","","","","","Down Slow","","TL 17806 48702"
"20662527","ECM1","44.0374","QE","","44.0374","1200","","MAV","","517740.0","248932.0","Bridge 118 Sandy Station North Upside","HEJ2","","","","","","","","","","","20662527","2021-06-23","","NRAIL","","","","","Up Slow"," ","TL 17740 48932"
"20769121","ECM1","44.1034","QE","","44.1034","1200","","MAV","","517647.0","249530.0","Bridge 121","HEJ2","","","","","","","","","","","20769121","2016-12-05","","NRAIL","","","","","Up Slow","","TL 17647 49530"
"20786106","ECM1","44.1378","QE","","44.1378","1200","","MAV","","517652.0","249845.0","SANDY NORTH POINTS","HEJ2","","","","","","","","","","","20786106","2021-10-08","","NRAIL","","","","","Up Slow","Loaded from AFM data after being matched AFTE with no record in NHD. Needs to be verified on site.","TL 17652 49844"
"20786107","ECM1","44.1426","QE","","44.1426","1200","","MAV","","517653.0","249890.0","SANDY NORTH POINTS","HEJ2","","","","","","","","","","","20786107","2021-10-08","","NRAIL","","","","","Up Slow","Loaded from AFM data after being matched AFTE with no record in NHD. Needs to be verified on site.","TL 17652 49889"
"20786245","ECM1","45.0916","QE","","45.0916","1200","","MAV","","517667.0","251034.0","BRIDGE 123 NEW ZEALAND","HEJ2","","","","","","","","","","","20786245","2021-10-13","","NRAIL","","","","","Up Slow","Created from AFM data to match an identifed track entrance. Requires phyiscal verification.","TL 17667 51033"
"20786246","ECM1","46.0669","QE","","46.0669","2100","","MAV","","517813.0","252409.0","EVERTON CCTV L/C","HEJ2","","","","","","","","","","","20786246","2021-10-13","","NRAIL","","","","","Down Main/Fast","Created from AFM data to match an identifed track entrance. Requires phyiscal verification.","TL 17813 52408"
"20662532","ECM1","46.0682","QE","","46.0682","2200","","MAV","","517815.0","252420.0","Everton CCTV L/C","HEJ2","","","","","","","","","","","20662532","2016-12-05","","NRAIL","","","","","Down Slow","","TL 17815 52420"
"20786247","ECM1","47.0834","QE","","47.0834","2100","","MAV","","518029.0","254156.0","TEMPSFORD CCTV L/C","HEJ2","","","","","","","","","","","20786247","2021-10-13","","NRAIL","","","","","Down Main/Fast","Created from AFM data to match an identifed track entrance. Requires phyiscal verification.","TL 18028 54155"
"20662533","ECM1","47.0836","QE","","47.0836","1200","","MAV","","518030.0","254158.0","Tempsford CCTV L/C","HEJ2","","","","","","","","","","","20662533","2019-02-27","","NRAIL","","","","","Up Slow","","TL 18030 54158"
"20772465","ECM1","49.1584","QE","","49.1584","2200","","MAV","","518768.0","257971.0","LITTLE BARFORD","HEJ2","","","","","","","","","","","20772465","2019-06-11","","NRAIL","","","","","Down Slow","","TL 18768 57971"
"20786108","ECM1","51.0812","QE","","51.0812","2900","","MAV","","519647.0","260319.0","ST NEOTS DOWN SIDING","HEJ2","","","","","","","","","","","20786108","2021-10-08","","NRAIL","","","","","Down Siding","Loaded from AFM data after being matched AFTE with no record in NHD. Needs to be verified on site.","TL 19647 60319"
"20662540","ECM1","51.0858","QE","","51.0858","1200","","MAV","","519677.0","260357.0","St Neots Relay Room","HEJ2","","","","","","","","","","","20662540","2017-04-12","","NRAIL","","","","","Up Slow","","TL 19677 60357"
"20786109","ECM1","51.114","QE","","51.114","1900","","MAV","","519785.0","260592.0","ST NEOTS UP REFUGE SIDING","HEJ2","","","","","","","","","","","20786109","2021-10-08","","NRAIL","","","","","Up Siding","Loaded from AFM data after being matched AFTE with no record in NHD. Needs to be verified on site.","TL 19785 60592"
"20786110","ECM1","51.1254","QE","","51.1254","1900","","MAV","","519822.0","260690.0","ST NEOTS UP REFUGE SIDING","HEJ2","","","","","","","","","","","20786110","2021-10-08","","NRAIL","","","","","Up Siding","Loaded from AFM data after being matched AFTE with no record in NHD. Needs to be verified on site.","TL 19822 60690"
"20769118","ECM1","51.154","QE","","51.154","2200","","MAV","","519883.0","260946.0","St Neots Car Park","HEJ2","","","","","","","","","","","20769118","2016-12-06","","NRAIL","","","","","Down Slow","","TL 19883 60946"
"20769119","ECM1","51.154","QE","","51.154","2200","","MAV","","519763.0","260583.0","OLD COAL YARD","HEJ2","","","","","","","","","","","20769119","2019-02-26","","NRAIL","","","","","Down Slow","","TL 19763 60583"
"20662542","ECM1","52.0198","QE","","52.0198","2200","","MAV","","519961.0","261320.0","Bridge 133 St Neots","HEJ2","","","","","","","","","","","20662542","2016-12-06","","NRAIL","","","","","Down Slow","","TL 19961 61320"
"20786248","ECM1","53.1024","QE","","53.1024","2200","","MAV","","520644.0","263574.0","BRIDGE 136 PAXTON RIVER LANE","HEJ2","","","","","","","","","","","20786248","2021-10-13","","NRAIL","","","","","Down Slow","Created from AFM data to match an identifed track entrance. Requires phyiscal verification.","TL 20644 63573"
"20662546","ECM1","54.0154","QE","","54.0154","1200","","MAV","","520900.0","264346.0","Cardells","HEJ2","","","","","","","","","","","20662546","2019-10-16","","NRAIL","","","","","Up Slow","","TL 20900 64346"
"20662547","ECM1","54.1144","QE","","54.1144","1200","","MAV","","521245.0","265181.0","Angels Old Crossing","HEJ2","","","","","","","","","","","20662547","2021-06-22","","NRAIL","","","","","Up Slow"," ","TL 21245 65181"
"20786111","ECM1","55.0139","QE","","55.0139","1200","","MAV","","521464.0","265834.0","CARDELLS","HEJ2","","","","","","","","","","","20786111","2021-10-08","","NRAIL","","","","","Up Slow","Loaded from AFM data after being matched AFTE with no record in NHD. Needs to be verified on site.","TL 21464 65834"
"20786112","ECM1","55.0519","QE","","55.0519","1200","","MAV","","521550.0","266171.0","NR P326/P328 - PED","HEJ2","","","","","","","","","","","20786112","2021-10-08","","NRAIL","","","","","Up Slow","Loaded from AFM data after being matched AFTE with no record in NHD. Needs to be verified on site.","TL 21550 66170"
"20786270","ECM1","55.1608","QE","","55.1608","1100","","MAV","","521798.0","267128.0","OFFORD CCTV L/C","HEJ2","","","","","","","","","","","20786270","2021-10-13","","NRAIL","","","","","Up Main/Fast","Created from AFM data to match an identifed track entrance. Requires phyiscal verification.","TL 21798 67127"
"20786113","ECM1","56.0702","QE","","56.0702","1200","","MAV","","522030.0","267873.0","EAYERS ACCESS - PED","HEJ2","","","","","","","","","","","20786113","2021-10-08","","NRAIL","","","","","Up Slow","Loaded from AFM data after being matched AFTE with no record in NHD. Needs to be verified on site.","TL 22030 67872"
"20772478","ECM1","57.0975","QE","","57.0975","1200","","MAV","","522631.0","269630.0","BUDGE BRIDGE","HEJ2","","","","","","","","","","","20772478","2021-06-22","","NRAIL","","","","","Up Slow"," ","TL 22631 69630"
"20772058","ECM1","58.0396","QE","","58.0396","1200","","MAV","","522979.0","270653.0","BRIDGE 144 OUSE","HEJ2","","","","","","","","","","","20772058","2021-06-22","","NRAIL","","","","","Up Slow","GN7075 CREATING ASSETS 31/10/07 AS","TL 22979 70653"
"20772061","ECM1","58.1713","QE","","58.1713","2200","","MAV","","523304.0","271807.0","HUNTINGDON D/SIDING","HEJ2","","","","","","","","","","","20772061","2016-12-06","","NRAIL","","","","","Down Slow","GN7075 CREATING ASSETS 31/10/07 AS","TL 23304 71807"
"20772060","ECM1","58.1738","QE","","58.1738","1200","","MAV","","523308.0","271829.0","HUNTINGDON RR","HEJ2","","","","","","","","","","","20772060","2021-06-22","","NRAIL","","","","","Up Slow","GN7075 CREATING ASSETS 31/10/07 AS","TL 23308 71829"
"20786269","ECM1","59.1273","QE","","59.1273","1100","","MAV","","523472.0","273002.0","HUNTINGDON STATION","HEJ2","","","","","","","","","","","20786269","2021-10-13","","NRAIL","","","","","Up Main/Fast","Created from AFM data to match an identifed track entrance. Requires phyiscal verification.","TL 23471 73002"
"20772059","ECM1","59.1276","QE","","59.1276","1200","","MAV","","523225.0","271417.0","HUNTINGDON STATION","HEJ2","","","","","","","","","","","20772059","2019-06-11","","NRAIL","","","","","Up Slow","GN7075 CREATING ASSETS 31/10/07 AS","TL 23225 71417"
"20769113","ECM1","61.0177","QE","","61.0177","1100","","MAV","","523620.0","275202.0","Stukely Old Box","HEJ2","","","","","","","","","","","20769113","2016-12-06","","NRAIL","","","","","Up Main/Fast","","TL 23620 75202"
"20662562","ECM1","61.0704","QE","","61.0704","1100","","MAV","","523456.0","275655.0","Bridge 154 Giffords","HEJ2","","","","","","","","","","","20662562","2016-12-06","","NRAIL","","","","","Up Main/Fast","","TL 23456 75655"
"20772065","ECM1","62.1298","QE","","62.1298","1100","","MAV","","522641.0","277645.0","WHITE HOUSE CROSSING SOUTH","HEJ2","","","","","","","","","","","20772065","2016-12-06","","NRAIL","","","","","Up Main/Fast","GN7075 CREATING ASSETS 31/10/07 AS","TL 22641 77645"
"20662564","ECM1","62.132","QE","","62.132","1100","","MAV","","522634.0","277664.0","White House Crossing North","HEJ2","","","","","","","","","","","20662564","2016-12-06","","NRAIL","","","","","Up Main/Fast","","TL 22634 77664"
"20662565","ECM1","63.044","QE","","63.044","2200","","MAV","","522329.0","278409.0","Abbots Ripton","HEJ2","","","","","","","","","","","20662565","2016-12-06","","NRAIL","","","","","Down Slow","","TL 22329 78409"
"20662566","ECM1","64.0044","QE","","64.0044","1100","","MAV","","521859.0","279565.0","Bridge 157 New England","HEJ2","","","","","","","","","","","20662566","2016-12-06","","NRAIL","","","","","Up Main/Fast","","TL 21859 79565"
"20662568","ECM1","65.0468","QE","","65.0468","2200","","MAV","","521059.0","281394.0","Bridge 160 Green Lane Downside","HEJ2","","","","","","","","","","","20662568","2016-12-06","","NRAIL","","","","","Down Slow","","TL 21059 81394"
"20662569","ECM1","66.0704","QE","","66.0704","1200","","MAV","","520269.0","283039.0","South Entrance Connington Tip","HEJ2","","","","","","","","","","","20662569","2016-12-06","","NRAIL","","","","","Up Slow","","TL 20269 83039"
"20786265","ECM1","67.0061","QE","","67.0061","1200","","MAV","","520069.0","284033.0","CONNINGTON TIP N","HEJ2","","","","","","","","","","","20786265","2021-10-13","","NRAIL","","","","","Up Slow","Created from AFM data to match an identifed track entrance. Requires phyiscal verification.","TL 20069 84033"
"20786266","ECM1","67.0062","QE","","67.0062","2200","","MAV","","520056.0","284033.0","CONNINGTON TIP N","HEJ2","","","","","","","","","","","20786266","2021-10-13","","NRAIL","","","","","Down Slow","Created from AFM data to match an identifed track entrance. Requires phyiscal verification.","TL 20056 84033"
"20786267","ECM1","67.0062","QE","","67.0062","2100","","MAV","","520061.0","284033.0","CONNINGTON TIP N","HEJ2","","","","","","","","","","","20786267","2021-10-13","","NRAIL","","","","","Down Main/Fast","Created from AFM data to match an identifed track entrance. Requires phyiscal verification.","TL 20060 84033"
"20786268","ECM1","67.02","QE","","67.02","1200","","MAV","","520062.0","284161.0","CONNINGTON TIP N","HEJ2","","","","","","","","","","","20786268","2021-10-13","","NRAIL","","","","","Up Slow","Created from AFM data to match an identifed track entrance. Requires phyiscal verification.","TL 20062 84160"
"20769110","ECM1","67.0638","QE","","67.0638","2200","","MAV","","520025.0","284545.0","Connington Tip N","HEJ2","","","","","","","","","","","20769110","2019-02-26","","NRAIL","","","","","Down Slow","","TL 20025 84545"
"20772074","ECM1","68.033","QE","","68.033","2200","","MAV","","519910.0","286160.0","CONNINGTON CCTV L/C NORTH GATE","HEJ2","","","","","","","","","","","20772074","2019-06-11","","NRAIL","","","","","Down Slow","GN7075 CREATING ASSETS 31/10/07 AS","TL 19910 86160"
"20772073","ECM1","68.0603","QE","","68.0603","2200","","MAV","","519912.0","286133.0","CONNINGTON CCTV L/C SOUTH GATE","HEJ2","","","","","","","","","","","20772073","2016-12-06","","NRAIL","","","","","Down Slow","GN7075 CREATING ASSETS 31/10/07 AS","TL 19912 86133"
"20772075","ECM1","69.055","QE","","69.055","2100","","MAV","","519808.0","287696.0","HOLME CCTV L/C","HEJ2","","","","","","","","","","","20772075","2019-05-21","","NRAIL","","","","","Down Main/Fast","GN7075 CREATING ASSETS 31/10/07 AS","TL 19808 87696"
"20662573","ECM1","69.0616","QE","","69.0616","2100","","MAV","","519804.0","287752.0","Holme Box P-Way Entrance","HEJ2","","","","","","","","","","","20662573","2016-12-06","","NRAIL","","","","","Down Main/Fast","","TL 19804 87752"
"20662574","ECM1","69.0868","QE","","69.0868","1100","","MAV","","519789.0","287983.0","Holme Box Upside North","HEJ2","","","","","","","","","","","20662574","2016-12-06","","NRAIL","","","","","Up Main/Fast","","TL 19789 87983"
"20772080","ECM1","70.0022","QE","","70.0022","2100","","MAV","","519733.0","288813.0","HOLME LODE CCTV L/C SOUTH","HEJ2","","","","","","","","","","","20772080","2016-12-06","","NRAIL","","","","","Down Main/Fast","GN7075 CREATING ASSETS 31/10/07 AS","TL 19733 88813"
"20662575","ECM1","70.0044","QE","","70.0044","2100","","MAV","","519731.0","288833.0","Holme Lode CCTV L/C North","HEJ2","","","","","","","","","","","20662575","2016-12-06","","NRAIL","","","","","Down Main/Fast","","TL 19731 88833"
"20662577","ECM1","72.1122","QE","","72.1122","1100","","MAV","","519407.0","293024.0","Mushroom Factory","HEJ2","","","","","","","","","","","20662577","2016-12-06","","NRAIL","","","","","Up Main/Fast","","TL 19407 93024"
"20786115","ECM1","74.1585","QE","","74.1585","1100","","MAV","","519146.0","296643.0","FLETTON YARD","HEJ2","","","","","","","","","","","20786115","2021-10-08","","NRAIL","","","","","Up Main/Fast","Loaded from AFM data after being matched AFTE with no record in NHD. Needs to be verified on site.","TL 19146 96643"
"20662578","ECM1","75.022","QE","","75.022","1100","","MAV","","519164.0","297004.0","Fletton Yard","HEJ2","","","","","","","","","","","20662578","2016-12-06","","NRAIL","","","","","Up Main/Fast","","TL 19164 97004"
"20772484","ECM1","75.022","QE","","75.022","1100","","MAV","","519164.0","297004.0","FLETTON YARD","HEJ2","","","","","","","","","","","20772484","2021-03-01","","NRAIL","","","","","Up Main/Fast","","TL 19164 97004"
"20662579","ECM1","75.1593","QE","","75.1593","1200","","MAV","","518989.0","298224.0","Bridge 184 Furniture Land","HEJ2","","","","","","","","","","","20662579","2016-12-06","","NRAIL","","","","","Up Slow","","TL 18989 98224"
"20769106","ECM1","76.0106","QE","","76.0106","1200","","MAV","","518872.0","298445.0","Nene OHL TCS","HEJ2","","","","","","","","","","","20769106","2016-12-06","","NRAIL","","","","","Up Slow","","TL 18872 98445"
"20769105","ECM1","76.0308","QE","","76.0308","1200","","MAV","","518782.0","298607.0","GNER Car Park","HEJ2","","","","","","","","","","","20769105","2016-12-06","","NRAIL","","","","","Up Slow","","TL 18782 98607"
"20662581","ECM1","76.0432","QE","","76.0432","1200","","MAV","","518730.0","298707.0","Smiths Sidings","HEJ2","","","","","","","","","","","20662581","2016-12-06","","NRAIL","","","","","Up Slow","","TL 18730 98707"
"20662584","ECM1","76.1078","QE","","76.1078","1100","","MAV","","518497.0","299251.0","Spittal Tamper Sidings","HEJ2","","","","","","","","","","","20662584","2016-12-06","","NRAIL","","","","","Up Main/Fast","","TL 18497 99251"
"20786263","ECM1","76.1156","QE","","76.1156","3913","","MAV","","518493.0","299326.0","MACDONALDS","HEJ2","","","","","","","","","","","20786263","2021-10-13","","NRAIL","","","","","","Created from AFM data to match an identifed track entrance. Requires phyiscal verification.","TL 18493 99326"
"20786264","ECM1","76.1156","QE","","76.1156","3914","","MAV","","518488.0","299324.0","MACDONALDS","HEJ2","","","","","","","","","","","20786264","2021-10-13","","NRAIL","","","","","","Created from AFM data to match an identifed track entrance. Requires phyiscal verification.","TL 18487 99323"
"20769101","ECM1","76.1165","QE","","76.1165","1200","","MAV","","518468.0","299325.0","Macdonalds","HEJ2","","","","","","","","","","","20769101","2016-12-06","","NRAIL","","","","","Up Slow","","TL 18468 99325"
"20769124","ECM1","76.1525","QE","","76.1525","1202","","MAV","","518344.0","299627.0","Toys R Us Spittal","HEJ2","","","","","","","","","","","20769124","2019-02-27","","NRAIL","","","","","","","TL 18344 99627"
"20769100","ECM1","76.1531","QE","","76.1531","1200","","MAV","","518342.0","299632.0","Toys R Us Freight","HEJ2","","","","","","","","","","","20769100","2016-12-06","","NRAIL","","","","","Up Slow","","TL 18342 99632"
"20662585","ECM1","77.0116","QE","","77.0116","1100","","MAV","","518222.0","299923.0","Boulevard to West Yard","HEJ2","","","","","","","","","","","20662585","2019-10-16","","NRAIL","","","","","Up Main/Fast","","TL 18222 99923"
"20786120","ECM1","77.0655","QE","","77.0655","3952","","MAV","","518069.0","300395.0","MASKEW AVENUE","HEJ2","","","","","","","","","","","20786120","2021-10-08","","NRAIL","","","","","","Loaded from AFM data after being matched AFTE with no record in NHD. Needs to be verified on site.","TF 18068 00395"
"20786119","ECM1","77.0656","QE","","77.0656","3951","","MAV","","518065.0","300395.0","MASKEW AVENUE","HEJ2","","","","","","","","","","","20786119","2021-10-08","","NRAIL","","","","","","Loaded from AFM data after being matched AFTE with no record in NHD. Needs to be verified on site.","TF 18065 00394"
"20769099","ECM1","77.0752","QE","","77.0752","1800","","MAV","","517997.0","300460.0","Maskew Avenue","HEJ2","","","","","","","","","","","20769099","2016-12-06","","NRAIL","","","","","Up Other/Eng/Car","","TF 17997 00460"
"20662586","ECM1","77.1562","QE","","77.1562","1200","","MAV","","517687.0","301130.0","BRSA Complex South","HEJ2","","","","","","","","","","","20662586","2019-10-16","","NRAIL","","","","","Up Slow","","TF 17687 01130"
"20769097","ECM1","78.0","QE","","78.0","1200","","MAV","","517598.0","301289.0","BRSA Complex N","HEJ2","","","","","","","","","","","20769097","2021-06-22","","NRAIL","","","","","Up Slow"," ","TF 17598 01289"
"20662587","ECM1","78.1166","QE","","78.1166","1200","","MAV","","516955.0","302142.0","Bridge 188E Walton Old Box","HEJ2","","","","","","","","","","","20662587","2019-06-11","","NRAIL","","","","","Up Slow","","TF 16955 02142"
"20772499","ECM1","78.1166","QE","","78.1166","2200","","MAV","","516955.0","302142.0","BRIDGE 188E BRETTON FOOTBRIDGE","HEJ2","","","","","","","","","","","20772499","2019-06-11","","NRAIL","","","","","Down Slow","","TF 16955 02142"
"20662588","ECM1","79.0396","QE","","79.0396","1200","","MAV","","516310.0","302769.0","Dukeshead Werrington","HEJ2","","","","","","","","","","","20662588","2016-12-06","","NRAIL","","","","","Up Slow","","TF 16310 02769"
"20662589","ECM1","79.1694","QE","","79.1694","1200","","MAV","","515449.0","303588.0","Old Marholm Crossing","HEJ2","","","","","","","","","","","20662589","2016-12-06","","NRAIL","","","","","Up Slow","","TF 15449 03588"
"20662590","ECM1","81.0044","QE","","81.0044","1200","","MAV","","514208.0","304764.0","Waterworks Lane","HEJ2","","","","","","","","","","","20662590","2016-12-06","","NRAIL","","","","","Up Slow","","TF 14208 04764"
"20786249","ECM1","81.1548","QE","","81.1548","1100","","MAV","","513097.0","305575.0","HELPSTON HANDGATE","HEJ2","","","","","","","","","","","20786249","2021-10-13","","NRAIL","","","","","Up Main/Fast","Created from AFM data to match an identifed track entrance. Requires phyiscal verification.","TF 13096 05575"
"20786121","ECM1","82.0819","QE","","82.0819","1100","","MAV","","512225.0","305962.0","MAXEY CCTV L/C","HEJ2","","","","","","","","","","","20786121","2021-10-08","","NRAIL","","","","","Up Main/Fast","Loaded from AFM data after being matched AFTE with no record in NHD. Needs to be verified on site.","TF 12224 05962"
"20786122","ECM1","84.0124","QE","","84.0124","1200","","MAV","","510417.0","307753.0","RIVER WELLAND","HEJ2","","","","","","","","","","","20786122","2021-10-08","","NRAIL","","","","","Up Slow","Loaded from AFM data after being matched AFTE with no record in NHD. Needs to be verified on site.","TF 10416 07752"
"20662596","ECM1","84.1408","QE","","84.1408","2200","","MAV","","509560.0","308550.0","Tallington CCTV L/C","HEJ2","","","","","","","","","","","20662596","2019-10-16","","NRAIL","","","","","Down Slow","","TF 09560 08550"
"20786123","ECM1","84.1554","QE","","84.1554","1903","","MAV","","509474.0","308657.0","TALLINGTON CCTV L/C","HEJ2","","","","","","","","","","","20786123","2021-10-08","","NRAIL","","","","","","Loaded from AFM data after being matched AFTE with no record in NHD. Needs to be verified on site.","TF 09474 08657"
"20786250","ECM1","85.002","QE","","85.002","2200","","MAV","","509285.0","308748.0","TALLINGTON CCTV L/C","HEJ2","","","","","","","","","","","20786250","2021-10-13","","NRAIL","","","","","Down Slow","Created from AFM data to match an identifed track entrance. Requires phyiscal verification.","TF 09284 08748"
"20662598","ECM1","87.0176","QE","","87.0176","2200","","MAV","","506589.0","310752.0","Greatford CCTV L/C","HEJ2","","","","","","","","","","","20662598","2019-02-26","","NRAIL","","","","","Down Slow","","TF 06589 10752"
"20786124","ECM1","87.0378","QE","","87.0378","2200","","MAV","","506437.0","310858.0","BRIDGE 197A","HEJ2","","","","","","","","","","","20786124","2021-10-08","","NRAIL","","","","","Down Slow","Loaded from AFM data after being matched AFTE with no record in NHD. Needs to be verified on site.","TF 06437 10858"
"20662600","ECM1","88.1232","QE","","88.1232","1200","","MAV","","504640.0","312422.0","Essendine Old Station","HEJ2","","","","","","","","","","","20662600","2016-12-06","","NRAIL","","","","","Up Slow","","TF 04640 12422"
"20786251","ECM1","88.1247","QE","","88.1247","1200","","MAV","","504640.0","312439.0","ESSENDINE OLD STATION","HEJ2","","","","","","","","","","","20786251","2021-10-13","","NRAIL","","","","","Up Slow","Created from AFM data to match an identifed track entrance. Requires phyiscal verification.","TF 04640 12438"
"20662602","ECM1","89.0594","QE","","89.0594","2200","","MAV","","504059.0","313266.0","Boys Grave","HEJ2","","","","","","","","","","","20662602","2016-12-06","","NRAIL","","","","","Down Slow","","TF 04059 13266"
"20786271","ECM1","89.1103","QE","","89.1103","2200","","MAV","","503807.0","313657.0","BRIDGE 204","HEJ2","","","","","","","","","","","20786271","2021-10-13","","NRAIL","","","","","Down Slow","Created from AFM data to match an identifed track entrance. Requires phyiscal verification.","TF 03806 13657"
"20786126","ECM1","90.1526","QE","","90.1526","1200","","MAV","","502769.0","315362.0","THE BOARDS","HEJ2","","","","","","","","","","","20786126","2021-10-08","","NRAIL","","","","","Up Slow","Loaded from AFM data after being matched AFTE with no record in NHD. Needs to be verified on site.","TF 02769 15362"
"20772517","ECM1","90.1672","QE","","90.1672","2200","","MAV","","502692.0","315471.0","THE BOARDS","HEJ2","","","","","","","","","","","20772517","2019-06-11","","NRAIL","","","","","Down Slow","","TF 02692 15471"
"20786127","ECM1","91.1353","QE","","91.1353","1200","","MAV","","502070.0","316635.0","CAREBY STN ROAD","HEJ2","","","","","","","","","","","20786127","2021-10-08","","NRAIL","","","","","Up Slow","Loaded from AFM data after being matched AFTE with no record in NHD. Needs to be verified on site.","TF 02070 16634"
"20662604","ECM1","92.0396","QE","","92.0396","1200","","MAV","","501786.0","317308.0","Little Bytham Yard","HEJ2","","","","","","","","","","","20662604","2016-12-06","","NRAIL","","","","","Up Slow","","TF 01786 17308"
"20772519","ECM1","92.1518","QE","","92.1518","2200","","MAV","","501491.0","318281.0","BRIDGE 212 BYTHAM","HEJ2","","","","","","","","","","","20772519","2019-06-11","","NRAIL","","","","","Down Slow","","TF 01491 18281"
"20786252","ECM1","93.1514","QE","","93.1514","1200","","MAV","","500877.0","319768.0","BRIDGE 215 CREETON NORTH","HEJ2","","","","","","","","","","","20786252","2021-10-13","","NRAIL","","","","","Up Slow","Created from AFM data to match an identifed track entrance. Requires phyiscal verification.","TF 00876 19767"
"20772520","ECM1","94.0528","QE","","94.0528","1200","","MAV","","500590.0","320415.0","COUNTHORPE","HEJ2","","","","","","","","","","","20772520","2019-06-11","","NRAIL","","","","","Up Slow","","TF 00590 20415"
"20662613","ECM1","97.022","QE","","97.022","1200","","MAV","","498566.0","324449.0","Corby Glen Yard Upside","HEJ2","","","","","","","","","","","20662613","2016-12-06","","NRAIL","","","","","Up Slow","","SK 98566 24449"
"20662614","ECM1","97.0264","QE","","97.0264","2200","","MAV","","498540.0","324479.0","Corby Glen Yard Downside","HEJ2","","","","","","","","","","","20662614","2016-12-06","","NRAIL","","","","","Down Slow","","SK 98540 24479"
"20786253","ECM1","97.0289","QE","","97.0289","1200","","MAV","","498530.0","324500.0","CORBY GLEN YARD UPSIDE","HEJ2","","","","","","","","","","","20786253","2021-10-13","","NRAIL","","","","","Up Slow","Created from AFM data to match an identifed track entrance. Requires phyiscal verification.","SK 98530 24499"
"20772524","ECM1","98.1474","QE","","98.1474","2200","","MAV","","496783.0","326554.0","PUMPING STATION","HEJ2","","","","","","","","","","","20772524","2019-06-11","","NRAIL","","","","","Down Slow","","SK 96783 26554"
"20769090","ECM1","100.0308","QE","","100.0308","2100","","MAV","","495376.0","328180.0","Stoke Relay Room","HEJ2","","","","","","","","","","","20769090","2016-12-06","","NRAIL","","","","","Down Main/Fast","","SK 95376 28180"
"20786262","ECM1","100.0314","QE","","100.0314","2100","","MAV","","495369.0","328182.0","STOKE RELAY ROOM","HEJ2","","","","","","","","","","","20786262","2021-10-13","","NRAIL","","","","","Down Main/Fast","Created from AFM data to match an identifed track entrance. Requires phyiscal verification.","SK 95369 28182"
"20772999","ECM1","101.0286","QE","","101.0286","1100","","MAV","","494151.0","329092.0","STOKE TUNNEL ACCESS","HEJ3","","","","","","","","","","","20772999","2019-02-13","","NRAIL","","","","","Up Main/Fast","10/06/08 ASSET CREATED - AS","SK 94151 29092"
"20786130","ECM1","101.0516","QE","","101.0516","1100","","MAV","","493959.0","329280.0","HIGH DYKE","HEJ3","","","","","","","","","","","20786130","2021-10-08","","NRAIL","","","","","Up Main/Fast","Loaded from AFM data after being matched AFTE with no record in NHD. Needs to be verified on site.","SK 93959 29280"
"20783271","ECM1","105.0396","QE","","105.0396","1100","","MAV","","491588.0","334937.0","SPRINGFIELD RD BR 240/WOOD YARD","HEJ3","","","","","","","","","","","20783271","2019-07-02","","NRAIL","","","","","Up Main/Fast","",""
"20779710","ECM1","105.0462","QE","","105.0462","1100","","MAV","","491548.0","334981.0","GRANTHAM STATION UP SIDINGS","HEJ3","","","","","","","","","","","20779710","2017-02-06","","NRAIL","","","","","Up Main/Fast","","SK 91534 90000"
"20783287","ECM1","105.0528","QE","","105.0528","1100","","MAV","","491548.0","334981.0","GRANTHAM UPSIDE YARD","HEJ3","","","","","","","","","ACCESS POINT","","20783287","2019-10-16","","NRAIL","","","","","Up Main/Fast","","SK 91534 90000"
"20775462","ECM1","105.088","QE","","105.088","0","","MAV","","491335.0","335235.0","GRANTHAM STATION NORTH","HEJ3","","","","","","","","","","","20775462","2016-12-14","","NRAIL","","","","","All/Multiple Tracks","SECTIONAL APPX - SECTION 1 PAGE 24. ACCESS RD - GRANTHAM STATION NORTH. NORTH END OF STATION. SECURITY - LOCKED GATE. PARKING - HARD AREA. CONDITION - GOOD. SAFETY - NO LIGHTING, GOOD UNDERFOOT. NEAREST HOSPITAL - GRANTHAM. NEAREST WELFARE - GRANTHAM STATION.","SK 91453 35192"
"20775463","ECM1","105.088","QE","","105.088","2100","","MAV","","491303.7","335272.3","GRANTHAM NORTH","HEJ3","","","","","","","","","","","20775463","2021-03-02","","NRAIL","","","","","Down Main/Fast","SECTIONAL APPX - SECTION 1 PAGE 24. ACCESS RD - GRANTHAM DEPOT OFF HUNTING TOWER RD ON DN SIDE. SECURITY - LOCKED GATE. PARKING - HARD AREA. CONDITION - GOOD. SAFETY - LIGHTING, GOOD UNDERFOOT. NEAREST HOSPITAL - GRANTHAM. NEAREST WELFARE - GRANTHAM DEPOT.","SK 91255 35165"
"20779711","ECM1","105.0946","QE","","105.0946","2100","","MAV","","491548.0","334981.0","GRANTHAM S&T YARD","HEJ3","","","","","","","","","","","20779711","2019-02-13","","NRAIL","","","","","Down Main/Fast","","SK 91534 90000"
"20779712","ECM1","105.1034","QE","","105.1034","1100","","MAV","","491217.0","335387.0","GRANTHAM OLD STORES, PAST RELAY ROOM","HEJ3","","","","","","","","","","","20779712","2017-02-06","","NRAIL","","","","","Up Main/Fast","","SK 91235 30000"
"20786132","ECM1","107.1228","QE","","107.1228","2100","","MAV","","491128.0","338718.0","GRANTHAM FEEDER","HEJ3","","","","","","","","","","","20786132","2021-10-08","","NRAIL","","","","","Down Main/Fast","Loaded from AFM data after being matched AFTE with no record in NHD. Needs to be verified on site.","SK 91128 38718"
"20779727","ECM1","108.1584","QE","","108.1584","2100","","MAV","","491256.0","340660.0","PEASCLIFE/PEASCLIFFE XOVERS","HEJ3","","","","","","","","","","","20779727","2017-02-06","","NRAIL","","","","","Down Main/Fast","","SK 91240 60000"
"20786135","ECM1","109.1182","QE","","109.1182","2100","","MAV","","491256.0","341899.0","BARKSTON SOUTH JCN","HEJ3","","","","","","","","","","","20786135","2021-10-08","","NRAIL","","","","","Down Main/Fast","Loaded from AFM data after being matched AFTE with no record in NHD. Needs to be verified on site.","SK 91256 41898"
"20786137","ECM1","111.0926","QE","","111.0926","1100","","MAV","","490116.0","344641.0","HOUGHAM YARD","HEJ3","","","","","","","","","","","20786137","2021-10-08","","NRAIL","","","","","Up Main/Fast","Loaded from AFM data after being matched AFTE with no record in NHD. Needs to be verified on site.","SK 90115 44641"
"20662642","ECM1","115.0594","QE","","115.0594","1100","","MAV","","485693.0","348890.0","CLAYPOLE LC","HEJ3","","","","","","","","","","","20662642","2019-02-13","","NRAIL","","","","","Up Main/Fast","SECTIONAL APPX - SECTION 1 PAGE 25. ACCESS RD - STUBTON RD. SECURITY - LOCKED GATE. PARKING - HARD SURFACE AREA. CONDITION - GOOD, GOOD UNDERFOOT, LIMITED LIGHTING. ROAD TRAFFIC. NEAREST HOSPITAL - NEWARK. - NEAREST WELFARE - IN SIGNAL BOX. PARKING INSIDE COMPOUND.",""
"20772527","ECM1","115.063","QE","","115.063","2100","","MAV","","486086.0","348514.0","CLAYPOLE YARD","HEJ3","","","","","","","","","","","20772527","2019-06-11","","NRAIL","","","","","Down Main/Fast","Claypole SB. Vehicular parking available adjacent to SB off Main Street. On level. SK857489   NG23 5BP",""
"20662643","ECM1","115.099","QE","","115.099","1100","","MAV","","485432.0","349141.0","OSTERFEN LC","HEJ3","","","","","","","","","","","20662643","2019-02-13","","NRAIL","","","","","Up Main/Fast","",""
"20662644","ECM1","116.0","QE","","116.0","1100","","MAV","","485026.0","349530.0","BARNBY LANE LC","HEJ3","","","","","","","","","","","20662644","2019-02-13","","NRAIL","","","","","Up Main/Fast","SECTIONAL APPX - SECTION 1 PAGE 26. ACCESS RD - BARNBY LANE. SECURITY - N/A PARKING - LIMITED ON GRASS VERGE. CONDITION - POOR. NEAREST HOSPITAL - NEWARK. NEAREST WELFARE - NEWARK DEPOT 20 MINS",""
"20662645","ECM1","116.154","QE","","116.154","1100","","MAV","","483908.0","350603.0","BALDERTON LC","HEJ3","","","","","","","","","","","20662645","2019-02-13","","NRAIL","","","","","Up Main/Fast","",""
"20662647","ECM1","118.0572","QE","","118.0572","1100","","MAV","","482225.0","352217.0","BULLPIT LANE LC","HEJ3","","","","","","","","","","","20662647","2019-02-13","","NRAIL","","","","","Up Main/Fast","",""
"20662648","ECM1","119.0066","QE","","119.0066","1100","","MAV","","481397.0","353012.0","BARNBY LC","HEJ3","","","","","","","","","","","20662648","2019-02-13","","NRAIL","","","","","Up Main/Fast","SECTIONAL APPX - SECTION 1 PAGE 26. SECURITY - N/A PARKING - ON GRASS VERGE. CONDITION - FAIR LIMITED LIGHTING ROAD TRAFFIC, LIMITED PARKING NEXT TO BOX. NEAREST HOSPITAL - NEWARK. NEAREST WELFARE - NEWARK DEPOT 15 MINS.",""
"20772529","ECM1","120.009","QE","","120.009","1900","","MAV","","480574.0","354298.0","NEWARK P-WAY YARD","HEJ3","","","","","","","","","","","20772529","2021-06-22","","NRAIL","","","","","Up Siding"," ",""
"20783288","ECM1","120.044","QE","","120.044","1100","","MAV","","480299.0","355055.0","HAMPSONS YARD","HEJ3","","","","","","","","","","","20783288","2019-10-16","","NRAIL","","","","","Up Main/Fast","",""
"20786138","ECM1","120.0881","QE","","120.0881","3500","","MAV","","480305.0","355059.0","NEWARK FOOT XING","HEJ3","","","","","","","","","","","20786138","2021-10-08","","NRAIL","","","","","Rev Loop","Loaded from AFM data after being matched AFTE with no record in NHD. Needs to be verified on site.","SK 80305 55058"
"20786139","ECM1","120.1363","QE","","120.1363","2100","","MAV","","480143.0","355468.0","NEWARK FLAT XING","HEJ3","","","","","","","","","","","20786139","2021-10-08","","NRAIL","","","","","Down Main/Fast","Loaded from AFM data after being matched AFTE with no record in NHD. Needs to be verified on site.","SK 80143 55467"
"20662653","ECM1","122.0154","QE","","122.0154","1100","","MAV","","479422.0","357459.0","CHURCH LANE LC","HEJ3","","","","","","","","","","","20662653","2019-02-13","","NRAIL","","","","","Up Main/Fast","",""
"20662655","ECM1","122.1694","QE","","122.1694","1100","","MAV","","479107.0","358822.0","BATHLEY MILL LANE","HEJ3","","","","","","","","","","","20662655","2019-02-13","","NRAIL","","","","","Up Main/Fast","",""
"20662656","ECM1","123.0836","QE","","123.0836","1100","","MAV","","479072.0","359642.0","NORWELL LC","HEJ3","","","","","","","","","","","20662656","2019-02-13","","NRAIL","","","","","Up Main/Fast","",""
"20662657","ECM1","124.121","QE","","124.121","1100","","MAV","","479155.0","361584.0","CROMWELL LANE LC","HEJ3","","","","","","","","","","","20662657","2019-02-13","","NRAIL","","","","","Up Main/Fast","",""
"20662660","ECM1","126.055","QE","","126.055","2100","","MAV","","479266.0","364206.0","CARLTON LC","HEJ3","","","","","","","","","","","20662660","2019-02-13","","NRAIL","","","","","Down Main/Fast","",""
"20662664","ECM1","128.066","QE","","128.066","2100","","MAV","","478526.0","367351.0","GRASSTHORPE LC","HEJ3","","","","","","","","","","","20662664","2019-02-13","","NRAIL","","","","","Down Main/Fast","",""
"20662667","ECM1","130.0616","QE","","130.0616","2100","","MAV","","476103.0","369388.0","EGMANTON LC","HEJ3","","","","","","","","","","","20662667","2019-02-13","","NRAIL","","","","","Down Main/Fast","",""
"20662669","ECM1","131.1672","QE","","131.1672","2100","","MAV","","474722.0","371512.0","TUXFORD","HEJ3","","","","","","","","","","","20662669","2019-05-15","","NRAIL","","","","","Down Main/Fast","",""
"20662671","ECM1","133.1254","QE","","133.1254","2100","","MAV","","474058.0","374068.0","EAST MARKHAM/MARKHAM SIDINGS","HEJ3","","","","","","","","","","","20662671","2016-12-07","","NRAIL","","","","","Down Main/Fast","",""
"20783408","ECM1","136.0352","QE","","136.0352","2100","","MAV","","472338.0","377468.0","GAMSTON STILE","HEJ3","","","","","","","","","","","20783408","2019-07-30","","NRAIL","","","","","Down Main/Fast","",""
"20779752","ECM1","136.0616","QE","","136.0616","1100","","MAV","","472338.0","377628.0","GAMSTON/GAMSTON XOVERS","HEJ3","","","","","","","","","","","20779752","2017-02-06","","NRAIL","","","","","Up Main/Fast","","SK 72377 60000"
"20662677","ECM1","137.0792","QE","","137.0792","1100","","MAV","","471681.0","379183.0","GROVE ROAD LC","HEJ3","","","","","","","","","","","20662677","2019-02-13","","NRAIL","","","","","Up Main/Fast","SECTIONAL APPENDIX - SECTION 1 PAGE 28. ACCESS ALONG GROVE ROAD OFF A638 PAST RETFORD. SECURITY - NONE. PARKING - HARD SURFACE AREA. CONDITION - GOOD. NEAREST HOSPITAL - WORKSOP. NEAREST WELFARE - GROVE ROAD SB <ON SITE>. SAFETY - ROAD TRAFFIC, NO LIGHTING, CATTLE GUARDS.","SK 00717 00792"
"20779803","ECM1","137.0814","QE","","137.0814","1100","","MAV","","471692.0","379181.0","GROVE ROAD","HEJ3","","","","","","","","","","","20779803","2017-02-07","","NRAIL","","","","","Up Main/Fast","","SK 71679 10000"
"20786141","ECM1","137.1611","QE","","137.1611","1100","","MAV","","471095.0","379649.0","LONDON RD/GOOSEMOOR LANE","HEJ3","","","","","","","","","","","20786141","2021-10-08","","NRAIL","","","","","Up Main/Fast","Loaded from AFM data after being matched AFTE with no record in NHD. Needs to be verified on site.","SK 71095 79649"
"20786142","ECM1","138.0315","QE","","138.0315","1100","","MAV","","470743.0","379888.0","GOOSEMOOR LANE","HEJ3","","","","","","","","","","","20786142","2021-10-08","","NRAIL","","","","","Up Main/Fast","Loaded from AFM data after being matched AFTE with no record in NHD. Needs to be verified on site.","SK 70742 79887"
"20786143","ECM1","138.0316","QE","","138.0316","2100","","MAV","","470738.0","379882.0","GOOSEMOOR LANE","HEJ3","","","","","","","","","","","20786143","2021-10-08","","NRAIL","","","","","Down Main/Fast","Loaded from AFM data after being matched AFTE with no record in NHD. Needs to be verified on site.","SK 70738 79882"
"20786144","ECM1","138.1284","QE","","138.1284","2200","","MAV","","470057.0","380440.0","RETFORD WESTERN JN","HEJ3","","","","","","","","","","","20786144","2021-10-08","","NRAIL","","","","","Down Slow","Loaded from AFM data after being matched AFTE with no record in NHD. Needs to be verified on site.","SK 70057 80440"
"20779753","ECM1","139.0314","QE","","139.0314","1100","","MAV","","469628.0","381021.0","BABWORTH ROAD","HEJ3","","","","","","","","","","","20779753","2022-12-21","","NRAIL","","","","","Up Main/Fast","","SK 69681 00000"
"20779754","ECM1","139.132","QE","","139.132","1100","","MAV","","469061.0","381745.0","GALWAY CRESCENT","HEJ3","","","","","","","","","","","20779754","2022-12-21","","NRAIL","","","","","Up Main/Fast","","SK 69081 70000"
"20662680","ECM1","140.1166","QE","","140.1166","2100","","MAV","","468234.0","382957.0","BOTANY BAY LC","HEJ3","","","","","","","","","","","20662680","2019-02-13","","NRAIL","","","","","Down Main/Fast","SECTIONAL APPENDIX - SECTION 1 PAGE 30. ACCESS - ALONG SUTTON LANE OFF A620. SECURITY - NONE. PARKING - LIMITED OBSTRUCTIVE. CONDITION - GOOD. NEAREST HOSPITAL - RETFORD. NEAREST WELFARE - GROVE ROAD SB < 15 MINS>. SAFETY - LIGHTING, GOOD UNDERFOOT, ROAD TRAFFIC.","SK 00682 00829"
"20662681","ECM1","141.1232","QE","","141.1232","2100","","MAV","","467389.0","384397.0","BARNBY MOOR & SUTTON","HEJ3","","","","","","","","","","","20662681","2019-02-13","","NRAIL","","","","","Down Main/Fast","SECTIONAL APPENDIX - PAGE 1 SECTION 30. ACCESS ON STATION ROAD OFF A638. SECURITY - NONE. PARKING - LIMITED OBSTRUCTIVE. CONDITION - GOOD. NEAREST HOSPITAL - RETFORD. NEAREST WELFARE - GROVE RD SB <20 MINS>. SAFETY - LIGHTING, GOOD UNDER FOOT, ROAD TRAFFIC.","SK 00674 00844"
"20662682","ECM1","143.0374","QE","","143.0374","1100","","MAV","","466437.0","386614.0","TORWORTH LC","HEJ3","","","","","","","","","","","20662682","2019-02-13","","NRAIL","","","","","Up Main/Fast","SECTIONAL APPENDIX - SECTION 1 PAGE 30. ACCESS - ALONG DANESHILL RD OFF A638 NEAR RANSKILL. SECURITY - LOCKED FARM GATE. PARKING - LANE THROUGH GATE. CONDITION - GOOD. NEAREST HOSPITAL - DONCASTER. NEAREST WELFARE - RANSKILL SB <5 MINS> SAFETY - ROAD TRAFFIC, LIMITED LIGHTING, GOOD UNDERFOOT.","SK 00664 00866"
"20662683","ECM1","143.1738","QE","","143.1738","1100","","MAV","","466156.0","387829.0","RANSKILL LC","HEJ3","","","","","","","","","","","20662683","2019-02-13","","NRAIL","","","","","Up Main/Fast","SECTIONAL APPENDIX - SECTION 1 PAGE 30. ACCESS - OVER LC & THROUGH GATE ON STATION ROAD OFF A638. SECURITY - LOCKED SECURITY GATE. PARKING - THROUGH GATE. CONDITION - GOOD. NEAREST HOSPITAL - DONCASTER. NEAREST WELFARE - RANSKILL SB <ON SITE> SAFETY - LIMITED LIGHTING, VEGETATION, ROAD TRAFFIC.","SK 00662 00879"
"20786145","ECM1","144.0346","QE","","144.0346","1100","","MAV","","466084.0","388156.0","RANSKILL XOVERS ACCESS PATH","HEJ3","","","","","","","","","","","20786145","2021-10-08","","NRAIL","","","","","Up Main/Fast","Loaded from AFM data after being matched AFTE with no record in NHD. Needs to be verified on site.","SK 66084 88156"
"20786146","ECM1","146.0154","QE","","146.0154","1100","","MAV","","465491.0","391139.0","RIVER RYTON","HEJ3","","","","","","","","","","","20786146","2021-10-08","","NRAIL","","","","","Up Main/Fast","Loaded from AFM data after being matched AFTE with no record in NHD. Needs to be verified on site.","SK 65490 91138"
"20774220","ECM1","147.1167","QE","","147.1167","1100","","MAV","","465555.0","393639.4","BAWTRY TSC","HEJ3","","","","","","","","","","","20774220","2021-03-02","","NRAIL","","","","","Up Main/Fast","SECTIONAL APPENDIX - SECTION 1 PAGE 30. ACCESS - THORNE RD ACCESS NEAR BRIDGE ON A614. SECURITY - LOCKED SECURITY GATE. PARKING - SOFT AREA THROUGH GATE. CONDITION - GOOD. NEAREST HOSPITAL - DONCASTER. NEAREST WELFARE - RANSKILL SB <20MINS> SAFETY - NO LIGHTING, FAIR UNDER FOOT.","SK 00655 00941"
"20662695","ECM1","151.0616","QE","","151.0616","1100","","MAV","","462064.0","398318.0","ROSSINGTON LC","HEJ3","","","","","","","","","","","20662695","2019-02-13","","NRAIL","","","","","Up Main/Fast","SECTIONAL APPENDIX - SECTION 1 PAGE 31. ACCESS - STATION ROAD OFF SHEEP BRIDGE LANE B6463. SECURITY - NONE. PARKING - LIMITED HARD SURFACE. CONDITION - GOOD. NEAREST HOSPITAL - DONCASTER. NEAREST WELFARE - RANSKILL SB <25MINS>. SAFETY - CATTLE GUARDS, ROAD TRAFFIC, LIMITED LIGHTING.","SK 00621 00984"
"20786148","ECM1","151.0652","QE","","151.0652","1100","","MAV","","462050.0","398348.0","ROSSINGTON","HEJ3","","","","","","","","","","","20786148","2021-10-08","","NRAIL","","","","","Up Main/Fast","Loaded from AFM data after being matched AFTE with no record in NHD. Needs to be verified on site.","SK 62050 98348"
"20786149","ECM1","151.0704","QE","","151.0704","1100","","MAV","","462023.0","398388.0","ROSSINGTON RRAP <OPP>","HEJ3","","","","","","","","","","","20786149","2021-10-08","","NRAIL","","","","","Up Main/Fast","Loaded from AFM data after being matched AFTE with no record in NHD. Needs to be verified on site.","SK 62022 98388"
"20786150","ECM1","153.0683","QE","","153.0683","1200","","MAV","","459782.0","400608.0","TIN HUT","HEJ3","","","","","","","","","","","20786150","2021-10-08","","NRAIL","","","","","Up Slow","Loaded from AFM data after being matched AFTE with no record in NHD. Needs to be verified on site.","SE 59781 00608"
"20783289","ECM1","153.1364","QE","","153.1364","1100","","MAV","","458955.0","400919.0","POST OFFICE","HEJ3","","","","","","","","","","","20783289","2019-07-02","","NRAIL","","","","","Up Main/Fast","","SE 58900 90000"
"20783290","ECM1","154.0022","QE","","154.0022","1100","","MAV","","458955.0","400919.0","DECOY NORTH","HEJ3","","","","","","","","","","","20783290","2019-07-02","","NRAIL","","","","","Up Main/Fast","","SE 58900 90000"
"20783308","ECM1","155.1276","QE","","155.1276","1100","","MAV","","457120.6","402768.6","DONCASTER SIGNAL BOX","HEJ3","","","","","","","","","","","20783308","2021-03-02","","NRAIL","","","","","Up Main/Fast","",""
"20786154","ECM1","155.142","QE","","155.142","3909","","MAV","","457013.0","402900.0","WABTEC YARD","HEJ3","","","","","","","","","","","20786154","2021-10-08","","NRAIL","","","","","","Loaded from AFM data after being matched AFTE with no record in NHD. Needs to be verified on site.","SE 57013 02900"
"20786152","ECM1","155.1432","QE","","155.1432","3906","","MAV","","457041.0","402913.0","WABTEC YARD","HEJ3","","","","","","","","","","","20786152","2021-10-08","","NRAIL","","","","","","Loaded from AFM data after being matched AFTE with no record in NHD. Needs to be verified on site.","SE 57041 02912"
"20786151","ECM1","155.1434","QE","","155.1434","3900","","MAV","","457082.0","402914.0","WABTEC YARD","HEJ3","","","","","","","","","","","20786151","2021-10-08","","NRAIL","","","","","Rev Siding","Loaded from AFM data after being matched AFTE with no record in NHD. Needs to be verified on site.","SE 57081 02913"
"20786153","ECM1","155.1434","QE","","155.1434","3907","","MAV","","457047.0","402914.0","WABTEC YARD","HEJ3","","","","","","","","","","","20786153","2021-10-08","","NRAIL","","","","","","Loaded from AFM data after being matched AFTE with no record in NHD. Needs to be verified on site.","SE 57047 02914"
"20786155","ECM1","155.1487","QE","","155.1487","9990","","MAV","","456860.0","402962.0","WABTEC YARD","HEJ3","","","","","","","","","","","20786155","2021-10-08","","NRAIL","","","","","","Loaded from AFM data after being matched AFTE with no record in NHD. Needs to be verified on site.","SE 56859 02962"
"20786156","ECM1","155.1497","QE","","155.1497","9991","","MAV","","456852.0","402975.0","WABTEC YARD","HEJ3","","","","","","","","","","","20786156","2021-10-08","","NRAIL","","","","","","Loaded from AFM data after being matched AFTE with no record in NHD. Needs to be verified on site.","SE 56851 02975"
"20786157","ECM1","155.174","QE","","155.174","9981","","MAV","","456745.0","403196.0","WABTEC YARD","HEJ3","","","","","","","","","","","20786157","2021-10-08","","NRAIL","","","","","","Loaded from AFM data after being matched AFTE with no record in NHD. Needs to be verified on site.","SE 56744 03195"
"20786159","ECM1","156.0437","QE","","156.0437","1500","","MAV","","457115.0","403887.0","Grey Friars Rd / old Yard","HEJ3","","","","","","","","","","","20786159","2024-06-26","","NRAIL","","","","","Up Loop","Loaded from AFM data after being matched AFTE with no record in NHD. Needs to be verified on site.","SE 57114 03886"
"20786158","ECM1","156.0528","QE","","156.0528","2300","","MAV","","457113.0","403659.0","MARSHGATE DN","HEJ3","","","","","","","","","","","20786158","2024-06-26","","NRAIL","","","","","Down Goods","Loaded from AFM data after being matched AFTE with no record in NHD. Needs to be verified on site.","SE 57112 03659"
"20662701","ECM1","156.1452","QE","","156.1452","2100","","MAV","","457145.0","404535.0","MOAT HILLS LC","HEJ3","","","","","","","","","","","20662701","2024-06-26","","NRAIL","","","","","Down Main/Fast","SECTIONAL APPENDIX - SECTION 1 PAGE 34. ACCESS - INGS ROAD PARKING ON LEFT BEFORE LC. PARKING - HARD SURFACE AREA. CONDITION - GOOD. NEAREST HOSPITAL - DONCASTER. NEAREST WELFARE - DONCASTER MARSHGATE DEPOT <10 MINS>. SAFETY - GOOD UNDERFOOT, LIMITED LIGHTING, ROAD TRAFFIC.","SE 00572 00045"
"20786161","ECM1","157.1697","QE","","157.1697","2100","","MAV","","457496.0","406327.0","HEMP PITS RD","HEJ3","","","","","","","","","","","20786161","2021-10-08","","NRAIL","","","","","Down Main/Fast","Loaded from AFM data after being matched AFTE with no record in NHD. Needs to be verified on site.","SE 57495 06327"
"20662704","ECM1","158.0022","QE","","158.0022","2100","","MAV","","457515.0","406403.0","ARKSEY LC","HEJ3","","","","","","","","","","","20662704","2019-02-13","","NRAIL","","","","","Down Main/Fast","SECTIONAL APPENDIX - SECTION 1 PAGE 31. ACCESS RD - ARKSEY LANE. SECURITY - LOCKED FARM GATE. PARKING - HARD SURFACE THROUGH GATE IN YARD NEARBY. CONDITION - GOOD. NEAREST HOSPITAL DONCASTER. NEAREST WELFARE - DONCASTER MARSHGATE <20 MINS>. SAFETY - NO LIGHTING, GOOD UNDERFOOT, DITCH NEAR YARD ACCESS.","SE 00575 00064"
"20772573","ECM1","158.0286","QE","","158.0286","1100","","MAV","","457563.0","406643.0","ARKESY OLD STATION","HEJ3","","","","","","","","","","","20772573","2012-07-26","","NRAIL","","","","","Up Main/Fast","11/12/07 ASSET CREATED - AS SECTIONAL APPENDIX - SECTION 1 PAGE 34. ACCESS THROUGH GATE BETWEEN HOUSES OFF ARKSEY LANE. SECURITY - LOCKED SECURITY GATE. PARKING - DIRT TRACK. CONDITION - GOOD. NEAREST HOSPITAL - DONCASTER. NEAREST WELFARE - DONCASTER MARSHGATE <20 MINS> SAFETY - NO LIGHTING, VEGETATION, ROAD TRAFFIC",""
"20786162","ECM1","159.1275","QE","","159.1275","1100","","MAV","","458029.0","409116.0","EBEC TILTS DRAIN","HEJ3","","","","","","","","","","","20786162","2021-10-08","","NRAIL","","","","","Up Main/Fast","Loaded from AFM data after being matched AFTE with no record in NHD. Needs to be verified on site.","SE 58028 09115"
"20662708","ECM1","160.0132","QE","","160.0132","2100","","MAV","","458096.0","409832.0","SHAFTHOLME","HEJ3","","","","","","","","","","","20662708","2012-07-31","","NRAIL","","","","","Down Main/Fast","SECTIONAL APPENDIX - SECTION 1 PAGE 34. ACCESS - HALL VILLA LANE/TILTS LANE VIA BOOTHES NO.1 SECURITY - LOCKED FARM GATE. PARKING - LIMITED HARD AREA. CONDITION - GOOD. NEAREST HOSPITAL - DONCASTER. NEAREST WELFARE - DONCASTER MARSHGATE <20 MINS> SAFETY - NO LIGHTING, GOOD UNDER FOOT.",""
"20785541","ECM1","0.036","QE","","0.036","3600","","MAX","","530271.0","183366.0","KINGS CROSS STATION STAFF XING","HEJ4","","","","","","","","","","","20785541","2021-06-23","","NRAIL","","","","","Rev Terminal/Bay","",""
"20785716","ECM1","0.036","QE","","0.036","3610","","MAX","","530271.0","183366.0","KINGS CROSS STATION STAFF XING","HEJ4","","","","","","","","","","","20785716","2021-06-23","","NRAIL","","","","","","",""
"20785542","ECM1","20.055","QE","","20.0551","1200","","MAX","","523991.0","212970.0","WELWYN GARDEN CITY STAFF - 20M25CH","HEJ4","","","","","","","","","","","20785542","2021-06-23","","NRAIL","","","","","Up Slow","",""
"20785717","ECM1","20.055","QE","","20.0551","2200","","MAX","","523991.0","212970.0","WELWYN GARDEN CITY STAFF - 20M25CH","HEJ4","","","","","","","","","","","20785717","2021-06-23","","NRAIL","","","","","Down Slow","",""
"20785543","ECM1","38.1347","QE","","38.1347","1200","","MAX","","519191.0","240499.0","JIGGS LANE","HEJ4","","","","","","","","","","","20785543","2021-06-23","","NRAIL","","","","","Up Slow","",""
"20785718","ECM1","38.1347","QE","","38.1347","2200","","MAX","","519191.0","240499.0","JIGGS LANE","HEJ4","","","","","","","","","","","20785718","2021-06-23","","NRAIL","","","","","Down Slow","",""
"20785544","ECM1","39.0754","QE","","39.0754","1200","","MAX","","519224.0","241567.0","EAST ROAD CROSSING NO 35","HEJ4","","","","","","","","","","","20785544","2021-06-23","","NRAIL","","","","","Up Slow","",""
"20785719","ECM1","39.0754","QE","","39.0754","2200","","MAX","","519224.0","241567.0","EAST ROAD CROSSING NO 35","HEJ4","","","","","","","","","","","20785719","2021-06-23","","NRAIL","","","","","Down Slow","",""
"20785545","ECM1","39.1575","QE","","39.1575","1200","","MAX","","519248.0","242317.0","LANGFORD","HEJ4","","","","","","","","","","","20785545","2021-06-23","","NRAIL","","","","","Up Slow","",""
"20785720","ECM1","39.1575","QE","","39.1575","2200","","MAX","","519248.0","242317.0","LANGFORD","HEJ4","","","","","","","","","","","20785720","2021-06-23","","NRAIL","","","","","Down Slow","",""
"20785546","ECM1","40.0143","QE","","40.0143","1200","","MAX","","519257.0","242617.0","HOLME GREEN <SHEEP WALK>","HEJ4","","","","","","","","","","","20785546","2021-06-23","","NRAIL","","","","","Up Slow","",""
"20785721","ECM1","40.0143","QE","","40.0143","2200","","MAX","","519257.0","242617.0","HOLME GREEN <SHEEP WALK>","HEJ4","","","","","","","","","","","20785721","2021-06-23","","NRAIL","","","","","Down Slow","",""
"20785547","ECM1","40.0308","QE","","40.0308","1200","","MAX","","519262.0","242768.0","PRIMROSE XING","HEJ4","","","","","","","","","","","20785547","2021-06-23","","NRAIL","","","","","Up Slow","",""
"20785722","ECM1","40.0308","QE","","40.0308","2200","","MAX","","519262.0","242768.0","PRIMROSE XING","HEJ4","","","","","","","","","","","20785722","2021-06-23","","NRAIL","","","","","Down Slow","",""
"20785548","ECM1","40.0917","QE","","40.0917","1200","","MAX","","519280.0","243325.0","SMARTS BRIDLEWAY NO.46","HEJ4","","","","","","","","","","","20785548","2021-06-23","","NRAIL","","","","","Up Slow","",""
"20785723","ECM1","40.0917","QE","","40.0917","2200","","MAX","","519280.0","243325.0","SMARTS BRIDLEWAY NO.46","HEJ4","","","","","","","","","","","20785723","2021-06-23","","NRAIL","","","","","Down Slow","",""
"20785549","ECM1","42.0237","QE","","42.0237","1200","","MAX","","519072.0","245906.0","LINDSELLS <FURZENHALL ROAD>","HEJ4","","","","","","","","","","","20785549","2021-06-23","","NRAIL","","","","","Up Slow","",""
"20785724","ECM1","42.0237","QE","","42.0237","2200","","MAX","","519072.0","245906.0","LINDSELLS <FURZENHALL ROAD>","HEJ4","","","","","","","","","","","20785724","2021-06-23","","NRAIL","","","","","Down Slow","",""
"20785550","ECM1","46.067","QE","","46.067","1200","","MAX","","517814.0","252407.0","EVERTON <TEMPSFORD ROAD>","HEJ2","","","","","","","","","","","20785550","2021-06-23","","NRAIL","","","","","Up Slow","",""
"20785725","ECM1","46.067","QE","","46.067","2200","","MAX","","517814.0","252407.0","EVERTON <TEMPSFORD ROAD>","HEJ2","","","","","","","","","","","20785725","2021-06-23","","NRAIL","","","","","Down Slow","",""
"20785551","ECM1","47.0835","QE","","47.0835","1200","","MAX","","518029.0","254154.0","TEMPSFORD <STATION ROAD>","HEJ2","","","","","","","","","","","20785551","2021-06-23","","NRAIL","","","","","Up Slow","",""
"20785726","ECM1","47.0835","QE","","47.0835","2200","","MAX","","518029.0","254154.0","TEMPSFORD <STATION ROAD>","HEJ2","","","","","","","","","","","20785726","2021-06-23","","NRAIL","","","","","Down Slow","",""
"20785552","ECM1","50.1546","QE","","50.1546","1200","","MAX","","519330.0","259442.0","LOVE LANE XING","HEJ2","","","","","","","","","","","20785552","2021-06-23","","NRAIL","","","","","Up Slow","",""
"20785727","ECM1","50.1546","QE","","50.1546","2200","","MAX","","519330.0","259442.0","LOVE LANE XING","HEJ2","","","","","","","","","","","20785727","2021-06-23","","NRAIL","","","","","Down Slow","",""
"20785553","ECM1","53.1034","QE","","53.1034","1200","","MAX","","520655.0","263576.0","GREAT PAXTON NO.9","HEJ2","","","","","","","","","","","20785553","2021-06-23","","NRAIL","","","","","Up Slow","",""
"20785728","ECM1","53.1034","QE","","53.1034","2200","","MAX","","520655.0","263576.0","GREAT PAXTON NO.9","HEJ2","","","","","","","","","","","20785728","2021-06-23","","NRAIL","","","","","Down Slow","",""
"20785554","ECM1","54.1545","QE","","54.1545","1200","","MAX","","521377.0","265521.0","FIRBANKS NO.1","HEJ2","","","","","","","","","","","20785554","2021-06-23","","NRAIL","","","","","Up Slow","",""
"20785729","ECM1","54.1545","QE","","54.1545","2200","","MAX","","521377.0","265521.0","FIRBANKS NO.1","HEJ2","","","","","","","","","","","20785729","2021-06-23","","NRAIL","","","","","Down Slow","",""
"20785555","ECM1","55.1395","QE","","55.1395","1200","","MAX","","521770.0","266937.0","GILLS NO.71","HEJ2","","","","","","","","","","","20785555","2021-06-23","","NRAIL","","","","","Up Slow","",""
"20785730","ECM1","55.1395","QE","","55.1395","2200","","MAX","","521770.0","266937.0","GILLS NO.71","HEJ2","","","","","","","","","","","20785730","2021-06-23","","NRAIL","","","","","Down Slow","",""
"20785556","ECM1","55.1602","QE","","55.1602","1200","","MAX","","521797.0","267125.0","OFFORD <STATION LANE>","HEJ2","","","","","","","","","","","20785556","2021-06-23","","NRAIL","","","","","Up Slow","",""
"20785731","ECM1","55.1602","QE","","55.1602","2200","","MAX","","521797.0","267125.0","OFFORD <STATION LANE>","HEJ2","","","","","","","","","","","20785731","2021-06-23","","NRAIL","","","","","Down Slow","",""
"20785557","ECM1","68.0616","QE","","68.0616","1200","","MAX","","519910.0","286145.0","CONNINGTON NORTH","HEJ2","","","","","","","","","","","20785557","2021-06-23","","NRAIL","","","","","Up Slow","",""
"20785732","ECM1","68.0616","QE","","68.0616","2200","","MAX","","519910.0","286145.0","CONNINGTON NORTH","HEJ2","","","","","","","","","","","20785732","2021-06-23","","NRAIL","","","","","Down Slow","",""
"20785558","ECM1","69.0572","QE","","69.0572","1100","","MAX","","519806.0","287712.0","HOLME <LONG DROVE>","HEJ2","","","","","","","","","","","20785558","2021-06-23","","NRAIL","","","","","Up Main/Fast","",""
"20785733","ECM1","69.0572","QE","","69.0572","2100","","MAX","","519806.0","287712.0","HOLME <LONG DROVE>","HEJ2","","","","","","","","","","","20785733","2021-06-23","","NRAIL","","","","","Down Main/Fast","",""
"20785559","ECM1","70.0046","QE","","70.0046","1100","","MAX","","519733.0","288841.0","HOLME LODE","HEJ2","","","","","","","","","","","20785559","2021-06-23","","NRAIL","","","","","Up Main/Fast","",""
"20785734","ECM1","70.0046","QE","","70.0046","2100","","MAX","","519733.0","288841.0","HOLME LODE","HEJ2","","","","","","","","","","","20785734","2021-06-23","","NRAIL","","","","","Down Main/Fast","",""
"20785560","ECM1","71.121","QE","","71.121","1100","","MAX","","519546.0","291502.0","YAXLEY LODE","HEJ2","","","","","","","","","","","20785560","2021-06-23","","NRAIL","","","","","Up Main/Fast","",""
"20785735","ECM1","71.121","QE","","71.121","2100","","MAX","","519546.0","291502.0","YAXLEY LODE","HEJ2","","","","","","","","","","","20785735","2021-06-23","","NRAIL","","","","","Down Main/Fast","",""
"20785561","ECM1","81.0506","QE","","81.0506","1200","","MAX","","513892.0","305043.0","WOODCROFT","HEJ2","","","","","","","","","","","20785561","2021-06-23","","NRAIL","","","","","Up Slow","",""
"20785736","ECM1","81.0506","QE","","81.0506","2200","","MAX","","513892.0","305043.0","WOODCROFT","HEJ2","","","","","","","","","","","20785736","2021-06-23","","NRAIL","","","","","Down Slow","",""
"20785562","ECM1","81.1551","QE","","81.1551","1200","","MAX","","513099.0","305574.0","HELPSTON <GLINTON ROAD>","HEJ2","","","","","","","","","","","20785562","2021-06-23","","NRAIL","","","","","Up Slow","",""
"20785737","ECM1","81.1551","QE","","81.1551","2200","","MAX","","513099.0","305574.0","HELPSTON <GLINTON ROAD>","HEJ2","","","","","","","","","","","20785737","2021-06-23","","NRAIL","","","","","Down Slow","",""
"20785563","ECM1","82.0839","QE","","82.0839","1200","","MAX","","512223.0","305961.0","MAXEY","HEJ2","","","","","","","","","","","20785563","2021-06-23","","NRAIL","","","","","Up Slow","",""
"20785738","ECM1","82.0839","QE","","82.0839","2200","","MAX","","512223.0","305961.0","MAXEY","HEJ2","","","","","","","","","","","20785738","2021-06-23","","NRAIL","","","","","Down Slow","",""
"20785564","ECM1","83.0579","QE","","83.0579","1200","","MAX","","511211.0","306859.0","HELPSTON","HEJ2","","","","","","","","","","","20785564","2021-06-23","","NRAIL","","","","","Up Slow","",""
"20785739","ECM1","83.0579","QE","","83.0579","2200","","MAX","","511211.0","306859.0","HELPSTON","HEJ2","","","","","","","","","","","20785739","2021-06-23","","NRAIL","","","","","Down Slow","",""
"20785565","ECM1","83.0722","QE","","83.0722","1200","","MAX","","511125.0","306955.0","LOLHAM <KING STREET>","HEJ2","","","","","","","","","","","20785565","2021-06-23","","NRAIL","","","","","Up Slow","",""
"20785740","ECM1","83.0722","QE","","83.0722","2200","","MAX","","511125.0","306955.0","LOLHAM <KING STREET>","HEJ2","","","","","","","","","","","20785740","2021-06-23","","NRAIL","","","","","Down Slow","",""
"20785566","ECM1","84.0828","QE","","84.0828","1200","","MAX","","509976.0","308218.0","ECM1 84M 38CH XING NO.116","HEJ2","","","","","","","","","","","20785566","2021-06-23","","NRAIL","","","","","Up Slow","",""
"20785567","ECM1","84.1185","QE","","84.1185","1200","","MAX","","509725.0","308426.0","NO. 12 XING 118","HEJ2","","","","","","","","","","","20785567","2021-06-23","","NRAIL","","","","","Up Slow","",""
"20785742","ECM1","84.1185","QE","","84.1185","2200","","MAX","","509725.0","308426.0","NO. 12 XING 118","HEJ2","","","","","","","","","","","20785742","2021-06-23","","NRAIL","","","","","Down Slow","",""
"20785568","ECM1","84.141","QE","","84.141","1200","","MAX","","509561.0","308550.0","TALLINGTON <MAIN ROAD>","HEJ2","","","","","","","","","","","20785568","2021-06-23","","NRAIL","","","","","Up Slow","",""
"20785743","ECM1","84.141","QE","","84.141","2200","","MAX","","509561.0","308550.0","TALLINGTON <MAIN ROAD>","HEJ2","","","","","","","","","","","20785743","2021-06-23","","NRAIL","","","","","Down Slow","",""
"20785569","ECM1","85.0088","QE","","85.0088","1200","","MAX","","509238.0","308790.0","TALLINGTON TARMAC","HEJ2","","","","","","","","","","","20785569","2021-06-23","","NRAIL","","","","","Up Slow","",""
"20785744","ECM1","85.0088","QE","","85.0088","2200","","MAX","","509238.0","308790.0","TALLINGTON TARMAC","HEJ2","","","","","","","","","","","20785744","2021-06-23","","NRAIL","","","","","Down Slow","",""
"20785570","ECM1","85.1571","QE","","85.1571","1200","","MAX","","508149.0","309598.0","CASEWICK","HEJ2","","","","","","","","","","","20785570","2021-06-23","","NRAIL","","","","","Up Slow","",""
"20785745","ECM1","85.1571","QE","","85.1571","2200","","MAX","","508149.0","309598.0","CASEWICK","HEJ2","","","","","","","","","","","20785745","2021-06-23","","NRAIL","","","","","Down Slow","",""
"20785571","ECM1","87.0172","QE","","87.0172","1200","","MAX","","506592.0","310749.0","GREATFORD","HEJ2","","","","","","","","","","","20785571","2021-06-23","","NRAIL","","","","","Up Slow","",""
"20785746","ECM1","87.0172","QE","","87.0172","2200","","MAX","","506592.0","310749.0","GREATFORD","HEJ2","","","","","","","","","","","20785746","2021-06-23","","NRAIL","","","","","Down Slow","",""
"20785572","ECM1","110.1484","QE","","110.1484","1100","","MAX","","490620.0","343670.0","FRINKLEY LANE XING","HEJ3","","","","","","","","","","","20785572","2021-06-23","","NRAIL","","","","","Up Main/Fast","",""
"20785747","ECM1","110.1484","QE","","110.1484","2100","","MAX","","490620.0","343670.0","FRINKLEY LANE XING","HEJ3","","","","","","","","","","","20785747","2021-06-23","","NRAIL","","","","","Down Main/Fast","",""
"20785573","ECM1","113.099","QE","","113.099","1100","","MAX","","487758.0","346915.0","DRY DODDINGTON","HEJ3","","","","","","","","","","","20785573","2021-06-23","","NRAIL","","","","","Up Main/Fast","",""
"20785748","ECM1","113.099","QE","","113.099","2100","","MAX","","487758.0","346915.0","DRY DODDINGTON","HEJ3","","","","","","","","","","","20785748","2021-06-23","","NRAIL","","","","","Down Main/Fast","",""
"20785574","ECM1","113.1256","QE","","113.1256","1100","","MAX","","487582.0","347083.0","WESTBOROUGH XING","HEJ3","","","","","","","","","","","20785574","2021-06-23","","NRAIL","","","","","Up Main/Fast","",""
"20785749","ECM1","113.1256","QE","","113.1256","2100","","MAX","","487582.0","347083.0","WESTBOROUGH XING","HEJ3","","","","","","","","","","","20785749","2021-06-23","","NRAIL","","","","","Down Main/Fast","",""
"20785575","ECM1","115.0024","QE","","115.0024","1500","","MAX","","486070.0","348529.0","HOUGH LANE XING","HEJ3","","","","","","","","","","","20785575","2021-06-23","","NRAIL","","","","","Up Loop","",""
"20785750","ECM1","115.0024","QE","","115.0024","2100","","MAX","","486070.0","348529.0","HOUGH LANE XING","HEJ3","","","","","","","","","","","20785750","2021-06-23","","NRAIL","","","","","Down Main/Fast","",""
"20785576","ECM1","115.0596","QE","","115.0596","1100","","MAX","","485692.0","348892.0","CLAYPOLE <MAIN STREET>","HEJ3","","","","","","","","","","","20785576","2021-06-23","","NRAIL","","","","","Up Main/Fast","",""
"20785751","ECM1","115.0596","QE","","115.0596","2100","","MAX","","485692.0","348892.0","CLAYPOLE <MAIN STREET>","HEJ3","","","","","","","","","","","20785751","2021-06-23","","NRAIL","","","","","Down Main/Fast","",""
"20785577","ECM1","115.1004","QE","","115.1004","1100","","MAX","","485423.0","349150.0","OSTERFEN XING","HEJ3","","","","","","","","","","","20785577","2021-06-23","","NRAIL","","","","","Up Main/Fast","",""
"20785752","ECM1","115.1004","QE","","115.1004","2100","","MAX","","485423.0","349150.0","OSTERFEN XING","HEJ3","","","","","","","","","","","20785752","2021-06-23","","NRAIL","","","","","Down Main/Fast","",""
"20785578","ECM1","115.1605","QE","","115.1605","1100","","MAX","","485027.0","349529.0","BARNBY LANE XING","HEJ3","","","","","","","","","","","20785578","2021-06-23","","NRAIL","","","","","Up Main/Fast","",""
"20785753","ECM1","115.1605","QE","","115.1605","2500","","MAX","","485027.0","349529.0","BARNBY LANE XING","HEJ3","","","","","","","","","","","20785753","2021-06-23","","NRAIL","","","","","Down Loop","",""
"20785579","ECM1","116.153","QE","","116.153","1100","","MAX","","483915.0","350596.0","BALDERTON <BROAD FEN LANE>","HEJ3","","","","","","","","","","","20785579","2021-06-23","","NRAIL","","","","","Up Main/Fast","",""
"20785754","ECM1","116.153","QE","","116.153","2100","","MAX","","483915.0","350596.0","BALDERTON <BROAD FEN LANE>","HEJ3","","","","","","","","","","","20785754","2021-06-23","","NRAIL","","","","","Down Main/Fast","",""
"20785580","ECM1","118.0573","QE","","118.0573","1100","","MAX","","482224.0","352218.0","BULLPIT LANE XING","HEJ3","","","","","","","","","","","20785580","2021-06-23","","NRAIL","","","","","Up Main/Fast","",""
"20785755","ECM1","118.0573","QE","","118.0573","2100","","MAX","","482224.0","352218.0","BULLPIT LANE XING","HEJ3","","","","","","","","","","","20785755","2021-06-23","","NRAIL","","","","","Down Main/Fast","",""
"20785581","ECM1","119.0068","QE","","119.0068","1100","","MAX","","481396.0","353013.0","BARNBY XING","HEJ3","","","","","","","","","","","20785581","2021-06-23","","NRAIL","","","","","Up Main/Fast","",""
"20785756","ECM1","119.0068","QE","","119.0068","2100","","MAX","","481396.0","353013.0","BARNBY XING","HEJ3","","","","","","","","","","","20785756","2021-06-23","","NRAIL","","","","","Down Main/Fast","",""
"20785582","ECM1","122.0164","QE","","122.0164","1100","","MAX","","479419.0","357468.0","CHURCH LANE XING","HEJ3","","","","","","","","","","","20785582","2021-06-23","","NRAIL","","","","","Up Main/Fast","",""
"20785757","ECM1","122.0164","QE","","122.0164","2100","","MAX","","479419.0","357468.0","CHURCH LANE XING","HEJ3","","","","","","","","","","","20785757","2021-06-23","","NRAIL","","","","","Down Main/Fast","",""
"20785583","ECM1","122.1705","QE","","122.1705","1100","","MAX","","479105.0","358833.0","BATHLEY LANE XING","HEJ3","","","","","","","","","","","20785583","2021-06-23","","NRAIL","","","","","Up Main/Fast","",""
"20785758","ECM1","122.1705","QE","","122.1705","2100","","MAX","","479105.0","358833.0","BATHLEY LANE XING","HEJ3","","","","","","","","","","","20785758","2021-06-23","","NRAIL","","","","","Down Main/Fast","",""
"20785584","ECM1","123.0433","QE","","123.0433","1100","","MAX","","479060.0","359275.0","NORTH MUSKHAM XING","HEJ3","","","","","","","","","","","20785584","2021-06-23","","NRAIL","","","","","Up Main/Fast","",""
"20785759","ECM1","123.0433","QE","","123.0433","2100","","MAX","","479060.0","359275.0","NORTH MUSKHAM XING","HEJ3","","","","","","","","","","","20785759","2021-06-23","","NRAIL","","","","","Down Main/Fast","",""
"20785585","ECM1","123.0837","QE","","123.0837","1100","","MAX","","479072.0","359643.0","NORWELL LANE <VICARAGE LANE>","HEJ3","","","","","","","","","","","20785585","2021-06-23","","NRAIL","","","","","Up Main/Fast","",""
"20785760","ECM1","123.0837","QE","","123.0837","2100","","MAX","","479072.0","359643.0","NORWELL LANE <VICARAGE LANE>","HEJ3","","","","","","","","","","","20785760","2021-06-23","","NRAIL","","","","","Down Main/Fast","",""
"20785586","ECM1","124.1223","QE","","124.1223","1100","","MAX","","479155.0","361596.0","CROMWELL LANE <NORWELL LANE>","HEJ3","","","","","","","","","","","20785586","2021-06-23","","NRAIL","","","","","Up Main/Fast","",""
"20785761","ECM1","124.1223","QE","","124.1223","2100","","MAX","","479155.0","361596.0","CROMWELL LANE <NORWELL LANE>","HEJ3","","","","","","","","","","","20785761","2021-06-23","","NRAIL","","","","","Down Main/Fast","",""
"20785587","ECM1","125.0192","QE","","125.0192","1100","","MAX","","479183.0","362251.0","FLY FISH LANE XING","HEJ3","","","","","","","","","","","20785587","2021-06-23","","NRAIL","","","","","Up Main/Fast","",""
"20785762","ECM1","125.0192","QE","","125.0192","2100","","MAX","","479183.0","362251.0","FLY FISH LANE XING","HEJ3","","","","","","","","","","","20785762","2021-06-23","","NRAIL","","","","","Down Main/Fast","",""
"20785588","ECM1","126.0565","QE","","126.0565","1100","","MAX","","479267.0","364219.0","CARLTON <OSSINGTON ROAD>","HEJ3","","","","","","","","","","","20785588","2021-06-23","","NRAIL","","","","","Up Main/Fast","",""
"20785763","ECM1","126.0565","QE","","126.0565","2100","","MAX","","479267.0","364219.0","CARLTON <OSSINGTON ROAD>","HEJ3","","","","","","","","","","","20785763","2021-06-23","","NRAIL","","","","","Down Main/Fast","",""
"20785589","ECM1","127.005","QE","","127.006","1100","","MAX","","479277.0","365354.0","EAVES LANE XING","HEJ3","","","","","","","","","","","20785589","2021-06-23","","NRAIL","","","","","Up Main/Fast","",""
"20785764","ECM1","127.005","QE","","127.006","2100","","MAX","","479277.0","365354.0","EAVES LANE XING","HEJ3","","","","","","","","","","","20785764","2021-06-23","","NRAIL","","","","","Down Main/Fast","",""
"20785590","ECM1","128.0657","QE","","128.0657","1100","","MAX","","478527.0","367349.0","GRASSTHORPE","HEJ3","","","","","","","","","","","20785590","2021-06-23","","NRAIL","","","","","Up Main/Fast","",""
"20785765","ECM1","128.0657","QE","","128.0657","2100","","MAX","","478527.0","367349.0","GRASSTHORPE","HEJ3","","","","","","","","","","","20785765","2021-06-23","","NRAIL","","","","","Down Main/Fast","",""
"20785591","ECM1","130.0627","QE","","130.0627","1100","","MAX","","476095.0","369393.0","EGMANTON XING","HEJ3","","","","","","","","","","","20785591","2021-06-23","","NRAIL","","","","","Up Main/Fast","",""
"20785766","ECM1","130.0627","QE","","130.0627","2100","","MAX","","476095.0","369393.0","EGMANTON XING","HEJ3","","","","","","","","","","","20785766","2021-06-23","","NRAIL","","","","","Down Main/Fast","",""
"20785592","ECM1","135.1724","QE","","135.1724","1100","","MAX","","472334.0","377033.0","GAMSTON LANE XING","HEJ3","","","","","","","","","","","20785592","2021-06-23","","NRAIL","","","","","Up Main/Fast","",""
"20785767","ECM1","135.1724","QE","","135.1724","2100","","MAX","","472334.0","377033.0","GAMSTON LANE XING","HEJ3","","","","","","","","","","","20785767","2021-06-23","","NRAIL","","","","","Down Main/Fast","",""
"20785593","ECM1","136.096","QE","","136.096","1100","","MAX","","472341.0","377941.0","EATON LANE XING","HEJ3","","","","","","","","","","","20785593","2021-06-23","","NRAIL","","","","","Up Main/Fast","",""
"20785768","ECM1","136.096","QE","","136.096","2100","","MAX","","472341.0","377941.0","EATON LANE XING","HEJ3","","","","","","","","","","","20785768","2021-06-23","","NRAIL","","","","","Down Main/Fast","",""
"20785594","ECM1","137.0788","QE","","137.0788","1100","","MAX","","471684.0","379180.0","GROVE ROAD XING","HEJ3","","","","","","","","","","","20785594","2021-06-23","","NRAIL","","","","","Up Main/Fast","",""
"20785769","ECM1","137.0788","QE","","137.0788","2100","","MAX","","471684.0","379180.0","GROVE ROAD XING","HEJ3","","","","","","","","","","","20785769","2021-06-23","","NRAIL","","","","","Down Main/Fast","",""
"20785595","ECM1","140.1168","QE","","140.1168","1100","","MAX","","468233.0","382959.0","BOTANY BAY <SUTTON LANE>","HEJ3","","","","","","","","","","","20785595","2021-06-23","","NRAIL","","","","","Up Main/Fast","",""
"20785770","ECM1","140.1168","QE","","140.1168","2100","","MAX","","468233.0","382959.0","BOTANY BAY <SUTTON LANE>","HEJ3","","","","","","","","","","","20785770","2021-06-23","","NRAIL","","","","","Down Main/Fast","",""
"20785596","ECM1","141.123","QE","","141.123","1100","","MAX","","467390.0","384395.0","BARNBY MOOR & SUTTON <STATION ROAD>","HEJ3","","","","","","","","","","","20785596","2021-06-23","","NRAIL","","","","","Up Main/Fast","",""
"20785771","ECM1","141.123","QE","","141.123","2100","","MAX","","467390.0","384395.0","BARNBY MOOR & SUTTON <STATION ROAD>","HEJ3","","","","","","","","","","","20785771","2021-06-23","","NRAIL","","","","","Down Main/Fast","",""
"20785597","ECM1","143.0368","QE","","143.0368","1100","","MAX","","466438.0","386608.0","TORWORTH <DANESHILL ROAD>","HEJ3","","","","","","","","","","","20785597","2021-06-23","","NRAIL","","","","","Up Main/Fast","",""
"20785772","ECM1","143.0368","QE","","143.0368","2100","","MAX","","466438.0","386608.0","TORWORTH <DANESHILL ROAD>","HEJ3","","","","","","","","","","","20785772","2021-06-23","","NRAIL","","","","","Down Main/Fast","",""
"20785598","ECM1","143.1737","QE","","143.1737","1100","","MAX","","466156.0","387828.0","RANSKILL NO.236 <STATION ROAD>","HEJ3","","","","","","","","","","","20785598","2021-06-23","","NRAIL","","","","","Up Main/Fast","",""
"20785773","ECM1","143.1737","QE","","143.1737","2100","","MAX","","466156.0","387828.0","RANSKILL NO.236 <STATION ROAD>","HEJ3","","","","","","","","","","","20785773","2021-06-23","","NRAIL","","","","","Down Main/Fast","",""
"20785599","ECM1","144.1253","QE","","144.1253","1100","","MAX","","465895.0","388963.0","THOMPSONS","HEJ3","","","","","","","","","","","20785599","2021-06-23","","NRAIL","","","","","Up Main/Fast","",""
"20785774","ECM1","144.1253","QE","","144.1253","2100","","MAX","","465895.0","388963.0","THOMPSONS","HEJ3","","","","","","","","","","","20785774","2021-06-23","","NRAIL","","","","","Down Main/Fast","",""
"20785600","ECM1","145.1171","QE","","145.1171","1100","","MAX","","465598.0","390468.0","SCHOOL LANE XING","HEJ3","","","","","","","","","","","20785600","2021-06-23","","NRAIL","","","","","Up Main/Fast","",""
"20785775","ECM1","145.1171","QE","","145.1171","2100","","MAX","","465598.0","390468.0","SCHOOL LANE XING","HEJ3","","","","","","","","","","","20785775","2021-06-23","","NRAIL","","","","","Down Main/Fast","",""
"20785601","ECM1","145.1506","QE","","145.1506","1100","","MAX","","465548.0","390770.0","SCROOBY XING","HEJ3","","","","","","","","","","","20785601","2021-06-23","","NRAIL","","","","","Up Main/Fast","",""
"20785776","ECM1","145.1506","QE","","145.1506","2100","","MAX","","465548.0","390770.0","SCROOBY XING","HEJ3","","","","","","","","","","","20785776","2021-06-23","","NRAIL","","","","","Down Main/Fast","",""
"20785602","ECM1","150.0637","QE","","150.0637","1100","","MAX","","462992.0","397025.0","PENNY""S XING","HEJ3","","","","","","","","","","","20785602","2021-06-23","","NRAIL","","","","","Up Main/Fast","",""
"20785777","ECM1","150.0637","QE","","150.0637","2100","","MAX","","462992.0","397025.0","PENNY""S XING","HEJ3","","","","","","","","","","","20785777","2021-06-23","","NRAIL","","","","","Down Main/Fast","",""
"20785603","ECM1","151.0627","QE","","151.0627","1100","","MAX","","462058.0","398326.0","ROSSINGTON <STATION ROAD>","HEJ3","","","","","","","","","","","20785603","2021-06-23","","NRAIL","","","","","Up Main/Fast","",""
"20785778","ECM1","151.0627","QE","","151.0627","2100","","MAX","","462058.0","398326.0","ROSSINGTON <STATION ROAD>","HEJ3","","","","","","","","","","","20785778","2021-06-23","","NRAIL","","","","","Down Main/Fast","",""
"20785604","ECM1","156.145","QE","","156.145","1100","","MAX","","457145.0","404534.0","MOAT HILLS <INGS ROAD>","HEJ3","","","","","","","","","","","20785604","2021-06-23","","NRAIL","","","","","Up Main/Fast","",""
"20785779","ECM1","156.145","QE","","156.145","2100","","MAX","","457145.0","404534.0","MOAT HILLS <INGS ROAD>","HEJ3","","","","","","","","","","","20785779","2021-06-23","","NRAIL","","","","","Down Main/Fast","",""
"20785605","ECM1","157.0484","QE","","157.0484","1100","","MAX","","457281.0","405243.0","FOWLER BRIDGE ROAD","HEJ3","","","","","","","","","","","20785605","2021-06-23","","NRAIL","","","","","Up Main/Fast","",""
"20785780","ECM1","157.0484","QE","","157.0484","2100","","MAX","","457281.0","405243.0","FOWLER BRIDGE ROAD","HEJ3","","","","","","","","","","","20785780","2021-06-23","","NRAIL","","","","","Down Main/Fast","",""
"20785606","ECM1","158.004","QE","","158.004","1100","","MAX","","457518.0","406419.0","ARKSEY <STATION ROAD>","HEJ3","","","","","","","","","","","20785606","2021-06-23","","NRAIL","","","","","Up Main/Fast","",""
"20785781","ECM1","158.004","QE","","158.004","2100","","MAX","","457518.0","406419.0","ARKSEY <STATION ROAD>","HEJ3","","","","","","","","","","","20785781","2021-06-23","","NRAIL","","","","","Down Main/Fast","",""
"20785607","ECM1","158.0792","QE","","158.0792","1100","","MAX","","457655.0","407099.0","ARKSEY LANE XING","HEJ3","","","","","","","","","","","20785607","2021-06-23","","NRAIL","","","","","Up Main/Fast","",""
"20785782","ECM1","158.0792","QE","","158.0792","2100","","MAX","","457655.0","407099.0","ARKSEY LANE XING","HEJ3","","","","","","","","","","","20785782","2021-06-23","","NRAIL","","","","","Down Main/Fast","",""
"20785608","ECM1","158.0995","QE","","158.0995","1100","","MAX","","457691.0","407279.0","MARSH LANE XING","HEJ3","","","","","","","","","","","20785608","2021-06-23","","NRAIL","","","","","Up Main/Fast","",""
"20785783","ECM1","158.0995","QE","","158.0995","2100","","MAX","","457691.0","407279.0","MARSH LANE XING","HEJ3","","","","","","","","","","","20785783","2021-06-23","","NRAIL","","","","","Down Main/Fast","",""
"20785609","ECM1","159.023","QE","","159.023","1100","","MAX","","457870.0","408172.0","DAW LANE <SHAFTHOLME ROAD>","HEJ3","","","","","","","","","","","20785609","2021-06-23","","NRAIL","","","","","Up Main/Fast","",""
"20785784","ECM1","159.023","QE","","159.023","2100","","MAX","","457870.0","408172.0","DAW LANE <SHAFTHOLME ROAD>","HEJ3","","","","","","","","","","","20785784","2021-06-23","","NRAIL","","","","","Down Main/Fast","",""
"20785610","ECM1","159.1442","QE","","159.1442","1100","","MAX","","458039.0","409267.0","MASSERALLAS XING","HEJ3","","","","","","","","","","","20785610","2021-06-23","","NRAIL","","","","","Up Main/Fast","",""
"20785785","ECM1","159.1442","QE","","159.1442","2100","","MAX","","458039.0","409267.0","MASSERALLAS XING","HEJ3","","","","","","","","","","","20785785","2021-06-23","","NRAIL","","","","","Down Main/Fast","",""
"20787542","ECM2","160.1364","QE","","160.1364","0","","MAP","","458232.0","410518.0","#8 ADWICK JUNCTION","HEJ3","","","","","","","","","","","20787542","2022-08-18","","NRAIL","","","","","All/Multiple Tracks","CTLP Site. Confirm before use.",""
"20772576","ECM2","162.0792","QE","","162.0792","1100","","MAP","","458689.0","413444.0","FP XING NO 16","HEJ3","","","","","","","","","","","20772576","2019-02-13","","NRAIL","","","","","Up Main/Fast","11/12/07 ASSET CREATED - AS",""
"20772577","ECM2","162.1584","QE","","162.1584","2100","","MAP","","458756.0","414164.0","PUBLIC FOOTPATH","HEJ3","","","","","","","","","","","20772577","2019-02-13","","NRAIL","","","","","Down Main/Fast","11/12/07 ASSET CREATED - AS",""
"20774222","ECM2","165.1629","QE","","165.1629","0","","MAP","","459223.8","419011.8","BALNE TSC 25KV SUBSTATION","HEJ3","","","","","","","","","","","20774222","2021-06-23","","NRAIL","","","","","All/Multiple Tracks","Highgate, Balne, Goole, DN14 0ER - SE592190","SE 00592 00190"
"20774665","ECM2","166.0506","QE","","166.0506","1100","","MAP","","459322.0","419583.0","BALNE MOOR ROAD BR 02","HEJ3","","","","","","","","","","","20774665","2019-06-11","","NRAIL","","","","","Up Main/Fast","Access on Balne Moor Rd along side of bridge. Note significant risk from road traffic especially when leaving access. Security - Locked pedestrian gate. Parking - None. Condition - fair, road traffic, no lighting, unsuitable for heavy lifting or multi-person manual handling. Nearest hospital Pontefract. Nearest welfare - Moss SB approx 25 mins.","SE 00593 00195"
"20662721","ECM2","167.1531","QE","","167.1531","1100","","MAP","","459765.0","422094.0","Bridge 10 DN14 0XD","HEJ1","","","","","","","","","Pedestrian","","20662721","2023-11-24","","NRAIL","","","","","Up Main/Fast","Access gate at Bridge 10, Little Heck, Common Lane. Single gate, 859 lock. SE597221.",""
"20662723","ECM2","168.0848","QE","","168.0848","1100","","MAP","","459935.0","423066.0","Bridge 12 DN14 0RS","HEJ1","","","","","","","","","Pedestrian","","20662723","2023-11-24","","NRAIL","","","","","Up Main/Fast","Access gate at Bridge 12, Little Heck Common Lane. Single gate, 859 lock. SE599230.",""
"20767264","ECM2","168.1079","QE","","168.1079","1100","","MAP","","459971.0","423271.0","Bridge 13 DN14 0RS","HEJ1","","","","","","","","","Pedestrian","","20767264","2023-11-24","","NRAIL","","","","","Up Main/Fast","Access gate at Bridge 13, Gowdall Road, Kensall. Single gate, 859 lock. SE599232.",""
"20662724","ECM2","168.1275","QE","","168.1275","2100","","MAP","","459995.0","423447.0","Bridge 14 DN14 0RS","HEJ1","","","","","","","","","Pedestrian","","20662724","2023-11-24","","NRAIL","","","","","Down Main/Fast","Access gate at Bridge 14, Westland Road, Hensall. Single gate, 859 lock. SE599234.",""
"20775883","ECM2","168.0944","QE","","168.0944","1100","","MAR","","459949.0","423151.0","Bridge 12 RRAP UM DN14 0RS","HEJ1","","","","","","","","","","","20775883","2023-11-24","","NRAIL","","","","","Up Main/Fast","Little Heck, Common Lane.",""
"20775884","ECM2","168.0944","QE","","168.0944","2100","","MAR","","459945.0","423152.0","Bridge 12 RRAP DM DN14 0RS","HEJ1","","","","","","","","","","","20775884","2023-11-24","","NRAIL","","","","","Down Main/Fast","Little Heck, Common Lane.",""
"20785127","ECM2","160.1056","QE","","160.1056","2100","","MAV","","458231.0","410506.0","JOAN CROFT LC","HEJ3","","","","","","","","","","","20785127","2021-06-18","","NRAIL","","","","","Down Main/Fast","Access road Joan Croft Lane. Security - Manned LC, Parking - Limited obstructive. Condition - good, limited lighting, road traffic, good under foot.","SE 00583 00105"
"20772575","ECM2","160.1606","QE","","160.1606","1100","","MAV","","458335.0","410998.0","FP XING NO 12","HEJ3","","","","","","","","","","","20772575","2019-02-13","","NRAIL","","","","","Up Main/Fast","11/12/07 ASSET CREATED - AS",""
"20662718","ECM2","165.1628","QE","","165.1628","1100","","MAV","","459224.0","419011.0","POLLINGTON ROAD","HEJ3","","","","","","","","","","","20662718","2019-02-13","","NRAIL","","","","","Up Main/Fast","",""
"20774221","ECM2","165.1629","QE","","165.1629","0","","MAV","","459223.8","419011.8","BALNE TSC 25KV SUBSTATION","HEJ3","","","","","","","","","","","20774221","2021-06-23","","NRAIL","","","","","All/Multiple Tracks","Highgate, Balne, Goole DN14 0ER",""
"20786163","ECM2","166.1491","QE","","166.1491","1100","","MAV","","459480.0","420472.0","CALDER NAVIGATION","HEJ3","","","","","","","","","","","20786163","2021-10-05","","NRAIL","","","","","Up Main/Fast","",""
"20662720","ECM2","167.0475","QE","","167.0475","3900","","MAV","","459614.0","421140.0","Heck Ground Frame DN14 0BD","HEJ1","","","","","","","","","","","20662720","2023-11-24","","NRAIL","","","","","Rev Siding","Access gate just east of Bridge 7, Heck. Double gate, 859 lock. SE595211.",""
"20774458","ECM2","168.0839","QE","","168.0839","1100","","MAV","","459932.0","422054.0","Heck Ings, Bridge 12 DN14 0RS","HEJ1","","","","","","","","","","","20774458","2023-11-24","","NRAIL","","","","","Up Main/Fast","Travel from Hensall on Gowdall Rd, turn right before railway bridge onto Little Heck Common Lane, continue under railway bridge 12 then turn left to 15ft vehicle access gate. Map Ref SE599230. Gravel inclined access road.",""
"20785611","ECM2","160.1608","QE","","160.1608","1100","","MAX","","458336.0","411000.0","JOAN CROFT NORTH N012 - 160M73CH","HEJ3","","","","","","","","","","","20785611","2021-06-23","","NRAIL","","","","","Up Main/Fast","",""
"20785786","ECM2","160.1608","QE","","160.1608","2100","","MAX","","458336.0","411000.0","JOAN CROFT NORTH N012 - 160M73CH","HEJ3","","","","","","","","","","","20785786","2021-06-23","","NRAIL","","","","","Down Main/Fast","",""
"20662709","ECM2","161.051","QE","","161.051","1100","","MAX","","458461.0","411592.0","DORMER GREEN LC","HEJ3","","","","","","","","","","","20662709","2021-06-18","","NRAIL","","","","","Up Main/Fast","",""
"20785128","ECM2","161.051","QE","","161.051","2100","","MAX","","458461.0","411592.0","DORMER GREEN LC","HEJ3","","","","","","","","","","","20785128","2021-06-18","","NRAIL","","","","","Down Main/Fast","",""
"20785612","ECM2","161.076","QE","","161.076","1100","","MAX","","458507.0","411816.0","NOBLETHORPE XING","HEJ3","","","","","","","","","","","20785612","2021-06-23","","NRAIL","","","","","Up Main/Fast","",""
"20785787","ECM2","161.076","QE","","161.076","2100","","MAX","","458507.0","411816.0","NOBLETHORPE XING","HEJ3","","","","","","","","","","","20785787","2021-06-23","","NRAIL","","","","","Down Main/Fast","",""
"20785613","ECM2","161.1528","QE","","161.1528","1100","","MAX","","458600.0","412515.0","WRANCARR XING","HEJ3","","","","","","","","","","","20785613","2021-06-23","","NRAIL","","","","","Up Main/Fast","",""
"20785788","ECM2","161.1528","QE","","161.1528","2100","","MAX","","458600.0","412515.0","WRANCARR XING","HEJ3","","","","","","","","","","","20785788","2021-06-23","","NRAIL","","","","","Down Main/Fast","",""
"20785614","ECM2","162.0308","QE","","162.0308","1100","","MAX","","458647.0","413003.0","BARCROFT XING","HEJ3","","","","","","","","","","","20785614","2021-06-23","","NRAIL","","","","","Up Main/Fast","",""
"20785789","ECM2","162.0308","QE","","162.0308","2100","","MAX","","458647.0","413003.0","BARCROFT XING","HEJ3","","","","","","","","","","","20785789","2021-06-23","","NRAIL","","","","","Down Main/Fast","",""
"20785615","ECM2","162.0779","QE","","162.0779","1100","","MAX","","458688.0","413432.0","BARCROFT  NORTH N0 16 - 162M36CH","HEJ3","","","","","","","","","","","20785615","2021-06-23","","NRAIL","","","","","Up Main/Fast","",""
"20785790","ECM2","162.0779","QE","","162.0779","2100","","MAX","","458688.0","413432.0","BARCROFT  NORTH N0 16 - 162M36CH","HEJ3","","","","","","","","","","","20785790","2021-06-23","","NRAIL","","","","","Down Main/Fast","",""
"20785616","ECM2","162.1204","QE","","162.1204","1100","","MAX","","458724.0","413818.0","HEYWORTH XING","HEJ3","","","","","","","","","","","20785616","2021-06-23","","NRAIL","","","","","Up Main/Fast","",""
"20785791","ECM2","162.1204","QE","","162.1204","2100","","MAX","","458724.0","413818.0","HEYWORTH XING","HEJ3","","","","","","","","","","","20785791","2021-06-23","","NRAIL","","","","","Down Main/Fast","",""
"20785617","ECM2","162.1592","QE","","162.1592","1100","","MAX","","458757.0","414171.0","MOSS SOUTH N0278 - 162M72CH","HEJ3","","","","","","","","","","","20785617","2021-06-23","","NRAIL","","","","","Up Main/Fast","",""
"20785792","ECM2","162.1592","QE","","162.1592","2100","","MAX","","458757.0","414171.0","MOSS SOUTH N0278 - 162M72CH","HEJ3","","","","","","","","","","","20785792","2021-06-23","","NRAIL","","","","","Down Main/Fast","",""
"20785618","ECM2","163.0038","QE","","163.0038","1100","","MAX","","458774.0","414359.0","MOSS XING","HEJ3","","","","","","","","","","","20785618","2021-06-23","","NRAIL","","","","","Up Main/Fast","",""
"20785793","ECM2","163.0038","QE","","163.0038","2100","","MAX","","458774.0","414359.0","MOSS XING","HEJ3","","","","","","","","","","","20785793","2021-06-23","","NRAIL","","","","","Down Main/Fast","",""
"20785619","ECM2","163.1323","QE","","163.1323","1100","","MAX","","458888.0","415530.0","MOAT HILL FARM N03 - 163M60CH","HEJ3","","","","","","","","","","","20785619","2021-06-23","","NRAIL","","","","","Up Main/Fast","",""
"20785794","ECM2","163.1323","QE","","163.1323","2100","","MAX","","458888.0","415530.0","MOAT HILL FARM N03 - 163M60CH","HEJ3","","","","","","","","","","","20785794","2021-06-23","","NRAIL","","","","","Down Main/Fast","",""
"20785620","ECM2","164.022","QE","","164.022","1100","","MAX","","458944.0","416127.0","FENWICK SOUTH N05 - 164M10CH","HEJ3","","","","","","","","","","","20785620","2021-06-23","","NRAIL","","","","","Up Main/Fast","",""
"20785795","ECM2","164.022","QE","","164.022","2100","","MAX","","458944.0","416127.0","FENWICK SOUTH N05 - 164M10CH","HEJ3","","","","","","","","","","","20785795","2021-06-23","","NRAIL","","","","","Down Main/Fast","",""
"20785621","ECM2","164.0312","QE","","164.0312","1100","","MAX","","458952.0","416211.0","FENWICK XING","HEJ3","","","","","","","","","","","20785621","2021-06-23","","NRAIL","","","","","Up Main/Fast","",""
"20785796","ECM2","164.0312","QE","","164.0312","2100","","MAX","","458952.0","416211.0","FENWICK XING","HEJ3","","","","","","","","","","","20785796","2021-06-23","","NRAIL","","","","","Down Main/Fast","",""
"20785622","ECM2","164.0945","QE","","164.0945","1100","","MAX","","459006.0","416790.0","FENWICK NORTH NO7  - 164M42CH","HEJ3","","","","","","","","","","","20785622","2021-06-23","","NRAIL","","","","","Up Main/Fast","",""
"20785797","ECM2","164.0945","QE","","164.0945","2100","","MAX","","459006.0","416790.0","FENWICK NORTH NO7  - 164M42CH","HEJ3","","","","","","","","","","","20785797","2021-06-23","","NRAIL","","","","","Down Main/Fast","",""
"20785623","ECM2","165.0495","QE","","165.0495","1100","","MAX","","459120.0","417979.0","BALNE LOW GATE XING","HEJ3","","","","","","","","","","","20785623","2021-06-23","","NRAIL","","","","","Up Main/Fast","",""
"20785798","ECM2","165.0495","QE","","165.0495","2100","","MAX","","459120.0","417979.0","BALNE LOW GATE XING","HEJ3","","","","","","","","","","","20785798","2021-06-23","","NRAIL","","","","","Down Main/Fast","",""
"20785624","ECM2","165.09","QE","","165.09","1100","","MAX","","459156.0","418348.0","CHAPEL HILL XING","HEJ3","","","","","","","","","","","20785624","2021-06-23","","NRAIL","","","","","Up Main/Fast","",""
"20785799","ECM2","165.09","QE","","165.09","2100","","MAX","","459156.0","418348.0","CHAPEL HILL XING","HEJ3","","","","","","","","","","","20785799","2021-06-23","","NRAIL","","","","","Down Main/Fast","",""
"20785625","ECM2","165.1631","QE","","165.1631","1100","","MAX","","459224.0","419013.0","BALNE <HIGHGATE>","HEJ3","","","","","","","","","","","20785625","2021-06-23","","NRAIL","","","","","Up Main/Fast","",""
"20785800","ECM2","165.1631","QE","","165.1631","2100","","MAX","","459224.0","419013.0","BALNE <HIGHGATE>","HEJ3","","","","","","","","","","","20785800","2021-06-23","","NRAIL","","","","","Down Main/Fast","",""
"20662727","ECM3","170.08","QE","","170.08","1100","","MAP","","459949.0","426179.0","Bridge 3, Templehirst YO8 8LF","HEJ1","","","","","","","","","Pedestrian","","20662727","2022-08-19","","NRAIL","","","","","Up Main/Fast","Off A19 at Chapel Haddesley to Templehirst, access road between Br 2 & Br TCW1/19. Single gate. SE599261.",""
"20662728","ECM3","171.0977","QE","","171.0977","2100","","MAP","","458880.0","427580.0","Bridge 6 YO8 8LQ","HEJ1","","","","","","","","","","","20662728","2022-08-19","","NRAIL","","","","","Down Main/Fast","Off A19 between Chapel Haddesley & Burn, access road near Br 6. Single gate, 859 lock. SE588276.",""
"20662729","ECM3","172.0918","QE","","172.0918","2100","","MAP","","457852.0","428746.0","Selby Canal, Bridge 8 YO8 9LD","HEJ1","","","","","","","","","","","20662729","2022-08-19","","NRAIL","","","","","Down Main/Fast","Off A19 at Burn, along West Lane access road just after Br 7. Single gate, 859 lock.  SE578287.",""
"20780167","ECM3","172.1407","QE","","172.1407","2100","","MAP","","457555.0","429081.0","Lund Farm Bridge 12 YO8 9LD","HEJ1","","","","","","","","","","","20780167","2022-08-19","","NRAIL","","","","","Down Main/Fast","Access road through farm track",""
"20782807","ECM3","175.1114","QE","","175.1114","2100","","MAP","","455026.0","432860.0","Bishops Wood South LS25 6HP","HEJ1","","","","","","","","","Pedestrian","","20782807","2022-08-19","","NRAIL","","","","","Down Main/Fast","Access road off Scalm Lane.Gate up to the Down Main for Y957 signal. SE550326.","SE 55027 32686"
"20662735","ECM3","179.1336","QE","","179.1336","2100","","MAP","","454502.0","439445.0","Woodbine Grange, Bridge 29 LS24 9EB","HEJ1","","","","","","","","","Pedestrian","","20662735","2022-08-19","","NRAIL","","","","","Down Main/Fast","Dirt track off B1223, just west of Bridge 29. Single gate, 859 lock. SE545394.",""
"20662736","ECM3","180.1375","QE","","180.1375","2100","","MAP","","453998.0","441009.0","Bolton Percy YO23 7BB","HEJ1","","","","","","","","","Pedestrian","","20662736","2022-08-19","","NRAIL","","","","","Down Main/Fast","Dirt track west of Br 31 off Oak Lane. Single gate, 859 lock. SE540410.",""
"20767265","ECM3","181.0387","QE","","181.0387","1100","","MAP","","453891.0","441705.0","Church Lane, Bridge 32 YO23 7DY","HEJ1","","","","","","","","","Pedestrian","","20767265","2022-08-19","","NRAIL","","","","","Up Main/Fast","Off Bolton Piercy to Colton Bridge Road, signposted Bridleway to Appleton Roebuck. Single gate, 859 lock. SE538417.",""
"20775661","ECM3","181.0884","QE","","181.0884","2100","","MAP","","453894.0","442158.0","Bridge 33, Colton South YO23 7DY","HEJ1","","","","","","","","","","","20775661","2022-08-19","","NRAIL","","","","","Down Main/Fast","Pedestrian Access Steps.",""
"20767266","ECM3","181.0888","QE","","181.0888","1100","","MAP","","453902.0","442161.0","New Road, Bridge 33 YO23 7BD","HEJ1","","","","","","","","","Pedestrian","","20767266","2022-08-19","","NRAIL","","","","","Up Main/Fast","Bolton Percy to Colton Bridge Road. Single gate, 859 lock. SE538421",""
"20662737","ECM3","182.0349","QE","","182.0349","1100","","MAP","","454214.0","443222.0","Colton, Bridge 34 YO23 7DU","HEJ1","","","","","","","","","Pedestrian","","20662737","2022-08-19","","NRAIL","","","","","Up Main/Fast","Minor road off Colton Lane to Colton Breck Farm. Single gate. SE542432.",""
"20774183","ECM3","182.1367","QE","","182.1367","1100","","MAP","","454704.0","444015.0","Colton TSC 25KV Substation LS24 8EP","HEJ1","","","","","","","","","Pedestrian","","20774183","2022-08-19","","NRAIL","","","","","Up Main/Fast","Colton Lane. SE549442.",""
"20662738","ECM3","182.1732","QE","","182.1732","1100","","MAP","","454908.0","444295.0","Colton Jcn Relay Room LS24 8ER","HEJ1","","","","","","","","","","","20662738","2022-08-19","","NRAIL","","","","","Up Main/Fast","Minor road off Colton Lane to Colton Breck Farm. Single gate, 859 lock. SE549442.","SE 54919 44282"
"20775625","ECM3","174.1251","QE","","174.1251","2100","","MAR","","455775.0","431583.0","Hambleton RRAP DM YO8 9HZ","HEJ1","","","","","","","","","","","20775625","2022-08-19","","NRAIL","","","","","Down Main/Fast","",""
"20662726","ECM3","169.1311","QE","","169.1311","1100","","MAV","","460214.0","425072.0","Temple Hirst, Bridge 2 YO8 8QL","HEJ1","","","","","","","","","","","20662726","2022-08-19","","NRAIL","","","","","Up Main/Fast","Off A19 @ Chapel Haddesley to Temple Hirst, access road between Br 2 & Br TCW1/19. Single gate. SE602250.",""
"20662730","ECM3","173.0289","QE","","173.0289","1100","","MAV","","457174.0","429528.0","Lund Farm Bridge 12 YO8 9LE","HEJ1","","","","","","","","","Vehicle","","20662730","2022-08-19","","NRAIL","","","","","Up Main/Fast","Access road just east of BR12, on New Gateforth Road, at Gateforth Park. SE571295.",""
"20662731","ECM3","174.0157","QE","","174.0157","1100","","MAV","","456332.0","430752.0","A63, Bridge 15, Hambleton South Jn YO8 9HN","HEJ1","","","","","","","","","","","20662731","2022-08-19","","NRAIL","","","","","Up Main/Fast","Whinny Hagg Lane, off A1238. Single gate, 859 lock. SE562307.",""
"20774208","ECM3","174.1276","QE","","174.1276","2100","","MAV","","455765.0","431602.0","Hambleton TSC 25KV Substation YO8 9HZ","HEJ1","","","","","","","","","","","20774208","2023-11-24","","NRAIL","","","","","Down Main/Fast","Scalm Lane -over level crossing-. SE557316.",""
"20662732","ECM3","174.132","QE","","174.132","2100","","MAV","","455739.0","431634.0","Hambleton Relay Room Y08 9HZ","HEJ1","","","","","","","","","","","20662732","2022-08-19","","NRAIL","","","","","Down Main/Fast","At Scalm Lane Level Crossing, continue to Relay Room. Single gate, 859 lock. SE557316.",""
"20662733","ECM3","176.0056","QE","","176.0056","2100","","MAV","","454874.0","433482.0","Bishops Wood, Bridge 20 LS25 6HN","HEJ1","","","","","","","","","Vehicle","","20662733","2022-08-19","","NRAIL","","","","","Down Main/Fast","Scalm lane, Biggin to Wistow Rd, signposted Fairview Kennels. Single gate.",""
"20782787","ECM3","176.1184","QE","","176.1184","2100","","MAV","","454847.0","434513.0","BISHOPDYKE ROAD LS24 9EL","HEJ1","","","","","","","","","","","20782787","2022-08-19","","NRAIL","","","","","Down Main/Fast","At Bishopdyke Road. Single gate, 859 lock. SE548344.","SE 54852 34496"
"20662734","ECM3","178.097","QE","","178.097","1100","","MAV","","454845.0","437535.0","Ryther Foot, Bridge 25 LS24 9EJ","HEJ1","","","","","","","","","","","20662734","2022-08-19","","NRAIL","","","","","Up Main/Fast","Off Moor Lane, east of Br 26, follow minor road keepiing right of Stoker Farm to Br 25. Single gate, 859 lock. SE548375.",""
"20794250","ECM4","184.0592","QE","","184.0592","2150","","MAP","","456262.0","445998.0","COPMANTHORPE SOUTH YO23 3YZ","HEJ1","","","","","","","","","","","20794250","2024-10-07","","NRAIL","","","","","","Vehicle access point installed at Copmanthrorpe south 
W3W""s: cheeses.asks.lawns","SE 56262 45998"
"20790274","ECM4","184.1408","QE","","184.1408","1100","","MAP","","456745.0","446568.0","Vavasour Court Dn Leeds YO23 3SX","HEJ1","","","","","","","","","","","20790274","2024-04-24","","NRAIL","","","","","Up Main/Fast","Access point installed at Vasasour court","SE 56745 46568"
"20662740","ECM4","185.0426","QE","","185.0426","2150","","MAP","","457125.0","447149.0","Copmanthorpe No 2 FPW YO23 3YE","HEJ1","","","","","","","","","","","20662740","2022-08-19","","NRAIL","","","","","","Dirt track 1st Right on Ploughmans Close, Copmanthorpe. Single gate. SE571471. Warning Noise Sensitive Area","SE 57122 47134"
"20662742","ECM4","185.1468","QE","","185.1468","1100","","MAP","","457606.0","447968.0","Bond Hill Ash Farm, Bridge 9 YO23 2UB","HEJ1","","","","","","","","","","","20662742","2022-08-19","","NRAIL","","","","","Up Main/Fast","Minor access road, just east of Br 9 on the A1036 Tadcaster to Dringhouses road. Single gate, 859 lock. SE576479.","SE 57629 47977"
"20790270","ECM4","185.1468","QE","","185.1468","2150","","MAP","","457598.0","447993.0","Askham Bog Dn Leeds YO23 2UB","HEJ1","","","","","","","","","","","20790270","2024-04-02","","NRAIL","","","","","","Pedestrian Access steps installed at Askham Bog","SE 57598 47993"
"20608842","ECM4","187.1716","QE","","187.1716","3903","","MAP","","458436.0","449885.0","Holgate Sidings, Barbara Grove YO24 1HN","HEJ1","","","","","","","","","Pedestrian","","20608842","2023-11-25","","NRAIL","","","","","","Off Barbara Grove, Holgate. Single gate, 859 lock. Access to Holgate Sidings, pedestrian only from footpath approach. Dn side to Dickie Bridge ECM4/5, gated access and steps down to cess. SE584498.",""
"20788828","ECM4","184.051","QE","","184.051","1150","","MAR","","456225.0","445911.0","Moor Lane 1 YO23 3TJ","HEJ1","","","","","","","","","","","20788828","2023-01-31","","NRAIL","","","","","","This double RRAP and compound has been created by TRU for their construction works and is technically temporary.  However, it will be here for the next 12+months and non-TRU staff can use with prior agreement.  It is located on 3rd Party land and there are discussions ongoing to leave some kind of permanent access here as a legacy for maintenance.~
~
Access HAS to be agreed beforehand by contacting Logisitics@trueast.co.uk.  When not used by TRU, there is electronic security which automatically notifies the police if activated - hence why prior arrangement is essential.~
~
What3Words: Announced.Magpie.Notes","SE 56225 45911"
"20788829","ECM4","184.051","QE","","184.051","2150","","MAR","","456225.0","445911.0","Moor Lane 1 YO23 3TJ","HEJ1","","","","","","","","","","","20788829","2023-01-31","","NRAIL","","","","","","This double RRAP and compound has been created by TRU for their construction works and is technically temporary.  However, it will be here for the next 12+months and non-TRU staff can use with prior agreement.  It is located on 3rd Party land and there are discussions ongoing to leave some kind of permanent access here as a legacy for maintenance.~
~
Access HAS to be agreed beforehand by contacting Logisitics@trueast.co.uk.  When not used by TRU, there is electronic security which automatically notifies the police if activated - hence why prior arrangement is essential.~
~
What3Words: Announced.Magpie.Notes","SE 56225 45911"
"20788830","ECM4","184.0554","QE","","184.0554","2150","","MAR","","456249.0","445943.0","Moor Lane 2 YO23 3TJ","HEJ1","","","","","","","","","","","20788830","2023-01-31","","NRAIL","","","","","","This double RRAP and compound has been created by TRU for their construction works and is technically temporary.  However, it will be here for the next 12+months and non-TRU staff can use with prior agreement.  It is located on 3rd Party land and there are discussions ongoing to leave some kind of permanent access here as a legacy for maintenance.~
~
Access HAS to be agreed beforehand by contacting Logisitics@trueast.co.uk.  When not used by TRU, there is electronic security which automatically notifies the police if activated - hence why prior arrangement is essential.~
~
What3Words: Announced.Magpie.Notes","SE 56249 45943"
"20788831","ECM4","184.0554","QE","","184.0554","1150","","MAR","","456249.0","445943.0","Moor Lane 2 YO23 3TJ","HEJ1","","","","","","","","","","","20788831","2023-01-31","","NRAIL","","","","","","This double RRAP and compound has been created by TRU for their construction works and is technically temporary.  However, it will be here for the next 12+months and non-TRU staff can use with prior agreement.  It is located on 3rd Party land and there are discussions ongoing to leave some kind of permanent access here as a legacy for maintenance.~
~
Access HAS to be agreed beforehand by contacting Logisitics@trueast.co.uk.  When not used by TRU, there is electronic security which automatically notifies the police if activated - hence why prior arrangement is essential.~
~
What3Words: Announced.Magpie.Notes","SE 56249 45943"
"20787168","ECM4","187.0821","QE","","187.0838","1150","","MAR","","458616.0","450386.0","DRINGHOUSES RRAP UP LEEDS YO24 1ER","HEJ1","","","","","","","","","","","20787168","2022-08-19","","NRAIL","","","","","","Model Railway RRAP Up Leeds","SE 58618 50386"
"20787169","ECM4","187.0821","QE","","187.0836","2150","","MAR","","458613.0","450386.0","DRINGHOUSES RRAP DN LEEDS YO24 1ER","HEJ1","","","","","","","","","","","20787169","2022-08-19","","NRAIL","","","","","","Model Railway RRAP Dn Leeds","SE 58618 50386"
"20662739","ECM4","184.0131","QE","","184.0131","1100","","MAV","","456003.0","445642.0","Earfit Lane YO23 3TL","HEJ1","","","","","","","","","","","20662739","2024-09-09","","NRAIL","","","","","Up Main/Fast","Off Moor Lane, off the Acaster Malbis road. Single gate, 859 lock. SE559456.","SE 56008 45645"
"20767267","ECM4","184.1249","QE","","184.1249","1100","","MAV","","456662.0","446428.0","Old Copmanthorpe Station YO23 3SZ","HEJ1","","","","","","","","","","","20767267","2022-08-19","","NRAIL","","","","","Up Main/Fast","Off Moor Lane, off the Acaster Malbis Road. Single gate, 859 lock. SE566464.","SE 56672 46445"
"20784053","ECM4","186.1057","QE","","186.1057","2150","","MAV","","458160.0","449071.0","Moor Lane, Bridge 8 YO24 1QU","HEJ1","","","","","","","","","","","20784053","2022-08-19","","NRAIL","","","","","","Access off Old Moor Lane","SE 58160 49071"
"20662743","ECM4","186.1086","QE","","186.1086","1100","","MAV","","458184.0","449086.0","Moor Lane, Bridge 8 YO24 1QT","HEJ1","","","","","","","","","","","20662743","2022-08-19","","NRAIL","","","","","Up Main/Fast","Old Moor Lane, Dringhouses. Single gate, 859 lock. SE581490.","SE 58184 49088"
"20771822","ECM4","187.0247","QE","","187.0247","2150","","MAV","","458432.0","449892.0","Model Engineers YO24 2JE","HEJ1","","","","","","","","","","","20771822","2022-08-19","","NRAIL","","","","","","",""
"20783787","ECM4","187.0599","QE","","187.0599","1100","","MAV","","458546.0","450192.0","Nelsons Lane [Dingehouses] YO24 1EP","HEJ1","","","","","","","","","","","20783787","2022-08-19","","NRAIL","","","","","Up Main/Fast","","SE 58541 50189"
"20662748","ECM4","188.0153","QE","","188.0153","1100","","MAV","","459190.0","451193.0","Holgate Bridge YO24 4BF","HEJ1","","","","","","","","","","","20662748","2022-08-19","","NRAIL","","","","","Up Main/Fast","Junction off Holgate Road & Dalton Terrace, York. Double gate, 859 lock. SE592512.","SE 59211 51222"
"20662745","ECM4","188.024","QE","","188.024","2100","","MAV","","459226.0","451266.0","Holgate Dock YO2 4BU","HEJ1","","","","","","","","","","","20662745","2022-08-19","","NRAIL","","","","","Down Main/Fast","Dn Side. Opposite Volunteers Arms, Watson St, York. Double gate, 859 lock. SE593513.",""
"20662749","ECM4","188.0414","QE","","188.0414","1100","","MAV","","459350.0","451362.0","Executive Car Park, York Station YO24 4AG","HEJ1","","","","","","","","","","","20662749","2022-08-19","","NRAIL","","","","","Up Main/Fast","Just off Station Road, York. Single gate, 859 lock. SE594514.",""
"20788030","ECM5","0.0","QE","","0.0","0","","MAP","","459595.0","451715.0","YORK YO24 1AY","HEJ1","","","","","","","","","","","20788030","2023-04-05","","NRAIL","","","","","All/Multiple Tracks","ACCESS TO STATION FOR RAILHUB PURPOSES","SE 59595 51715"
"20767062","ECM5","3.0E-4","QE","","3.0E-4","2100","","MAP","","459586.0","451714.0","York Station YO24 1AB","HEJ1","","","","","","","","","Pedestrian","","20767062","2022-08-15","","NRAIL","","","","","Down Main/Fast","End of Plat.11 off Leeman Road to York IECC. Single gate, 859 lock. SE595517.",""
"20776905","ECM5","0.0466","QE","","0.0466","3800","","MAP","","459419.0","452066.0","YORK MUSEUM YO24 1WX","HEJ1","","","","","","","","","Pedestrian","","20776905","2022-08-22","","NRAIL","","","","","Rev Other/Eng/Car","Requirement to contact security at the National Rail Museum prior to access.New camera and detection system which links to local police response. NRM Control Room Number 01904 686210 SE595519.",""
"20771564","ECM5","0.105","QE","","0.105","2100","","MAP","","458908.0","452187.0","Siemens Depot YO26 4XE","HEJ1","","","","","","","","","Pedestrian","","20771564","2023-11-25","","PP","","","","","Down Main/Fast","Pedestrian access via gate no. 2 at Siemens Depot, adjacent to Howarth Timber Merchant. Use intercom to gain access. 221 lock. SE589521.",""
"20662747","ECM5","1.0008","QE","","1.0008","2900","","MAP","","458263.0","452276.0","York Yard North YO26 4SG","HEJ1","","","","","","","","","Pedestrian","","20662747","2022-08-22","","NRAIL","","","","","Down Siding","Seldon Road, behind Poppleton Road School, Holgate. Single gate, 859 lock. SE582522.",""
"20767066","ECM5","2.065","QE","","2.065","2200","","MAP","","457166.0","454173.0","Skelton Occupation BR10 YO26 6RW","HEJ1","","","","","","","","","Pedestrian","","20767066","2022-08-22","","NRAIL","","","","","Down Slow","Dirt track leading off White Rose Way, York Business Park. Single gate.",""
"20662753","ECM5","3.0943","QE","","3.0943","2200","","MAP","","456263.0","455834.0","Folly Bridge BR14 YO30 1YJ","HEJ1","","","","","","","","","Pedestrian","","20662753","2022-08-22","","NRAIL","","","","","Down Slow","Stripe Lane, minor road between Overton and A19 Shipton Road. Single gate, 859 lock.",""
"20774005","ECM5","4.064","QE","","4.064","1200","","MAP","","455648.0","456998.0","Overton Br 15 YO30 1BP","HEJ1","","","","","","","","","Pedestrian","","20774005","2022-08-22","","NRAIL","","","","","Up Slow","Off A19 at Shipton on Station Lane, then right onto Overton Lane. Single gate 859 Lock. SE554574.",""
"20662757","ECM5","6.0828","QE","","6.0828","1200","","MAP","","454017.0","459972.0","Chapmans BR17 YO30 1AP","HEJ1","","","","","","","","","Pedestrian","","20662757","2022-08-22","","NRAIL","","","","","Up Slow","Minor Road between High Moor Lane and A19 opp. Sandfield Farm. Single gate, 859 lock.",""
"20662758","ECM5","7.0016","QE","","7.0016","2200","","MAP","","453586.0","460724.0","Beningbrough R&G LC YO30 1AT","HEJ1","","","","","","","","","Pedestrian","","20662758","2022-08-22","","NRAIL","","","","","Down Slow","Off High Moor Lane, between Tollerton and Shipton. Single gate. SE536607.",""
"20662765","ECM5","12.1561","QE","","12.1561","2200","","MAP","","449042.0","469021.0","Blacks Farm YO61 3LN","HEJ1","","","","","","","","","Pedestrian","","20662765","2022-08-23","","NRAIL","","","","","Down Slow","Access Road off Hag Lane approx. 1/4 mile west of BR27. Single gate, 859 lock. SE489691.",""
"20774006","ECM5","13.0623","QE","","13.0623","2200","","MAP","","448630.0","469649.0","Raskelf Station Yard BR27 YO61 3LL","HEJ1","","","","","","","","","Pedestrian","","20774006","2022-08-23","","NRAIL","","","","","Down Slow","Hag Lane, Raskelf to Tholthorpe Road. 1st left over Br 27 Single gate, 859 lock. SE487695.",""
"20662767","ECM5","13.1541","QE","","13.1541","1200","","MAP","","448186.0","470360.0","Barnes Bridge BR28 YO61 3LH","HEJ1","","","","","","","","","Pedestrian","","20662767","2022-08-23","","NRAIL","","","","","Up Slow","Dirt track after St Marys House, Raskelf. Single gate, 859 lock. SE481704.",""
"20662770","ECM5","15.1309","QE","","15.1309","1200","","MAP","","446549.0","472881.0","Jobbing Cross Bridge BR31 YO61 2QQ","HEJ1","","","","","","","","","Pedestrian","","20662770","2022-08-23","","NRAIL","","","","","Up Slow","Access Road signposted Pilmoor Cottages. Single gate, 859 lock. SE464729.",""
"20662771","ECM5","16.0165","QE","","16.0165","2200","","MAP","","446245.0","473359.0","Pilmoor Station Yard YO61 2QG","HEJ1","","","","","","","","","Pedestrian","","20662771","2022-08-23","","NRAIL","","","","","Down Slow","Dirt track leading to old station near Jobbing Cross Bridge. Single gate, 859 lock.",""
"20662773","ECM5","17.0903","QE","","17.0903","1200","","MAP","","445108.0","475344.0","Sessay Cricket Field YO7 3NU","HEJ1","","","","","","","","","Pedestrian","","20662773","2022-08-23","","NRAIL","","","","","Up Slow","Dirt track signposted Old Cricket Field Lane, Sessay. Single gate, 859 lock. SE451753.",""
"20774199","ECM5","19.0198","QE","","19.0198","2200","","MAP","","443706.0","477551.0","Dalton TSC 25KV Substation YO7 3BP","HEJ1","","","","","","","","","Pedestrian","","20774199","2023-09-08","","NRAIL","","","","","Down Slow","Willow Bridge Lane. SE437774.",""
"20767069","ECM5","19.1441","QE","","19.1441","2200","","MAP","","443066.0","478433.0","Gristhwaite Farm BR39 YO7 3AJ","HEJ1","","","","","","","","","Pedestrian","","20767069","2022-08-23","","NRAIL","","","","","Down Slow","Immediate left turn from Topcliffe Road onto A168. Single gate, 859 lock. SE430784.",""
"20782407","ECM5","20.1134","QE","","20.1134","1200","","MAP","","442346.0","479549.0","Topcliffe BR41[Motorway Br] YO7 1FA","HEJ1","","","","","","","","","Pedestrian","","20782407","2022-08-23","","NRAIL","","","","","Up Slow","Access steps down to the track through gate.","SE 42350 79556"
"20782987","ECM5","21.0339","QE","","21.0339","1200","","MAP","","441858.0","480282.0","Cocked Hat Farm BR43 YO7 3HF","HEJ1","","","","","","","","","","","20782987","2022-08-23","","NRAIL","","","","","Up Slow","Cocked Hat Farm, off Milburn Lane. Single gate, 859 lock steps down to the track.",""
"20782447","ECM5","21.0377","QE","","21.0377","2200","","MAP","","441822.0","480300.0","Milburn Farm BR43 YO7 3HF","HEJ1","","","","","","","","","","","20782447","2022-08-23","","NRAIL","","","","","Down Slow","Milburn Farm, off Milburn Lane. Single gate, 859 lock steps down to the track.",""
"20767070","ECM5","21.1368","QE","","21.1368","2200","","MAP","","441319.0","481055.0","Tintack Lane BR45 YO7 4LS","HEJ1","","","","","","","","","Pedestrian","","20767070","2022-08-23","","NRAIL","","","","","Down Slow","Intake Lane, off Carlton Road. Single gate, 859 lock. SE413810.",""
"20774007","ECM5","22.0234","QE","","22.0234","1200","","MAP","","441026.0","481546.0","Barrow Xing YO7 4LT","HEJ1","","","","","","","","","Pedestrian","","20774007","2022-08-23","","NRAIL","","","","","Up Slow","Off A61 into Thirsk Station Car Park. Single Gate 859 lock. SE410815.",""
"20774008","ECM5","22.0266","QE","","22.0266","1200","","MAP","","441012.0","481572.0","Thirsk REB YO7 4LT","HEJ1","","","","","","","","","Pedestrian","","20774008","2022-08-23","","NRAIL","","","","","Up Slow","Off A61 into Thirsk Station Car Park, Single Gate 859 lock. SE409815.",""
"20788031","ECM5","22.0343","QE","","22.0343","0","","MAP","","440955.0","481620.0","THIRSK YO7 4LT","HEJ1","","","","","","","","","","","20788031","2023-11-26","","NRAIL","","","","","All/Multiple Tracks","ACCESS TO STATION FOR RAILHUB PURPOSES","SE 40955 81620"
"20662783","ECM5","24.059","QE","","24.059","1200","","MAP","","439110.0","484523.0","Avenue Grange BR52 YO7 4DE","HEJ1","","","","","","","","","Pedestrian","","20662783","2022-08-23","","NRAIL","","","","","Up Slow","Newsham Road, off A167. Single gate, 859 lock. SE391845.",""
"20662784","ECM5","25.0453","QE","","25.0453","2200","","MAP","","438643.0","485927.0","Manor House YO7 4DH","HEJ1","","","","","","","","","Pedestrian","","20662784","2022-08-23","","NRAIL","","","","","Down Slow","Dirt track off A167 south of South Otterington. Single gate, 859 lock. SE386859.",""
"20774255","ECM5","28.12","QE","","28.12","2200","","MAP","","437067.0","491224.0","Northallerton 25KV SUBSTATION DL7 9EP","HEJ1","","","","","","","","","","","20774255","2024-10-21","","NRAIL","","","","","Down Slow","Boroughbridge Road, Gate west side of level crossing. Drive to TSC and steps up to track [Down Slow]","SE 37067 91224"
"20782368","ECM5","28.1538","QE","","28.1538","2200","","MAP","","436981.0","491509.0","Longlands Jnc, Northallerton DL7 9EP","HEJ1","","","","","","","","","Pedestrian","","20782368","2022-08-23","","NRAIL","","","","","Down Slow","Pedestrian access steps on Down Side. Steps up to the Down Slow near 882 PTS.",""
"20772946","ECM5","28.1672","QE","","28.1672","2200","","MAP","","436946.0","491631.0","Longlands Jn, Northallerton DL7 9EN","HEJ1","","","","","","","","","Pedestrian","","20772946","2022-08-23","","NRAIL","","","","","Down Slow","Pedestrian access steps adjacent to 882 points on Dn Side, no gate required on Network Rail land. SE369916.",""
"20767074","ECM5","29.1643","QE","","29.1643","2100","","MAP","","436429.0","493118.0","Northallerton Station Dn Side Plat DL7 8AN","HEJ1","","","","","","","","","Pedestrian","","20767074","2023-11-27","","NRAIL","","","","","Down Main/Fast","Down side car park off Boroughbridge Road. SE364931.",""
"20788032","ECM5","29.1653","QE","","29.1653","0","","MAP","","436427.0","493127.0","NORTHALLERTON DL7 8AX","HEJ1","","","","","","","","","","","20788032","2023-11-27","","NRAIL","","","","","All/Multiple Tracks","ACCESS TO STATION FOR RAILHUB PURPOSES","SE 36427 93127"
"20662787","ECM5","29.1703","QE","","29.1703","1100","","MAP","","436416.0","493171.0","Northallerton Station Up Side Plat DL7 8AN","HEJ1","","","","","","","","","Pedestrian","","20662787","2022-08-23","","NRAIL","","","","","Up Main/Fast","Boroughbridge Road. SE364931.",""
"20773738","ECM5","30.115","QE","","30.115","1100","","MAP","","436042.0","494211.0","Castle Hills Foot Crossing DL7 8UR","HEJ1","","","","","","","","","Pedestrian","","20773738","2022-08-23","","NRAIL","","","","","Up Main/Fast","Follow footpath sign to Castlehills on Springwell Lane. SE360942.",""
"20662795","ECM5","33.0707","QE","","33.0707","1100","","MAP","","434549.0","498371.0","Lazenby Hall Farm - Bridge 69 DL7 0NL","HEJ1","","","","","","","","","Pedestrian","","20662795","2022-08-23","","NRAIL","","","","","Up Main/Fast","Lazenby Hall Farm Northallerton to Danby Wiske Road. Single gate, 859 lock. SE345983.",""
"20662797","ECM5","34.1332","QE","","34.1332","1100","","MAP","","433819.0","500429.0","Hutton Bonville BR72 DL7 0NS","HEJ1","","","","","","","","","Pedestrian","","20662797","2022-08-23","","NRAIL","","","","","Up Main/Fast","Off A167, signposted Hutton Bonville. Single gate, 859 lock. NZ338004",""
"20662799","ECM5","35.011","QE","","35.011","1100","","MAP","","433638.0","500887.0","Hutton Bonville 25KV Substation DL7 0NS","HEJ1","","","","","","","","","Pedestrian","","20662799","2023-11-27","","NRAIL","","","","","Up Main/Fast","Off A167, signposted Hutton Bonville. Single gate, 859 lock. Address:DL6 2PR Details: off A167 sign posted Hutton Bonville. NZ336008.",""
"20662800","ECM5","36.0268","QE","","36.0268","2100","","MAP","","432798.0","502429.0","Birkby BR77 DL7 0JT","HEJ1","","","","","","","","","Pedestrian","","20662800","2022-08-23","","NRAIL","","","","","Down Main/Fast","Birkby Lane, Birkby. Single gate, 859 lock. NZ328023.",""
"20662803","ECM5","39.0286","QE","","39.0286","2100","","MAP","","430068.0","506426.0","Cowper House Farm BR84 DL2 2PS","HEJ1","","","","","","","","","Pedestrian","","20662803","2022-08-23","","NRAIL","","","","","Down Main/Fast","Off West Lane, Dalton to Dalton Gates Road, signposted Paintball. Single gate, 859 lock. NZ300064.",""
"20662804","ECM5","39.1673","QE","","39.1673","1100","","MAP","","429363.0","507477.0","Dalton Bridge 85 DL2 2PJ","HEJ1","","","","","","","","","Pedestrian","","20662804","2022-08-23","","NRAIL","","","","","Up Main/Fast","A167 to Dalton Gates Road. Single gate, 859 lock. NZ293074.",""
"20662805","ECM5","40.0454","QE","","40.0454","1100","","MAP","","429099.0","507891.0","Pepperfield Farm BR86 DL2 2NS","HEJ1","","","","","","","","","Pedestrian","","20662805","2022-08-25","","NRAIL","","","","","Up Main/Fast","Off layby, off A167 between West Lane and Croft BR87. Single gate, 859 lock. NZ291078.",""
"20782369","ECM5","42.1623","QE","","42.1623","2100","","MAP","","429343.0","512112.0","Blankbanks DL2 1QB","HEJ1","","","","","","","","","Pedestrian","","20782369","2022-08-25","","NRAIL","","","","","Down Main/Fast","Off A66 dirt track to 1110 pts. Access gate 859",""
"20788033","ECM5","44.0195","QE","","44.0195","0","","MAP","","429442.0","514023.0","DARLINGTON DL1 5JH","HEJ1","","","","","","","","","","","20788033","2023-11-28","","NRAIL","","","","","All/Multiple Tracks","ACCESS TO STATION FOR RAILHUB PURPOSES","NZ 29442 14023"
"20662815","ECM5","44.1452","QE","","44.1452","3901","","MAP","","429637.0","515154.0","Darlington Up Sidings DL1 1JT","HEJ1","","","","","","","","","Pedestrian","","20662815","2023-11-28","","NRAIL","","","","","","Haughton Road Br 101. NZ296151.",""
"20662817","ECM5","45.1549","QE","","45.1549","2100","","MAP","","429797.0","516842.0","Thompson Street BR105 DL1 2RQ","HEJ1","","","","","","","","","","","20662817","2022-08-25","","NRAIL","","","","","Down Main/Fast","Thompson Street East, Darlington. Single gate, 859 lock. NZ298168.",""
"20662818","ECM5","46.0218","QE","","46.0218","1100","","MAP","","429843.0","517236.0","Salters Lane BR106 DL1 3TG","HEJ1","","","","","","","","","Pedestrian","","20662818","2022-08-25","","NRAIL","","","","","Up Main/Fast","Salters Lane, North Darlington. Single gate, 859 lock. NZ298172.",""
"20662821","ECM5","48.0161","QE","","48.0161","1100","","MAP","","429470.0","520371.0","Brafferton BR116 DL1 3LS","HEJ1","","","","","","","","","","","20662821","2022-08-25","","NRAIL","","","","","Up Main/Fast","Dirt track near BR122. Single gate, 859 lock. NZ294203.",""
"20662823","ECM5","49.0096","QE","","49.0096","2100","","MAP","","428544.0","521567.0","Charters Bridge BR127 DL5 6NB","HEJ1","","","","","","","","","Pedestrian","","20662823","2022-08-25","","NRAIL","","","","","Down Main/Fast","A167 to Great Stainton Road. Single gate, 859 lock. NZ285215.",""
"20662827","ECM5","50.1228","QE","","50.1228","2100","","MAP","","429494.0","523917.0","Ricknall Grange BR137 DL5 6JQ","HEJ1","","","","","","","","","","","20662827","2022-08-25","","NRAIL","","","","","Down Main/Fast","Off A167 at Gretna Green pub to Great Stainton Road. Single gate, 859 lock. NZ295239",""
"20662829","ECM5","53.162","QE","","53.162","2100","","MAP","","432063.0","527753.0","Bradbury BR144 TS21 2EU","HEJ1","","","","","","","","","","","20662829","2022-08-25","","NRAIL","","","","","Down Main/Fast","Between Mordon and Bradbury villages. Single gate, 859 lock. NZ320277.",""
"20767114","ECM5","55.0736","QE","","55.0736","1100","","MAP","","431745.0","530019.0","Linger and Die BR149 DL17 0LE","HEJ1","","","","","","","","","","","20767114","2022-08-25","","NRAIL","","","","","Up Main/Fast","Gypsy Lane, south of Ferryhill Station, gate opposite Tudor House. Single gate, 859 lock. NZ317300.",""
"20662831","ECM5","56.0469","QE","","56.0469","2100","","MAP","","430715.0","530867.0","Ferryhill South DL17 0LA","HEJ8","","","","","","","","","","","20662831","2022-08-25","","NRAIL","","","","","Down Main/Fast","WARNING ? LIVESTOCK IN FIELD. This private field is under new ownership and NR has a prescriptive right of way over the land. All NR staff and assigned contractors MUST ensure that the 859 padlocks on both the top field gate and trackside access gate are physically locked immediately on entrance/exit to site.  ALL materials/debris and litter must also be removed from site on completion of work.  Ad hoc monitoring of this access may be carried out using covert CCTV.  Any queries regarding this access may be addressed via Newcastle DU Maintenance Protection Coordinator.",""
"20775671","ECM5","57.1586","QE","","57.1586","1200","","MAP","","430205.0","533405.0","THRISLINGTON DL17 8RA","HEJ8","","","","","","","","","","","20775671","2022-08-25","","NRAIL","","","","","Up Slow","Access gate at thrislington 57m 60ch at overbridge",""
"20662842","ECM5","61.0771","QE","","61.0771","2100","","MAP","","427405.0","537204.0","Sunderland Bridge BR171 DH6 5JS","HEJ8","","","","","","","","","","","20662842","2022-08-25","","NRAIL","","","","","Down Main/Fast","Off A167 Croxdale to Hett Village, signposted Sunderland Bridge. Single gate, 859 lock.",""
"20662844","ECM5","62.0878","QE","","62.0878","1100","","MAP","","425880.0","537899.0","Burnigill Croxdale Viaduct North DH6 5JJ","HEJ8","","","","","","","","","","","20662844","2022-08-25","","NRAIL","","","","","Up Main/Fast","B6300 access gate at BR178",""
"20662846","ECM5","63.065","QE","","63.065","2100","","MAP","","425486.0","539198.0","Littleburn Farm BR181 DH7 8HL","HEJ8","","","","","","","","","","","20662846","2022-08-25","","NRAIL","","","","","Down Main/Fast","Mill Road, Langley Moor - access gained SE or SW of BR183. Single gate, 859 lock.",""
"20662848","ECM5","64.0454","QE","","64.0454","2100","","MAP","","425373.0","540627.0","Langley Moor DH7 8JN","HEJ8","","","","","","","","","","","20662848","2022-08-25","","NRAIL","","","","","Down Main/Fast","Access gate opp. Lord Boyne Hotel, Langley Moor. Double gate, 859 lock.",""
"20662849","ECM5","64.154","QE","","64.154","1100","","MAP","","425412.0","541623.0","Broom Park BR186 DH7 7RJ","HEJ8","","","","","","","","","","","20662849","2012-05-01","","NRAIL","","","","","Up Main/Fast","B6302 Ushaw Moor Rd, from Stone Bridge pub. Single gate, 859 lock.",""
"20767118","ECM5","64.1623","QE","","64.1623","2100","","MAP","","425430.0","541699.0","Relly Mill Feeder Station DH7 7RJ","HEJ8","","","","","","","","","","","20767118","2022-08-25","","NRAIL","","","","","Down Main/Fast","Drive into Broom Park picnic area - west of BR186 - access gate straight ahead, then follow path northwards. Single gate, 859 lock.",""
"20662850","ECM5","64.1659","QE","","64.1659","2100","","MAP","","425444.0","541730.0","Durham 25KV SUBSTATION DH7 7LQ","HEJ8","","","","","","","","","","","20662850","2022-08-25","","NRAIL","","","","","Down Main/Fast","Drive into Broom Park picnic area - west of BR186 - access gate straight ahead, then follow path northwards. Single gate, 859 lock. Address:DH7 7LQ Details: Broom Park Picknick Area, gate at back of carpark",""
"20775419","ECM5","65.0765","QE","","65.0765","2100","","MAP","","426054.0","542209.0","Durham Viaduct BR188 DH1 4AB","HEJ8","","","","","","","","","","","20775419","2022-08-25","","NRAIL","","","","","Down Main/Fast","Access point at bridge ECM5/188 Nevilles Cross Durham 65m 0770y",""
"20662853","ECM5","66.0278","QE","","66.0278","2200","","MAP","","426998.0","542834.0","Durham Station Southbound DH1 4RB","HEJ8","","","","","","","","","","","20662853","2022-08-25","","NRAIL","","","","","Down Slow","At Durham Viaduct, signposted for station. Single gate.",""
"20788034","ECM5","66.0319","QE","","66.0319","0","","MAP","","427029.0","542859.0","DURHAM DH1 4RB","HEJ8","","","","","","","","","","","20788034","2022-10-03","","NRAIL","","","","","All/Multiple Tracks","ACCESS TO STATION FOR RAILHUB PURPOSES","NZ 27029 42859"
"20783527","ECM5","67.0985","QE","","67.0985","1100","","MAP","","428177.0","544733.0","Canterbury Road BR DH1 5SJ","HEJ8","","","","","","","","","","","20783527","2022-08-25","","NRAIL","","","","","Up Main/Fast","BR201 Canterbury Road",""
"20779987","ECM5","68.0568","QE","","68.0568","1100","","MAP","","428177.0","545759.0","Brasside BR204 DH1 5PR","HEJ8","","","","","","","","","","","20779987","2022-08-25","","NRAIL","","","","","Up Main/Fast","Finchale Road, Brasside. 859 lock.",""
"20662856","ECM5","68.0577","QE","","68.0577","2100","","MAP","","428166.0","545761.0","Brasside BR204 DH1 5PR","HEJ8","","","","","","","","","","","20662856","2022-08-25","","NRAIL","","","","","Down Main/Fast","Finchale Road, Brasside. Double gate, 859 lock.",""
"20662857","ECM5","69.0135","QE","","69.0135","2100","","MAP","","427485.0","546753.0","Bishops Grange BR208 DH1 5RT","HEJ8","","","","","","","","","","","20662857","2022-08-25","","NRAIL","","","","","Down Main/Fast","Access gate north of Finchale Abbey Training College. Single gate.",""
"20662858","ECM5","69.0359","QE","","69.0359","2100","","MAP","","427395.0","546937.0","Nags Fold Farm BR209 DH1 5RS","HEJ8","","","","","","","","","","","20662858","2022-08-25","","NRAIL","","","","","Down Main/Fast","Access road to BR209 north of BR208. Single gate, 859 lock.",""
"20662859","ECM5","69.1184","QE","","69.1184","1100","","MAP","","427083.0","547626.0","Kimblesworth BR210 DH3 4EL","HEJ8","","","","","","","","","","","20662859","2022-08-25","","NRAIL","","","","","Up Main/Fast","Mill Lane, minor road off A167. Single gate, 859 lock.",""
"20662861","ECM5","70.1117","QE","","70.1117","1100","","MAP","","426985.0","549136.0","Chester Moor BR213 DH2 3RH","HEJ8","","","","","","","","","","","20662861","2022-08-25","","NRAIL","","","","","Up Main/Fast","Union Lane, off A167 at the back of Chester Moor pub. Single gate, 859 lock.",""
"20662862","ECM5","70.1494","QE","","70.1494","1100","","MAP","","427063.0","549470.0","Chester Moor BR214 DH2 3RQ","HEJ8","","","","","","","","","","","20662862","2022-08-25","","NRAIL","","","","","Up Main/Fast","Minor road off A167, south of BR215. Single gate, 859 lock.",""
"20662863","ECM5","71.0354","QE","","71.0354","2100","","MAP","","427187.0","550035.0","The Hermitage BR217 DH2 3DY","HEJ8","","","","","","","","","","","20662863","2022-08-25","","NRAIL","","","","","Down Main/Fast","Access by vehicles is off A167 south of Chester-le-Street.  Access is gained over private through the large electronic gate.  Staff must press the intercom buttons and gate will be opened allowing access up to the bridge access point.",""
"20662864","ECM5","71.0858","QE","","71.087","1100","","MAP","","427270.0","550499.0","Clifford Terrace DH3 3JS","HEJ8","","","","","","","","","","","20662864","2022-08-25","","NRAIL","","","","","Up Main/Fast","Top of Clifford Terrace, off Durham Road, Chester-le-Street. Single gate, 859 lock.",""
"20767120","ECM5","71.1153","QE","","71.1153","1100","","MAP","","427256.0","550757.0","Ernest Terrace DH3 3JE","HEJ8","","","","","","","","","","","20767120","2022-08-25","","NRAIL","","","","","Up Main/Fast","Off West Lane near BR219. Single gate, 859 lock.",""
"20788035","ECM5","71.1598","QE","","71.1598","0","","MAP","","427176.0","551158.0","CHESTER-LE-STREET DH3 3EE","HEJ8","","","","","","","","","","","20788035","2022-10-03","","NRAIL","","","","","All/Multiple Tracks","ACCESS TO STATION FOR RAILHUB PURPOSES","NZ 27176 51158"
"20662866","ECM5","72.0626","QE","","72.0626","1100","","MAP","","427141.0","551872.0","Viador DH3 3TP","HEJ8","","","","","","","","","","","20662866","2022-08-25","","NRAIL","","","","","Up Main/Fast","Off Pelaw Bank, north of Chester-le-Street Viaduct. Single gate, 859 lock.",""
"20662867","ECM5","72.1278","QE","","72.1278","1100","","MAP","","427193.0","552465.0","Northlands BR225 DH2 2HG","HEJ8","","","","","","","","","","","20662867","2022-08-25","","NRAIL","","","","","Up Main/Fast","Off Newcastle Road, north of Chester-le-Street. Single gate, 859 lock.",""
"20662868","ECM5","73.003","QE","","73.003","2100","","MAP","","427179.0","552932.0","Low Flatts BR226 DH3 4AW","HEJ8","","","","","","","","","","","20662868","2022-08-25","","NRAIL","","","","","Down Main/Fast","Low Flatts Road, near Lambton Worm Pub. Single gate, 859 lock.",""
"20790069","ECM5","76.1416","QE","","76.1416","1100","","MAP","","425417.0","558714.0","Chowdene Bridge ECM5/245 NE9 6XW","HEJ8","","","","","","","","","","","20790069","2024-01-03","","NRAIL","","","","","Up Main/Fast","Newly installed pedestrian access to either side of ECM5/245 to the Upside Cess","NZ 25417 58714"
"20662876","ECM5","78.1079","QE","","78.1079","2100","","MAP","","424683.0","561510.0","Armstrong Street NE8 4XR","HEJ8","","","","","","","","","","","20662876","2022-08-25","","NRAIL","","","","","Down Main/Fast","Off Victoria Road, off Lobley Hill Road, Gateshead. Single gate, 859 lock.",""
"20662878","ECM5","79.0809","QE","","79.0809","2100","","MAP","","424635.0","562801.0","Tyne Road East - Askew Rd Tunnel NE8 2JY","HEJ8","","","","","","","","","","","20662878","2022-08-25","","NRAIL","","","","","Down Main/Fast","Access gate, opp. Palmerston Walk, Clasper Village. Single gate, 859 lock.",""
"20662879","ECM5","79.0971","QE","","79.0971","2100","","MAP","","424719.0","562923.0","K.E.B. Junction NE8 2LN","HEJ8","","","","","","","","","","","20662879","2022-08-25","","NRAIL","","","","","Down Main/Fast","Off Tyne Road East, under Redheugh Bridge. Double gate, 859 lock.",""
"20774254","ECM5","79.1594","QE","","79.1594","9999","","MAP","","424776.0","563899.0","Orchard Street SUBSTATION NE1 1SY","HEJ8","","","","","","","","","","","20774254","2012-05-01","","NRAIL","","","","","Unknown","Address:NE1 1SY Details: Located under Newcaslte Centeral, access Orchard street tunnel",""
"20794971","ECM5","0.029","QE","","0.03","1100","","MAR","","459537.0","451968.0","YORK STATION NORTH RRAP UF YO26 4XD","HEJ1","","","","","","","","","","","20794971","2024-09-24","","NRAIL","","","","","Up Main/Fast","Installed to facilitate construction activities north of York Station What3words: noises.agents.found","SE 59537 51968"
"20775623","ECM5","2.1452","QE","","2.1452","2200","","MAR","","456819.0","454825.0","Skelton RRAP DS YO26 6LR","HEJ1","","","","","","","","","","","20775623","2023-11-25","","NRAIL","","","","","Down Slow","",""
"20775340","ECM5","9.0066","QE","","9.0066","1200","","MAR","","451866.0","463900.0","Warehills Br19 RRAP US YO61 1QY","HEJ1","","","","","","","","","","","20775340","2023-11-25","","NRAIL","","","","","Up Slow","",""
"20775341","ECM5","9.0066","QE","","9.0066","1100","","MAR","","451866.0","463900.0","Warehills Br19 RRAP UM YO61 1QY","HEJ1","","","","","","","","","","","20775341","2023-11-25","","NRAIL","","","","","Up Main/Fast","",""
"20775342","ECM5","9.0066","QE","","9.0066","2100","","MAR","","451866.0","463900.0","Warehills Br19 RRAP DM YO61 1QY","HEJ1","","","","","","","","","","","20775342","2023-11-25","","NRAIL","","","","","Down Main/Fast","",""
"20775502","ECM5","18.0132","QE","","18.0132","2200","","MAR","","444628.0","476109.0","Sessay RRAP DS YO7 3JF","HEJ1","","","","","","","","","","","20775502","2023-11-26","","NRAIL","","","","","Down Slow","",""
"20662774","ECM5","18.0133","QE","","18.0133","2200","","MAR","","444621.0","476107.0","Old Sessay Station Yard YO7 3JF","HEJ1","","","","","","","","","","","20662774","2022-08-23","","NRAIL","","","","","Down Slow","Sessay station between Dalton and Little Hutton. SE446760.",""
"20662777","ECM5","20.1396","QE","","20.1396","1200","","MAR","","442211.0","479746.0","Topcliffe Road BR42 YO7 3HQ","HEJ1","","","","","","","","","","","20662777","2025-01-30","","NRAIL","","","","","Up Slow","Access gate off B1448, Topcliffe Road. Single gate, 859 lock. SE421798.",""
"120000324","ECM5","20.1396","QE","","20.1396","1100","","MAR","","442211.0","479746.0","TOPCLIFFE ROAD BRIDGE 42","HEJ1","","","","","","","","","","","120000324","2025-01-30","","","","","","","Up Main/Fast","",""
"20775339","ECM5","30.1616","QE","","30.1616","1100","","MAR","","435894.0","494608.0","Zetland Br64 RRAP UM DL6 2BF","HEJ1","","","","","","","","","","","20775339","2023-11-16","","NRAIL","","","","","Up Main/Fast","","SE 35894 94608"
"20775601","ECM5","33.1278","QE","","33.1278","1100","","MAR","","434366.0","498879.0","Danby Wiske RRAP UM DL7 0NW","HEJ1","","","","","","","","","","","20775601","2022-08-23","","NRAIL","","","","","Up Main/Fast","",""
"20775602","ECM5","33.1278","QE","","33.1278","2100","","MAR","","434363.0","498878.0","Danby Wiske RRAP DM DL7 0NW","HEJ1","","","","","","","","","","","20775602","2022-08-23","","NRAIL","","","","","Down Main/Fast","",""
"20775343","ECM5","38.1601","QE","","38.1601","1100","","MAR","","430303.0","506093.0","Eryholme RRAP UM DL2 2PS","HEJ1","","","","","","","","","","","20775343","2022-08-23","","NRAIL","","","","","Up Main/Fast","",""
"20775885","ECM5","38.1601","QE","","38.1601","2100","","MAR","","430300.0","506092.0","Eryholme RRAP DM DL2 2PS","HEJ1","","","","","","","","","","","20775885","2022-08-23","","NRAIL","","","","","Down Main/Fast","",""
"20775338","ECM5","42.1261","QE","","42.1261","1100","","MAR","","429349.0","511777.0","Black Banks RRAP UM DL2 2SB","HEJ1","","","","","","","","","","","20775338","2022-08-25","","NRAIL","","","","","Up Main/Fast","",""
"20775500","ECM5","47.0722","QE","","47.0722","1100","","MAR","","429653.0","519295.0","Ketton RRAP UM DL1 3NB","HEJ1","","","","","","","","","","","20775500","2023-01-20","","NRAIL","","","","","Up Main/Fast","","NZ 29649 19294"
"20775501","ECM5","47.0722","QE","","47.0722","2100","","MAR","","429649.0","519294.0","Ketton RRAP DM DL1 3NB","HEJ1","","","","","","","","","","","20775501","2023-01-20","","NRAIL","","","","","Down Main/Fast","","NZ 29649 19294"
"20775592","ECM5","54.0374","QE","","54.0374","2100","","MAR","","432151.0","528217.0","Bradbury RRAP DM TS21 2ES","HEJ1","","","","","","","","","","","20775592","2023-11-29","","NRAIL","","","","","Down Main/Fast","",""
"20662830","ECM5","54.0397","QE","","54.0397","2100","","MAR","","432154.0","528237.0","Bradbury Services TS21 2ES","HEJ1","","","","","","","","","","","20662830","2022-08-25","","NRAIL","","","","","Down Main/Fast","Access gates behind Bradbury services - obtain key from forecourt shop. Double gate, special key. NZ321282.",""
"20775591","ECM5","54.0397","QE","","54.0397","1100","","MAR","","432158.0","528237.0","Bradbury RRAP UM TS21 2ES","HEJ1","","","","","","","","","","","20775591","2022-08-25","","NRAIL","","","","","Up Main/Fast","",""
"20662854","ECM5","66.0629","QE","","66.0629","2200","","MAR","","427162.0","543110.0","Durham Station North Car Park DH1 5SU","HEJ8","","","","","","","","","","","20662854","2023-11-14","","NRAIL","","","","","Down Slow","Off A691 at Durham, signposted DL1 Museum. Double gate, 859 lock.",""
"20789997","ECM5","72.0","QE","","72.0","1100","","MAR","","427136.0","551864.0","Chester-le street 25KV SUBSTATION DH2 2AT","HEJ8","","","","","","","","","","","20789997","2023-11-14","","NRAIL","","","","","Up Main/Fast","Address:DH2 2AT Details: Station Car Park, access gate north side of the carpark","NZ 27136 51864"
"20789998","ECM5","72.0","QE","","72.0","2100","","MAR","","427136.0","551864.0","Chester-le street 25KV SUBSTATION DH2 2AT","HEJ8","","","","","","","","","","","20789998","2023-11-14","","NRAIL","","","","","Down Main/Fast","Address:DH2 2AT Details: Station Car Park, access gate north side of the carpark","NZ 27136 51864"
"20789999","ECM5","72.0","QE","","72.0","2100","","MAR","","427136.0","551864.0","Chester-le street 25KV SUBSTATION DH2 2AT","HEJ8","","","","","","","","","","","20789999","2023-11-14","","NRAIL","","","","","Down Main/Fast","Address:DH2 2AT Details: Station Car Park, access gate north side of the carpark","NZ 27136 51864"
"20789993","ECM5","79.1065","QE","","79.1065","2100","","MAR","","425102.0","559945.0","KEB SOUTH DN MAIN NE8 2NX","HEJ8","","","","","","","","","","","20789993","2023-11-14","","NRAIL","","","","","Down Main/Fast","","NZ 25102 59945"
"20774207","ECM5","0.0","QE","","0.0","2100","","MAV","","459598.0","451712.0","York IECC Substation YO24 1AB","HEJ1","","","","","","","","","","","20774207","2023-04-05","","NRAIL","","","","","Down Main/Fast","Leeman Road, through NCP. SE595517.",""
"20767063","ECM5","0.0228","QE","","0.0228","1100","","MAV","","459605.0","451932.0","York Station YO24 1AB","HEJ1","","","","","","","","","","","20767063","2022-08-22","","NRAIL","","","","","Up Main/Fast","End of Plat.11 off Leeman Road to York IECC. Double gate, 859 lock. SE595517.",""
"20767064","ECM5","0.077","QE","","0.077","1100","","MAV","","459221.0","452172.0","Station North YO26 4US","HEJ1","","","","","","","","","","","20767064","2023-11-25","","NRAIL","","","","","Up Main/Fast","Access gate behind Kensington House, Aldborough Way, York. Double gate, 859 lock. SE591521.",""
"20771563","ECM5","0.095","QE","","0.095","2100","","MAV","","459003.0","452189.0","Siemens Depot YO26 4XW","HEJ1","","","","","","","","","","","20771563","2022-08-22","","PP","","","","","Down Main/Fast","Vehicular access via gate no. 2 at Siemens Depot, adjacent to Howarth Timber Merchant. Use intercom to gain access. 22 lock. SE589521.",""
"20774206","ECM5","0.1188","QE","","0.1188","2100","","MAV","","458784.0","452174.0","York Leeman Road Substation YO26 4UU","HEJ1","","","","","","","","","","","20774206","2023-11-25","","NRAIL","","","","","Down Main/Fast","Leeman Road, through NRM. SE587521.",""
"20789208","ECM5","0.1254","QE","","0.1254","2100","","MAV","","458727.0","452169.0","York Yard North YO26 4XT","HEJ1","","","","","","","","","","","20789208","2023-11-25","","NRAIL","","","","","Down Main/Fast","New access point.","SE 58727 52169"
"20789209","ECM5","0.1408","QE","","0.1408","2100","","MAV","","458587.0","452159.0","York Yard North YO26 4XT","HEJ1","","","","","","","","","","","20789209","2023-11-25","","NRAIL","","","","","Down Main/Fast","New access point.","SE 58587 52159"
"20662746","ECM5","1.0019","QE","","1.0019","1100","","MAV","","458295.0","452302.0","Landing Lane BR4 YO26 4SG","HEJ1","","","","","","","","","","","20662746","2022-08-22","","NRAIL","","","","","Up Main/Fast","",""
"20662751","ECM5","1.0783","QE","","1.0783","2100","","MAV","","457871.0","452871.0","Skelton Yard YO26 5SW","HEJ1","","","","","","","","","","","20662751","2022-08-22","","NRAIL","","","","","Down Main/Fast","Access gate at end of Ouseacres, York. Double gate, 859 lock. SE578529.",""
"20767065","ECM5","2.01","QE","","2.01","2200","","MAV","","457421.0","453734.0","York Feeder Station 25KV Substation YO26 6RN","HEJ1","","","","","","","","","","","20767065","2022-08-22","","NRAIL","","","","","Down Slow","End of Great North Way, York Business Park. 2 x Double gates, 859 lock. SE574537.",""
"20662752","ECM5","3.0259","QE","","3.0259","2200","","MAV","","456561.0","455266.0","Skelton Bridge No.12 YO26 6LF","HEJ1","","","","","","","","","","","20662752","2022-08-22","","NRAIL","","","","","Down Slow","Church Lane, off Millfield Lane, Nether Poppleton. Double gates, 859 lock.",""
"20662754","ECM5","4.1094","QE","","4.1094","2200","","MAV","","455431.0","457353.0","Overton BR15 YO30 1BF","HEJ1","","","","","","","","","","","20662754","2022-08-22","","NRAIL","","","","","Down Slow","Access gate, west side of BR15 and on east side of Overton dirt track. Single gate.",""
"20662755","ECM5","5.0175","QE","","5.0175","1200","","MAV","","455076.0","458037.0","Sidings Restaurant YO30 1BW","HEJ1","","","","","","","","","","","20662755","2022-08-22","","NRAIL","","","","","Up Slow","Access gate at north end of sidings and restaurant. Single gate, 859 lock.",""
"20662756","ECM5","5.1098","QE","","5.1098","1200","","MAV","","454674.0","458776.0","Beningbrough Station BR16 YO30 1BT","HEJ1","","","","","","","","","","","20662756","2022-08-22","","NRAIL","","","","","Up Slow","Station Lane, off Shipton Low Road. Single gate, 859 lock.",""
"20662759","ECM5","8.0693","QE","","8.0693","1200","","MAV","","452538.0","462657.0","Hardys Bridge YO30 1BA","HEJ1","","","","","","","","","","","20662759","2022-08-22","","NRAIL","","","","","Up Slow","Access gate on Fleet Bank Lane between BR19 and A19. Single gate, 859 lock. SE525626.",""
"20662760","ECM5","9.0118","QE","","9.0118","2200","","MAV","","452000.0","463634.0","Warehills Lane BR19 YO61 1RG","HEJ1","","","","","","","","","","","20662760","2022-08-22","","NRAIL","","","","","Down Slow","Minor road leading to A19 from Tollerton. Single gate, 859 lock. SE520636.",""
"20774198","ECM5","9.1079","QE","","9.1079","1200","","MAV","","451544.0","464429.0","Tollerton TSC 25KV Substation YO61 1RE","HEJ1","","","","","","","","","","","20774198","2023-11-25","","NRAIL","","","","","Up Slow","From A19 to Tollerton on Sykes Lane East Of Br 20. SE515643.",""
"20662761","ECM5","9.12","QE","","9.12","1200","","MAV","","451545.0","464509.0","Tollerton Yard YO61 1RE","HEJ1","","","","","","","","","","","20662761","2022-08-22","","NRAIL","","","","","Up Slow","From A19 to Tollerton on Sykes Lane Access gate East of Br 20 opp. Station Inn pub. Double gate, 859 lock. SE515645.",""
"20767068","ECM5","9.1247","QE","","9.1247","2200","","MAV","","451506.0","464537.0","Tollerton Station BR20 YO61 1RE","HEJ1","","","","","","","","","","","20767068","2022-08-22","","NRAIL","","","","","Down Slow","From A19 to Tollerton on Sykes Lane Access gate west of Br 20 opp. Double gate, 859 lock. SE514646.",""
"20662762","ECM5","10.0294","QE","","10.0294","1200","","MAV","","451171.0","465197.0","Tollerton North Jcn YO61 1RE YO61 1RE","HEJ1","","","","","","","","","","","20662762","2022-08-22","","NRAIL","","","","","Up Slow","Access gate on Sidings Lane. Single gate.  SE511651.",""
"20662763","ECM5","10.1124","QE","","10.1124","2200","","MAV","","450790.0","465856.0","Sandy Lane YO61 1TT","HEJ1","","","","","","","","","","","20662763","2022-08-22","","NRAIL","","","","","Down Slow","Dirt track off main road between Alne and Alne Station. Single gate, 859 lock. SE508658.",""
"20662764","ECM5","11.0373","QE","","11.0373","1200","","MAV","","450368.0","466674.0","Alne Yard BR23 YO61 1RJ","HEJ1","","","","","","","","","","","20662764","2022-08-23","","NRAIL","","","","","Up Slow","Access gate nr. Sadlers Court, Alne Station. Single gate. SE503666.",""
"20771821","ECM5","11.0807","QE","","11.0807","2200","","MAV","","450159.0","467015.0","Alne YO61 1RJ","HEJ1","","","","","","","","","","","20771821","2022-08-23","","NRAIL","","","","","Down Slow","Vehicular access via 12ft gate, 859 lock. SE503666.",""
"20662766","ECM5","13.0645","QE","","13.0645","1200","","MAV","","448635.0","469676.0","Raskelf Station Yard BR27 YO61 3LL","HEJ1","","","","","","","","","","","20662766","2022-08-23","","NRAIL","","","","","Up Slow","Hag Lane, Raskelf to Tholthorpe Road.  Single gate, 859 lock East of Br27. SE487694.",""
"20662768","ECM5","14.1252","QE","","14.1252","1200","","MAV","","447447.0","471486.0","Bishop House Bridge BR29 YO61 3LR","HEJ1","","","","","","","","","Pedestrian","","20662768","2022-08-23","","NRAIL","","","","","Up Slow","Access Road off West Moor Road, north of Raskelf. Single gate. SE474714.",""
"20662769","ECM5","15.0951","QE","","15.0951","1200","","MAV","","446719.0","472603.0","Pilmoor Cottages YO61 2QQ","HEJ1","","","","","","","","","","","20662769","2022-08-23","","NRAIL","","","","","Up Slow","Access road signposted Pilmoor Cottages. Single gate, 859 lock. SE467726.",""
"20662772","ECM5","16.1438","QE","","16.1438","1200","","MAV","","445674.0","474374.0","Sessay Park YO7 3NW","HEJ1","","","","","","","","","","","20662772","2022-08-23","","NRAIL","","","","","Up Slow","Dirt track off Little Hutton to Little Sessay Road, near Ivy House. Single gate, 859 lock. SE456744.",""
"20662775","ECM5","19.0187","QE","","19.0187","2200","","MAV","","443701.0","477478.0","Dalton Bridge BR37 YO7 3BP","HEJ1","","","","","","","","","","","20662775","2022-08-23","","NRAIL","","","","","Down Slow","Islebeck Lane between Sessay and Thirsk. Single gate, 859 lock. SE437774.",""
"120000323","ECM5","20.1396","QE","","20.1396","1200","","MAV","","442211.0","479746.0","TOPCLIFFE ROAD BRIDGE 42","HEJ1","","","","","","","","","","","120000323","2025-01-30","","","","","","","Up Slow","Access via B1448 Topcliffe Road Bridge 42. The access gate is now situated @ 20m 1396y.",""
"20662778","ECM5","21.1546","QE","","21.1546","2200","","MAV","","441229.0","481190.0","Thirsk Power House YO7 4LS","HEJ1","","","","","","","","","","","20662778","2022-08-23","","NRAIL","","","","","Down Slow","Intake Lane, off Carlton Road. Single gate.  SE412811.",""
"20662779","ECM5","22.0352","QE","","22.0352","1200","","MAV","","440953.0","481622.0","Thirsk Station YO7 4LT","HEJ1","","","","","","","","","","","20662779","2023-11-27","","NRAIL","","","","","Up Slow","Thirsk Station, up car park. Single gate, 859 lock.  SE409816.",""
"20662780","ECM5","22.0736","QE","","22.0736","3900","","MAV","","440743.0","481910.0","Thirsk Old Signalbox YO7 4NA","HEJ1","","","","","","","","","","","20662780","2022-08-23","","NRAIL","","","","","Rev Siding","Access gate west of Thirsk Station overbridge BR47. Single gate, 859 lock. SE407819.",""
"20774009","ECM5","22.1082","QE","","22.1082","3900","","MAV","","440562.0","482169.0","Thirsk Siding YO7 4LN","HEJ1","","","","","","","","","Pedestrian","","20774009","2022-08-23","","NRAIL","","","","","Rev Siding","Turn off onto Moor Lane from Newsham Road, under the Railway Bridge to a single Access Gate at end of the Lane 859 Lock. SE405821.",""
"20662785","ECM5","26.0935","QE","","26.0935","2200","","MAV","","438056.0","487894.0","South Otterington BR54, DL7 9JB","HEJ1","","","","","","","","","","","20662785","2022-08-23","","NRAIL","","","","","Down Slow","NO ACCESS permitted through Old Otterington Station site on Up Side.  Access only on south side of OB54 <Dn Side>.",""
"20662788","ECM5","29.1642","QE","","29.1642","1100","","MAV","","436430.0","493119.0","Boroughbridge Road BR57 DL7 8AN","HEJ1","","","","","","","","","","","20662788","2023-11-27","","NRAIL","","","","","Up Main/Fast","Access gate on minor road, east of BR57. Single gate.  SE364931.",""
"20662792","ECM5","30.0135","QE","","30.0135","2100","","MAV","","436348.0","493336.0","Northallerton High Jcn DL7 8EZ","HEJ1","","","","","","","","","","","20662792","2022-08-23","","NRAIL","","","","","Down Main/Fast","Down side car park off Mill Lane. Single gate, 859 lock. SE363933.",""
"20662790","ECM5","30.0203","QE","","30.0203","3900","","MAV","","436393.0","493416.0","Northallerton Up Sidings, Old SB DL7 8EZ","HEJ1","","","","","","","","","","","20662790","2022-08-23","","NRAIL","","","","","Rev Siding","Off Mill Lane, east of BR59. Single gate, 859 lock. SE363933.",""
"20662793","ECM5","30.0925","QE","","30.0925","1100","","MAV","","436114.0","494020.0","Castle Hills Farm DL7 8UR","HEJ1","","","","","","","","","","","20662793","2022-08-23","","NRAIL","","","","","Up Main/Fast","Turn right off Springwell Lane before BR63 to Castle Hills Farm. Single gate, 859 lock. SE360940.",""
"20662796","ECM5","33.121","QE","","33.121","1100","","MAV","","434392.0","498819.0","Danby Wiske Old Station BR70 DL7 0NW","HEJ1","","","","","","","","","","","20662796","2022-08-23","","NRAIL","","","","","Up Main/Fast","Danby Lane, Danby Wiske. Single gate, 859 lock. SE343989.",""
"20662798","ECM5","35.0","QE","","35.0","1100","","MAV","","433676.0","500794.0","Hutton Bonville 25KV Substation DL7 0NS","HEJ1","","","","","","","","","","","20662798","2023-11-27","","NRAIL","","","","","Up Main/Fast","Off A167, signposted Hutton Bonville. Single gate, 859 lock. Address:DL6 2PR Details: off A167 sign posted Hutton Bonville. NZ336007.",""
"20662801","ECM5","37.0421","QE","","37.0421","2100","","MAV","","431816.0","503866.0","East Cowton Old Station DL7 0DS","HEJ1","","","","","","","","","","","20662801","2022-08-23","","NRAIL","","","","","Down Main/Fast","East Cowton to Great Smeaton Road. Single gate, 859 lock. NZ318038.",""
"20662802","ECM5","38.1204","QE","","38.1204","2100","","MAV","","430499.0","505792.0","Old Eryholme SB BR82 DL7 0JW","HEJ1","","","","","","","","","","","20662802","2022-08-23","","NRAIL","","","","","Down Main/Fast","B1263 A167 to Dalton Gates Road. Single gate, 859 lock. NZ308053.",""
"20662806","ECM5","41.0016","QE","","41.0016","1100","","MAV","","429045.0","509067.0","Croft BR87 DL2 2SY","HEJ1","","","","","","","","","","","20662806","2022-08-25","","NRAIL","","","","","Up Main/Fast","Off A167, just south of BR87. Single gate, 859 lock. NZ290090.",""
"20662807","ECM5","41.0888","QE","","41.0888","2100","","MAV","","429230.0","509836.0","Croft Old Stn BR89 DL2 2DD","HEJ1","","","","","","","","","","","20662807","2022-08-25","","NRAIL","","","","","Down Main/Fast","Access gate opposite the Staton pub, Croft. Single gate, 859 lock. NZ292098.",""
"20662809","ECM5","42.1261","QE","","42.1261","2100","","MAV","","429345.0","511777.0","Black Banks Farm DL2 2SB","HEJ1","","","","","","","","","","","20662809","2022-08-25","","NRAIL","","","","","Down Main/Fast","Access road off A66, east of BR94A to Black Banks Kennels. Single gate, 859 lock. NZ293118.",""
"20662810","ECM5","43.0047","QE","","43.0047","2500","","MAV","","429337.0","512282.0","Black Banks Farm BR94A DL2 1QB","HEJ1","","","","","","","","","","","20662810","2022-08-25","","NRAIL","","","","","Down Loop","Access road off A66, east of BR94A to Black Banks Kennels. Double gate, 859 lock. NZ293122.",""
"20662808","ECM5","43.0962","QE","","43.0962","1100","","MAV","","429376.0","513108.0","Parkside BR96 DL1 5AH","HEJ1","","","","","","","","","","","20662808","2022-08-25","","NRAIL","","","","","Up Main/Fast","Off Neasham Road, along Parkside. 2 x double gates, 859 lock. NZ293132.",""
"20662811","ECM5","43.1615","QE","","43.1615","2100","","MAV","","429417.0","513711.0","Park Lane Offices DL1 4AL","HEJ1","","","","","","","","","","","20662811","2022-08-25","","NRAIL","","","","","Down Main/Fast","Bottom of car park, Park Lane Offices. Double gates - restricted key. NZ294138.",""
"20662812","ECM5","44.0093","QE","","44.0093","1300","","MAV","","429485.0","513925.0","GARBUTT SQUARE CAR PARK DL1 4AA","HEJ1","","","","","","","","","ME000754NW","","20662812","2022-08-25","","NRAIL","","","","","Up Goods","Off Neasham Road towards Garbutt Square car park. Double gates, 859 lock. NZ295141.",""
"20774238","ECM5","44.0238","QE","","44.0238","2350","","MAV","","429450.0","514610.0","Darlington Bank Top SUBSTATION DL1 1ST","HEJ1","","","","","","","","","","","20774238","2023-11-28","","NRAIL","","","","","","Address:DL1 1ST Details: Haughton Road, West side of Railway Bridge",""
"20662813","ECM5","44.0815","QE","","44.0815","1100","","MAV","","429583.0","514579.0","Green Street DL1 1TF","HEJ1","","","","","","","","","","","20662813","2022-08-25","","NRAIL","","","","","Up Main/Fast","Off Yarm Road at R.E.D. Electrical shop. Double gates, 859 lock. NZ295145.",""
"20774256","ECM5","44.118","QE","","44.118","2851","","MAV","","429450.0","514610.0","Darlington 25KV SUBSTATION DL1 1ST","HEJ1","","","","","","","","","","","20774256","2023-11-28","","NRAIL","","","","","","Address:DL1 1ST Details: Haughton Road, West side of Railway Bridge",""
"20662814","ECM5","44.1265","QE","","44.1265","2800","","MAV","","429602.0","514992.0","Haughton Road Bridge BR101 DL1 1JR","HEJ1","","","","","","","","","","","20662814","2022-08-25","","NRAIL","","","","","Down Other/Eng/Car","Haughton Road north of Darlington Station. Double gates, 859 lock. NZ296150.",""
"20662816","ECM5","45.0506","QE","","45.0506","2100","","MAV","","429708.0","515896.0","Five Arch Br, Alex-le-Skne, Alb Hill Taxis DL1 2NJ","HEJ1","","","","","","","","","","","20662816","2023-11-28","","NRAIL","","","","","Down Main/Fast","Access gate off Forge Way, Albert Road Ind Est. Double gates, 859 lock. NZ297158.",""
"20662819","ECM5","46.0967","QE","","46.0967","1100","","MAV","","429857.0","517919.0","Glebe Road BR108 DL1 2RQ","HEJ1","","","","","","","","","","","20662819","2022-08-25","","NRAIL","","","","","Up Main/Fast","Glebe Road over BR108 to access gate. Single gate, 859 lock. NZ298178.",""
"20662820","ECM5","47.0737","QE","","47.0737","2100","","MAV","","429646.0","519307.0","Ketton Farms BR111 DL1 3NB","HEJ1","","","","","","","","","","","20662820","2022-08-25","","NRAIL","","","","","Down Main/Fast","Off A167, signposted Ketton Hall Farms. Access is a private road that leads to residential properties.. No access by HGV or low loader vehicles as there are no turning areas. If RRV or heavy machinery is to be accessed to trackside it should be driven along the lane from the A167. However this does not include driving Steel tracked vehicles on Ketton Lane as it would damage the road surface. Rubber tyre or tracked vehicles only. The A167 is a 60mph road so if RRVs or plant is to be unloaded then it is necessary to either do this away from the entrance to Ketton Lane or to have a 1/2 road closure with Traffic management to ensure safety of Members of the public. The Access has a fenced parking area so staff must not park on ketton lane as it will affect residential access.",""
"20662822","ECM5","48.0726","QE","","48.0726","2100","","MAV","","429251.0","520819.0","Brafferton BR122 DL1 3LB","HEJ1","","","","","","","","","","","20662822","2022-08-25","","NRAIL","","","","","Down Main/Fast","Brafferton Village. Single gate, 859 lock. NZ292208.",""
"20662825","ECM5","49.1018","QE","","49.1018","2100","","MAV","","428599.0","522403.0","Aycliffe Station DL5 6LY","HEJ1","","","","","","","","","","","20662825","2022-08-25","","NRAIL","","","","","Down Main/Fast","Access gate on South Grove, Aycliffe Village. Single gate, 859 lock. NZ286223.",""
"20662826","ECM5","49.1215","QE","","49.1215","1100","","MAV","","428649.0","522576.0","Embles Lane BR132 DL5 6LS","HEJ1","","","","","","","","","","","20662826","2022-08-25","","NRAIL","","","","","Up Main/Fast","Monks End, Aycliffe Village. Double gate, 859 lock.  NZ286225.",""
"20774243","ECM5","49.1397","QE","","49.1397","1100","","MAV","","428640.0","522580.0","Aycliffe 25KV SUBSTATION DL5 6LS","HEJ1","","","","","","","","","","","20774243","2023-11-29","","NRAIL","","","","","Up Main/Fast","Address:DL5 6LS. Details: off Embles Lane, upside of the the railway line access through gate east side of bridge",""
"20662828","ECM5","53.0769","QE","","53.0769","1100","","MAV","","431933.0","526987.0","LC113 Preston Carrs TS21 2EX","HEJ1","","","","","","","","","","","20662828","2022-08-25","","NRAIL","","","","","Up Main/Fast","Farm track opp. West Winds House, Mordon to Bradbury Road. Single gate, 859 lock. NZ319269.",""
"20662833","ECM5","56.1567","QE","","56.1567","1200","","MAV","","430356.0","531787.0","Ferryhill Signalbox BR155 DL17 0AJ","HEJ8","","","","","","","","","","","20662833","2022-08-25","","NRAIL","","","","","Up Slow","Access gate at BR155 near Mattisons Bakery. Double gate, 859 lock.",""
"20662834","ECM5","57.0092","QE","","57.0092","2100","","MAV","","430314.0","532045.0","Ferryhill DL17 0AJ","HEJ8","","","","","","","","","","","20662834","2022-08-25","","NRAIL","","","","","Down Main/Fast","FERRYHILL NORTH YARD",""
"20662838","ECM5","58.1693","QE","","58.1693","1100","","MAV","","430062.0","535096.0","Tursdale Jcn DH6 5LQ","HEJ8","","","","","","","","","","","20662838","2022-08-25","","NRAIL","","","","","Up Main/Fast","Access gate next to Old Mill pub.",""
"20662839","ECM5","59.0536","QE","","59.0536","1100","","MAV","","430056.0","535668.0","Tursdale Engineering DH6 5NY","HEJ8","","","","","","","","","","","20662839","2022-08-25","","NRAIL","","","","","Up Main/Fast","Tursdale Business Park off A688. Double gate, 859 lock.",""
"20774257","ECM5","59.0544","QE","","59.0544","1100","","MAV","","429800.0","536400.0","Tursdale 25KV SUBSTATION DH6 5NT","HEJ8","","","","","","","","","","","20774257","2012-05-01","","NRAIL","","","","","Up Main/Fast","Address:DH6 5NT Details: Off A688 South Side of industrial Estate",""
"20662843","ECM5","61.1652","QE","","61.1652","1100","","MAV","","426649.0","537433.0","Croxdale Viaduct South DH6 5HE","HEJ8","","","","","","","","","","","20662843","2022-08-25","","NRAIL","","","","","Up Main/Fast","Behind Railway Cottages, Croxdale. Single gate, 859 lock.",""
"20662845","ECM5","62.1618","QE","","62.1618","2100","","MAV","","425556.0","538483.0","Sewage Works DH7 8HN","HEJ8","","","","","","","","","","","20662845","2024-11-12","","NRAIL","","","","","Down Main/Fast","WARNING: The approach road leading to the access point [River View off the B6300] is over private land and provides 24/7 access requirement for both the residents and Northumbrian Water sewage facilities located on the UP side of overbridge.  Strictly NO parking or obstructing this roadway at any time. Parking is to be contained within the hard standing area adjacent to the access gate only.  This area is now being monitored by the landowner and local authority with regard to the discharge of debris, litter and materials; ensure that all litter/detritus is fully removed from site and discharged back at the depots.  Responsible Managers must ensure that all staff and supporting contractors are fully briefed in advance of works.",""
"20662847","ECM5","63.1281","QE","","63.1281","1100","","MAV","","425443.0","539793.0","Langley Moor DH7 8HH","HEJ8","","","","","","","","","","","20662847","2022-08-25","","NRAIL","","","","","Up Main/Fast","CEMENT WORKS",""
"20662851","ECM5","65.0248","QE","","65.0248","2100","","MAV","","425642.0","541981.0","Relly Mill Viaduct DH1 4TF","HEJ8","","","","","","","","","","","20662851","2022-08-25","","NRAIL","","","","","Down Main/Fast","Drive into Broom park picnic area - west of BR186 - access gate straight ahead, then follow path northwards. Single gate, 859 lock.",""
"20662855","ECM5","67.0477","QE","","67.0477","2100","","MAV","","427862.0","544394.0","Newton Hall DH1 5YJ","HEJ8","","","","","","","","","","","20662855","2023-02-28","","NRAIL","","","","","Down Main/Fast","CAUTION*: This is a noise sensitive location.  Vehicle engines and lights to be turned off on arrival to site, particularly if they are being parked on the highway outside the access point. Lindisfarne Road, off Canterbury Road, Brasside. Double gate, 859 lock.",""
"20662860","ECM5","70.0008","QE","","70.0008","1100","","MAV","","426969.0","548144.0","Plawsworth Station BR212 DH3 4EQ","HEJ8","","","","","","","","","","","20662860","2022-08-25","","NRAIL","","","","","Up Main/Fast","Minor road off A167, signposted Plawsworth. Single gate, 859 lock.",""
"20662865","ECM5","71.1627","QE","","71.1627","1100","","MAV","","427175.0","551184.0","Chester-le-Street Station DH3 3EE","HEJ8","","","","","","","","","","","20662865","2022-08-25","","NRAIL","","","","","Up Main/Fast","Station Road, Chester-le-Street. Single gate, 859 lock.",""
"20774246","ECM5","72.0027","QE","","72.0027","1100","","MAV","","427136.0","551864.0","Chester-le street 25KV SUBSTATION DH2 2AT","HEJ8","","","","","","","","","","","20774246","2012-05-01","","NRAIL","","","","","Up Main/Fast","Address:DH2 2AT Details: Station Car Park, access gate north side of the carpark",""
"20767121","ECM5","72.1507","QE","","72.1507","1100","","MAV","","427201.0","552674.0","Lyndhurst Avenue BR225A DH3 4AS","HEJ8","","","","","","","","","","","20767121","2022-08-25","","NRAIL","","","","","Up Main/Fast","Off Low Flatts Road, near the Lambton Worm pub. Double gate, 859 lock.",""
"20662869","ECM5","73.0715","QE","","73.0715","1100","","MAV","","427110.0","553555.0","Ouston Crossovers DH2 1AA","HEJ8","","","","","","","","","","","20662869","2022-08-25","","NRAIL","","","","","Up Main/Fast","Dirt track behind Wheatsheaf pub, south of Barleymow roundabout. Double gate, 859 lock.",""
"20662871","ECM5","74.1318","QE","","74.1318","1100","","MAV","","426709.0","555672.0","Old Birtley Station BR235 DH3 1DJ","HEJ8","","","","","","","","","","","20662871","2022-08-25","","NRAIL","","","","","Up Main/Fast","Off Station Lane, Birtley, or drive lineside from Tyne Yard South. Double and single gates, 859 lock.",""
"20662872","ECM5","75.0053","QE","","75.0053","2100","","MAV","","426500.0","556073.0","Tyne Yard South - La Farge NE11 0ES","HEJ8","","","","","","","","","","","20662872","2022-08-25","","NRAIL","","","","","Down Main/Fast","Birtley to Lamesley Road near Old Tyne Yard signalbox. Double gate.",""
"20662873","ECM5","75.1092","QE","","75.1092","2100","","MAV","","426115.0","556942.0","Tyne Yard TMD NE11 0EX","HEJ8","","","","","","","","","","","20662873","2022-08-25","","NRAIL","","","","","Down Main/Fast","Off Smithy Lane, Lamesley. Single gate.",""
"20767123","ECM5","76.1077","QE","","76.1077","2200","","MAV","","425494.0","558410.0","Tyne Yard North BR243B - A1 NE9 6UD","HEJ8","","","","","","","","","","","20767123","2022-08-25","","NRAIL","","","","","Down Slow","Lamesley to Team Valley Road, opposite Willowbeds Farm. Double gate, 859 lock.",""
"20767124","ECM5","77.1054","QE","","77.1054","1100","","MAV","","425119.0","559946.0","Low Fell Station NE9 6DS","HEJ8","","","","","","","","","","","20767124","2022-08-25","","NRAIL","","","","","Up Main/Fast","Off Breckenbeds Road, Low Fell, near Team Valley Trading Estate. Single gate, 859 lock.",""
"20662874","ECM5","77.1056","QE","","77.1056","2100","","MAV","","425115.0","559947.0","Low Fell Station NE9 6DS","HEJ8","","","","","","","","","","","20662874","2012-05-01","","NRAIL","","","","","Down Main/Fast","Station approach, off Earlsway, Team Valley Trading Estate. Single gate, 859 lock.",""
"20662875","ECM5","78.0567","QE","","78.0567","2100","","MAV","","424877.0","561085.0","Low Fell Storeyard NE8 4UD","HEJ8","","","","","","","","","","","20662875","2022-08-25","","NRAIL","","","","","Down Main/Fast","Harrison Gardens, off Saltwell Road, signposted Bensham General Hospital. Double gate, 859 lock.",""
"20662877","ECM5","78.1673","QE","","78.1673","1100","","MAV","","424482.0","562012.0","Old Bensham Station - Butterfly World NE8 2XP","HEJ8","","","","","","","","","","","20662877","2022-08-25","","NRAIL","","","","","Up Main/Fast","Near Station Cotts, Elysium Lane, Gateshead. Double gates, 859 lock.",""
"20774178","ECM5","79.0907","QE","","79.0907","2100","","MAV","","424980.0","563060.0","King Edward Bridge 25KV SUBSTATION NE8 2LN","HEJ8","","","","","","","","","","","20774178","2012-05-01","","NRAIL","","","","","Down Main/Fast","Address:NE8 2LN Details: Lovett walk, access under redheugh bridge",""
"20662781","ECM5","22.1606","QE","","22.1606","1200","","MAX","","440318.0","482586.0","Parvins LC R&G YO7 4DD","HEJ1","","","","","","","","","","","20662781","2022-08-23","","NRAIL","","","","","Up Slow","Access road from Thirsk Station car park. Single gate. SE402826.",""
"20662782","ECM5","23.0726","QE","","23.0726","0","","MAX","","439878.0","483246.0","Picks LC R&G YO7 4DD","HEJ1","","","","","","","","","","","20662782","2023-06-12","","NRAIL","","","","","All/Multiple Tracks","Access only on permission from land owner. Please contact Mr Bell on 07809148239 prior any works What3Words:revisits.inversely.community  Off Newsham Road, signposted Woodhouse Field. Single gate. SE398832.",""
"20662786","ECM5","27.1288","QE","","27.1288","2200","","MAX","","437506.0","489746.0","Wellfield House LC 89 R&G DL7 9JF","HEJ1","","","","","","","","","","","20662786","2022-08-23","","NRAIL","","","","","Down Slow","Off A167 south of Northallerton, signposted Wellfield House. Single gate. SE375897.",""
"20662841","ECM5","60.0453","QE","","60.0453","2100","","MAX","","429181.0","536845.0","Hett Mill CCTV LC DH6 5LN","HEJ8","","","","","","","","","","","20662841","2022-08-25","","","","","","","Down Main/Fast","Near Hett Village",""
"20789994","ECM6","80.0293","QE","","80.0293","3900","","MAR","","424592.0","563743.0","TANK HOUSE PROVINCIAL SIDING NE1 3SA","HEJ8","","","","","","","","","","","20789994","2023-11-14","","NRAIL","","","","","Rev Siding","Off Station Approach","NZ 24592 63743"
"20662880","ECM6","80.0127","QE","","80.0127","1200","","MAV","","424502.0","563668.0","Forth Street - Hawthorn Sidings NE1 3PA","HEJ8","","","","","","","","","","","20662880","2022-09-01","","NRAIL","","","","","Up Slow","Forth Street, back of Central Station. Double gate, 859 lock.",""
"20788036","ECM7","0.0","QE","","0.0","0","","MAP","","424617.0","563812.0","NEWCASTLE NE1 5HL","HEJ8","","","","","","","","","","","20788036","2022-10-03","","NRAIL","","","","","All/Multiple Tracks","ACCESS TO STATION FOR RAILHUB PURPOSES","NZ 24617 63812"
"20788037","ECM7","0.1012","QE","","0.1012","0","","MAP","","425287.0","564287.0","MANORS NE1 2ET","HEJ8","","","","","","","","","","","20788037","2022-10-03","","NRAIL","","","","","All/Multiple Tracks","ACCESS TO STATION FOR RAILHUB PURPOSES","NZ 25287 64287"
"20783929","ECM7","1.1438","QE","","1.1438","2100","","MAP","","427087.0","565231.0","Heaton Guildford Place  NE6 5HQ","HEJ8","","","","","","","","","","","20783929","2020-02-27","","NRAIL","","","","","Down Main/Fast","Off Guildford Place access to Down Side through gate",""
"20662887","ECM7","3.0176","QE","","3.0176","1100","","MAP","","428232.0","566888.0","Coast Road BR31A NE7 7RG","HEJ8","","","","","","","","","","","20662887","2022-09-01","","NRAIL","","","","","Up Main/Fast","Access gate on westbound carriageway of Coast Road, opp. Willsys factory. Single gate, 859 lock.",""
"20662888","ECM7","3.0912","QE","","3.0912","1100","","MAP","","428344.0","567546.0","Little Benton Farm BR34 NE28 8UF","HEJ8","","","","","","","","","","","20662888","2022-09-01","","NRAIL","","","","","Up Main/Fast","Off Roundstone Close, off Coach Lane. Single gate, 859 lock.",""
"20662889","ECM7","4.0194","QE","","4.0194","2100","","MAP","","428328.0","568497.0","Benton Crossovers NE12 9SH","HEJ8","","","","","","","","","","","20662889","2022-09-01","","NRAIL","","","","","Down Main/Fast","Access road to East Benton Cottages, off Whitley Road. Single gate, 859 lock.",""
"20780067","ECM7","4.0231","QE","","4.0231","1100","","MAP","","428332.0","568531.0","Benton Cottage Farm NE12 8BP","HEJ8","","","","","","","","","","","20780067","2022-09-01","","NRAIL","","","","","Up Main/Fast","Lockable bollard to allow residents/council and 859 locks to be applied removing the risk of reversing back 300m on a public interface.",""
"20767234","ECM7","5.0832","QE","","5.0832","1100","","MAP","","427164.0","570258.0","Fir Tree Farm, Killingworth BR46 NE12 7PA","HEJ8","","","","","","","","","","","20767234","2022-09-01","","NRAIL","","","","","Up Main/Fast","Off Albert Terrace, Killingworth. Single gate, 859 lock.",""
"20767240","ECM7","6.0623","QE","","6.0623","2100","","MAP","","426579.0","571558.0","Killingworth Footpath NE12 6RH","HEJ8","","","","","","","","","","","20767240","2022-09-01","","NRAIL","","","","","Down Main/Fast","""Park in car park otherwise vehicle access is attained off Great Lime Road on to the public bridleway via a lockable bollard <Grid Ref NZ260723>.  Vehicles must be driven at a maximum speed of 10mph using hazard warning lights and should yield to users on the public interface.  Any large scale projects expected to bring in heavy equipment/plant, must consult with the Public Rights of Way Officer at North Tyneside Council.",""
"20790009","ECM7","6.1452","QE","","6.1452","2100","","MAP","","426323.0","572272.0","Burradon BR49 NE12 5XG","HEJ8","","","","","","","","","","","20790009","2023-11-24","","NRAIL","","","","","Down Main/Fast","Access via steps at the bridge",""
"20662898","ECM7","7.1338","QE","","7.1338","1100","","MAP","","425818.0","573682.0","Dudley Lane BR54 NE23 7HZ","HEJ8","","","","","","","","","","","20662898","2022-09-01","","NRAIL","","","","","Up Main/Fast","B1321 Dudley to Seaton Burn Road. Single gate, 859 lock.",""
"20662900","ECM7","9.0519","QE","","9.0519","2100","","MAP","","425877.0","576139.0","Strippers Bridge BR57 NE23 6JU","HEJ8","","","","","","","","","","","20662900","2022-09-01","","NRAIL","","","","","Down Main/Fast","Bridleway from Lancastrian Road, Cramlington. Single gate, 859 lock.",""
"20788038","ECM7","9.1628","QE","","9.1628","0","","MAP","","425709.0","577121.0","CRAMLINGTON NE23 8AG","HEJ8","","","","","","","","","","","20788038","2022-10-03","","NRAIL","","","","","All/Multiple Tracks","ACCESS TO STATION FOR RAILHUB PURPOSES","NZ 25709 77121"
"20662902","ECM7","10.1623","QE","","10.1623","1100","","MAP","","424431.0","577987.0","Bassington BR61A NE23 8BG","HEJ8","","","","","","","","","","","20662902","2022-09-01","","NRAIL","","","","","Up Main/Fast","Access gate off northbound carriageway of A1068, Cramlington. Single gate, 859 lock. Access via what3words Triangle.Heats.Forsight",""
"20779967","ECM7","10.1626","QE","","10.1626","2100","","MAP","","424426.0","577978.2","Bassington  NE23 3JA","HEJ8","","","","","","","","","","","20779967","2022-09-01","","NRAIL","","","","","Down Main/Fast","Single gate, 859 lock. Access this point Via what3words ""Triangle.Heats.Foresight"" As satnav takes you to dual carridgeway",""
"20662904","ECM7","12.0875","QE","","12.0875","1100","","MAP","","422363.0","579353.0","Briery Hill BR63 NE61 6ES","HEJ8","","","","","","","","","","","20662904","2022-09-05","","NRAIL","","","","","Up Main/Fast","Access off A1 southbound only, south of Stannington. Single gate, 859 lock.",""
"20662905","ECM7","13.0241","QE","","13.0241","2100","","MAP","","422032.0","580327.0","Low Middle Moor BR64 NE61 6EH","HEJ8","","","","","","","","","","","20662905","2022-09-05","","NRAIL","","","","","Down Main/Fast","At Netherton Park, follow signs for Stannington Dog Shelter and Cattery. Single gate, 859 lock.",""
"20662906","ECM7","13.0436","QE","","13.0436","2100","","MAP","","421987.0","580502.0","Netherton Park NE61 6DE","HEJ8","","","","","","","","","","","20662906","2022-09-05","","NRAIL","","","","","Down Main/Fast","At Netherton Park, follow signs for Stannington Dog Shelter and Cattery. Single gate, 859 lock.",""
"20788039","ECM7","16.11","QE","","16.11","0","","MAP","","420332.0","585402.0","MORPETH NE61 2SL","HEJ8","","","","","","","","","","","20788039","2022-10-03","","NRAIL","","","","","All/Multiple Tracks","ACCESS TO STATION FOR RAILHUB PURPOSES","NZ 20332 85402"
"20767247","ECM7","17.1419","QE","","17.1419","1100","","MAP","","421677.0","586654.0","Climbing Tree Farm BR75 NE61 6JQ","HEJ8","","","","","","","","","","","20767247","2022-09-05","","NRAIL","","","","","Up Main/Fast","Off Whorral Bank north of Morpeth Station. Single gate, 859 lock.",""
"20788040","ECM7","18.0968","QE","","18.0968","0","","MAP","","422558.0","587149.0","PEGSWOOD NE61 6UL","HEJ8","","","","","","","","","","","20788040","2022-10-03","","NRAIL","","","","","All/Multiple Tracks","ACCESS TO STATION FOR RAILHUB PURPOSES","NZ 22558 87149"
"20786628","ECM7","18.1548","QE","","18.1548","1100","","MAP","","423134.0","587512.0","Pegswood Allotments NE61 6UU","HEJ8","","","","","","","","","","","20786628","2022-09-05","","NRAIL","","","","","Up Main/Fast","New pedestrian access on up main side.","NZ 23116 87493"
"20788041","ECM7","23.044","QE","","23.044","0","","MAP","","424513.0","594156.0","WIDDRINGTON STATION NE61 5QH","HEJ8","","","","","","","","","","","20788041","2022-10-03","","NRAIL","","","","","All/Multiple Tracks","ACCESS TO STATION FOR RAILHUB PURPOSES","NZ 24513 94156"
"20662919","ECM7","23.1643","QE","","23.1643","2100","","MAP","","423597.0","594751.0","Stobswood NE61 5QA","HEJ8","","","","","","","","","","","20662919","2022-09-05","","NRAIL","","","","","Down Main/Fast","Stobswood village, north of Widdrington. Single gate, 859 lock.",""
"20775482","ECM7","26.0817","QE","","26.0817","1100","","MAP","","422068.0","598225.0","CHEVINGTON COAL ROAD NE65 9EU","HEJ8","","","","","","","","","","","20775482","2022-09-05","","NRAIL","","","","","Up Main/Fast","Acces gate off the coal road near up loop <Old Gas bottle compound> 26m 38ch",""
"20662922","ECM7","28.0946","QE","","28.0946","0","","MAP","","422208.0","601538.0","Acklington Station NE65 9BT","HEJ8","","","","","","","","","","","20662922","2022-10-03","","NRAIL","","","","","All/Multiple Tracks","ACCESS TO STATION FOR RAILHUB PURPOSES","NU 22208 01538"
"20662923","ECM7","28.126","QE","","28.126","1100","","MAP","","422248.0","601825.0","Acklington BR87 NE65 9BP","HEJ8","","","","","","","","","","","20662923","2022-09-05","","NRAIL","","","","","Up Main/Fast","Minor road, Acklington Park to B6345, north of Acklington Station. Single gate, 859 lock.","NU 22241 01799"
"20662924","ECM7","29.0601","QE","","29.0601","1100","","MAP","","422295.0","602827.0","Rake Lane, Acklington BR89 NE65 9DF","HEJ8","","","","","","","","","","","20662924","2022-09-05","","NRAIL","","","","","Up Main/Fast","Dirt track off minor road between Acklington Park and Acklington Station. Single gate, 859 lock.",""
"20662925","ECM7","30.1226","QE","","30.1226","1100","","MAP","","422509.0","604900.0","Warkworth Moor BR94 NE65 0YQ","HEJ8","","","","","","","","","","","20662925","2022-09-05","","NRAIL","","","","","Up Main/Fast","Minor road between Brotherwick and Guyzance, signposted Coquet Moorhouse. Single gate, 859 lock.",""
"20662929","ECM7","32.1346","QE","","32.1346","1100","","MAP","","423886.0","607923.0","Shortridge Hall NE65 0WJ","HEJ8","","","","","","","","","","","20662929","2022-09-05","","NRAIL","","","","","Up Main/Fast","Off A1068, signposted Shortridge Hall. Single gate.",""
"20774242","ECM7","33.081","QE","","33.081","2100","","MAP","","423957.0","609173.0","Shilbottle 25KV SUBSTATION NE65 0YA","HEJ8","","","","","","","","","","","20774242","2012-05-01","","NRAIL","","","","","Down Main/Fast","Address:NE65 0YA Details: Off A1068, sign posted High Buston/Shilbottle, access left hand side west side of the bridge",""
"20662930","ECM7","33.0952","QE","","33.0952","2100","","MAP","","423961.0","609139.0","High Buston BR101 NE66 2TN","HEJ8","","","","","","","","","","","20662930","2022-09-05","","NRAIL","","","","","Down Main/Fast","Off A1068 signposted High Buston and Shilbottle. Single gate, 859 lock.",""
"120000474","ECM7","34.0662","QE","","34.0662","1500","","MAP","","423541.0","610385.0","Scotts Crossing NE66 3PY","HEJ8","","","","","","","","","Pedestrian Access Gate, access to Up Passenger Loop at Alnmouth.","","120000474","2025-02-10","","","","","","","Up Loop","This access gate is via a field from the A1068. What3Words: repelled.courage.increased",""
"20788042","ECM7","34.1518","QE","","34.1518","0","","MAP","","423096.0","611056.0","ALNMOUTH NE66 3QB","HEJ8","","","","","","","","","","","20788042","2022-10-03","","NRAIL","","","","","All/Multiple Tracks","ACCESS TO STATION FOR RAILHUB PURPOSES","NU 23096 11056"
"20662933","ECM7","35.1218","QE","","35.1218","2100","","MAP","","422962.0","612285.0","Hawkhill BR111 NE66 3PL","HEJ8","","","","","","","","","","","20662933","2022-09-05","","NRAIL","","","","","Down Main/Fast","A1068 near Lesbury. Single gate, 859 lock.",""
"20779125","ECM7","38.1029","QE","","38.1029","1100","","MAP","","423483.0","616565.0","PIPEWORKS SLIP SITE NE66 3JX","HEJ8","","","","","","","","","","","20779125","2022-09-05","","NRAIL","","","","","Up Main/Fast","","NU 23469 16582"
"20779124","ECM7","39.0587","QE","","39.0587","1100","","MAP","","422842.0","617563.0","LITTLEMILL CROSSOVERS NE66 3LN","HEJ8","","","","","","","","","","","20779124","2016-08-04","","NRAIL","","","","","Up Main/Fast","Access point up main Littlemill S&C","NU 22842 17563"
"20662939","ECM7","41.0395","QE","","41.0395","1100","","MAP","","421390.0","620256.0","Whinney Hill BR127 NE66 3SE","HEJ8","","","","","","","","","","","20662939","2022-09-05","","NRAIL","","","","","Up Main/Fast","B1340 at Whinney Hill. Single gate, 859 lock.",""
"20787468","ECM7","42.0066","QE","","42.0066","2100","","MAP","","421350.0","621548.0","Rock Mill UB BR129 NE66 3DJ","HEJ8","","","","","","","","","","","20787468","2022-07-28","","NRAIL","","","","","Down Main/Fast","New pedestrian access on down side.","NU 21350 21548"
"20662940","ECM7","42.0071","QE","","42.0071","1100","","MAP","","421356.0","621552.0","BR129 NE66 3DJ","HEJ8","","","","","","","","","","","20662940","2022-09-05","","NRAIL","","","","","Up Main/Fast","Off B1340, Christon Bank to Alnmouth Road. Single gate, 859 lock.",""
"20662941","ECM7","42.1014","QE","","42.1014","1100","","MAP","","421433.0","622433.0","Christon Bank LC No 161 NE66 3EZ","HEJ8","","","","","","","","","","","20662941","2022-09-05","","NRAIL","","","","","Up Main/Fast","Off B1340, Christon Bank to Alnmouth Road. Single gate, 859 lock.",""
"20662945","ECM7","44.0275","QE","","44.0275","1100","","MAP","","420434.0","624714.0","Brunton BR132 NE66 3HQ","HEJ8","","","","","","","","","","","20662945","2022-09-05","","NRAIL","","","","","Up Main/Fast","Minor road to Brunton village. Single gate, 859 lock",""
"20787469","ECM7","44.0308","QE","","44.0308","2100","","MAP","","420414.0","624737.0","Brunton BR132 NE66 5ED","HEJ8","","","","","","","","","","","20787469","2022-07-28","","NRAIL","","","","","Down Main/Fast","New pedestrian access on down side.","NU 20414 24737"
"20662946","ECM7","44.1245","QE","","44.1245","1100","","MAP","","419987.0","625481.0","Brunton Airfield BR133 NE67 5DJ","HEJ8","","","","","","","","","","","20662946","2022-09-05","","NRAIL","","","","","Up Main/Fast","Minor road east of BR132, on the Doxford to Brunton road. Single gate, 859 lock.",""
"20787470","ECM7","44.1254","QE","","44.1254","2100","","MAP","","419977.0","625484.0","Brunton Airfield BR133 NE67 5DJ","HEJ8","","","","","","","","","","","20787470","2024-01-22","","NRAIL","","","","","Down Main/Fast","New pedestrian access on down side.","NU 19977 25484"
"20662947","ECM7","46.0","QE","","46.0","1100","","MAP","","418629.0","627031.0","Chathill Station NE67 5DE","HEJ8","","","","","","","","","","","20662947","2023-11-14","","NRAIL","","","","","Up Main/Fast","Off A1 to Chathill. Single gate, 859 lock.",""
"20788043","ECM7","46.0022","QE","","46.0022","0","","MAP","","418611.0","627041.0","CHATHILL NE67 5DF","HEJ8","","","","","","","","","","","20788043","2022-10-03","","NRAIL","","","","","All/Multiple Tracks","ACCESS TO STATION FOR RAILHUB PURPOSES","NU 18611 27041"
"20662951","ECM7","49.1041","QE","","49.1041","1100","","MAP","","414905.0","631397.0","Bradford BR146 NE70 7JP","HEJ8","","","","","","","","","","","20662951","2022-09-05","","NRAIL","","","","","Up Main/Fast","Off A1 to B1341, follow signs for Bradford. Single gate, 859 lock.",""
"20662956","ECM7","53.0925","QE","","53.0925","1100","","MAP","","410651.0","636053.0","Middleton BR158 NE70 7LN","HEJ8","","","","","","","","","","","20662956","2022-09-05","","NRAIL","","","","","Up Main/Fast","Off A1 between Waren Mill turn-off and Detchant. Single gate, 859 lock.",""
"20662957","ECM7","54.0726","QE","","54.0726","1100","","MAP","","409709.0","637118.0","Detchant BR160 NE70 7PE","HEJ8","","","","","","","","","","","20662957","2022-09-05","","NRAIL","","","","","Up Main/Fast","Off A1 at Detchant, signposted Public Byway. Single gate, 859 lock.",""
"20774240","ECM7","57.0381","QE","","57.0381","2100","","MAP","","408110.0","640940.0","Fenham 25KV SUBSTATION TD15 2PL","HEJ8","","","","","","","","","","","20774240","2012-05-01","","NRAIL","","","","","Down Main/Fast","Address:TD15 2PL Details: off A1, Follow signs for Fenwick Granary",""
"20767263","ECM7","59.0732","QE","","59.0732","2100","","MAP","","405609.0","643780.0","North End of Beal Crossovers TD15 2PB","HEJ8","","","","","","","","","","","20767263","2022-09-05","","NRAIL","","","","","Down Main/Fast","Access road at Beal Level Crossing. Single gate, 859 lock.",""
"20787068","ECM7","59.1012","QE","","59.1012","2100","","MAP","","405499.0","644011.0","Beal 59m 46ch TD15 2PB","HEJ8","","","","","","","","","","","20787068","2022-03-28","","NRAIL","","","","","Down Main/Fast","New Ped access point installed","NU 05499 44011"
"20662964","ECM7","61.1171","QE","","61.1171","1100","","MAP","","403830.0","646916.0","Cheswick BR179 TD15 2RW","HEJ8","","","","","","","","","","","20662964","2022-09-05","","NRAIL","","","","","Up Main/Fast","Off A1, follow signs for Goswick access road, signposted Teapot Cottage. Single gate, 221 lock.",""
"20662968","ECM7","65.1686","QE","","65.1686","2100","","MAP","","399360.0","652019.0","Tweedmouth Signalbox TD15 2AW","HEJ8","","","","","","","","","","","20662968","2022-09-05","","NRAIL","","","","","Down Main/Fast","Access gate on Shielfield Terrace, Tweedmouth. Single gate, 859 lock.",""
"20788044","ECM7","67.0","QE","","67.0","0","","MAP","","399426.0","653475.0","BERWICK UPON TWEED TD15 1JX","HEJ8","","","","","","","","","","","20788044","2022-10-03","","NRAIL","","","","","All/Multiple Tracks","ACCESS TO STATION FOR RAILHUB PURPOSES","NT 99426 53475"
"20662970","ECM7","67.0764","QE","","67.0764","2500","","MAP","","399639.0","654132.0","Jingling Bridge TD15 1PS","HEJ8","","","","","","","","","","","20662970","2022-09-05","","NRAIL","","","","","Down Loop","South of Highfields BR199. Single gate, 859 lock.",""
"20779122","ECM7","67.1565","QE","","67.1565","2100","","MAP","","399444.0","654823.0","Newfields Housing Estate TD15 1SW","HEJ8","","","","","","","","","","","20779122","2022-09-05","","NRAIL","","","","","Down Main/Fast","Gate fitted and a walkway onto the Down Cess created",""
"20774239","ECM7","69.0178","QE","","69.0178","2100","","MAP","","398300.0","656400.0","Marshall Meadows 25KV SUBSTATION TD15 1UT","HEJ8","","","","","","","","","","","20774239","2022-03-28","","NRAIL","","","","","Down Main/Fast","ALL Suppliers/Drivers/Contractors and staff to be briefed NOT to take the exit signposted for Marshall Meadows; this leads to Marshall Meadows Farm and Marshall Meadows Country Hotel ONLY.  Continue past this junction for approx 300m then exit A1 SOUTHBOUND on to the access road which leads down to the asset/access point.  Exit point at OSGR: NT979561   What3words: flick.crusher.lifeboats",""
"20789995","ECM7","0.1437","QE","","0.1437","1200","","MAR","","425680.0","564457.0","RED BARNS UP SLOW NE1 6PN","HEJ8","","","","","","","","","","","20789995","2023-11-14","","NRAIL","","","","","Up Slow","","NZ 25680 64457"
"20789996","ECM7","51.1298","QE","","51.1298","2901","","MAR","","412415.0","633752.0","BELFORD DN SIDING NE70 7DU","HEJ8","","","","","","","","","","","20789996","2023-11-14","","NRAIL","","","","","","","NU 12442 33765"
"20662881","ECM7","0.0378","QE","","0.0378","2100","","MAV","","424963.0","563866.0","Newcastle East Jcn - East End Car Park NE1 3NY","HEJ8","","","","","","","","","","","20662881","2024-11-12","","NRAIL","","","","","Down Main/Fast","Off Neville Street between Royal Station Hotel and Station portico. Double gate, 859 lock. LNER require notification of suage of this access point - please email worksaccess@lner.co.uk to inform the station manager of access requirement.",""
"20767226","ECM7","0.1078","QE","","0.1078","2100","","MAV","","425373.0","564338.0","Manors Station NE1 6PB","HEJ8","","","","","","","","","","","20767226","2022-09-01","","NRAIL","","","","","Down Main/Fast","Central Business Park, off Argyle Street",""
"20662882","ECM7","0.121","QE","","0.121","2100","","MAV","","425484.0","564387.0","Argyle Street Junction NE1 6PF","HEJ8","","","","","","","","","","","20662882","2012-05-01","","NRAIL","","","","","Down Main/Fast","SCIENCE PARK",""
"20767227","ECM7","1.0558","QE","","1.0558","2100","","MAV","","426384.0","564846.0","Ouseburn Viaduct BR23 NE6 5PQ","HEJ8","","","","","","","","","","","20767227","2022-09-01","","NRAIL","","","","","Down Main/Fast","South View West, off Elizabeth St, off Byker Bridge. Double gate, 859 lock.",""
"20662884","ECM7","2.0044","QE","","2.0044","2100","","MAV","","427367.0","565411.0","Heaton Coal Yard NE6 2XT","HEJ8","","","","","","","","","","","20662884","2012-05-01","","NRAIL","","","","","Down Main/Fast","Hartford Street, off Chillingham Road, Heaton. Double gate, 859 lock.",""
"20795789","ECM7","2.127","QE","","2.127","3900","","MAV","","428004.0","566317.0","Heaton Coal Yard North NE6 5DE","HEJ8","","","","","","","","","","","20795789","2024-10-01","","NRAIL","","","","","Rev Siding","Double gate, Off Rothbury Terrace, Heaton. What3Words: paint.enable.office","NZ 28004 66317"
"20774251","ECM7","4.0452","QE","","4.0452","1100","","MAV","","428300.0","568700.0","Benton 25KV SUBSTATION NE12 9SL","HEJ8","","","","","","","","","","","20774251","2012-05-01","","NRAIL","","","","","Up Main/Fast","Address:NE12 9 Details: Whitley Road, Access through gate East side of the bridge opposite Car Dealership",""
"20662890","ECM7","4.0573","QE","","4.0573","2100","","MAV","","428255.0","568834.0","Benton North Junction BR39 NE12 9SL","HEJ8","","","","","","","","","","","20662890","2022-09-01","","NRAIL","","","","","Down Main/Fast","Access gate to old signalbox on Whitley Road, Benton. Double gate, 859 lock.",""
"20662891","ECM7","4.1013","QE","","4.1013","1100","","MAV","","428123.0","569212.0","Briar Edge BR42 NE12 9PQ","HEJ8","","","","","","","","","","","20662891","2022-09-01","","NRAIL","","","","","Up Main/Fast","Access gate off Granville Crescent, Forest Hall. Double gate 859 lock. Only suitable for one vehicle at a time",""
"20662892","ECM7","5.0036","QE","","5.0036","1100","","MAV","","427692.0","569784.0","Forest Hall Station NE12 7JL","HEJ8","","","","","","","","","","","20662892","2022-09-01","","NRAIL","","","","","Up Main/Fast","Access gate in Flying Scotsman car park. Double gate, 859 lock.",""
"20662897","ECM7","7.0262","QE","","7.0262","1100","","MAV","","426152.0","572763.0","Great Lime Road BR51 NE23 7LY","HEJ8","","","","","","","","","","","20662897","2022-09-01","","NRAIL","","","","","Up Main/Fast","Beside aged miners homes, Dudley. Single gate, 859 lock.",""
"20767244","ECM7","9.1518","QE","","9.1518","1100","","MAV","","425758.0","577032.0","Cramlington Station BR59 NE23 8EA","HEJ8","","","","","","","","","","","20767244","2022-09-01","","NRAIL","","","","","Up Main/Fast","Cramlington Station car park. Double gates, 859 lock.",""
"20776795","ECM7","11.0458","QE","","11.0458","2100","","MAV","","423909.0","578135.0","Plessey NE23 3JL","HEJ8","","","","","","","","","","","20776795","2022-09-05","","NRAIL","","","","","Down Main/Fast","Access gate on down side.",""
"20662903","ECM7","11.0993","QE","","11.0993","2100","","MAV","","423493.0","578392.0","Plessey Crossovers NE23 3JL","HEJ8","","","","","","","","","","","20662903","2022-09-05","","NRAIL","","","","","Down Main/Fast","Access off A1 southbound only, signposted Shotton. Single gate, 859 lock.",""
"20662907","ECM7","13.0654","QE","","13.0654","2100","","MAV","","421938.0","580693.0","Netherton NE61 6DE","HEJ8","","","","","","","","","","","20662907","2022-09-05","","NRAIL","","","","","Down Main/Fast","At Netherton Park, follow signs for Stanington Dog Shelter and Cattery. Single gate, 859 lock.",""
"20774248","ECM7","13.1726","QE","","13.1726","2100","","MAV","","421700.0","581600.0","Stannington 25KV SUBSTATION NE61 6DZ","HEJ8","","","","","","","","","","","20774248","2012-05-01","","NRAIL","","","","","Down Main/Fast","Address:NE61 6 Details: Stannington Station Road, Gate West side of level crossing",""
"20662910","ECM7","16.0364","QE","","16.0364","1100","","MAV","","420146.0","584859.0","Stobhill NE61 2UP","HEJ8","","","","","","","","","","","20662910","2022-09-05","","NRAIL","","","","","Up Main/Fast","St Aidans Crescent, Stobhill. Single gate, 859 lock.",""
"20767245","ECM7","16.1298","QE","","16.1298","1100","","MAV","","420501.0","585469.0","Coopies Lane - Morpeth Jcn NE61 1XE","HEJ8","","","","","","","","","","","20767245","2012-05-01","","NRAIL","","","","","Up Main/Fast","Access gate on Coopies Lane, north of station. Single gate, 859 lock.",""
"20774258","ECM7","16.1346","QE","","16.1346","1100","","MAV","","420700.0","585500.0","Morpeth SUBSTATION NE61 1XE","HEJ8","","","","","","","","","","","20774258","2012-05-01","","NRAIL","","","","","Up Main/Fast","Address:NE61 Details: Off Coopies Lane next to Generator house",""
"20767254","ECM7","18.1098","QE","","18.1098","1100","","MAV","","422854.0","587214.0","Pegswood Station Yard NE61 6SJ","HEJ8","","","","","","","","","","","20767254","2022-09-05","","NRAIL","","","","","Up Main/Fast","Off A197, north of station. Single gate, 859 lock.",""
"20790490","ECM7","20.038","QE","","20.038","1100","","MAV","","423873.0","589463.0","Longhirst CCTV LC NE61 3HZ","HEJ8","","","","","","","","","","","20790490","2024-05-22","","NRAIL","","","","","Up Main/Fast","Minor road to and from Longhirst Village",""
"20774245","ECM7","22.0513","QE","","22.0513","2100","","MAV","","424651.0","592711.0","Ulgham 25KV SUBSTATION NE61 3AX","HEJ8","","","","","","","","","","","20774245","2012-05-01","","NRAIL","","","","","Down Main/Fast","Address:NE61 3AX Details: off A1068 Sign posted Ulgham and Linton, access west side of the crossing",""
"20767255","ECM7","24.1453","QE","","24.1453","3900","","MAV","","422512.0","595641.0","Widdrington Junction NE61 5DL","HEJ8","","","","","","","","","","","20767255","2022-09-05","","NRAIL","","","","","Rev Siding","Access road from Felton Lane L.C. Single gate, 859 lock.",""
"20775481","ECM7","26.1024","QE","","26.1024","1100","","MAV","","422046.0","598414.0","Chevington Coal Road NE65 9EU","HEJ8","","","","","","","","","","","20775481","2022-09-05","","NRAIL","","","","","Up Main/Fast","Chevington Coal road access gate for vehicles 26m 47ch",""
"120000390","ECM7","34.1249","QE","","34.1249","1100","","MAV","","423234.0","610926.0","Alnmouth Up Tamp siding RRAP","HEJ8","","","","","","","","","Vehicle Access","","120000390","2025-01-27","","","","","","","Up Main/Fast","This vehicle access point has always been in use and gets used regularly. However, it is not on the hazard directory and cannot be selected when planning safe systems of work via RailHub. Please can you add it?
As you can see from the photo, it is already fitted with an access point sign.
The W3W is ///satellite.outnumber.plus",""
"20662932","ECM7","34.1698","QE","","34.1698","2100","","MAV","","422979.0","611177.0","Alnmouth Station NE66 3QF","HEJ8","","","","","","","","","","","20662932","2022-09-05","","NRAIL","","","","","Down Main/Fast","Off South View, Hipsburn",""
"20662934","ECM7","35.1636","QE","","35.1636","2100","","MAV","","423138.0","612624.0","Lookout Farm NE66 3PH","HEJ8","","","","","","","","","","","20662934","2022-09-05","","NRAIL","","","","","Down Main/Fast","Off A1068 at BR111, past Lesbury Station house. Single gate, 859 lock.",""
"20662936","ECM7","37.0825","QE","","37.0825","1100","","MAV","","423984.0","614912.0","Longhoughton Station BR116 NE66 3AF","HEJ8","","","","","","","","","","","20662936","2022-09-05","","NRAIL","","","","","Up Main/Fast","Single access gate at Station Cottages, Longhoughton.",""
"20774241","ECM7","45.1238","QE","","45.1238","1100","","MAV","","418640.0","626990.0","Chathill 25KV SUBSTATION NE67 5DE","HEJ8","","","","","","","","","","","20774241","2012-05-01","","NRAIL","","","","","Up Main/Fast","Address:NE67 5DE Details: Opposite Chathill Railway station, access gate east side of the level crossing",""
"20662949","ECM7","47.0948","QE","","47.0948","1100","","MAV","","416864.0","628750.0","Henhill BR141 NE67 5LD","HEJ8","","","","","","","","","","","20662949","2022-09-05","","NRAIL","","","","","Up Main/Fast","Off A1, signposted Newham and Elford. Single gate, 859 lock.",""
"20662953","ECM7","51.0188","QE","","51.0188","1100","","MAV","","413062.0","633001.0","Moussen BR150 NE70 7DY","HEJ8","","","","","","","","","","","20662953","2022-09-05","","NRAIL","","","","","Up Main/Fast","Access road off A1, approx 1/2 mile south of Belford. Single gate, 859 lock.",""
"20767262","ECM7","59.0514","QE","","59.0514","2100","","MAV","","405695.0","643601.0","South end of Beal Crossovers TD15 2PB","HEJ8","","","","","","","","","","","20767262","2022-09-05","","NRAIL","","","","","Down Main/Fast","Access road at Beal Level Crossing. Single gate.",""
"20662962","ECM7","59.1467","QE","","59.1467","2100","","MAV","","405316.0","644385.0","West Goswick Farm LC193 TD15 2PA","HEJ8","","","","","","","","","","","20662962","2022-09-05","","NRAIL","","","","","Down Main/Fast","Off A1 to Goswick, over L.C., follow road and turn right before Beachcomber camp",""
"20790489","ECM7","63.101","QE","","63.101","1100","","MAV","","402046.0","649403.0","Scremerston CCTV LC TD15 2RJ","HEJ8","","","","","","","","","","","20790489","2024-05-22","","NRAIL","","","","","Up Main/Fast","At Scremerston follow signs for beach",""
"20662967","ECM7","65.1403","QE","","65.1403","3902","","MAV","","399601.0","651927.0","Tweedmouth Yard TD15 2ET","HEJ8","","","","","","","","","","","20662967","2022-09-05","","NRAIL","","","","","","Access road near BR191. Double gate, 859 lock.",""
"20662969","ECM7","66.1626","QE","","66.1626","2500","","MAV","","399356.0","653376.0","Berwick P-Way Yard TD15 1NF","HEJ8","","","","","","","","","","","20662969","2022-09-05","","NRAIL","","","","","Down Loop","Access road north of BR188, opposite Toll Cottage. Single gate, 859 lock.",""
"20775420","ECM7","69.0141","QE","","69.0141","2100","","MAV","","398410.0","656419.0","Marshall Meadows 25KV SUBSTATION TD15 1UT","HEJ8","","","","","","","","","","","20775420","2022-09-05","","NRAIL","","","","","Down Main/Fast","ALL Suppliers/Drivers/Contractors and staff to be briefed NOT to take the exit signposted for Marshall Meadows; this leads to Marshall Meadows Farm and Marshall Meadows Country Hotel ONLY.  Continue past this junction for approx 300m then exit A1 SOUTHBOUND on to the access road which leads down to the asset/access point.  Exit point at OSGR: NT979561   What3words: flick.crusher.lifeboats",""
"20662894","ECM7","5.165","QE","","5.165","2100","","MAX","","426810.0","570930.0","Killingworth CCTV LC NE12 6RA","HEJ8","","","","","","","","","","","20662894","2022-09-01","","","","","","","Down Main/Fast","Killingworth Drive, Killingworth",""
"20662899","ECM7","8.1009","QE","","8.1009","2100","","MAX","","425770.0","574988.0","Dam Dykes CCTV LC NE23 7XH","HEJ8","","","","","","","","","","","20662899","2022-09-01","","","","","","","Down Main/Fast","Minor road between A1068 and A1171 signposted Arcot Hall.",""
"20790469","ECM7","11.1267","QE","","11.1267","0","","MAX","","423282.0","578535.0","PLESSEY CROSSOVERS","HEJ8","","","","","","","","","","","20790469","2024-05-16","","NRAIL","","","","","All/Multiple Tracks","LC moved from original location","NZ 23282 78535"
"20662908","ECM7","13.1638","QE","","13.1638","2100","","MAX","","421718.0","581565.0","Stannington CCTV LC NE61 6DZ","HEJ8","","","","","","","","","","","20662908","2022-09-08","","NRAIL","","","","","Down Main/Fast","CAUTION: To mitigate drivers visual sighting of the flashing warning lights and flow of traffic leaving/approaching the level crossing, vehicles must NOT straddle the grass verge or the narrow pedestrian pavement.  Fully park on the grassed verge, but consider wet ground conditions which may churn up and present damage.~
~
WARNING - DO NOT DISCHARGE ANY LITTER at this location. All litter and residue is to be bagged up and conveyed back to depot.  AREA IS BEING MONITORED",""
"20662909","ECM7","14.1209","QE","","14.1209","2100","","MAX","","421274.0","582712.0","Clifton CCTV LC NE61 6NE","HEJ8","","","","","","","","","","","20662909","2022-09-05","","","","","","","Down Main/Fast","Clifton Lane",""
"20662912","ECM7","16.1723","QE","","16.1723","2100","","MAX","","420854.0","585628.0","Morpeth North CCTV LC NE61 6JX","HEJ8","","","","","","","","","","","20662912","2022-09-05","","","","","","","Down Main/Fast","Coopies Lane, Morpeth",""
"20662914","ECM7","20.038","QE","","20.038","0","","MAX","","423873.0","589463.0","Longhirst CCTV LC NE61 3HZ","HEJ8","","","","","","","","","","","20662914","2024-05-22","","NRAIL","","","","","All/Multiple Tracks","Minor road to and from Longhirst Village",""
"20662915","ECM7","20.1144","QE","","20.1144","0","","MAX","","423917.0","590158.0","Ulgham Lane CCTV LC NE61 3NF","HEJ8","","","","","","","","","","","20662915","2022-09-05","","","","","","","All/Multiple Tracks","Ulgham Lane, minor road between Ulgham and A197",""
"20662916","ECM7","22.0527","QE","","22.0527","2100","","MAX","","424650.0","592710.0","Ulgham Grange CCTV LC NE61 3AX","HEJ8","","","","","","","","","","","20662916","2022-09-05","","","","","","","Down Main/Fast","Minor road between B1337 Ulgham and the A1068",""
"20662917","ECM7","23.0516","QE","","23.0516","1100","","MAX","","424469.0","594210.0","Widdrington Station and LC NE61 5QH","HEJ8","","","","","","","","","","","20662917","2022-09-05","","","","","","","Up Main/Fast","B1337 Widdrington",""
"20662920","ECM7","25.0341","QE","","25.0341","2100","","MAX","","422313.0","596197.0","Felton Lane CCTV LC NE61 5DL","HEJ8","","","","","","","","","","","20662920","2022-09-05","","","","","","","Down Main/Fast","Off Acklington to Stobswood Road",""
"20662921","ECM7","25.1072","QE","","25.1072","2100","","MAX","","422230.0","596860.0","Chevington CCTV LC NE61 5BD","HEJ8","","","","","","","","","","","20662921","2022-09-05","","","","","","","Down Main/Fast","Off Acklington to Stobswood Road, signposted West Chevington",""
"20662928","ECM7","31.1481","QE","","31.1481","0","","MAX","","423252.0","606577.0","Warkworth CCTV LC NE65 0YH","HEJ8","","","","","","","","","","","20662928","2022-09-05","","","","","","","All/Multiple Tracks","Minor road off A1068, near Houndean Mill",""
"20662931","ECM7","33.1577","QE","","33.1577","0","","MAX","","423775.0","609671.0","Wooden Gates CCTV LC NE66 2TN","HEJ8","","","","","","","","","","","20662931","2022-09-05","","","","","","","All/Multiple Tracks","Off A1068 signposted Wooden 1/2m",""
"20662937","ECM7","39.0738","QE","","39.0738","0","","MAX","","422759.0","617693.0","Little Mill CCTV LC NE66 3LN","HEJ8","","","","","","","","","","","20662937","2022-09-05","","","","","","","All/Multiple Tracks","Off B1339 or B1340, signposted Little Mill",""
"20662938","ECM7","40.0865","QE","","40.0865","0","","MAX","","421934.0","619208.0","Stamford CCTV LC NE66 3RY","HEJ8","","","","","","","","","","","20662938","2022-09-05","","","","","","","All/Multiple Tracks","Minor road between B1339 and B1340 near Rennington",""
"20662942","ECM7","42.1747","QE","","42.1747","0","","MAX","","421325.0","623082.0","Christon Bank CCTV LC NE66 3HN","HEJ8","","","","","","","","","","","20662942","2022-09-05","","","","","","","All/Multiple Tracks","B6347   Strictly NO parking of vehicles on approaches/vicinity of level crossing [less under formal road closure conditions].  Parking in vicinity of level crossing presents hazards for approaching road traffic to see wig wag warning lights and forces vehicles to cross double white lines on to oncoming traffic with risk of collision.  Northumbria Police will be monitoring.  Alternative parking is available in the church car park with kind permission of the landowner with exception to those days when services may be held [normally Sunday]",""
"20662943","ECM7","43.0994","QE","","43.0994","0","","MAX","","420907.0","623889.0","Falloden CCTV LC NE66 3HE","HEJ8","","","","","","","","","","","20662943","2022-09-05","","","","","","","All/Multiple Tracks","Chathill to B1340",""
"20662944","ECM7","43.1444","QE","","43.1444","0","","MAX","","420699.0","624244.0","Brunton LC 162 NE66 3HG","HEJ8","","","","","","","","","","","20662944","2022-09-05","","","","","","","All/Multiple Tracks","Access road between Brunton and Falloden L.C.",""
"20662948","ECM7","47.0196","QE","","47.0196","0","","MAX","","417275.0","628202.0","Newham CCTV LC NE67 5LD","HEJ8","","","","","","","","","","","20662948","2022-09-05","","","","","","","All/Multiple Tracks","Off A1, signposted Newham. Single gate, 859 lock",""
"20662950","ECM7","49.0379","QE","","49.0379","0","","MAX","","415316.0","630958.0","Lucker CCTV LC NE70 7JP","HEJ8","","","","","","","","","","","20662950","2022-09-05","","","","","","","All/Multiple Tracks","B1341",""
"20662954","ECM7","51.0986","QE","","51.0986","0","","MAX","","412615.0","633578.0","Belford CCTV LC NE70 7DY","HEJ8","","","","","","","","","","","20662954","2022-09-05","","","","","","","All/Multiple Tracks","B1342, off A1, signposted Belford Industrial Estate. Single gate, 859 lock.",""
"20662955","ECM7","52.1062","QE","","52.1062","0","","MAX","","411602.0","634916.0","Cragmill CCTV LC NE70 7EW","HEJ8","","","","","","","","","","","20662955","2023-08-24","","NRAIL","","","","","All/Multiple Tracks","Off A1, signposted Waren Mill WARNING: NOISE SENSITIVE LOCATION.  Pre notification letters must be delivered to residential properties in advance of all planned works","NU 11602 34916"
"20662959","ECM7","54.1742","QE","","54.1742","2100","","MAX","","409310.0","637954.0","Smeafield CCTV LC NE70 7PW","HEJ8","","","","","","","","","","","20662959","2022-09-05","","NRAIL","","","","","Down Main/Fast","Off A1, signposted Elwick Gasington Grange            CAUTION:  Noise sensitive location.  All users of this location must keep noise and light pollution to a minimum: 	Extinguish vehicle lights on arrival - 	De-active vehicle reversing klan - 	Turn off engine - 	Refrain from slamming vehicle doors/tailgates - 	Avoid shouting/congregation outside adjacent property",""
"20662960","ECM7","55.0691","QE","","55.0691","2100","","MAX","","409066.0","638555.0","Fenham Low Moor CCTV LC NE70 7PW","HEJ8","","","","","","","","","","","20662960","2022-09-05","","","","","","","Down Main/Fast","Off A1, signposted Fenham Low Moor",""
"20662961","ECM7","58.1145","QE","","58.1145","0","","MAX","","406171.0","642685.0","Beal CCTV LC - Holy Island Road TD15 2PB","HEJ8","","","","","","","","","","","20662961","2022-09-05","","","","","","","All/Multiple Tracks","Off A1, signposted Holy Island, Beal.",""
"20662963","ECM7","60.1477","QE","","60.1477","0","","MAX","","404605.0","645840.0","Goswick CCTV LC TD15 2RW","HEJ8","","","","","","","","","","","20662963","2022-09-05","","","","","","","All/Multiple Tracks","Off A1, signposted Cheswick and Goswick",""
"20662965","ECM7","63.101","QE","","63.101","0","","MAX","","402046.0","649403.0","Scremerston CCTV LC TD15 2RJ","HEJ8","","","","","","","","","","","20662965","2024-05-22","","NRAIL","","","","","All/Multiple Tracks","At Scremerston follow signs for beach",""
"20662966","ECM7","65.0026","QE","","65.0026","0","","MAX","","400634.0","651218.0","Spittal LC - Cow Road TD15 1RY","HEJ8","","","","","","","","","","","20662966","2024-01-25","","","","","","","All/Multiple Tracks","Signposted Elm Bank Coastal Retreat. WARNING: All staff and assigned contractors MUST NOT block the driveway/gates to the property [Willowtree] located on the DN side of the crossing.  Resident requires 24/7 access in and out of the property. Vehicles must be parked to the west of the driveway within the wide layby or at the very end of Cow Road.  Where this is not achievable, alternative parking is to be made using the UP-side approach to the crossing on Albert Road, Postcode TD15 1RX. Strictly no parking on grassed verges.",""
"30109250","EMP","100.0","QE","","100.0","","","MA","","519491.0","297925.0","Crescent Junction","HEJ2","","","","","","","","","NP","","30109250","2008-09-08","","AMEC","","","","","","Status =In Use. Safety Validated =Yes.",""
"30109252","EMP","100.088","QE","","100.088","3300","","MA","","518838.0","298305.0","Peterborough East","HEJ2","","","","","","","","","NP","","30109252","2021-09-20","","AMEC","","","","","Rev Goods","Status =In Use. Safety Validated =Yes. Opp. Crescent House, within steps to Stn, access by Train Key.",""
"20772847","EMP","98.1298","QE","","98.1298","1100","","MAP","","521504.0","297564.0","LOCK KEEPERS COTTAGE","HEJ2","","","","","","","","","","","20772847","2016-11-30","","NRAIL","","","","","Up Main/Fast","07-02-08 CREATING ASSET - AS","TL 21504 97564"
"20772849","EMP","100.0154","QE","","100.0154","2100","","MAP","","519361.0","297967.0","OLD EAST STATION","HEJ2","","","","","","","","","","","20772849","2016-11-30","","NRAIL","","","","","Down Main/Fast","07/02/08 CREATING ASSET - AS","TL 19361 97967"
"20787543","EMP","100.0286","QE","","100.0286","0","","MAP","","519253.0","298002.0","#70 PETERBOROUGH EAST JUNCTION","HEJ2","","","","","","","","","","","20787543","2022-08-18","","NRAIL","","","","","All/Multiple Tracks","CTLP Site. Confirm before use.",""
"20772851","EMP","100.0511","QE","","100.0511","2100","","MAP","","519060.0","298069.0","FAIRGROUND MEADOW","HEJ2","","","","","","","","","","","20772851","2016-11-30","","NRAIL","","","","","Down Main/Fast","07-02-08 CREATING ASSET - AS","TL 19060 98069"
"20772852","EMP","100.1276","QE","","100.1276","3300","","MAP","","518736.0","298650.0","RIVER LANE","HEJ2","","","","","","","","","","","20772852","2019-02-27","","NRAIL","","","","","Rev Goods","07-02-08 CREATING ASSET - AS","TL 18736 98650"
"20775664","EMP","100.1408","QE","","100.1408","3300","","MAP","","518683.0","298707.0","Peterborough Station","HEJ2","","","","","","","","","","","20775664","2021-06-23","","NRAIL","","","","","Rev Goods","Pedestrian access point for railway personnel at the Substation on the West side of the station.","TL 18683 98707"
"20779482","EMP","100.1452","QE","","100.1452","3300","","MAR","","518672.0","298799.0","NEAR PBO TRAINING SCHOOL","HEJ2","","","","","","","","","","","20779482","2016-12-06","","NRAIL","","","","","Rev Goods","","TL 18698 70000"
"20779483","EMP","100.1452","QE","","100.1452","2100","","MAR","","518664.0","298796.0","NEAR PBO TRAINING SCHOOL","HEJ2","","","","","","","","","","","20779483","2016-12-06","","NRAIL","","","","","Down Main/Fast","","TL 18698 70000"
"20775665","EMP","101.0088","QE","","101.0088","3300","","MAR","","518531.1","299108.6","Peterborough Station","HEJ2","","","","","","","","","","","20775665","2021-06-23","","NRAIL","","","","","Rev Goods","RRAP on both the Two Way Goods and Down March access through the OLE training layout <Midland Road Depot>.",""
"20775666","EMP","101.0088","QE","","101.0088","2100","","MAR","","518531.0","299109.0","Peterborough Station","HEJ2","","","","","","","","","","","20775666","2021-06-23","","NRAIL","","","","","Down Main/Fast","RRAP on both the Two Way Goods and Down March access through the OLE training layout <Midland Road Depot>.",""
"20772848","EMP","99.1408","QE","","99.1408","2100","","MAV","","519815.0","297860.0","BRIDGE 183A","HEJ2","","","","","","","","","","","20772848","2016-12-06","","NRAIL","","","","","Down Main/Fast","07/02/08 CREATING ASSET - AS","TL 19815 97860"
"20772850","EMP","100.0286","QE","","100.0286","2100","","MAV","","519250.0","298003.0","CHARTERS","HEJ2","","","","","","","","","","","20772850","2016-12-06","","NRAIL","","","","","Down Main/Fast","07-02-08 CREATING ASSET - AS","TL 19250 98003"
"20663501","FEP","18.0638","QE","","18.0638","9999","","MA","","431690.0","558963.0","","HEJ8","","","","","","","","","","","20663501","2008-09-08","","Jarvis","","","","","Unknown","WATERLOO. Access Point. Level Crossing. RT Document: ALARMS. ",""
"20663503","FEP","19.0","QE","","19.0","9999","","MA","","431430.0","559956.0","","HEJ8","","","","","","","","","","","20663503","2008-09-08","","Jarvis","","","","","Unknown","NV. Access Point. Level Crossing. RT Document: ALARMS. ",""
"20663487","FEP","3.011","QE","","3.011","9999","","MAP","","430107.0","535700.0","TURSDALE","HEJ8","","","","","","","","","","","20663487","2011-08-23","","JARVIS","","","","","Unknown","Tursdale. Access Point. Level Crossing. Access on foot only. No vehicular access or parking. ",""
"20663488","FEP","3.1386","QE","","3.1386","9999","","MAP","","430059.0","536864.0","BOWBURN SEWAGE WORKS","HEJ8","","","","","","","","","","","20663488","2011-08-23","","JARVIS","","","","","Unknown","BOWBURN SEWAGE WORKS. Access Point. Level Crossing. RT Document: ALARMS. Access on foot only. No vehicular access or parking. ",""
"20663490","FEP","4.1232","QE","","4.1232","9999","","MAP","","429919.0","538323.0","BOWBURN","HEJ8","","","","","","","","","","","20663490","2011-08-23","","JARVIS","","","","","Unknown","NV. Access Point. Level Crossing. RT Document: ALARMS. Access on foot only. No vehicular access or parking. ",""
"20663493","FEP","10.0462","QE","","10.0462","9999","","MAP","","431407.0","546699.0","LEAMSIDE","HEJ8","","","","","","","","","","","20663493","2011-08-23","","JARVIS","","","","","Unknown","LEAMSIDE. Access Point. Level Crossing. RT Document: ALARMS. Access on foot only. No vehicular access or parking. ",""
"20663495","FEP","10.1056","QE","","10.1056","9999","","MAP","","431491.0","547234.0","ADVENTURE","HEJ8","","","","","","","","","","","20663495","2011-08-23","","JARVIS","","","","","Unknown","ADVENTURE. Access Point. Level Crossing. RT Document: ALARMS. Access on foot only. No vehicular access or parking. ",""
"20663496","FEP","12.0132","QE","","12.0132","9999","","MAP","","431957.0","549516.0","NEWBOTTLE LANE","HEJ8","","","","","","","","","","","20663496","2011-08-23","","JARVIS","","","","","Unknown","NEWBOTTLE LANE. Access Point. Level Crossing. RT Document: ALARMS. Access on foot only. No vehicular access or parking. ",""
"20663497","FEP","12.0308","QE","","12.0308","9999","","MAP","","431928.0","549676.0","FENCEHOUSES","HEJ8","","","","","","","","","","","20663497","2011-08-23","","JARVIS","","","","","Unknown","FENCEHOUSES. Access Point. Level Crossing. RT Document: ALARMS. Access on foot only. No vehicular access or parking. ",""
"20663498","FEP","12.0594","QE","","12.0594","9999","","MAP","","431881.0","549933.0","FENCEHOUSES","HEJ8","","","","","","","","","","","20663498","2011-08-23","","JARVIS","","","","","Unknown","FENCEHOUSES. Access Point. Level Crossing. RT Document: ALARMS. Access on foot only. No vehicular access or parking. ",""
"20663499","FEP","12.1364","QE","","12.1364","9999","","MAP","","431760.0","550622.0","FENCEHOUSES","HEJ8","","","","","","","","","","","20663499","2011-08-23","","JARVIS","","","","","Unknown","FENCEHOUSES. Access Point. Level Crossing. RT Document: ALARMS. Access on foot only. No vehicular access or parking. ",""
"20663500","FEP","17.0704","QE","","17.0704","9999","","MAP","","432083.0","557460.0","","HEJ8","","","","","","","","","","","20663500","2008-09-08","","Jarvis","","","","","Unknown","SNOWDONS FARM. Access Point. Level Crossing. RT Document: ALARMS. Access on foot only. No vehicular access or parking. ",""
"20775672","FEP","3.0057","QE","","3.0057","3100","","MAV","","430105.0","535652.0","TURSDALE DH6 5NS","HEJ8","","","","","","","","","","","20775672","2022-09-06","","NRAIL","","","","","Rev Main/Fast","Access to site is via Tursdale Industrial Estate at OSGR NZ303358 .  Strictly NO access via Hoggersgate Farm [Private Road]","NZ 30300 35800"
"20663489","FEP","4.0616","QE","","4.0616","0","","MAV","","429972.0","537768.0","BOWBURN","HEJ8","","","","","","","","","","","20663489","2011-08-23","","JARVIS","","","","","All/Multiple Tracks","BOWBURN. Access Point. Level Crossing. RT Document: ALARMS. No parking on occupation road. ",""
"20663491","FEP","5.0902","QE","","5.0902","9999","","MAV","","430019.0","539594.0","SHINCLIFFE","HEJ8","","","","","","","","","","","20663491","2011-08-23","","JARVIS","","","","","Unknown","SHINCLIFFE. Access Point. Level Crossing. RT Document: ALARMS. No parking on occupation road. ",""
"20663492","FEP","9.1364","QE","","9.1364","9999","","MAV","","431210.0","545937.0","LEAMSIDE","HEJ8","","","","","","","","","","","20663492","2011-08-23","","JARVIS","","","","","Unknown","LEAMSIDE. Access Point. Level Crossing. RT Document: ALARMS. No parking on occupation road. ",""
"20663494","FEP","10.0836","QE","","10.0836","9999","","MAV","","431451.0","547040.0","VENTURE","HEJ8","","","","","","","","","","","20663494","2011-08-23","","JARVIS","","","","","Unknown","VENTURE. Access Point. Level Crossing. RT Document: ALARMS. No parking on occupation road. ",""
"20663502","FEP","18.1056","QE","","18.1056","9999","","MAV","","431593.0","559336.0","","HEJ8","","","","","","","","","","","20663502","2008-09-08","","Jarvis","","","","","Unknown","EAST HOUSE. Access Point. Level Crossing. RT Document: ALARMS. No parking on occupation road. ",""
"20663504","FEP","19.0198","QE","","19.0198","9999","","MAV","","431385.0","560129.0","","HEJ8","","","","","","","","","","","20663504","2008-09-08","","Jarvis","","","","","Unknown","FOLLINGSBY. Access Point. Level Crossing. RT Document: ALARMS. ",""
"20779407","FWR1","152.0066","QE","","152.0066","3402","","MAP","","461414.0","399208.0","FARRS BRIDGE 321AA LOVERSALL","HEJ3","","","","","","","","","","","20779407","2016-10-31","","NRAIL","","","","","","Access Point. Level Crossing. RT Document: ALARMS. Access on foot only. No vehicular access or parking.",""
"20786164","FWR1","151.0867","QE","","151.0867","3401","","MAV","","461931.0","398485.0","FWR1 BUFFERS","HEJ3","","","","","","","","","","","20786164","2021-10-08","","NRAIL","","","","","","Loaded from AFM data after being matched AFTE with no record in NHD. Needs to be verified on site.","SK 61931 98485"
"20691878","FWR2","152.0868","QE","","152.0868","3401","","MAP","","460557.0","399221.0","ROSSINGTON BRANCH","HEJ3","","","","","","","","","","","20691878","2019-02-13","","NRAIL","","","","","","Rossington. Site visited & mileage measured.",""
"20783907","GLT","0.153","QE","","0.153","1300","","MAV","","435424.0","563846.0","GREEN LANE JN NE34 9EZ","HEJ8","","","","","","","","","ME000754NW","","20783907","2022-09-06","","NRAIL","","","","","Up Goods","Access gate off Green Lane Jn NE34 9EZ","NZ 35483 64047"
"20782967","GLT","1.0572","QE","","1.0572","3301","","MAV","","435432.0","564553.0","HENDON WAY NE34 0NT","HEJ8","","","","","","","","","","","20782967","2022-09-06","","NRAIL","","","","","","Access gate off Hendon Way, Middlefields Industrial Estate NE34 0NT",""
"20663505","HAY1","2.0748","QE","","2.0748","1100","","MAP","","456681.0","453769.0","Nether Poppleton AHB Level Crossing YO26 6RQ","HEJ1","","","","","","","","","ME00755Nw","","20663505","2022-09-14","","NRAIL","","","","","Up Main/Fast","Millfield Lane, York, off A1237 near BP Garage. 3rd exit on roundabout if travelling clockwise on Ring Road. SE566537. Access at both sides - Amend in Ellipse",""
"20787769","HAY1","2.0748","QE","","2.0748","2100","","MAP","","456681.0","453769.0","Nether Poppleton AHB Level Crossing YO26 6RQ","HEJ1","","","","","","","","","ME00755Nw","","20787769","2022-09-14","","NRAIL","","","","","Down Main/Fast","Millfield Lane, York, off A1237 near BP Garage. 3rd exit on roundabout if travelling clockwise on Ring Road. SE566537. Access at both sides - Amend in Ellipse",""
"20782629","HCS","0.1458","QE","","0.1458","3901","","MAP","","428037.0","566353.0","Heaton Carriage Sdgs Flushing Apron","HEJ8","","","","","","","","","ME000754NW","","20782629","2022-09-06","","NRAIL","","","","","","Steps off Benefield Road going up to the track","NZ 28028 66339"
"20663506","HDB","5.0946","QE","","5.0946","1100","","MAP","","530136.0","191257.0","BOUNDS GREEN ROAD","HEJ4","","","","","","","","","","","20663506","2016-11-30","","NRAIL","","","","","Up Main/Fast","HB001.","TQ 30136 91257"
"20663507","HDB","5.121","QE","","5.121","3900","","MAP","","530245.0","191472.0","BOWES PARK STATION ENTRANCE","HEJ4","","","","","","","","","","","20663507","2019-02-26","","NRAIL","","","","","Rev Siding","Bowes Park.","TQ 30245 91472"
"20772840","HDB","5.1584","QE","","5.1584","2100","","MAP","","530401.0","191770.0","ELVENDON ROAD","HEJ4","","","","","","","","","","","20772840","2016-11-30","","NRAIL","","","","","Down Main/Fast","","TQ 30401 91770"
"20663509","HDB","6.11","QE","","6.11","2100","","MAP","","530938.0","192797.0","PALMERS GREEN STATION ENTRANCE","HEJ4","","","","","","","","","","","20663509","2016-11-30","","NRAIL","","","","","Down Main/Fast","Palmers Green.","TQ 30938 92797"
"20663510","HDB","7.0176","QE","","7.0176","1100","","MAP","","531217.0","193508.0","HOPPERS ROAD BR8","HEJ4","","","","","","","","","","","20663510","2016-11-30","","NRAIL","","","","","Up Main/Fast","HB002A.","TQ 31217 93508"
"20772841","HDB","7.044","QE","","7.044","1100","","MAP","","531252.0","193747.0","COLLEGE ROAD SUBSTATION","HEJ4","","","","","","","","","","","20772841","2016-11-30","","NRAIL","","","","","Up Main/Fast","","TQ 31252 93747"
"20663511","HDB","7.1386","QE","","7.1386","2100","","MAP","","531543.0","194557.0","WINCHMORE HILL STATION ENTRANCE","HEJ4","","","","","","","","","","","20663511","2016-11-30","","NRAIL","","","","","Down Main/Fast","Winchmore Hill.","TQ 31543 94557"
"20663513","HDB","8.077","QE","","8.077","2100","","MAP","","531784.0","195572.0","GRANGE PARK STATION ENTRANCE","HEJ4","","","","","","","","","","","20663513","2016-11-30","","NRAIL","","","","","Down Main/Fast","Grange Park.","TQ 31784 95572"
"20663516","HDB","9.1342","QE","","9.1342","2100","","MAP","","532000.0","197591.0","GORDON HILL RELAY ROOM","HEJ4","","","","","","","","","","","20663516","2016-11-30","","NRAIL","","","","","Down Main/Fast","","TQ 32000 97591"
"20663517","HDB","9.1518","QE","","9.1518","1100","","MAP","","531911.0","197725.0","GORDON HILL STATION ENTRANCE","HEJ4","","","","","","","","","","","20663517","2016-11-30","","NRAIL","","","","","Up Main/Fast","Gordon Hill.","TQ 31911 97725"
"20663518","HDB","9.1694","QE","","9.1694","1100","","MAP","","531816.0","197855.0","LAVENDER HILL BR22","HEJ4","","","","","","","","","","","20663518","2019-02-26","","NRAIL","","","","","Up Main/Fast","Lavender Hill.","TQ 31816 97855"
"20663520","HDB","10.154","QE","","10.154","3100","","MAP","","531241.0","199194.0","GOLF LINKS FOOTPATH","HEJ4","","","","","","","","","","","20663520","2019-02-26","","NRAIL","","","","","Rev Main/Fast","GOLF LINKS.","TQ 31241 99194"
"20663521","HDB","11.0836","QE","","11.0836","1100","","MAP","","530956.0","200106.0","CAMBRIDGE RD BR25","HEJ4","","","","","","","","","","","20663521","2016-11-30","","NRAIL","","","","","Up Main/Fast","HB005.","TL 30956 00106"
"20663524","HDB","13.0374","QE","","13.0374","1100","","MAP","","530695.0","202838.0","CUFFLEY STATION ENTRANCE","HEJ4","","","","","","","","","","","20663524","2019-02-26","","NRAIL","","","","","Up Main/Fast","Cuffley.","TL 30695 02838"
"20663526","HDB","14.0616","QE","","14.0616","2100","","MAP","","530765.0","204659.0","NEWGATE ST BR32","HEJ4","","","","","","","","","","","20663526","2016-11-30","","NRAIL","","","","","Down Main/Fast","HB007.","TL 30765 04659"
"20663529","HDB","18.0924","QE","","18.0924","1100","","MAP","","532030.0","211159.0","HORNS VIADUCT BR38","HEJ4","","","","","","","","","","","20663529","2016-11-30","","NRAIL","","","","","Up Main/Fast","HB009.","TL 32030 11159"
"20663530","HDB","18.1738","QE","","18.1738","2100","","MAP","","531802.0","211867.0","HERTFORD VIADUCT BR39","HEJ4","","","","","","","","","","","20663530","2016-11-30","","NRAIL","","","","","Down Main/Fast","HB010.","TL 31802 11867"
"20772844","HDB","19.0154","QE","","19.0154","1100","","MAP","","531755.0","212021.0","HERTFORD U/B 45","HEJ4","","","","","","","","","","","20772844","2015-03-10","","NRAIL","","","","","Up Main/Fast","","TL 31755 12021"
"20785843","HDB","19.1051","QE","","19.1051","0","","MAP","","531653.0","212843.0","HERTFORD NORTH STN","HEJ4","","","","","","","","","","","20785843","2021-10-08","","NRAIL","","","","","All/Multiple Tracks","Loaded from AFM data after being matched AFTE with no record in NHD. Needs to be verified on site.","TL 31653 12842"
"20663533","HDB","19.1254","QE","","19.1254","2100","","MAP","","531645.0","213016.0","HERTFORD NORTH OLD PWAY DEPOT","HEJ4","","","","","","","","","","","20663533","2016-11-30","","NRAIL","","","","","Down Main/Fast","HB012.","TL 31645 13016"
"20775319","HDB","20.015","QE","","20.015","1100","","MAP","","531650.1","213615.5","Molewood Tunnel South","HEJ4","","","","","","","","","","","20775319","2021-05-18","","NRAIL","","","","","Up Main/Fast","This is an existing access point which was indicated on the Hertford North Interlocking Scheme Plan <2 of 3, 09-NE-0018/2, CCMS No 10883955> as missing. New signs have been erected <see attached document ""1747 Access Point"" for copy of the access point sign>.","TL 31761 13867"
"20663534","HDB","20.0682","QE","","20.0682","2100","","MAP","","531727.0","214095.0","Molewood Tunnel North End","HEJ4","","","","","","","","","","","20663534","2016-11-30","","NRAIL","","","","","Down Main/Fast","End of Great Molewood. Limited parking and no turning.","TL 31727 14095"
"20778820","HDB","21.038","QE","","21.038","2100","","MAP","","531399.0","215371.0","Bridge 49 River Beane Underbridge","HEJ4","","","","","","","","","","","20778820","2016-11-30","","NRAIL","","","","","Down Main/Fast","New Access to each side of track, locked with 859 lock. Can be accessed from Public Right of Way <Footpath No.2>, off Barley Croft Way, Waterford, SG14 2QB.","TL 31990 21537"
"20778821","HDB","21.038","QE","","21.038","1100","","MAP","","531399.0","215371.0","Bridge 49 River Beane Underbridge","HEJ4","","","","","","","","","","","20778821","2016-11-30","","NRAIL","","","","","Up Main/Fast","New Access to each side of track, locked with 859 lock. Can be accessed from Public Right of Way <Footpath No.2>, off Barley Croft Way, Waterford, SG14 2QB.","TL 31990 21537"
"20663537","HDB","21.0726","QE","","21.0726","2100","","MAP","","531293.0","215669.0","U/B 50 BULLS MILL LANE","HEJ4","","","","","","","","","","","20663537","2016-11-30","","NRAIL","","","","","Down Main/Fast","Bullsmill Lane, Waterford.","TL 31293 15669"
"20663538","HDB","22.088","QE","","22.088","1100","","MAP","","530764.0","217331.0","U/B 55 GOBIONS LANE","HEJ4","","","","","","","","","","","20663538","2016-11-30","","NRAIL","","","","","Up Main/Fast","Gobions Lane, Stapleford.","TL 30764 17331"
"20663539","HDB","23.066","QE","","23.066","2100","","MAP","","530042.0","218537.0","O/B 58 PERRYWOOD LANE","HEJ4","","","","","","","","","","","20663539","2016-11-30","","NRAIL","","","","","Down Main/Fast","Perrywood Lane, Watton-At-Stone.","TL 30042 18537"
"20663540","HDB","23.121","QE","","23.121","2100","","MAP","","529773.0","218962.0","O/B 59 CHURCH LANE","HEJ4","","","","","","","","","","","20663540","2016-11-30","","NRAIL","","","","","Down Main/Fast","Church Lane, Watton-At-Stone.","TL 29773 18962"
"20663543","HDB","24.0836","QE","","24.0836","2100","","MAP","","528972.0","219932.0","U/B 61 BROOMHALL FARM","HEJ4","","","","","","","","","","","20663543","2016-11-30","","NRAIL","","","","","Down Main/Fast","Broomhall Farm.","TL 28972 19932"
"20663544","HDB","25.0396","QE","","25.0396","1100","","MAP","","527887.0","220447.0","RAFIN GREEN LANE U/B 64","HEJ4","","","","","","","","","","","20663544","2016-11-30","","NRAIL","","","","","Up Main/Fast","Raffin Green Lane.","TL 27887 20447"
"20663545","HDB","26.0638","QE","","26.0638","1100","","MAP","","526170.0","221080.0","WATTON ROAD U/B 66","HEJ4","","","","","","","","","","","20663545","2016-11-30","","NRAIL","","","","","Up Main/Fast","Watton Road, Stevenage","TL 26170 21080"
"20663546","HDB","27.099","QE","","27.099","2200","","MAP","","524521.0","222012.0","Between U/B 70/71","HEJ4","","","","","","","","","","","20663546","2019-02-26","","NRAIL","","","","","Down Slow","Old Knebworth Lane, Stevenage. Access point is between widely spaced Up/Dn Hertford lines.","TL 24521 22012"
"20776287","HDB","13.0594","QE","","13.0598","0","","MAR","","530689.0","203034.0","CUFFELY STATION NORTH","HEJ4","","","","","","","","","","","20776287","2021-06-23","","NRAIL","","","","","All/Multiple Tracks","Temporary Installation of RRV Access Point at Cuffely Station. Installed at North End between station and ground frame. Estimated removal early September 2014.","TL 30600 03000"
"20779475","HDB","17.0","QE","","17.0","0","","MAR","","531678.0","208805.0","BAYFORD STATION <HDB>","HEJ4","","","","","","","","","","","20779475","2016-12-06","","NRAIL","","","","","All/Multiple Tracks","","TL 31608 80000"
"20786165","HDB","17.0071","QE","","17.0071","2100","","MAR","","531705.0","208865.0","BAYFORD STATION <HDB>","HEJ4","","","","","","","","","","","20786165","2021-10-08","","NRAIL","","","","","Down Main/Fast","Loaded from AFM data after being matched AFTE with no record in NHD. Needs to be verified on site.","TL 31704 08865"
"20779476","HDB","24.0","QE","","24.0","0","","MAR","","529502.0","219384.0","WATTON AT STONE STATION <HDB>","HEJ4","","","","","","","","","","","20779476","2016-12-06","","NRAIL","","","","","All/Multiple Tracks","","TL 29519 30000"
"20779477","HDB","27.11","QE","","27.11","2200","","MAR","","524440.0","222073.0","LANGLEY JUNCTION D/S <HDB>","HEJ4","","","","","","","","","","","20779477","2016-12-06","","NRAIL","","","","","Down Slow","","TL 24422 00000"
"20663508","HDB","5.1298","QE","","5.1298","2100","","MAV","","530282.0","191543.0","RICHMOND ROAD","HEJ4","","","","","","","","","","","20663508","2016-12-06","","NRAIL","","","","","Down Main/Fast","HB002.","TQ 30282 91543"
"20779808","HDB","6.0748","QE","","6.0748","2100","","MAV","","530792.0","192514.0","PILGRIM CLOSE","HEJ4","","","","","","","","","","","20779808","2017-02-07","","NRAIL","","","","","Down Main/Fast","","TQ 30792 50000"
"20663512","HDB","7.1694","QE","","7.1694","2100","","MAV","","531611.0","194830.0","STRATFIELD PARK CLOSE","HEJ4","","","","","","","","","","","20663512","2016-12-06","","NRAIL","","","","","Down Main/Fast","HB002B.","TQ 31611 94830"
"20663514","HDB","9.0198","QE","","9.0198","2100","","MAV","","532162.0","196570.0","ENFIELD CHASE STATION","HEJ4","","","","","","","","","","","20663514","2016-12-06","","NRAIL","","","","","Down Main/Fast","Enfield Chase.","TQ 32162 96570"
"20772842","HDB","9.1386","QE","","9.1386","2100","","MAV","","531979.0","197626.0","GORDON HILL DOWN VEHICLE ACCESS","HEJ4","","","","","","","","","","","20772842","2016-12-06","","NRAIL","","","","","Down Main/Fast","","TQ 31979 97626"
"20663519","HDB","10.1254","QE","","10.1254","2100","","MAV","","531317.0","198951.0","RECTORY FARM RD BR24","HEJ4","","","","","","","","","","","20663519","2016-12-06","","NRAIL","","","","","Down Main/Fast","HB004.","TQ 31317 98951"
"20663522","HDB","11.088","QE","","11.088","1100","","MAV","","530944.0","200144.0","CREWS HILL","HEJ4","","","","","","","","","","","20663522","2016-12-06","","NRAIL","","","","","Up Main/Fast","Crews Hill.","TL 30944 00144"
"20663525","HDB","13.0484","QE","","13.0484","1100","","MAV","","530689.0","202939.0","CUFFLEY STATION CAR PARK","HEJ4","","","","","","","","","","","20663525","2016-12-06","","NRAIL","","","","","Up Main/Fast","HB006.","TL 30689 02939"
"20772843","HDB","13.055","QE","","13.055","1100","","MAV","","530684.0","203001.0","CUFFLEY UP YARD","HEJ4","","","","","","","","","","","20772843","2016-12-06","","NRAIL","","","","","Up Main/Fast","","TL 30684 03001"
"20786254","HDB","14.0655","QE","","14.0655","2100","","MAV","","530769.0","204695.0","NEWGATE ST BR32","HEJ4","","","","","","","","","","","20786254","2021-10-13","","NRAIL","","","","","Down Main/Fast","Created from AFM data to match an identifed track entrance. Requires phyiscal verification.","TL 30768 04695"
"20663528","HDB","16.1254","QE","","16.1254","1100","","MAV","","531534.0","208366.0","BAYFORD UP YARD","HEJ4","","","","","","","","","","","20663528","2016-12-06","","NRAIL","","","","","Up Main/Fast","HB008.","TL 31534 08366"
"20772845","HDB","19.0572","QE","","19.0572","1100","","MAV","","531702.0","212276.0","HERTFORD NORTH RELAY ROOM","HEJ4","","","","","","","","","","","20772845","2019-02-26","","NRAIL","","","","","Up Main/Fast","","TL 31702 12276"
"20786166","HDB","21.0829","QE","","21.0829","2100","","MAV","","531259.0","215756.0","U/B 50 BULLS MILL LANE","HEJ4","","","","","","","","","","","20786166","2021-10-08","","NRAIL","","","","","Down Main/Fast","Loaded from AFM data after being matched AFTE with no record in NHD. Needs to be verified on site.","TL 31258 15756"
"20786167","HDB","21.0878","QE","","21.0878","2100","","MAV","","531244.0","215799.0","U/B 50 BULLS MILL LANE","HEJ4","","","","","","","","","","","20786167","2021-10-08","","NRAIL","","","","","Down Main/Fast","Loaded from AFM data after being matched AFTE with no record in NHD. Needs to be verified on site.","TL 31243 15798"
"20663542","HDB","24.0044","QE","","24.0044","1100","","MAV","","529477.0","219417.0","Watton-At-Stone","HEJ4","","","","","","","","","","","20663542","2016-12-06","","NRAIL","","","","","Up Main/Fast","South End of Station.","TL 29477 19417"
"20786255","HDB","24.009","QE","","24.009","2100","","MAV","","529449.0","219450.0","WATTON-AT-STONE","HEJ4","","","","","","","","","","","20786255","2021-10-13","","NRAIL","","","","","Down Main/Fast","Created from AFM data to match an identifed track entrance. Requires phyiscal verification.","TL 29449 19449"
"20786256","HDB","27.1005","QE","","27.1005","2100","","MAV","","524505.0","222017.0","BETWEEN U/B 70/71","HEJ4","","","","","","","","","","","20786256","2021-10-13","","NRAIL","","","","","Down Main/Fast","Created from AFM data to match an identifed track entrance. Requires phyiscal verification.","TL 24505 22016"
"20772846","HDB","27.1518","QE","","27.1518","1100","","MAV","","524204.0","222375.0","39 STEPS","HEJ4","","","","","","","","","","","20772846","2016-12-06","","NRAIL","","","","","Up Main/Fast","","TL 24204 22375"
"20786168","HDB","28.017","QE","","28.017","2100","","MAV","","524013.0","222698.0","STEVENAGE","HEJ4","","","","","","","","","","","20786168","2021-10-08","","NRAIL","","","","","Down Main/Fast","Loaded from AFM data after being matched AFTE with no record in NHD. Needs to be verified on site.","TL 24012 22697"
"20784273","HDB","28.0498","QE","","28.0498","2100","","MAV","","523871.9","222962.1","Leydon Road","HEJ4","","","","","","","","","","","20784273","2021-05-18","","NRAIL","","","","","Down Main/Fast","Access point off Leyden Road",""
"20785477","HDB","10.154","QE","","10.154","1100","","MAX","","531243.0","199191.0","GOLF LINKS","HEJ4","","","","","","","","","","","20785477","2021-06-23","","NRAIL","","","","","Up Main/Fast","",""
"20785653","HDB","10.154","QE","","10.154","2100","","MAX","","531243.0","199191.0","GOLF LINKS","HEJ4","","","","","","","","","","","20785653","2021-06-23","","NRAIL","","","","","Down Main/Fast","",""
"20775469","HJB","0.0022","QE","","0.0022","1100","","MAP","","454860.7","401212.5","HEXTHORPE JN","HEJ3","","","","","","","","","","","20775469","2021-05-18","","NRAIL","","","","","Up Main/Fast","",""
"20775468","HJB","1.022","QE","","1.022","1100","","MAP","","455533.9","402785.8","NEWTON LANE RRV","HEJ3","","","","","","","","","","","20775468","2021-05-18","","NRAIL","","","","","Up Main/Fast","",""
"20775470","HJB","2.0088","QE","","2.0088","2100","","MAP","","456505.3","403890.1","CEMENT WORKS","HEJ3","","","","","","","","","","","20775470","2021-05-18","","NRAIL","","","","","Down Main/Fast","",""
"20786169","HJB","2.067","QE","","2.067","2100","","MAV","","456975.0","404135.0","CARAVAN PARK","HEJ3","","","","","","","","","","","20786169","2021-10-08","","NRAIL","","","","","Down Main/Fast","Loaded from AFM data after being matched AFTE with no record in NHD. Needs to be verified on site.","SE 56975 04134"
"20774252","HLK","0.0704","QE","","0.0704","3100","","MAP","","424980.0","563060.0","Tyneside SUBSTATION NE8 2AG ","HEJ8","","","","","","","","","","","20774252","2012-05-01","","NRAIL","","","","","Rev Main/Fast","Address:NE8 2P Details: located in IECC off Askew Road",""
"20789549","HOS","0.0087","QE","","0.0087","2200","","MAP","","459236.0","451274.0","HOLGATE JUNCTION YO24 4BR","HEJ1","","","","","","","","","","","20789549","2023-11-25","","NRAIL","","","","","Down Slow","New access point.","SE 59236 51274"
"20794970","HOS","1.0007","QE","","1.0007","2961","","MAP","","458265.0","452276.0","York Yard North YO26 4TW","HEJ1","","","","","","","","","","","20794970","2024-09-24","","NRAIL","","","","","","Access off Seldon Road behind Poppleton School What3words:acting.flood.healers","SE 58265 52276"
"20794969","HOS","1.0072","QE","","1.0072","2901","","MAP","","458234.0","452327.0","SELDON ROAD YO26 4TW","HEJ1","","","","","","","","","","","20794969","2024-09-24","","NRAIL","","","","","","Access off Seldon Road behind Poppleton School What3Words:search.tulip.later","SE 58234 52327"
"20794972","HOS","1.1403","QE","","1.1413","3904","","MAR","","457725.7","453162.6","HOS SIGING 4 RRAP YO26 6AG","HEJ1","","","","","","","","","","","20794972","2024-09-26","","NRAIL","","","","","","Installed to facilitate construction activities north of York Station What3words: lakes.dozed.shall","SE 57725 53162"
"20789548","HOS","0.0139","QE","","0.0139","2200","","MAV","","459254.0","451309.0","HOLGATE ST PAULS MEWS YO24 4BR","HEJ1","","","","","","","","","","","20789548","2023-11-25","","NRAIL","","","","","Down Slow","New access point. OFF Watson Street","SE 59254 51309"
"20789211","HOS","0.0638","QE","","0.0638","1200","","MAV","","459073.0","451632.0","York Yard South YO24 4BP","HEJ1","","","","","","","","","","","20789211","2023-11-25","","NRAIL","","","","","Up Slow","New access point.","SE 59073 51632"
"20789210","HOS","0.0792","QE","","0.0792","3351","","MAV","","458953.0","451712.0","York Yard South YO24 4BS","HEJ1","","","","","","","","","","","20789210","2023-11-25","","NRAIL","","","","","","New access point.","SE 58953 51712"
"20785928","HOS","1.0771","QE","","1.0771","2909","","MAV","","457876.0","452867.0","Hardwick Court","HEJ1","","","","","","","","","","","20785928","2023-11-25","","NRAIL","","","","","","Access gate at the bottom of Ouse acres. [Warning Noise Sensitive Area] YO26 5FB","SE 57876 52867"
"20781748","HSC","175.0174","QE","","175.0174","2100","","MAP","","455028.0","431514.0","Painter Lane YO8 3RD","HEJ1","","","","","","","","","","","20781748","2022-09-06","","NRAIL","","","","","Down Main/Fast","New gates at Hambleton.","SE 55028 31518"
"20781747","HSC","175.0436","QE","","175.0436","2100","","MAP","","454789.0","431527.0","Painter Lane YO8 3RD","HEJ1","","","","","","","","","","","20781747","2022-09-06","","NRAIL","","","","","Down Main/Fast","New gates at Hambleton.","SE 54793 31532"
"20663548","HSC","174.1224","QE","","174.1224","1100","","MAV","","455673.0","431448.0","Scalm Lane R & G Level Crossing YO8 9HZ","HEJ1","","","","","","","","","","","20663548","2022-09-06","","NRAIL","","","","","Up Main/Fast","Scalm Lane, Hambleton. Off Station Road. R & G = Miniature Red/Green Warning lights. SE556314.",""
"20775622","HTM","68.083","QE","","68.083","1100","","MAP","","458223.0","410431.0","Joan Croft <Viaduct Access East>","HEJ3","","","","","","","","","","","20775622","2019-06-11","","NRAIL","","","","","Up Main/Fast","Pedestrian access staris to viaduct.","SE 58200 10400"
"20775620","HTM","68.104","QE","","68.104","2100","","MAP","","458223.0","410431.0","Joan Croft <Viaduct Access East>","HEJ3","","","","","","","","","","","20775620","2021-06-22","","NRAIL","","","","","Down Main/Fast","Pedestrian access staris to viaduct.","SE 58200 10400"
"20775621","HTM","69.0005","QE","","69.0005","1100","","MAP","","458223.0","410431.0","Bell Croft Underpass","HEJ3","","","","","","","","","","","20775621","2019-06-11","","NRAIL","","","","","Up Main/Fast","Pedestrian access staris totop of embankment.","SE 58200 10400"
"20786170","HTM","68.0113","QE","","68.0113","2100","","MAV","","457709.0","411128.0","JOAN CROFT <VIADUCT ACCESS EAST>","HEJ3","","","","","","","","","","","20786170","2021-10-08","","NRAIL","","","","","Down Main/Fast","Loaded from AFM data after being matched AFTE with no record in NHD. Needs to be verified on site.","SE 57709 11128"
"20786171","HTM","69.0857","QE","","69.0857","1100","","MAV","","459396.0","409906.0","APPLEHURST LANE XING","HEJ3","","","","","","","","","","","20786171","2021-10-08","","NRAIL","","","","","Up Main/Fast","Loaded from AFM data after being matched AFTE with no record in NHD. Needs to be verified on site.","SE 59396 09905"
"20786172","HTM","69.0859","QE","","69.0859","1100","","MAV","","459399.0","409903.0","APPLEHURST LANE XING","HEJ3","","","","","","","","","","","20786172","2021-10-08","","NRAIL","","","","","Up Main/Fast","Loaded from AFM data after being matched AFTE with no record in NHD. Needs to be verified on site.","SE 59398 09902"
"20180729","ISC","0.055","QE","","0.055","3300","","MAV","","430264.0","579932.0","ISABELLA TMO NE24 4NE","HEJ8","","","","","","","","","","","20180729","2012-05-01","","NRAIL","","","","","Rev Goods","Access Point. Signal Box. Through gate, use 222 key on gate",""
"20179890","ISC","0.0924","QE","","0.0924","3300","","MAV","","430183.0","580337.0","NEWSHAM ROAD TMO NE24 4QJ","HEJ8","","","","","","","","","","","20179890","2012-05-01","","NRAIL","","","","","Rev Goods","Access Point. Level Crossing. RT Document: ALARMS.",""
"20663549","JAW1","1.029","QE","","1.029","3100","","MAP","","430302.0","563774.0","Hebburn South Drive LC NE31 1UW","HEJ8","","","","","","","","","","","20663549","2022-09-07","","NRAIL","","","","","Rev Main/Fast","HEBBURN SOUTH DRIVE. Access Point. Level Crossing. RT Document: ALARMS. Access on foot only. No vehicular access or parking. ",""
"20786173","JCA","0.0","QE","","0.0","1300","","MAV","","458240.0","410514.0","JOAN CROFT LX","HEJ3","","","","","","","","","","","20786173","2021-10-08","","NRAIL","","","","","Up Goods","Loaded from AFM data after being matched AFTE with no record in NHD. Needs to be verified on site.","SE 58239 10514"
"20785478","JCA","0.0325","QE","","0.0325","1100","","MAX","","458233.0","410258.0","SOUTH FARM NO1 XING","HEJ3","","","","","","","","","","","20785478","2021-06-23","","NRAIL","","","","","Up Main/Fast","",""
"20785654","JCA","0.0325","QE","","0.0325","2100","","MAX","","458233.0","410258.0","SOUTH FARM NO1 XING","HEJ3","","","","","","","","","","","20785654","2021-06-23","","NRAIL","","","","","Down Main/Fast","",""
"20785479","JCA","0.0685","QE","","0.0685","1100","","MAX","","458389.0","409999.0","SOUTH FARM NO2 XING","HEJ3","","","","","","","","","","","20785479","2021-06-23","","NRAIL","","","","","Up Main/Fast","",""
"20785655","JCA","0.0685","QE","","0.0685","2100","","MAX","","458389.0","409999.0","SOUTH FARM NO2 XING","HEJ3","","","","","","","","","","","20785655","2021-06-23","","NRAIL","","","","","Down Main/Fast","",""
"20663555","KBF","12.1672","QE","","12.1672","3300","","MA","","431402.0","534675.0","WEST CORNFORTH","HEJ8","","","","","","","","","","","20663555","2011-08-23","","JARVIS","","","","","Rev Goods","NV. Access Point. Level Crossing. RT Document: ALARMS. ",""
"20663556","KBF","13.0352","QE","","13.0352","3300","","MAV","","430979.0","534561.0","WEST CORNFORTH DL17 9LT","HEJ8","","","","","","","","","","","20663556","2012-05-01","","NRAIL","","","","","Rev Goods","WEST CORNFORTH. Access Point. Level Crossing. RT Document: ALARMS. ",""
"20775286","KWS","64.1016","QE","","64.1016","2100","","MAP","","455145.0","416121.0","PARK LANE","HEJ3","","","","","","","","","","","20775286","2016-12-07","","NRAIL","","","","","Down Main/Fast","","SE 00551 00161"
"20786177","KWS","68.1299","QE","","68.1299","1100","","MAP","","458122.0","410136.0","NR THORPE OPEN","HEJ3","","","","","","","","","","","20786177","2021-10-08","","NRAIL","","","","","Up Main/Fast","Loaded from AFM data after being matched AFTE with no record in NHD. Needs to be verified on site.","SE 58122 10136"
"20779449","KWS","65.011","QE","","65.011","0","","MAR","","455488.0","415417.0","NORTON RRAP","HEJ3","","","","","","","","","","","20779449","2016-12-07","","NRAIL","","","","","All/Multiple Tracks","","SE 55415 40000"
"20179382","KWS","64.1562","QE","","64.1562","2100","","MAV","","455366.0","415672.0","LOWFIELD LC","HEJ3","","","","","","","","","","","20179382","2019-02-13","","NRAIL","","","","","Down Main/Fast","Access Point. Level Crossing. RT Document: ALARMS. No parking on occupation road",""
"20786272","KWS","64.172","QE","","64.172","1100","","MAV","","455432.0","415543.0","NORTON RRAP","HEJ3","","","","","","","","","","","20786272","2021-10-13","","NRAIL","","","","","Up Main/Fast","Created from AFM data to match an identifed track entrance. Requires phyiscal verification.","SE 55431 15542"
"20786175","KWS","65.0581","QE","","65.0581","2100","","MAV","","455682.0","415033.0","ASKERN COLLERY FP","HEJ3","","","","","","","","","","","20786175","2021-10-08","","NRAIL","","","","","Down Main/Fast","Loaded from AFM data after being matched AFTE with no record in NHD. Needs to be verified on site.","SE 55682 15033"
"20786174","KWS","65.0582","QE","","65.0582","1100","","MAV","","455688.0","415036.0","ASKERN COLLERY FP","HEJ3","","","","","","","","","","","20786174","2021-10-08","","NRAIL","","","","","Up Main/Fast","Loaded from AFM data after being matched AFTE with no record in NHD. Needs to be verified on site.","SE 55687 15035"
"20786176","KWS","66.0143","QE","","66.0143","2100","","MAV","","456239.0","413961.0","ST PETERS DRIVE","HEJ3","","","","","","","","","","","20786176","2021-10-08","","NRAIL","","","","","Down Main/Fast","Loaded from AFM data after being matched AFTE with no record in NHD. Needs to be verified on site.","SE 56238 13960"
"20785480","KWS","63.0149","QE","","63.0149","1100","","MAX","","454094.0","418282.0","GILLS NO.1 XING","HEJ3","","","","","","","","","","","20785480","2021-06-23","","NRAIL","","","","","Up Main/Fast","",""
"20785656","KWS","63.0149","QE","","63.0149","2100","","MAX","","454094.0","418282.0","GILLS NO.1 XING","HEJ3","","","","","","","","","","","20785656","2021-06-23","","NRAIL","","","","","Down Main/Fast","",""
"20785481","KWS","63.0531","QE","","63.0531","1100","","MAX","","454247.0","417968.0","GILLS NO.2 XING","HEJ3","","","","","","","","","","","20785481","2021-06-23","","NRAIL","","","","","Up Main/Fast","",""
"20785657","KWS","63.0531","QE","","63.0531","2100","","MAX","","454247.0","417968.0","GILLS NO.2 XING","HEJ3","","","","","","","","","","","20785657","2021-06-23","","NRAIL","","","","","Down Main/Fast","",""
"20785482","KWS","64.0064","QE","","64.0064","1100","","MAX","","454766.0","416904.0","STUBBS WALDEN","HEJ3","","","","","","","","","","","20785482","2021-06-23","","NRAIL","","","","","Up Main/Fast","",""
"20785658","KWS","64.0064","QE","","64.0064","2100","","MAX","","454766.0","416904.0","STUBBS WALDEN","HEJ3","","","","","","","","","","","20785658","2021-06-23","","NRAIL","","","","","Down Main/Fast","",""
"20785483","KWS","64.0231","QE","","64.0231","1100","","MAX","","454833.0","416766.0","STUBBS WALDEN NORTH XING","HEJ3","","","","","","","","","","","20785483","2021-06-23","","NRAIL","","","","","Up Main/Fast","",""
"20785659","KWS","64.0231","QE","","64.0231","2100","","MAX","","454833.0","416766.0","STUBBS WALDEN NORTH XING","HEJ3","","","","","","","","","","","20785659","2021-06-23","","NRAIL","","","","","Down Main/Fast","",""
"20785484","KWS","64.0604","QE","","64.0604","1100","","MAX","","454982.0","416459.0","STUBBS WALDEN SOUTH XING","HEJ3","","","","","","","","","","","20785484","2021-06-23","","NRAIL","","","","","Up Main/Fast","",""
"20785660","KWS","64.0604","QE","","64.0604","2100","","MAX","","454982.0","416459.0","STUBBS WALDEN SOUTH XING","HEJ3","","","","","","","","","","","20785660","2021-06-23","","NRAIL","","","","","Down Main/Fast","",""
"20785485","KWS","64.0972","QE","","64.0972","1100","","MAX","","455130.0","416156.0","PARK LANE XING","HEJ3","","","","","","","","","","","20785485","2021-06-23","","NRAIL","","","","","Up Main/Fast","",""
"20785661","KWS","64.0972","QE","","64.0972","2100","","MAX","","455130.0","416156.0","PARK LANE XING","HEJ3","","","","","","","","","","","20785661","2021-06-23","","NRAIL","","","","","Down Main/Fast","",""
"20785486","KWS","64.1554","QE","","64.1554","1100","","MAX","","455362.0","415678.0","LOWFIELD XING","HEJ3","","","","","","","","","","","20785486","2021-06-23","","NRAIL","","","","","Up Main/Fast","",""
"20785662","KWS","64.1554","QE","","64.1554","2100","","MAX","","455362.0","415678.0","LOWFIELD XING","HEJ3","","","","","","","","","","","20785662","2021-06-23","","NRAIL","","","","","Down Main/Fast","",""
"20785487","KWS","65.0265","QE","","65.0265","1100","","MAX","","455551.0","415291.0","NORTON <COMMON ROAD>","HEJ3","","","","","","","","","","","20785487","2021-06-23","","NRAIL","","","","","Up Main/Fast","",""
"20785663","KWS","65.0265","QE","","65.0265","2100","","MAX","","455551.0","415291.0","NORTON <COMMON ROAD>","HEJ3","","","","","","","","","","","20785663","2021-06-23","","NRAIL","","","","","Down Main/Fast","",""
"20785488","KWS","65.1301","QE","","65.1301","1100","","MAX","","455988.0","414450.0","ASKERN STILE NO.3 XING","HEJ3","","","","","","","","","","","20785488","2021-06-23","","NRAIL","","","","","Up Main/Fast","",""
"20785664","KWS","65.1301","QE","","65.1301","2100","","MAX","","455988.0","414450.0","ASKERN STILE NO.3 XING","HEJ3","","","","","","","","","","","20785664","2021-06-23","","NRAIL","","","","","Down Main/Fast","",""
"20785489","KWS","65.1583","QE","","65.1583","1100","","MAX","","456107.0","414221.0","SELBY ROAD <A19>","HEJ3","","","","","","","","","","","20785489","2021-06-23","","NRAIL","","","","","Up Main/Fast","",""
"20785665","KWS","65.1583","QE","","65.1583","2100","","MAX","","456107.0","414221.0","SELBY ROAD <A19>","HEJ3","","","","","","","","","","","20785665","2021-06-23","","NRAIL","","","","","Down Main/Fast","",""
"20785490","KWS","66.0562","QE","","66.0562","1100","","MAX","","456419.0","413623.0","ASKERN <MOSS ROAD>","HEJ3","","","","","","","","","","","20785490","2021-06-23","","NRAIL","","","","","Up Main/Fast","",""
"20785666","KWS","66.0562","QE","","66.0562","2100","","MAX","","456419.0","413623.0","ASKERN <MOSS ROAD>","HEJ3","","","","","","","","","","","20785666","2021-06-23","","NRAIL","","","","","Down Main/Fast","",""
"20785491","KWS","66.1039","QE","","66.1039","1100","","MAX","","456620.0","413235.0","ASKERN STILE NO.2 XING","HEJ3","","","","","","","","","","","20785491","2021-06-23","","NRAIL","","","","","Up Main/Fast","",""
"20785667","KWS","66.1039","QE","","66.1039","2100","","MAX","","456620.0","413235.0","ASKERN STILE NO.2 XING","HEJ3","","","","","","","","","","","20785667","2021-06-23","","NRAIL","","","","","Down Main/Fast","",""
"20785492","KWS","66.141","QE","","66.141","1100","","MAX","","456777.0","412934.0","ASKERN STILE NO.1 XING","HEJ3","","","","","","","","","","","20785492","2021-06-23","","NRAIL","","","","","Up Main/Fast","",""
"20785668","KWS","66.141","QE","","66.141","2100","","MAX","","456777.0","412934.0","ASKERN STILE NO.1 XING","HEJ3","","","","","","","","","","","20785668","2021-06-23","","NRAIL","","","","","Down Main/Fast","",""
"20785493","KWS","67.0224","QE","","67.0224","1100","","MAX","","457019.0","412469.0","RUSHEY MOOR XING","HEJ3","","","","","","","","","","","20785493","2021-06-23","","NRAIL","","","","","Up Main/Fast","",""
"20785669","KWS","67.0224","QE","","67.0224","2100","","MAX","","457019.0","412469.0","RUSHEY MOOR XING","HEJ3","","","","","","","","","","","20785669","2021-06-23","","NRAIL","","","","","Down Main/Fast","",""
"20785494","KWS","67.066","QE","","67.066","1100","","MAX","","457203.0","412115.0","CUCKOO LANE XING","HEJ3","","","","","","","","","","","20785494","2021-06-23","","NRAIL","","","","","Up Main/Fast","",""
"20785670","KWS","67.066","QE","","67.066","2100","","MAX","","457203.0","412115.0","CUCKOO LANE XING","HEJ3","","","","","","","","","","","20785670","2021-06-23","","NRAIL","","","","","Down Main/Fast","",""
"20785495","KWS","67.1239","QE","","67.1239","1100","","MAX","","457446.0","411647.0","HAYWOOD <STORRS LANE>","HEJ3","","","","","","","","","","","20785495","2021-06-23","","NRAIL","","","","","Up Main/Fast","",""
"20785671","KWS","67.1239","QE","","67.1239","2100","","MAX","","457446.0","411647.0","HAYWOOD <STORRS LANE>","HEJ3","","","","","","","","","","","20785671","2021-06-23","","NRAIL","","","","","Down Main/Fast","",""
"20785496","KWS","67.1619","QE","","67.1619","1100","","MAX","","457606.0","411337.0","OWSTON GRANGE FARM NO.1 XING KWS 67M73C","HEJ3","","","","","","","","","","","20785496","2021-06-23","","NRAIL","","","","","Up Main/Fast","",""
"20785672","KWS","67.1619","QE","","67.1619","2100","","MAX","","457606.0","411337.0","OWSTON GRANGE FARM NO.1 XING KWS 67M73C","HEJ3","","","","","","","","","","","20785672","2021-06-23","","NRAIL","","","","","Down Main/Fast","",""
"20785497","KWS","68.066","QE","","68.066","1100","","MAX","","457941.0","410686.0","THORPE <RICHIES> XING","HEJ3","","","","","","","","","","","20785497","2021-06-23","","NRAIL","","","","","Up Main/Fast","",""
"20785673","KWS","68.066","QE","","68.066","2100","","MAX","","457941.0","410686.0","THORPE <RICHIES> XING","HEJ3","","","","","","","","","","","20785673","2021-06-23","","NRAIL","","","","","Down Main/Fast","",""
"20785498","KWS","68.0939","QE","","68.0939","1100","","MAX","","458052.0","410457.0","THORPE OPEN <MIDDLE LANE>","HEJ3","","","","","","","","","","","20785498","2021-06-23","","NRAIL","","","","","Up Main/Fast","",""
"20785674","KWS","68.0939","QE","","68.0939","2100","","MAX","","458052.0","410457.0","THORPE OPEN <MIDDLE LANE>","HEJ3","","","","","","","","","","","20785674","2021-06-23","","NRAIL","","","","","Down Main/Fast","",""
"20179354","LCJ","152.1034","QE","","152.1034","3100","","MAV","","460873.0","399898.0","GREEN BRIDGE","HEJ3","","","","","","","","","","","20179354","2019-06-11","","NRAIL","","","","","Rev Main/Fast","Single track crossing - mntce only, protected by a locked 12 ft wide steel palisade double gate. Provides access to nearby Mother Drain for the Potteric Carr Int Drnge Board & Wildlife Trust. A 14 ft wide timber deck has been installed in the 4 ft of LCJ line & access by the PCIDB & YWT is controlled by Zone Gen Conts Manager.SECTIONAL APPENDIX - SECTION 1 PAGE 31. ACCESS ACROSS CARR LANE LC & FOLLOW DIRT TRACK, PARKING THROUGH LOCKED SECURITY GATE, SOFT SURFACE. CONDITION - FAIR. NEAREST HOSPITAL - DONCASTER. NEAREST WELFARE - DONCASTER TEN POUND WALK <20MINS> SAFETY - NO LIGHTING, VEGETATION","SE 00608 00999"
"20771568","LEN2","0.0494","QE","","0.0494","1100","","MAP","","436300.0","493858.0","Bridge 3, Springwell Lane DL7 8QP","HEJ1","","","","","","","","","","","20771568","2022-09-07","","NRAIL","","","","","Up Main/Fast","Springwell Lane, Northallerton - Up Side Access Steps. SE362938.",""
"20788509","LEN3","1.0748","QE","","1.0748","3300","","MAP","","507073.0","429528.0","Walton Street Junction HU3 6LJ","HEJ1","","","","","","","","","","","20788509","2022-11-29","","NRAIL","","","","","Rev Goods","[values.audit.pull]","TA 07073 29528"
"20770955","LEN3","45.066","QE","","45.066","1100","","MAP","","438217.0","497393.0","Fullicar Bridge No 122 DL6 2RW","HEJ1","","","","","","","","","","","20770955","2022-09-07","","NRAIL","","","","","Up Main/Fast","Fullicar Lane, Brompton, Single Gate, 859 Lock. SE382974.",""
"20770961","LEN3","53.1043","QE","","53.1043","2100","","MAP","","442389.0","509807.0","Br No 130 TS15 9NJ","HEJ1","","","","","","","","","","","20770961","2022-09-07","","NRAIL","","","","","Down Main/Fast","Forest Lane, Kirklevington. NZ423097.",""
"20788045","LEN3","54.077","QE","","54.077","0","","MAP","","442106.0","511127.0","YARM TS15 9EH","HEJ1","","","","","","","","","","","20788045","2023-11-25","","NRAIL","","","","","All/Multiple Tracks","ACCESS TO STATION FOR RAILHUB PURPOSES","NZ 42106 11127"
"20770962","LEN3","54.1597","QE","","54.1597","2100","","MAP","","441888.0","511850.0","The Meadowings TS15 9HS","HEJ1","","","","","","","","","","","20770962","2022-09-07","","NRAIL","","","","","Down Main/Fast","Access gate off The Meadowings, Yarm. Single Gate, 859 Lock. NZ419118",""
"20770963","LEN3","55.0692","QE","","55.0692","1100","","MAP","","441754.0","512618.0","BR 137 Yarm Viaduct [South] TS15 9BS","HEJ1","","","","","","","","","","","20770963","2022-09-07","","NRAIL","","","","","Up Main/Fast","Bentley Wynd, off High Street, Yarm. Single Gate, 859 Lock with steps up to the track. NZ417126.",""
"20770965","LEN3","55.1408","QE","","55.1408","1100","","MAP","","441726.0","513272.0","Former Yarm Station TS16 0JH","HEJ1","","","","","","","","","","","20770965","2023-11-25","","NRAIL","","","","","Up Main/Fast","Just off Aislaby Road, Yarm. Single Gate, 859 Lock. NZ417132.",""
"20774010","LEN3","56.0396","QE","","56.0396","1100","","MAP","","441800.0","513947.0","Billys Bridge [Blue] BR140A TS16 0ED","HEJ1","","","","","","","","","","","20774010","2023-11-25","","NRAIL","","","","","Up Main/Fast","Access off Newsham Road, West View Terrace","NZ 41800 13947"
"20786289","LEN3","56.0396","QE","","56.0396","2100","","MAP","","441800.0","513947.0","Billys Bridge [Blue] BR140A TS16 0ED","HEJ1","","","","","","","","","","","20786289","2023-11-25","","NRAIL","","","","","Down Main/Fast","Access off Newsham Road, West View Terrace","NZ 41800 13947"
"20788046","LEN3","89.1309","QE","","89.1309","0","","MAP","","439703.0","556971.0","SUNDERLAND SR1 1RF","HEJ8","","","","","","","","","","","20788046","2022-10-03","","NRAIL","","","","","All/Multiple Tracks","ACCESS TO STATION FOR RAILHUB PURPOSES","NZ 39703 56971"
"20788047","LEN3","90.0172","QE","","90.0172","0","","MAP","","439610.0","557533.0","ST PETERS SR5 1AS","HEJ8","","","","","","","","","","","20788047","2022-10-03","","NRAIL","","","","","All/Multiple Tracks","ACCESS TO STATION FOR RAILHUB PURPOSES","NZ 39610 57533"
"20788048","LEN3","90.1054","QE","","90.1054","0","","MAP","","439653.0","558332.0","STADIUM OF LIGHT SR5 1JB","HEJ8","","","","","","","","","","","20788048","2022-10-03","","NRAIL","","","","","All/Multiple Tracks","ACCESS TO STATION FOR RAILHUB PURPOSES","NZ 39653 58332"
"20180699","LEN3","91.072","QE","","91.072","2100","","MAP","","439410.0","559601.0","Seaburn Station SR6 8NQ","HEJ8","","","","","","","","","","","20180699","2022-09-07","","NRAIL","","","","","Down Main/Fast","Station Road, Fulwell.",""
"20774259","LEN3","92.0097","QE","","92.0097","2100","","MAP","","438748.0","560352.0","Seaburn SUBSTATION SR5 1RS","HEJ8","","","","","","","","","","","20774259","2012-05-01","","NRAIL","","","","","Down Main/Fast","Address:SR5 1RS Details: Off A184 Newcastle Road",""
"20179481","LEN3","92.1111","QE","","92.1111","2100","","MAP","","438004.0","560907.0","Blue House LC SR6 7XG","HEJ8","","","","","","","","","","","20179481","2022-09-07","","NRAIL","","","","","Down Main/Fast","Dirt track off A184 Sunderland Road, just east of Sunderland Dogs.",""
"20631247","LEN3","93.053","QE","","93.053","1100","","MAP","","437129.0","561537.0","East Boldon NE36 OJZ","HEJ8","","","","","","","","","","","20631247","2022-09-07","","NRAIL","","","","","Up Main/Fast","MIMS-SX//KB/KN -",""
"20788049","LEN3","95.0198","QE","","95.0198","0","","MAP","","434625.0","562895.0","BROCKLEY WHINS NE32 4LA","HEJ8","","","","","","","","","","","20788049","2022-10-03","","NRAIL","","","","","All/Multiple Tracks","ACCESS TO STATION FOR RAILHUB PURPOSES","NZ 34625 62895"
"20631280","LEN3","95.0416","QE","","95.0416","2100","","MAP","","434428.0","562863.0","Former Boldon Colliery SB NE32 4JF","HEJ8","","","","","","","","","","","20631280","2022-09-07","","NRAIL","","","","","Down Main/Fast","Station Road, off Cotswolds Lane, Boldon Colliery. Single Gate with 859 Lock",""
"20774253","LEN3","96.0049","QE","","96.0049","2100","","MAP","","433096.0","562619.0","Fellgate SUBSTATION NE32 4QA","HEJ8","","","","","","","","","","","20774253","2022-04-27","","NRAIL","","","","","Down Main/Fast","Address:NE32 4QA Details: Off Durham Drive, next to British Gas installation",""
"20788050","LEN3","96.0176","QE","","96.0176","0","","MAP","","433054.0","562660.0","FELLGATE NE32 4SR","HEJ8","","","","","","","","","","","20788050","2022-10-03","","NRAIL","","","","","All/Multiple Tracks","ACCESS TO STATION FOR RAILHUB PURPOSES","NZ 33054 62660"
"20771007","LEN3","96.071","QE","","96.071","1100","","MAP","","432569.0","562591.0","Hedworth, Bridge 290 NE32 4SJ","HEJ8","","","","","","","","","","","20771007","2022-09-07","","NRAIL","","","","","Up Main/Fast","Harbottle Crescent, Hedworth",""
"20771008","LEN3","97.1408","QE","","97.1408","2100","","MAP","","430359.0","562252.0","Pelaw Chord [Pelaw Metro Jcn], Br 295 NE10 8YP","HEJ8","","","","","","","","","","","20771008","2022-09-07","","NRAIL","","","","","Down Main/Fast","Wardley Lane, off shields Road, Bill Quay. Single gate with 859 Lock.",""
"20774249","LEN3","98.011","QE","","98.011","1100","","MAP","","429773.0","562150.0","Pelaw TP HUT NE10 8XS","HEJ8","","","","","","","","","","","20774249","2012-05-01","","NRAIL","","","","","Up Main/Fast","Address:NE10 8XS Details: off Kirkwood Gardens right hand side at the bottom of the road through two access gates",""
"20775608","LEN3","98.0641","QE","","98.0641","1902","","MAP","","429451.0","562128.0","Pelaw Station NE10 0BE","HEJ8","","","","","","","","","","","20775608","2022-09-07","","NRAIL","","","","","","Pelaw Station NE10 0BE",""
"20788051","LEN3","99.0","QE","","99.0","0","","MAP","","428443.0","561972.0","HEWORTH NE10 0LY","HEJ8","","","","","","","","","","","20788051","2022-10-03","","NRAIL","","","","","All/Multiple Tracks","ACCESS TO STATION FOR RAILHUB PURPOSES","NZ 28443 61972"
"20785909","LEN3","99.1333","QE","","99.1333","1100","","MAP","","427275.0","562264.0","Gateshead Off Mulberry Street NE10 0JB","HEJ8","","","","","","","","","","","20785909","2021-08-05","","NRAIL","","","","","Up Main/Fast","Next to signalling gantry and new access gate for S&T","NZ 27275 62264"
"20771011","LEN3","101.0653","QE","","101.0653","2100","","MAP","","425273.0","563521.0","Former Gateshead Station NE8 2BJ","HEJ8","","","","","","","","","","","20771011","2022-09-07","","NRAIL","","","","","Down Main/Fast","Top of Car Park near Gateshead Railway Club, Hudson Street. Single gate with 859 Lock.",""
"20789989","LEN3","89.1066","QE","","89.1066","3901","","MAR","","439706.0","556655.0","BURDON DOCK NO1 SIDING SR1 3NX","HEJ8","","","","","","","","","","","20789989","2023-11-14","","NRAIL","","","","","","Off Burdon Road","NZ 39706 56655"
"20789990","LEN3","98.0352","QE","","98.0352","2500","","MAR","","429589.0","562102.0","PELAW JUNCTION DN LOOP NE10 8XF","HEJ8","","","","","","","","","","","20789990","2023-11-14","","NRAIL","","","","","Down Loop","Off Kirkwood Gardens","NZ 29589 62102"
"20770954","LEN3","43.0339","QE","","43.0339","1100","","MAV","","436480.0","494439.0","Northallerton Sainsburys DL7 8EA","HEJ1","","","","","","","","","","","20770954","2022-09-07","","NRAIL","","","","","Up Main/Fast","Access gate in Sainsburys Car Park, High Street, Northallerton. SE364944.",""
"20663587","LEN3","52.1122","QE","","52.1122","1100","","MAV","","442332.0","508283.0","Hill House Farm Level Crossing TS15 0AF","HEJ1","","","","","","","","","","","20663587","2023-11-25","","NRAIL","","","","","Up Main/Fast","No parking on occupation road. Access gate near Picton Level Crossing to Hill House Crossing. NZ423082.",""
"20770967","LEN3","55.1562","QE","","55.1562","1100","","MAV","","441728.0","513410.0","Yarm Tunnel Station - Old Station Yard TS16 0JD","HEJ1","","","","","","","","","","","20770967","2022-09-07","","NRAIL","","","","","Up Main/Fast","Access Gate off Urlay Nook, Yarm. Double Gates, 859 Lock. NZ417134.",""
"20180696","LEN3","89.1021","QE","","89.1021","2100","","MAV","","439744.0","556711.0","Burdon Dock SR1 3NP","HEJ8","","","","","","","","","","","20180696","2022-09-07","","NRAIL","","","","","Down Main/Fast","Just off Burdon Road, opposite War Memorial, Sunderland. Double gate with 859 Lock",""
"20771003","LEN3","90.044","QE","","90.044","2100","","MAV","","439588.0","557777.0","Monkwearmouth Yard SR5 1AH","HEJ8","","","","","","","","","","","20771003","2012-05-01","","NRAIL","","","","","Down Main/Fast","Access gate on Hay Street, Monkwearmouth. Double gate with 859 Lock",""
"20774699","LEN3","90.1507","QE","","90.1507","1100","","MAV","","439637.0","558742.0","Forfar Street, Seaburn SR6 8NG","HEJ8","","","","","","","","","","","20774699","2022-09-07","","NRAIL","","","","","Up Main/Fast","New pedestrian Access point",""
"20180632","LEN3","95.0439","QE","","95.0439","2100","","MAV","","434408.0","562858.0","Former Boldon Colliery SB NE32 4JF","HEJ8","","","","","","","","","","","20180632","2022-09-07","","NRAIL","","","","","Down Main/Fast","Station Road, off Cotswold Lane, Boldon Colliery.",""
"20771009","LEN3","98.0236","QE","","98.0236","2100","","MAV","","429820.0","562162.0","Former Pelaw SB [Pelaw Junction] NE10 8XS","HEJ8","","","","","","","","","","","20771009","2022-09-07","","NRAIL","","","","","Down Main/Fast","Bottom of Kirkwood Gardens, Wardley. Double gate with 859 Lock",""
"20771010","LEN3","100.1554","QE","","100.1554","1100","","MAV","","425927.0","563389.0","Park Lane Junction NE8 3DX","HEJ8","","","","","","","","","","","20771010","2023-03-10","","NRAIL","","","","","Up Main/Fast","To prevent unauthorised parking on the site, particularly with college students, a bollard system has been implemented. Access gate off Quarryfield Road, Gateshead.","NZ 25927 63383"
"20663557","LEN3","43.0526","QE","","43.0526","2100","","MAX","","436531.0","494602.0","Low Gates Signal Box & Level Crossing DL7 8EB","HEJ1","","","","","","","","","","","20663557","2022-09-07","","","","","","","Down Main/Fast","A167 Darlington Road, High Street, Northallerton. SE365946.",""
"20663559","LEN3","43.1485","QE","","43.1485","1100","","MAX","","436823.0","495429.0","Vaseys Level Crossing DL6 2PZ","HEJ1","","","","","","","","","","","20663559","2023-05-31","","NRAIL","","","","","Up Main/Fast","No parking on occupation road. Drive Line side from Low Gates, then walk. SE368954.",""
"20663561","LEN3","44.0225","QE","","44.0225","1100","","MAX","","436973.0","495862.0","Clarks Level Crossing DL6 2QY","HEJ1","","","","","","","","","","","20663561","2022-09-07","","","","","","","Up Main/Fast","No parking on occupation road. Dirt track off Hilton Green, Brompton. SE369958.",""
"20663562","LEN3","44.0674","QE","","44.0674","1100","","MAX","","437130.0","496239.0","Walkers Level Crossing DL6 2RP","HEJ1","","","","","","","","","","","20663562","2022-09-07","","","","","","","Up Main/Fast","No parking on occupation road. Lodge Lane, Brompton. SE371962.",""
"20663563","LEN3","44.1244","QE","","44.1244","0","","MAX","","437440.0","496654.0","Brompton AHB Level Crossing DL6 2RF","HEJ1","","","","","","","","","","","20663563","2022-09-07","","","","","","","All/Multiple Tracks","Station Road, Brompton. Track Id = 1100 & 2100. SE374966.",""
"20663565","LEN3","45.1326","QE","","45.1326","0","","MAX","","438509.0","497934.0","Spencers Level Crossing DL6 2RW","HEJ1","","","","","","","","","","","20663565","2022-09-07","","","","","","","All/Multiple Tracks","No parking on occupation road. Access from Kettlewell Farm, Fullicar Lane. Track Id = 1100 & 2100. SE385979.",""
"20663567","LEN3","46.074","QE","","46.074","1100","","MAX","","438997.0","498882.0","Long Lane CCTV Level Crossing DL6 2DT","HEJ1","","","","","","","","","","","20663567","2022-09-07","","","","","","","Up Main/Fast","Long Lane - Access Point - Signal Box/LC. Long Lane, Off A684 to East of Brompton Village, at Junction with road to West Harlsey. SE390988.",""
"20663572","LEN3","47.1032","QE","","47.1032","0","","MAX","","439843.0","500558.0","Boyes Level Crossing [No Access] DL6 2DX","HEJ1","","","","","","","","","","","20663572","2023-05-31","","NRAIL","","","","","All/Multiple Tracks","No parking on occupation road. Walk from Welbury Level Crossing. Track Id = 1100 & 2100. NZ398005.",""
"20663573","LEN3","48.048","QE","","48.048","0","","MAX","","440198.0","501603.0","Welbury AHB Level Crossing DL6 2SB","HEJ1","","","","","","","","","","","20663573","2022-09-07","","","","","","","All/Multiple Tracks","Minor Road Between Deighton, Welbury and East Harlsey. Track ID = 1100 & 2100. NZ401016.",""
"20663576","LEN3","49.0159","QE","","49.0159","1100","","MAX","","440576.0","502862.0","Pattisons Level Crossing DL6 2SF","HEJ1","","","","","","","","","","","20663576","2022-09-07","","","","","","","Up Main/Fast","Access via Irby Manor Farm. -ask permission from farmer in advance of work or inspection -. NZ405028.",""
"20663577","LEN3","50.0285","QE","","50.0285","0","","MAX","","441071.0","504514.0","Rounton Gates AHB Level Crossing DL6 2LP","HEJ1","","","","","","","","","","","20663577","2022-09-07","","","","","","","All/Multiple Tracks","Low Lane, between Appleton Wiske and West Rounton. Track Id = 1100 & 2100. NZ410045.",""
"20663578","LEN3","50.1176","QE","","50.1176","0","","MAX","","441305.0","505294.0","Tunstans Level Crossing DL6 2AZ","HEJ1","","","","","","","","","","","20663578","2022-09-07","","","","","","","All/Multiple Tracks","Track Id = 1100 & 2100. NZ413052.",""
"20663581","LEN3","51.0728","QE","","51.0728","0","","MAX","","441744.0","506405.0","Picton Grange No 1 Crossing TS15 0AJ","HEJ1","","","","","","","","","","","20663581","2022-09-07","","","","","","","All/Multiple Tracks","Any staff taking vehicles down to Picton Grange 1 Crossing need to telephone the Property owner Mr Bellerby in advance on 01609 882270 or Mob 07849 616888.  This is as a courtesy call rather than a request for access.  The revised deeds allow for the parking of two Railway related vehicles adjacent to the LX without further permission. Track ID = 1100 & 2100.",""
"20663583","LEN3","51.1588","QE","","51.1588","2100","","MAX","","442038.0","507138.0","Poplars Level Crossing TS15 0AE","HEJ1","","","","","","","","","","","20663583","2022-09-07","","","","","","","Down Main/Fast","No parking on occupation road. Drive lineside from Picton Level Crossing. NZ420071.",""
"20663585","LEN3","52.0702","QE","","52.0702","2100","","MAX","","442287.0","507899.0","Picton CCTV Level Crossing TS15 0AE","HEJ1","","","","","","","","","","","20663585","2022-09-07","","","","","","","Down Main/Fast","Access Point - Signal Box/LC. On Picton to A67 road. NZ422078.",""
"20179765","LEN3","93.047","QE","","93.047","2100","","MAX","","437170.0","561499.0","East Boldon Station & CCTV LC NE36 0AE","HEJ8","","","","","","","","","","","20179765","2023-05-31","","NRAIL","","","","","Down Main/Fast","MIMS-S//KB/ - NOT SEEN ON SITE VISIT Access Point. Signal Box/LC. Off the B1299 road.Station Road, off Sunderland Road, East Boldon.",""
"20179933","LEN3","93.145","QE","","93.145","2100","","MAX","","436432.0","562023.0","Tile Shed AHB LC NE36 0BN","HEJ8","","","","","","","","","","","20179933","2023-05-31","","NRAIL","","","","","Down Main/Fast","Tile Shed Lane, Cleadon.",""
"20179934","LEN3","94.0","QE","","94.0","2100","","MAX","","436208.0","562181.0","Boldon Lane LC NE36 0BN","HEJ8","","","","","","","","","","","20179934","2023-05-31","","NRAIL","","","","","Down Main/Fast","B1298, Boldon Lane.",""
"20663592","LEN3","96.1298","QE","","96.1298","0","","MAX","","432037.0","562508.0","Monkton LC NE31 2AP","HEJ8","","","","","","","","","","","20663592","2022-04-27","","NRAIL","","","","","All/Multiple Tracks","Public footpath from Lukes Lane to Leam Lane.",""
"20775300","LLP2","42.0462","QE","","42.0462","1100","","MAP","","436391.0","493051.0","Boroughbridge Rd CCTV LC - Gate YN Corner DL7 8AW","HEJ1","","","","","","","","","","","20775300","2022-09-08","","NRAIL","","","","","Up Main/Fast","Access Point. Level Crossing.",""
"20775301","LLP2","42.0462","QE","","42.0462","1100","","MAP","","436401.0","493034.0","Boroughbridge Rd CCTV LC - Gate YO Corner DL7 8AW","HEJ1","","","","","","","","","","","20775301","2022-09-08","","NRAIL","","","","","Up Main/Fast","Access Point. Level Crossing.",""
"20775302","LLP2","42.0462","QE","","42.0462","2100","","MAP","","436397.0","493021.0","Boroughbridge Rd CCTV LC - Gate ZN Corner DL7 8AW","HEJ1","","","","","","","","","","","20775302","2022-09-08","","NRAIL","","","","","Down Main/Fast","Access Point. Level Crossing.",""
"20775303","LLP2","42.0462","QE","","42.0462","2100","","MAP","","436385.0","493044.0","Boroughbridge Rd CCTV LC - Gate ZO Corner DL7 8AW","HEJ1","","","","","","","","","","","20775303","2023-11-24","","NRAIL","","","","","Down Main/Fast","Access Point. Level Crossing.",""
"20663594","LLP2","42.0462","QE","","42.0462","1100","","MAV","","436393.0","493040.0","Boroughbridge Road CCTV LC DL7 8AW","HEJ1","","","","","","","","","","","20663594","2023-11-24","","NRAIL","","","","","Up Main/Fast","A167 Boroughbridge Road, Northallerton. Track Id = 1100 & 2100.",""
"20775304","LLP2","42.085","QE","","42.085","1100","","MAX","","436255.0","493349.0","Romanby Road CCTV LC - Gate YN Corner DL7 8HB","HEJ1","","","","","","","","","","","20775304","2023-05-31","","NRAIL","","","","","Up Main/Fast","Access Point. Level Crossing.",""
"20775306","LLP2","42.0853","QE","","42.0853","2100","","MAX","","436244.0","493348.0","Romanby Road CCTV LC - Gate ZN Corner DL7 8HB","HEJ1","","","","","","","","","","","20775306","2023-05-31","","NRAIL","","","","","Down Main/Fast","Access Point. Level Crossing.",""
"20663595","LLP2","42.0863","QE","","42.0863","0","","MAX","","436249.0","493358.0","Romanby Road CCTV LC, DL7 8HB","HEJ1","","","","","","","","","","","20663595","2022-09-08","","","","","","","All/Multiple Tracks","B1333 Romanby Road, Northallerton. Track Id = 1100 & 2100. SE362938.",""
"20775305","LLP2","42.0874","QE","","42.0874","1100","","MAX","","436249.0","493368.0","Romanby Road CCTV LC - Gate YO Corner DL7 8HB","HEJ1","","","","","","","","","","","20775305","2023-05-31","","NRAIL","","","","","Up Main/Fast","Access Point. Level Crossing.",""
"20775307","LLP2","42.0879","QE","","42.0879","2100","","MAX","","436238.0","493369.0","Romanby Road CCTV LC - Gate ZO Corner DL7 8HB","HEJ1","","","","","","","","","","","20775307","2023-05-31","","NRAIL","","","","","Down Main/Fast","Access Point. Level Crossing.",""
"20663596","LLP2","42.1423","QE","","42.1423","0","","MAX","","436270.0","493858.0","Springwell Lane AHB LC DL7 8UP","HEJ1","","","","","","","","","","","20663596","2022-09-08","","","","","","","All/Multiple Tracks","Off Romanby Road with junction of Ashlea Road, Northallerton. Track Id = 1100 & 2100.",""
"20663597","MEB1","0.0","QE","","0.0","1100","","MAP","","532719.0","181688.0","MOORGATE STATION","HEJ4","","","","","","","","","","","20663597","2019-02-26","","NRAIL","","","","","Up Main/Fast","Moorgate. ","TQ 32719 81688"
"20663598","MEB1","0.099","QE","","0.099","1100","","MAP","","532784.0","182589.0","OLD STREET STATION","HEJ4","","","","","","","","","","","20663598","2019-02-26","","NRAIL","","","","","Up Main/Fast","Old Street. ","TQ 32784 82589"
"20663599","MEB1","1.0484","QE","","1.0484","2100","","MAP","","532517.0","183675.0","POOLE STREET","HEJ4","","","","","","","","","","","20663599","2019-02-26","","NRAIL","","","","","Down Main/Fast","","TQ 32517 83675"
"20663600","MEB1","1.1342","QE","","1.1342","2100","","MAP","","531974.0","184235.0","ESSEX ROAD STATION","HEJ4","","","","","","","","","","","20663600","2019-02-26","","NRAIL","","","","","Down Main/Fast","Essex Road. ","TQ 31974 84235"
"20663601","MEB1","2.0462","QE","","2.0462","2100","","MAP","","531508.0","184850.0","HIGHBURY & ISLINGTON STATION","HEJ4","","","","","","","","","","","20663601","2019-02-26","","NRAIL","","","","","Down Main/Fast","Highbury & Islington. ","TQ 31508 84850"
"20663602","MEB1","2.11","QE","","2.11","2100","","MAP","","531439.0","185431.0","DRAYTON PARK STATION","HEJ4","","","","","","","","","","","20663602","2019-02-26","","NRAIL","","","","","Down Main/Fast","MG001. ","TQ 31439 85431"
"20663603","MEB1","2.1408","QE","","2.1408","2100","","MAP","","531357.0","185701.0","DRAYTON PARK SUBSTATION","HEJ4","","","","","","","","","","","20663603","2019-02-27","","NRAIL","","","","","Down Main/Fast","Drayton Park Substation. Yale 221 and 222. Access to track via metal staircase. Hand tools only. No vehicle access.","TQ 31357 85701"
"20786257","MEB1","2.1136","QE","","2.1136","3700","","MAV","","531441.0","185448.0","DRAYTON PARK STATION","HEJ4","","","","","","","","","","","20786257","2021-10-13","","NRAIL","","","","","Rev Crossover","Created from AFM data to match an identifed track entrance. Requires phyiscal verification.","TQ 31440 85447"
"20786259","MEB1","2.1522","QE","","2.1522","2100","","MAV","","531339.0","185788.0","DRAYTON PARK STATION","HEJ4","","","","","","","","","","","20786259","2021-10-13","","NRAIL","","","","","Down Main/Fast","Created from AFM data to match an identifed track entrance. Requires phyiscal verification.","TQ 31339 85787"
"20786260","MEB1","2.1702","QE","","2.1702","1100","","MAV","","531334.0","185956.0","DRAYTON PARK STATION","HEJ4","","","","","","","","","","","20786260","2021-10-13","","NRAIL","","","","","Up Main/Fast","Created from AFM data to match an identifed track entrance. Requires phyiscal verification.","TQ 31334 85956"
"20788052","NEK","0.0462","QE","","0.0462","0","","MAP","","439550.0","556569.0","PARK LANE SR1 3NX","HEJ8","","","","","","","","","","","20788052","2022-10-03","","NRAIL","","","","","All/Multiple Tracks","ACCESS TO STATION FOR RAILHUB PURPOSES","NZ 39550 56569"
"20788053","NEK","0.0979","QE","","0.0979","0","","MAP","","439087.0","556119.0","UNIVERSITY SR2 7LA","HEJ8","","","","","","","","","","","20788053","2022-10-03","","NRAIL","","","","","All/Multiple Tracks","ACCESS TO STATION FOR RAILHUB PURPOSES","NZ 39087 56119"
"20788054","NEK","1.0024","QE","","1.0024","0","","MAP","","438507.0","557023.0","MILLFIELD SR4 7AF","HEJ8","","","","","","","","","","","20788054","2022-10-03","","NRAIL","","","","","All/Multiple Tracks","ACCESS TO STATION FOR RAILHUB PURPOSES","NZ 38507 57023"
"20774250","NEK","1.1332","QE","","1.1332","2100","","MAP","","437535.0","557735.0","Pallion SUBSTATION SR4 6TH","HEJ8","","","","","","","","","","","20774250","2012-05-01","","NRAIL","","","","","Down Main/Fast","Address:SR4 6TH Details: Off Woodbine terrace",""
"20788055","NEK","1.1472","QE","","1.1472","0","","MAP","","437429.0","557714.0","PALLION SR4 6SN","HEJ8","","","","","","","","","","","20788055","2022-10-03","","NRAIL","","","","","All/Multiple Tracks","ACCESS TO STATION FOR RAILHUB PURPOSES","NZ 37429 57714"
"20774247","NEK","2.159","QE","","2.159","2100","","MAP","","435848.0","557114.0","South Hylton TP HUT SR4 0RN","HEJ8","","","","","","","","","","","20774247","2012-05-01","","NRAIL","","","","","Down Main/Fast","Address:SR4 0RN Details: Far end of Keelmans Road",""
"20788056","NEK","3.0338","QE","","3.0338","0","","MAP","","435546.0","556788.0","SOUTH HYLTON SR4 0RR","HEJ8","","","","","","","","","","","20788056","2022-10-03","","NRAIL","","","","","All/Multiple Tracks","ACCESS TO STATION FOR RAILHUB PURPOSES","NZ 35546 56788"
"20789991","NEK","2.0408","QE","","2.0408","1100","","MAR","","436800.0","557634.0","Pallion[European Way] Up Sth Hylton SR4 6SS","HEJ8","","","","","","","","","","","20789991","2023-11-14","","NRAIL","","","","","Up Main/Fast","Off Paul Watson Way","NZ 36800 57634"
"20700471","NEK","0.0269","QE","","0.0269","3902","","MAV","","439710.0","556652.0","Burdon Road Sidings SR1 3HX","HEJ8","","","","","","","","","","","20700471","2022-09-08","","NRAIL","","","","","","Secure gated existing access from Burdon Road",""
"20700474","NEK","2.0437","QE","","2.0437","1100","","MAV","","436776.0","557624.0","European Way SR4 6SS","HEJ8","","","","","","","","","","","20700474","2022-09-08","","NRAIL","","","","","Up Main/Fast","On tracking point gated roadside access point",""
"110157286","NOB1","16.077","QE","","16.077","1100","","MAP","","478993.0","353963.0","Tolney Lane","HEJ3","","","","","","","","","Authorised Access point","","110157286","2021-06-22","","NRAIL","","","","","Up Main/Fast","New access has double gates with off road parking.","SK 78953 90000"
"110179896","NOB1","16.077","QE","","16.077","1100","","MAP","","479005.0","353958.0","Tolney Lane","HEJ3","","","","","","","","","","","110179896","2022-09-09","","NRAIL","","","","","Up Main/Fast","Pedestrian access to track side. Not advised to leave to leave vehicle in this area due to high risk of damage theft and vandalism.","SK 79005 53958"
"110179897","NOB1","16.1727","QE","","16.1727","0","","MAP","","479552.0","354261.0","Newark Castle LC","HEJ3","","","","","","","","","","","110179897","2022-09-09","","NRAIL","","","","","All/Multiple Tracks","Access via  Newark castle level crossing, no parking available at this location.","SK 79552 54261"
"110157172","NOB1","16.1742","QE","","16.1742","2100","","MAP","","479551.0","354270.0","Newark Castle Level Crossing","HEJ3","","","","","","","","","Access Point","","110157172","2016-11-09","","NRAIL","","","","","Down Main/Fast","Access point in ZN corner of Level Crossing, off Great North Road.","SK 79551 54270"
"20775464","NOB1","17.0242","QE","","17.0242","2100","","MAP","","479687.7","354473.3","LIVESTOCK MARKET","HEJ3","","","","","","","","","","","20775464","2021-06-22","","NRAIL","","","","","Down Main/Fast","SECTIONAL APPX - SECTION 1 PAGE 84. ACCESS RD - GREAT NORTH RD. SECURITY - LOCKED GATE. PARKING - HARD SURFACE. CONDITION - GOOD. SAFETY - GOOD UNDERFOOT, NO LIGHTING. NEAREST HOSPITAL - NEWARK. NEAREST WELFARE - NEWARK DEPOT 10 MINS","SK 79718 54582"
"110179898","NOB1","17.0517","QE","","17.0517","2100","","MAP","","479680.0","354488.0","Livestock Market","HEJ3","","","","","","","","","","","110179898","2022-09-09","","NRAIL","","","","","Down Main/Fast","Access track through Newark cattle market. Access is gained off Great North Road.","SK 79680 54488"
"110157173","NOB1","16.1742","QE","","16.1742","1100","","MAV","","479542.0","354241.0","Newark Castle Level Crossing","HEJ3","","","","","","","","","Access Point","","110157173","2016-11-09","","NRAIL","","","","","Up Main/Fast","Access to Generator compound. Access in ZY corner of Level Crossing, to the rear of Tourist Information Centre, off Great North Road. Access and parking for emergency, and maintenance purposes only. Maintainence of Geni Pillar, and CCTV column only.","SK 79542 54241"
"20786178","NOB1","16.1756","QE","","16.1756","2100","","MAV","","479561.0","354284.0","NEWARK CASTLE STN DN","HEJ3","","","","","","","","","","","20786178","2021-10-08","","NRAIL","","","","","Down Main/Fast","Loaded from AFM data after being matched AFTE with no record in NHD. Needs to be verified on site.","SK 79560 54283"
"20786179","NOB1","17.0034","QE","","17.0034","1100","","MAV","","479589.0","354306.0","NEWARK CASTLE STN UP","HEJ3","","","","","","","","","","","20786179","2021-10-08","","NRAIL","","","","","Up Main/Fast","Loaded from AFM data after being matched AFTE with no record in NHD. Needs to be verified on site.","SK 79588 54306"
"20786180","NOB1","17.0494","QE","","17.0494","2100","","MAV","","479774.0","354685.0","A46 BRIDGE","HEJ3","","","","","","","","","","","20786180","2021-10-08","","NRAIL","","","","","Down Main/Fast","Loaded from AFM data after being matched AFTE with no record in NHD. Needs to be verified on site.","SK 79774 54685"
"20786181","NOB1","17.0587","QE","","17.0587","2100","","MAV","","479808.0","354763.0","A46 BRIDGE","HEJ3","","","","","","","","","","","20786181","2021-10-08","","NRAIL","","","","","Down Main/Fast","Loaded from AFM data after being matched AFTE with no record in NHD. Needs to be verified on site.","SK 79808 54763"
"20786182","NOB1","17.1439","QE","","17.1439","1100","","MAV","","480135.0","355471.0","FLAT XING COMPOUND","HEJ3","","","","","","","","","","","20786182","2021-10-08","","NRAIL","","","","","Up Main/Fast","Loaded from AFM data after being matched AFTE with no record in NHD. Needs to be verified on site.","SK 80134 55471"
"20786183","NOB1","17.1673","QE","","17.1673","2100","","MAV","","480215.0","355670.0","CRANKLEY POINT","HEJ3","","","","","","","","","","","20786183","2021-10-08","","NRAIL","","","","","Down Main/Fast","Loaded from AFM data after being matched AFTE with no record in NHD. Needs to be verified on site.","SK 80215 55669"
"20786184","NOB1","17.1696","QE","","17.1696","1100","","MAV","","480231.0","355686.0","CRANKLEY POINT","HEJ3","","","","","","","","","","","20786184","2021-10-08","","NRAIL","","","","","Up Main/Fast","Loaded from AFM data after being matched AFTE with no record in NHD. Needs to be verified on site.","SK 80230 55685"
"20786185","NOB1","18.0393","QE","","18.0393","1100","","MAV","","480409.0","356064.0","WHITE APRON BR 64","HEJ3","","","","","","","","","","","20786185","2021-10-08","","NRAIL","","","","","Up Main/Fast","Loaded from AFM data after being matched AFTE with no record in NHD. Needs to be verified on site.","SK 80408 56064"
"20785499","NOB1","17.1666","QE","","17.1666","1100","","MAX","","480215.0","355663.0","CRANKLEY POINT","HEJ3","","","","","","","","","","","20785499","2021-06-23","","NRAIL","","","","","Up Main/Fast","",""
"20785675","NOB1","17.1666","QE","","17.1666","2100","","MAX","","480215.0","355663.0","CRANKLEY POINT","HEJ3","","","","","","","","","","","20785675","2021-06-23","","NRAIL","","","","","Down Main/Fast","",""
"20785500","NOB1","19.0053","QE","","19.0053","1100","","MAX","","481010.0","357218.0","WINTHORPE <HOLME LANE>","HEJ3","","","","","","","","","","","20785500","2021-06-23","","NRAIL","","","","","Up Main/Fast","",""
"20785676","NOB1","19.0053","QE","","19.0053","2100","","MAX","","481010.0","357218.0","WINTHORPE <HOLME LANE>","HEJ3","","","","","","","","","","","20785676","2021-06-23","","NRAIL","","","","","Down Main/Fast","",""
"20785501","NOB1","19.1255","QE","","19.1255","1100","","MAX","","481521.0","358191.0","GREEN LANE XING","HEJ3","","","","","","","","","","","20785501","2021-06-23","","NRAIL","","","","","Up Main/Fast","",""
"20785677","NOB1","19.1255","QE","","19.1255","2100","","MAX","","481521.0","358191.0","GREEN LANE XING","HEJ3","","","","","","","","","","","20785677","2021-06-23","","NRAIL","","","","","Down Main/Fast","",""
"20785502","NOB1","20.0535","QE","","20.0535","1100","","MAX","","481965.0","359033.0","LANGFORD <HOLME LANE>","HEJ3","","","","","","","","","","","20785502","2021-06-23","","NRAIL","","","","","Up Main/Fast","",""
"20785678","NOB1","20.0535","QE","","20.0535","2100","","MAX","","481965.0","359033.0","LANGFORD <HOLME LANE>","HEJ3","","","","","","","","","","","20785678","2021-06-23","","NRAIL","","","","","Down Main/Fast","",""
"20785503","NOB1","20.0752","QE","","20.0752","1100","","MAX","","482057.0","359209.0","CHURCH LANE XING","HEJ3","","","","","","","","","","","20785503","2021-06-23","","NRAIL","","","","","Up Main/Fast","",""
"20785679","NOB1","20.0752","QE","","20.0752","2100","","MAX","","482057.0","359209.0","CHURCH LANE XING","HEJ3","","","","","","","","","","","20785679","2021-06-23","","NRAIL","","","","","Down Main/Fast","",""
"20785504","NOB1","21.035","QE","","21.035","1100","","MAX","","482651.0","360301.0","COTTAGE LANE <A1133>","HEJ3","","","","","","","","","","","20785504","2021-06-23","","NRAIL","","","","","Up Main/Fast","",""
"20785680","NOB1","21.035","QE","","21.035","2100","","MAX","","482651.0","360301.0","COTTAGE LANE <A1133>","HEJ3","","","","","","","","","","","20785680","2021-06-23","","NRAIL","","","","","Down Main/Fast","",""
"20785505","NOB1","21.0528","QE","","21.0528","1100","","MAX","","482741.0","360437.0","CONEY GREEN XING","HEJ3","","","","","","","","","","","20785505","2021-06-23","","NRAIL","","","","","Up Main/Fast","",""
"20785681","NOB1","21.0528","QE","","21.0528","2100","","MAX","","482741.0","360437.0","CONEY GREEN XING","HEJ3","","","","","","","","","","","20785681","2021-06-23","","NRAIL","","","","","Down Main/Fast","",""
"20785506","NOB1","21.0975","QE","","21.0975","1100","","MAX","","482984.0","360766.0","WESTBROOK LANE NO.45","HEJ3","","","","","","","","","","","20785506","2021-06-23","","NRAIL","","","","","Up Main/Fast","",""
"20785682","NOB1","21.0975","QE","","21.0975","2100","","MAX","","482984.0","360766.0","WESTBROOK LANE NO.45","HEJ3","","","","","","","","","","","20785682","2021-06-23","","NRAIL","","","","","Down Main/Fast","",""
"20785507","NOB1","21.1384","QE","","21.1384","1100","","MAX","","483232.0","361047.0","BUTTS XING","HEJ3","","","","","","","","","","","20785507","2021-06-23","","NRAIL","","","","","Up Main/Fast","",""
"20785683","NOB1","21.1384","QE","","21.1384","2100","","MAX","","483232.0","361047.0","BUTTS XING","HEJ3","","","","","","","","","","","20785683","2021-06-23","","NRAIL","","","","","Down Main/Fast","",""
"20785508","NOB1","21.1564","QE","","21.1564","1100","","MAX","","483348.0","361165.0","DYKES END NO.46A XING","HEJ3","","","","","","","","","","","20785508","2021-06-23","","NRAIL","","","","","Up Main/Fast","",""
"20785684","NOB1","21.1564","QE","","21.1564","2100","","MAX","","483348.0","361165.0","DYKES END NO.46A XING","HEJ3","","","","","","","","","","","20785684","2021-06-23","","NRAIL","","","","","Down Main/Fast","",""
"20790272","NOC","5.0924","QE","","5.0924","2150","","MAP","","454869.0","444301.0","COLTON JN FOOTBRIDGE 11A LS24 8ER","HEJ1","","","","","","","","","","","20790272","2024-04-02","","NRAIL","","","","","","Pedestrian Access steps installed from Colton Junction Footbridge [OB11A] to the Down Leeds Cess","SE 54869 44301"
"20784348","NOC","6.0049","QE","","6.0049","1100","","MAP","","454368.0","443655.0","BRAEGATE LANE YO23 7DU","HEJ1","","","","","","","","","","","20784348","2024-04-02","","NRAIL","","","","","Up Main/Fast","New Road/Rail Access Point created by the Trans-Pennine Route Upgrade [TRU] project primarily for use during construction works but is available for all.  The RRAP provides access to the Up & Down Leeds lines only - NOT the Normanton lines.
It is accessed off Braegate Lane [What3Words: skis/currently/quirky] and leads on to the Down Leeds line.
It is not a permanent facility but is expected to be in use for at least 4 years.","SE 54361 43667"
"20774640","NOC","6.0498","QE","","6.0498","2150","","MAP","","454096.0","443347.0","Colton Jn Bridge 12 YO23 7DU","HEJ1","","","","","","","","","","","20774640","2022-09-08","","NRAIL","","","","","","Pedestrian access steps on Down Leeds side with wicket gate & 859 lock.",""
"20784009","NOC","6.0911","QE","","6.0911","1100","","MAP","","453874.0","443046.0","Colton Junction South YO23 7DX","HEJ1","","","","","","","","","","","20784009","2023-11-24","","NRAIL","","","","","Up Main/Fast","Stepped access point sign posted as Colton South Junction. what3words mandolin.affirming.placidly","SE 53874 43046"
"20790271","NOC","6.1262","QE","","6.1262","2150","","MAP","","453640.0","442823.0","Brumber Hill Bridge 13 YO23 7DX","HEJ1","","","","","","","","","","","20790271","2024-04-02","","NRAIL","","","","","","Pedestrian Access steps installed from Brumber Hill Overbridge [OB13] to the Down Leeds Cess","SE 53640 42823"
"20790269","NOC","7.1232","QE","","7.1232","2150","","MAP","","452651.0","441578.0","Bolton Percy Bridge NOC/15 YO23 7AW","HEJ1","","","","","","","","","","","20790269","2024-08-05","","NRAIL","","","","","","Pedestrian Access steps installed at Bolton Percy next to oxton lane overbridge NOC15 W3W""s: Clouds.skylights.tasteful","SE 52651 41578"
"20788057","NOC","8.154","QE","","8.154","0","","MAP","","451770.0","439925.0","ULLESKELF LS24 9UH","HEJ1","","","","","","","","","","","20788057","2023-11-24","","NRAIL","","","","","All/Multiple Tracks","ACCESS TO STATION FOR RAILHUB PURPOSES","SE 51770 39925"
"20784008","NOC","6.0468","QE","","6.0468","1100","","MAV","","454132.0","443351.0","Colton Jn Bridge 12 YO23 7DU","HEJ1","","","","","","","","","","","20784008","2023-11-24","","NRAIL","","","","","Up Main/Fast","what3words thick.peroxide.sounds","SE 54132 43351"
"20663608","NOC","6.1092","QE","","6.1092","1100","","MAV","","453766.0","442918.0","Brumber Hill YO23 7DX","HEJ1","","","","","","","","","","","20663608","2023-11-24","","NRAIL","","","","","Up Main/Fast","Milford. Access Point. Signal Box. From A1 to A162 into Monk Fryston turn left into Meadow Lane follow path to Signalbox. OR A63 from Leeds into Monk Fryston turn left after passing our railway. Follow road to Meadow Lane which is on right.","SE 53766 42918"
"20790273","NOC","6.1574","QE","","6.1574","1100","","MAV","","454151.0","443303.0","Colton Junction Bridge NOC/12 YO23 7DU","HEJ1","","","","","","","","","","","20790273","2024-04-02","","NRAIL","","","","","Up Main/Fast","Access point installed at NOC12 overbridge","SE 54151 43303"
"20784048","NOC","6.1615","QE","","6.1615","1100","","MAV","","453462.0","442555.0","Brumber Hill South Overbridge YO23 7DX","HEJ1","","","","","","","","","","","20784048","2023-11-24","","NRAIL","","","","","Up Main/Fast","","SE 53462 42555"
"20784049","NOC","7.0941","QE","","7.0941","1100","","MAV","","452829.0","441781.0","Bolton Percy, Station Road YO23 7AP","HEJ1","","","","","","","","","","","20784049","2023-11-24","","NRAIL","","","","","Up Main/Fast","Access can be gained through the nature reserve by vehicle.","SE 52829 41781"
"20771820","NOC","7.1017","QE","","7.1017","2150","","MAV","","452771.0","441736.0","Bolton Percy, Station Road YO23 7AP","HEJ1","","","","","","","","","","","20771820","2023-11-24","","NRAIL","","","","","","Vehicular access via 12ft gate, 859 lock. Track ID: 2150 = Down Leeds.","SE 52771 41736"
"20784050","NOC","7.1138","QE","","7.1138","1100","","MAV","","452715.0","441627.0","Bolton Percy, Station Road YO23 7AP","HEJ1","","","","","","","","","","","20784050","2023-11-24","","NRAIL","","","","","Up Main/Fast","Access can be gained through the nature reserve by vehicle.","SE 52715 41627"
"20663609","NOC","8.154","QE","","8.154","2100","","MAV","","451881.0","439938.0","Ulleskelf Station LS24 9DW","HEJ1","","","","","","","","","VEHICLE","","20663609","2023-11-24","","NRAIL","","","","","Down Main/Fast","Ulleskelf. Access Point. Station. ","SE 51881 39938"
"20784051","NOC","8.1643","QE","","8.1643","1100","","MAV","","451762.0","439846.0","Ulleskelf South LS24 9UG","HEJ1","","","","","","","","","VEHICLE","","20784051","2023-11-24","","NRAIL","","","","","Up Main/Fast","","SE 51762 39846"
"20784052","NOC","8.1643","QE","","8.1643","2150","","MAV","","451260.0","438155.0","Church Fenton North LS24 9RZ","HEJ1","","","","","","","","","","","20784052","2023-11-24","","NRAIL","","","","","","Vehicular access is possible along the adjacent track. Land owbership to be checked along the length of the access track. Down Leeds","SE 51260 38155"
"20773659","NOG1","106.066","QE","","106.0726","0","","MAV","","490875.0","336578.0","Grantham Retail Park","HEJ3","","","","","","","","","","","20773659","2022-09-13","","NRAIL","","","","","All/Multiple Tracks","Grantham Retail Park, access is to the right hand side through the back of Wickes. Only available Mon-Fri 7-5 due to opening jhours of premises for required access","SK 90875 36578"
"20779792","PED5","19.0528","QE","","19.0528","2100","","MAP","","452624.0","399872.0","Rainbow Bridge","HEJ3","","","","","","","","","","","20779792","2023-01-30","","NRAIL","","","","","Down Main/Fast","SK ref 526998.   W3W - variation.soil.motive.  As the Network Rail access point is reached via a 3rd party barrier on Doncaster Road, Conisbrough please ensure if using this access point during unsocial hours that you speak with the resident next to the access barrier prior to commencement of works.  Postcode for property and barrier is DN12 3AL.  W3W botanists.wiggles.talkers.  SK ref 523989.  Easting - 452344.  Northing - 398983.  The barrier here is dual locked with 3rd party and Network Rail 859 and should be left secured at all times, failure to do so could result in loss of access over 3rd party land","SK 52624 59872"
"20788808","PED5","20.1562","QE","","20.1562","1100","","MAP","","454785.0","401176.0","HEXTHORPE CEMETRY","HEJ3","","","","","","","","","","","20788808","2023-01-30","","NRAIL","","","","","Up Main/Fast","","SE 54701 10000"
"20787544","PED5","21.0132","QE","","21.0132","0","","MAP","","455543.0","401412.0","#9 HEXTHORPE GOODS JUNCTION","HEJ3","","","","","","","","","","","20787544","2022-08-18","","NRAIL","","","","","All/Multiple Tracks","CTLP Site. Confirm before use.",""
"20790538","PED5","21.0132","QE","","21.0132","0","","MAP","","455161.0","401309.0","#9 HEXTHORPE GOODS JUNCTION","HEJ3","","","","","","","","","","","20790538","2024-05-30","","NRAIL","","","","","All/Multiple Tracks","CTLP Site. Confirm before use.",""
"20779793","PED5","21.066","QE","","21.066","2200","","MAP","","455532.0","401412.0","SMITHES SQUARE","HEJ3","","","","","","","","","","","20779793","2019-06-11","","NRAIL","","","","","Down Slow","","SE 55501 40000"
"20787512","PED5","22.0858","QE","","22.0858","0","","MAP","","456803.0","402486.0","#6 ROBERTS ROAD ACCESS GATE","HEJ3","","","","","","","","","","","20787512","2022-08-18","","NRAIL","","","","","All/Multiple Tracks","CTLP Site. Confirm before use.",""
"20775466","PED5","22.092","QE","","22.092","1100","","MAP","","457058.0","402662.0","EXCHANGE CAR RENTAL","HEJ3","","","","","","","","","","","20775466","2021-06-23","","NRAIL","","","","","Up Main/Fast"," ","SE 00057 00027"
"20779456","PED5","19.0242","QE","","19.0242","0","","MAR","","452386.0","399715.0","CADEBY QUARRY RRAP","HEJ3","","","","","","","","","","","20779456","2019-02-26","","NRAIL","","","","","All/Multiple Tracks","","SK 52399 70000"
"20786186","PED5","21.0684","QE","","21.0684","2300","","MAR","","455554.0","401419.0","SMITHES SQUARE","HEJ3","","","","","","","","","","","20786186","2021-10-08","","NRAIL","","","","","Down Goods","Loaded from AFM data after being matched AFTE with no record in NHD. Needs to be verified on site.","SE 55553 01418"
"20779791","PED5","19.0264","QE","","19.0264","1100","","MAV","","452386.0","399715.0","CADEBY QUARRY","HEJ3","","","","","","","","","","","20779791","2019-02-26","","NRAIL","","","","","Up Main/Fast","","SK 52399 70000"
"20779794","PED5","21.165","QE","","21.165","2300","","MAV","","456215.0","401999.0","GREENFIELD BR VIA ROBERT""S RD","HEJ3","","","","","","","","","","","20779794","2017-02-07","","NRAIL","","","","","Down Goods","","SE 56201 90000"
"20786187","PED5","22.0222","QE","","22.0222","2903","","MAV","","456463.0","402191.0","ROBERTS ROAD COMPOUND","HEJ3","","","","","","","","","","","20786187","2021-10-08","","NRAIL","","","","","","Loaded from AFM data after being matched AFTE with no record in NHD. Needs to be verified on site.","SE 56462 02190"
"20786188","PED5","22.0529","QE","","22.0529","2902","","MAV","","456671.0","402384.0","ROBERTS ROAD COMPOUND","HEJ3","","","","","","","","","","","20786188","2021-10-08","","NRAIL","","","","","","Loaded from AFM data after being matched AFTE with no record in NHD. Needs to be verified on site.","SE 56670 02383"
"20786189","PED5","22.0567","QE","","22.0567","2800","","MAV","","456685.0","402407.0","ROBERTS ROAD COMPOUND","HEJ3","","","","","","","","","","","20786189","2021-10-08","","NRAIL","","","","","Down Other/Eng/Car","Loaded from AFM data after being matched AFTE with no record in NHD. Needs to be verified on site.","SE 56684 02407"
"20786190","PED5","22.0727","QE","","22.0727","3300","","MAV","","456803.0","402486.0","ROBERTS ROAD COMPOUND","HEJ3","","","","","","","","","","","20786190","2021-10-08","","NRAIL","","","","","Rev Goods","Loaded from AFM data after being matched AFTE with no record in NHD. Needs to be verified on site.","SE 56803 02485"
"20775288","PED5","22.1078","QE","","22.1078","1100","","MAV","","457253.0","402652.0","EXCHANGE CAR RENTAL","HEJ3","","","","","","","","","","","20775288","2024-06-26","","NRAIL","","","","","Up Main/Fast","","SE 00057 00027"
"20785509","PED5","19.11","QE","","19.11","1100","","MAX","","453023.0","400176.0","CONISBROUGH PARK - SLEEPING DOG","HEJ3","","","","","","","","","","","20785509","2021-06-23","","NRAIL","","","","","Up Main/Fast","",""
"20785685","PED5","19.11","QE","","19.11","2100","","MAX","","453023.0","400176.0","CONISBROUGH PARK - SLEEPING DOG","HEJ3","","","","","","","","","","","20785685","2021-06-23","","NRAIL","","","","","Down Main/Fast","",""
"20179932","PMJ","14.044","QE","","14.044","3100","","MAP","","509283.0","306503.0","BAINTON VILLAGE LC","HEJ2","","","","","","","","","","","20179932","2016-12-05","","NRAIL","","","","","Rev Main/Fast","","TF 09283 06503"
"20772853","PMJ","14.121","QE","","14.121","2100","","MAP","","509986.0","306468.0","AGNEWS UWC","HEJ2","","","","","","","","","","","20772853","2016-12-05","","NRAIL","","","","","Down Main/Fast","08/02/08 CREATING ASSET - AS","TF 09986 06468"
"20179938","PMJ","15.0748","QE","","15.0748","3100","","MAP","","511159.0","306302.0","BAINTON GREEN LC","HEJ2","","","","","","","","","","","20179938","2019-06-11","","NRAIL","","","","","Rev Main/Fast","","TF 11159 06302"
"20772854","PMJ","16.022","QE","","16.022","2100","","MAP","","512221.0","305931.0","MAXEY LC","HEJ2","","","","","","","","","","","20772854","2016-12-05","","NRAIL","","","","","Down Main/Fast","08/02/08 CREATING ASSET - AS","TF 12221 05931"
"20772855","PMJ","16.132","QE","","16.132","2100","","MAP","","513144.0","305521.0","HELPSTON LC","HEJ2","","","","","","","","","","","20772855","2016-12-05","","NRAIL","","","","","Down Main/Fast","08/02/08 CREATING ASSET - AS","TF 13144 05521"
"20772856","PMJ","16.143","QE","","16.143","2100","","MAP","","513232.0","305472.0","HELPSTON","HEJ2","","","","","","","","","","","20772856","2016-12-05","","NRAIL","","","","","Down Main/Fast","08/02/08 CREATING ASSET - AS","TF 13232 05472"
"20772857","PMJ","17.0572","QE","","17.0572","2150","","MAP","","513907.0","305010.0","WOODCROFT GATES","HEJ2","","","","","","","","","","","20772857","2019-02-26","","NRAIL","","","","","","08/02/08 CREATING ASSET - AS","TF 13907 05010"
"20786494","PMJ","18.1665","QE","","18.1665","2150","","MAP","","515956.0","303019.0","STAMFORD UNDERBRIDGE ACCESS ROAD","HEJ2","","","","","","","","","","","20786494","2022-01-18","","NRAIL","","","","","","Stamford Underbridge Access Road",""
"20786488","PMJ","19.062","QE","","19.062","2150","","MAP","","516300.0","302708.0","COCKS LANE FP","HEJ2","","","","","","","","","","","20786488","2022-01-18","","NRAIL","","","","","","Cocks Lane FP",""
"20786489","PMJ","19.0796","QE","","19.0796","2150","","MAP","","516359.0","302639.0","CONINGSBY ROAD FP","HEJ2","","","","","","","","","","","20786489","2022-01-18","","NRAIL","","","","","","Coningsby Road FP",""
"20787545","PMJ","19.11","QE","","19.11","0","","MAP","","516603.0","302472.0","#49 MARHOLM PMJ","HEJ2","","","","","","","","","","","20787545","2022-08-18","","NRAIL","","","","","All/Multiple Tracks","CTLP Site. Confirm before use.",""
"20786493","PMJ","19.1215","QE","","19.1215","2150","","MAP","","516662.0","302372.0","MALLARD ROAD","HEJ2","","","","","","","","","","","20786493","2022-01-18","","NRAIL","","","","","","Mallard Road",""
"20786496","PMJ","19.157","QE","","19.157","2150","","MAP","","516900.0","302100.0","WALTON FOOTBRIDGE","HEJ2","","","","","","","","","","","20786496","2022-01-18","","NRAIL","","","","","","Walton Footbridge",""
"20772858","PMJ","19.1628","QE","","19.1628","2150","","MAP","","516947.0","302132.0","WALTON FOOTBRIDGE","HEJ2","","","","","","","","","","","20772858","2019-02-26","","NRAIL","","","","","","08/02/08 CREATING ASSET - AS","TF 16947 02132"
"20787511","PMJ","20.0814","QE","","20.0814","0","","MAP","","517479.0","301445.0","#51 NEW ENGLAND JUNCTION","HEJ2","","","","","","","","","","","20787511","2022-08-18","","NRAIL","","","","","All/Multiple Tracks","CTLP Site. Confirm before use.",""
"20790539","PMJ","20.0814","QE","","20.0814","0","","MAP","","517448.0","301490.0","#51 NEW ENGLAND","HEJ2","","","","","","","","","","","20790539","2024-05-30","","NRAIL","","","","","All/Multiple Tracks","CTLP Site. Confirm before use.",""
"20779809","PMJ","14.044","QE","","14.044","2100","","MAV","","509283.0","306503.0","BAINTON","HEJ2","","","","","","","","","","","20779809","2019-02-26","","NRAIL","","","","","Down Main/Fast","","TF 09283 06503"
"20779810","PMJ","15.0748","QE","","15.0748","2100","","MAV","","511159.0","306302.0","BAINTON GREEN LC","HEJ2","","","","","","","","","","","20779810","2019-06-11","","NRAIL","","","","","Down Main/Fast","","TF 11159 06302"
"20785510","PMJ","14.044","QE","","14.044","1100","","MAX","","509282.0","306500.0","BAINTON VILLAGE <TALLINGTON ROAD>","HEJ2","","","","","","","","","","","20785510","2021-06-23","","NRAIL","","","","","Up Main/Fast","",""
"20785686","PMJ","14.044","QE","","14.044","2100","","MAX","","509282.0","306500.0","BAINTON VILLAGE <TALLINGTON ROAD>","HEJ2","","","","","","","","","","","20785686","2021-06-23","","NRAIL","","","","","Down Main/Fast","",""
"20785511","PMJ","14.121","QE","","14.121","1100","","MAX","","509986.0","306467.0","AGNEWS","HEJ2","","","","","","","","","","","20785511","2021-06-23","","NRAIL","","","","","Up Main/Fast","",""
"20785687","PMJ","14.121","QE","","14.121","2100","","MAX","","509986.0","306467.0","AGNEWS","HEJ2","","","","","","","","","","","20785687","2021-06-23","","NRAIL","","","","","Down Main/Fast","",""
"20785512","PMJ","15.0748","QE","","15.0748","1100","","MAX","","511158.0","306302.0","BAINTON GREEN <KING STREET>","HEJ2","","","","","","","","","","","20785512","2021-06-23","","NRAIL","","","","","Up Main/Fast","",""
"20785688","PMJ","15.0748","QE","","15.0748","2100","","MAX","","511158.0","306302.0","BAINTON GREEN <KING STREET>","HEJ2","","","","","","","","","","","20785688","2021-06-23","","NRAIL","","","","","Down Main/Fast","",""
"20785539","PMJ","16.0198","QE","","16.0198","1100","","MAX","","512223.0","305961.0","MAXEY","HEJ2","","","","","","","","","","","20785539","2021-06-23","","NRAIL","","","","","Up Main/Fast","",""
"20785714","PMJ","16.0198","QE","","16.0198","2100","","MAX","","512223.0","305961.0","MAXEY","HEJ2","","","","","","","","","","","20785714","2021-06-23","","NRAIL","","","","","Down Main/Fast","",""
"20785540","PMJ","16.1232","QE","","16.1232","1100","","MAX","","513099.0","305574.0","HELPSTON <GLINTON ROAD>","HEJ2","","","","","","","","","","","20785540","2021-06-23","","NRAIL","","","","","Up Main/Fast","",""
"20785715","PMJ","16.1232","QE","","16.1232","2100","","MAX","","513099.0","305574.0","HELPSTON <GLINTON ROAD>","HEJ2","","","","","","","","","","","20785715","2021-06-23","","NRAIL","","","","","Down Main/Fast","",""
"20785538","PMJ","17.055","QE","","17.055","1100","","MAX","","513892.0","305043.0","WOODCROFT","HEJ2","","","","","","","","","","","20785538","2021-06-23","","NRAIL","","","","","Up Main/Fast","",""
"20785713","PMJ","17.055","QE","","17.055","2100","","MAX","","513892.0","305043.0","WOODCROFT","HEJ2","","","","","","","","","","","20785713","2021-06-23","","NRAIL","","","","","Down Main/Fast","",""
"30109087","SBR","43.0286","QE","","43.0286","","","MA","","532829.0","240213.0","","HEJ4","","","","","","","","","NP","","30109087","2008-09-08","","AMEC","","","","","","At Litlington Road. On Minor Road north off A505 2 miles west of Royston: Owner Unknown.Wayleave Ref Unknown:RTP Unknown",""
"20663610","SBR","32.1034","QE","","32.1034","2100","","MAP","","519389.0","230615.0","HITCHIN B JN","HEJ4","","","","","","","","","","","20663610","2016-12-05","","NRAIL","","","","","Down Main/Fast","","TL 19389 30615"
"20786191","SBR","33.0685","QE","","33.0685","2100","","MAP","","520141.0","231659.0","STOTFOLD ROAD STEPS","HEJ4","","","","","","","","","","","20786191","2021-10-08","","NRAIL","","","","","Down Main/Fast","Loaded from AFM data after being matched AFTE with no record in NHD. Needs to be verified on site.","TL 20140 31659"
"20770798","SBR","34.0198","QE","","34.0198","1100","","MAP","","521021.0","232419.0","Burnhall Rise","HEJ4","","","","","","","","","","","20770798","2016-12-05","","NRAIL","","","","","Up Main/Fast","","TL 21021 32419"
"20785844","SBR","34.11","QE","","34.11","0","","MAP","","521706.0","232784.0","LETCHWORTH STN","HEJ4","","","","","","","","","","","20785844","2021-10-08","","NRAIL","","","","","All/Multiple Tracks","Loaded from AFM data after being matched AFTE with no record in NHD. Needs to be verified on site.","TL 21705 32783"
"20663617","SBR","36.055","QE","","36.055","2100","","MAP","","524106.0","234122.0","Baldock: Football Club","HEJ4","","","","","","","","","","","20663617","2019-04-24","","NRAIL","","","","","Down Main/Fast","AUTHORISED ACCESS POINT - VEHICLE/STEPS . SMALL HAND TOOLS ONLY.","TL 24106 34122"
"20663620","SBR","37.11","QE","","37.11","1100","","MAP","","526110.0","234751.0","Bygraves","HEJ4","","","","","","","","","","","20663620","2016-12-05","","NRAIL","","","","","Up Main/Fast","Bygraves Public Footpath L/C","TL 26110 34751"
"20663621","SBR","38.1463","QE","","38.1463","1100","","MAP","","527555.0","235952.0","U/B12","HEJ4","","","","","","","","","","","20663621","2016-12-05","","NRAIL","","","","","Up Main/Fast","","TL 27555 35952"
"20770796","SBR","40.0484","QE","","40.0484","1100","","MAP","","528853.0","237873.0","Fordhams Farm South","HEJ4","","","","","","","","","","","20770796","2019-02-27","","NRAIL","","","","","Up Main/Fast","Public Footpath L/C","TL 28853 37873"
"20663622","SBR","40.088","QE","","40.088","1100","","MAP","","529077.0","238152.0","Fordhams Farm North","HEJ4","","","","","","","","","","","20663622","2016-12-05","","NRAIL","","","","","Up Main/Fast","Public Footpath L/C","TL 29077 38152"
"20785845","SBR","41.0","QE","","41.0","0","","MAP","","529770.0","238607.0","ASHWELL & MORDEN STN","HEJ4","","","","","","","","","","","20785845","2021-10-08","","NRAIL","","","","","All/Multiple Tracks","Loaded from AFM data after being matched AFTE with no record in NHD. Needs to be verified on site.","TL 29769 38606"
"20663625","SBR","42.0176","QE","","42.0176","1100","","MAP","","531322.0","239422.0","U/B 18","HEJ4","","","","","","","","","","","20663625","2016-12-05","","NRAIL","","","","","Up Main/Fast","","TL 31322 39422"
"20663627","SBR","43.1122","QE","","43.1122","1100","","MAP","","533519.0","240540.0","A505 Roundabout [South]","HEJ4","","","","","","","","","","","20663627","2016-12-05","","NRAIL","","","","","Up Main/Fast","Public Bridleway L/C","TL 33519 40540"
"20663628","SBR","43.1694","QE","","43.1694","1100","","MAP","","534008.0","240729.0","A505 Roundabout [North]","HEJ4","","","","","","","","","","","20663628","2016-12-05","","NRAIL","","","","","Up Main/Fast","Public Footpath L/C","TL 34008 40729"
"20772570","SBR","44.0418","QE","","44.0418","2100","","MAP","","534420.0","240889.0","IVY FARM","HEJ4","","","","","","","","","","","20772570","2019-06-11","","NRAIL","","","","","Down Main/Fast","","TL 34420 40889"
"20663629","SBR","44.0836","QE","","44.0836","1100","","MAP","","534776.0","241028.0","Green Drift","HEJ4","","","","","","","","","","","20663629","2016-12-05","","NRAIL","","","","","Up Main/Fast","Public Footpath L/C","TL 34776 41028"
"20785846","SBR","44.1584","QE","","44.1584","0","","MAP","","535374.0","241256.0","ROYSTON STN","HEJ4","","","","","","","","","","","20785846","2021-10-08","","NRAIL","","","","","All/Multiple Tracks","Loaded from AFM data after being matched AFTE with no record in NHD. Needs to be verified on site.","TL 35374 41255"
"20770793","SBR","45.0525","QE","","45.0525","2100","","MAP","","535845.0","241726.0","Shakespeare Road","HEJ4","","","","","","","","","","","20770793","2021-09-07","","NRAIL","","","","","Down Main/Fast","","TL 34500 84500"
"20770792","SBR","45.0726","QE","","45.0726","1100","","MAP","","535930.0","241889.0","Royston: Allotments","HEJ4","","","","","","","","","","","20770792","2016-12-05","","NRAIL","","","","","Up Main/Fast","","TL 35930 41889"
"20663634","SBR","45.1254","QE","","45.1254","2100","","MAP","","536146.0","242319.0","Royston North","HEJ4","","","","","","","","","","","20663634","2016-12-05","","NRAIL","","","","","Down Main/Fast","Grid Ref = NV.","TL 36146 42319"
"20663611","SBR","33.0044","QE","","33.0044","1100","","MAV","","519792.0","231190.0","Highover Farm Occupation L/C","HEJ4","","","","","","","","","","","20663611","2016-12-06","","NRAIL","","","","","Up Main/Fast","With prior arrangement with the landowner.","TL 19792 31190"
"20775403","SBR","33.0748","QE","","33.0748","2100","","MAV","","520150.0","231850.0","Stotfold Road Vehicle Park","HEJ4","","","","","","","","","","","20775403","2019-06-11","","NRAIL","","","","","Down Main/Fast","Road vehicle access to DNO Cubicle and Auxillary Supply Point and toes of DCF embankment. 3m unsurfaced track along toe of embankment <both sides> Track crosses farmers land at accomodation bridge - Network Rail have authority to drive across and under ac","TL 20150 31850"
"20663614","SBR","34.1232","QE","","34.1232","1100","","MAV","","521856.0","232857.0","Letchworth Relay Room","HEJ4","","","","","","","","","","","20663614","2016-12-06","","NRAIL","","","","","Up Main/Fast","","TL 21856 32857"
"20663615","SBR","34.165","QE","","34.165","2100","","MAV","","522108.0","232976.0","Letchworth C.S.D.","HEJ4","","","","","","","","","","","20663615","2019-04-24","","NRAIL","","","","","Down Main/Fast","","TL 22108 32976"
"20663616","SBR","35.1034","QE","","35.1034","2100","","MAV","","523150.0","233458.0","Green Lane","HEJ4","","","","","","","","","","","20663616","2019-06-11","","NRAIL","","","","","Down Main/Fast","AUTHORISED ACCESS POINT - VEHICLE/STEPS . SMALL HAND TOOLS ONLY.","TL 23150 33458"
"20786192","SBR","36.1053","QE","","36.1053","1100","","MAV","","524537.0","234269.0","BALDOCK STATION SOUTH","HEJ4","","","","","","","","","","","20786192","2021-10-08","","NRAIL","","","","","Up Main/Fast","Loaded from AFM data after being matched AFTE with no record in NHD. Needs to be verified on site.","TL 24536 34269"
"20663619","SBR","36.1144","QE","","36.1144","1100","","MAV","","524615.0","234289.0","Baldock Station North","HEJ4","","","","","","","","","","","20663619","2016-12-06","","NRAIL","","","","","Up Main/Fast","","TL 24615 34289"
"20786261","SBR","36.1215","QE","","36.1215","1100","","MAV","","524679.0","234296.0","BALDOCK STATION NORTH","HEJ4","","","","","","","","","","","20786261","2021-10-13","","NRAIL","","","","","Up Main/Fast","Created from AFM data to match an identifed track entrance. Requires phyiscal verification.","TL 24678 34296"
"20770797","SBR","40.044","QE","","40.044","2100","","MAV","","528830.0","237840.0","Fordhams","HEJ4","","","","","","","","","","","20770797","2016-12-06","","NRAIL","","","","","Down Main/Fast","","TL 28830 37840"
"20663624","SBR","41.0374","QE","","41.0374","2100","","MAV","","530053.0","238752.0","Ashwell & Morden","HEJ4","","","","","","","","","","","20663624","2016-12-06","","NRAIL","","","","","Down Main/Fast","","TL 30053 38752"
"20663626","SBR","43.0286","QE","","43.0286","1100","","MAV","","532829.0","240213.0","Litlington AHB","HEJ4","","","","","","","","","","","20663626","2016-12-06","","NRAIL","","","","","Up Main/Fast","","TL 32829 40213"
"20663630","SBR","44.1342","QE","","44.1342","2100","","MAV","","535207.0","241194.0","Royston Station Car Park","HEJ4","","","","","","","","","","","20663630","2016-12-06","","NRAIL","","","","","Down Main/Fast","Down side.","TL 35207 41194"
"20785513","SBR","33.0044","QE","","33.0044","1100","","MAX","","519793.0","231188.0","HIGHOVER FARM","HEJ4","","","","","","","","","","","20785513","2021-06-23","","NRAIL","","","","","Up Main/Fast","",""
"20785689","SBR","33.0044","QE","","33.0044","2100","","MAX","","519793.0","231188.0","HIGHOVER FARM","HEJ4","","","","","","","","","","","20785689","2021-06-23","","NRAIL","","","","","Down Main/Fast","",""
"20785514","SBR","37.11","QE","","37.11","1100","","MAX","","526112.0","234750.0","BYGRAVES","HEJ4","","","","","","","","","","","20785514","2021-06-23","","NRAIL","","","","","Up Main/Fast","",""
"20785690","SBR","37.11","QE","","37.11","2100","","MAX","","526112.0","234750.0","BYGRAVES","HEJ4","","","","","","","","","","","20785690","2021-06-23","","NRAIL","","","","","Down Main/Fast","",""
"20785515","SBR","40.0484","QE","","40.0484","1100","","MAX","","528854.0","237871.0","FORDHAMS FARM SOUTH","HEJ4","","","","","","","","","","","20785515","2021-06-23","","NRAIL","","","","","Up Main/Fast","",""
"20785691","SBR","40.0484","QE","","40.0484","2100","","MAX","","528854.0","237871.0","FORDHAMS FARM SOUTH","HEJ4","","","","","","","","","","","20785691","2021-06-23","","NRAIL","","","","","Down Main/Fast","",""
"20785516","SBR","40.088","QE","","40.088","1100","","MAX","","529079.0","238153.0","FORDHAMS FARM NORTH ODSEY","HEJ4","","","","","","","","","","","20785516","2021-06-23","","NRAIL","","","","","Up Main/Fast","",""
"20785692","SBR","40.088","QE","","40.088","2100","","MAX","","529079.0","238153.0","FORDHAMS FARM NORTH ODSEY","HEJ4","","","","","","","","","","","20785692","2021-06-23","","NRAIL","","","","","Down Main/Fast","",""
"20785517","SBR","43.0286","QE","","43.0286","1100","","MAX","","532829.0","240211.0","LITLINGTON <ROYSTON ROAD>","HEJ4","","","","","","","","","","","20785517","2021-06-23","","NRAIL","","","","","Up Main/Fast","",""
"20785693","SBR","43.0286","QE","","43.0286","2100","","MAX","","532829.0","240211.0","LITLINGTON <ROYSTON ROAD>","HEJ4","","","","","","","","","","","20785693","2021-06-23","","NRAIL","","","","","Down Main/Fast","",""
"20785518","SBR","43.1122","QE","","43.1122","1100","","MAX","","533520.0","240539.0","ROYSTON BYPASS SOUTH","HEJ4","","","","","","","","","","","20785518","2021-06-23","","NRAIL","","","","","Up Main/Fast","",""
"20785694","SBR","43.1122","QE","","43.1122","2100","","MAX","","533520.0","240539.0","ROYSTON BYPASS SOUTH","HEJ4","","","","","","","","","","","20785694","2021-06-23","","NRAIL","","","","","Down Main/Fast","",""
"20785519","SBR","43.1694","QE","","43.1694","1100","","MAX","","534008.0","240726.0","ROYSTON BYPASS NORTH","HEJ4","","","","","","","","","","","20785519","2021-06-23","","NRAIL","","","","","Up Main/Fast","",""
"20785695","SBR","43.1694","QE","","43.1694","2100","","MAX","","534008.0","240726.0","ROYSTON BYPASS NORTH","HEJ4","","","","","","","","","","","20785695","2021-06-23","","NRAIL","","","","","Down Main/Fast","",""
"20785520","SBR","44.0418","QE","","44.0418","1100","","MAX","","534419.0","240890.0","IVY FARM","HEJ4","","","","","","","","","","","20785520","2021-06-23","","NRAIL","","","","","Up Main/Fast","",""
"20785696","SBR","44.0418","QE","","44.0418","2100","","MAX","","534419.0","240890.0","IVY FARM","HEJ4","","","","","","","","","","","20785696","2021-06-23","","NRAIL","","","","","Down Main/Fast","",""
"20785521","SBR","44.0836","QE","","44.0836","1100","","MAX","","534775.0","241029.0","GREEN DRIFT","HEJ4","","","","","","","","","","","20785521","2021-06-23","","NRAIL","","","","","Up Main/Fast","",""
"20785697","SBR","44.0836","QE","","44.0836","2100","","MAX","","534775.0","241029.0","GREEN DRIFT","HEJ4","","","","","","","","","","","20785697","2021-06-23","","NRAIL","","","","","Down Main/Fast","",""
"20786193","SJB","22.0796","QE","","22.0796","3400","","MAV","","456825.0","402497.0","ROBERTS ROAD COMPOUND","HEJ3","","","","","","","","","","","20786193","2021-10-08","","NRAIL","","","","","Rev Single","Loaded from AFM data after being matched AFTE with no record in NHD. Needs to be verified on site.","SE 56825 02496"
"20786194","SJB","22.088","QE","","22.088","3400","","MAV","","456942.0","402519.0","ROBERTS ROAD COMPOUND","HEJ3","","","","","","","","","","","20786194","2021-10-08","","NRAIL","","","","","Rev Single","Loaded from AFM data after being matched AFTE with no record in NHD. Needs to be verified on site.","SE 56941 02518"
"20785522","SKA","0.0286","QE","","0.0286","3100","","MAX","","453640.0","409421.0","DONCASTER NO.286 XING","HEJ3","","","","","","","","","","","20785522","2021-06-23","","NRAIL","","","","","Rev Main/Fast","",""
"20779799","SPD4","115.055","QE","","115.055","2100","","MAP","","461902.0","400283.0","WARREN LANE","HEJ3","","","","","","","","","","","20779799","2019-06-11","","NRAIL","","","","","Down Main/Fast","","SE 00061 90002"
"20786195","SPD4","108.1364","QE","","108.1364","2100","","MAV","","472325.0","398683.0","NR IDLE BANK","HEJ3","","","","","","","","","","","20786195","2021-10-08","","NRAIL","","","","","Down Main/Fast","Loaded from AFM data after being matched AFTE with no record in NHD. Needs to be verified on site.","SK 72324 98682"
"20783413","SPD4","113.066","QE","","113.066","2100","","MAV","","465064.0","400116.0","HURST LANE","HEJ3","","","","","","","","","","","20783413","2019-07-30","","NRAIL","","","","","Down Main/Fast","","SE 61000 30000"
"20786196","SPD4","114.013","QE","","114.013","1100","","MAV","","463947.0","400225.0","HAYFIELDS XING","HEJ3","","","","","","","","","","","20786196","2021-10-08","","NRAIL","","","","","Up Main/Fast","Loaded from AFM data after being matched AFTE with no record in NHD. Needs to be verified on site.","SE 63947 00225"
"20786197","SPD4","114.0137","QE","","114.0137","2100","","MAV","","463940.0","400219.0","HAYFIELDS XING","HEJ3","","","","","","","","","","","20786197","2021-10-08","","NRAIL","","","","","Down Main/Fast","Loaded from AFM data after being matched AFTE with no record in NHD. Needs to be verified on site.","SE 63940 00218"
"20786198","SPD4","114.0702","QE","","114.0702","2100","","MAV","","463425.0","400234.0","NR PYLON","HEJ3","","","","","","","","","","","20786198","2021-10-08","","NRAIL","","","","","Down Main/Fast","Loaded from AFM data after being matched AFTE with no record in NHD. Needs to be verified on site.","SE 63425 00234"
"20663647","SPD4","115.1584","QE","","115.1584","2100","","MAV","","461017.0","400312.0","CARR LANE LC","HEJ3","","","","","","","","","","","20663647","2017-01-24","","NRAIL","","","","","Down Main/Fast","CARR LANE. ",""
"20785523","SPD4","108.0298","QE","","108.0298","1100","","MAX","","473280.0","398490.0","BROOMSTONE NO.364 XING","HEJ3","","","","","","","","","","","20785523","2021-06-23","","NRAIL","","","","","Up Main/Fast","",""
"20785698","SPD4","108.0298","QE","","108.0298","2100","","MAX","","473280.0","398490.0","BROOMSTONE NO.364 XING","HEJ3","","","","","","","","","","","20785698","2021-06-23","","NRAIL","","","","","Down Main/Fast","",""
"20785524","SPD4","108.115","QE","","108.115","1100","","MAX","","472516.0","398645.0","PARK DRAIN <IDLE BANK>","HEJ3","","","","","","","","","","","20785524","2021-06-23","","NRAIL","","","","","Up Main/Fast","",""
"20785699","SPD4","108.115","QE","","108.115","2100","","MAX","","472516.0","398645.0","PARK DRAIN <IDLE BANK>","HEJ3","","","","","","","","","","","20785699","2021-06-23","","NRAIL","","","","","Down Main/Fast","",""
"20785525","SPD4","109.1608","QE","","109.1608","1100","","MAX","","470530.0","399053.0","BEECH HILL <SPRINGS ROAD>","HEJ3","","","","","","","","","","","20785525","2021-06-23","","NRAIL","","","","","Up Main/Fast","",""
"20785700","SPD4","109.1608","QE","","109.1608","2100","","MAX","","470530.0","399053.0","BEECH HILL <SPRINGS ROAD>","HEJ3","","","","","","","","","","","20785700","2021-06-23","","NRAIL","","","","","Down Main/Fast","",""
"20785526","SPD4","110.09","QE","","110.09","1100","","MAX","","469587.0","399246.0","BANK END <FIFTYEIGHTS ROAD>","HEJ3","","","","","","","","","","","20785526","2021-06-23","","NRAIL","","","","","Up Main/Fast","",""
"20785701","SPD4","110.09","QE","","110.09","2100","","MAX","","469587.0","399246.0","BANK END <FIFTYEIGHTS ROAD>","HEJ3","","","","","","","","","","","20785701","2021-06-23","","NRAIL","","","","","Down Main/Fast","",""
"20785527","SPD4","111.1166","QE","","111.1166","1100","","MAX","","467773.0","399617.0","WROOT ROAD XING","HEJ3","","","","","","","","","","","20785527","2021-06-23","","NRAIL","","","","","Up Main/Fast","",""
"20785702","SPD4","111.1166","QE","","111.1166","2100","","MAX","","467773.0","399617.0","WROOT ROAD XING","HEJ3","","","","","","","","","","","20785702","2021-06-23","","NRAIL","","","","","Down Main/Fast","",""
"20785528","SPD4","111.1498","QE","","111.1498","1100","","MAX","","467475.0","399678.0","FINNINGLEY NO.1","HEJ3","","","","","","","","","","","20785528","2021-06-23","","NRAIL","","","","","Up Main/Fast","",""
"20785703","SPD4","111.1498","QE","","111.1498","2100","","MAX","","467475.0","399678.0","FINNINGLEY NO.1","HEJ3","","","","","","","","","","","20785703","2021-06-23","","NRAIL","","","","","Down Main/Fast","",""
"20785529","SPD4","112.0165","QE","","112.0165","1100","","MAX","","467093.0","399756.0","FINNINGLEY <STATION ROAD>","HEJ3","","","","","","","","","","","20785529","2021-06-23","","NRAIL","","","","","Up Main/Fast","",""
"20785704","SPD4","112.0165","QE","","112.0165","2100","","MAX","","467093.0","399756.0","FINNINGLEY <STATION ROAD>","HEJ3","","","","","","","","","","","20785704","2021-06-23","","NRAIL","","","","","Down Main/Fast","",""
"20785530","SPD4","112.1644","QE","","112.1644","1100","","MAX","","465786.0","400023.0","AUCKLEY <GATE HOUSE LANE>","HEJ3","","","","","","","","","","","20785530","2021-06-23","","NRAIL","","","","","Up Main/Fast","",""
"20785705","SPD4","112.1644","QE","","112.1644","2100","","MAX","","465786.0","400023.0","AUCKLEY <GATE HOUSE LANE>","HEJ3","","","","","","","","","","","20785705","2021-06-23","","NRAIL","","","","","Down Main/Fast","",""
"20785531","SPD4","114.0132","QE","","114.0132","1100","","MAX","","463945.0","400222.0","HAYFIELDS XING","HEJ3","","","","","","","","","","","20785531","2021-06-23","","NRAIL","","","","","Up Main/Fast","",""
"20785706","SPD4","114.0132","QE","","114.0132","2100","","MAX","","463945.0","400222.0","HAYFIELDS XING","HEJ3","","","","","","","","","","","20785706","2021-06-23","","NRAIL","","","","","Down Main/Fast","",""
"20785532","SPD4","115.1072","QE","","115.1072","1100","","MAX","","461477.0","400298.0","BESSACARR HALT","HEJ3","","","","","","","","","","","20785532","2021-06-23","","NRAIL","","","","","Up Main/Fast","",""
"20785707","SPD4","115.1072","QE","","115.1072","2100","","MAX","","461477.0","400298.0","BESSACARR HALT","HEJ3","","","","","","","","","","","20785707","2021-06-23","","NRAIL","","","","","Down Main/Fast","",""
"20785533","SPD4","115.1564","QE","","115.1564","1100","","MAX","","461035.0","400311.0","CARR LANE XING","HEJ3","","","","","","","","","","","20785533","2021-06-23","","NRAIL","","","","","Up Main/Fast","",""
"20785708","SPD4","115.1564","QE","","115.1564","2100","","MAX","","461035.0","400311.0","CARR LANE XING","HEJ3","","","","","","","","","","","20785708","2021-06-23","","NRAIL","","","","","Down Main/Fast","",""
"20787546","SPD5","116.165","QE","","116.165","0","","MAP","","459396.0","400630.0","#13 DECOY SOUTH","HEJ3","","","","","","","","","","","20787546","2022-08-18","","NRAIL","","","","","All/Multiple Tracks","CTLP Site. Confirm before use.",""
"20772800","SPD5","117.011","QE","","117.011","3907","","MAP","","459300.0","400731.0","ROYAL MAIL","HEJ3","","","","","","","","","","","20772800","2019-05-15","","NRAIL","","","","","","14/12/07 CREATING ASSET - AS",""
"20779455","SPD5","117.066","QE","","117.066","3908","","MAR","","459024.0","400852.0","DECOY BAY PLATFORM SINGLE RD RRAP","HEJ3","","","","","","","","","","","20779455","2019-02-27","","NRAIL","","","","","","","SE 59000 80000"
"20786199","SPD5","116.1714","QE","","116.1714","3905","","MAV","","459396.0","400630.0","ROYAL MAIL","HEJ3","","","","","","","","","","","20786199","2021-10-08","","NRAIL","","","","","","Loaded from AFM data after being matched AFTE with no record in NHD. Needs to be verified on site.","SE 59396 00630"
"20786208","SPD5","117.0747","QE","","117.0747","2801","","MAV","","458765.0","400954.0","DONCASTER DN YARD","HEJ3","","","","","","","","","","","20786208","2021-10-08","","NRAIL","","","","","","Loaded from AFM data after being matched AFTE with no record in NHD. Needs to be verified on site.","SE 58765 00954"
"20772801","SPD5","117.1012","QE","","117.1012","9999","","MAV","","458549.0","401064.0","DECOY NORTH","HEJ3","","","","","","","","","","","20772801","2021-06-23","","NRAIL","","","","","Unknown","14/12/07 CREATING ASSET - AS",""
"20772945","TCW1","169.0892","QE","","169.0892","3100","","MAP","","460219.0","424683.0","Bridge 18 - Templehirst DN14 0RP","HEJ1","","","","","","","","","","","20772945","2022-09-08","","NRAIL","","","","","Rev Main/Fast","Pedestrian acess steps on Up Side with wicket gate & 859 lock.",""
"20775139","TCW1","169.09","QE","","169.09","0","","MAP","","460217.0","424679.0","Temple Hirst Junction DN14 0RP","HEJ1","","","","","","","","","Pedestrian","","20775139","2023-11-24","","NRAIL","","","","","All/Multiple Tracks","","SE 60217 24679"
"20662725","TCW1","169.0377","QE","","169.0377","3100","","MAV","","460138.0","424216.0","Templehirst Jcn & Bridge 1/ECM3 YO8 8QN","HEJ1","","","","","","","","","","","20662725","2022-09-08","","NRAIL","","","","","Rev Main/Fast","At Hensall turn into Bird Lane, at the Anchor Inn continue under Bridge 1/ECM3. Single gate. SE601240.",""
"20786201","TJG1","8.1233","QE","","8.1233","1100","","MAP","","467695.0","413137.0","INGS LANE","HEJ3","","","","","","","","","","","20786201","2021-10-08","","NRAIL","","","","","Up Main/Fast","Loaded from AFM data after being matched AFTE with no record in NHD. Needs to be verified on site.","SE 67694 13137"
"20786200","TJG1","7.1645","QE","","7.1645","1100","","MAV","","466964.0","412154.0","THORNE JN","HEJ3","","","","","","","","","","","20786200","2021-10-08","","NRAIL","","","","","Up Main/Fast","Loaded from AFM data after being matched AFTE with no record in NHD. Needs to be verified on site.","SE 66963 12154"
"20785534","TJG1","8.0853","QE","","8.0853","1100","","MAX","","467626.0","413033.0","ASHFIELD BANK XING","HEJ3","","","","","","","","","","","20785534","2021-06-23","","NRAIL","","","","","Up Main/Fast","",""
"20785709","TJG1","8.0853","QE","","8.0853","2100","","MAX","","467626.0","413033.0","ASHFIELD BANK XING","HEJ3","","","","","","","","","","","20785709","2021-06-23","","NRAIL","","","","","Down Main/Fast","",""
"20179391","TJG2","13.0902","QE","","13.0902","1100","","MAP","","468467.0","414488.0","LANDS END ROAD","HEJ3","","","","","","","","","","","20179391","2019-02-26","","NRAIL","","","","","Up Main/Fast","Access Point. Level Crossing. RT Document: ALARMS. Access on foot only. No vehicular access or parking.",""
"20785847","TJG2","14.0","QE","","14.0","0","","MAP","","468048.0","413746.0","THORNE NORTH STN","HEJ3","","","","","","","","","","","20785847","2021-10-08","","NRAIL","","","","","All/Multiple Tracks","Loaded from AFM data after being matched AFTE with no record in NHD. Needs to be verified on site.","SE 68048 13745"
"20786276","TJG2","13.161","QE","","13.161","1100","","MAV","","468155.0","413922.0","THORNE NORTH STN UP YD","HEJ3","","","","","","","","","","","20786276","2021-10-13","","NRAIL","","","","","Up Main/Fast","Created from AFM data to match an identifed track entrance. Requires phyiscal verification.","SE 68154 13922"
"20785535","TJG2","13.0903","QE","","13.0903","1100","","MAX","","468467.0","414487.0","LANDS END ROAD XING","HEJ3","","","","","","","","","","","20785535","2021-06-23","","NRAIL","","","","","Up Main/Fast","",""
"20785710","TJG2","13.0903","QE","","13.0903","2100","","MAX","","468467.0","414487.0","LANDS END ROAD XING","HEJ3","","","","","","","","","","","20785710","2021-06-23","","NRAIL","","","","","Down Main/Fast","",""
"20785536","TJG2","13.1738","QE","","13.1738","1100","","MAX","","468095.0","413820.0","THORNE STATION NORTH XING","HEJ3","","","","","","","","","","","20785536","2021-06-23","","NRAIL","","","","","Up Main/Fast","",""
"20785711","TJG2","13.1738","QE","","13.1738","2100","","MAX","","468095.0","413820.0","THORNE STATION NORTH XING","HEJ3","","","","","","","","","","","20785711","2021-06-23","","NRAIL","","","","","Down Main/Fast","",""
"20786497","WDU","1.0056","QE","","1.0056","2100","","MAP","","515700.0","303500.0","WERRINGTON ATTENUATION POND","HEJ2","","","","","","","","","","","20786497","2022-01-18","","NRAIL","","","","","Down Main/Fast","Werrington Attenuation Pond",""
"20786492","WDU","1.0467","QE","","1.0467","2100","","MAP","","515700.0","303800.0","HURN ROAD SOUTH","HEJ2","","","","","","","","","","","20786492","2022-01-18","","NRAIL","","","","","Down Main/Fast","Hurn Road South. Danger of cycles at speed colliding with workers outside access point.",""
"20787547","WDU","1.0836","QE","","1.0836","0","","MAP","","515900.0","304197.0","#73 WERRINGTON DIVE UNDER WDU","HEJ2","","","","","","","","","","","20787547","2022-08-18","","NRAIL","","","","","All/Multiple Tracks","CTLP Site. Confirm before use.",""
"20786490","WDU","1.1026","QE","","1.1026","2100","","MAP","","515800.0","304100.0","GLINTON JUNCTION ACCESS ROAD","HEJ2","","","","","","","","","","","20786490","2022-01-18","","NRAIL","","","","","Down Main/Fast","Glinton Junction Access Road",""
"20786495","WDU","1.1309","QE","","1.1309","2100","","MAP","","515956.0","303019.0","STAMFORD UNDERBRIDGE","HEJ2","","","","","","","","","","","20786495","2022-01-18","","NRAIL","","","","","Down Main/Fast","Stamford Underbridge",""
"20786491","WEB","80.1022","QE","","80.1022","2100","","MAP","","515800.0","304100.0","GLINTON JUNCTION","HEJ2","","","","","","","","","","","20786491","2022-01-18","","NRAIL","","","","","Down Main/Fast","Glinton Junction",""
"20179286","WEB","80.1606","QE","","80.1606","2100","","MAP","","516368.0","305153.0","Fox Covert","HEJ2","","","","","","","","","","","20179286","2019-02-27","","NRAIL","","","","","Down Main/Fast","","TF 16368 05153"
"110180142","WEB","80.1606","QE","","80.1606","9999","","MAP","","516356.0","305140.0","Fox Covert FPC","HEJ2","","","","","","","","","","","110180142","2022-09-27","","NRAIL","","","","","Unknown","From Peakirk road, turn onto Foxculvert Road.","TF 16356 05140"
"20772802","WEB","81.0946","QE","","81.0946","2100","","MAP","","516799.0","306063.0","PEAKIRK","HEJ2","","","","","","","","","","","20772802","2019-02-27","","NRAIL","","","","","Down Main/Fast","14/12/07 CREATING ASSET - AS","TF 16799 06063"
"110180143","WEB","81.0946","QE","","81.0946","9999","","MAP","","516803.0","306072.0","Peakirk/ No8 UWC","HEJ2","","","","","","","","","","","110180143","2022-09-27","","NRAIL","","","","","Unknown","Peakirk Level Crossing.","TF 16803 06072"
"20786228","WEB","80.1613","QE","","80.1613","2100","","MAV","","516367.0","305160.0","FOX COVERT","HEJ2","","","","","","","","","","","20786228","2021-10-13","","NRAIL","","","","","Down Main/Fast"," ","TF 16367 05160"
"20180021","WEB","82.0022","QE","","82.0022","2100","","MAV","","517120.0","306756.0","Folly Bank","HEJ2","","","","","","","","","","","20180021","2019-02-27","","NRAIL","","","","","Down Main/Fast","","TF 17120 06756"
"110180144","WEB","82.0022","QE","","82.0022","9999","","MAV","","517121.0","306759.0","Folly Bank MCB-OD LC","HEJ2","","","","","","","","","","","110180144","2022-09-27","","NRAIL","","","","","Unknown","Parking on roadside near to the crossing.","TF 17121 06759"
"20786229","WEB","82.0029","QE","","82.0029","1100","","MAV","","517127.0","306760.0","FOLLY BANK","HEJ2","","","","","","","","","","","20786229","2021-10-13","","NRAIL","","","","","Up Main/Fast"," ","TF 17127 06759"
"20785537","WEB","81.0946","QE","","81.0946","1100","","MAX","","516799.0","306061.0","PEAKIRK NO.8","HEJ2","","","","","","","","","","","20785537","2021-06-23","","NRAIL","","","","","Up Main/Fast","",""
"20785712","WEB","81.0946","QE","","81.0946","2100","","MAX","","516799.0","306061.0","PEAKIRK NO.8","HEJ2","","","","","","","","","","","20785712","2021-06-23","","NRAIL","","","","","Down Main/Fast","",""
"20787362","WHR","63.1606","QE","","63.1606","2100","","MAP","","469657.0","380004.0","BRIDGE 194","HEJ3","","","","","","","","","","","20787362","2022-10-04","","NRAIL","","","","","Down Main/Fast","What3words fuzzy.stacks.holds","SK 69657 80004"
"20786202","WHR","64.0552","QE","","64.0552","1100","","MAV","","470036.0","380440.0","WESTERN JN","HEJ3","","","","","","","","","","","20786202","2021-10-08","","NRAIL","","","","","Up Main/Fast","Loaded from AFM data after being matched AFTE with no record in NHD. Needs to be verified on site.","SK 70035 80439"
"20786203","WHR","64.0616","QE","","64.0616","1100","","MAV","","470079.0","380406.0","WESTERN JN","HEJ3","","","","","","","","","","","20786203","2021-10-05","","NRAIL","","","","","Up Main/Fast","",""
"20786204","YDS","15.1343","QE","","15.1343","3300","","MAV","","459604.0","400341.0","NATURE RESERVE","HEJ3","","","","","","","","","","","20786204","2021-10-08","","NRAIL","","","","","Rev Goods","Loaded from AFM data after being matched AFTE with no record in NHD. Needs to be verified on site.","SE 59604 00341"
"20782348","YMS","0.0444","QE","","0.0444","3800","","MAP","","459637.0","452106.0","YORK STN EXAMINATION SDG YO26 4ZZ","HEJ1","","","","","","","","","","","20782348","2022-09-08","","NRAIL","","","","","Rev Other/Eng/Car","Marygate Car Park",""
"20787149","YMS","0.0446","QE","","0.0446","3100","","MAP","","459634.0","452109.0","SCARBOROUGH BRIDGE YO30 7DL","HEJ1","","","","","","","","","","","20787149","2022-04-27","","NRAIL","","","","","Rev Main/Fast","","SE 59634 52109"
"20795790","YMS","0.143","QE","","0.143","2100","","MAP","","460036.0","452911.0","Hospital Footbridge YO30 7AW","HEJ1","","","","","","","","","","","20795790","2024-10-02","","NRAIL","","","","","Down Main/Fast"," What3Words - slug.bunk.strike","SE 60036 52911"
"20776140","YMS","0.0264","QE","","0.0264","3100","","MAR","","459590.0","451954.0","York Station North RRAP YO24 1AW","HEJ1","","","","","","","","","","","20776140","2023-11-24","","NRAIL","","","","","Rev Main/Fast","",""
