"Hazard ID","ELR","Start Mileage","Zonecode","BRS","End Mileage","Track ID","IDENTIFIER","Item Code","MAP","Easting","Northing","Local Name","Subzone","Status","Verified","Parent ID","Parent GRP","Photograph File","Position","Condition","Condition Date","Purpose/Usage","Line No","Intermim Ref No","Last Updated","Last Updater","Maintainer","Year of Birth","Year of Death","Verification Stage","Verification Date","Track Description","Additional Information","OS GRID REF"
"110179852","ABE1","1.044","QM","","1.044","2100","","MAP","","489051.0","339148.0","Great Gonerby Footpath Crossing","HMJ9","","","","","","","","","","","110179852","2022-09-13","","NRAIL","","","","","Down Main/Fast","Access is gained via public footpath crossing. access is via Occupational lane, It is not advixsed to leave a vehicle at this location.","SK 89051 39148"
"50144483","ABE1","3.088","QM","","3.088","0","","MAP","","490807.0","342113.0","SAND LANE BR7","HMJ9","","","","","","","","","","","50144483","2022-09-06","","NRAIL","","","","","All/Multiple Tracks","On Barkston to Marston Road  Space to park on grass verges near access gates. BRS 9752","SK 90807 42113"
"110179853","ABE1","0.077","QM","","0.077","0","","MAR","","487952.0","338098.0","Thorns Lane","HMJ9","","","","","","","","","","","110179853","2022-09-13","","NRAIL","","","","","All/Multiple Tracks","Access via Thorns Lane, follow access around ACD curve, RRV access is directly onto the ABE1 lines.","SK 87952 38098"
"110186232","ACD","0.0022","QM","","0.0022","1100","","MAP","","487972.0","338021.0","Allington Cord East","HMJ9","","","","","","","","","","","110186232","2024-01-30","","NRAIL","","","","","Up Main/Fast","Access point at Allington CordEast - at the back of A1, Barrowby Thorns Farm, Barrowby, Great Gonerby, South Kesteven, NG32 1EQ. 859 key required to get through gates. Parking for multiple vehicles <upwards of 10 if required>.","SK 87972 38021"
"20771906","AJM1","138.02","QM","","138.02","3400","","MAP","","434894.0","351596.0","Ambergate Station","HMJ9","","","","","","","","","","","20771906","2022-09-06","","NRAIL","","","","","Rev Single","Access via platform ends.","SK 34894 51596"
"110188668","AJM1","138.0484","QM","","145.0066","0","","MAP","","434889.0","351580.0","#105 - Matlock Branch CTLP","HMJ9","","","","","","","","","","","110188668","2024-10-01","","NRAIL","","","","","All/Multiple Tracks","This Access is for the use of CtLP at this approved location. Only authorised users can utilise CtLP and must be on the authorised register before attempting to use at this location: #105 - Matlock Branch CTLP AJM1 between 138.0484 - 145.0066","SK 34889 51580"
"50144487","AJM1","140.013","QM","","140.013","3400","","MAP","","433411.0","354029.0","Whatstandwell Water Works","HMJ9","","","","","","","","","NP","","50144487","2022-09-06","","NRAIL","","","","","Rev Single","Private user crossing. Access gained by prior agreement with Severn Trent Water.  You will need a key from Severn Trent Water. Access is off the A6. Parking and turning available in Severn Trent Compound.  5 Mile Line Diagram Access Point No. 7782.","SK 33411 54029"
"50396568","AJM1","140.0291","QM","","140.0291","3400","","MAP","","433308.0","354135.0","Whatstandwell Station","HMJ9","","","","","","","","","NP","","50396568","2022-09-06","","NRAIL","","","","","Rev Single","Access via platform ends.","SK 33308 54135"
"50144461","AJM1","141.033","QM","","141.033","3400","","MAP","","432418.0","355407.0","Holmesford Cottage","HMJ9","","","","","","","","","NP","","50144461","2022-09-06","","NRAIL","","","","","Rev Single","5 Mile Line Diagrams Access Point No. 7788. Access off A6 to field. No access for road railers. Connects the A6 road across the railway. to Holmesford House and the pumping station adjacent to the river Derwent eastern elevation. Access via steps ""Derby side"" of OB 14 in the public house car park. Steps chippings and ballast 3/4 of length. Barriers at the top of bank only. Parking in car park of Public House only with permission from Landlord. Access down embankment.","SK 32418 55407"
"110180071","AJM1","141.1687","QM","","141.1687","3400","","MAP","","431422.0","355997.0","High Peak Junction Car Park","HMJ9","","","","","","","","","","","110180071","2022-09-22","","NRAIL","","","","","Rev Single","Access is gained via parking in High Peak Junction Car park, this is a pay machine car park so if vehicles are to be left please read terms and conditions of parking in the area. Walk through pedestrain path which leads to AJM1 line, Access gate is on left of footpath before bridge.","SK 31422 55997"
"50144466","AJM1","143.022","QM","","143.022","3400","","MAP","","430257.0","357420.0","Cromford Station","HMJ9","","","","","","","","","NP","","50144466","2022-09-06","","NRAIL","","","","","Rev Single","Access via platform ends.  Parking for approximately 5 vehicles.  No Road Rail Vehicle Access.","SK 30257 57420"
"50144467","AJM1","143.126","QM","","143.126","3100","","MAP","","429811.0","358217.0","Matlock Bath north of Willersley Tnl","HMJ9","","","","","","","","","NP","","50144467","2022-09-22","","NRAIL","","","","","Rev Main/Fast","5 Mile Line Diagrams Access Point No. 7796. Notes: 764 Yards North Portal Council run car park. Access can be gained via the gates at the extreme end of Matlock Bath Station car park at the Derby end for road and pedestrian egress. Pedestrian access on the former up line towards Willersley Tunnel.","SK 29811 58217"
"50396572","AJM1","143.1624","QM","","143.1624","3100","","MAP","","429739.0","358542.0","Matlock Bath Station","HMJ9","","","","","","","","","NP","","50396572","2022-09-06","","NRAIL","","","","","Rev Main/Fast","Pedestrian crossing at the south end of Matlock bath Station providing pedestrian access to the cable cars and Heights of Abraham. Also provides access to North end of Matlock Bath Station and High Tor Tunnels.","SK 29739 58542"
"110165246","AJM1","144.1144","QM","","144.1144","2100","","MAP","","429800.0","359667.0","UB28 Pic Tor Lane","HMJ9","","","","","","","","","Access Point","","110165246","2022-09-06","","NRAIL","","","","","Down Main/Fast","No parking or unloading of tools and materials. This is a pedestrian drop off point only! Nearest parking is at Matlock Railway Station.","SK 29800 59667"
"20771579","AJM1","145.0545","QM","","145.0545","3400","","MAR","","429197.0","360461.0","Derwent Way","HMJ9","","","","","","","","","VEHICLE ACCESS","","20771579","2022-09-06","","NRAIL","","","","","Rev Single","Station car park <Upside> notified as new from Stephen McKinlay MP&I. 16/3/07 RC. gates can not be opened fully due to buffer stops. gate between network rail and heritage railway","SK 29197 60461"
"20771905","AJM1","138.0124","QM","","138.0124","3400","","MAV","","434827.0","351427.0","Newbridge Road off the A6","HMJ9","","","","","","","","","Vehicle Access","","20771905","2022-09-06","","NRAIL","","","","","Rev Single","Access to AJM1 3400 Bi-Directional Line / SPC8 2100 Down Main  Access via Newbridge Road off A6. Private Land. No Road Rail Vehicle access. Parking for up to six vehicles.","SK 34827 51427"
"50144489","AJM1","140.0736","QM","","140.0736","3400","","MAV","","433158.0","354508.0","The Family Tree Cafe","HMJ9","","","","","","","","","Access Point","","50144489","2022-09-06","","NRAIL","","","","","Rev Single","Access via gate situated between the Family Tree Café and the River Bridge just off the A6.  Parking for 2 vehicles.","SK 33158 54508"
"20771578","AJM1","145.0156","QM","","145.0156","1900","","MAV","","429542.0","360302.0","CAWDOR WAY","HMJ9","","","","","","","","","VEHICLE ACCESS","","20771578","2022-09-22","","NRAIL","","","","","Up Siding","Access via Matlock Station Car Park <Up Side>","SK 29542 60302"
"110153250","BBM","16.0845","QM","","16.0845","0","","MAP","","504449.0","249359.0","JOWETT PEDESTRIAN GATE","HMJ8","","","","","","","","","","","110153250","2022-09-06","","NRAIL","","","","","All/Multiple Tracks","Foot access only - to the siding point ends and onto the Branch line.","TL 04449 49359"
"110179855","BBM","16.044","QM","","16.044","0","","MAV","","504335.0","249427.0","Cauldwell Depot","HMJ8","","","","","","","","","","","110179855","2022-09-13","","NRAIL","","","","","All/Multiple Tracks","Access for vehicle is gained via Cauldwell depot, arrangements to be made in advance for access. parking is available for multiple vehicles.","TL 04335 49427"
"110151034","BDH","0.0776","QM","","0.0776","2100","","MAP","","523348.0","186448.0","Brent Curve Old Signal Box","HMJ8","","","","","","","","","","","110151034","2022-09-06","","NRAIL","","","","","Down Main/Fast","Needs steps and handrail","TQ 23348 86448"
"50406149","BDH","0.0358","QM","","0.0358","1100","","MAV","","523132.0","186827.0","Geron Way","HMJ8","","","","","","","","","","","50406149","2022-09-06","","NRAIL","","","","","Up Main/Fast","Danger Overhead Live Wires, no parking at any time. Access via Geron Way <Post Office Sidings>","TQ 23132 86827"
"110163227","BHP","0.022","QM","","0.022","3100","","MAP","","495964.0","371159.0","Rustons Tip","HMJ9","","","","","","","","","Access","","110163227","2022-09-06","","NRAIL","","","","","Rev Main/Fast","Troughing route along cess area on ELR BHP. Access is through scrapyard and over the NOB2. Network Rail Staff have 24 hour access as lock is fitted to gate. Once in the scrapyard there is a UWC with red & green warning lights to highlight when it is safe to cross.","SK 95964 71159"
"110179857","BJW3","20.0286","QM","","20.0286","0","","MAP","","416195.0","312092.0","Waterworks UWC","HMJ9","","","","","","","","","","","110179857","2022-09-13","","NRAIL","","","","","All/Multiple Tracks","RESTRICTED TO LCM ACCESS ONLY. Access is only allowed if permission is granted by the authorised user/landowner, details of which can be obtained via the Route Level Crossing Manager","SK 16195 12092"
"110179859","BJW3","21.022","QM","","21.022","2100","","MAP","","416841.0","313416.0","Occupation Bridge No. 103","HMJ9","","","","","","","","","","","110179859","2022-09-13","","NRAIL","","","","","Down Main/Fast","GRP walkway over lines steps to either side. This is a public right of way and there is no parking available. Access is gained through farming fields off Roddige Lane or Sittles Lane. Approximately 200 yards from Br.103","SK 16841 13416"
"50144449","BJW3","21.1009","QM","","21.1009","2100","","MAP","","417210.0","314158.0","Adjacent to JT Leavesley International entrance","HMJ9","","","","","","","","","NP","","50144449","2022-09-06","","NRAIL","","","","","Down Main/Fast","Public access pedestrian crossing in the shadow of A38/A513 Tamworth Road junction.","SK 17210 14158"
"50144407","BJW3","23.0066","QM","","23.0726","3400","","MAP","","419416.0","315953.0","Wichnor Jn & DY78 Signal","HMJ9","","","","","","","","","NP","","50144407","2022-09-06","","NRAIL","","","","","Rev Single","5 Mile Line Diagrams Access Point No. 7768. Notes: Access off A38 towards Catholme turn. First left into No through road & right at Jn ahead. Follow road until OB. No42A. & turn right to access on Up side. DY78 Signal: protects Jn from branch at 23m 107yds. Access via vehicle on Up side. More details required.","SK 19416 15953"
"20772823","BJW3","19.162","QM","","19.162","0","","MAV","","416020.0","311776.0","Brookhay Level Crossing - AHBC","HMJ9","","","","","","","","","","","20772823","2022-09-06","","NRAIL","","","","","All/Multiple Tracks","UTX pipe. Parking for 2 vehicles with permission.","SK 16020 11776"
"110179858","BJW3","20.1144","QM","","20.1144","0","","MAV","","416556.0","312813.0","Fine Lane MCG LC","HMJ9","","","","","","","","","","","110179858","2022-09-13","","NRAIL","","","","","All/Multiple Tracks","Fine Lane LC is a narrow road not suitable for numerous vehicles. Access available to both lines","SK 16556 12813"
"110179860","BJW3","21.0352","QM","","21.0352","0","","MAV","","416952.0","313631.0","Roddige MCG LC","HMJ9","","","","","","","","","","","110179860","2022-09-13","","NRAIL","","","","","All/Multiple Tracks","Roddige Lane LC is a narrow road not suitable for numerous vehicles. Access available to both lines","SK 16952 13631"
"50144450","BJW3","22.0198","QM","","22.0198","0","","MAV","","417741.0","314827.0","Alrewas Level Crossing","HMJ9","","","","","","","","","NP","","50144450","2022-09-06","","NRAIL","","","","","All/Multiple Tracks","5 Mile Line Diagrams Access Point No. 7773. Notes: Access off A38 for A513 Tamworth turn. Turn left at top slip rd & then left onto unclassified road. Follow to end to Signalbox & Level Crossing.","SK 17741 14827"
"50144420","BPC","130.0678","QM","","130.0678","0","","MAV","","454651.0","347153.0","Baylies and Wylies","HMJ9","","","","","","","","","NP","","50144420","2022-09-06","","NRAIL","","","","","All/Multiple Tracks","Baylies & Wylies SK 564 471. Vehicle access adjacent to Baylies & Wylies footpath. Parking for multiple vehicles, access has multiple ELRs <RAC & BPC> and protection arrangements are required to be in place to reach BPC <Now Redundant> if accessed via hucknall lane. access can be directly achieved via Milbank Place NG6 8ES","SK 54651 47153"
"110171871","CAW","5.0924","QM","","5.093","2100","","MAP","","523417.0","186237.0","Wicks, Cricklewood Broadway","HMJ8","","","","","","","","","","","110171871","2022-09-06","","","","","","","Down Main/Fast","Pedestrian access point. Access via Longley way and located to side of Wickes building. Provides Access to Down Cricklewood Curve","TQ 23417 86237"
"110151032","CAW","5.044","QM","","5.044","2100","","MAV","","523800.0","186097.0","Cricklewood Stn Nth, Jewsons;","HMJ8","","","","","","","","","","","110151032","2022-09-06","","NRAIL","","","","","Down Main/Fast","Access via Depot Approach off Edgware Road. Double gates to trackside; vehicle parking outside the gates.","TQ 23800 86097"
"110151033","CAW","5.0618","QM","","5.0618","0","","MAV","","523703.0","186191.0","Cricklewood former P Way Depot; via Roman Road","HMJ8","","","","","","","","","","","110151033","2022-09-06","","","","","","","All/Multiple Tracks","TEMPORARY OUT OF USE. Via Roman Road off Edgware Road. Double gates to trackside; vehicle parking inside the gates. Sleepers in 4ft of Down Hendon.","TQ 23703 86191"
"50144361","CCB1","123.1166","QM","","123.1166","0","","MAP","","463705.0","339674.0","Rectory Jn.","HMJ9","","","","","","","","","NP","","50144361","2022-09-06","","NRAIL","","","","","All/Multiple Tracks","ACCESS TO CCB1 ONLY VIA RECTORY JN ACCESS POINT AND ACROSS NOG1 LINES. PROTECTION REQUIRED TO REACH ACCESS TO CCB1 ELR ACCESS POINT.","SK 63705 39674"
"50144334","DBP1","0.02","QM","","0.02","3800","","MA","","436276.0","335112.0","RTC Business Park Carriage Wks. Sidings","HMJ9","","","","","","","","","Access Point","","50144334","2022-09-06","","NRAIL","","","","","Rev Other/Eng/Car","A wider access gate has been installed as part of Derby remodelling. It has been agreed with the local maintainer that, it is to be kept as a permanent access point.","SK 36276 35112"
"120001540","DBP1","14.1234","QM","","15.143","2100","","MA","","420593.0","318182.0","Barton Lane ","HMJ9","","","","","","","","","Access to Track ","","120001540","2025-08-21","","","","","","","Down Main/Fast","Access track entrance located at this location but serves approximately 1¼ miles of Down Tamworth.  Access point also known as Station Lane or Walton Lane.  W3W is runways.stamp.deferring",""
"20771908","DBP1","0.0095","QM","","0.0095","1900","","MAP","","436240.0","335264.0","Derby St Andrews.","HMJ9","","","","","","","","","","","20771908","2023-05-31","","NRAIL","","","","","Up Siding","Access onto Up Cess siding. Access via Midland House Car Park Area. Key Required","SK 36240 35264"
"20771910","DBP1","0.016","QM","","0.016","2300","","MAP","","436246.0","335194.0","Derby Old P Way Yard","HMJ9","","","","","","","","","","","20771910","2022-09-06","","NRAIL","","","","","Down Goods","Gate is for small tool/staff only giving access to the West Goods/C & W sidings DBP1 and no other.","SK 36246 35194"
"20772323","DBP1","0.0286","QM","","0.0286","1900","","MAP","","436242.0","335057.0","East Midland Control Centre","HMJ9","","","","","","","","","","","20772323","2022-09-06","","NRAIL","","","","","Up Siding","Addition of an access gate and step","SK 36242 35057"
"110179862","DBP1","0.0753","QM","","0.0753","1100","","MAP","","436138.0","334616.0","Osmaston Road","HMJ9","","","","","","","","","","","110179862","2022-09-13","","NRAIL","","","","","Up Main/Fast","Pedestrian Access only <Drop Off>. Double yellow lines on road. Access via steps down to DBP1 on to Up Tamworth Fast line","SK 36138 34616"
"110188672","DBP1","0.165","QM","","0.165","0","","MAP","","435837.0","333833.0","#109 - Shaftsbury Street CTLP","HMJ9","","","","","","","","","","","110188672","2024-10-01","","NRAIL","","","","","All/Multiple Tracks","This Access is for the use of CtLP at this approved location. Only authorised users can utilise CtLP and must be on the authorised register before attempting to use at this location: #109 - Shaftsbury Street CTLP","SK 35837 33833"
"110179863","DBP1","0.1716","QM","","0.1716","1100","","MAP","","435812.0","333831.0","Shaftesbury Street","HMJ9","","","","","","","","","","","110179863","2022-09-13","","NRAIL","","","","","Up Main/Fast","Access via Shaftesbury Steet.  Limited parking at the end of the alleyway on Shaftesbury Street. Majority of the area is double yellow line marked.","SK 35812 33831"
"50144291","DBP1","2.154","QM","","2.154","1100","","MAP","","433625.0","331696.0","Overbridge No. 10 - Stenson Road, Sinfin","HMJ9","","","","","","","","","NP","","50144291","2022-09-06","","NRAIL","","","","","Up Main/Fast","5 Mile Line Diagrams Access Point No. 7425. Notes: Stenson Road, Derby. Off A5111 ring road. Access by vehicle from Goodsmoor Rd/Sunny Hill South.","SK 33625 31696"
"50142434","DBP1","4.11","QM","","5.056","2100","","MAP","","431166.0","329676.0","Stenson Junction Area","HMJ9","","","","","","","","","NP","","50142434","2022-09-06","","NRAIL","","","","","Down Main/Fast","Notes: Access off Findern to Stenson Road, at foot of Overbridge. Access to DY354 signal. Down protecting Junction. Vehicle access to Up Side from Goodsmoor Rd/Sunnyhill. Parking only within Access gate for multiple vehicles. Any reference to the Down Main actually refers to the Down Tamworth as indicated in the Sectional Appendix.","SK 31166 29676"
"110188670","DBP1","5.0264","QM","","5.0264","0","","MAP","","430771.0","329409.0","#107 - North Staffs Junction CTLP","HMJ9","","","","","","","","","","","110188670","2024-10-01","","NRAIL","","","","","All/Multiple Tracks","This Access is for the use of CtLP at this approved location. Only authorised users can utilise CtLP and must be on the authorised register before attempting to use at this location: #107 - North Staffs Junction CTLP","SK 30771 29409"
"110188676","DBP1","6.0066","QM","","6.0066","0","","MAP","","429631.0","328643.0","#113 - Willington Car Park CTLP","HMJ9","","","","","","","","","","","110188676","2024-10-01","","NRAIL","","","","","All/Multiple Tracks","This Access is for the use of CtLP at this approved location. Only authorised users can utilise CtLP and must be on the authorised register before attempting to use at this location: #113 - Willington Car Park CTLP","SK 29631 28643"
"50144298","DBP1","6.0197","QM","","6.0197","1100","","MAP","","429489.0","328543.0","Underbridge No.14","HMJ9","","","","","","","","","NP","","50144298","2022-09-06","","NRAIL","","","","","Up Main/Fast","Notes: A5132 in Willington Village. Sourced from APM Derby Emergency Manual. Issue 01 01/03/97. Any reference to the Up Main actually refers to the Up Tamworth as indicated in the Sectional Appendix.","SK 29489 28643"
"50144299","DBP1","6.03","QM","","6.03","1100","","MAP","","429411.0","328490.0","Underbridge No.15","HMJ9","","","","","","","","","NP","","50144299","2022-09-06","","NRAIL","","","","","Up Main/Fast","Notes: B5008 Willington to Repton road in Willington Sourced from APM Derby Emergency Manual. Issue 01 01/03/97. Any reference to the Up Main actually refers to the Up Tamworth as indicated in the Sectional Appendix.","SK 29411 28490"
"50144301","DBP1","6.144","QM","","6.144","0","","MAP","","428703.0","328007.0","DY188","HMJ9","","","","","","","","","NP","","50144301","2022-09-06","","NRAIL","","","","","All/Multiple Tracks","Access via gate at the bottom of the steps to the overbridge","SK 28703 28007"
"50144303","DBP1","7.103","QM","","7.103","2100","","MAP","","427580.0","327174.0","OB19 Hargate Bridge DY186","HMJ9","","","","","","","","","NP","","50144303","2022-09-07","","NRAIL","","","","","Down Main/Fast","Access is off High Bridge Lane next to Willington Quarry <Cemex>. Parking for 9/10 vehicles","SK 27580 27174"
"50144306","DBP1","9.1186","QM","","9.1186","2300","","MAP","","425309.0","324686.0","Wetmore At Overbridge No.27","HMJ9","","","","","","","","","NP","","50144306","2022-09-07","","NRAIL","","","","","Down Goods","5 Mile Line Diagrams Access Point No. 7443. Ballasted roadway. Parking outside of access gates.","SK 25309 24686"
"50144311","DBP1","11.0443","QM","","11.0443","2100","","MAP","","423783.0","322656.0","Leicester Junction","HMJ9","","","","","","","","","NP","","50144311","2022-09-07","","NRAIL","","","","","Down Main/Fast","5 Mile Line Diagrams Access Point No. 7449. Ballasted road. Parking only within access gates for up to 9/10 vehicles. Any reference to the Down Goods actually refers to the Down Tamworth Goods as indicated in the Sectional Appendix.","SK 23783 22656"
"110188665","DBP1","14.1298","QM","","14.1298","0","","MAP","","420593.0","318309.0","#102 - Barton 626pts CTLP","HMJ9","","","","","","","","","","","110188665","2024-10-01","","NRAIL","","","","","All/Multiple Tracks","This Access is for the use of CtLP at this approved location. Only authorised users can utilise CtLP and must be on the authorised register before attempting to use at this location: #102 - Barton 626pts CTLP","SK 20593 18309"
"50144267","DBP1","17.102","QM","","17.102","2100","","MAP","","419094.0","313832.0","Underbridge No. 47 Croxall Bridge","HMJ9","","","","","","","","","NP","","50144267","2022-09-08","","NRAIL","","","","","Down Main/Fast","5 Mile Line Diagrams Access Point No. 7455. Notes: A513 off A38 for Alrewas and turn left towards Elford and Tamworth. Steps provided on Down Side to line. Sighting affected due to curvature of line and position of Bridge 47.Concrete steps and ballast pathway. No turning area. Parking for 1 vehicle. Any reference to the Down Main actually refers to the Down Tamworth as indicated in the Sectional Appendix.","SK 19094 13832"
"50144277","DBP1","20.163","QM","","20.163","1100","","MAP","","420955.0","308862.0","Overbridge No. 57","HMJ9","","","","","","","","","NP","","50144277","2022-09-08","","NRAIL","","","","","Up Main/Fast","Access gained from bridge No 57 via gate which opens to steps that lead down to the track.  Bridge is located on Willow Bottom Lane which is adjacent to the crossroads of Winterdyde Lane, Portway Lane and Main Road","SK 20955 08862"
"50144279","DBP1","21.014","QM","","21.014","2100","","MAP","","421076.0","308641.0","Overbridge No. 58","HMJ9","","","","","","","","","NP","","50144279","2022-09-08","","NRAIL","","","","","Down Main/Fast","Access gained from bridge no 58 via gate which opens to steps that leads down to the track.  Approx. 40 Steps down to track.  Parking for 2 small vehicles next to access gate.","SK 21076 08641"
"50144281","DBP1","22.0605","QM","","22.0605","2100","","MAP","","421394.0","306622.0","Overbridge No. 62","HMJ9","","","","","","","","","NP","","50144281","2022-09-08","","NRAIL","","","","","Down Main/Fast","5 Mile Line Diagrams Access Point No 6337. Notes: Wiggington to Syerscot Lane. Pedestrian access with gate at top and bottom of steps. Concrete steps. Visibility obscured by OB62. Parking on top of Bridge for 5 vehicles only. Any reference to the Down Main actually refers to the Down Tamworth as indicated in the Sectional Appendix.","SK 21394 06622"
"50144282","DBP1","23.0","QM","","23.0","2100","","MAP","","421470.0","305569.0","Overbridge No. 64 Ashby Road Bridge","HMJ9","","","","","","","","","NP","","50144282","2022-09-08","","NRAIL","","","","","Down Main/Fast","5 Mile Line Diagrams Access Point No 6338. Notes: Tamworth to Ashby Road B5493 Gateway and Steps on east side of bridge. Sig SY396/397. Concrete steps and handrail, ballasted roadway. No official parking, famers field access on opposite side.","SK 21470 05569"
"110151971","DBP1","10.11","QM","","10.11","2100","","MAR","","424390.0","323462.0","Burton Yard West","HMJ9","","","","","","","","","","","110151971","2022-09-07","","NRAIL","","","","","Down Main/Fast","Burton Yard West. Grid Ref SK243235. Any reference to the Down Main actually refers to the Down Tamworth as indicated in the Sectional Appendix.","SK 24390 23462"
"50144339","DBP1","1.0677","QM","","1.0677","2100","","MAV","","435422.0","333286.0","Melbourne Junction","HMJ9","","","","","","","","","NP","","50144339","2019-01-02","","NRAIL","","","","","Down Main/Fast","5 Mile Line Diagrams Access Point No. 7422. Provides access to OB7/OB6. Also access to Sinfin branch line at ""Derby"" end of line. Parking for approx 10 vehicles. Any reference to the Down Main actually refers to the Down Tamworth as indicated in the Sectional Appendix.","SK 35422 33286"
"50144292","DBP1","2.09","QM","","2.09","1100","","MAV","","433371.0","331473.0","Goodsmoor Road, Sinfin","HMJ9","","","","","","","","","NP","","50144292","2022-09-06","","NRAIL","","","","","Up Main/Fast","Access via Goodsmoor Road along access track.  Parking available for several vehicles along access track, but very limited turning space.  Very limited parking available trackside.","SK 34071 32073"
"110179864","DBP1","4.0362","QM","","4.0362","1100","","MAV","","432013.0","330294.0","Stenson Raynors UWC","HMJ9","","","","","","","","","","","110179864","2022-09-13","","NRAIL","","","","","Up Main/Fast","RESTRICTED TO LCM ACCESS ONLY. Access is only allowed if permission is granted by the authorised user/landowner, details of which can be obtained via the Route Level Crossing Manager","SK 32013 30294"
"20771938","DBP1","6.006","QM","","6.006","1100","","MAV","","429623.0","328649.0","Willington Marina","HMJ9","","","","","","","","","","","20771938","2022-09-06","","NRAIL","","","","","Up Main/Fast","Access located between Twyford Road and The Green.  Drive through car park and through NR access gate to track.","SK 29523 28649"
"20771939","DBP1","8.0374","QM","","8.0374","0","","MAV","","426812.0","326491.0","Wiltshires Crossing","HMJ9","","","","","","","","","","","20771939","2023-05-31","","NRAIL","","","","","All/Multiple Tracks","Access via Mill Stream Lane.  Parking outside gates for 2/3 vehicles.","SK 26812 26491"
"20771940","DBP1","8.1188","QM","","8.1188","0","","MAV","","426302.0","325950.0","Claymills Level Crossing","HMJ9","","","","","","","","","","","20771940","2023-05-31","","NRAIL","","","","","All/Multiple Tracks","Access via Meadow Lane.  Parking outside access gate only for 3 vehicles.","SK 26302 25950"
"50144307","DBP1","10.0114","QM","","10.0114","2300","","MAV","","424930.0","324182.0","DY164/DY166","HMJ9","","","","","","","","","NP","","50144307","2022-09-07","","NRAIL","","","","","Down Goods","5 Mile Line Diagrams Access Point No. 7444. Notes: Down Main & Goods respectively at Horninglow. Burton Rail Head. More detail required. Any reference to the Down Goods actually refers to the Down Tamworth Goods as indicated in the Sectional Appendix.","SK 24930 24182"
"20771941","DBP1","10.1058","QM","","10.1058","2300","","MAV","","424413.0","323493.0","Horninglow Bridge","HMJ9","","","","","","","","","","","20771941","2022-09-07","","NRAIL","","","","","Down Goods","Tarmac and ballast road. Only single file parking trackside. Parking in staff car park for up to 20 vehicles","SK 24413 23493"
"50396972","DBP1","11.0206","QM","","11.0206","1100","","MAV","","423911.0","322825.0","New Moore Street","HMJ9","","","","","","","","","NP","","50396972","2022-09-07","","NRAIL","","","","","Up Main/Fast","Ballast roadway. Parking only within access gate, parking for up to 40 vehicles. Any reference to the Up Main actually refers to the Up Tamworth as indicated in the Sectional Appendix.","SK 23911 22825"
"20771942","DBP1","11.0374","QM","","11.0374","2100","","MAV","","423821.0","322705.0","Leicester Jcn","HMJ9","","","","","","","","","","","20771942","2022-09-07","","NRAIL","","","","","Down Main/Fast","Ballasted roadway. Parking only within access gates for 40 vehicles. Any reference to the Down Main actually refers to the Down Tamworth as indicated in the Sectional Appendix.","SK 23821 22705"
"50144312","DBP1","12.082","QM","","12.082","2100","","MAV","","422609.0","321094.0","Branston Junction","HMJ9","","","","","","","","","NP","","50144312","2022-09-07","","NRAIL","","","","","Down Main/Fast","Notes: Sourced from APM Derby Emergency Manual. Issue 01 01/03/97. Ballasted roadway, parking only within access gate, for up to 20 vehicles. Any reference to the Down Main actually refers to the Down Tamworth as indicated in the Sectional Appendix.","SK 22609 21094"
"50398071","DBP1","13.0682","QM","","13.0682","0","","MAV","","421709.0","319916.0","Dunstalls","HMJ9","","","","","","","","","NP","","50398071","2022-09-07","","NRAIL","","","","","All/Multiple Tracks","Access at the UWC. Access to Up Tamworth and Down Tamworth","SK 21709 19916"
"50144314","DBP1","14.1234","QM","","14.1234","2100","","MAV","","420559.0","318244.0","Barton & Walton","HMJ9","","","","","","","","","NP","","50144314","2022-09-09","","NRAIL","","","","","Down Main/Fast","Access to the Down Tamworth Line. Access track down to Barton South Jnc <Approx.>","SK 20559 18244"
"20772824","DBP1","15.17","QM","","16.0484","1100","","MAV","","419497.0","316337.0","OB 42 Wichnor Junction","HMJ9","","","","","","","","","","","20772824","2022-09-08","","NRAIL","","","","","Up Main/Fast","Parking for multiple vehicles. Ballasted roadway. Parking only within access gate to trackside. Any reference to the Up Main actually refers to the Up Tamworth as indicated in the Sectional Appendix.","SK 19497 16337"
"50144271","DBP1","19.0757","QM","","19.0757","2100","","MAV","","419998.0","311021.0","UB 54 Elford Yard","HMJ9","","","","","","","","","NP","","50144271","2022-09-23","","NRAIL","","","","","Down Main/Fast","Ballasted driveway up to track side. Cable routes on Up Cess side. Parking for 4 vehicles outside access gate to yard in lay-by.  No parking inside the yard. Parking for any number of vehicles track side. - Anyone requiring the keys from the signal box will be required to provide both PTS & Company ID.  Keys will not be supplied without both cards. - Contact Land Owner <Joe Humphreys of BJJ Trucks> on 01827 383008 or 07860505800 prior to any access being granted, for any works other than daily maintenance or emergencies. - All gates are to be kept closed and locked at all times. - A gate man is to be appointed at the main entrance throughout the duration of any works that exceed normal maintenance. Any reference to the Down Main actually refers to the Down Tamworth as indicated in the Sectional Appendix.","SK 19998 11021"
"20772546","DEL","10.07","QM","","10.07","0","","MA","","452182.0","296114.0","Croft Liggins Old Crossing","HMJ9","","","","","","","","","","","20772546","2024-01-11","","NRAIL","","","","","All/Multiple Tracks","Tk ID 1100/2100.",""
"20771927","DEL","24.1166","QM","","24.1166","0","","MA","","513710.0","214231.0","Harpenden Station","HMJ8","","","","","","","","","","","20771927","2024-01-11","","NRAIL","","","","","All/Multiple Tracks","",""
"20772963","DEL","32.0962","QM","","32.0962","2100","","MA","","506398.0","223864.0","ARCHWAY ROAD LEAGRAVE-DOWN FAST","HMJ8","","","","","","","","","","","20772963","2024-01-11","","NRAIL","","","","","Down Main/Fast","Access installed on Down Fast",""
"20771936","DEL","33.0432","QM","","33.0432","0","","MA","","505579.0","224638.0","Leagrave Jcn -  Slows","HMJ8","","","","","","","","","","","20771936","2024-01-11","","NRAIL","","","","","All/Multiple Tracks","Pedestrian access",""
"20772682","DEL","60.04","QM","","60.04","0","","MA","","495987.0","263219.0","OB 2 <on WYM>","HMJ8","","","","","","","","","","","20772682","2024-01-11","","NRAIL","","","","","All/Multiple Tracks","",""
"20772683","DEL","60.05","QM","","60.05","0","","MA","","495937.0","263295.0","LR8","HMJ8","","","","","","","","","","","20772683","2024-01-11","","NRAIL","","","","","All/Multiple Tracks","",""
"20772684","DEL","60.123","QM","","60.123","0","","MA","","495613.0","263878.0","OB 3 Gooseys Bridge <WYM>","HMJ8","","","","","","","","","","","20772684","2024-01-11","","NRAIL","","","","","All/Multiple Tracks","",""
"20772686","DEL","61.009","QM","","61.009","0","","MA","","495300.0","264351.0","OB 5 Gooseys Bridge <WYM>","HMJ8","","","","","","","","","","","20772686","2024-01-11","","NRAIL","","","","","All/Multiple Tracks","",""
"20772687","DEL","61.0094","QM","","61.0094","2100","","MA","","495297.0","264354.0","OB 73 Abbots Bridge","HMJ8","","","","","","","","","","","20772687","2024-01-11","","NRAIL","","","","","Down Main/Fast","ACCESS TO WARNING SSOW.",""
"20771273","DEL","65.132","QM","","65.132","0","","MA","","490438.0","269217.0","Finedon Road - OB 71","HMJ8","","","","","","","","","","","20771273","2024-01-11","","NRAIL","","","","","All/Multiple Tracks","Bi-directional working. Large turning circle within sidings no cable present. RRV's can access at this point. Suitable parking outside access point but parking inside Wellingborough Sidings area.",""
"20772028","DEL","106.0","QM","","106.0","0","","MA","","460701.0","314351.0","Astral Foot Crossing & Farm Crossing","HMJ9","","","","","","","","","","","20772028","2024-01-11","","NRAIL","","","","","All/Multiple Tracks","",""
"50144479","DEL","1.088","QM","","1.088","9999","","MAP","","489314.0","339314.0","GONERBY BR2","HMJ9","","","","","","","","","","","50144479","2024-01-15","","NRAIL","","","","","Unknown","ZIAR Ref No_270425_ Interim Reference No_HZ_8394 _Notes: On B1174, North of Gonerby Village. Sourced from APM Nottingham Emergency Manual. Issue 01 01/03/97. ",""
"50143019","DEL","2.0726","QM","","2.0726","9999","","MAP","","527749.0","185306.0","Belsize Tunnel North Portal","HMJ8","","","","","","","","","","","50143019","2024-01-15","","NRAIL","","","","","Unknown","Notes: Via Pedestrian Gate & Steps from Midland Crescent Finchley Road, NW3 Sourced from APM Derby Emergency Manual.",""
"50144293","DEL","3.112","QM","","3.112","2100","","MAP","","432707.0","330886.0","Overbridge No.11","HMJ9","","","","","","","","","NP","","50144293","2024-01-15","","NRAIL","","","","","Down Main/Fast","5 Mile Line Diagrams Access Point No. 7427. Notes: Track right off Stenson rd from Derby to Stenson Fields Farm. Vehicle access to line up side from Goodsmoor Rd/Sunny Hill.",""
"20772676","DEL","3.1716","QM","","3.1716","9999","","MAP","","549388.0","358988.0","MAGDALEN SCHOOL","HMJ9","","","","","","","","","","","20772676","2024-01-11","","NRAIL","","","","","Unknown","12/12/2007 - ASSET CREATED - JP",""
"50144112","DEL","4.0374","QM","","4.0374","2100","","MAP","","549694.0","358766.0","WAINFLEET FOOT XING","HMJ9","","","","","","","","","","","50144112","2024-01-15","","NRAIL","","","","","Down Main/Fast","ZIAR Ref No_270472_ Interim Reference No_HZ_8538 _Notes: A52 from Skegness, pass over Wainfleet Bypass crossing & at crossroads take right turn for Wainfleet, follow road to crossing. Sourced from APM Nottingham Emergency Manual. Issue 01 01/03/97. ",""
"50144300","DEL","6.074","QM","","6.074","1100","","MAP","","429077.0","328266.0","DY189","HMJ9","","","","","","","","","NP","","50144300","2024-01-15","","NRAIL","","","","","Up Main/Fast","5 Mile Line Diagrams Access Point No. 7435. Notes: Up Main. auto. Access from Footpath Crossing on Ivy Close Willngton. More detail required. Any reference to the Up Main actually refers to the Up Tamworth as indicated in the Sectional Appendix.",""
"50143030","DEL","7.0786","QM","","7.0786","0","","MAP","","522250.0","189758.0","The Palm Trees, Hinges Bridge Footpath - UBr 51a","HMJ8","","","","","","","","","","","50143030","2024-01-15","","NRAIL","","","","","All/Multiple Tracks","Notes: Access To Silkstream Junction. Single palisade gate and kwik step to the Down Fast cess. Parking on Colin Crescent and Crossway with direct access to this path.","TQ 22000 89000"
"110151046","DEL","7.1606","QM","","7.1606","1200","","MAP","","522226.0","189637.0","Aerodrome Road Silkstream Junction Up side","HMJ8","","","","","","","","","","","110151046","2024-01-22","","","","","","","Up Slow","Pedestrian access to the Up Slow.","TQ 22200 89700"
"50143000","DEL","9.076","QM","","9.076","2100","","MAP","","521292.0","191972.0","Broadway, Mill Hill - Fast Lines - UB No. 61","HMJ8","","","","","","","","","","","50143000","2024-01-15","","NRAIL","","","","","Down Main/Fast","Notes: Access Off The Broadway, Mill Hill. Access Gate Off Car Park Burns Lane, NW7 <North End Of Station>",""
"50143001","DEL","9.0792","QM","","9.0792","0","","MAP","","521276.0","191997.0","Broadway, Mill Hill - Slow Lines-  U/B No. 61","HMJ8","","","","","","","","","","","50143001","2024-01-15","","NRAIL","","","","","All/Multiple Tracks","Notes: Access As Per U/B 61.",""
"20772418","DEL","10.07","QM","","10.07","0","","MAP","","452182.0","296114.0","Croft Liggins Old Crossing","HMJ9","","","","","","","","","","","20772418","2024-01-11","","NRAIL","","","","","All/Multiple Tracks","Foot crossing removed.",""
"110162491","DEL","12.1058","QM","","12.1058","0","","MAP","","473058.0","352059.0","Fiskerton Station Platform","HMJ9","","","","","","","","","Access Point","","110162491","2024-01-22","","NRAIL","","","","","All/Multiple Tracks","Platform extension works.Removed existing ramp, and replaced with access steps. Secured with a 222 padlock.","SK 73058 52059"
"50143447","DEL","12.1078","QM","","12.1078","1100","","MAP","","473074.0","352069.0","Fiskerton Station","HMJ9","","","","","","","","","NP","","50143447","2024-01-15","","NRAIL","","","","","Up Main/Fast","RAR NQA COULD NOT FIND. Notes: Fiskerton Village, Station Rd. Sourced from APM Nottingham Emergency Manual. Issue 01 01/03/97. ",""
"50143448","DEL","12.11","QM","","12.11","1100","","MAP","","473091.0","352080.0","Fiskerton Jn","HMJ9","","","","","","","","","NP","","50143448","2024-01-15","","NRAIL","","","","","Up Main/Fast","RAR NQA COULD NOT FIND. Notes: Track ID 1100/2100 Bi-Di. From Fiskerton to Morton, turn right towards Poplar Farm. Sourced from APM Nottingham Emergency Manual. Issue 01 01/03/97. Parking for 3/4 vehicles",""
"50144313","DEL","14.0028","QM","","14.0028","0","","MAP","","421111.0","319102.0","Arblasters Crossing/Underbridge No.30","HMJ9","","","","","","","","","NP","","50144313","2024-01-15","","NRAIL","","","","","All/Multiple Tracks","5 Mile Line Diagrams Access Point No. 7451. More detail required.","SK 21100 19100"
"110157609","DEL","14.0416","QM","","14.0416","1100","","MAP","","475275.0","353478.0","Staythorpe Level Crossing","HMJ9","","","","","","","","","Access","","110157609","2024-01-22","","NRAIL","","","","","Up Main/Fast","Access to lineside via access gate off Staythorpe Rd. YN corner of level crossing.","SK 75275 53478"
"20772833","DEL","14.11","QM","","14.11","0","","MAP","","407085.0","332947.0","Stathams LC UWC","HMJ9","","","","","","","","","","","20772833","2024-01-11","","NRAIL","","","","","All/Multiple Tracks","Tk Id 1100/2100. Cables fed under sleepers. Permission required for access from farmers. T2 and T12 required.",""
"110147489","DEL","15.0146","QM","","15.0146","0","","MAP","","516638.0","199652.0","Radlet 25KV Substation","HMJ8","","","","","","","","","","","110147489","2024-01-22","","NRAIL","","","","","All/Multiple Tracks","Watling Street Radlett. WD77LB At rear of Supermarket",""
"50142979","DEL","15.0264","QM","","15.0264","0","","MAP","","516487.0","199747.0","Shenley Road B462 - O/B No. 85","HMJ8","","","","","","","","","","","50142979","2024-01-15","","NRAIL","","","","","All/Multiple Tracks","Notes: Gives access to BR Car Park and Up Side Station entrance",""
"20772690","DEL","16.077","QM","","16.077","0","","MAP","","478762.0","353952.0","TOLNEY LANE UWC","HMJ9","","","","","","","","","","","20772690","2024-01-11","","NRAIL","","","","","All/Multiple Tracks","12/12/2007 - NEW CREATION - JP",""
"110151057","DEL","18.0115","QM","","18.0115","1200","","MAP","","516080.0","204295.0","Napsbury former station signal box","HMJ8","","","","","","","","","","","110151057","2024-01-22","","NRAIL","","","","","Up Slow","No proper path to the lineside.",""
"50406270","DEL","19.1562","QM","","19.1562","0","","MAP","","515550.0","207071.0","St Albans City Station","HMJ8","","","","","","","","","","","50406270","2024-01-15","","NRAIL","","","","","All/Multiple Tracks","WARNING SSOW PROHIBITED. DANGER OVERHEAD LIVE WIRES. PARKING FOR 3 VEHICLES OUTSIDE ACCESS GATE. ACCESS THROUGH THE STATION AND TO ALL PLATFORMS VIA THE FOOTBRIDGE.",""
"20772701","DEL","25.055","QM","","25.055","1100","","MAP","","487403.0","364902.0","CLEMENTS NO 2 UWC","HMJ9","","","","","","","","","","","20772701","2024-01-11","","NRAIL","","","","","Up Main/Fast","13/12/07 CREATING ASSETS - AS",""
"20772704","DEL","26.132","QM","","26.132","1100","","MAP","","489255.0","366255.0","EAGLE AND THORPE FP","HMJ9","","","","","","","","","","","20772704","2024-01-11","","NRAIL","","","","","Up Main/Fast","13/12/07 CREATING ASSETS - AS",""
"110151064","DEL","27.17","QM","","27.17","2100","","MAP","","511687.0","218972.0","Luton Hoo Cycle & Walkway North","HMJ8","","","","","","","","","","","110151064","2022-09-12","","","","","","","Down Main/Fast","Single Gate Access. No path or steps to lineside at 03/12/2013.",""
"50143370","DEL","28.0198","QM","","28.0198","2100","","MAP","","427686.0","329455.0","Overbridge No.97 Cockadoor Bridge","HMJ9","","","","","","","","","NP","","50143370","2024-01-15","","NRAIL","","","","","Down Main/Fast","5 Mile Line Diagram Access Point Number 7809. Notes: Turn off A5132 between Eggington AHB & A38 Junction via track to Bridge & access to signals DY294 & DY295",""
"20771973","DEL","28.1254","QM","","28.1254","1100","","MAP","","428358.0","328887.0","OB97A","HMJ9","","","","","","","","","","","20771973","2024-01-11","","NRAIL","","","","","Up Main/Fast","No parking at access on the A38 Dual carriageway. Emergency access only! Limited parking 400m away in lay-by on northbound carriageway immediately after petrol station.",""
"20772970","DEL","28.163","QM","","28.163","1200","","MAP","","510871.0","220260.0","LUTON PARKWAY-UP SLOW","HMJ8","","","","","","","","","","","20772970","2024-01-11","","NRAIL","","","","","Up Slow","Access installed on Up Slow",""
"20772325","DEL","30.099","QM","","30.099","1200","","MAP","","508787.0","221759.0","MOOR PATH","HMJ8","","","","","","","","","","","20772325","2022-09-12","","NRAIL","","","","","Up Slow","New access steps",""
"50142942","DEL","30.1285","QM","","30.1285","1200","","MAP","","508550.0","221882.0","Brook St,Luton Nth Jn, Moor Path","HMJ8","","","","","","","","","","","50142942","2024-01-15","","NRAIL","","","","","Up Slow","Single palisade gate to cess.","TL 08600 21800"
"50142943","DEL","30.1408","QM","","30.1408","0","","MAP","","508453.0","221942.0","Waldeck Road - UB 139 The Green Door","HMJ8","","","","","","","","","","","50142943","2024-01-15","","NRAIL","","","","","All/Multiple Tracks","Access via new flats off Waldeck Road","TL 08400 21900"
"50143420","DEL","33.1562","QM","","33.1562","9999","","MAP","","506216.0","378032.0","UNKNOWN FP","HMJ9","","","","","","","","","","","50143420","2024-01-15","","NRAIL","","","","","Unknown","ZIAR Ref No_270488_ Interim Reference No_HZ_8579 _Notes: A158 Lincoln to Horncastle Road, through Langworth turn left for Stainton, follow road through village on Snelland Road to crossing & walk. Sourced from APM Nottingham Emergency Manual. Issue 01 01/03/97. ",""
"50143424","DEL","36.0792","QM","","36.0792","0","","MAP","","504439.0","374302.0","REEPHAM MANOR FP","HMJ9","","","","","","","","","","","50143424","2024-01-15","","NRAIL","","","","","All/Multiple Tracks","ZIAR Ref No_270484_ Interim Reference No_HZ_8569 _Notes: A158 Lincoln to Horncastle, turn right for Cherry Willingham & Reepham, off Reepham High Street continue along High Street into Station Road, Crossing to right & walk. Sourced from APM Nottingham Emergency Manual. Issue 01 01/03/97. ",""
"50142955","DEL","38.0987","QM","","38.0987","1200","","MAP","","503597.0","232368.0","Sampshill Road - UBr 156","HMJ8","","","","","","","","","","","50142955","2024-01-15","","NRAIL","","","","","Up Slow","Notes: Westoning. Pedestrian access up to track level, up slow side. Single palisade gate and steps, with handrail, up the embankment to the Up Slow cess. Vehicle parking on the road.","TL 03500 32300"
"50142958","DEL","40.0352","QM","","40.0352","2100","","MAP","","503425.0","234960.0","Flitwick Station Car Park","HMJ8","","","","","","","","","","","50142958","2024-01-15","","NRAIL","","","","","Down Main/Fast","HEIGHT RESTRICTION 2 METRE ON CAR PARK ENTRY LOCKED BY BARRIER. WARNING SSOW PROHIBITED AREA.","TL 03400 34900"
"50142959","DEL","40.1043","QM","","40.1043","2100","","MAP","","503097.0","235502.0","James Rd Footpath - U/B 162","HMJ8","","","","","","","","","","","50142959","2024-01-15","","NRAIL","","","","","Down Main/Fast","The Thinnings. Foot Access to Flitwick Junction","TL 03100 35400"
"50142935","DEL","45.0594","QM","","45.0594","1200","","MAP","","502993.0","242668.0","UB175. Seabrooks Bridge.Stewartby Quarry","HMJ8","","","","","","","","","","","50142935","2024-01-15","","NRAIL","","","","","Up Slow","WARNING SSOW PROHIBITED. ACCESS VIA LONDON BRICK CO SERVICE ROAD FROM U/B NO. 174. PARKING ON QUARRY ROAD <PRIVATE> NEXT TO ACCESS FOR 20+ VEHICLES. DO NOT PARK IN LAYBY NEAR ACCESS POINT, HIGH INCIDENT RATE OF VANDALISM.","TL 02900 42600"
"20772740","DEL","45.0616","QM","","45.0616","9999","","MAP","","524181.0","324332.0","PUBLIC FOOTPATH NO 76","HMJ9","","","","","","","","","","","20772740","2024-01-11","","NRAIL","","","","","Unknown","13/12/07 CREATED ASSET - AS",""
"110151073","DEL","45.1692","QM","","45.1692","2100","","MAP","","503494.0","243536.0","Coronation Business Park","HMJ8","","","","","","","","","","","110151073","2024-01-22","","NRAIL","","","","","Down Main/Fast","Double palisade gates and track to the Up Slow lineside with vehicle parking and turnround space.",""
"20772328","DEL","47.002","QM","","47.002","1200","","MAP","","504027.0","245193.0","Hardwick Cottages; OBr 178","HMJ8","","","","","","","","","","","20772328","2024-01-11","","NRAIL","","","","","Up Slow","Single pedestrian gate and steps down to the Up Slow cess.","TL 03900 45100"
"20772968","DEL","47.0031","QM","","47.0031","2100","","MAP","","503985.0","245155.0","KEMPSTON HARDWICK COTTAGES-DOWN MAIN","HMJ8","","","","","","","","","","","20772968","2024-01-11","","NRAIL","","","","","Down Main/Fast","Access installed on the Down Fast",""
"110147509","DEL","48.1439","QM","","48.1439","0","","MAP","","504272.0","248026.0","Cauldwell Depot TSC 25KV Substation","HMJ8","","","","","","","","","","","110147509","2024-01-22","","NRAIL","","","","","All/Multiple Tracks","Bedford FCC Train Care Depot Cauldwell Walk Bedford MK42 9DT. Walking Via Fcc TC",""
"50406351","DEL","49.0479","QM","","49.0479","2100","","MAP","","504324.0","248755.0","OB183 Kempston Road","HMJ8","","","","","","","","","","","50406351","2024-01-15","","NRAIL","","","","","Down Main/Fast","Danger Overhead Live Wires. Access from Cauldwell Depot entrance.Cross over Kempston Road and walk over bridge to the end of the wooden fence. Turn 180 degrees to right proceed down slope to Down Fast.","TL 04300 48700"
"50142909","DEL","49.1342","QM","","49.1342","9999","","MAP","","504234.0","249530.0","Bedford Station Ford End Road Footbridge No.185A","HMJ8","","","","","","","","","","","50142909","2024-01-15","","NRAIL","","","","","Unknown","Notes: All vehicular access is at junction of Ashburnham Road/Midland Road. More detail required.",""
"50142911","DEL","50.077","QM","","50.077","1200","","MAP","","503658.0","250451.0","Bedford North Junction","HMJ8","","","","","","","","","NV","","50142911","2024-01-15","","NRAIL","","","","","Up Slow","WARNING SSOW PROHIBITED. DANGER OVERHEAD LIVE WIRES. 5 MILE LINE DIAGRAM ACCESS POINT NUMBER 7100. PEDESTRIAN ACCESS FROM SIDNEY ROAD, OFF MILTON ROAD, STEPS DOWN TO TRACK. UP SLOW SIDE. PARKING LIMITED TO 1 VEHICLE ONLY DUE TO RESTRICTIONS.",""
"110180111","DEL","51.0792","QM","","51.0792","2100","","MAP","","502731.0","251758.0","Lower Farm Fasts/Bridge 42","HMJ8","","","","","","","","","","","110180111","2024-01-23","","NRAIL","","","","","Down Main/Fast","What 3 Words - votes.stored.swim","TL 02731 51758"
"20772327","DEL","53.0022","QM","","53.0022","1200","","MAP","","501329.0","253858.0","Oakley Cottages","HMJ8","","","","","","","","","","","20772327","2024-01-11","","NRAIL","","","","","Up Slow","New Access Gate and steps","TL 01300 53800"
"50142914","DEL","53.0022","QM","","53.0022","1200","","MAP","","501327.0","253863.0","UB 46 Station Rd Oakley, Hartops Bridge","HMJ8","","","","","","","","","NV","","50142914","2024-01-15","","NRAIL","","","","","Up Slow","5 Mile Line Diagram Access Point Number 7103. Access to Station cottages pedestrian access down to track level. Up Slow Side. Parking for up to 10 vehicles at access gate.","TL 01300 53800"
"110151078","DEL","55.1463","QM","","55.1463","2100","","MAP","","500735.0","258341.0","Radwell, Moor End Lane; field access.","HMJ8","","","","","","","","","","","110151078","2022-09-12","","","","","","","Down Main/Fast","Farmer""s permission specifically required for plant or vehicles. Permissive access, from farmer, only; double gates to the Down Fast cess.",""
"50142904","DEL","60.154","QM","","60.154","3200","","MAP","","495180.0","263875.0","Wymington Road - U/B No. 4 [WYM]","HMJ8","","","","","","","","","","","50142904","2024-01-15","","NRAIL","","","","","Rev Slow","5 Mile Line Diagram Access Point Number 7410. Notes: Wymington on Wymington to Poddington road. Vehicle access to Poddington side of bridge. Access continues beside line in Down direction to 62 Mile post & LR13 Signal on down Main. NOTE: THERE IS NO ROOM TO TURN AROUND AT END. Access continues in Up direction to North end of Sharnbrook Tunnel.","SP 95400 64100"
"50142877","DEL","61.04","QM","","61.04","2100","","MAP","","494779.0","264273.0","Abbots Bridge - O/B No. 73","HMJ8","","","","","","","","","","","50142877","2024-01-15","","NRAIL","","","","","Down Main/Fast","5 MILE LINE DIAGRAM ACCESS POINT NUMBER 7409. NOTES: WARNING SSOW PROHIBITED AREA. FIELD TRACK. TURN RIGHT ON ENTERING WYMINGTON. FROM RUSHDEN. THROUGH GREEN GATES SIGNED PRIVATE ROAD/PUBLIC FOOTPATH. FOLLOW OVER SLOW LINE TO OB73 ON MAIN LINE. NEW BUILD WITH STEPS AND PEDESTRIAN GATE REQUIRED.",""
"50142903","DEL","61.15","QM","","61.15","1100","","MAP","","494067.0","264983.0","UB 72 Poddington Road Wymington","HMJ8","","","","","","","","","","","50142903","2024-01-15","","NRAIL","","","","","Up Main/Fast","5 Mile Line Diagram Access Point Number 7397. Notes: Wymington to Poddington Road. Foot access only. Unsuitable in winter. Limited parking on road",""
"20772757","DEL","62.1496","QM","","62.1496","9999","","MAP","","507965.0","345944.0","FP NO 2","HMJ9","","","","","","","","","","","20772757","2024-01-11","","NRAIL","","","","","Unknown","14/11/07 CREATING ASSET - AS",""
"50142859","DEL","64.06","QM","","64.06","0","","MAP","","491156.0","267410.0","Urthlingboro Rd B571 - O/B No. 83","HMJ8","","","","","","","","","","","50142859","2024-01-15","","NRAIL","","","","","All/Multiple Tracks","5 Mile Line Diagram Access Point Number 7386. Notes: B571 Irthingborough Road",""
"110145084","DEL","70.0189","QM","","70.0189","3200","","MAP","","488227.0","275819.0","Loc 70/18A","HMJ8","","","","","","","","","","","110145084","2022-09-12","","","","","","","Rev Slow","The access road at Loc 70/18A is not suitable for Vehicular traffic whilst 3200 is open to traffice due to restricted clearance to sleeper end",""
"20772766","DEL","70.0616","QM","","70.0616","9999","","MAP","","509255.0","357767.0","SCOPWICK COTTAGES","HMJ9","","","","","","","","","","","20772766","2024-01-11","","NRAIL","","","","","Unknown","14/11/07 CREATING ASSET - AS",""
"110151080","DEL","71.0814","QM","","71.0814","0","","MAP","","486560.0","277194.0","OBr 53, Headlands","HMJ8","","","","","","","","","","","110151080","2024-01-22","","NRAIL","","","","","All/Multiple Tracks","Pedestrian palisade gate and path down to lineside from the north face of OBr 53.","SP 86300 77700"
"50144087","DEL","74.1551","QM","","74.1551","3100","","MAP","","485497.0","282427.0","Glendon Iron Comp. Bridge - O/B 1","HMJ8","","","","","","","","","","","50144087","2018-02-06","","NRAIL","","","","","Rev Main/Fast","5 Mile Line Diagram Access Point Number 7661. Notes: Footpath from A6003 to Rushton.",""
"20772771","DEL","75.154","QM","","75.154","9999","","MAP","","504866.0","364780.0","HOWARDS","HMJ9","","","","","","","","","","","20772771","2024-01-11","","NRAIL","","","","","Unknown","14/11/07 CREATING ASSET - AS",""
"20772773","DEL","77.0066","QM","","77.0066","9999","","MAP","","504416.0","366594.0","FP NO 7","HMJ9","","","","","","","","","","","20772773","2024-01-11","","NRAIL","","","","","Unknown","14/11/07 CREATING ASSET - AS",""
"50142835","DEL","77.154","QM","","77.154","1100","","MAP","","480618.0","283609.0","Pipwell Road","HMJ8","","","","","","","","","","","50142835","2024-01-15","","NRAIL","","","","","Up Main/Fast","Notes: Pipewell Rd. Desborough. Access to line via LR195/197 Down Line. 196/198 Up Line. Access to gantry at Desborough Old Station yard top of Station Rd Desborough. Now haulage yard. Daniels Haulage. Sourced from APM Derby Emergency Manual. Issue 01 01/03/97. ","SP 80700 83600"
"50142836","DEL","78.0","QM","","78.0","2100","","MAP","","480527.0","283604.0","Desborough Station LR195,LR196,LR197,LR198","HMJ8","","","","","","","","","","","50142836","2024-01-15","","NRAIL","","","","","Down Main/Fast","Notes: Auto signals, 195/197 Down Line. 196/198 Up Line. Desborough. Yard sold. Now haulage yard Daniels Haulage. Access only allowed with 48 hours notice. Yard locked night and weekends. Denied free access due to contractors cutting locks.",""
"50142838","DEL","78.132","QM","","78.132","2100","","MAP","","479443.0","284056.0","OB 38 Judges Bridge Desborough","HMJ8","","","","","","","","","","","50142838","2024-01-15","","NRAIL","","","","","Down Main/Fast","Notes: Desborough to Braybrookw Road. Turn right on edge of village. Road leads as a bridleway from to field. Sourced from APM Derby Emergency Manual","SP 79400 84000"
"110151101","DEL","80.1039","QM","","80.1039","1100","","MAP","","489638.0","290355.0","Heritage Way; former signal box access","HMJ8","","","","","","","","","","","110151101","2024-01-22","","NRAIL","","","","","Up Main/Fast","",""
"50142817","DEL","82.117","QM","","82.117","0","","MAP","","474159.0","287023.0","Kettering Road A6","HMJ8","","","","","","","","","","","50142817","2024-01-15","","NRAIL","","","","","All/Multiple Tracks","Notes: A6 Market Harborough-Kettering Sourced from APM Derby Emergency Manual ",""
"50144056","DEL","86.073","QM","","86.073","1100","","MAP","","491293.0","298822.0","Seaton Tunnel north portal","HMJ8","","","","","","","","","","","50144056","2024-01-15","","NRAIL","","","","","Up Main/Fast","5 Mile Line Diagram Access Point Number 7641. Notes: Seaton Tunnel. 206 Yds unclassified road Seaton to Barrowden goes over.","SP 90900 99300"
"50144057","DEL","86.1381","QM","","86.1381","0","","MAP","","490989.0","299327.0","Welland Viaduct <Seaton Viaduct>","HMJ8","","","","","","","","","","","50144057","2024-01-15","","NRAIL","","","","","All/Multiple Tracks","5 Mile Line Diagram Access Point Number 7640. Notes: A.K.A. Harringworth Viaduct. Access via Old Station Yard at South End","SP 90900 99300"
"20772779","DEL","87.0088","QM","","87.0088","9999","","MAP","","491620.0","374709.0","RIVER BANK UWC","HMJ9","","","","","","","","","","","20772779","2024-01-11","","NRAIL","","","","","Unknown","14/11/07 CREATING ASSET - AS",""
"20772783","DEL","88.1254","QM","","88.1254","1100","","MAP","","489050.0","375450.0","HOTCHKINS UWC","HMJ9","","","","","","","","","UP","","20772783","2024-01-11","","NRAIL","","","","","Up Main/Fast","14/11/07 CREATING ASSET - AS. NO LIGHTS. RB 08/08/11",""
"20772786","DEL","90.0616","QM","","90.0616","9999","","MAP","","487345.0","377255.0","UWC NO 319","HMJ9","","","","","","","","","","","20772786","2024-01-11","","NRAIL","","","","","Unknown","14/11/07 CREATING ASSET - AS",""
"20772787","DEL","90.0946","QM","","90.0946","9999","","MAP","","487232.0","377535.0","SPICERS UWC","HMJ9","","","","","","","","","","","20772787","2024-01-11","","NRAIL","","","","","Unknown","14/11/07 CREATING ASSET - AS",""
"110151301","DEL","91.0968","QM","","91.0968","1100","","MAP","","465030.0","296337.0","Great Glen Wood Yard ex Great Glen Station","HMJ8","","","","","","","","","","","110151301","2024-01-22","","NRAIL","","","","","Up Main/Fast","Off Station Road, Great Glen. Access through yard entrance of Littlewood Fencing Company. Pedestrian gate & steps at south face, Up side, of Obr 10, down into the cutting and Down cess.","SP 65000 96300"
"20772789","DEL","92.0066","QM","","92.0066","9999","","MAP","","486331.0","379774.0","UNKNOWN FP","HMJ9","","","","","","","","","","","20772789","2024-01-11","","NRAIL","","","","","Unknown","14/11/07 CREATING ASSET - AS",""
"20772790","DEL","92.066","QM","","92.066","9999","","MAP","","486128.0","380277.0","UNKNOWN FP","HMJ9","","","","","","","","","","","20772790","2024-01-11","","NRAIL","","","","","Unknown","14/11/07 CREATING ASSET - AS",""
"50142788","DEL","94.1615","QM","","94.1615","1100","","MAP","","460031.0","297843.0","OB2 Bassets Bridge Wigston","HMJ8","","","","","","","","","","","50142788","2024-07-22","","NRAIL","","","","","Up Main/Fast","5 Mile Line Diagram Access Point Number 7297. Notes: Track from Wigston Magna. Britford Ave to field at Sth Wigston. W3W slug.manual.filled","SP 60031 97843"
"110151110","DEL","96.148","QM","","96.148","1100","","MAP","","486138.0","313802.0","Ashwell crossing & SB","HMJ8","","","","","","","","","","","110151110","2022-09-09","","","","","","","Up Main/Fast","Pedestrian gate into the Up lineside at the signal box.",""
"50142761","DEL","104.132","QM","","104.132","0","","MAP","","461596.0","312555.0","River Wreake - U/B No. 42","HMJ9","","","","","","","","","","","50142761","2024-01-15","","NRAIL","","","","","All/Multiple Tracks","5 Mile Line Diagram Access Point Number 7259. Notes: Steps to Down Side. Park in Lay by just after Underbridge 42. River Wreake.",""
"20634772","DEL","107.0537","QM","","107.0537","1100","","MAP","","532300.0","344208.0","BOSTON STATION","HMJ9","","","","","","","","","","","20634772","2024-01-11","","NRAIL","","","","","Up Main/Fast","MIMS-SX//SC/SC -",""
"50144129","DEL","107.0968","QM","","107.0968","3100","","MAP","","532345.0","344542.0","WITHAM BANK EAST BR 25","HMJ9","","","","","","","","","","","50144129","2024-01-15","","NRAIL","","","","","Rev Main/Fast","ZIAR Ref No_270452_ Interim Reference No_HZ_8474 _Notes: From station front proceed down Station Street take 1st left into Tower Street, follow road into Irby Street bridge. UB 23. is near the end on the left before road goes under railway. Proceed under",""
"50142743","DEL","108.155","QM","","108.155","2100","","MAP","","457431.0","317402.0","OB 59 Barrow upon Soar North ST B675","HMJ9","","","","","","","","","","","50142743","2024-01-15","","NRAIL","","","","","Down Main/Fast","5 Mile Line Diagram Access Point Number 7245. Notes: Nth St Barrow. Access to line Down Side via double gates at end of public Car Park.",""
"50143916","DEL","110.1001","QM","","110.1001","3400","","MAP","","444246.0","311492.0","Cliffe Hill B591 - O/B No. 38","HMJ9","","","","","","","","","","","50143916","2024-01-15","","NRAIL","","","","","Rev Single","5 Mile Line Diagram Access Point Number 7595. Notes: Forest Road Coalville. Junction to Coalfields Farm / Ellistown. Steps cut into earth",""
"50142751","DEL","110.132","QM","","110.132","2100","","MAP","","455381.0","319574.0","Br 71 & 73 Moor Lane Crossing LR505/LR507","HMJ9","","","","","","","","","","","50142751","2024-01-15","","NRAIL","","","","","Down Main/Fast","5 Mile Line Diagram Access Point Number 7236. Notes: Moor Lane Xing. Signals 100 yds North UB71 farm track at Xing. UB73 Culvert 300 yds North. No vehicle or Plant access. Access via track from Loughborough at merging of Gt Central Rd & Empress Rd.","SK 55381 19574"
"20772597","DEL","112.0902","QM","","112.0902","0","","MAP","","494995.0","344199.0","NO 37 FP","HMJ9","","","","","","","","","","","20772597","2024-01-11","","NRAIL","","","","","All/Multiple Tracks","11/12/07 CREATING ASSET",""
"50142721","DEL","112.1276","QM","","112.1276","0","","MAP","","453125.0","321795.0","Somerford Brook - U/B No. 79","HMJ9","","","","","","","","","","","50142721","2024-01-15","","NRAIL","","","","","All/Multiple Tracks","5 Mile Line Diagram Access Point Number 8883. Notes: Somerford Brook.",""
"50142726","DEL","112.166","QM","","112.166","0","","MAP","","452926.0","322085.0","Underbridge No.81","HMJ9","","","","","","","","","NP","","50142726","2024-01-15","","NRAIL","","","","","All/Multiple Tracks","Notes: River Soar. Sourced from APM Derby Emergency Manual. Issue 01 01/03/97. ",""
"50144022","DEL","113.0792","QM","","113.0792","9999","","MAP","","474338.0","318536.0","Melton Jcn GF","HMJ8","","","","","","","","","","","50144022","2024-01-15","","NRAIL","","","","","Unknown","5 Mile Line Diagram Access Point Number 7697/7698. Notes: Strategic Access Point Access off A607 Leics Rd Melton at roundabout for Do It All D.I.Y. & bowling alley. Line at Jcn goes to Edwalton Test Track, Research Dept Line & Asfordby Mine. Staff kept in Melton SB. NOTE Mileage change to old route to Nottingham. Railtrack boundary on Test Track is 107m 440 yds. Also OB23, A607 rd over next to Do It All.",""
"50144154","DEL","114.1232","QM","","114.1232","0","","MAP","","498469.0","344380.0","ANCASTER STATION LC","HMJ9","","","","","","","","","","","50144154","2024-01-15","","NRAIL","","","","","All/Multiple Tracks","ZIAR Ref No_270433_ Interim Reference No_HZ_8413 _Notes: As From A153 Sleaford - Grantham road, take B1403 through Ancaster to bridge & follow signs to Station, Crossing is past West End of Station. Sourced from APM Nottingham Emergency Manual. Issue 0",""
"20634700","DEL","114.1238","QM","","114.1238","2100","","MAP","","498475.0","344380.0","ANCASTER STATION","HMJ9","","","","","","","","","","","20634700","2024-01-11","","NRAIL","","","","","Down Main/Fast","MIMS-SX//SC/KN - Not seen on SERCO -",""
"50142699","DEL","119.0188","QM","","119.0188","1100","","MAP","","449455.0","331049.0","Underbridge No.25 Wilsons","HMJ9","","","","","","","","","NP","","50142699","2024-01-15","","NRAIL","","","","","Up Main/Fast","Notes: Cattle Creep from fields West of line to Cranfleet Farm. Sourced from APM Nottingham Emergency Manual. Issue 01 01/03/97. Parking inside boundary for 5 vehicles. Access Trent Lane and drive straight down to Farm. Driver through farm on path through cattle creeps to Cranfleet Canal Underbridge",""
"110157768","DEL","119.0375","QM","","119.0375","0","","MAP","","449459.0","331035.0","Viaduct","HMJ9","","","","","","","","","Access Point","","110157768","2024-01-22","","NRAIL","","","","","All/Multiple Tracks","N.B. THL 119.0375 is accessed via SPC6 119.0175. See Hazard reference 50142697. The coordinates above reflect this location. Parking inside boundary at the top of the hill for 5 vehicles. Access Trent Lane and drive straight down to farm. Drive through farm on cattle creeps to Cranfleet canal underbridge. Turn right through access gate up steep hill onto track side at Trent Sth Jcn 713 points. THL start mileage Grid Ref: SK49431 331222.","SK 49459 31035"
"110157766","DEL","119.0428","QM","","119.0428","0","","MAP","","449402.0","331261.0","Cranfleet Canal Underbridge","HMJ9","","","","","","","","","Access point","","110157766","2024-01-22","","NRAIL","","","","","All/Multiple Tracks","Notes: Cranfleet Canal. Sourced from APM Nottingham Emergency Manual. Issue 01 01/03/97. Parking inside boundary for 5 vehicles. Access Trent Lane and drive straight down to farm. Drive through farm on cattle creeps to Cranfleet Canal Underbridge.","SK 49402 31261"
"110157767","DEL","119.0608","QM","","119.0608","0","","MAP","","449343.0","331413.0","UB 24 Sawley & Thrumpton","HMJ9","","","","","","","","","Access Point","","110157767","2024-01-22","","NRAIL","","","","","All/Multiple Tracks","Notes: Tk ID 1100/2100. Lane off track which passes former Trent Station to fields on River Trent. Sourced from APM Nottingham Emergency Manual. Issue 01 01/03/97. Parking between tracks Down TSN1 Up SPC6.","SK 49343 33141"
"20772839","DEL","120.135","QM","","120.135","2100","","MAP","","449454.0","333592.0","Co-op Long Eaton","HMJ9","","","","","","","","","","","20772839","2024-01-11","","NRAIL","","","","","Down Main/Fast","Parking with permission of Co-operative Security",""
"20772413","DEL","121.0","QM","","121.0","2300","","MAP","","449303.0","333935.0","Asda Long Eaton","HMJ9","","","","","","","","","","","20772413","2024-01-11","","NRAIL","","","","","Down Goods","Follow road to car park, enter access gate, parking for several vehicles inside.",""
"50142318","DEL","121.0088","QM","","121.0088","2100","","MAP","","449514.0","333912.0","Underbridge No. 9 Nottingham Road","HMJ9","","","","","","","","","NP","","50142318","2024-01-15","","NRAIL","","","","","Down Main/Fast","Notes: A.6005 Road Long Eaton to Nottingham, East of Long Eaton Green. Sourced from APM Nottingham Emergency Manual. Issue 01 01/03/97. Access gate is at Bridge.",""
"20772635","DEL","121.0484","QM","","121.0484","2100","","MAP","","544692.0","362478.0","WAINFLEET LOW ROAD","HMJ9","","","","","","","","","","","20772635","2024-01-11","","NRAIL","","","","","Down Main/Fast","11/12/07 CREATING ASSET - AS",""
"50142491","DEL","121.0638","QM","","121.0638","0","","MAP","","447545.0","330100.0","Underbridge No.9","HMJ9","","","","","","","","","NP","","50142491","2024-01-15","","NRAIL","","","","","All/Multiple Tracks","5 Mile Line Diagram Access Point Number 9070. Notes: Portion of Track from A.453 to farm on North/West of line.",""
"20772406","DEL","121.08","QM","","121.08","1100","","MAP","","447488.0","329963.0","Whites Farm Crossing","HMJ9","","","","","","","","","","","20772406","2024-01-11","","NRAIL","","","","","Up Main/Fast","Parking for 3/4 vehicles",""
"50142494","DEL","122.1562","QM","","122.1562","0","","MAP","","445683.0","328629.0","Overbridge No.11","HMJ9","","","","","","","","","NP","","50142494","2024-01-15","","NRAIL","","","","","All/Multiple Tracks","Notes: Unclassified Road from A.6. T. to Hemington. Sourced from APM Nottingham Emergency Manual. Issue 01 01/03/97. ",""
"50396631","DEL","123.0551","QM","","123.0551","9999","","MAP","","453395.0","336236.0","Beeston Stn","HMJ9","","","","","","","","","NP","","50396631","2024-01-15","","NRAIL","","","","","Unknown","",""
"50143381","DEL","123.0594","QM","","123.0594","0","","MAP","","464473.0","339510.0","Radcliffe Underbridge No.","HMJ9","","","","","","","","","NP","","50143381","2024-01-15","","NRAIL","","","","","All/Multiple Tracks","5 Mile Line Diagram Access Point Number 8350. Notes: A52 from Nottingham, Pass under Railway Bridge, take left fork for Radcliffe, after 1/2 mile turn left down line - 1/4 mile before Shelford Road - to Bridge.",""
"50142685","DEL","123.0924","QM","","123.0924","1100","","MAP","","443198.0","333699.0","Overbridge No.12","HMJ9","","","","","","","","","NP","","50142685","2024-01-15","","NRAIL","","","","","Up Main/Fast","Notes: Access via Nooning Lane. Sourced from APM Nottingham Emergency Manual. Issue 01 01/03/97. ",""
"50143383","DEL","123.1672","QM","","123.1672","0","","MAP","","463555.0","339813.0","Rectory SB","HMJ9","","","","","","","","","NP","","50143383","2024-01-15","","NRAIL","","","","","All/Multiple Tracks","5 Mile Line Diagram Access Point Number 8348. Notes: Loop road from Nottingham, turn right at lights by BRSA Club, right again at roundabout, then first left & through barrier at end of road. Parking for up to 10 vehicles.",""
"50142462","DEL","123.1698","QM","","123.1698","1100","","MAP","","443957.0","328487.0","TT399","HMJ9","","","","","","","","","NP","","50142462","2024-01-15","","NRAIL","","","","","Up Main/Fast","Notes: Up line controlled. protects Back Lane Crossing. Sourced from APM Derby Emergency Manual. Issue 01 01/03/97. ",""
"50143936","DEL","124.0953","QM","","124.0953","0","","MAP","","425887.0","319618.0","DY125","HMJ9","","","","","","","","","NP","","50143936","2024-01-15","","NRAIL","","","","","All/Multiple Tracks","5 Mile Line Diagrams Access Point No 7571. Notes: Up line auto. More details required.",""
"50143937","DEL","124.098","QM","","124.098","0","","MAP","","425870.0","319635.0","Overbridge No.74","HMJ9","","","","","","","","","NP","","50143937","2024-01-15","","NRAIL","","","","","All/Multiple Tracks","5 Mile Line Diagrams Access Point No 7572. Notes: Access via Farm track <Bridle Lane> which can be accessed either from the A444, Woodland Road or Rosliston Road.",""
"50143895","DEL","124.114","QM","","124.114","0","","MAP","","425769.0","319739.0","Overbridge No.75","HMJ9","","","","","","","","","NP","","50143895","2024-01-15","","NRAIL","","","","","All/Multiple Tracks","5 Mile Line Diagrams Access Point No 7570. Notes: Farm track between fields. More details required.",""
"50142283","DEL","124.132","QM","","124.132","0","","MAP","","455008.0","337894.0","Beeston North Jn","HMJ9","","","","","","","","","NP","","50142283","2024-01-15","","NRAIL","","","","","All/Multiple Tracks","5 Mile Line Diagram Access Point Number 8863. Notes:All cables UXT pipe troughting. Parking for 3 vehicles.",""
"50142470","DEL","125.064","QM","","125.064","1100","","MAP","","441729.0","328206.0","Underbridge No.16","HMJ9","","","","","","","","","NP","","50142470","2024-01-15","","NRAIL","","","","","Up Main/Fast","Notes: Farm track from unclassified road between Aston & Weston-on-Trent. Over Canal at Weston Grange. Sourced from APM Derby Emergency Manual. Issue 01 01/03/97. Parking through gates and park on verge leading to track.",""
"50143590","DEL","126.0132","QM","","126.0132","1100","","MAP","","454458.0","340549.0","Overbridge No.21A Beechdale Baths","HMJ9","","","","","","","","","NP","","50143590","2024-01-15","","NRAIL","","","","","Up Main/Fast","5 Mile Line Diagram Access Point Number: 9117. Notes: Nottingham Ring Road, Western Boulevard. Parking for appromimately 10 vehicles. Access via Beechdale Swimming Baths",""
"50143899","DEL","126.0287","QM","","126.0287","2100","","MAP","","424070.0","321503.0","Underbridge No.82/DY136","HMJ9","","","","","","","","","NP","","50143899","2024-01-15","","NRAIL","","","","","Down Main/Fast","5 Mile Line Diagrams Access Point No 7566. Notes: A5121 rd at Branston. Burton on Trent. DY136 Down protecting Jn 126m 283 yds More details required. Any reference to the Down Goods is actually the Down Coalville Goods as indicated in the Sectional Appendix.",""
"50142445","DEL","126.1413","QM","","126.1413","0","","MAP","","439456.0","328008.0","DY334","HMJ9","","","","","","","","","NP","","50142445","2024-01-15","","NRAIL","","","","","All/Multiple Tracks","5 Mile Line Diagram Access Point Number 7545. Notes: Down controlled access via OB24.",""
"50142388","DEL","128.088","QM","","128.088","3200","","MAP","","446163.0","345267.0","Long Lane <N> MFN Nightclub","HMJ9","","","","","","","","","NP","","50142388","2024-01-15","","NRAIL","","","","","Rev Slow","THIS ACCESS IS NO LONGER IN USE. IT MAY BE REINSTATED IF AGREEMENT CAN BE REACHED WITH NIGHTCLUB OWNER. DO NOT ATTEMPT ACCESS. Access via Long Lane end. Pass MFN nightclub <Shipley Boat Inn>.Parking for 2 vehicles in layby near to footbridge. Path up to trackside.","SK 46163 45267"
"50142454","DEL","128.088","QM","","128.088","1100","","MAP","","437116.0","329053.0","DY344","HMJ9","","","","","","","","","NP","","50142454","2024-01-15","","NRAIL","","","","","Up Main/Fast","5 Mile Line Diagram Access Point Number 7536. Notes: Down line auto. Nearest access UB7A.",""
"20772607","DEL","131.0792","QM","","131.0792","0","","MAP","","523616.0","343319.0","ABY HOUSE FP","HMJ9","","","","","","","","","","","20772607","2024-01-11","","NRAIL","","","","","All/Multiple Tracks","11/12/07 ASSET CREATED - AS",""
"50142431","DEL","131.0792","QM","","131.0792","1100","","MAP","","432550.0","329904.0","Overbridge No.2 Stenson Bridge Stenson Road","HMJ9","","","","","","","","","NP","","50142431","2024-01-15","","NRAIL","","","","","Up Main/Fast","Notes: Foot access at bridge, gate obsured by vegetation. Parking for 1/2 vehicles in farm yard with farmers permission. Bridge at Stenson Bubble near P.H. steps on Up Side. Unclassified Stenson to Stenson Fields. Sourced from APM Derby Emergency Manual. Issue 01 01/03/97.",""
"20772608","DEL","131.1452","QM","","131.1452","0","","MAP","","524235.0","343466.0","COPPERFIELD HOUSE","HMJ9","","","","","","","","","","","20772608","2024-01-11","","NRAIL","","","","","All/Multiple Tracks","11/12/07 ASSET CREATED - AS",""
"20772609","DEL","132.0616","QM","","132.0616","0","","MAP","","525057.0","343663.0","WATERGATE FP","HMJ9","","","","","","","","","","","20772609","2024-01-11","","NRAIL","","","","","All/Multiple Tracks","11/12/07 ASSET CREATED - AS",""
"20772610","DEL","132.1034","QM","","132.1034","0","","MAP","","525429.0","343750.0","NO 82 FP","HMJ9","","","","","","","","","","","20772610","2024-01-11","","NRAIL","","","","","All/Multiple Tracks","11/12/07 ASSET CREATED - AS",""
"20772611","DEL","132.1298","QM","","132.1298","0","","MAP","","525668.0","343771.0","NO 83 FP","HMJ9","","","","","","","","","","","20772611","2024-01-11","","NRAIL","","","","","All/Multiple Tracks","11/12/07 ASSET CREATED - AS",""
"20772612","DEL","133.0022","QM","","133.0022","0","","MAP","","526109.0","343737.0","APPLEYARD COTTAGE FP","HMJ9","","","","","","","","","","","20772612","2024-01-11","","NRAIL","","","","","All/Multiple Tracks","11/12/07 ASSET CREATED - AS",""
"50142337","DEL","133.007","QM","","133.007","2100","","MAP","","444090.0","351978.0","UB 53-54 Codnor <Slope>","HMJ9","","","","","","","","","NP","","50142337","2024-01-15","","NRAIL","","","","","Down Main/Fast","5 Mile Line Diagram Access Point Number 9001. Notes: River Erewash & B.6016 Road from Swanwick to Selston. Parking for 2/3 vehicles at the top of the slope.",""
"50144127","DEL","133.1242","QM","","133.1242","3100","","MAP","","527227.0","343654.0","HUBBERTS BRIDGE","HMJ9","","","","","","","","","","","50144127","2024-01-15","","NRAIL","","","","","Rev Main/Fast","MIMS-SX//SC/KN - ZIAR Ref No_270447_ Interim Reference No_HZ_8459 _Notes: At crossroad between A1121 & B1192 in Hubberts Bridge. Sourced from APM Nottingham Emergency Manual. Issue 01 01/03/97. - Not seen on SERCO -",""
"50142632","DEL","134.1","QM","","134.1","2100","","MAP","","434669.0","345851.0","Overbridge No.23","HMJ9","","","","","","","","","NP","","50142632","2024-01-15","","NRAIL","","","","","Down Main/Fast","5 Mile Line Diagram Access Point Number 7183. Notes: No access trackside fenced off. No vehiclular access.",""
"50142345","DEL","134.1012","QM","","134.1012","1100","","MAP","","443681.0","354233.0","Birchwood Lane - Coates Park","HMJ9","","","","","","","","","NP","","50142345","2024-01-15","","NRAIL","","","","","Up Main/Fast","Contractors and Rail Staff shut gate and lock. Parking and turning area at Pye Bridge Jcn; barriers and troughing protection required <route part buried only & damaged>.Vehicle access and parking for full length of line and to PBS1. Formation & drainage requires attention <grading & ditching> in Alfreton Tunnel Goods bore.",""
"20772615","DEL","134.1144","QM","","134.1144","3100","","MAP","","528737.0","343545.0","NO 89 FP","HMJ9","","","","","","","","","","","20772615","2024-01-11","","NRAIL","","","","","Rev Main/Fast","11/12/07 ASSET CREATED - AS",""
"110179901","DEL","136.063","QM","","136.063","0","","MAP","","447553.0","354764.0","Lower Portland UWC","HMJ9","","","","","","","","","","","110179901","2024-01-23","","NRAIL","","","","","All/Multiple Tracks","Lower Portland UWC provides pedestrian access to trackside. Parking not available on the land, accessed off Park Lane.","SK 47553 54764"
"110174391","DEL","138.0745","QM","","138.0745","1100","","MAP","","435269.0","351765.0","O/B 45, A610","HMJ9","","","","","","","","","","","110174391","2024-01-22","","NRAIL","","","","","Up Main/Fast","Authorised access point, pedestrian. Off A610, Ripley Road. ~
Access gate and steps on Ripley side of OB 45. Caution: access historically appears overgrown with nettles and brambles. Access to Up Main","SK 35269 51765"
"50142327","DEL","139.0198","QM","","139.0198","3400","","MAP","","441350.0","360661.0","Morton <Slope>","HMJ9","","","","","","","","","NP","","50142327","2024-01-15","","NRAIL","","","","","Rev Single","5 Mile Line Diagram Access Point Number 9025. Notes: A.61 Road, Alfreton to Chesterfield, Turn Right, Far as Green & White Pub, Turn Left under Bridge, approximately 100 yds. South for Morton, North to Coney Green.",""
"110183251","DEL","139.0358","QM","","139.0358","2100","","MAP","","451921.0","359597.0","Kings Mill Reservoir","HMJ9","","","","","","","","","","","110183251","2024-01-23","","NRAIL","","","","","Down Main/Fast","","SK 51921 59597"
"110183252","DEL","139.0358","QM","","139.0358","2100","","MAP","","451921.0","359597.0","Kings Mill Reservoir","HMJ9","","","","","","","","","","","110183252","2024-01-23","","NRAIL","","","","","Down Main/Fast","","SK 51921 59597"
"110147690","DEL","139.0484","QM","","139.0484","0","","MAP","","","","chicken farm","HMJ9","","","","","","","","","","","110147690","2019-04-10","","","","","","","All/Multiple Tracks","authorised access point at public crossing - pedestrian only. access can be gained from sutton roan<A38> from the north or from hermitage way <via industrail estate> from the south",""
"50144435","DEL","144.143","QM","","144.143","3400","","MAP","","429800.0","359900.0","Tunnel Holt Lane","HMJ9","","","","","","","","","NP","","50144435","2024-01-15","","NRAIL","","","","","Rev Single","WARNING SSOW PROHIBITED. NO ACCESS AT THIS MILEAGE. ACCESS VIA MATLOCK STATION. SEE 50132744","SK 42980 35990"
"110156162","DEL","0.1034","QM","","0.1034","0","","MAR","","302840.0","","Canal Tunnels","HMJ8","","","","","","","","","","","110156162","2024-01-22","","NRAIL","","","","","All/Multiple Tracks","Steep access slope with a gradient of 1 in 40 at the RRAP entrance should be taken into account when operating RRVs. Metal drainage cover also located on the slope is a potential hazard due to lack of surface traction especially in wet weather conditions.",""
"110151132","DEL","2.0","QM","","2.0","0","","MAR","","528649.0","185360.0","Murphys Yard, Carlton Road Junction","HMJ8","","","","","","","","","","","110151132","2024-01-22","","NRAIL","","","","","All/Multiple Tracks","RRAP <2 mp to Down Slow SPC1>; access to MCL <3m 1710y> SPC1 Up / Down, Relief lines, Up & Down JRT1.","TQ 28649 85360"
"110151131","DEL","3.107","QM","","3.107","1100","","MAR","","528415.0","185379.0","Murphys Yard, Kentish Town Jn","HMJ8","","","","","","","","","","","110151131","2024-01-22","","NRAIL","","","","","Up Main/Fast","RRV access for MCL &  SPC1 Up / Down, Relief lines & bi-di slow.","TQ 28415 85379"
"50406359","DEL","4.1115","QM","","4.1115","1200","","MAR","","524422.0","185331.0","Watling Street Jcn <Westcroft Close>","HMJ8","","","","","","","","","","","50406359","2024-01-15","","NRAIL","","","","","Up Slow","Parking inside the access for 10+ cars.","TQ 24422 85331"
"20771992","DEL","37.024","QM","","37.024","1200","","MAR","","503485.0","230113.0","Harlington Lorry Park, Newton Commercials.","HMJ8","","","","","","","","","","","20771992","2024-01-11","","NRAIL","","","","","Up Slow","Double palisade gates to Up Slow Bomac RRAP.",""
"20771993","DEL","37.037","QM","","37.037","2100","","MAR","","503479.0","230198.0","Harlington Station Car Park","HMJ8","","","","","","","","","","","20771993","2024-01-11","","NRAIL","","","","","Down Main/Fast","Double palisade gates to Down Fast cess with parking for vehicles inside the gates. RRAP Bomac deck present on Down and Up Fast.","TL 03400 30000"
"110149003","DEL","40.0065","QM","","40.0065","2100","","MAR","","503283.0","235192.0","Flitwick Relay Room","HMJ8","","","","","","","","","ROAD RAIL VEHICLE ACCESS","","110149003","2024-01-22","","NP","","","","","Down Main/Fast","Road Rail Vehicle Access Point <RRAP> Down Fast Flitwick Relay Room",""
"20772005","DEL","41.1076","QM","","41.1076","1200","","MAR","","503479.0","236851.0","Ampthill Station Yard; Skinsheds","HMJ8","","","","","","","","","","","20772005","2024-01-11","","NRAIL","","","","","Up Slow","Danger Overhead Live Wires. Parking for 2 vehicles in car park. Double palisade gate to Up Slow cess and RRAP. Check if RRAP to all 4 lines.",""
"110151980","DEL","119.159","QM","","119.159","1100","","MAR","","449577.0","332209.0","Trent Tawn - Trent Cottages","HMJ9","","","","","","","","","","","110151980","2024-01-22","","NRAIL","","","","","Up Main/Fast","Trent Tawn - Trent Cottages. Grid Ref SK497324.",""
"110151987","DEL","120.1402","QM","","120.1402","1100","","MAR","","469515.0","340201.0","Saxondale","HMJ9","","","","","","","","","","","110151987","2024-01-22","","NRAIL","","","","","Up Main/Fast","Saxondale. Grid Ref SK684402.",""
"110151972","DEL","140.095","QM","","140.095","2100","","MAR","","440784.0","362762.0","Overbridge 87 Market Street","HMJ9","","","","","","","","","","","110151972","2024-01-22","","NRAIL","","","","","Down Main/Fast","Overbridge 87 Market Street. Grid Ref SK403648.",""
"110151035","DEL","0.0165","QM","","0.0165","0","","MAV","","528413.0","185385.0","Carlton Road Jcn Tottenham Curve Lines","HMJ8","","","","","","","","","","","110151035","2024-01-22","","NRAIL","","","","","All/Multiple Tracks","Security gate at Murphy""s Yard, turn north through the gate; parking and turning for plant and vehicles at the Junction","TQ 28414 85389"
"20771979","DEL","0.1672","QM","","0.1672","2100","","MAV","","529662.0","184152.0","OB13 Dock Jn Nth","HMJ8","","","","","","","","","","","20771979","2024-01-11","","NRAIL","","","","","Down Main/Fast","CTRL staff man this access point. Danger from Over Head Wires.","TQ 29662 84152"
"110151043","DEL","2.0","QM","","2.0","0","","MAV","","528411.0","185376.0","Murphys Yard, Carlton Road Junction","HMJ8","","","","","","","","","","","110151043","2024-01-22","","NRAIL","","","","","All/Multiple Tracks","RRAP <2 mp to Down Slow SPC1>; access to MCL <3m 1710y> SPC1 Up / Down, Relief lines, Up & Down JRT1.","TQ 28411 85376"
"50144295","DEL","3.166","QM","","3.166","1100","","MAV","","432333.0","330561.0","DW5332","HMJ9","","","","","","","","","NP","","50144295","2024-01-15","","NRAIL","","","","","Up Main/Fast","5 Mile Line Diagrams Access Point No. 7429. Notes: Up Main auto access by vehicle to Up Side from Goodsmoor Road/Sunny Hill More detail required. Any reference to the Up Main actually refers to the Up Tamworth as indicated in the Sectional Appendix.","SK 32333 30561"
"50144296","DEL","5.044","QM","","5.044","2100","","MAV","","430639.0","329319.0","Stenson And North Staffordshire","HMJ9","","","","","","","","","NP","","50144296","2024-01-15","","NRAIL","","","","","Down Main/Fast","Notes: Sourced from APM Derby Emergency Manual. Issue 01 01/03/97. Any reference to the Down Main actually refers to the Down Tamworth as indicated in the Sectional Appendix.","SJ 93282 22140"
"50143027","DEL","5.1481","QM","","5.1481","0","","MAV","","523264.0","186740.0","Geron Way, Post Office Sidings","HMJ8","","","","","","","","","","","50143027","2024-01-15","","NRAIL","","","","","All/Multiple Tracks","Double gates to trackside; vehicle parking outside the gates. Up & Dn Brent Curve and Down Hendon.",""
"20771559","DEL","5.1722","QM","","5.1722","1900","","MAV","","523025.0","187009.0","Cricklewood Sidings, Signal Box & P Way Depot","HMJ8","","","","","","","","","","","20771559","2024-01-11","","NRAIL","","","","","Up Siding","Double gates with vehicle parking inside the gates.",""
"20771981","DEL","6.044","QM","","6.044","9999","","MAV","","522746.0","187325.0","Cricklewood Signalbox","HMJ8","","","","","","","","","","","20771981","2024-01-11","","NRAIL","","","","","Unknown","Danger Overhead Live Wires. Parking for 20+ vehicles. Down Hendon Line","TQ 22700 87300"
"20772393","DEL","10.0304","QM","","10.0304","1100","","MAV","","451851.0","295968.0","Croft quarry sidings","HMJ9","","","","","","","","","","","20772393","2024-01-11","","NRAIL","","","","","Up Main/Fast","Off the B4114 Coventry Road between Narborough and Croft into Marion""s Way and over the railway. Turn right for access to the Up sidings. Sign in with the Aggregate Industries Security Guards. Double gates into the siding area.",""
"50144265","DEL","16.005","QM","","16.005","1100","","MAV","","419565.0","316259.0","Wichnor Junction","HMJ9","","","","","","","","","NP","","50144265","2024-01-15","","NRAIL","","","","","Up Main/Fast","Notes: Sourced from APM Derby Emergency Manual. Issue 01 01/03/97. Ballasted roadway. Parking only within access gate to trackside. For up to 50 vehicles. Any reference to the Up Main actually refers to the Up Tamworth as indicated in the Sectional Appendix.",""
"50406292","DEL","37.0263","QM","","37.0263","1200","","MAV","","503478.0","230103.0","NV 37m 263yds","HMJ8","","","","","","","","","","","50406292","2024-01-15","","NRAIL","","","","","Up Slow","Use Harrington lorry park for access","TL 03400 30000"
"50406296","DEL","37.0353","QM","","37.0353","2100","","MAV","","503480.0","230186.0","NV","HMJ8","","","","","","","","","","","50406296","2024-01-15","","NRAIL","","","","","Down Main/Fast","Gates At End Of Car Park","TL 03400 30000"
"20772006","DEL","41.09","QM","","41.09","1200","","MAV","","502372.0","236787.0","Ampthill Station Yard","HMJ8","","","","","","","","","","","20772006","2024-01-11","","NRAIL","","","","","Up Slow","Parking Station Yard. Gate bent.",""
"110151071","DEL","41.1351","QM","","42.074","2100","","MAV","","502226.0","237173.0","Ampthill 25KV Substation","HMJ8","","","","","","","","","","","110151071","2022-09-12","","","","","","","Down Main/Fast","Double palisade gates and vehicle track to a parking area above the south portal; track continues south to the substation with limited parking and turnround area.",""
"20772017","DEL","64.1059","QM","","64.1059","3200","","MAV","","490770.0","267553.0","Leyland Trading Estate; former Morris Motors","HMJ8","","","","","","","","","","","20772017","2024-01-11","","NRAIL","","","","","Rev Slow","WARNING SSOW PROHIBITED. PARKING AND TURNING AT SOUTH END, NOT AT NORTH END. BALLAST DEEP IN PLACES. ENTER THE TRADING ESTATE OFF THE B571 EAST OF OBR 83. VEHICLE GATE INTO THE RAILWAY, BY UNITS 7 AND 8, WITH ACCESS TO THE FORMER UP SLOW FORMATION. IT IS POSSIBLE TO DRIVE TO THE FORMER IRCHESTER STATION, TO THE SOUTH, AND WELLINGBOROUGH STATION, TO THE NORTH.",""
"20771558","DEL","65.1316","QM","","65.1316","1900","","MAV","","490459.0","269214.0","Neilsons Sidings","HMJ8","","","","","","","","","","","20771558","2024-01-11","","NRAIL","","","","","Up Siding","In Wellingborough, turn off Eastfield Road into Mill Road, cross the railway bridge and turn left into railway land. Drive north to the access gates beneath Finedon Road, turn left over LC then right to park between sidings 6 & 7. GBRf have lease on Sidings.","SP 90400 69200"
"20772018","DEL","65.1327","QM","","65.1327","1900","","MAV","","490437.0","269224.0","Finedon Rd Down Sidings","HMJ8","","","","","","","","","","","20772018","2024-01-11","","NRAIL","","","","","Up Siding","Access very muddy",""
"110145068","DEL","67.002","QM","","67.002","9999","","MAV","","489742.0","271096.0","Harrowden Junction","HMJ8","","","","","","","","","","","110145068","2022-09-12","","","","","","","Unknown","Pinch Point in trackside access road due to new SPT walkway, road vehicles may not pass this point in either direction",""
"110151297","DEL","74.0596","QM","","75.01","2100","","MAV","","485548.0","281590.0","OBr 47 Kettering North <Glendon>","HMJ8","","","","","","","","","","","110151297","2024-01-22","","NRAIL","","","","","Down Main/Fast","Outer access gate at north face of OBr 47, Down side, into a vehicle track within NR land to UBr 46, then to inner access gate on Up Fast side. No direct access to the track until the gate on the Up Fast at 75m 0100y.",""
"20772021","DEL","75.005","QM","","75.005","2100","","MAV","","485087.0","282589.0","Glendon Downside","HMJ8","","","","","","","","","","","20772021","2024-01-11","","NRAIL","","","","","Down Main/Fast","",""
"50142811","DEL","92.1217","QM","","92.1217","2100","","MAV","","463350.0","296752.0","Obr 7 Gas Pipe Bridge, Wigston Rd, Newton Harcourt","HMJ8","","","","","","","","","","","50142811","2024-01-15","","NRAIL","","","","","Down Main/Fast","Access off Wigston Road at the south face of Obr 7 to the Down cess. Plant access under possession, only; roadside parking only.",""
"20772025","DEL","102.024","QM","","102.024","3200","","MAV","","461674.0","308511.0","Humberstone Lane","HMJ9","","","","","","","","","","","20772025","2024-01-11","","NRAIL","","","","","Rev Slow","",""
"110151086","DEL","103.1438","QM","","103.1438","0","","MAV","","462089.0","311144.0","Syston Station, Sth Jcn and Up & Down Peterborough","HMJ9","","","","","","","","","","","110151086","2024-01-22","","NRAIL","","","","","All/Multiple Tracks","Access off the A607 in Syston opposite The Midland Public House. Double palisade gates to the Up side from the north end of the station car park. Access to the Up & Down Slow and Up and Down Peterborough <GSM3>.","SK 62189 11144"
"20634752","DEL","107.0303","QM","","107.0303","2100","","MAV","","532255.0","344001.0","BOSTON WEST ST LC","HMJ9","","","","","","","","","","","20634752","2024-01-11","","NRAIL","","","","","Down Main/Fast","MIMS-SX//SC/SC - For Jarvis Yard",""
"110151130","DEL","120.0208","QM","","120.0208","2100","","MAV","","431597.0","315795.0","Moira Station yard","HMJ9","","","","","","","","","","","110151130","2022-09-09","","","","","","","Down Main/Fast","Access through the former station yard into the Down lineside; a legal right exists from sale by BRB. Suitable for plant with prior agreement.",""
"50143589","DEL","125.121","QM","","125.121","1100","","MAV","","454882.0","340211.0","Radford Junction G.F.","HMJ9","","","","","","","","","NP","","50143589","2024-01-15","","NRAIL","","","","","Up Main/Fast","Notes: Ilkeston Road, to bottom of hill, Over Lights, Turn Right into Industrial Estate, Bear left past Blue & White sign. Sourced from APM Nottingham Emergency Manual. Issue 01 01/03/97. Room outside gates for numerous vehicles.",""
"50396612","DEL","129.1648","QM","","129.1648","2100","","MAV","","444945.0","347106.0","Langley Mill Stn Yard","HMJ9","","","","","","","","","NP","","50396612","2024-01-15","","NRAIL","","","","","Down Main/Fast","3 gates to go through before access to track. Parking at Langley Mill old cabin area for 4/5 vehicles. 3 Palasade gates are passed through to gain access to track.",""
"50469018","DEL","131.0242","QM","","131.0242","3400","","MAV","","454499.0","348324.0","Hucknall No. 3","HMJ9","","","","","","","","","","","50469018","2024-01-16","","NRAIL","","","","","Rev Single","From Nottingham Rd, down Bestwood Rd, to end of cul-de-sac. On-road parking.",""
"20634933","DEL","133.0603","QM","","133.0603","2100","","MAV","","526639.0","343696.0","NO 85 FP","HMJ9","","","","","","","","","","","20634933","2024-01-11","","NRAIL","","","","","Down Main/Fast","MIMS-SX//SC/KN -",""
"20772553","DEL","137.08","QM","","137.08","2100","","MAV","","442352.0","358379.0","Westhouses Cabin","HMJ9","","","","","","","","","","","20772553","2024-01-11","","NRAIL","","","","","Down Main/Fast","Parking for numerous vehicles inside gates.",""
"20772551","DEL","142.013","QM","","142.013","1100","","MAV","","440093.0","365015.0","Clay Cross South","HMJ9","","","","","","","","","","","20772551","2024-01-11","","NGC","","","","","Up Main/Fast","WARNING SSOW PROHIBITED. T12 REQUIRED IF USING UP OR DOWN MAIN. PARKING SPACES. TRACK ACCESSED THROUGH TWO SETS OF GATES",""
"20771577","DEL","145.0072","QM","","145.0072","1900","","MAV","","429589.0","360249.0","CAWDOR WAY","HMJ9","","","","","","","","","VEHICLE ACCESS","","20771577","2024-01-11","","NRAIL","","","","","Up Siding","Station car park <Upside> notified as new from Stephen Mckinlay MP&I. 16/3/07 RC","SK 29589 60249"
"50144148","GRS1","110.0264","QM","","110.0264","2100","","MAP","","491682.0","341796.0","OLD SIGNAL BOX BR2","HMJ9","","","","","","","","","","","50144148","2022-09-08","","NRAIL","","","","","Down Main/Fast","A gated road to the track from Station Road. From A153 at Barkston, take minor road towards Marston, After 1 1/4 miles take farm track North. Right. to bridge.","SK 91682 41796"
"20772582","GRS1","110.0704","QM","","110.0704","0","","MAP","","492103.0","342485.0","MILL FP","HMJ9","","","","","","","","","","","20772582","2022-09-08","","NRAIL","","","","","All/Multiple Tracks","Access is a public bridleway, no parking is available. Access  can be gained by walking across the field <right of way> from Drift Lane <closest to the farm house>","SK 92103 42485"
"50144150","GRS1","110.1089","QM","","110.1089","9999","","MAP","","492445.0","342017.0","DRIFT LANE BR4","HMJ9","","","","","","","","","","","50144150","2022-09-08","","NRAIL","","","","","Unknown","Drift Lane, Barkston Lodge, Barkston, South Kesteven, Lincolnshire, England,  From A153 at Barkston, take Good Farm Lane North West towards Barkston Grange, follow left fork of lane, park & follow footpath to railway & walk, except take right fork to bridge.","SK 92445 42517"
"110179874","GRS1","110.1396","QM","","110.1396","0","","MAP","","492707.0","342671.0","Lodge Farm UWC","HMJ9","","","","","","","","","","","110179874","2022-09-09","","NRAIL","","","","","All/Multiple Tracks","RESTRICTED TO LCM ACCESS ONLY. Access is only allowed if permission is granted by the authorised user/landowner, details of which can be obtained via the Route Level Crossing Manager","SK 92742 60000"
"20772583","GRS1","110.1738","QM","","110.1738","2100","","MAP","","493002.0","342800.0","GELSTON FP","HMJ9","","","","","","","","","","","20772583","2022-09-08","","NRAIL","","","","","Down Main/Fast","Access is a public right of way, no available parking. Access can be gained from Hough Road to Up Sleaford, and walking through the farming field following the public walking route to the footpath crossing. Access can be gained from Frinkley lane for access to Down Sleaford.","SK 93002 42800"
"20772584","GRS1","111.0176","QM","","111.0176","2100","","MAP","","493155.0","342900.0","HOUGH LANE LC","HMJ9","","","","","","","","","","","20772584","2022-09-08","","NRAIL","","","","","Down Main/Fast","Hough Lane Level crossing <AHB>, parking for vehicles at side of road, note! Please ensure parking a distance beyond the crossing for vehicles to clearly see the road ahead and any warning lights/signs for the crossing. Access Gates to both sides of crossing for lineside access.","SK 93155 42900"
"20772585","GRS1","111.1166","QM","","111.1166","0","","MAP","","493885.0","343433.0","FRINKLEY LANE NO8","HMJ9","","","","","","","","","","","20772585","2022-09-08","","NRAIL","","","","","All/Multiple Tracks","Frinkley Lane Level crossing <AHB>, parking for vehicles at side of road, note! Please ensure parking a distance beyond the crossing for vehicles to clearly see the road ahead and any warning lights/signs for the crossing. Access Gates to both sides of crossing for lineside access.","SK 93885 43433"
"20772586","GRS1","111.1584","QM","","111.1584","0","","MAP","","494155.0","343653.0","HONINGTON LC","HMJ9","","","","","","","","","","","20772586","2022-09-08","","NRAIL","","","","","All/Multiple Tracks","Honnington Level crossing <AHB>, parking for vehicles at side of road, note! Please ensure parking a distance beyond the crossing for vehicles to clearly see the road ahead and any warning lights/signs for the crossing. Access Gates to both sides of crossing for lineside access.","SK 94155 43653"
"20772587","GRS2","112.0198","QM","","112.0198","0","","MAP","","494436.0","343880.0","HONINGTON NO2 FP","HMJ9","","","","","","","","","","","20772587","2022-09-08","","NRAIL","","","","","All/Multiple Tracks","Public footpath crossing. access through fields Nearest road is Main Street for Up Sleaford and Lincoln Road to access Down Sleaford. No parking available in the area, drop off only.","SK 94436 43880"
"110179875","GRS2","112.1436","QM","","112.1436","0","","MAP","","495453.0","344362.0","Applewhites No.3 UWC","HMJ9","","","","","","","","","","","110179875","2022-09-09","","NRAIL","","","","","All/Multiple Tracks","RESTRICTED TO LCM ACCESS ONLY. Access is only allowed if permission is granted by the authorised user/landowner, details of which can be obtained via the Route Level Crossing Manager","SK 95444 30000"
"20772588","GRS2","113.0198","QM","","113.0198","0","","MAP","","495922.0","344452.0","CRADBURNS UWC","HMJ9","","","","","","","","","","","20772588","2022-09-08","","NRAIL","","","","","All/Multiple Tracks","RESTRICTED TO LCM ACCESS ONLY. Access is only allowed if permission is granted by the authorised user/landowner, details of which can be obtained via the Route Level Crossing Manager","SK 95922 44452"
"110179876","GRS2","113.0558","QM","","113.0558","0","","MAP","","496250.0","344471.0","Heath Farm UWC","HMJ9","","","","","","","","","","","110179876","2022-09-13","","NRAIL","","","","","All/Multiple Tracks","RESTRICTED TO LCM ACCESS ONLY. Access is only allowed if permission is granted by the authorised user/landowner, details of which can be obtained via the Route Level Crossing Manager","SK 96244 40000"
"20772589","GRS2","113.143","QM","","113.143","0","","MAP","","497089.0","344414.0","SUDBROOK VILLAGE FP","HMJ9","","","","","","","","","","","20772589","2022-09-08","","NRAIL","","","","","All/Multiple Tracks","Public footpath crossing. access through unmade road/pathway Nearest road is Main Street for Down Sleaford and Rookery Lane to access Up Sleaford.","SK 97089 44414"
"20634691","GRS2","114.1183","QM","","114.1183","0","","MAP","","498449.0","344385.0","ANCASTER STATION BARROW","HMJ9","","","","","","","","","","","20634691","2022-09-08","","NRAIL","","","","","All/Multiple Tracks","Access is available via Platforms","SK 98449 44385"
"50144155","GRS2","114.1364","QM","","114.1364","0","","MAP","","498566.0","344395.0","ANCASTER STATION BR1","HMJ9","","","","","","","","","","","50144155","2022-09-08","","NRAIL","","","","","All/Multiple Tracks","From A153 Sleaford - Grantham road, take B1403 through Ancaster to bridge. Access is on the Down Main aide of track","SK 98566 44395"
"50144157","GRS2","116.0352","QM","","116.0352","0","","MAP","","500428.0","343383.0","WILSFORD BR3","HMJ9","","","","","","","","","","","50144157","2022-09-08","","NRAIL","","","","","All/Multiple Tracks","From A153 Sleaford - Grantham road, between the 2 minor roads into Wilsford village, take farm track to North over railway","TF 00428 43383"
"20772592","GRS2","116.0726","QM","","116.0726","0","","MAP","","500731.0","343189.0","NO 16 FP","HMJ9","","","","","","","","","","","20772592","2022-09-08","","NRAIL","","","","","All/Multiple Tracks","Pedestrian access point via steps opposite T junction. Access gained via A153 Sleaford road and directly onto Up main,","TF 00731 43189"
"50144120","GRS2","118.0858","QM","","118.0858","0","","MAP","","503712.0","344196.0","RAUCEBY LC","HMJ9","","","","","","","","","","","50144120","2022-09-08","","NRAIL","","","","","All/Multiple Tracks"," From A153 Sleaford - Grantham road, turn South to Rauceby Station.","TF 03712 44196"
"20634665","GRS2","118.086","QM","","118.086","2100","","MAP","","503707.0","344181.0","RAUCEBY SIGNAL BOX","HMJ9","","","","","","","","","","","20634665","2022-09-08","","NRAIL","","","","","Down Main/Fast"," From A153 Sleaford - Grantham road, turn South to Rauceby Station. Parking for 1 Vehicle","TF 03707 44181"
"20634666","GRS2","118.0872","QM","","118.0872","1100","","MAP","","503715.0","344198.0","RAUCEBY PLATFORM GATE","HMJ9","","","","","","","","","","","20634666","2022-09-08","","NRAIL","","","","","Up Main/Fast","Pedestrain access via platforms direct to track side.","TF 03715 44198"
"20634667","GRS2","118.0872","QM","","118.0872","2100","","MAP","","503719.0","344194.0","RAUCEBY","HMJ9","","","","","","","","","","","20634667","2022-09-08","","NRAIL","","","","","Down Main/Fast","Pedestrain access via platforms direct to track side.","TF 03719 44194"
"20772596","GRS2","119.011","QM","","119.011","0","","MAP","","504463.0","344743.0","NO 25 FP","HMJ9","","","","","","","","","","","20772596","2022-09-08","","NRAIL","","","","","All/Multiple Tracks","Public footpath crossing. access through fields Nearest road is Grantham road for Up Sleaford.","TF 04463 44743"
"20634266","GRS2","120.0712","QM","","120.0712","1901","","MAP","","506364.0","345478.0","SLEAFORD WEST","HMJ9","","","","","","","","","","","20634266","2022-09-08","","NRAIL","","","","",""," King Edward St, Gypsey Lane, or Castle Causeway. Take A153 West from Sleaford, turn right at 2nd turning. King Edward St. follow to railway.","TF 06364 45478"
"20634325","GRS2","120.1203","QM","","120.1203","0","","MAP","","506808.0","345416.0","SLEAFORD STATION PLATFORM","HMJ9","","","","","","","","","","","20634325","2022-09-08","","NRAIL","","","","","All/Multiple Tracks","Access via Sleaford station platforms","TF 06808 45416"
"20634348","GRS2","120.129","QM","","120.129","1100","","MAP","","506888.0","345405.0","SLEAFORD STATION LC","HMJ9","","","","","","","","","","","20634348","2022-09-08","","NRAIL","","","","","Up Main/Fast","Access available to both sides of track via the level crossing.","TF 06801 45405"
"50144122","GRS2","121.0462","QM","","121.0462","3100","","MAP","","507732.0","345295.0","BASSES SIDING","HMJ9","","","","","","","","","","","50144122","2022-09-08","","NRAIL","","","","","Rev Main/Fast","Take Mareham Lane from Sleaford for 1 1/2 miles, turn left onto farm track after 2nd left hand bend. Follow track for 1/4 mile & turn left onto old track bed, follow to line side & walk","TF 07732 45295"
"20772599","GRS2","123.0132","QM","","123.0132","3100","","MAP","","510593.0","344757.0","SARDESONS FARM UWC","HMJ9","","","","","","","","","","","20772599","2022-09-08","","NRAIL","","","","","Rev Main/Fast","RESTRICTED TO LCM ACCESS ONLY. Access is only allowed if permission is granted by the authorised user/landowner, details of which can be obtained via the Route Level Crossing Manager","TF 10593 44757"
"20772600","GRS2","123.1056","QM","","123.1056","3100","","MAP","","511397.0","344526.0","NO 43 FP","HMJ9","","","","","","","","","","","20772600","2022-09-08","","NRAIL","","","","","Rev Main/Fast","Public Footpath leading from Asgarby Road or Sleaford Road. Access is across fields and to footpath crossing.","TF 11397 44526"
"20772602","GRS2","123.121","QM","","123.121","3100","","MAP","","511593.0","344475.0","BURTON LANE NO1","HMJ9","","","","","","","","","","","20772602","2022-09-08","","NRAIL","","","","","Rev Main/Fast","Burton Lane No.1 Level crossing <AHB>, parking for vehicles at side of road, note! Please ensure parking a distance beyond the crossing for vehicles to clearly see the road ahead and any warning lights/signs for the crossing.","TF 11593 44475"
"120000110","GRS2","123.165","QM","","123.165","0","","MAP","","511922.4","344377.5","Padleys UWC (No.45)","HMJ9","","","","","","","","","Access/Egress","","120000110","2024-11-22","","","","","","","All/Multiple Tracks","RESTRICTED TO LCM ACCESS ONLY. Access is only allowed if permission is granted by the authorised user/landowner. Details of which can be obtained via the route Level Crossing Manager.",""
"110179877","GRS2","124.105","QM","","124.105","3100","","MAP","","512932.0","344075.0","Whitehouse Farm UWC","HMJ9","","","","","","","","","","","110179877","2022-09-09","","NRAIL","","","","","Rev Main/Fast","RESTRICTED TO LCM ACCESS ONLY. Access is only allowed if permission is granted by the authorised user/landowner, details of which can be obtained via the Route Level Crossing Manager","TF 12944 00000"
"20772601","GRS2","125.011","QM","","125.011","3100","","MAP","","513651.0","343834.0","BURTON LANE NO 2","HMJ9","","","","","","","","","","","20772601","2022-09-08","","NRAIL","","","","","Rev Main/Fast","Burton Lane No.2 Level crossing <AHB>, parking for vehicles at side of road, note! Please ensure parking a distance beyond the crossing for vehicles to clearly see the road ahead and any warning lights/signs for the crossing.","TF 13651 43834"
"110179878","GRS2","125.0515","QM","","125.0515","3100","","MAP","","514005.0","343724.0","Simpsons UWC","HMJ9","","","","","","","","","","","110179878","2022-09-09","","NRAIL","","","","","Rev Main/Fast","RESTRICTED TO LCM ACCESS ONLY. Access is only allowed if permission is granted by the authorised user/landowner, details of which can be obtained via the Route Level Crossing Manager","TF 14043 70000"
"110179879","GRS2","126.0079","QM","","126.0079","0","","MAP","","515176.0","343432.0","The Walnuts UWC","HMJ9","","","","","","","","","","","110179879","2022-09-09","","NRAIL","","","","","All/Multiple Tracks","RESTRICTED TO LCM ACCESS ONLY. Access is only allowed if permission is granted by the authorised user/landowner, details of which can be obtained via the Route Level Crossing Manager","TF 15143 40000"
"20772603","GRS2","126.0594","QM","","126.0594","0","","MAP","","515625.0","343304.0","GREAT HALE DROVE NO 1","HMJ9","","","","","","","","","","","20772603","2022-09-08","","NRAIL","","","","","All/Multiple Tracks","Great Hale Drove No.1 Level crossing <AHB>, parking for vehicles at side of road, note! Please ensure parking a distance beyond the crossing for vehicles to clearly see the road ahead and any warning lights/signs for the crossing.","TF 15625 43304"
"110179880","GRS2","127.0","QM","","127.0","0","","MAP","","516639.0","343027.0","No.63 UWC","HMJ9","","","","","","","","","","","110179880","2022-09-09","","NRAIL","","","","","All/Multiple Tracks","RESTRICTED TO LCM ACCESS ONLY. Access is only allowed if permission is granted by the authorised user/landowner, details of which can be obtained via the Route Level Crossing Manager","TF 16643 00000"
"20772604","GRS2","127.0528","QM","","127.0528","0","","MAP","","517118.0","342893.0","GREAT HALE DROVE NO 2","HMJ9","","","","","","","","","","","20772604","2022-09-08","","NRAIL","","","","","All/Multiple Tracks","Great Hale Drove No.2 Level crossing <AHB>, parking for vehicles at side of road, note! Please ensure parking a distance beyond the crossing for vehicles to clearly see the road ahead and any warning lights/signs for the crossing.","TF 17118 42893"
"20772605","GRS2","128.066","QM","","128.066","0","","MAP","","518817.0","342467.0","STONES UWC","HMJ9","","","","","","","","","","","20772605","2022-09-08","","NRAIL","","","","","All/Multiple Tracks","RESTRICTED TO LCM ACCESS ONLY. Access is only allowed if permission is granted by the authorised user/landowner, details of which can be obtained via the Route Level Crossing Manager","TF 18717 42467"
"20772606","GRS2","129.0968","QM","","129.0968","0","","MAP","","520671.0","342632.0","PUMPHOUSE LC","HMJ9","","","","","","","","","","","20772606","2022-09-08","","NRAIL","","","","","All/Multiple Tracks","RESTRICTED TO LCM ACCESS ONLY. Access is only allowed if permission is granted by the authorised user/landowner, details of which can be obtained via the Route Level Crossing Manager","TF 20671 42632"
"20634917","GRS2","130.0459","QM","","130.0459","1100","","MAP","","521783.0","342891.0","SWINESHEAD SB","HMJ9","","","","","","","","","","","20634917","2022-09-08","","NRAIL","","","","","Up Main/Fast","Swineshead Level crossing <AHB>, parking for vehicles at side of road, note! Please ensure parking a distance beyond the crossing for vehicles to clearly see the road ahead and any warning lights/signs for the crossing.","TF 21783 42891"
"20634923","GRS2","130.05","QM","","130.05","2100","","MAP","","521819.0","342899.0","SWINESHEAD LC","HMJ9","","","","","","","","","","","20634923","2022-09-08","","NRAIL","","","","","Down Main/Fast","Swineshead Level crossing <AHB>, parking for vehicles at side of road, note! Please ensure parking a distance beyond the crossing for vehicles to clearly see the road ahead and any warning lights/signs for the crossing.","TF 21819 42899"
"110184591","GRS2","130.0616","QM","","130.0616","2100","","MAP","","522166.0","342999.0","Swineshead Layby","HMJ9","","","","","","","","","","","110184591","2023-08-21","","NRAIL","","","","","Down Main/Fast","Pedestrian Access Point < NWR staff only >. Parking for up to 2 vans - park in the layby only, NOT near the houses.",""
"50144126","GRS2","132.0462","QM","","132.0462","2100","","MAP","","524921.0","343630.0","HAULING PATH GATE FP","HMJ9","","","","","","","","","","","50144126","2022-09-23","","NRAIL","","","","","Down Main/Fast","Access gate located opposite road junction and after dyke. Access onto Down main side of track","TF 24921 43630"
"20772614","GRS2","134.0286","QM","","134.0286","3100","","MAP","","527955.0","343603.0","GREAT FEN FP","HMJ9","","","","","","","","","","","20772614","2022-09-08","","NRAIL","","","","","Rev Main/Fast","Access track via single gate opposite farming field access and located next to semaphore signal.","TF 27955 43603"
"20772616","GRS2","135.1276","QM","","135.1276","3100","","MAP","","530462.0","343412.0","WYBERTON LC","HMJ9","","","","","","","","","","","20772616","2022-09-08","","NRAIL","","","","","Rev Main/Fast","Wyberton Level crossing <CCTV>, parking for vehicles at side of road, note! Please ensure parking a distance beyond the crossing for vehicles to clearly see the road ahead and any warning lights/signs for the crossing.","TF 30462 43412"
"20772617","GRS2","136.0792","QM","","136.0792","3100","","MAP","","531610.0","343163.0","WOODVILLE ROAD FP","HMJ9","","","","","","","","","","","20772617","2022-09-08","","NRAIL","","","","","Rev Main/Fast","Walk down pathway between houses off Woodville Gardens, access to track from Down Main side.","TF 31510 43163"
"20772618","GRS2","136.1188","QM","","136.1188","0","","MAP","","531962.0","343087.0","GREEN LANE FP","HMJ9","","","","","","","","","","","20772618","2022-09-08","","NRAIL","","","","","All/Multiple Tracks","Walk down pathway between houses off Matthew Flinders Way, access to track from Down Main side.","TF 31962 43087"
"110188278","GRS2","123.121","QM","","123.121","3100","","MAR","","511578.0","344483.0","Burton Lane no1 RRAP","HMJ9","","","","","","","","","","","110188278","2024-07-29","","NRAIL","","","","","Rev Main/Fast","Access is via the yard next to Burton Lane No1 Level Crossing. Parking for at least 5 vans in the yard. Access is on the Down side of the Single Line <Bi-direcitonal line>. Access created to reduce the number of road closures required for on loading and off loading RRVs. 5 meter gate and 10.2M deck.","TF 11578 44483"
"20772590","GRS2","113.1584","QM","","113.1584","0","","MAV","","497186.0","344395.0","SUDBROOK","HMJ9","","","","","","","","","","","20772590","2022-09-08","","NRAIL","","","","","All/Multiple Tracks","Sudbrook Level crossing <AHB>, parking for vehicles at side of road, note! Please ensure parking a distance beyond the crossing for vehicles to clearly see the road ahead and any warning lights/signs for the crossing.","SK 97186 44395"
"20772591","GRS2","114.1078","QM","","114.1078","0","","MAV","","498329.0","344369.0","ANCASTER LC","HMJ9","","","","","","","","","","","20772591","2022-09-08","","NRAIL","","","","","All/Multiple Tracks","From A153 Sleaford - Grantham road, take B1403 through Ancaster to bridge & follow signs to Station, Crossing is past West End of Station. Parking for multiple vehicles. Access to track available from both sides of crossing.","SK 98329 44369"
"20772593","GRS2","116.1298","QM","","116.1298","0","","MAV","","501207.0","342985.0","WILSFORD","HMJ9","","","","","","","","","","","20772593","2022-09-08","","NRAIL","","","","","All/Multiple Tracks","Wilsford Level crossing <AHB>, parking for vehicles at side of road, note! Please ensure parking a distance beyond the crossing for vehicles to clearly see the road ahead and any warning lights/signs for the crossing.","TF 01207 42985"
"20772594","GRS2","117.1074","QM","","117.1074","0","","MAV","","502473.0","343443.0","KELBY LANE","HMJ9","","","","","","","","","","","20772594","2022-09-08","","NRAIL","","","","","All/Multiple Tracks","Kelby Lane Level crossing <AHB>, parking for vehicles at side of road, note! Please ensure parking a distance beyond the crossing for vehicles to clearly see the road ahead and any warning lights/signs for the crossing.","TF 02473 43443"
"50144119","GRS2","118.0836","QM","","118.0836","0","","MAV","","503675.0","344156.0","RAUCEBY ROAD","HMJ9","","","","","","","","","","","50144119","2022-09-08","","NRAIL","","","","","All/Multiple Tracks","Access off Willoughby road through gate. Parking for multiple vehicles.","TF 03675 44156"
"20772595","GRS2","118.1738","QM","","118.1738","0","","MAV","","504350.0","344662.0","QUARRINGTON LC","HMJ9","","","","","","","","","","","20772595","2022-09-08","","NRAIL","","","","","All/Multiple Tracks","Quarrington Level crossing <AHB>, parking for vehicles at side of road, note! Please ensure parking a distance beyond the crossing for vehicles to clearly see the road ahead and any warning lights/signs for the crossing.","TF 04350 44662"
"50144121","GRS2","120.0704","QM","","120.0704","0","","MAV","","506357.0","345479.0","SLEAFORD WEST LC","HMJ9","","","","","","","","","","","50144121","2022-09-08","","NRAIL","","","","","All/Multiple Tracks"," King Edward St, Gypsey Lane, or Castle Causeway. Take A153 West from Sleaford, turn right at 2nd turning. King Edward St. follow to railway.","TF 06357 45479"
"20634326","GRS2","120.1224","QM","","120.1224","3500","","MAV","","506683.0","345406.0","SLEAFORD PWAY YARD","HMJ9","","","","","","","","","","","20634326","2022-09-08","","NRAIL","","","","","Rev Loop","Access via Sleaford Pway yard. Access will be required to enter the depot. Speak with Sleaford SM if access is required out of hours.","TF 06683 45406"
"20634336","GRS2","120.1271","QM","","120.1271","1100","","MAV","","506888.0","345403.0","SLEAFORD EAST SIGNAL BOX GATE","HMJ9","","","","","","","","","","","20634336","2022-09-08","","NRAIL","","","","","Up Main/Fast","Access via Sleaford Signal Box, Parking available at Sleaford Depot yard. Access directly onto Up Main / Up Local Down","TF 06888 45403"
"20772598","GRS2","122.1144","QM","","122.1144","0","","MAV","","509924.0","344949.0","KIRKBY LAYTHORPE LC","HMJ9","","","","","","","","","","","20772598","2022-09-08","","NRAIL","","","","","All/Multiple Tracks","Kirkby Laythorpe Level crossing <AHB>, parking for vehicles at side of road, note! Please ensure parking a distance beyond the crossing for vehicles to clearly see the road ahead and any warning lights/signs for the crossing.","TF 09924 44949"
"50144123","GRS2","125.121","QM","","125.121","2100","","MAV","","514589.0","343578.7","HECKINGTON","HMJ9","","","","","","","","","","","50144123","2022-09-08","","NRAIL","","","","","Down Main/Fast","Heckington Station & Level Crossingd Level crossing <Manned barrier>, parking for vehicles at station,","TF 14689 43587"
"20772613","GRS2","133.0616","QM","","133.0616","2100","","MAV","","526678.0","343709.0","HUBBERTS BRIDGE YARD","HMJ9","","","","","","","","","","","20772613","2022-09-08","","NRAIL","","","","","Down Main/Fast","Access to tdown Main side of track, parking formultiple vehicles through gate. Access extends upto Hubberts bridge","TF 26678 43709"
"20634935","GRS2","133.094","QM","","133.094","0","","MAV","","526946.0","343674.0","HUBBERTS BRIDGE SB","HMJ9","","","","","","","","","","","20634935","2022-09-08","","NRAIL","","","","","All/Multiple Tracks","Hubberts Bridge Level crossing SB <manned barrier>, parking for vehicles at side of road, note! Please ensure parking a distance beyond the crossing for vehicles to clearly see the road ahead and any warning lights/signs for the crossing.","TF 26946 43674"
"20634936","GRS2","133.094","QM","","133.094","1100","","MAV","","526946.0","343674.0","HUBBERTS BRIDGE LC","HMJ9","","","","","","","","","","","20634936","2020-02-25","","NRAIL","","","","","Up Main/Fast","MIMS-SX//SC/KN - CROSSING - Not seen on SERCO -",""
"20634733","GRS3","107.0005","QM","","107.0005","2100","","MAP","","532261.0","343703.0","BROADFIELD LANE LC","HMJ9","","","","","","","","","","","20634733","2022-09-09","","NRAIL","","","","","Down Main/Fast","MIMS-SX//SC/SC - To Old SIG/Box","TF 32261 43703"
"50144151","GRS3","107.0308","QM","","107.0308","2100","","MAP","","532256.0","344006.0","BOSTON WEST ST LC","HMJ9","","","","","","","","","","","50144151","2022-09-23","","NRAIL","","","","","Down Main/Fast","ZIAR Ref No_270449_ Interim Reference No_HZ_8469 _Notes: As From front of Station to West Street via Station Approach, left at junction, bear right at roundabout to traffic lights, turn right to crossing & turn right at 1st junction. Sourced from APM N","TF 32256 44006"
"20634770","GRS3","107.0493","QM","","107.0493","1100","","MAP","","532293.0","344176.0","BOSTON STATION","HMJ9","","","","","","","","","","","20634770","2022-09-09","","NRAIL","","","","","Up Main/Fast","MIMS-SX//SC/SC - Main Entrance to Station","TF 32293 44176"
"20772619","GRS3","107.0902","QM","","107.0902","1100","","MAP","","532348.0","344482.0","GRAND SLUICE LC","HMJ9","","","","","","","","","","","20772619","2022-09-09","","NRAIL","","","","","Up Main/Fast","GRAND SLUICE LC","TF 32348 44482"
"20772620","GRS3","107.1518","QM","","107.1518","3100","","MAP","","532146.0","344991.0","TATTERSHALL ROAD LC","HMJ9","","","","","","","","","","","20772620","2022-09-09","","NRAIL","","","","","Rev Main/Fast","TATTERSHALL ROAD LC","TF 32146 44991"
"20772621","GRS3","108.0594","QM","","108.0594","3100","","MAP","","532414.0","345668.0","RED CAP LANE LC","HMJ9","","","","","","","","","","","20772621","2022-09-09","","NRAIL","","","","","Rev Main/Fast","RED CAP LANE LC","TF 32414 45668"
"20772622","GRS3","108.1452","QM","","108.1452","3100","","MAP","","532877.0","346302.0","MAUD FOSTER","HMJ9","","","","","","","","","","","20772622","2022-09-09","","NRAIL","","","","","Rev Main/Fast","MAUD FOSTER","TF 32877 46302"
"50144132","GRS3","108.1496","QM","","108.1496","3100","","MAP","","532901.0","346334.0","WILLOUGHBY ROAD LC","HMJ9","","","","","","","","","","","50144132","2022-09-23","","NRAIL","","","","","Rev Main/Fast","ZIAR Ref No_270455_ Interim Reference No_HZ_8480 _Notes: As Take B1183 from Boston Town, take left turn immediately after cemetery & follow road to crossing, but stay on B1183 to crossing & bridge is to the East of crossing. Sourced from APM Nottingham","TF 32901 46334"
"20772623","GRS3","108.1672","QM","","108.1672","3100","","MAP","","532996.0","346464.0","PILLEYS LANE LC","HMJ9","","","","","","","","","","","20772623","2022-09-09","","NRAIL","","","","","Rev Main/Fast","PILLEYS LANE LC","TF 32996 46464"
"50144133","GRS3","109.066","QM","","109.066","3100","","MAP","","533399.0","347017.0","CROSS CUT LANE UWC","HMJ9","","","","","","","","","","","50144133","2022-09-23","","NRAIL","","","","","Rev Main/Fast","ZIAR Ref No_270456_ Interim Reference No_HZ_8484 _Notes: Take A16 from Boston, Approx. 1 mile after Hospital turn left into Pilleys Lane, turn immediately right & take track to left, follow along Drain side to crossing & walk. Sourced from APM Nottingham","TF 33399 47017"
"20772624","GRS3","110.033","QM","","110.033","3100","","MAP","","534169.0","348073.0","WILLOWS LANE","HMJ9","","","","","","","","","","","20772624","2022-09-09","","NRAIL","","","","","Rev Main/Fast","WILLOWS LANE","TF 34169 48073"
"20772625","GRS3","110.1166","QM","","110.1166","3100","","MAP","","534620.0","348689.0","HURN LANE UWC","HMJ9","","","","","","","","","","","20772625","2022-09-09","","NRAIL","","","","","Rev Main/Fast","HURN LANE UWC","TF 34620 48689"
"20772626","GRS3","111.0088","QM","","111.0088","3100","","MAP","","534988.0","349194.0","HIGH FERRY LANE LC","HMJ9","","","","","","","","","","","20772626","2022-09-09","","NRAIL","","","","","Rev Main/Fast","HIGH FERRY LANE LC","TF 34988 49194"
"20772627","GRS3","111.0506","QM","","111.0506","3100","","MAP","","535212.0","349503.0","HIGH FERRY","HMJ9","","","","","","","","","","","20772627","2022-09-09","","NRAIL","","","","","Rev Main/Fast","HIGH FERRY","TF 35212 49503"
"50144135","GRS3","112.0176","QM","","112.0176","3100","","MAP","","535983.0","350559.0","SIBSEY LC","HMJ9","","","","","","","","","","","50144135","2022-09-23","","NRAIL","","","","","Rev Main/Fast","ZIAR Ref No_270458_ Interim Reference No_HZ_8493 _Notes: From Sibsey take B1184 1/2 mile East to crossing. Sourced from APM Nottingham Emergency Manual. Issue 01 01/03/97.","TF 35983 50559"
"20772628","GRS3","112.055","QM","","112.055","2100","","MAP","","536187.0","350833.0","WARDS DYKE UWC","HMJ9","","","","","","","","","","","20772628","2022-09-09","","NRAIL","","","","","Down Main/Fast","WARDS DYKE UWC","TF 36187 50833"
"50144099","GRS3","113.1232","QM","","113.1232","2100","","MAP","","537504.0","352637.0","HOBHOLE BANK","HMJ9","","","","","","","","","","","50144099","2022-09-23","","NRAIL","","","","","Down Main/Fast","ZIAR Ref No_270460_ Interim Reference No_HZ_8497 _Notes: As From Sibsey take B1184 1/2 mile East to crossing, follow B1184 Eastward, at ~T~ junction turn left & follow to crossing & walk. Sourced from APM Nottingham Emergency Manual. Issue 01 01/03/97.","TF 37504 52637"
"50144100","GRS3","113.1254","QM","","113.1254","1100","","MAP","","537516.0","352654.0","HOBHOLE BANK BRIDLEWAY","HMJ9","","","","","","","","","","","50144100","2022-09-23","","NRAIL","","","","","Up Main/Fast","ZIAR Ref No_270461_ Interim Reference No_HZ_8498 _Notes: As From Sibsey take B1184 1/2 mile East to crossing, follow B1184 Eastward, at ~T~ junction turn left & follow to crossing & walk. Sourced from APM Nottingham Emergency Manual. Issue 01 01/03/97.","TF 37516 52654"
"50144101","GRS3","113.1323","QM","","113.1323","1100","","MAP","","537553.0","352705.0","OLD LEAKE","HMJ9","","","","","","","","","","","50144101","2022-09-23","","NRAIL","","","","","Up Main/Fast","ZIAR Ref No_270459_ Interim Reference No_HZ_8495 _Notes: As From Sibsey take B1184 1/2 mile East to crossing proceed East 1/4 mile, take left turn & follow to crossing & walk. Sourced from APM Nottingham Emergency Manual. Issue 01 01/03/97. ","TF 37553 52705"
"20772629","GRS3","113.1408","QM","","113.1408","1100","","MAP","","537598.0","352767.0","PRIESTLEYS UWC","HMJ9","","","","","","","","","","","20772629","2022-09-09","","NRAIL","","","","","Up Main/Fast","PRIESTLEYS UWC","TF 37598 52767"
"20772630","GRS3","114.0242","QM","","114.0242","2100","","MAP","","537918.0","353205.0","SIMMON HOUSE","HMJ9","","","","","","","","","","","20772630","2022-09-09","","NRAIL","","","","","Down Main/Fast","SIMMON HOUSE","TF 37518 53205"
"50144102","GRS3","115.0396","QM","","115.0396","2100","","MAP","","538951.0","354618.0","LADE BANK","HMJ9","","","","","","","","","","","50144102","2022-09-23","","NRAIL","","","","","Down Main/Fast","ZIAR Ref No_270462_ Interim Reference No_HZ_8505 _Notes: As From Eastville, proceed West to crossroads, turn left & follow road to crossing & follow road approx 1/2 mile, turn right on to farm road, follow to crossing & walk. Sourced from APM Nottingha","TF 38951 54618"
"20772631","GRS3","115.1364","QM","","115.1364","1100","","MAP","","539473.0","355332.0","GRANTS UWC","HMJ9","","","","","","","","","","","20772631","2022-09-09","","NRAIL","","","","","Up Main/Fast","GRANTS UWC","TF 39473 55332"
"20772632","GRS3","116.0528","QM","","116.0528","2100","","MAP","","539970.0","356015.0","BOSTON & SPILSBY","HMJ9","","","","","","","","","","","20772632","2022-09-09","","NRAIL","","","","","Down Main/Fast","BOSTON & SPILSBY","TF 39970 56015"
"50144103","GRS3","116.1738","QM","","116.1738","2100","","MAP","","540621.0","356909.0","EASTVILLE","HMJ9","","","","","","","","","","","50144103","2022-09-23","","NRAIL","","","","","Down Main/Fast","ZIAR Ref No_270463_ Interim Reference No_HZ_8509 _Notes: As On ~C~ road between Stickney & Friskney & walk. Sourced from APM Nottingham Emergency Manual. Issue 01 01/03/97. ","TF 40621 56909"
"50144104","GRS3","118.1298","QM","","118.1298","1100","","MAP","","542282.0","359182.0","BELLWATER","HMJ9","","","","","","","","","","","50144104","2022-09-23","","NRAIL","","","","","Up Main/Fast","Level crossing on Bellwater bank: Bellwater Bank, Hemholme Farm, Eastville, East Lindsey, Lincolnshire, From ~C~ road between Stickney & Friskney proceed West to crossroad & turn right, follow road to Hump Back bridge & turn right just before, follow road to crossing.","TF 42282 59182"
"20772633","GRS3","120.044","QM","","120.044","1100","","MAP","","543719.0","361148.0","LITTLE STEEPING","HMJ9","","","","","","","","","","","20772633","2022-09-09","","NRAIL","","","","","Up Main/Fast","Level crossing on Station road. Nearest address: Little Steeping, Station Road, Home Farm, Thorpe St. Peter, East Lindsey,","TF 43719 61148"
"20772634","GRS3","121.0264","QM","","121.0264","2100","","MAP","","544573.0","362316.0","LITTLE INGS UWC","HMJ9","","","","","","","","","","","20772634","2022-09-09","","NRAIL","","","","","Down Main/Fast","Continue on Ings lane past Holmes Farm,until you reach the turning - take turning onto the lane that leads down to the track. From google images the track appears drivable, with only field entrances off the lane it loosk okay to park on [as long as permission is granted by land owners].","TF 44573 62316"
"20772637","GRS3","122.0176","QM","","122.0176","1100","","MAP","","545536.0","363538.0","NO 252 FP","HMJ9","","","","","","","","","","","20772637","2022-09-09","","NRAIL","","","","","Up Main/Fast","Entrance to footpath: TF454633, crusaders.gets.into. Accessed from: Thorpe Road, The Grange, Firsby, Irby in the Marsh, East Lindsey, Lincolnshire, PE23 5QN.","TF 45536 63538"
"20772638","GRS3","122.0352","QM","","122.0352","2100","","MAP","","545653.0","363523.0","SMITHS FP","HMJ9","","","","","","","","","","","20772638","2022-09-09","","NRAIL","","","","","Down Main/Fast","Small footpath through hedging to the track. Appears to be accessed down gated lane just before junction from Thorpe Lane on to Fendyke lane <cycles.removal.delays>. Walk down the lane until you reach the end - should be a footpath through hedgings onto the track.","TF 45653 63523"
"20634732","GRS3","106.1755","QM","","106.1755","1100","","MAV","","532264.0","343694.0","BROADFIELD LANE YARD","HMJ9","","","","","","","","","","","20634732","2022-09-08","","NRAIL","","","","","Up Main/Fast","MIMS-SX//SC/SC - Into Up Side Yard","TF 32264 43694"
"50144107","GRS4","0.0594","QM","","0.0594","1100","","MAP","","545753.0","363437.0","FENDYKE ROAD BR 1","HMJ9","","","","","","","","","","","50144107","2022-09-13","","NRAIL","","","","","Up Main/Fast","Off B1195 between Irby & Great Steeping, unclassified road [Fendyke Road] to Firsby Village. Stepped access for pedestriants via a NR Gate at the edge of the bridge.","TF 45753 63437"
"20772639","GRS4","0.077","QM","","0.077","1100","","MAP","","545873.0","363223.0","FP NO 253","HMJ9","","","","","","","","","","","20772639","2022-09-13","","NRAIL","","","","","Up Main/Fast","Footpath entrance from Fendyke road, opposite the juntions on the bend for Thrope road. Pathway across the field to the track.","TF 45873 63223"
"20772642","GRS4","0.1034","QM","","0.1034","2100","","MAP","","546025.0","362942.0","FOOTPATH NO.5","HMJ9","","","","","","","","","","","20772642","2022-09-13","","NRAIL","","","","","Down Main/Fast","Follow track off Fendyke road [at W3W: bats.spend.deleting]  until you reach the track.","TF 46025 62942"
"50144108","GRS4","1.1012","QM","","1.1012","2100","","MAP","","546741.0","361699.0","LYME BANK LC","HMJ9","","","","","","","","","","","50144108","2022-09-13","","NRAIL","","","","","Down Main/Fast"," B1195 from Wainfleet to Thorpe St. Peter, then continue 1 mile towards Irby, turn left at Lymn Bank crossroads, follow to crossing & walk. Pedestrian gated access.","TF 46741 61699"
"20634813","GRS4","2.0466","QM","","2.0466","1100","","MAP","","547261.0","360718.0","THORPE CULVERT LC","HMJ9","","","","","","","","","","","20634813","2022-09-13","","NRAIL","","","","","Up Main/Fast","Pedestriant access at level crossing next to Thorpe Culvert station [Culvert Road].","TF 47261 60718"
"20772697","GRS4","3.0132","QM","","3.0132","1100","","MAP","","548214.0","359838.0","BREWSTER LANE LC","HMJ9","","","","","","","","","","","20772697","2022-09-13","","NRAIL","","","","","Up Main/Fast","Space to park on grass verge/layby near the LC.","TF 48214 59838"
"20772698","GRS4","3.1364","QM","","3.1364","2100","","MAP","","549128.0","359177.0","MAT PITTS LANE LC","HMJ9","","","","","","","","","","","20772698","2022-09-13","","NRAIL","","","","","Down Main/Fast","Parking on the grass verge close to the level crossing [Collinson Gate]. Gated pedestirant access opposite.","TF 49128 59177"
"20634899","GRS4","4.0381","QM","","4.0381","1100","","MAP","","549699.0","358762.0","WAINFLEET STATION","HMJ9","","","","","","","","","","","20634899","2022-09-13","","NRAIL","","","","","Up Main/Fast","Space to park multiple vehicles in the station car park. Pedestrian access via the station.","TF 49699 58762"
"20772677","GRS4","4.1034","QM","","4.1034","1100","","MAP","","550270.0","358825.0","CHAIN BRIDGE LANE","HMJ9","","","","","","","","","","","20772677","2022-09-13","","NRAIL","","","","","Up Main/Fast","Parking available on Dovecote Lane, off Rumbole Lane.","TF 50270 58825"
"20772678","GRS4","4.1232","QM","","4.1232","2100","","MAP","","550441.0","358886.0","WAINFLEET BYPASS","HMJ9","","","","","","","","","","","20772678","2022-09-13","","NRAIL","","","","","Down Main/Fast","Plenty of space to park multiple vehicles by the level crossing.","TF 50441 58886"
"50144113","GRS4","5.0726","QM","","5.0726","1100","","MAP","","551148.0","359276.0","SAMPSON LC","HMJ9","","","","","","","","","","","50144113","2022-09-13","","NRAIL","","","","","Up Main/Fast","On Dovecoat road, turn left into Riverside farm and follow the lane down to the track. [Riverside Farm, Croft, Wainfleet St Mary, East Lindsey, Lincolnshire, PE24 4AQ.","TF 51148 59276"
"20634712","GRS4","5.175","QM","","5.175","2100","","MAP","","552244.0","359914.0","HAVENHOUSE PLATFORM GATE","HMJ9","","","","","","","","","","","20634712","2022-09-13","","NRAIL","","","","","Down Main/Fast"," Limited Parking","TF 52244 59914"
"20634717","GRS4","6.0037","QM","","6.0037","1100","","MAP","","552281.0","359936.0","HAVENHOUSE STATION","HMJ9","","","","","","","","","","","20634717","2022-09-13","","NRAIL","","","","","Up Main/Fast","Limited Parking","TF 52281 59936"
"20772679","GRS4","7.0506","QM","","7.0506","1100","","MAP","","553821.0","361243.0","EPTONS UWC","HMJ9","","","","","","","","","","","20772679","2022-09-13","","NRAIL","","","","","Up Main/Fast","Turn off A52 Croft Bank onto Simons Yard [W3W: Reckons, Carpentary. Outreach]. Follow Simons Yard road all the way to the UWC.","TF 53821 61243"
"50144115","GRS4","8.0022","QM","","8.0022","1100","","MAP","","554725.0","361983.0","SEACROFT","HMJ9","","","","","","","","","","","50144115","2022-09-13","","NRAIL","","","","","Up Main/Fast","Off A52 to left onto Cow Bank lane <W3W: hydration.haggles.leaps] and follow to UWC.","TF 54725 61983"
"20772680","GRS4","8.1584","QM","","8.1584","2100","","MAP","","555832.0","362886.0","SKEGNESS CARRIAGE SIDINGS","HMJ9","","","","","","","","","","","20772680","2022-09-13","","NRAIL","","","","","Down Main/Fast","12/12/2007 - NEW CREATION - JP","TF 55832 62886"
"20634817","GRS4","2.0475","QM","","2.0475","1100","","MAV","","547266.0","360711.0","THORPE CULVERT STATION","HMJ9","","","","","","","","","","","20634817","2022-09-13","","NRAIL","","","","","Up Main/Fast","Gated vehicular access on Culvert Road.","TF 47266 60711"
"120001589","GRS4","9.0001","QM","","9.0001","2900","","MAV","","555962.0","363011.0","Albert Road","HMJ9","","","","","","","","","Pedestrian access point","","120001589","2025-09-05","","","","","","","Down Siding","Access from Albert Road to reach authorised walking route",""
"110180114","GSM1","74.0506","QM","","74.0506","1100","","MAP","","485626.0","281560.0","PRO LOGIS PARK <OBR 47>","HMJ8","","","","","","","","","","","110180114","2024-05-09","","NRAIL","","","","","Up Main/Fast","What 3 Words - surpasses.votes.shortcuts","SP 85626 81560"
"110163174","GSM1","74.1551","QM","","74.1551","2100","","MAP","","486113.0","282351.0","Glendon Iron Comp. Bridge - O/B 1","HMJ8","","","","","","","","","","","110163174","2023-05-31","","NRAIL","","","","","Down Main/Fast","6 Mile Line Diagram Access Point Number 7661. Notes: Footpath from A6003 to Rushton.","SP 86113 82351"
"50404385","GSM1","79.102","QM","","79.102","2100","","MAP","","489171.0","288812.0","Corby North; Exchange Court","HMJ8","","","","","","","","","","","50404385","2022-09-09","","NRAIL","","","","","Down Main/Fast","Access via Exchange Court","SP 89171 88812"
"110155878","GSM1","80.0288","QM","","80.0288","1100","","MAP","","489599.0","289655.0","Asda North pedestrian gate","HMJ8","","","","","","","","","Pedestrian access only.","","110155878","2022-09-09","","NRAIL","","","","","Up Main/Fast","Up Corby. The steps down to the woods from the road are a local council asset and may be a hazard to users making their way to the railway access gate.  Inspect in daylight before use and report faults direct to Corby council.","SP 89699 89655"
"50404642","GSM1","80.0825","QM","","80.0825","2100","","MAP","","489613.0","290170.0","Overbridge 21 Corby, Pen Green aqueduct","HMJ8","","","","","","","","","","","50404642","2022-09-23","","NRAIL","","","","","Down Main/Fast","Track Behind School on A6116 In Corby Access only to bridge asset no track access available.","SP 89613 90170"
"50144052","GSM1","84.0301","QM","","84.0301","2100","","MAP","","490460.0","295274.0","Five Arches Bridge Obr 38","HMJ8","","","","","","","","","","","50144052","2022-09-09","","NRAIL","","","","","Down Main/Fast","Track off Harringworth-Gretton rd to field. Cross over bridge and access is on the left leading to Down Corby line","SP 90460 95274"
"50144054","GSM1","84.1381","QM","","84.1381","1100","","MAP","","491175.0","296238.0","Gretton Road Ubr 41","HMJ8","","","","","","","","","","","50144054","2022-09-09","","NRAIL","","","","","Up Main/Fast","access located off gretton road. Take right at the bend and access is on the left onto Up Corby","SP 91175 96238"
"110149187","GSM1","85.0","QM","","85.0","2100","","MAP","","491252.0","296720.0","Harringworth Station; Scrapyard","HMJ8","","","","","","","","","","","110149187","2022-09-23","","NRAIL","","","","","Down Main/Fast","Accessed off Gretton Road in Harringworth. Allows access to Relay Room and GSMR mast. NO VEHICLES ALLOWED ON SITE INCLUDING ACCESS ROAD, LANDOWNER CLAMPS VEHICLES THAT TRESSPASS!! Parking available nearby Harringworth village.","SP 91252 96720"
"110186293","GSM1","86.075","QM","","86.075","1100","","MAP","","491287.0","298785.0","Seaton Top","HMJ8","","","","","","","","","","","110186293","2024-02-14","","NRAIL","","","","","Up Main/Fast","Multiple steps down to track. Not suitable for carrying heavy or awkward loads down to track. W3W safest.fewer.leaky","SP 91287 98785"
"50144060","GSM1","88.0853","QM","","88.0853","1100","","MAP","","489601.0","301704.0","Wing Bridge, OBr 49","HMJ8","","","","","","","","","","","50144060","2022-09-09","","NRAIL","","","","","Up Main/Fast","off Glaston road. Steps to line & access to North end Glaston Tunnel.","SK 89601 01704"
"110151102","GSM1","89.0116","QM","","89.0116","2100","","MAP","","488921.0","302345.0","Wing <GSM1> footpath crossing","HMJ8","","","","","","","","","","","110151102","2022-09-09","","NRAIL","","","","","Down Main/Fast","Access via Rutland Outdoor Centre off of Grammas Lane","SK 88921 02345"
"50144092","GSM1","77.044","QM","","77.044","2100","","MAR","","487770.0","285428.0","Geddington Old Station","HMJ8","","","","","","","","","","","50144092","2022-09-09","","NRAIL","","","","","Down Main/Fast","Footpath off Gt Oakley to Little Oakley road.","SP 87770 85428"
"110163198","GSM1","74.116","QM","","74.116","2100","","MAV","","485403.0","282090.0","GLENDON V <Corby Lines - GSM1>","HMJ8","","","","","","","","","","","110163198","2024-05-09","","NRAIL","","","","","Down Main/Fast","First access gate is on the western side of Bridge 47. Follow farm track north approaching Bridge 46 and proceed to turn right underneath the bridge. The access road approach is steep with an uneven road surface. The access road runs adjacent to the SPC3 Up Main to Glendon Triangle/V. W3W freed.should.giant - 1st gate - soggy.handbag.endings - 2nd gate","SP 85403 82090"
"110180138","GSM1","75.1106","QM","","75.1106","2100","","MAV","","486130.0","283515.0","Storefield Cottages","HMJ8","","","","","","","","","","","110180138","2022-09-26","","NRAIL","","","","","Down Main/Fast","What 3 Words - eradicate.grows.score","SP 86130 83515"
"50144095","GSM1","79.0684","QM","","79.0684","1100","","MAV","","489133.0","288506.0","Corby Relay Room","HMJ8","","","","","","","","","","","50144095","2022-09-09","","NRAIL","","","","","Up Main/Fast","Bi-directional working. Notes: Off A427 Dual Carriageway at UB via Path to Line. Room for parking at Relay Room Access through Corby Station Car park to track. Access is on BSC, protection will be required for this ELR to reach GSM1 lines","SP 89133 88506"
"50404386","GSM1","79.1631","QM","","79.1631","0","","MAV","","489432.0","289308.0","Corby Asda; Courier Road","HMJ8","","","","","","","","","","","50404386","2022-09-09","","NRAIL","","","","","All/Multiple Tracks","RRVs can access track through gates. Access is located off Courier road","SP 89432 89308"
"20771898","GSM1","83.0099","QM","","83.0099","1100","","MAV","","489484.0","294136.0","Gretton Station & viaduct Ubr 30","HMJ8","","","","","","","","","","","20771898","2022-09-09","","NRAIL","","","","","Up Main/Fast","The loading and off loading of plant is prohibited at this access point <Hatton Lane>","SP 89484 94136"
"50144049","GSM1","83.011","QM","","83.011","1100","","MAV","","489493.0","294175.0","Gretton Viaduct - U/B 30.","HMJ8","","","","","","","","","","","50144049","2022-09-23","","NRAIL","","","","","Up Main/Fast","Access is located at Viaduct, parking on grass verge for vehicles, steps leading up to track to Up Corby side.","SP 89493 94175"
"120000121","GSM1","85.0374","QM","","85.0374","1100","","MAV","","491322.0","297036.0","Harringworth Viaduct (Welland Viaduct)","HMJ8","","","","","","","","","Pedestrian access onto the up Corby cess ","","120000121","2024-12-02","","","","","","","Up Main/Fast","Access off Gretton Road, Harringworth. Access point W3W - chose.kickbacks.falters, Parking for at least 2 vehicles is available at the access point",""
"50144066","GSM1","90.0324","QM","","90.0324","1100","","MAV","","488362.0","304005.0","Manton Jct & signal box;former station;GSM1 & PMJ","HMJ8","","","","","","","","","","","50144066","2022-09-09","","NRAIL","","","","","Up Main/Fast","After entering Manton Village from A6003 take second right at crossroads towards wing. Take left turn at bottom of hill and follow track under UB58 through old station","SK 88362 04005"
"110179881","GSM2","91.051","QM","","91.051","0","","MAP","","487534.0","305591.0","Gunthorpe UWC","HMJ9","","","","","","","","","","","110179881","2022-09-09","","NRAIL","","","","","All/Multiple Tracks","RESTRICTED ACCESS. Access is only allowed if permission is granted by the authorised user/landowner, details of which can be obtained via the Route Level Crossing Manager","SK 87505 50000"
"110179882","GSM2","91.1348","QM","","91.1348","0","","MAP","","487218.0","306285.0","Goodridges UWC","HMJ9","","","","","","","","","","","110179882","2022-09-09","","NRAIL","","","","","All/Multiple Tracks","RESTRICTED ACCESS. Access is only allowed if permission is granted by the authorised user/landowner, details of which can be obtained via the Route Level Crossing Manager","SK 87206 20000"
"110179883","GSM2","91.1755","QM","","91.1755","0","","MAP","","487068.0","306627.0","Pattersons UWC","HMJ9","","","","","","","","","","","110179883","2022-09-09","","NRAIL","","","","","All/Multiple Tracks","RESTRICTED ACCESS. Access is only allowed if permission is granted by the authorised user/landowner, details of which can be obtained via the Route Level Crossing Manager","SK 87006 60000"
"50404643","GSM2","92.0583","QM","","92.0583","1100","","MAP","","486839.0","307113.0","Egleton Crossing","HMJ9","","","","","","","","","","","50404643","2022-09-23","","NRAIL","","","","","Up Main/Fast","RESTRICTED ACCESS. Access is only allowed if permission is granted by the authorised user/landowner, details of which can be obtained via the Route Level Crossing Manager. Farm Crossing to Field On West Side of Line Opposite Turning For Egleton Village Off A6003.","SK 86839 07113"
"50144072","GSM2","93.0497","QM","","93.0497","0","","MAP","","485892.0","308302.0","Brooke Road crossing","HMJ9","","","","","","","","","","","50144072","2022-09-09","","NRAIL","","","","","All/Multiple Tracks","On Brooke Road, Oakham. Pedestrian Gate at all four crossing corners.  Limited Parking. Area around the crossing is double yellow lined.","SK 85892 08302"
"110179884","GSM2","93.1191","QM","","93.1191","0","","MAP","","485689.0","308901.0","Oakham Level Crossing","HMJ9","","","","","","","","","","","110179884","2022-09-09","","NRAIL","","","","","All/Multiple Tracks","Oakham Level crossing <CCTV>, no parking for vehicles. Access to track via gates either side of level crossing. do not access track walking over trespass guards.","SK 85608 90000"
"110151105","GSM2","93.1451","QM","","93.1451","2100","","MAP","","485675.0","309131.0","Oakham Down Platform","HMJ9","","","","","","","","","","","110151105","2023-12-13","","NRAIL","","","","","Down Main/Fast","Through the gate behind the cabin in Oakham Depot onto the down platform and then onto the Down Main. W3W - corrects.quest.destiny","SK 85643 09029"
"110151106","GSM2","93.1492","QM","","93.1492","1300","","MAP","","485698.0","309152.0","Oakham S&T cabin","HMJ9","","","","","","","","","","","110151106","2023-12-13","","NRAIL","","","","","Up Goods","Through the gate behind the S&T cabin onto the Up Goods Loop. W3W - boarded.zipped.umbrellas","SK 85698 09165"
"110180594","GSM2","94.077","QM","","94.077","1300","","MAP","","486181.0","309998.0","Burley Park Road","HMJ9","","","","","","","","","","","110180594","2022-10-18","","NRAIL","","","","","Up Goods","Pedestrian Access Only.  Access is via the public footpath that runs paralell to Burley Park Way.  Please note there is no parking available at this location.","SK 86181 09998"
"50144073","GSM2","95.156","QM","","95.156","1100","","MAP","","486518.0","312301.0","Tambourine Bridge - OBr 42","HMJ9","","","","","","","","","","","50144073","2022-09-09","","NRAIL","","","","","Up Main/Fast","Tambourine Bridge; from a field to field track off ""Oakham Road"", the Ashwell to Oakham road.","SK 86518 12301"
"110151109","GSM2","96.1035","QM","","96.1035","0","","MAP","","486292.0","313425.0","Ashwell Gatehouse <Tags> crossing","HMJ9","","","","","","","","","","","110151109","2022-09-09","","NRAIL","","","","","All/Multiple Tracks","Pedestrian access to the Down & Up at the crossing.","SK 86292 13425"
"110183151","GSM2","96.1474","QM","","96.1474","0","","MAP","","486129.0","313808.0","Ashwell SB LC","HMJ9","","","","","","","","","","","110183151","2025-04-08","","NRAIL","","","","","All/Multiple Tracks","Pedestrain Access Point - Access gates to track available on each corner of the Level Crossing.  Parking available for 2 Vehicles                                                                               What Three Words sunbeam.fixtures.debate","SK 86129 13808"
"50404644","GSM2","98.0","QM","","98.0","2100","","MAP","","484919.0","315216.0","Teigh Crossing","HMJ9","","","","","","","","","","","50404644","2022-09-23","","NRAIL","","","","","Down Main/Fast","RESTRICTED ACCESS. Access is only allowed if permission is granted by the authorised user/landowner, details of which can be obtained via the Route Level Crossing Manager. This access is through someones back garden.","SK 84919 15216"
"110179885","GSM2","102.032","QM","","102.032","0","","MAP","","480206.0","319079.0","Freeby UWC","HMJ9","","","","","","","","","","","110179885","2022-09-09","","NRAIL","","","","","All/Multiple Tracks","RESTRICTED ACCESS. Access is through private land but has public right of way to use crossing. no parking available. vehicle Access is only allowed if permission is granted by the authorised user/landowner, details of which can be obtained via the Route Level Crossing Manager","SK 80219 00000"
"110179886","GSM2","103.048","QM","","103.048","0","","MAP","","478506.0","318632.0","Brentingby Gate Crossing","HMJ9","","","","","","","","","","","110179886","2022-09-09","","NRAIL","","","","","All/Multiple Tracks","RESTRICTED ACCESS. Access is through private land but has public right of way to use crossing. no parking available. vehicle Access is only allowed if permission is granted by the authorised user/landowner, details of which can be obtained via the Route Level Crossing Manager","SK 78518 60000"
"50401828","GSM2","104.0175","QM","","104.0175","1100","","MAP","","477178.0","318719.0","OBr 31 Brentingby Junction","HMJ9","","","","","","","","","","","50401828","2022-09-09","","NRAIL","","","","","Up Main/Fast","Off Saxby Road B676 into Lag Lane towards Burton Lazars. Access via gate and steps into the cutting to the Up side.","SK 77178 18719"
"110160146","GSM2","104.1085","QM","","104.1085","2300","","MAP","","476351.0","318760.0","Lowesby Close","HMJ9","","","","","","","","","Access","","110160146","2022-09-09","","NRAIL","","","","","Down Goods","Access is along a public footpath between houses. Parking for two vans is available at the end of the cul-de-sac. RESIDENTIAL AREA. PLEASE KEEP NOISE TO A MINIMUM AND RESPECT NEIGHBOURS PRIVACY.","SK 76351 18760"
"50401829","GSM2","105.0408","QM","","105.0408","1100","","MAP","","475382.0","318754.0","Melton Station","HMJ9","","","","","","","","","","","50401829","2022-09-09","","NRAIL","","","","","Up Main/Fast","Parking next to access point for 6 vehicles","SK 75382 18754"
"110179887","GSM2","105.131","QM","","105.131","1100","","MAP","","474533.0","318605.0","Tamar Road","HMJ9","","","","","","","","","","","110179887","2022-09-09","","NRAIL","","","","","Up Main/Fast","Off Tamar Road, access is at bottom of pedestrian crossing","SK 74518 60000"
"110151107","GSM2","93.1498","QM","","93.1734","2900","","MAR","","485669.0","309149.0","Oakham Barleythorpe Sidings","HMJ9","","","","","","","","","","","110151107","2023-12-13","","NRAIL","","","","","Down Siding","Through the gate at the end of the road inside Oakham Depot onto the Down Sidings.  Access to track W3W - probably.composts.airbrush  <RRAP is located at W3W - songbird.blogs.slams>","SK 85643 09029"
"50144068","GSM2","90.1593","QM","","90.1593","2100","","MAV","","487771.0","305017.0","Cemetery Lane; ex Manton Nth Jn","HMJ9","","","","","","","","","","","50144068","2022-09-09","","NRAIL","","","","","Down Main/Fast","Off Cemetery Lane in Manton village; cul de sac down to the A6003. Vehicle gate with some storage space in the Down side.","SK 87771 05017"
"110151108","GSM2","95.0147","QM","","95.0147","2100","","MAV","","486271.0","311060.0","Langham crossing & SB","HMJ9","","","","","","","","","","","110151108","2022-09-23","","NRAIL","","","","","Down Main/Fast","Access at the crossing. Parking for 2 Vehicles","SK 86271 11060"
"110151111","GSM2","99.0249","QM","","99.0249","0","","MAV","","483698.0","316581.0","Whissendine Level Crossing","HMJ9","","","","","","","","","","","110151111","2022-09-09","","NRAIL","","","","","All/Multiple Tracks","On Station Road between Whissendine & Edmondthorpe / Teigh. Parking for two vehicles","SK 83698 16581"
"110151112","GSM2","99.1476","QM","","99.1476","0","","MAV","","482966.0","317431.0","Wymondham Level Crossing","HMJ9","","","","","","","","","","","110151112","2022-09-09","","NRAIL","","","","","All/Multiple Tracks","On Glebe Road from Wymondham village to Burton Lazars. Parking for 2 vehicles","SK 82966 17431"
"50144037","GSM2","100.0955","QM","","101.075","0","","MAV","","481398.0","319278.0","Saxby Road - O/B No. 35 Saxby Self Store","HMJ9","","","","","","","","","","","50144037","2022-09-09","","NRAIL","","","","","All/Multiple Tracks","RESTRICTED ACCESS. report to self storage reception for access through the storage facility to get to access gate. Not recommended for access unless familiar with facility as can get lost navigating to access gate","SK 81398 19278"
"110151113","GSM2","102.0836","QM","","102.0836","0","","MAV","","479761.0","318904.0","Wyfordby Level Crossing","HMJ9","","","","","","","","","","","110151113","2022-09-09","","NRAIL","","","","","All/Multiple Tracks","On the Wyfordby to Stapleford road. Pedestrian access to the keepers cabin and Down lineside. Car parking area adjacent the LC on the Up side.","SK 79761 18904"
"110151114","GSM2","105.0426","QM","","105.064","1100","","MAV","","475361.0","318771.0","Melton Station Yard","HMJ9","","","","","","","","","","","110151114","2022-09-09","","NRAIL","","","","","Up Main/Fast","Off Burton Street; vehicle gate into the yard and drive to the Signal Box and Up side.","SK 75361 18771"
"110151115","GSM2","105.0426","QM","","105.0607","1100","","MAV","","475197.0","318741.0","Melton Station Loading Dock","HMJ9","","","","","","","","","","","110151115","2022-09-09","","NRAIL","","","","","Up Main/Fast","Off Burton Street;  into the car park and drive to the Signal Box along the dock on the Up side. Access to Down & Up platforms via the footbridge.","SK 75197 18741"
"110188646","GSM3","104.011","QM","","104.011","0","","MAP","","462058.0","311532.0","#308 - Syston Junction CTLP","HMJ9","","","","","","","","","","","110188646","2024-10-01","","NRAIL","","","","","All/Multiple Tracks","This Access is for the use of CtLP at this approved location. Only authorised users can utilise CtLP and must be on the authorised register before attempting to use at this location: #308 - Syston Junction CTLP","SK 62058 11532"
"50144002","GSM3","104.0485","QM","","104.0485","2100","","MAP","","462183.0","311890.0","Syston East Jcn, UB 2, Fletton Br. High St, Syston","HMJ9","","","","","","","","","","","50144002","2022-09-09","","NRAIL","","","","","Down Main/Fast","On Syston High Street, pedestrian gate & steps up the embankment to the Down cess; UBr 2 Fletton Bridge.","SK 62183 11890"
"110179888","GSM3","106.102","QM","","106.102","0","","MAP","","464574.0","314695.0","Mucky Farm UWC","HMJ9","","","","","","","","","","","110179888","2022-09-09","","NRAIL","","","","","All/Multiple Tracks","RESTRICTED ACCESS. Access is a private road but has public footpath  right of way. Vehicle Access is only allowed if permission is granted by the authorised user/landowner, details of which can be obtained via the Route Level Crossing Manager","SK 64514 60000"
"110151119","GSM3","107.0108","QM","","107.0108","0","","MAP","","465186.0","315160.0","Rearsby Level Crossing","HMJ9","","","","","","","","","","","110151119","2022-09-09","","NRAIL","","","","","All/Multiple Tracks","Rearsby LC on Station Road / Rearsby Road in Rearsby village. Pedestrian access to Down & Up.","SK 65186 15160"
"110179889","GSM3","107.122","QM","","107.122","0","","MAP","","466098.0","315648.0","Hives Farm UWC","HMJ9","","","","","","","","","","","110179889","2022-09-09","","NRAIL","","","","","All/Multiple Tracks","RESTRICTED ACCESS. Access is a private UWC with no public right of way. Access is only allowed if permission is granted by the authorised user/landowner, details of which can be obtained via the Route Level Crossing Manager","SK 66115 50000"
"110179890","GSM3","109.0","QM","","109.0","0","","MAP","","467562.0","317102.0","Rippins Farm UWC","HMJ9","","","","","","","","","","","110179890","2022-09-09","","NRAIL","","","","","All/Multiple Tracks","RESTRICTED ACCESS. Access is a private road but has public footpath  right of way. Vehicle Access is only allowed if permission is granted by the authorised user/landowner, details of which can be obtained via the Route Level Crossing Manager","SK 67517 10000"
"110179891","GSM3","109.1115","QM","","109.1115","0","","MAP","","468406.0","317650.0","Washstones LC<R/G> UWC","HMJ9","","","","","","","","","","","110179891","2022-09-09","","NRAIL","","","","","All/Multiple Tracks","RESTRICTED ACCESS. Access is public right of way. Vehicle Access is only allowed if permission is granted by the authorised user/landowner, details of which can be obtained via the Route Level Crossing Manager","SK 68417 60000"
"110151121","GSM3","110.0908","QM","","110.0908","0","","MAP","","469769.0","318018.0","Mill Deeping Crossing","HMJ9","","","","","","","","","","","110151121","2022-09-09","","NRAIL","","","","","All/Multiple Tracks","At the end of Mill Lane, Frisby on the Wreake.","SK 69769 18018"
"110179892","GSM3","111.0192","QM","","111.0192","0","","MAP","","470696.0","318209.0","Asfordby Sewage Works FPC","HMJ9","","","","","","","","","","","110179892","2022-09-09","","NRAIL","","","","","All/Multiple Tracks","RESTRICTED ACCESS. Access is a private road but has public footpath  right of way. Vehicle Access is only allowed if permission is granted by the authorised user/landowner, details of which can be obtained via the Route Level Crossing Manager","SK 70618 20000"
"50144014","GSM3","111.1386","QM","","111.1386","2100","","MAP","","471774.0","317981.0","Kirkby Road, OBr 15","HMJ9","","","","","","","","","","","50144014","2022-09-09","","NRAIL","","","","","Down Main/Fast","Off the A 607 Leicester Road into Main Street, Kirby Bellars <village only>. Pedestrian gate & steps into the cutting to the Down cess at the East face of the bridge.","SK 71774 17981"
"110179893","GSM3","113.003","QM","","113.003","0","","MAP","","473709.0","318245.0","Sysonby Grange FPC","HMJ9","","","","","","","","","","","110179893","2022-09-09","","NRAIL","","","","","All/Multiple Tracks","Access is gained via walking along Badger Avenue to the foot path crossing.","SK 73718 20000"
"20772820","GSM3","110.0375","QM","","110.0375","0","","MAR","","469308.0","317881.0","Frisby Level Crossing, Station Road, Frisby.","HMJ9","","","","","","","","","","","20772820","2022-09-09","","NRAIL","","","","","All/Multiple Tracks","On Washstones Lane the Frisby to Hoby road. RRV""s can access at Level Crossing. Road closure required. Concrete Bomacs. Parking for up to 3 vehicles on downside.","SK 69308 17881"
"110181932","GSM3","103.1643","QM","","104.0175","3400","","MAV","","462111.0","311138.0","Syston South Junction <North Side>","HMJ9","","","","","","","","","","","110181932","2022-11-24","","NRAIL","","","","","Rev Single","Gates to the north side of Syston Station Car Park, leading to RRAP on the Bi-Directional Slow Line as well as Syston South Junction and Syston Relay Room. Access is also possible to the Up & Down Peterborough via the road to the right of the Relay Room. The What3Words ref. for the gates are alert.dent.camp",""
"110160168","GSM3","105.0616","QM","","105.0616","2100","","MAV","","463270.0","313185.0","East Goscote Ind. Estate","HMJ9","","","","","","","","","Access Point","","110160168","2022-09-09","","NRAIL","","","","","Down Main/Fast","Parking is available along the industrial estate access road <The Warren>.","SK 63270 13185"
"110160167","GSM3","105.095","QM","","105.095","1100","","MAV","","463450.0","313448.0","Beedles Lake Golf Course","HMJ9","","","","","","","","","Access Point","","110160167","2022-09-09","","NRAIL","","","","","Up Main/Fast","Access is along the Golf Course private road. Off road parking is available through the timber post & rail fence by the gate.","SK 63450 13448"
"50401933","GSM3","106.0","QM","","106.0","0","","MAV","","463933.0","314012.0","Broome Lane LC","HMJ9","","","","","","","","","","","50401933","2022-09-09","","NRAIL","","","","","All/Multiple Tracks","On Broome Lane <B674> on the East Goscote to Ratcliffe on the Wreake road. Pedestrian gate to the REB and Up lineside.","SK 63933 14012"
"110151120","GSM3","108.0682","QM","","108.0682","0","","MAV","","466980.0","316305.0","Brooksby Level Crossing","HMJ9","","","","","","","","","","","110151120","2022-09-09","","NRAIL","","","","","All/Multiple Tracks","On Brooksby Road, Brooksby village; pedestrian gate to the Down side and REB at the west side of the LC.","SK 66980 16305"
"110151122","GSM3","110.1008","QM","","110.1008","0","","MAV","","469853.0","318056.0","Woods Occupation Crossing","HMJ9","","","","","","","","","","","110151122","2022-09-09","","NRAIL","","","","","All/Multiple Tracks","At the end of Mill Lane, Frisby on the Wreake.","SK 69853 18056"
"50401934","GSM3","111.0816","QM","","111.0816","0","","MAV","","471297.0","318152.0","Asfordby Level Crossing","HMJ9","","","","","","","","","","","50401934","2022-09-22","","NRAIL","","","","","All/Multiple Tracks","Unclassified road from A607 at Kirby Bellars to Asfordby. Pedestrian access via a roadside gate, into the REB compound, and a second gate to the Unclassified road from A607 at Kirby Bellars to Asfordby. Pedestrian access via a roadside gate, into the REB compound, and a second gate to the Up cess, west side of the crossing. Phones to Frisby S.B.","SK 71397 18152"
"50144017","GSM3","112.11","QM","","112.11","0","","MAV","","472946.0","318057.0","Copleys Brook - U/B No. 18","HMJ9","","","","","","","","","","","50144017","2022-09-09","","NRAIL","","","","","All/Multiple Tracks","Access is via the access track just before the overbridge.  Drive down to the very end of the track.  Parking for several vehicles","SK 72946 18057"
"110160147","GSM4","106.1452","QM","","106.1452","3100","","MAP","","472963.0","319079.0","Bridge 61","HMJ9","","","","","","","","","Access Point","","110160147","2022-09-09","","NRAIL","","","","","Rev Main/Fast","100m walk to bridge from 3rd party vehicle gates for pedestrian access. Contact Leicester County Council, 0116 3050001 between 0900hrs and 1600hrs, Monday to Friday to request vehicle access down to the bridge.","SK 72963 19079"
"110180591","JRT1","0.0044","QM","","0.0088","2100","","MAR","","528667.0","185528.0","Murphys Yard South RRAP","HMJ8","","","","","","","","","","","110180591","2022-10-18","","NRAIL","","","","","Down Main/Fast","using w3w mash.neck.glory and grid reference TQ286855 as access into Murphy?s Yard and w3w bills.meant.tape and grid reference TQ284853 for the location of the RRAP onto the Down Tottenham line 0m 02ch0-0m 04ch","TQ 28667 85528"
"110179894","JRT1","0.0396","QM","","0.0396","0","","MAR","","528561.0","185502.0","Murphys Yard Tottenham Curve","HMJ8","","","","","","","","","","","110179894","2022-09-09","","NRAIL","","","","","All/Multiple Tracks","Security gate at Murphy""s Yard, turn right through the gate; drive through parking area to access gate, parking and turning for plant and vehicles at the access point located at 768 S&C crossover.","TQ 28585 50000"
"110151095","JRT2","2.0448","QM","","2.0448","2100","","MAP","","528828.0","185818.0","Ingestre Road","HMJ8","","","","","","","","","","","110151095","2022-09-09","","NRAIL","","","","","Down Main/Fast","Access off Ingestre Road via pedestrian palisade gate to the lineside above the cutting. A path and steps will need constructing to access the track down the fence line.","TQ 28828 85818"
"50143983","KSL","98.0132","QM","","98.0132","3400","","MAP","","458434.0","302401.0","1 Old Saffron Lane","HMJ9","","","","","","","","","","","50143983","2022-09-09","","NRAIL","","","","","Rev Single","Pedestrian gate at 1 Old Saffron Lane into the Down side. The neighbour has block paved our land so it appears to be his but access rights remain and should be exercised.

available on road before entrance gate. No trackside parking. No road rail access. Poor access for heavy plant.","SK 58434 02401"
"50143943","KSL","99.046","QM","","99.046","3400","","MAP","","456919.0","303555.0","Westcoates Bridge UBr 7; Braunstone Avenue","HMJ9","","","","","","","","","","","50143943","2022-09-09","","NRAIL","","","","","Rev Single","Westcoates Bridge, Braunstone Avenue. Parking at access gate; pedestrian gate with steps up the embankment to the Down side.","SK 56919 03555"
"20771911","KSL","100.086","QM","","100.086","3400","","MAP","","455221.0","304110.0","Park Rise footpath Crossing","HMJ9","","","","","","","","","","","20771911","2022-09-09","","NRAIL","","","","","Rev Single","Off Park Rise; public footpath to a foot crossing from the Up side.","SK 55221 04110"
"50143949","KSL","100.1665","QM","","100.1665","3400","","MAP","","454465.0","303860.0","Golf Course Lane  - OBr 12.","HMJ9","","","","","","","","","","","50143949","2022-09-09","","NRAIL","","","","","Rev Single","Off Golf Course Lane; pedestrian gate & steps into the cutting to the Up side.","SK 54465 03860"
"50143955","KSL","103.0638","QM","","103.0638","3400","","MAP","","450909.0","304436.0","Youngs Bridge - UBr 19","HMJ9","","","","","","","","","","","50143955","2022-09-09","","NRAIL","","","","","Rev Single","Off Desford Lane down a private track to Youngs Bridge. Steps up the embankment to the lineside.","SK 50909 04436"
"110151126","KSL","111.0503","QM","","111.0503","2100","","MAP","","444290.0","312619.0","Bardon Hill SB","HMJ9","","","","","","","","","","","110151126","2022-09-09","","NRAIL","","","","","Down Main/Fast","Pedestrian gate into the Down lineside, off Grange Road, with parking area for vehicles and plant on the Up side at Bardon Hill LC.","SK 44290 12619"
"110183971","KSL","112.0361","QM","","112.0361","1300","","MAP","","443217.0","313639.0","Scotlands Playing Fields","HMJ9","","","","","","","","","","","110183971","2023-06-06","","NRAIL","","","","","Up Goods","Access is located adjacent to the public footpath in Scotlands Playing Fields on the Up Goods. Access to ML124 Signal and LOC 112/1. Parking is available in the playing fields car park from 08:00 every day and will close at dusk. Height limit of 6""6"".No overnight parking in the car park but may be able to park infront of the gates.  859 Key Required.https://what3words.com/stay.cover.value","SK 43217 13639"
"110151127","KSL","112.1538","QM","","112.1538","0","","MAP","","442594.0","314272.0","Coalville Level Crossing","HMJ9","","","","","","","","","","","110151127","2022-09-09","","NRAIL","","","","","All/Multiple Tracks","On Hotel Street in Coalville.","SK 42594 14272"
"50404243","KSL","114.0014","QM","","114.0014","3400","","MAP","","441096.0","315501.0","Swanington Level Crossing","HMJ9","","","","","","","","","","","50404243","2022-09-08","","NRAIL","","","","","Rev Single","At the lower conjunction of Hough Hill & Station Hill in Swannington; street parking nearby.","SK 41096 15501"
"50143922","KSL","116.0546","QM","","116.0546","1100","","MAP","","437620.0","316128.0","Corkscrew Lane OBr 49.","HMJ9","","","","","","","","","","","50143922","2022-09-08","","NRAIL","","","","","Up Main/Fast","Pedestrian palisade gate, with steps to the Up cess, at Obr 49 on Corkscrew Lane; small layby, for a car, at the gate. An unclassified Road from Packington to Farm Town, North of A50. Between Leicester Road and the A511 Ashby Road.","SK 37620 16128"
"50143926","KSL","117.1008","QM","","117.1008","1100","","MAP","","435597.0","316269.0","Station Road, Ashby De La Zouch; UBr55.","HMJ9","","","","","","","","","","","50143926","2022-09-08","","NRAIL","","","","","Up Main/Fast","Pedestrian palisade gate with steps to the Up cess at the south face of Ubr 55, Up side. Ashby-De-La-Zouch.","SK 35597 16269"
"110151129","KSL","117.115","QM","","117.115","2100","","MAP","","435468.0","316247.0","The Maltings, Tamworth Road, Ashby De La Zouch.","HMJ9","","","","","","","","","","","110151129","2022-09-08","","NRAIL","","","","","Down Main/Fast","Legal right to park cars & vans in The Maltings, Tamworth Road, Ashby De La Zouch. Pedestrian gate & steps to the Down cess. Property Document number 4357 with Davenport and Son Ltd, refers.","SK 35468 16247"
"110150038","KSL","119.0616","QM","","119.0616","2100","","MAP","","432831.0","315746.0","Willesley Woodside Road","HMJ9","","","","","","","","","","","110150038","2022-09-08","","NRAIL","","","","","Down Main/Fast","Pedestrian access steps down to trackside.","SK 32831 15746"
"20772825","KSL","121.1127","QM","","121.1127","1100","","MAP","","429547.0","316992.0","OB Swains Park Road","HMJ9","","","","","","","","","","","20772825","2022-09-08","","NRAIL","","","","","Up Main/Fast","Parking on lane near access for 10 + vehicles.","SK 29547 16992"
"50143935","KSL","123.1197","QM","","123.1197","2100","","MAP","","426881.0","318527.0","Underbridge No.71","HMJ9","","","","","","","","","NP","","50143935","2022-09-08","","NRAIL","","","","","Down Main/Fast","Access is off Cadley Lane on to Cotton Park, access steps lead up to track. Approx. 25 Steps.","SK 26881 18527"
"50143896","KSL","125.0374","QM","","125.0374","1100","","MAP","","425139.0","320420.0","Drakelow East Jn","HMJ9","","","","","","","","","NP","","50143896","2022-09-08","","NRAIL","","","","","Up Main/Fast","5 Mile Line Diagrams Access Point No 7569. Notes: Access is on North East corner of OB76, Roliston Road South. Access only by Up Goods.","SK 25139 20420"
"50143897","KSL","125.13","QM","","125.13","2100","","MAP","","424541.0","321014.0","UB79 Drakelow Road","HMJ9","","","","","","","","","Pedestrian Access","","50143897","2022-09-08","","NRAIL","","","","","Down Main/Fast","Access is through the viaduct arch adjacent to the playpark at the end of Waterside Road, Drakelow at Underbridge 79.","SK 24541 21014"
"20771943","KSL","97.15","QM","","97.15","3400","","MAR","","458824.0","302218.0","Freemens Common; Euston Street","HMJ9","","","","","","","","","","","20771943","2022-09-09","","NRAIL","","","","","Rev Single","At the end of Euston Street, double gates into the railway and sidings with access to the Leicester to Burton and Midland Main Lines. Good access for heavy plant, road rail and vehicles. Good parking and turning but no bridging arrangement in place.","SK 58824 02218"
"50143982","KSL","97.1056","QM","","97.1056","1100","","MAV","","458993.0","301887.0","UBr 58 Knighton Fields Bridge","HMJ9","","","","","","","","","","","50143982","2022-09-08","","NRAIL","","","","","Up Main/Fast","5 Mile Line Diagram Access Point Number 7630. Turn into Knighton Fields Road then continue along road under narrow railway bridge ahead <BR58> & then take immediate right turn through double access gates up to line side on up. Not suitable for low vehicles. Double vehicle gates to the SPC4 Up side off Knighton Fields Road East. Access in the Down direction through Knighton Tunnel to Lancaster Road access at 98m 1030y.","SK 58993 01887"
"20771912","KSL","102.0781","QM","","102.0781","3400","","MAV","","452133.0","303640.0","Kirkby Muxloe Crossing; Station Drive","HMJ9","","","","","","","","","","","20771912","2022-09-09","","NRAIL","","","","","Rev Single","Off Station Road, Kirby Muxloe, into Station Drive; parking on street before the crossing.","SK 52133 03640"
"110180332","KSL","104.0249","QM","","104.0249","3400","","MAV","","449677.0","304479.0","Kirby Muxloe FTN Node","HMJ9","","","","","","","","","","","110180332","2022-09-30","","NRAIL","","","","","Rev Single","Off Desford Road into poundstrecther compound, turn left after entrance and drive round to the rear of the warehouse. Gates lead onto railway land. Parking for 1/2 vehicles.","SK 49677 04479"
"50143957","KSL","104.1422","QM","","104.1422","3400","","MAV","","448672.0","304136.0","Desford AHB","HMJ9","","","","","","","","","","","50143957","2022-09-09","","NRAIL","","","","","Rev Single","On B5380 between Desford & Newtown Unthank. Vehicle parking near the crossing; road closure required for plant access.","SK 48672 04136"
"110151123","KSL","106.1235","QM","","106.1235","3400","","MAV","","446728.0","306316.0","Merrylees Flo gas","HMJ9","","","","","","","","","","","110151123","2022-09-09","","NRAIL","","","","","Rev Single","Off Merrylees Road into ""The Sidings"" access road in Merrylees Industrial Estate; vehicle gate into the Down side. Parking nearby.","SK 46728 06316"
"110151124","KSL","107.1308","QM","","107.1738","3400","","MAV","","445954.0","307775.0","Thornton Road","HMJ9","","","","","","","","","","","110151124","2022-09-09","","NRAIL","","","","","Rev Single","Off Bagworth Lane at UBr 30 into an access track to UBr 29, Miller""s Cattle. Access up the embankment to the Up side. Parking and turning area at the UBr; this is all on railway land.","SK 45954 07775"
"50143914","KSL","109.0307","QM","","110.0235","3400","","MAV","","444245.0","309313.0","Bagworth Station yard","HMJ9","","","","","","","","","","","50143914","2022-09-09","","NRAIL","","","","","Rev Single","Situated in former Bagworth Sdgs. Access ex Station Terrace, Bagworth. Turning off B585 at Maynard Arms P.H. Large land area inside the gates for vehicle and plant parking. Lineside vehicle access on the Down side to about 110m 0235y","SK 44245 09313"
"110151125","KSL","111.048","QM","","111.048","2100","","MAV","","444313.0","312607.0","Bardon Hill Down Side","HMJ9","","","","","","","","","","","110151125","2022-09-09","","NRAIL","","","","","Down Main/Fast","Vehicle gate into the Down lineside, off Grange Road, with  parking area for vehicles and plant at Bardon Hill LC.","SK 44313 12607"
"50404242","KSL","111.0485","QM","","111.0485","1100","","MAV","","444294.0","312610.0","Bardon Hill Up side","HMJ9","","","","","","","","","","","50404242","2022-09-09","","NRAIL","","","","","Up Main/Fast","Vehicle gate into the Up lineside, off Grange Road, with large parking area for vehicles and plant at Bardon Hill LC.","SK 44394 12610"
"50143918","KSL","113.0069","QM","","113.0069","2800","","MAV","","442351.0","314633.0","Mantle Lane Signal Box / Underbridge No. 44A","HMJ9","","","","","","","","","","","50143918","2022-09-09","","NRAIL","","","","","Down Other/Eng/Car","Access site via Wolsey Road.  This leads in to a gated NR compound with parking for several vehicles.","SK 42351 14633"
"50143924","KSL","116.1753","QM","","116.1753","1100","","MAV","","436889.0","316285.0","Leicester Road, Ashby De La Zouch; UBr51.","HMJ9","","","","","","","","","","","50143924","2022-09-08","","NRAIL","","","","","Up Main/Fast","Vehicle gates off Leicester Rd from Ashby towards New Packington; vehicle access to Up.","SK 36589 16285"
"110151128","KSL","117.0303","QM","","117.0303","1100","","MAV","","436241.0","316277.0","Upper Packington Road, Ashby De La Zouch; Ubr 52.","HMJ9","","","","","","","","","","","110151128","2022-09-08","","NRAIL","","","","","Up Main/Fast","On Upper Packington Road in Ashby De La Zouch at Ubr 52; vehicle gate with pedestrian and plant access down a shallow slope, into the cutting, to the Up side.","SK 36241 16277"
"50143930","KSL","120.1478","QM","","120.1478","2100","","MAV","","430498.0","316154.0","Moira West Signal Box","HMJ9","","","","","","","","","","","50143930","2022-09-08","","NRAIL","","","","","Down Main/Fast","Off Spring Cottage Road between Albert Village & Linton Heath; access road between the Navigation Inn & Obr 61.","SK 30498 16154"
"20772826","KSL","122.11","QM","","122.11","2100","","MAV","","428252.0","317799.0","Gresley Cabin","HMJ9","","","","","","","","","","","20772826","2022-09-08","","NRAIL","","","","","Down Main/Fast","Parking for numerous vehicles","SK 28252 17799"
"20771913","KSL","126.132","QM","","126.132","0","","MAV","","423676.0","322306.0","Cambridge Street Level Crossing","HMJ9","","","","","","","","","","","20771913","2022-09-08","","NRAIL","","","","","All/Multiple Tracks","Cambridge Street Level Crossing is provided with padlocks specific to the registered users. The Up side Access Gate is provided with a chain and two padlocks, one network rail, and one specific to the Registered Crossing Users. Users of the Access Point must ensure that gates are left available to the Level Crossing registered users after use.","SK 23676 22306"
"110180632","MCL","1.1386","QM","","1.1386","1100","","MAP","","530195.0","184004.0","York Road Tunnel","HMJ8","","","","","","","","","","","110180632","2022-10-19","","NRAIL","","","","","Up Main/Fast","""pedestrian access only. This is via the security hut off the main road ?crab.locked.stay? 51.539696, -0.124584

In the back left corner there is a single pedestrian gate via XJK859 padlock. ?senior.obey.fruit? 51.539927, -0.124082

This will take you along a walkway to the metal stairs and down to track ?bunk.trail.tooth? 51.540054, -0.123896
This site is currently undergoing major building works and so no on site parking is available. ""","TQ 30195 84004"
"110180177","MCL","2.0242","QM","","2.0242","0","","MAP","","530002.0","183090.0","St. Pancras International Station Platform A and B","HMJ8","","","","","","","","","","","110180177","2022-09-27","","NRAIL","","","","","All/Multiple Tracks","What3words - wage.beyond.cares    Grid Reference TQ300830","TQ 30002 83090"
"110186792","MCL","2.1562","QM","","2.1562","1100","","MAP","","529674.0","184363.0","St Augustines","HMJ8","","","","","","","","","","","110186792","2024-04-24","","NRAIL","","","","","Up Main/Fast","Access to track is via a raised metal walkway and down a set of stairs, to the right as you enter the metal gates from the road. This walkway is lit, light switch as you enter. Limited CESS at bottom of metal walkway. unwanted.actor.extra","TQ 29674 84363"
"110180593","MCL","3.1276","QM","","3.132","1100","","MAV","","528667.0","185528.0","Murphys Yard South RRAP","HMJ8","","","","","","","","","","","110180593","2022-10-18","","NRAIL","","","","","Up Main/Fast","using w3w mash.neck.glory and grid reference TQ286855 as access into Murphy?s Yard and w3w effort.crib.rings and grid reference TQ289852 for the location of the RRAP onto the track.","TQ 28667 85528"
"20771914","MJS1","130.077","QM","","130.077","3400","","MAP","","435818.0","332317.0","Rolls Royce Sinfin","HMJ9","","","","","","","","","","","20771914","2022-09-08","","NRAIL","","","","","Rev Single","No lock, access for Rolls Royce Staff. No vehicular access. No barriers. No road-rail access.","SK 35718 32317"
"110151979","MJS1","131.0047","QM","","131.0266","3400","","MAR","","435372.0","333118.0","Melbourne Jn","HMJ9","","","","","","","","","Access Point","","110151979","2022-09-09","","NRAIL","","","","","Rev Single","Access off Peak Drive at 131.0047. Drive through access gate and turn left access is available to MJS1 from this point all the way to Melbourne Junction at 131.0266yds.","SK 35422 33286"
"50143611","MJT1","124.0828","QM","","124.0828","1100","","MAP","","456095.0","338794.0","Lenton North Junction","HMJ9","","","","","","","","","NP","","50143611","2022-09-08","","NRAIL","","","","","Up Main/Fast","Access via Mansfield Junction access point leads onto TSN1/2. Parking for numerous vehicles and RRV on tracking point located next to access gate.","SK 56095 38794"
"50143584","MJT1","125.0044","QM","","125.0044","1100","","MAP","","455378.0","339270.0","Overbridge No.4A Church Street","HMJ9","","","","","","","","","NP","","50143584","2022-09-08","","NRAIL","","","","","Up Main/Fast","Access is gained off Church Street at Lenton, Nottingham.No access for road-railers. Car parking at side of graveyard for four vehicles.","SK 55378 39270"
"110179911","MJT1","0.0044","QM","","0.0044","3400","","MAR","","455696.0","338494.0","Lenton South Junction","HMJ9","","","","","","","","","","","110179911","2022-09-09","","NRAIL","","","","","Rev Single","Vehicle access via Games Workshop, will be required to buzz through and access through gates along LSN to Lenton North Junction. RRV RRAP on site at this location. Parking for multiple vehicles along Lenton Curve.","SK 55638 40000"
"20772827","MJT1","124.116","QM","","124.116","2100","","MAR","","455821.0","338901.0","Lenton North","HMJ9","","","","","","","","","","","20772827","2022-09-08","","NRAIL","","","","","Down Main/Fast","Vehicle access via Games Workshop, will be required to buzz through and access through gates along LSN to Lenton North Junction. Access directly onto MJT1 via foot by walking the remainder of the access on foot. Vehicle parking available along LSN curve for multiple vehicles.","SK 55821 38901"
"50143233","MJT1","125.121","QM","","125.121","1100","","MAV","","454898.0","340268.0","Radford Jcn","HMJ9","","","","","","","","","NP","","50143233","2022-09-08","","NRAIL","","","","","Up Main/Fast","From A609 Wollaton Rd,& Ilkeston Road at junction turn into Student cpomplex and retail area. Gate on left after approx. 200yds currently behind Magnet Trade . Limited vehicular parking. 222 key. <Access reserved in sale of land in 1987>.","SK 54898 40268"
"50143592","MJT2","126.1452","QM","","126.1452","2100","","MAP","","453224.0","340612.0","Overbridge No.19","HMJ9","","","","","","","","","NP","","50143592","2022-09-08","","NRAIL","","","","","Down Main/Fast","Access gained from Hollingworth Road at roundabout, parking usually avaialbe for 1 or 2 vehicles, however it is NOT recommeded! Do Not leave any valuable items. Access down alleyway and gate is on the Left. Turn left through gate towards track and access through second gate. WARNING: high drug use area be careful of sharps and paraphenalia access takes you down onto Down Trowell area of track.","SK 53224 40612"
"50143593","MJT2","127.0396","QM","","127.0396","1100","","MAP","","452630.0","340601.0","Overbridge No.18 Old Coach Road","HMJ9","","","","","","","","","NP","","50143593","2022-09-08","","NRAIL","","","","","Up Main/Fast","5 Mile Line Diagram Access Point Number: 9120. Notes: Unclassified Road from Bilborough on North side of line towards Wollaton on South side of line. Parking for 5/6 vehicles","SK 52630 40601"
"110153276","MJT2","128.066","QM","","128.066","1100","","MAP","","451093.0","339623.0","Rosedale Drive","HMJ9","","","","","","","","","","","110153276","2022-09-08","","NRAIL","","","","","Up Main/Fast","Access off Rosedale Drive into  the Vale Community Centre car park. Access is located to left of public bridge over track. Access via ateps leading down to","SK 51093 39623"
"110149960","MJT2","128.089","QM","","128.089","2100","","MAP","","450888.0","339509.0","Fylingdale Way","HMJ9","","","","","","","","","Pedestrian","","110149960","2022-09-08","","NRAIL","","","","","Down Main/Fast","Park at the end of Calderdale Road which is accessed via Grangewood Road followed by Wharfedale Road.","SK 50888 39509"
"50143564","MJT2","128.099","QM","","128.099","1100","","MAP","","450811.0","339477.0","Overbridge No.11","HMJ9","","","","","","","","","NP","","50143564","2022-09-08","","NRAIL","","","","","Up Main/Fast","Access via Beverley Close, turn Left and walk to Bridge. Access is on far side taking you onto Up Trowell of track.","SK 50811 39477"
"110179912","MJT2","128.132","QM","","128.132","1100","","MAP","","450539.0","450539.0","Coventry Lane","HMJ9","","","","","","","","","","","110179912","2022-09-09","","NRAIL","","","","","Up Main/Fast","Access is located approx. 120yds prior to bridge over track. Parking at own risk, no dedicated parking in location. Access is located over highways crash barrier and through woodland. Access gate leads to stepped access to trackside.","SK 50539 40000"
"50143570","MJT2","130.011","QM","","130.011","2100","","MAP","","448521.0","339441.0","Underbridge No.4 B6003","HMJ9","","","","","","","","","NP","","50143570","2022-09-08","","NRAIL","","","","","Down Main/Fast","Access is located at Bridge 4 on the A6007 Stapleford Road, located opposite water treatment access point. Stepped access leading up to Bridge 4 trackside.","SK 48521 39441"
"110147662","MJT2","126.0285","QM","","126.0285","1100","","MAR","","454318.0","340589.0","BEECHDALE BATHS","HMJ9","","","","","","","","","","","110147662","2022-09-08","","NRAIL","","","","","Up Main/Fast","Access rights retained. Access through Lidl Carpark to back of store. Access through gate and onto track Up Trowell side of track. PLEASE NOTE: Height barrier installed at car park arrange for barrier to be lifted for RRV""s or lorry delivery. WARNING: security ANPR checks on car park, please note company of your access date and times to avoid fines from assumption of overstayed parking.","SK 54318 40589"
"50143465","NOB1","0.013","QM","","0.013","0","","MAP","","458022.0","339231.0","London Road Notts East Junction Access","HMJ9","","","","","","","","","NP","","50143465","2022-09-13","","NRAIL","","","","","All/Multiple Tracks","Track access to Eastcroft depot sidings and Up Newark, single gate at 0m 130 yards leading to authorised walking route from Nottingham East depot to Nottingham Station. Limited vehicle parking, use only for emergency response. APN:8233","SK 58022 39231"
"50143466","NOB1","0.1232","QM","","0.1232","1100","","MAP","","459010.0","339354.0","Trent Lane Access point","HMJ9","","","","","","","","","NP","","50143466","2022-09-13","","NRAIL","","","","","Up Main/Fast","Track access to Up Newark at 0m 1232yds, location is East Point Retail Park. Parking for 3/4 vehicles. Single gate access APN:8234","SK 59010 39354"
"50143467","NOB1","1.1056","QM","","1.1056","1100","","MAP","","460330.0","339777.0","A612 Single Gate 1","HMJ9","","","","","","","","","NP","","50143467","2022-09-13","","NRAIL","","","","","Up Main/Fast","Colwick Rock Access Gate 1, parking at access gate for 1/2 vehicles on grass verge. Do not park over bus lane and do not drive more than 10 metres in bus lane when parking vehicle. APN:8237","SK 60330 39777"
"50143468","NOB1","1.132","QM","","1.132","1100","","MAP","","460541.0","339944.0","A612 Single Gate 2","HMJ9","","","","","","","","","NP","","50143468","2022-09-13","","NRAIL","","","","","Up Main/Fast","Colwick Rock Access Gate 2, Parking at gate for 1/2 vehicles on grass verge. Do not park over bus lane and do not drive more than 10 metres in bus lane when parking vehicle. APN:8238","SK 60541 39944"
"110179915","NOB1","1.1505","QM","","1.1505","1100","","MAP","","460645.0","340026.0","A612 Single Gate 3 REB","HMJ9","","","","","","","","","","","110179915","2022-09-09","","NRAIL","","","","","Up Main/Fast","Colwick Rock Access Gate 3, Dorect access to REB. Parking at gate for 1/2 vehicles on grass verge. Do not park over bus lane and do not drive more than 10 metres in bus lane when parking vehicle.","SK 60645 40026"
"110163946","NOB1","2.0159","QM","","2.0159","1100","","MAP","","460946.0","340291.0","New Vale Road","HMJ9","","","","","","","","","Access point","","110163946","2022-09-13","","NRAIL","","","","","Up Main/Fast","To be used as drop off and pick up point only. Please be considerate to the local residents and respect their privacy by keeping noise to a minimum.","SK 60946 40391"
"110188669","NOB1","2.0528","QM","","2.0528","0","","MAP","","461215.0","340545.0","#106 - Netherfield HABD CTLP","HMJ9","","","","","","","","","","","110188669","2024-10-01","","NRAIL","","","","","All/Multiple Tracks","This Access is for the use of CtLP at this approved location. Only authorised users can utilise CtLP and must be on the authorised register before attempting to use at this location: #106 - Netherfield HABD CTLP","SK 61215 40545"
"50143469","NOB1","2.0554","QM","","2.0554","0","","MAP","","461225.0","340544.0","Footbridge No. 24B John the Baptist School","HMJ9","","","","","","","","","NP","","50143469","2022-09-13","","NRAIL","","","","","All/Multiple Tracks","Access to Up Newark, parking for 4-6 vehicles. Access via pathway. Crossing the Line Procedure in place at location to cross to Down Newark. APN:8239","SK 61225 40544"
"110179916","NOB1","2.1078","QM","","2.1078","1100","","MAP","","461568.0","340869.0","The Elms Netherfield Junction","HMJ9","","","","","","","","","","","110179916","2022-09-09","","NRAIL","","","","","Up Main/Fast","Access point is located in housing estate, Gate to rear of private parking area, park on road not on private parking area. Space for 2-4 vehicles","SK 61568 40869"
"50143470","NOB1","3.0548","QM","","3.0548","1100","","MAP","","462561.0","341742.0","Underbridge No.25 Chandos Street","HMJ9","","","","","","","","","NP","","50143470","2022-09-13","","NRAIL","","","","","Up Main/Fast","Access to Up Newark only, parking for 2/3 vehicles at road side, short walk to access gate. APN:8242","SK 62561 41742"
"50396769","NOB1","4.1746","QM","","4.1746","2100","","MAP","","464510.0","343348.0","Burton Joyce Down Platform","HMJ9","","","","","","","","","NP","","50396769","2022-09-13","","NRAIL","","","","","Down Main/Fast","Parking at Station for 3/4 vehicles. Access can be gained from car park onto platform and down platform end","SK 64510 43348"
"50396770","NOB1","5.0","QM","","5.0","1100","","MAP","","464510.0","343348.0","Burton Joyce Up Platform","HMJ9","","","","","","","","","NP","","50396770","2022-09-13","","NRAIL","","","","","Up Main/Fast","Parking at Station for 3/4 vehicles. Access can be gained from crossing level crossing, walking along platform and down platform end","SK 64510 43348"
"50143474","NOB1","5.0014","QM","","5.0014","0","","MAP","","464510.0","343348.0","Burton Joyce Level Crossing","HMJ9","","","","","","","","","NP","","50143474","2022-09-13","","NRAIL","","","","","All/Multiple Tracks","Off A612, via Station Road, Burton Joyce. Parking for 3/4 vehicles in station car park. Pedestrian access point to relay room & trackside.","SK 64510 43348"
"110179919","NOB1","5.0564","QM","","5.0564","0","","MAP","","464896.0","343673.0","Chesnut Grove FP","HMJ9","","","","","","","","","","","110179919","2022-09-09","","NRAIL","","","","","All/Multiple Tracks","Pedestrian access via public footpath crossing. access is located to side of Pub car park off Chesnut Grove","SK 64896 43673"
"110179920","NOB1","5.0838","QM","","5.0838","0","","MAP","","465095.0","343832.0","Trent Gardens UWC","HMJ9","","","","","","","","","","","110179920","2022-09-09","","NRAIL","","","","","All/Multiple Tracks","Pedestrian access off Trent Lane <Trent Gardens to the right>   parking very limited in the area.","SK 65095 43832"
"110179921","NOB1","5.1177","QM","","5.1177","0","","MAP","","465332.0","344029.0","Criftins UWC","HMJ9","","","","","","","","","","","110179921","2022-09-09","","NRAIL","","","","","All/Multiple Tracks","Pedestrian access off criftin road, parking very limited in the area.","SK 65332 44029"
"50396772","NOB1","7.0616","QM","","7.0616","0","","MAP","","467285.0","345893.0","Lowdham Level Crossing","HMJ9","","","","","","","","","NP","","50396772","2022-09-13","","NRAIL","","","","","All/Multiple Tracks","Parking for 4/5 vehicles utilising access gate to rear of platform and road parking area","SK 67285 45893"
"50396771","NOB1","7.0618","QM","","7.0618","2100","","MAP","","467290.0","345894.0","Lowdham Stn Down Platform","HMJ9","","","","","","","","","NP","","50396771","2008-09-08","","NRAIL","","","","","Down Main/Fast","Parking for 1/2 vehicles",""
"110179923","NOB1","7.1188","QM","","7.1188","0","","MAP","","467659.0","346266.0","Club Gardens UWC","HMJ9","","","","","","","","","","","110179923","2022-09-09","","NRAIL","","","","","All/Multiple Tracks","Access located off Caythorpe road no parking available.","SK 67659 46266"
"50143479","NOB1","8.0678","QM","","8.0678","0","","MAP","","468454.0","347091.0","Gonalston Level Crossing","HMJ9","","","","","","","","","NP","","50143479","2022-09-13","","NRAIL","","","","","All/Multiple Tracks","Gonalston Level Crossing access, parking for 2/3 vehicles road side.","SK 68454 47091"
"50396774","NOB1","9.0931","QM","","9.0931","1100","","MAP","","469689.0","348461.0","Thurgarton Stn Up Platform","HMJ9","","","","","","","","","NP","","50396774","2022-09-13","","NRAIL","","","","","Up Main/Fast","Thurgarton Level Crossing. Parking for 1/2 vehicles on down side of level crossing","SK 69689 48461"
"50396773","NOB1","9.0951","QM","","9.0951","2100","","MAP","","469695.0","348482.0","Thurgarton Stn Down Platform","HMJ9","","","","","","","","","NP","","50396773","2022-09-13","","NRAIL","","","","","Down Main/Fast","Thurgarton Level Crossing. Parking for 1/2 vehicles on down side of level crossing","SK 69695 48482"
"50143481","NOB1","9.1408","QM","","9.1408","2100","","MAP","","469694.0","348959.0","Underbridge No.40","HMJ9","","","","","","","","","NP","","50143481","2022-09-13","","NRAIL","","","","","Down Main/Fast","Access through gate and drive along willow lane to UWC. W3W will take you to access gate off Beck street.","SK 69694 48959"
"110179924","NOB1","10.0021","QM","","10.0021","0","","MAP","","470189.0","349044.0","Plotts FP / UWC","HMJ9","","","","","","","","","","","110179924","2022-09-09","","NRAIL","","","","","All/Multiple Tracks","Access via community centre, from this point walk down to foot path crossing to gain acces to track.","SK 70189 49044"
"50396776","NOB1","10.1214","QM","","10.1214","1100","","MAP","","470923.0","349867.0","Bleasby Stn Up Platform","HMJ9","","","","","","","","","NP","","50396776","2022-09-13","","NRAIL","","","","","Up Main/Fast","Roadside parking for 2/3 vehicles, level crossing camera fitted. Access to either line from level crossing.","SK 70923 49867"
"110157448","NOB1","10.1215","QM","","10.1215","0","","MAP","","470923.0","349873.0","Bleasby Level Crossing","HMJ9","","","","","","","","","Access point","","110157448","2022-09-13","","NRAIL","","","","","All/Multiple Tracks","Roadside parking for 2/3 vehicles, level crossing camera fitted. Access to either line from level crossing.","SK 70923 49873"
"50396775","NOB1","10.1235","QM","","10.1235","2100","","MAP","","470923.0","349879.0","Bleasby Stn Down Platform","HMJ9","","","","","","","","","NP","","50396775","2022-09-13","","NRAIL","","","","","Down Main/Fast","Roadside parking for 2/3 vehicles, level crossing camera fitted. Access to either line from level crossing.","SK 70923 49879"
"110179925","NOB1","11.0808","QM","","11.0808","0","","MAP","","471724.0","350793.0","Gorsey Lane UWC","HMJ9","","","","","","","","","","","110179925","2022-09-09","","NRAIL","","","","","All/Multiple Tracks","narrow lane very restricted space for parking of 1 or 2 vehicles, Access to either line from crossing.","SK 71724 50793"
"50396778","NOB1","12.0954","QM","","12.0954","1100","","MAP","","472980.0","352004.0","Fiskerton Stn Up Platform","HMJ9","","","","","","","","","NP","","50396778","2022-09-13","","NRAIL","","","","","Up Main/Fast","Parking spaces for up to 14 vehicles max at Fiskerton station <subject to availability>. Parking is located at the Down Newark side of  platforms but up platform can be reached via level crossing.","SK 72980 52004"
"50396777","NOB1","12.0954","QM","","12.0954","2100","","MAP","","472975.0","352012.0","Fiskerton Stn Down Platform","HMJ9","","","","","","","","","NP","","50396777","2022-09-13","","NRAIL","","","","","Down Main/Fast","Parking spaces for up to 14 vehicles max at Fiskerton station <subject to availability>. Parking is located at the Down Newark side of  platforms","SK 72975 52012"
"50396779","NOB1","13.0195","QM","","13.0195","0","","MAP","","473737.0","352518.0","Rolleston Stn","HMJ9","","","","","","","","","NP","","50396779","2022-09-13","","NRAIL","","","","","All/Multiple Tracks","Parking for 1/2 Vehicles at side of road on down side, also parking for 1/2 vehicles at Rolleston barrier ground hog.","SK 73737 52518"
"50396780","NOB1","13.0324","QM","","13.0324","1100","","MAP","","473844.0","352571.0","Rolleston Stn Up Platform","HMJ9","","","","","","","","","NP","","50396780","2022-09-13","","NRAIL","","","","","Up Main/Fast"," Turn off station road up to Fiskerton Stn Platform access for 3/4 vehicles tobe parked along entrance. Access directly onto Up Fiskerton platform","SK 73844 52571"
"50143450","NOB1","13.055","QM","","13.055","0","","MAP","","474013.0","352694.0","UB No.45","HMJ9","","","","","","","","","Access Point","","50143450","2022-09-13","","NRAIL","","","","","All/Multiple Tracks","No authorisation for plant machines or HGV vehicles to be parked in the area of the access road. Rolleston Village off Station Rd. Sourced from APM Nottingham Emergency Manual. Issue 01 01/03/97. Parking for 3/4 vehicles.","SK 74013 52694"
"110179926","NOB1","13.127","QM","","13.127","0","","MAP","","474571.0","353059.0","Crilleys FPC <Poodles FPC>","HMJ9","","","","","","","","","","","110179926","2022-09-09","","NRAIL","","","","","All/Multiple Tracks","Turn off Staythorpe road, foot path is on the left, follow footpath to crossing. No Parking available.","SK 74571 53059"
"110179927","NOB1","13.1542","QM","","13.1542","0","","MAP","","474775.0","353196.0","Brettles UWC","HMJ9","","","","","","","","","","","110179927","2022-09-09","","NRAIL","","","","","All/Multiple Tracks","narrow lane very restricted space for parking of 1 or 2 vehicles, Access to either line from crossing.","SK 74775 53196"
"110157607","NOB1","14.0416","QM","","14.0416","0","","MAP","","475276.0","353478.0","Staythorpe Level Crossing","HMJ9","","","","","","","","","Access","","110157607","2022-09-15","","NRAIL","","","","","All/Multiple Tracks","Access via Level crossing. Parking for 3/4 vehicles using old signal box parking spaces and on Up Newark side on entrance to power station. Access also to Generator compound on high mileage Up Newark side of crossing.","SK 75276 53478"
"110179928","NOB1","14.0769","QM","","14.0769","0","","MAP","","475578.0","353598.0","Shunters FPC","HMJ9","","","","","","","","","","","110179928","2022-09-09","","NRAIL","","","","","All/Multiple Tracks","Access is on approach upto Staythorpe Power station entrance.","SK 75578 53598"
"50143453","NOB1","15.0474","QM","","15.0474","1100","","MAP","","476887.0","353827.0","Staythorpe Power Station","HMJ9","","","","","","","","","NP","","50143453","2022-09-13","","NRAIL","","","","","Up Main/Fast","Staythorpe Power Station, access must be agreed with power station security. Key held by Power station. Sign in at security before access. parking for multiple vehicles APN: 8293","SK 76887 53827"
"110179895","NOB1","15.0677","QM","","15.0677","1100","","MAP","","477070.0","353862.0","Averham Viaduct","HMJ9","","","","","","","","","","","110179895","2022-09-09","","NRAIL","","","","","Up Main/Fast","RESTRICTED ACCESS. access only avilable from obtaining access key at Staythorpe power station and signing in via security. MUST BE PRE-ARRANGED. Once signed in access can be gained through security gates and following road to far end of car parking area, follow road to left onto an unmade road way to viaduct. access area is quite narrow so not advisable for access using large plant tools.","SK 77070 53862"
"20775284","NOB1","22.0181","QM","","22.0181","1100","","MAP","","483707.0","361507.0","COLLINGHAM STATION","HMJ9","","","","","","","","","","","20775284","2022-09-13","","NRAIL","","","","","Up Main/Fast","Parking for approx. 25 vehicles in station car park. Access via platforms on Down and Up Main and Collingham LX","SK 83707 61507"
"20635072","NOB1","22.0286","QM","","22.0286","0","","MAP","","483686.0","361497.0","COLLINGHAM","HMJ9","","","","","","","","","UP/DOWN","","20635072","2022-09-13","","NRAIL","","","","","All/Multiple Tracks","Parking for approx. 25 vehicles in station car park. Access via platforms on Down and Up Main and Collingham LX","SK 83686 61497"
"20635073","NOB1","22.0313","QM","","22.0313","1100","","MAP","","483686.0","361497.0","COLLINGHAM STATION","HMJ9","","","","","","","","","","","20635073","2022-09-13","","NRAIL","","","","","Up Main/Fast","Parking for approx. 25 vehicles in station car park. Access via platforms on Down and Up Main and Collingham LX","SK 83686 61497"
"20775283","NOB1","22.0644","QM","","22.0644","2100","","MAP","","483985.0","361764.0","CROSS LANE","HMJ9","","","","","","","","","","","20775283","2022-09-13","","NRAIL","","","","","Down Main/Fast","ZIAR Ref No_270390_ Interim Reference No_HZ_8303 _Notes: As From A46, Newark to Lincoln Road, take minor road to Collingham & over crossing or From A1133 at Collingham, take Swinderby Road. At Crossroads turn right to crossing & walk. Sourced from APM Nottingham Emergency Manual. Issue 01 01/03/97. FIXED STREET LIGHTS. RB 08/08/11 SECTIONAL APPX - SECTION 1 PAGE 85. ACCESS RD - STATION RD. SECURITY - N/A PARKING - LIMITED. CONDITION - GOOD.SAFETY - NO LIGHTING, GOOD UNDERFOOT CONDITIONS. NEAREST HOSPITAL - NEWARK. NEAREST WELFARE - COLLINGHAM STATION.","SK 83985 61764"
"50143459","NOB1","22.0748","QM","","22.0748","0","","MAP","","483985.0","361764.0","CROSS LANE LC","HMJ9","","","","","","","","","UP/DOWN","","50143459","2022-09-13","","NRAIL","","","","","All/Multiple Tracks","Limited parking available","SK 83985 61764"
"20772692","NOB1","22.1012","QM","","22.1012","0","","MAP","","484250.0","361950.0","SWINDERBY ROAD","HMJ9","","","","","","","","","UP/DOWN","","20772692","2022-09-13","","NRAIL","","","","","All/Multiple Tracks","Limited parking available 1100 side of access point","SK 84150 61950"
"20772693","NOB1","22.1386","QM","","22.1386","1100","","MAP","","484250.0","361950.0","SWINDERBY ROAD FP","HMJ9","","","","","","","","","","","20772693","2022-09-13","","NRAIL","","","","","Up Main/Fast","12/12/2007 - NEW CREATION - JP","SK 84150 61950"
"50143460","NOB1","23.022","QM","","23.022","1100","","MAP","","484418.0","362161.0","WELLS BRIDLEWAY FP","HMJ9","","","","","","","","","UP/DOWN","","50143460","2022-09-13","","NRAIL","","","","","Up Main/Fast","ZIAR Ref No_270391_ Interim Reference No_HZ_8308 _Notes: As From A1133 at Collingham, take Swinderby Road. At Crossroads go straight on to crossing & walk Sourced from APM Nottingham Emergency Manual. Issue 01 01/03/97. NO LIGHTING. RB 08/08/11","SK 84818 62561"
"20772694","NOB1","24.0044","QM","","24.0044","0","","MAP","","485871.0","363496.0","BLADES FP","HMJ9","","","","","","","","","","","20772694","2022-09-13","","NRAIL","","","","","All/Multiple Tracks","12/12/2007 - NEW CREATION - JP","SK 85871 63496"
"20772695","NOB1","24.0682","QM","","24.082","0","","MAP","","486302.0","363893.0","SOUTH SCARLE LC","HMJ9","","","","","","","","","UP/DOWN","","20772695","2022-09-13","","NRAIL","","","","","All/Multiple Tracks","12/12/2007 - NEW CREATION - JP. FIXED STREET LIGHTS. RB 08/08/11","SK 86302 63893"
"20772696","NOB1","24.1188","QM","","24.1188","0","","MAP","","486647.0","364208.0","MEARDSALL LANE UWC","HMJ9","","","","","","","","","UP/DOWN","","20772696","2022-09-13","","NRAIL","","","","","All/Multiple Tracks","Limited parking at entrance to Meardsall Lane","SK 86647 64208"
"20772699","NOB1","24.143","QM","","24.143","2100","","MAP","","486883.0","364440.0","SWINDERBY OLD YARD","HMJ9","","","","","","","","","","","20772699","2022-09-13","","NRAIL","","","","","Down Main/Fast","Limited parking in yard on 2100","SK 86883 64440"
"20772700","NOB1","24.1474","QM","","24.1474","0","","MAP","","486835.0","364382.0","SWINDERBY LC","HMJ9","","","","","","","","","UP/DOWN","","20772700","2022-09-13","","NRAIL","","","","","All/Multiple Tracks","Parking for approx. 10 vehicles in station car park on 1100.","SK 86835 64382"
"20635116","NOB1","25.0044","QM","","25.0044","0","","MAP","","487093.0","364617.0","NO.55 XING","HMJ9","","","","","","","","","UP/DOWN","","20635116","2022-09-13","","NRAIL","","","","","All/Multiple Tracks","MIMS-SX//SC/DE - Skewed. NO LIGHTS. RB 08/08/11","SK 87093 64617"
"20772702","NOB1","25.1408","QM","","25.1408","0","","MAP","","487983.0","365435.0","EAGLE BARNSDALE LC","HMJ9","","","","","","","","","UP/DOWN","","20772702","2022-09-13","","NRAIL","","","","","All/Multiple Tracks","Morton Lane, Yew Tree Farm, Eagle and Swinethorpe, North Kesteven","SK 87983 65435"
"20772703","NOB1","26.1166","QM","","26.1166","0","","MAP","","489115.0","366207.0","EAGLE AND THORPE LC","HMJ9","","","","","","","","","UP/DOWN","","20772703","2022-09-13","","NRAIL","","","","","All/Multiple Tracks","Thorpe Lane, Crossing Farm, Eagle and Swinethorpe, Eagle, North Kesteven,","SK 89115 66207"
"50143463","NOB1","27.0616","QM","","27.0616","0","","MAP","","490201.0","366493.0","THORPE ON THE HILL LC","HMJ9","","","","","","","","","UP/DOWN","","50143463","2022-09-13","","NRAIL","","","","","All/Multiple Tracks","ZIAR Ref No_270394_ Interim Reference No_HZ_8325 _Notes: As Off A46, take Thorpe-On-The-Hill Road, thence minor road towards Whisby upon which crossing lies & walk. Sourced from APM Nottingham Emergency Manual. Issue 01 01/03/97. FIXED STREET LIGHT. RB 08/08/11","SK 90201 66493"
"20635139","NOB1","29.0902","QM","","29.0902","0","","MAP","","493617.0","367354.0","HYKEHAM STATION LC","HMJ9","","","","","","","","","UP/DOWN","","20635139","2022-09-13","","NV","","","","","All/Multiple Tracks","Parking for approx 50 vehicles in station car park","SK 93617 67354"
"20635143","NOB1","29.0972","QM","","29.0972","2100","","MAP","","493623.0","367367.0","HYKEHAM STATION","HMJ9","","","","","","","","","","","20635143","2022-09-13","","NV","","","","","Down Main/Fast","Caution when crossing road to car park due to volume of road vehicles.","SK 93623 67367"
"20772705","NOB1","30.0396","QM","","30.0396","0","","MAP","","494553.0","368043.0","DODDINGTON ROAD LC","HMJ9","","","","","","","","","UP/DOWN","","20772705","2022-09-13","","NRAIL","","","","","All/Multiple Tracks","13/12/07 CREATING ASSETS - AS. FIXED STREET LIGHTS. RB 08/08/11","SK 94553 68043"
"20772707","NOB1","31.0396","QM","","31.0396","0","","MAP","","495461.0","369692.0","BOULTHAM LC","HMJ9","","","","","","","","","UP/DOWN","","20772707","2022-09-13","","NRAIL","","","","","All/Multiple Tracks","13/12/07 CREATING ASSETS - AS. FIXED STREET LIGHTS. RB 08/08/11","SK 95561 69292"
"50143431","NOB1","31.11","QM","","31.11","0","","MAP","","495869.0","369793.0","TRITON ROAD <WATER BRIDGE>","HMJ9","","","","","","","","","","","50143431","2022-09-13","","NRAIL","","","","","All/Multiple Tracks","ZIAR Ref No_270397_ Interim Reference No_HZ_8335 _Notes: A1434, Newark to Lincoln. On approaching Lincoln turn left into B1003, go across first & second crossroads, bridge is 1/2 mile after second crossroads. Sourced from APM Nottingham Emergency Manual. Issue 01 01/03/97.","SK 95869 69793"
"110179913","NOB1","0.077","QM","","0.077","0","","MAR","","458610.0","339224.0","Meadow Lane","HMJ9","","","","","","","","","","","110179913","2022-09-09","","NRAIL","","","","","All/Multiple Tracks","Acess via old Meadow Lane LC, Bomacs on site to use as a RRV access point. 859/222 keys required to remove posts for plant delivery. access gates installed on both sides of access point","SK 58610 39224"
"110179917","NOB1","2.1564","QM","","3.0085","0","","MAR","","461901.0","341200.0","Carlton Station","HMJ9","","","","","","","","","","","110179917","2022-09-09","","NRAIL","","","","","All/Multiple Tracks","""Multiple access points. RRV access is located to rear of station car park with a fenced compound area to store Plant in when not in use access for this site leads to Down Main.
Pedestrian access to both tracks via the platform ramps accessed by main road. Level crossing access available but requires road closure.  Parking for 10+ vehicles at station car park.""","SK 61901 41200"
"110179914","NOB1","1.0078","QM","","1.0078","0","","MAV","","459462.0","339656.0","Colwick LC","HMJ9","","","","","","","","","","","110179914","2022-09-09","","NRAIL","","","","","All/Multiple Tracks","Access via gates at the level crossing, parking is available in a small parking area to low mileage side of crossing. can be used as RRV access however road closure required.","SK 59462 39656"
"110179918","NOB1","3.1187","QM","","3.1187","0","","MAV","","462843.0","341996.0","Stoke Lane LC","HMJ9","","","","","","","","","","","110179918","2022-09-09","","NRAIL","","","","","All/Multiple Tracks","Access via Stoke Lane LC, access gate on up main side to REB","SK 62843 41996"
"50143473","NOB1","4.0361","QM","","4.0361","1100","","MAV","","464563.0","341661.0","U/B No.27 Zulus Crossing, Farm Row Cottages","HMJ9","","","","","","","","","NP","","50143473","2022-09-13","","NRAIL","","","","","Up Main/Fast","Zulu UWC, access via Farm row cottages, land owned by severn trent","SK 64563 41661"
"110179922","NOB1","6.0228","QM","","6.0228","0","","MAV","","465911.0","344491.0","Bulcote LC","HMJ9","","","","","","","","","","","110179922","2022-09-09","","NRAIL","","","","","All/Multiple Tracks","Bulcote LC access to track from both sides. Space for 3-4 vehicles. Any heavy plant such as RRV needs to be delivered on the night, no space for storage of plant.","SK 65911 44491"
"110156589","NOB1","7.075","QM","","7.075","1100","","MAV","","467372.0","345933.0","Lowdham Stn Up Platform","HMJ9","","","","","","","","","Authorised Access point","","110156589","2022-09-13","","NRAIL","","","","","Up Main/Fast","Parking for 4/5 vehicles utilising access gate to rear of platform and road parking area","SK 67372 45933"
"110157452","NOB1","10.1215","QM","","10.1215","2100","","MAV","","470899.0","349888.0","Bleasby","HMJ9","","","","","","","","","Vehicular access","","110157452","2022-09-13","","NRAIL","","","","","Down Main/Fast","RESTRICTED USE: Access to Generator Compound ONLY. Enter via farmers gate off Station Road. Proceed forward until right hand dog leg turn to compound. Access rights are for the use or maintenance of the generator pad only. Network Rail staff are categorically denied access for the routine maintenance of the operational railway and or parking.","SK 70899 49888"
"110157016","NOB1","12.0063","QM","","12.0063","0","","MAV","","472354.0","351490.0","Fiskerton cum Morton Level Crossing","HMJ9","","","","","","","","","Access point - vehicle","","110157016","2022-09-13","","NRAIL","","","","","All/Multiple Tracks","Access to Up & Down Newark lines. Also provides access to Generator Compound via Up Newark side. Access off Causeway Lane. Parking area, to the rear of the old signal box for 2/3 vehicles","SK 72354 51490"
"20772708","NOB2","32.0","QM","","32.0","1100","","MAP","","496298.0","370232.0","BOOKER CAR PARK","HMJ9","","","","","","","","","LN6 7AS","","20772708","2022-09-13","","NRAIL","","","","","Up Main/Fast","NO PARKING, WALKING ACCESS ONLY THROUGH GATE ON 1100. 859 KEY REQUIRED","SK 96298 70232"
"20772709","NOB2","32.033","QM","","32.033","0","","MAP","","496287.0","370613.0","SKEWBRIDGE TIP UWC/FP","HMJ9","","","","","","","","","UP/DOWN","","20772709","2022-09-13","","NRAIL","","","","","All/Multiple Tracks","Access via Valentine retail park. Travel to rear right side of retail park follow round to UWC crossing.","SK 96287 70613"
"110163446","NOB2","32.1144","QM","","32.1144","0","","MAV","","496028.0","371227.0","Rustons Tip - Scrapyard","HMJ9","","","","","","","","","Access Point","","110163446","2022-09-13","","NRAIL","","","","","All/Multiple Tracks","Access point is through the scrapyard. NWR staff have right of access through the gate. There is also an access gate for Rustons Tip crossing with an 859 lock to be opened. In addition there are red and green lights to indicate when it is safe to cross over the UWC along with signage","SK 96028 71227"
"20772721","NOB3","25.0748","QM","","25.0748","0","","MAP","","511078.0","390703.0","HAMILTONS UWC","HMJ9","","","","","","","","","","","20772721","2022-09-13","","NRAIL","","","","","All/Multiple Tracks","13/12/07 CREATED ASSET - AS","TF 11078 90703"
"50143446","NOB3","25.1276","QM","","25.1276","0","","MAP","","511100.0","390224.0","MAYPOLE RASEN UWC","HMJ9","","","","","","","","","UP/DOWN","","50143446","2022-09-13","","NRAIL","","","","","All/Multiple Tracks","ZIAR Ref No_270494_ Interim Reference No_HZ_8600 _Notes: Minor Road, Market Rasen North towards Walesby Grange. Sourced from APM Nottingham Emergency Manual. Issue 01 01/03/97. NO LIGHTS. RB 08/08/11","TF 11100 90224"
"20635157","NOB3","26.0455","QM","","26.0455","1100","","MAP","","510931.0","389384.0","WATERLOO RD BR19","HMJ9","","","","","","","","","UP","","20635157","2022-09-13","","NRAIL","","","","","Up Main/Fast","MIMS-SX//sc/MM -. NO LIGHTS. RB 08/08/11","TF 10931 89384"
"20635172","NOB3","26.1155","QM","","26.1155","2100","","MAP","","510737.0","388794.0","MARKET RASEN STATION FP","HMJ9","","","","","","","","","","","20635172","2022-09-13","","NRAIL","","","","","Down Main/Fast","MIMS-SX//sc/KN -","TF 10737 88794"
"50143416","NOB3","28.1232","QM","","28.1232","1100","","MAP","","509519.0","385735.0","BUSLINGTHORPE BR25","HMJ9","","","","","","","","","UP","","50143416","2022-09-13","","NRAIL","","","","","Up Main/Fast","ZIAR Ref No_270492_ Interim Reference No_HZ_8592 _Notes: From Middle Rasen, take Minor Road South for Lissington & Wickenby, bridge after 2 miles. Sourced from APM Nottingham Emergency Manual. Issue 01 01/03/97. NO LIGHTS. RB 08/08/11","TF 09519 85735"
"20772722","NOB3","29.0","QM","","29.0","0","","MAP","","509330.0","385276.0","BUSLINGTHORPE LC","HMJ9","","","","","","","","","UP/DOWN","","20772722","2022-09-13","","NRAIL","","","","","All/Multiple Tracks","13/12/07 CREATED ASSET - AS. NO LIGHTS. RB 08/08/11","TF 09330 85276"
"20772723","NOB3","29.044","QM","","29.044","0","","MAP","","509175.0","384890.0","LISSINGLEY LC","HMJ9","","","","","","","","","UP/DOWN","","20772723","2022-09-13","","NRAIL","","","","","All/Multiple Tracks","13/12/07 CREATED ASSET - AS. NO LIGHTS. RB 08/08/11","TF 09175 84890"
"20772724","NOB3","30.066","QM","","30.066","0","","MAP","","508499.0","383204.0","BLACKHILLS UWC","HMJ9","","","","","","","","","","","20772724","2022-09-13","","NRAIL","","","","","All/Multiple Tracks","13/12/07 CREATED ASSET - AS","TF 08599 83204"
"50143417","NOB3","30.1166","QM","","30.1166","0","","MAP","","508340.0","382802.0","WICKENBY LC","HMJ9","","","","","","","","","UP/DOWN","","50143417","2022-09-13","","NRAIL","","","","","All/Multiple Tracks","ZIAR Ref No_270491_ Interim Reference No_HZ_8587 _Notes: Take Minor road, Middle Rasen to Lissington / Wickenby, turn right at ~T~ jcn. towards Wickenby, at Wickenby turn right by Church, then first right again to crossing. Sourced from APM Nottingham Emergency Manual. Issue 01 01/03/97. FIXED STREET LIGHTS. RB 08/08/11","TF 08340 82802"
"50143418","NOB3","31.0462","QM","","31.0462","1100","","MAP","","507978.0","381883.0","WICKENBY BR 29","HMJ9","","","","","","","","","UP","","50143418","2022-09-13","","NRAIL","","","","","Up Main/Fast","ZIAR Ref No_270490_ Interim Reference No_HZ_8586 _Notes: Take Minor road, Middle Rasen to Lissington / Wickenby, turn right at ~T~ jcn. towards Wickenby, at Wickenby turn right by Church & follow road to left to bridge. Sourced from APM Nottingham Emergency Manual. Issue 01 01/03/97. NO LIGHTS. RB 08/08/11","TF 08078 81883"
"20772725","NOB3","32.033","QM","","32.033","0","","MAP","","507377.0","380517.0","SNELLAND LC","HMJ9","","","","","","","","","UP/DOWN","","20772725","2022-09-13","","NRAIL","","","","","All/Multiple Tracks","13/12/07 CREATED ASSET - AS. FIXED STREET LIGHTS. RB 08/08/11","TF 07477 80517"
"50143419","NOB3","32.1078","QM","","32.1078","0","","MAP","","507085.0","379894.0","Public Footpath No 51","HMJ9","","","","","","","","","","","50143419","2022-09-13","","NRAIL","","","","","All/Multiple Tracks","ZIAR Ref No_270489_ Interim Reference No_HZ_8583 _Notes: A158 Lincoln to Wragby, go through Langworth take Minor Road left for Stainton, cross Stainton AHB & continue towards Snelland, after 1 mile turn right down lane opposite Reasby Hall to line & walk & walk. Sourced from APM Nottingham Emergency Manual. Issue 01 01/03/97.","TF 07085 79894"
"20772726","NOB3","33.132","QM","","33.132","0","","MAP","","506311.0","378245.0","STAINTON LC","HMJ9","","","","","","","","","UP/DOWN","","20772726","2022-09-13","","NRAIL","","","","","All/Multiple Tracks","13/12/07 CREATED ASSET - AS. NO LIGHTS. RB 08/08/11","TF 06311 78245"
"50143421","NOB3","34.0066","QM","","34.0066","1100","","MAP","","506126.0","377827.0","STAINTON BR 30","HMJ9","","","","","","","","","UP","","50143421","2022-09-13","","NRAIL","","","","","Up Main/Fast","ZIAR Ref No_270487_ Interim Reference No_HZ_8578 _Notes: A158 Lincoln to Horncastle Road, through Langworth turn left for Stainton, then left in village for Scothern. Sourced from APM Nottingham Emergency Manual. Issue 01 01/03/97. NO LIGHTS. RB 08/08/11","TF 06126 77827"
"110155542","NOB3","34.0616","QM","","34.0616","1100","","MAP","","505895.0","377361.0","Langworth Viaduct - NOB3/31","HMJ9","","","","","","","","","Access","","110155542","2022-09-13","","NRAIL","","","","","Up Main/Fast","Can be accessed at the structure for inspection purposes only.","TF 05895 77361"
"20772727","NOB3","34.1144","QM","","34.1144","0","","MAP","","505697.0","376929.0","SCOTHERN LC","HMJ9","","","","","","","","","UP/DOWN","","20772727","2022-09-13","","NRAIL","","","","","All/Multiple Tracks","13/12/07 CREATED ASSET - AS. FIXED STREET LIGHTS. RB 08/08/11","TF 05697 76929"
"20772728","NOB3","35.055","QM","","35.055","0","","MAP","","505244.0","375957.0","LANGWORTH","HMJ9","","","","","","","","","UP/DOWN","","20772728","2022-09-13","","NRAIL","","","","","All/Multiple Tracks","13/12/07 CREATED ASSET - AS. FIXED STREET LIGHTS. RB 08/08/11","TF 05244 75957"
"20772729","NOB3","36.1342","QM","","36.1342","0","","MAP","","504164.0","373882.0","REEPHAM LC","HMJ9","","","","","","","","","UP/DOWN","","20772729","2022-09-13","","NRAIL","","","","","All/Multiple Tracks","13/12/07 CREATED ASSET - AS. FIXED STREET LIGHTS. RB 08/08/11","TF 04164 73882"
"50143425","NOB3","37.0066","QM","","37.0066","1100","","MAP","","503878.0","373518.0","MELLOWS CLOSE FP","HMJ9","","","","","","","","","","","50143425","2022-09-13","","NRAIL","","","","","Up Main/Fast","ZIAR Ref No_270483_ Interim Reference No_HZ_8567 _Notes: A158 Lincoln to Horncastle, turn right for Cherry Willingham & Reepham, off Reepham High Street turn right into Mellows Close, walk footpath to crossing & walk. Sourced from APM Nottingham Emergency Manual. Issue 01 01/03/97.","TF 03878 73518"
"20772730","NOB3","37.121","QM","","37.121","0","","MAP","","503144.0","372800.0","CHERRY WILLINGHAM LC","HMJ9","","","","","","","","","UP/DOWN","","20772730","2022-09-13","","NRAIL","","","","","All/Multiple Tracks","13/12/07 CREATED ASSET - AS. FIXED STREET LIGHTS. RB 08/08/11","TF 03144 72800"
"50143426","NOB3","37.1716","QM","","37.1716","1100","","MAP","","502773.0","372518.0","CHERRY WILLINGHAM BR34","HMJ9","","","","","","","","","UP SIDE","","50143426","2022-09-13","","NRAIL","","","","","Up Main/Fast","ZIAR Ref No_270482_ Interim Reference No_HZ_8563 _Notes: As From Lincoln to Fiskerton Road, turn left at Cherry Willingham into Waterford Lane, Green Lane forks to left, except take second fork from Waterford Lane into Green Lane. Sourced from APM Nottingham Emergency Manual. Issue 01 01/03/97. NO LIGHTS. RB 08/08/11","TF 02773 72518"
"20772731","NOB3","38.0396","QM","","38.0396","0","","MAP","","502443.0","372276.0","NO 68 UWC","HMJ9","","","","","","","","","","","20772731","2022-09-13","","NRAIL","","","","","All/Multiple Tracks","13/12/07 CREATED ASSET - AS","TF 02443 72276"
"50143427","NOB3","38.1628","QM","","38.1628","2100","","MAP","","501478.0","371738.0","GREETWELL BR36","HMJ9","","","","","","","","","DOWN SIDE","","50143427","2022-09-13","","NRAIL","","","","","Down Main/Fast","ZIAR Ref No_270481_ Interim Reference No_HZ_8561 _Notes: On Lincoln to Fiskerton Road. Sourced from APM Nottingham Emergency Manual. Issue 01 01/03/97. NO LIGHTS. RB 08/08/11","TF 01578 71738"
"20772732","NOB3","39.1056","QM","","39.1056","0","","MAP","","500424.0","371440.0","ALLENBY ESTATE FP","HMJ9","","","","","","","","","","","20772732","2022-09-13","","NRAIL","","","","","All/Multiple Tracks","13/12/07 CREATED ASSET - AS","TF 00424 71440"
"110188638","NOB3","40.0352","QM","","40.0352","0","","MAP","","497990.0","370802.0","#001 - Pelham St Junction CTLP","HMJ9","","","","","","","","","","","110188638","2024-09-30","","NRAIL","","","","","All/Multiple Tracks","This Access is for the use of CtLP at this approved location. Only authorised users can utilise CtLP and must be on the authorised register before attempting to use at this location: #001 - Pelham St Junction CTLP","SK 97990 70802"
"20772733","NOB3","40.0924","QM","","40.0924","0","","MAP","","498932.0","371287.0","SPA STREET","HMJ9","","","","","","","","","UP/DOWN","","20772733","2022-09-13","","NRAIL","","","","","All/Multiple Tracks","13/12/07 CREATED ASSET - AS. FIXED STREET LIGHTS TCJ 8/8/2011","SK 98932 71287"
"50143428","NOB3","40.1518","QM","","40.1518","2100","","MAP","","498491.0","371055.0","WITHAM BR 38","HMJ9","","","","","","","","","","","50143428","2022-09-13","","NRAIL","","","","","Down Main/Fast","ZIAR Ref No_270480_ Interim Reference No_HZ_8559 _Notes: A158 Horncastle to Lincoln Road, turn left at roundabout on to B1188 ring road, turn left at second Church. Sourced from APM Nottingham Emergency Manual. Issue 01 01/03/97.","SK 98491 71055"
"110171471","NOB3","41.0105","QM","","41.0105","2100","","MAP","","498184.0","370854.0","Pelham Depot Drive","HMJ9","","","","","","","","","","","110171471","2022-09-13","","NRAIL","","","","","Down Main/Fast","New pedestrian access to be added","SK 98284 70854"
"110171551","NOB3","41.033","QM","","41.033","0","","MAP","","497968.0","370799.0","Pelham Depot yard","HMJ9","","","","","","","","","","","110171551","2022-09-13","","NRAIL","","","","","All/Multiple Tracks","New pedestrian access to be added","SK 98268 70799"
"50143429","NOB3","41.0528","QM","","41.0528","2100","","MAP","","497834.0","370770.0","PELHAM STREET BR 39A","HMJ9","","","","","","","","","","","50143429","2022-09-13","","NRAIL","","","","","Down Main/Fast","ZIAR Ref No_270479_ Interim Reference No_HZ_8558 _Notes: In Lincoln on A15 road. Sourced from APM Nottingham Emergency Manual. Issue 01 01/03/97.","SK 97834 70770"
"20635174","NOB3","26.1232","QM","","26.1232","0","","MAR","","510706.0","388691.0","MARKET RASEN STATION","HMJ9","","","","","","","","","DOWN","","20635174","2024-01-23","","NRAIL","","","","","All/Multiple Tracks","RRAP is between Tesco""s and Fire Station in lorry Yard.","TF 10838 88783"
"20773660","NOG1","108.0009","QM","","108.0009","0","","MAP","","488570.0","337897.0","A1 Bridge Gonerby","HMJ9","","","","","","","","","","","20773660","2022-09-13","","NRAIL","","","","","All/Multiple Tracks","Access is off A1 Bridge access is from layby going southbound","SK 88570 37897"
"50143400","NOG1","108.1565","QM","","108.1565","0","","MAP","","487255.0","338085.0","ALLINGTON LC","HMJ9","","","","","","","","","","","50143400","2022-09-13","","NRAIL","","","","","All/Multiple Tracks","MIMS-S//SC/ - ZIAR Ref No_270421_ Interim Reference No_HZ_8389 _Notes: Take A52 Sedgebrook - Barrowby, 1.3 miles past Petrol Station in Sedgebrook turn left down minor road to crossing. Sourced from APM Nottingham Emergency Manual. Issue 01 01/03/97. -","SK 87255 38085"
"50143403","NOG1","110.0088","QM","","110.0088","0","","MAP","","485396.0","338311.0","SEDGEBROOK BR9","HMJ9","","","","","","","","","","","50143403","2022-09-13","","NRAIL","","","","","All/Multiple Tracks","ZIAR Ref No_270416_ Interim Reference No_HZ_8383 _Notes: From A52. T., turn into Sedgebrook, follow road to bridge. Sourced from APM Nottingham Emergency Manual. Issue 01 01/03/97.","SK 85396 38311"
"50143404","NOG1","110.0968","QM","","110.0968","0","","MAP","","484599.0","338259.0","FARM BR BRIDGE NO10","HMJ9","","","","","","","","","","","50143404","2022-09-13","","JARVIS","","","","","All/Multiple Tracks","ZIAR Ref No_270415_ Interim Reference No_HZ_8382 _Notes: As On A52 Muston - Sedgebrook, turn left. North. 1/2 mile past Muston Gap Pub, lane to crossing & walk. Sourced from APM Nottingham Emergency Manual. Issue 01 01/03/97.","SK 84599 38259"
"20772734","NOG1","111.022","QM","","111.022","0","","MAP","","483666.0","338316.0","COXS"" UWC","HMJ9","","","","","","","","","","","20772734","2022-09-13","","NRAIL","","","","","All/Multiple Tracks","""13/12/07 CREATED ASSET - AS
""","SK 83666 38316"
"20772735","NOG1","111.0616","QM","","111.0616","2100","","MAP","","483308.0","338295.0","NO 6A FP","HMJ9","","","","","","","","","","","20772735","2022-09-13","","NRAIL","","","","","Down Main/Fast","13/12/07 CREATED ASSET - AS","SK 83308 38295"
"20772736","NOG1","111.1037","QM","","111.1037","0","","MAP","","482938.0","338458.0","NO 6B FP","HMJ9","","","","","","","","","","","20772736","2022-09-13","","NRAIL","","","","","All/Multiple Tracks","""13/12/07 CREATED ASSET - AS
Skerry Lane""","SK 82938 38458"
"20772737","NOG1","111.1166","QM","","111.1166","0","","MAP","","482822.0","338480.0","NO 6C FP","HMJ9","","","","","","","","","","","20772737","2022-09-13","","NRAIL","","","","","All/Multiple Tracks","Access via Skerry Lane AP","SK 82822 38480"
"50143410","NOG1","119.0188","QM","","119.0188","2100","","MAP","","471171.0","340135.0","Cogley Lane","HMJ9","","","","","","","","","NP","","50143410","2022-09-13","","NRAIL","","","","","Down Main/Fast","6 Mile Line Diagram Access Point Number 8363. Notes: Left on to Long Acre Lane, follow to end where it bends to left & forms Cogley Lane, follow to end. Parking for 4/5 vehicles","SK 71171 40135"
"20771953","NOG1","119.0646","QM","","119.0646","2100","","MAP","","470753.0","340152.0","St Marys Road","HMJ9","","","","","","","","","","","20771953","2023-05-31","","NRAIL","","","","","Down Main/Fast","Footpath from St Marys Road. No access for road railer. On street parking for numerous vehicles but be comsiderate to residents.","SK 70753 40152"
"20771954","NOG1","119.1","QM","","119.1","2100","","MAP","","470430.0","340166.0","Bingham Woodyard","HMJ9","","","","","","","","","","","20771954","2022-09-13","","NRAIL","","","","","Down Main/Fast","Accessed from Moor Lane. Pedestrian access only. No access for road railer. Parking for 2/3 vehicles","SK 70430 40166"
"50143411","NOG1","120.0674","QM","","120.0674","0","","MAP","","469120.0","340216.0","A46 Underbridge No.","HMJ9","","","","","","","","","NP","","50143411","2022-09-13","","NRAIL","","","","","All/Multiple Tracks","Turn left at A52/A46 roundabout and follow the B692 in line with the A46 to bridge. Rodside parking. Stepped access.","SK 69120 40216"
"50143412","NOG1","120.1562","QM","","120.1562","1100","","MAP","","468312.0","340225.0","Saxondale Overbridge No.","HMJ9","","","","","","","","","NP","","50143412","2022-09-13","","NRAIL","","","","","Up Main/Fast","6 Mile Line Diagram Access Point Number 8356. Notes: Off A52 take West of 2 lanes into Saxondale, follow to bridge. Parking at entrance of field, no turning point.","SK 68312 40225"
"50143414","NOG1","122.0088","QM","","122.0088","0","","MAP","","466480.0","339886.0","Spellow Hill Overbridge No.32","HMJ9","","","","","","","","","NP","","50143414","2022-09-13","","NRAIL","","","","","All/Multiple Tracks","6 Mile Line Diagram Access Point Number 8354. Notes: A52 just out of Radcliffe towards Bingham, turn left up Goat track to Spellow Farm & Bridge.","SK 66480 39886"
"50396767","NOG1","123.0251","QM","","123.0251","2100","","MAP","","464786.0","339478.0","Radcliffe Station","HMJ9","","","","","","","","","NP","","50396767","2022-09-13","","NRAIL","","","","","Down Main/Fast","WARNING SSOW PROHIBITED","SK 64786 39478"
"50396768","NOG1","123.0277","QM","","123.0277","1100","","MAP","","464761.0","339479.0","Ratcliffe Stn Platform 1","HMJ9","","","","","","","","","NP","","50396768","2022-09-13","","NRAIL","","","","","Up Main/Fast","T12 to be taken to gain access. No access for road railer. No vehicle access.","SK 64761 39479"
"50143380","NOG1","123.0286","QM","","123.0286","2100","","MAP","","464753.0","339479.0","Radcliffe Station Overbridge No.","HMJ9","","","","","","","","","NP","","50143380","2022-09-13","","NRAIL","","","","","Down Main/Fast","6 Mile Line Diagram Access Point Number 8351. Notes: A52 from Nottingham, under Railway Bridge. Take left fork for Radcliffe, and continue onto Shelford Road to the Bridge.","SK 64753 39479"
"50143382","NOG1","123.1166","QM","","123.1166","0","","MAP","","463938.0","339561.0","Trent Under Bridge No.","HMJ9","","","","","","","","","NP","","50143382","2022-09-13","","NRAIL","","","","","All/Multiple Tracks","6 Mile Line Diagram Access Point Number 8349. Notes: A52 from Nottingham pass under railway bridge, take left fork for Radcliffe, after 600yds turn left towards Holme Pierrepont, take right down small lane to bridge.","SK 63938 39561"
"50143384","NOG1","125.038","QM","","125.038","3100","","MAP","","461791.0","340870.0","Netherfield Junction SB","HMJ9","","","","","","","","","NP","","50143384","2022-09-13","","NRAIL","","","","","Rev Main/Fast","6 Mile Line Diagram Access Point Number 8346. Notes: Loop Road from Nottingham, turn left at lights on Private road No.1, Follow road round onto Chaworth Road over bridge then first left. Go to end of road, turn left. Parking for 5/6 vehicles","SK 61891 40870"
"20771946","NOG1","112.168","QM","","112.168","2100","","MAR","","480960.0","339326.0","Ralphs Crossing","HMJ9","","","","","","","","","","","20771946","2022-09-13","","NRAIL","","","","","Down Main/Fast","Parking for 4/5 vehicles","SK 80960 39326"
"110147656","NOG1","123.1672","QM","","123.1672","0","","MAR","","463525.0","339870.0","RECTORY JN SIDINGS","HMJ9","","","","","","","","","","","110147656","2022-09-13","","NRAIL","","","","","All/Multiple Tracks","6 Mile Line Diagram Access Point Number 8348. Notes: Loop road from Nottingham, turn right at lights by BRSA Club, right again at roundabout, then first left & through barrier at end of road. Parking for up to 10 vehicles.","SK 63525 39870"
"20773658","NOG1","106.165","QM","","106.165","1100","","MAV","","490284.0","337193.0","Gonerby Yard - Grantham","HMJ9","","","","","","","","","","","20773658","2022-09-13","","NRAIL","","","","","Up Main/Fast","Access via New Road off Gonerby Road","SK 90284 37193"
"20771944","NOG1","111.156","QM","","111.156","2100","","MAV","","482481.0","338583.0","Taylors Crossing","HMJ9","","","","","","","","","","","20771944","2023-05-31","","NRAIL","","","","","Down Main/Fast","Parking on grass verge outside Farm for 2/3 vehicles. No access for road railer.","SK 82481 38583"
"20771945","NOG1","112.143","QM","","112.143","2100","","MAV","","481078.0","339256.0","Bottesford Station","HMJ9","","","","","","","","","","","20771945","2022-09-13","","NRAIL","","","","","Down Main/Fast","Room in car park of station for numerous vehicles. Not suitable for road railer access. Access is on DN Main, footbridge available over to Up Main","SK 81078 39256"
"20771947","NOG1","113.022","QM","","113.022","1100","","MAV","","480696.0","339462.0","Normanton Ln Level Crossing","HMJ9","","","","","","","","","","","20771947","2022-09-13","","NRAIL","","","","","Up Main/Fast","Tk ID 1100/2100. Parking available for numerous vehicles roadside.","SK 80696 39462"
"20771948","NOG1","113.1567","QM","","113.1567","2100","","MAV","","479869.0","339158.0","Bottesford Triangle","HMJ9","","","","","","","","","","","20771948","2022-09-13","","NRAIL","","","","","Down Main/Fast","Parking for numerous vehicles on access road. Access via Bowbridge Ln towards Bottesford West Junction signal box. Single track access road but small space to turn / park multiple vehicles nearer lineside gate","SK 79869 39158"
"20771949","NOG1","114.035","QM","","114.035","1100","","MAV","","479016.0","339838.0","Orston Lane Level Crossing","HMJ9","","","","","","","","","","","20771949","2022-09-13","","NRAIL","","","","","Up Main/Fast","Tk ID 1100/2100","SK 79016 39838"
"20771950","NOG1","115.084","QM","","115.084","2100","","MAV","","476968.0","340032.0","Elton & Orston Station","HMJ9","","","","","","","","","","","20771950","2022-09-13","","NRAIL","","","","","Down Main/Fast","No road rail access. Parking for up to 10 vehicles","SK 76968 40032"
"20771917","NOG1","117.048","QM","","117.048","0","","MAV","","474102.0","339919.0","Aslockton Level Crossing","HMJ9","","","","","","","","","","","20771917","2023-05-31","","NRAIL","","","","","All/Multiple Tracks","""WARNING SSOW PROHIBITED
Dark Lane
Parking available at Aslockton Station""","SK 74102 39919"
"20771951","NOG1","117.048","QM","","117.048","1100","","MAV","","474102.0","339919.0","Aslockton Level Crossing","HMJ9","","","","","","","","","","","20771951","2022-09-13","","NRAIL","","","","","Up Main/Fast","TK ID 1100/2100. WARNING SSOW PROHIBITED. PARKING FOR NUMEROUS VEHICLES ROADSIDE. Station parking available if essential.","SK 74102 39919"
"20771952","NOG1","117.1584","QM","","117.1584","1100","","MAV","","473109.0","339992.0","Scarrington Level Crossing","HMJ9","","","","","","","","","","","20771952","2022-09-13","","NRAIL","","","","","Up Main/Fast","Parking for 2 large vehicles, 3 small.","SK 73109 39992"
"20771955","NOG1","119.128","QM","","119.128","1100","","MAV","","470175.0","340176.0","Bingham Level Crossing","HMJ9","","","","","","","","","","","20771955","2022-09-13","","NRAIL","","","","","Up Main/Fast","Tk ID 1100/2100. Parking for 3/4 vehicles","SK 70175 40176"
"20771956","NOG1","121.0178","QM","","121.0178","2100","","MAV","","467972.0","340201.0","OB Saxondale","HMJ9","","","","","","","","","","","20771956","2022-09-13","","NRAIL","","","","","Down Main/Fast","Parking for 10 + vehicles","SK 67972 40201"
"20771957","NOG1","122.128","QM","","122.128","1100","","MAV","","465454.0","339576.0","Bingham Road","HMJ9","","","","","","","","","","","20771957","2022-09-13","","NRAIL","","","","","Up Main/Fast","Lane to track off Bingham Road. No access for road railers. Parking for 8/10 vehciles.","SK 65454 39576"
"20771958","NOG1","122.144","QM","","122.144","2100","","MAV","","465281.0","338535.0","Harrisons Pet Products","HMJ9","","","","","","","","","","","20771958","2022-09-13","","NRAIL","","","","","Down Main/Fast","Turn off Bingham Road onto The Cresent. Access near to Walter Harrison and Sons pet shop. Parking for vehicles. T12 should be taken to gain access to the line.","SK 65281 39535"
"20771959","NOG1","124.0717","QM","","124.0717","1100","","MAV","","462991.0","340299.0","Colwick East","HMJ9","","","","","","","","","","","20771959","2022-09-30","","NRAIL","","","","","Up Main/Fast","Tk ID 1100/2100. Parking for 1/2 vehicles only","SK 62991 40299"
"50143385","NSS","1.1232","QM","","1.1232","0","","MAP","","390566.0","343770.0","Foley Crossing SB","HMJ9","","","","","","","","","NP","","50143385","2022-09-13","","NRAIL","","","","","All/Multiple Tracks","6 Mile Line Diagram Access Point Number 7856. Notes: Strategic Access Point. Foley Crossing Signal Box.","SJ 90566 43770"
"20772828","NSS","2.1526","QM","","2.1526","2100","","MAP","","392221.0","342905.0","Recreation Road OB19","HMJ9","","","","","","","","","","","20772828","2022-09-13","","NRAIL","","","","","Down Main/Fast","Access located on Recreation Road.  Parking for 20 vehicles.  Access to track is via approx. 16 steps down to track.","SJ 92221 42905"
"110180840","NSS","3.1452","QM","","3.1452","2100","","MAP","","393561.0","342149.0","George Street Footbridge","HMJ9","","","","","","","","","","","110180840","2022-11-01","","NRAIL","","","","","Down Main/Fast","Pedestrian Access.  Access Gate Located on George Street Footbridge.  This leads to a sloped path down to track.","SJ 93561 42149"
"20771960","NSS","5.044","QM","","5.044","0","","MAP","","395588.0","341196.0","Blythe Bridge","HMJ9","","","","","","","","","","","20771960","2022-09-13","","NRAIL","","","","","All/Multiple Tracks","Access via level crossing. Parking only in station car park","SJ 95588 41296"
"20772830","NSS","7.1342","QM","","7.1342","0","","MAP","","398641.0","338629.0","Newtons Farm UWW","HMJ9","","","","","","","","","","","20772830","2022-09-13","","NRAIL","","","","","All/Multiple Tracks","Access via UWC.  Parking for 2 vehicles due to limited width","SJ 98641 38629"
"110181912","NSS","9.1254","QM","","9.1254","2100","","MAP","","400706.0","336302.0","Upper Leigh LC <AHBC-X>","HMJ9","","","","","","","","","","","110181912","2022-11-18","","NRAIL","","","","","Down Main/Fast","Access at Level Crossing","SK 00706 36302"
"50143387","NSS","10.0528","QM","","10.0528","0","","MAP","","401474.0","335737.0","Leigh SB","HMJ9","","","","","","","","","NP","","50143387","2022-09-13","","NRAIL","","","","","All/Multiple Tracks","Access via level crossing. Note: Strategic Access Point.  Lower Leigh to Dods Leigh Road","SK 01474 35737"
"50143388","NSS","11.0264","QM","","11.0264","2100","","MAP","","402571.0","334942.0","Overbridge No.44","HMJ9","","","","","","","","","NP","","50143388","2022-09-13","","NRAIL","","","","","Down Main/Fast","Access is gained via gate toward edge of bridge, this leads to steps down to track.  Access to Leighs Down Distant Semaphore Signal","SK 02571 34942"
"50143389","NSS","11.0666","QM","","11.0666","2100","","MAP","","402958.0","334807.0","Overbridge No.45","HMJ9","","","","","","","","","NP","","50143389","2022-09-13","","NRAIL","","","","","Down Main/Fast","Access is gained via gate toward edge of bridge, this leads to a sloped access down to track.  This access may not be suitable during wet or winter months owing to it being a grass path with no structural support","SK 02958 34807"
"50143392","NSS","12.1474","QM","","12.1474","1100","","MAP","","405094.0","333990.0","Overbridge No.48","HMJ9","","","","","","","","","NP","","50143392","2022-09-13","","NRAIL","","","","","Up Main/Fast","Access is gained via stile toward edge of bridge, this leads to a sloped access down to track.  This access may not be suitable during wet or winter months owing to it being a grass path with no structural support.  Notes: Dagdale Bridge. turn off A522 beside Waterloo Farm near Stramshall turn off. Continue along & take left turn at end. Right turn towards Dagdale & left into Farm track at end.","SK 05194 34090"
"120000372","NSS","13.0745","QM","","13.075","1100","","MAP","","405483.0","333124.0","Bramshall Level Crossing","HMJ9","","","","","","","","","Pedestrian Access Point","","120000372","2025-01-27","","","","","","","Up Main/Fast","Access from B5027 - Bramshall Road.  Access to track is via the gate behind the relay room. Parking For 1 Vehicle and Access to Up Stoke only.  No direct access to track from the level crossing.

W3W - configure.supplied.drop",""
"20772831","NSS","13.1139","QM","","13.1139","0","","MAP","","405650.0","332836.0","Sargeants Crossing UWW","HMJ9","","","","","","","","","","","20772831","2022-09-13","","NRAIL","","","","","All/Multiple Tracks","Access via crossing.  Note no parking for vehicles.","SK 05650 32836"
"20771964","NSS","16.1496","QM","","16.1496","1100","","MAP","","410428.0","332934.0","Tunnicliffs","HMJ9","","","","","","","","","","","20771964","2022-09-13","","NRAIL","","","","","Up Main/Fast","No parking for vehicles.","SK 10428 32934"
"20771965","NSS","17.044","QM","","17.044","0","","MAP","","410910.0","332502.0","Langridges","HMJ9","","","","","","","","","","","20771965","2022-09-13","","NRAIL","","","","","All/Multiple Tracks","No parking for vehicles","SK 10910 32502"
"20771969","NSS","22.1661","QM","","22.1661","0","","MAP","","419578.0","330068.0","Mill Lane Crossing","HMJ9","","","","","","","","","","","20771969","2022-09-13","","NRAIL","","","","","All/Multiple Tracks","Access at crossing. Please note that there is no parking available at this location.  Parking is for residents only.","SK 19578 30068"
"20771970","NSS","23.0946","QM","","23.0946","0","","MAP","","420516.0","329881.0","Weir Lane Crossing","HMJ9","","","","","","","","","","","20771970","2022-09-13","","NRAIL","","","","","All/Multiple Tracks","Access at crossing.  Please note that there is no parking available at this location. Access via Green Ends Lane","SK 20516 29881"
"110188558","NSS","24.022","QM","","24.033","1100","","MAP","","421488.0","329677.0","TUTBURY","HMJ9","","","","","","","","","","","110188558","2024-09-03","","NRAIL","","","","","Up Main/Fast","ACCESS AT TUTBURY SIG BOX UP STOKE SIDE / PARKING AVAILABLE AT CO.OP / 859 KEY REQUIRED / WHAT3WORDS = BLUES.REVIEWS.MOMENTOUS.","SK 21488 29677"
"50143364","NSS","24.1254","QM","","24.1254","0","","MAP","","422363.0","329483.0","Underbridge No.91","HMJ9","","","","","","","","","NP","","50143364","2022-09-13","","NRAIL","","","","","All/Multiple Tracks","Access at crossing.  Field to field track off Marston Road.","SK 22363 29483"
"20771972","NSS","25.062","QM","","25.062","0","","MAP","","423212.0","329300.0","Marston Level Crossing","HMJ9","","","","","","","","","","","20771972","2022-09-13","","NRAIL","","","","","All/Multiple Tracks","Access at Level Crossing.  Please note that there is no parking at this location.","SK 23312 29200"
"50143372","NSS","29.0418","QM","","29.0418","1100","","MAP","","429413.0","328950.0","UB 100 Willington Level Crossing DY297","HMJ9","","","","","","","","","NP","","50143372","2022-09-13","","NRAIL","","","","","Up Main/Fast","Access via level crossing. Access also includes field to field  Underbridge 100.  Parking available for 2 vehicles.  Do not park on or near the level crossing. Parking is available on the access track for the underbridge only.","SK 29413 28950"
"110184391","NSS","4.0749","QM","","4.0749","1500","","MAV","","394494.0","341980.0","Caverswall Lane","HMJ9","","","","","","","","","","","110184391","2023-07-27","","NRAIL","","","","","Up Loop","Initial access gate is located directly behind Caverswall Signal Box.  Through this gate you follow a track down to a clearing.  There is parking for several vehicles. This access is located on the Up Goods Loop.","SJ 94494 41980"
"20771961","NSS","5.0924","QM","","5.0924","0","","MAV","","395859.0","340845.0","Stallington Level Crossing","HMJ9","","","","","","","","","","","20771961","2022-09-13","","NRAIL","","","","","All/Multiple Tracks","Access via level crossing.  Parking for 1 vehicle","SJ 95859 40845"
"20772829","NSS","6.1672","QM","","6.1672","0","","MAV","","397535.0","339317.0","Cresswell LC AHB","HMJ9","","","","","","","","","","","20772829","2022-09-13","","NRAIL","","","","","All/Multiple Tracks","Access via level crossing.  Parking for 3 vehicles","SJ 97535 39317"
"20772832","NSS","14.0242","QM","","14.0242","0","","MAV","","406376.0","332617.0","Loxley LC AHBX","HMJ9","","","","","","","","","","","20772832","2022-09-13","","NRAIL","","","","","All/Multiple Tracks","Access via level crossing.  Parking for 3 vehicles","SK 06376 32617"
"20771962","NSS","15.1342","QM","","15.1342","0","","MAV","","408798.0","333049.0","Hockley Level Crossing","HMJ9","","","","","","","","","","","20771962","2022-09-13","","NRAIL","","","","","All/Multiple Tracks","Access via level crossing.  Parking for 3 vehicles.","SK 08798 33049"
"20771963","NSS","16.0","QM","","16.0","0","","MAV","","409335.0","333131.0","Pinfold Level Crossing","HMJ9","","","","","","","","","","","20771963","2022-09-13","","NRAIL","","","","","All/Multiple Tracks","Access gained off Old Knotty Way.  Once through the gate there is parking for 8 vehicles.  Access site at the level crossing","SK 09335 33131"
"20771966","NSS","19.0022","QM","","19.0022","0","","MAV","","413412.0","331377.0","Marchington Old Station","HMJ9","","","","","","","","","","","20771966","2022-09-13","","NRAIL","","","","","All/Multiple Tracks","Access at crossing. Parking for 6 vehicles.","SK 13412 31377"
"20771967","NSS","19.1364","QM","","19.1364","0","","MAV","","414618.0","331132.0","Dovefields Level Crossing","HMJ9","","","","","","","","","","","20771967","2022-09-13","","NRAIL","","","","","All/Multiple Tracks","Access at Level Crossing.  Parking for 3 vehicles","SK 14618 31132"
"20771968","NSS","20.1474","QM","","20.1474","0","","MAV","","416257.0","330669.0","Sudbury Level Crossing","HMJ9","","","","","","","","","","","20771968","2022-09-13","","NRAIL","","","","","All/Multiple Tracks","Access at the level crossing.  Parking available in the compound","SK 16257 30669"
"50143367","NSS","26.1414","QM","","26.1414","2100","","MAV","","425591.0","329493.0","Egginton Junction SB","HMJ9","","","","","","","","","NP","","50143367","2022-09-13","","NRAIL","","","","","Down Main/Fast","Access via Eggington Road at the Level Crossing or there is an access track available for vehicles on the Down Side that gives access from the crossing  to approximately 26m 0880y","SK 26091 29593"
"20771974","NSS","29.1078","QM","","29.1078","2100","","MAV","","430013.0","328994.0","Findern Level Crossing","HMJ9","","","","","","","","","","","20771974","2022-09-13","","NRAIL","","","","","Down Main/Fast","Access via Level Crossing.  Parking for 2 vehicles.","SK 30013 28994"
"120002229","NSS","4.0462","QM","","4.0067","1100","","MAX","","394240.0","342025.0","Caverswall Level crossing","HMJ9","","","","","","","","","Pedestrian Access Point","","120002229","2026-01-28","","","","","","","Up Main/Fast","Pedestrian Access to Up Stoke includes via authorised walking route at Signal box Access Path",""
"120001450","NSS","22.1166","QM","","22.1166","0","","MAX","","419154.0","330163.0","Scropton Level Crossing ","HMJ9","","","","","","","","","Access to Track ","","120001450","2025-12-01","","","","","","","All/Multiple Tracks","Access at Scropton level crossing.  Vehicle access gate to north of level crossing.
W3W of crossing is former/tight/ballots",""
"110179903","PBS1","137.1485","QM","","137.1485","0","","MAP","","449642.0","355195.0","Sowters UWC","HMJ9","","","","","","","","","","","110179903","2022-09-09","","NRAIL","","","","","All/Multiple Tracks","RESTRICTED ACCESS. Access is a private road but has public footpath  right of way. Vehicle Access is only allowed if permission is granted by the authorised user/landowner, details of which can be obtained via the Route Level Crossing Manager","SK 49642 55195"
"110147687","PBS1","138.0682","QM","","138.0682","0","","MAP","","450091.0","356090.0","Kirkby station","HMJ9","","","","","","","","","","","110147687","2022-09-13","","NRAIL","","","","","All/Multiple Tracks","AUTHORISED PEDESTRIAN ACCESS DURING LINE BLOCKAGES <WARNING SSOW PROHIBITED AREA>","SK 50091 56090"
"50403340","PBS1","138.17","QM","","138.17","0","","MAP","","450243.0","356862.0","OB 4 Kirkby Summit","HMJ9","","","","","","","","","NP","","50403340","2022-09-13","","NRAIL","","","","","All/Multiple Tracks","Tk Id 1100/2100. Parking for 7 vehicles in the lane. T2 and T12 required.","SK 50243 56862"
"110179899","PBS1","134.1679","QM","","134.1679","0","","MAV","","445391.0","354425.0","Slieghts CCTV LC","HMJ9","","","","","","","","","","","110179899","2022-09-09","","NRAIL","","","","","All/Multiple Tracks","Access via Slieghts LC, parking available beyond crossing. ensure to leave clear visibility for other road users to see signs and lights for crossing.","SK 45391 54425"
"110179900","PBS1","135.1","QM","","135.1561","0","","MAV","","446390.0","354567.0","Pinxton CCTV LC","HMJ9","","","","","","","","","","","110179900","2022-09-09","","NRAIL","","","","","All/Multiple Tracks","Access via Pinxton LC. Access goes alongside track to 135.1561yds. Parking for vehicles. LC can be used as RRV access if closure is in place and RRV can be stored in the access compound area.","SK 46490 54567"
"110179902","PBS1","136.154","QM","","136.154","0","","MAV","","448304.0","354547.0","Upper Portland AHB LC","HMJ9","","","","","","","","","","","110179902","2022-09-09","","NRAIL","","","","","All/Multiple Tracks","Access via Upper Portland LC, parking available beyond crossing. ensure to leave clear visibility for other road users to see signs and lights for crossing.","SK 48304 54547"
"110147716","PBS1","138.044","QM","","138.044","0","","MAV","","449917.0","355715.0","kirkby lane end","HMJ9","","","","","","","","","","","110147716","2022-09-13","","NRAIL","","","","","All/Multiple Tracks","authorised vehicular access point at industrial estate service road off urban road, Kirkby in Ashfield. note mileage change as pinxton lines continue along pbs 1 ELR This is on th RAC @136.1170","SK 49917 55715"
"110166788","PBS2","137.13","QM","","137.13","0","","MAP","","450606.0","357692.0","Sutton Parkway Station","HMJ9","","","","","","","","","Access Point","","110166788","2022-09-13","","NRAIL","","","","","All/Multiple Tracks","Sutton Parkway Station access to both sides of track via platform ends. Low barriers at entrance. Ensure vehicle fits under barrier.","SK 50606 57692"
"110166789","PBS2","139.0334","QM","","139.0334","0","","MAP","","451896.0","359582.0","Equestrian Bridge","HMJ9","","","","","","","","","Access Point","","110166789","2022-09-13","","NRAIL","","","","","All/Multiple Tracks","No parking in this area. Drop off and collection only. No vehicles are to be left unattended. There is a pedestrian access gate on both sides of the track, with a short walk from the public highway. On the DN MAIN the drop off is on Kings Mill Lane. Grid coordinates refer to highway rail intersection.","SK 51896 59582"
"110183253","PBS2","139.0358","QM","","139.0358","2100","","MAP","","451921.0","359597.0","Kings Mill Reservoir","HMJ9","","","","","","","","","","","110183253","2023-03-03","","NRAIL","","","","","Down Main/Fast","Parking: Free public on road parking is available [up to 10 cars] within walking distance to the site: Kings Mill Lane, Mansfield, NG18 5HW. It should be noted that during peak hours these spaces may be taken by members of the public using the reservoir for recreational purposes. There is a pay & display car park [77 spaces] also within close proximitey to the access point: Kings Mill Reservoir, Sherwood Way South, Ashfield, NG17 4PA.","SK 51921 59597"
"110147691","PBS2","139.0836","QM","","139.0836","2100","","MAP","","452450.0","359965.0","Hermitage lane","HMJ9","","","","","","","","","","","110147691","2022-09-13","","NRAIL","","","","","Down Main/Fast","authorised access point at underbridge adjacent to hermitage lane mill. <listed building>","SK 52450 59965"
"110147688","PBS2","138.0506","QM","","138.0506","0","","MAR","","450984.0","358459.0","Sutton junction LC <CCTV>","HMJ9","","","","","","","","","","","110147688","2022-09-13","","NRAIL","","","","","All/Multiple Tracks","Access to trackside via gates at either side of crossing. Parking at level crossing can be achieved using grass verges. Ensure signage and lighting is clear for other road users to see.","SK 50984 58459"
"110147689","PBS2","138.11","QM","","138.11","0","","MAR","","451347.0","358881.0","Sutton forest LC <AHBC>","HMJ9","","","","","","","","","","","110147689","2022-09-13","","NRAIL","","","","","All/Multiple Tracks","authorised access point at road/rail level crossing - pedestrian. RRVon/off tracking in conjunction with relevant road closures","SK 51347 58881"
"110147692","PBS2","140.044","QM","","140.044","1100","","MAV","","453513.0","360659.0","Mansfield station Car Park","HMJ9","","","","","","","","","","","110147692","2022-09-13","","NRAIL","","","","","Up Main/Fast","authorised access point at rear of Mansfield station <from main station car park> off midland way","SK 53513 60659"
"50403341","PBS2","140.096","QM","","140.096","0","","MAV","","453614.0","360752.0","Mansfield Station platforms","HMJ9","","","","","","","","","NP","","50403341","2022-09-13","","NRAIL","","","","","All/Multiple Tracks","TK ID 1100/2100. WARNING SSOW PROHIBITED. PARKING FOR 2 VEHICLES.","SK 53614 60752"
"110179904","PBS3","141.1115","QM","","141.1115","1100","","MAP","","453934.0","362337.0","Main Bright Walk","HMJ9","","","","","","","","","","","110179904","2022-09-09","","NRAIL","","","","","Up Main/Fast","Pedestrian access point. Not ideal for vehicle parking 1 vehicle max. stepped access leading to Up Mansfield.","SK 53934 62337"
"110147693","PBS3","142.0379","QM","","142.0379","0","","MAP","","453444.0","363222.0","Mansfield woodhouse station","HMJ9","","","","","","","","","","","110147693","2022-09-13","","NRAIL","","","","","All/Multiple Tracks","authorised access point at Mansfield woodhouse station service road off debdale lane","SK 53444 63222"
"110147694","PBS3","143.0","QM","","143.0","0","","MAR","","453306.0","364413.0","mackenzies UWC","HMJ9","","","","","","","","","","","110147694","2022-09-13","","NRAIL","","","","","All/Multiple Tracks","authorised access point at mackenzies UWC off common lane, Mansfield woodhouse","SK 53306 64413"
"50143280","PMJ","1.1167","QM","","1.1167","1100","","MAP","","490698.0","303537.0","Skew Bridge - O/B No. 50","HMJ9","","","","","","","","","","","50143280","2022-09-13","","NRAIL","","","","","Up Main/Fast","Skew Bridge. Lyndon to Wing unclassified road. Foot access via gate and steps to Up cess.","SK 90698 03537"
"50143281","PMJ","1.1552","QM","","1.1552","2100","","MAP","","491027.0","303417.0","Pilton Road - U/B No. 51","HMJ9","","","","","","","","","","","50143281","2022-09-13","","NRAIL","","","","","Down Main/Fast","Lyndon to Pilton unclassified rd. Foot access via pedestrian gate and steps up the embankment to the Down cess.","SK 91027 03417"
"110151135","PMJ","2.0621","QM","","2.0621","2100","","MAP","","491761.0","303215.0","Pilton sidings & footpath crossing.","HMJ9","","","","","","","","","","","110151135","2022-09-13","","NRAIL","","","","","Down Main/Fast","Contact Oakham P Way to arrange access; 48 hours prior notice required to landowner. Vehicle access to Down fence line at footpath crossing. Off Pinfold Lane?","SK 91761 03215"
"110151136","PMJ","2.0621","QM","","2.0621","1100","","MAP","","491761.0","303215.0","Pilton footpath crossing","HMJ9","","","","","","","","","","","110151136","2022-09-13","","NRAIL","","","","","Up Main/Fast","Access off Pilton Road at UBr 51 to the Up side.","SK 91761 03215"
"50143284","PMJ","2.1386","QM","","2.1386","1100","","MAP","","492432.0","303013.0","Cattle Creep - U/B No. 53","HMJ9","","","","","","","","","","","50143284","2022-09-13","","NRAIL","","","","","Up Main/Fast","6 Mile Line Diagram Access Point Number 7750. Notes: Cattle Creep","SK 92432 03013"
"50143283","PMJ","3.0196","QM","","3.0196","1100","","MAP","","492929.0","302870.0","Church Lane - OBr 54. North Luffenham Road.","HMJ9","","","","","","","","","","","50143283","2022-09-13","","NRAIL","","","","","Up Main/Fast","Unclassified North Luffenham to Morcott road Foot access. Path and steps into the cutting to the Up cess.","SK 92929 02870"
"50143285","PMJ","3.1113","QM","","3.1113","2100","","MAP","","493732.0","302602.0","Moor Lane - UBr 55","HMJ9","","","","","","","","","","","50143285","2022-09-13","","NRAIL","","","","","Down Main/Fast","Unclassified North Luffenham to South Luffenham road. Pedestrian gate and steps up the embankment to the Down cess.","SK 93732 02602"
"110188279","PMJ","4.022","QM","","4.022","2100","","MAP","","493522.0","302634.0","Luffenham Level Crossing","HMJ9","","","","","","","","","","","110188279","2024-07-30","","NRAIL","","","","","Down Main/Fast","Access point gate at Luffenham Level Crossing on to Down Side.  Please note that there are gates on both sides of this crossing,  ensure that you are accessing the correct line before attempting to access track.","SK 93522 02634"
"110151137","PMJ","4.0225","QM","","4.0225","1100","","MAP","","494528.0","302642.0","Luffenham level Crossing","HMJ9","","","","","","","","","","","110151137","2022-09-13","","NRAIL","","","","","Up Main/Fast","Gate into the Up side at the Crossing; access to the barrier control room and Up cess.","SK 94528 02642"
"50143287","PMJ","5.0204","QM","","5.0204","1100","","MAP","","496041.0","303082.0","Fosters Bridge A6121 -UBr 58 Stamford Road","HMJ9","","","","","","","","","","","50143287","2022-09-13","","NRAIL","","","","","Up Main/Fast","Stamford Road; A6121 South Luffenham to Ketton Road. Pedestrian gate and steps up the embankment to the Up cess.","SK 96041 03082"
"110179905","PMJ","5.101","QM","","5.101","0","","MAP","","496772.0","303191.0","Naylors UWC","HMJ9","","","","","","","","","","","110179905","2022-09-09","","NRAIL","","","","","All/Multiple Tracks","RESTRICTED ACCESS. Access is a private UWC with no public right of way. Access is only allowed if permission is granted by the authorised user/landowner, details of which can be obtained via the Route Level Crossing Manager","SK 93772 03191"
"110151138","PMJ","6.1125","QM","","6.1125","2100","","MAP","","498267.0","303949.0","Ketton footpath crossing; off Barrowden Road.","HMJ9","","","","","","","","","","","110151138","2022-09-13","","NRAIL","","","","","Down Main/Fast","Pedestrian access to the Down side.","SK 98267 03949"
"110151140","PMJ","6.1332","QM","","6.1332","2100","","MAP","","498423.0","304046.0","Ketton level Crossing & signal box","HMJ9","","","","","","","","","","","110151140","2022-09-13","","NRAIL","","","","","Down Main/Fast","Pedestrian gate to the signal box and Down cess.","SK 98423 04046"
"110179906","PMJ","7.1447","QM","","7.1447","0","","MAP","","499758.0","305139.0","Wards UWC","HMJ9","","","","","","","","","","","110179906","2022-09-09","","NRAIL","","","","","All/Multiple Tracks","RESTRICTED ACCESS. Access is a private UWC with no public right of way. Access is only allowed if permission is granted by the authorised user/landowner, details of which can be obtained via the Route Level Crossing Manager","SK 99758 05139"
"110151144","PMJ","10.0263","QM","","10.0263","2100","","MAP","","502944.0","306666.0","Stamford Station Platforms","HMJ9","","","","","","","","","","","110151144","2022-09-13","","NRAIL","","","","","Down Main/Fast","Access to the Down and Up via the Platforms and footbridge.","TF 02944 06666"
"110179907","PMJ","13.019","QM","","13.019","0","","MAP","","507451.0","306592.0","Brassy UWC","HMJ9","","","","","","","","","","","110179907","2022-09-09","","NRAIL","","","","","All/Multiple Tracks","RESTRICTED ACCESS. Access is a private UWC with no public right of way to use, public footpath continues upto Aldwinkle UWC which has Public foot access to use. pedestrian access only unless permission is granted by the authorised user/landowner, details of which can be obtained via the Route Level Crossing Manager","TF 07451 06592"
"110179908","PMJ","13.1257","QM","","13.1257","0","","MAP","","508420.0","306543.0","Aldwinkle UWC","HMJ9","","","","","","","","","","","110179908","2022-09-09","","NRAIL","","","","","All/Multiple Tracks","RESTRICTED ACCESS. Access is a private road but has public footpath  right of way. Vehicle Access is only allowed if permission is granted by the authorised user/landowner, details of which can be obtained via the Route Level Crossing Manager","TF 08420 06543"
"110151143","PMJ","9.088","QM","","9.1753","1100","","MAR","","502759.0","306520.0","Stamford Station car park","HMJ9","","","","","","","","","","","110151143","2022-09-13","","NRAIL","","","","","Up Main/Fast","Vehicle gates into the Up side; parking for vehicles and plant. Prone to obstruction by public parking.","TF 02759 06520"
"110151133","PMJ","0.0146","QM","","0.0146","2100","","MAV","","488362.0","304005.0","Manton Junction and signal box <former station>","HMJ9","","","","","","","","","","","110151133","2022-09-12","","NRAIL","","","","","Down Main/Fast","Off the Manton to Wing road into the former station yard and sidings; parking for vehicles and plant. Direct access onto the Peterborough and Kettering lines <PMJ and GSM1> and to the south portal of Manton tunnel.","SK 88362 04005"
"110151134","PMJ","1.0075","QM","","1.0075","0","","MAV","","489692.0","303430.0","Wing <PMJ> crossing","HMJ9","","","","","","","","","","","110151134","2022-09-13","","NRAIL","","","","","All/Multiple Tracks","Farm track and public footpath, next to the junction of Morcott Road and Glaston Road, to Wing crossing. Limited parking at the crossing","SK 89692 03430"
"110151141","PMJ","6.1332","QM","","6.1332","1100","","MAV","","498417.0","304067.0","Ketton level Crossing","HMJ9","","","","","","","","","","","110151141","2022-09-13","","NRAIL","","","","","Up Main/Fast","Vehicle gate into the Up side at the Crossing; parking space for vehicles and plant with direct access to the  Up cess.","SK 98417 04067"
"110151142","PMJ","8.0856","QM","","8.0856","2100","","MAV","","500647.0","305704.0","Tinwell level Crossing","HMJ9","","","","","","","","","","","110151142","2022-09-13","","NRAIL","","","","","Down Main/Fast","From Easton on the Hill, down West Lane to Tinwell LC. Vehicle gate into the Down side at the Crossing; parking space for vehicles and plant with direct access to the  Down cess.","TF 00647 05704"
"110151145","PMJ","10.1102","QM","","10.1102","1100","","MAV","","503634.0","306991.0","Stamford Welland Mews - GN station","HMJ9","","","","","","","","","","","110151145","2022-09-13","","NRAIL","","","","","Up Main/Fast","Vehicle gates into the Up side; parking for vehicles and plant.","TF 03634 07091"
"110151146","PMJ","11.0192","QM","","11.0192","2100","","MAV","","504351.0","307280.0","Hudds Mill LC","HMJ9","","","","","","","","","","","110151146","2022-09-13","","NRAIL","","","","","Down Main/Fast","Vehicle access to the Down side; parking for a vehicle.","TF 04351 07280"
"110151147","PMJ","12.1644","QM","","12.1644","2100","","MAV","","507175.0","306604.0","Uffington LC and signal box","HMJ9","","","","","","","","","","","110151147","2022-09-13","","NRAIL","","","","","Down Main/Fast","Off the A1175 in Uffington onto Uffington Road and directly to the LC. Unofficial parking opposite the signal box on private land on the Down side. Do not damage any property or obstruct the Owners.","TF 07175 06604"
"110147140","RAC","126.0696","QM","","126.0969","2100","","MA","","454956.0","341340.0","Bobbers Mill 8A","HMJ9","","","","","","","","","","","110147140","2018-02-09","","","","","","","Down Main/Fast","",""
"50143235","RAC","126.0785","QM","","126.0785","1100","","MAP","","549.0","414.0","OB8","HMJ9","","","","","","","","","NP","","50143235","2020-03-03","","NRAIL","","","","","Up Main/Fast","From St. Peter Street to end of New Road <Cul-de-Sac>. Limited Parking. Pedestrian access over bridge. Access on right, down the down-side embankment. No gate. At own risk. Parking for numerous vehicles",""
"50469009","RAC","126.132","QM","","126.132","1100","","MAP","","551.0","418.0","FB8","HMJ9","","","","","","","","","","","50469009","2018-02-09","","NRAIL","","","","","Up Main/Fast","From Radford Road via Wistow Close to Orchard Court.To Footbridge 8B. No gates. Use at own risk. Limited Vehicle parking. OS Grid Ref SK551418.",""
"50469010","RAC","127.088","QM","","127.088","1100","","MAP","","455275.0","343018.0","Nottingham Rd. Footbridge","HMJ9","","","","","","","","","","","50469010","2018-02-09","","NRAIL","","","","","Up Main/Fast","Nottingham Road / Vernon Road junction. Pedestrian gate <to be provided> at bottom of footbridge. On-street parking available nearby.",""
"50469011","RAC","127.131","QM","","127.131","0","","MAP","","455047.0","343341.0","Lincoln Street Level Crossing","HMJ9","","","","","","","","","","","50469011","2008-09-08","","NRAIL","","","","","All/Multiple Tracks","Tk ID 1100/2100. Vernon Rd / Lincoln St Junction <south side of level crossing> Pedestrian gate. Roadside parking adjacent to crossing.",""
"50143245","RAC","127.132","QM","","127.132","0","","MAP","","455042.0","343349.0","Lincoln Street Level Crossing","HMJ9","","","","","","","","","NP","","50143245","2008-09-08","","NRAIL","","","","","All/Multiple Tracks","Vernon Rd / Lincoln St Junction <north side of level crossing>. Pedestrian gate. On-street parking available nearby.",""
"50469012","RAC","128.1342","QM","","128.1342","1100","","MAP","","454081.0","344624.0","Latimer Close","HMJ9","","","","","","","","","","","50469012","2020-03-03","","NRAIL","","","","","Up Main/Fast","5 Mile Line Diagram Access Point Number 9153. Notes: Via Highbury Rd into Latimer Close. Left, to end of cul-de-sac. Pedestrian gate to be provided next to REC cubicle. On-street parking. NB. Residential area - residents, access must not be obstructed. T12 must be taken.",""
"50143247","RAC","128.17","QM","","128.17","3400","","MAP","","454088.0","344950.0","Bulwell Station","HMJ9","","","","","","","","","NP","","50143247","2018-02-09","","NRAIL","","","","","Rev Single","5 Mile Line Diagram Access Point Number 9154. Notes: From Highbury Rd into Station Rd, to end of cul-de-sac. Car park to station can take upto 30 vehicles. Alternative access on LH side of line through station car park. Pedestrian gate for telecomms cabinet and track access.",""
"50469013","RAC","129.075","QM","","129.075","3400","","MAP","","454407.0","345631.0","Bulwell Forest LC","HMJ9","","","","","","","","","NP","","50469013","2020-03-12","","NRAIL","","","","","Rev Single","Carey St / St Albans Rd junction. Gives access to up and down Kirkby. Pedestrian gate North end of level crossing. Parking for up to 4 vehicles on side street. T12 required.",""
"20772821","RAC","130.07","QM","","130.07","3400","","MAP","","454633.0","347147.0","Bayles & Wyle <1> FPW","HMJ9","","","","","","","","","","","20772821","2018-02-09","","NRAIL","","","","","Rev Single","Parking for 2 - 3 vehicles on waste ground. T12 required. At BPC - RAC ELR junction area.",""
"20771977","RAC","130.07","QM","","130.07","3400","","MAP","","454633.0","347147.0","OB60","HMJ9","","","","","","","","","","","20771977","2018-02-09","","NRAIL","","","","","Rev Single","",""
"50469019","RAC","131.0462","QM","","131.0462","2100","","MAP","","454413.0","348505.0","Brickyard Lane","HMJ9","","","","","","","","","","","50469019","2018-02-09","","NRAIL","","","","","Down Main/Fast","From Nottingham Rd, then Bestwood Rd, then Brickyard Lane. Pedestrian gate SE side",""
"110183892","RAC","131.143","QM","","131.143","3100","","MAP","","454021.0","349295.0","Hucknall Station","HMJ9","","","","","","","","","","","110183892","2023-05-19","","NRAIL","","","","","Rev Main/Fast","Bi-Di Plaform. Parking at the station for multiple vehicles.","SK 54000 49200"
"50469021","RAC","132.0","QM","","132.0","2100","","MAP","","453878.0","349565.0","Moss & Plumbs","HMJ9","","","","","","","","","","","50469021","2018-02-09","","NRAIL","","","","","Down Main/Fast","Opposite Hucknall Leisure Centre adjacent to 48 Linby Rd. On-street parking. Pedestrian access only.",""
"50469022","RAC","132.0528","QM","","132.0528","0","","MAP","","453661.0","349995.0","Linby Colliery","HMJ9","","","","","","","","","","","50469022","2023-05-19","","NRAIL","","","","","All/Multiple Tracks","Linby Rd/ Church Lane Junction. Pedestrian gate NW side.","SK 53600 49900"
"50469027","RAC","132.1518","QM","","132.1518","3400","","MAP","","453253.0","350804.0","Linby Station Level Crossing","HMJ9","","","","","","","","","","","50469027","2020-03-03","","NRAIL","","","","","Rev Single","Wighay Road. On-street parking. Pedestrian gate NW side.",""
"110183893","RAC","134.044","QM","","134.044","3100","","MAP","","454021.0","352830.0","Newstead Station","HMJ9","","","","","","","","","","","110183893","2023-05-19","","NRAIL","","","","","Rev Main/Fast","Bi-Di Plaform. Parking at the station for multiple vehicles - if full roadside parking close by.","SK 52200 52800"
"50469032","RAC","134.066","QM","","134.066","3400","","MAP","","452157.0","352979.0","Newstead LC <AHBC>","HMJ9","","","","","","","","","","","50469032","2023-05-19","","NRAIL","","","","","Rev Single","Derby Rd A611, then Hucknall Rd, then Tilford Rd. Pedestrian gate NW side 222 lock.","SK 52100 52900"
"50469037","RAC","135.066","QM","","135.066","2100","","MAP","","451376.0","354382.0","Warren House LC","HMJ9","","","","","","","","","","","50469037","2018-02-09","","NRAIL","","","","","Down Main/Fast","Derby Rd A611, then Annesley Cutting, then Byron Rd, then Recreation Rd, then Warren Avenue. Limited parking adjacent to level crossing.",""
"110183891","RAC","135.152","QM","","135.152","3400","","MAP","","450638.0","354894.0","Grives Lane LC","HMJ9","","","","","","","","","","","110183891","2023-05-19","","NRAIL","","","","","Rev Single","Grives Lane, Kirkby-in-Ashfield, Annesley, Ashfield, NG17 7EQ. Parking on grass verge / roadside.","SK 50600 54800"
"110149076","RAC","136.0418","QM","","136.0418","1100","","MAP","","450235.0","355142.0","Kirkby Sth. Jn.","HMJ9","","","","","","","","","","","110149076","2023-05-31","","","","","","","Up Main/Fast","New access point. ""Qwick"" steps fitted up the embankment on the left hand side of Bridge 23A <on approach>. Pedestrian access point at Bridge 23A at Lindleys Lane. Lindleys Lane only accessible from junction off Urban Rd. <B6020>, Kirkby-in-Ashfield. Access point is 1056 yds along Lindleys Lane after turning off Urban Rd.",""
"110150343","RAC","136.125","QM","","136.125","1100","","MAP","","449930.0","355785.0","OB23B, Glass Factory","HMJ9","","","","","","","","","Access Point","","110150343","2014-01-13","","NRAIL","","","","","Up Main/Fast","Pedestrian access to Kirkby Lane End Junction.","SK 49930 55785"
"110147657","RAC","126.0485","QM","","126.0485","1100","","MAR","","454885.0","340280.0","Magnets","HMJ9","","","","","","","","","","","110147657","2023-05-31","","","","","","","Up Main/Fast","NEW HOLDFAST ACCESS POINT INSTALLED",""
"110151977","RAC","130.035","QM","","130.035","3400","","MAR","","454641.0","346828.0","Bestwood Park","HMJ9","","","","","","","","","","","110151977","2021-07-19","","NRAIL","","","","","Rev Single","Bestwood Park. Grid Ref SK546468.",""
"110184071","RAC","131.1518","QM","","131.1518","3400","","MAR","","453969.0","349408.0","Hucknall Station Compound","HMJ9","","","","","","","","","","","110184071","2023-06-21","","NRAIL","","","","","Rev Single","Hucknall station compound: Located at the end of Station Terrace, Hucknall, Nottingham NG15 7TQ. Drive through the Black double gates - there is parking for ample vans [10+]. Grey double gates to access the track - suitable for RRV""s. Accessed straight onto the Bi-Di Mansfield line - EMCC Mansfield signalling panel.",""
"110151976","RAC","132.15","QM","","132.15","3400","","MAR","","453261.0","350790.0","Linby L.C.Compound","HMJ9","","","","","","","","","","","110151976","2021-07-19","","NRAIL","","","","","Rev Single","Linby L.C.Compound. Grid Ref SK532507.",""
"20771975","RAC","126.011","QM","","126.011","2100","","MAV","","454905.0","340809.0","OB7 Radford Allotments","HMJ9","","","","","","","","","","","20771975","2020-03-12","","NRAIL","","","","","Down Main/Fast","Parking at the bottom of the bridge for numerous vehicles",""
"110151978","RAC","127.01","QM","","127.01","1100","","MAV","","455337.0","342336.0","Wilkinson Street Tram Depot","HMJ9","","","","","","","","","","","110151978","2018-02-09","","NRAIL","","","","","Up Main/Fast","Parking for 10 vehicles outside the gates to the rear of Wilkinson Street Tram Depot. The access road is one vehicle wide along the top of the River Leen embankment. To ""On Track"" an RRV, ramps will have to be used.","SK 55337 42336"
"50143246","RAC","128.03","QM","","128.03","1100","","MAV","","454578.0","343841.0","FB Basford Chemicals","HMJ9","","","","","","","","","NP","","50143246","2020-03-03","","NRAIL","","","","","Up Main/Fast","Access via Susan Drive. OS Grid Ref SK545438. Notes: Highbury Rd, Oakleigh Rd, Susan Drive, left into Lauriston Drive, to end of cul-de-sac. Upside access to Railtrack lines only. Path to track suitable for 4 vehicles.",""
"50469015","RAC","131.0088","QM","","131.0088","2100","","MAV","","454546.0","348191.0","Hucknall No 4/ Story Gdns","HMJ9","","","","","","","","","","","50469015","2018-02-09","","NRAIL","","","","","Down Main/Fast","From Nottingham Rd, then Bestwood Rd, then Story Gardens to end. Vehicular & pedestrian access across level crossing. Cattle guards. Use at own risk. Access to signal and to location boxes. Limited parking. Pedestrian gate SE side.",""
"120000092","RAC","131.154","QM","","131.1545","3400","","MAV","","453940.0","349424.0","HUCKNALL STATION TERRACE COMPOUND ACCESS","HMJ9","","","","","","","","","VEHICLE ACCESS ","","120000092","2024-11-19","","","","","","","Rev Single","THIS COMPOUND IS AT THE BOTTOM OF STATION TERRACE. ON THE APPROACH, YOU WILL SEE A SET OF DOUBLE GATES THAT MUST BE CLOSED AFTER ENTRY AND EXIT AT ALL TIMES.
THE COMPOUND HAS PARKING FOR APPROX 12 VEHICLES.
NOISE MUST BE KEPT TO A MINIMUM WHEN USING THIS ACCESS POINT, DUE TO RESIDENTIAL HOUSES BEING ON THE SAME STREET.",""
"50469026","RAC","132.121","QM","","132.121","3400","","MAV","","453380.0","350553.0","Waterloo Rd.","HMJ9","","","","","","","","","","","50469026","2020-03-03","","NRAIL","","","","","Rev Single","Waterloo Rd, Linby. Opposite No.12 Waterloo Rd <on service road>. Vehicular access, limited parking, plus on-street parking.",""
"50469030","RAC","134.022","QM","","134.022","3400","","MAV","","452338.0","352618.0","Newstead Country Pk.","HMJ9","","","","","","","","","","","50469030","2020-03-03","","NRAIL","","","","","Rev Single","Off Station Avenue, Newstead, at ""dog leg"" in road. Limited parking through gates. 222 lock.",""
"50469036","RAC","134.1386","QM","","134.1386","0","","MAV","","451857.0","353573.0","Stockyard LC <UWC>","HMJ9","","","","","","","","","","","50469036","2018-02-09","","NRAIL","","","","","All/Multiple Tracks","Derby Rd A611, then Annesley Cutting. At ""dog-leg"" corner in road. Vehicular access and some parking. Use with care at present.",""
"110147686","RAC","136.117","QM","","136.117","0","","MAV","","449926.0","355703.0","Kirkby Lane End","HMJ9","","","","","","","","","","","110147686","2023-05-31","","","","","","","All/Multiple Tracks","Authorised vehicular access point at end of indusrial estate service road, off Urban Road <B6020>, Kirkby in Ashfield",""
"110151148","SEN","0.0045","QM","","0.0045","1100","","MAP","","461914.0","311924.0","UBr 36 Mill Lane, Syston","HMJ9","","","","","","","","","","","110151148","2022-09-22","","NRAIL","","","","","Up Main/Fast","Turn off Fosse Way onto Mill Lane.  Access gate is immediately on the left hand side before underbridge No 36. This is a staired access up to track. Access brings you out on the Up Slow side of SPC5.  Line blockage required to access the SEN from this access point.","SK 61914 11924"
"110188663","SNW","1.0814","QM","","1.0814","0","","MAP","","506236.0","345517.0","#011 - Sleaford West FTN CTLP","HMJ9","","","","","","","","","","","110188663","2024-10-01","","NRAIL","","","","","All/Multiple Tracks","This Access is for the use of CtLP at this approved location. Only authorised users can utilise CtLP and must be on the authorised register before attempting to use at this location: #011 - Sleaford West FTN CTLP","TF 06236 45517"
"50143044","SNW","1.1716","QM","","1.1716","3100","","MAP","","505966.0","346179.0","DROVE LAND BR3","HMJ9","","","","","","","","","","","50143044","2022-09-13","","NRAIL","","","","","Rev Main/Fast","ZIAR Ref No_270543_ Interim Reference No_HZ_8734 _Notes: From Sleaford East signal box, follow Southgate North through Town into Northgate, continue North into Lincoln Road & take left turn into The Drove, follow to bridge & access gate at North/West side of bridge. Sourced from APM Nottingham Emergency Manual. Issue 01 01/03/97.","TF 05966 46179"
"20772316","SPC1","0.0598","QM","","0.0598","2100","","MAP","","529852.0","183383.0","Churchyard sidings; Pancras Road","HMJ8","","","","","","","","","","","20772316","2022-09-13","","NRAIL","","","","","Down Main/Fast","Concrete steps up to palisade gate from the street; gravel & ballast path inside the gate. ELR CRF3 from Marlin; 0m 0170y.","TQ 29852 83383"
"110150933","SPC1","0.0746","QM","","0.0746","2100","","MAP","","529838.0","183516.0","The Green Door; Camley Street Bridge.","HMJ8","","","","","","","","","","","110150933","2022-09-13","","NRAIL","","","","","Down Main/Fast","222 lock on door up metal steps to barrier","TQ 29838 83516"
"110151041","SPC1","0.1295","QM","","0.1295","3200","","MAP","","529789.0","184023.0","Dock South Junction, Castle Cement","HMJ8","","","","","","","","","","","110151041","2022-09-13","","NRAIL","","","","","Rev Slow","Single Gate","TQ 29789 84023"
"50143015","SPC1","1.1067","QM","","1.1067","2100","","MAP","","528970.0","185181.0","Regis Road, off Kentish Town Road - O/B No. 21","HMJ8","","","","","","","","","","","50143015","2022-09-13","","NRAIL","","","","","Down Main/Fast","Pedestrian gate next to Regis Road electricity substation","TQ 28970 85181"
"110151042","SPC1","1.111","QM","","1.111","0","","MAP","","529078.0","185164.0","Kentish Town Station","HMJ8","","","","","","","","","","","110151042","2022-09-13","","NRAIL","","","","","All/Multiple Tracks","Pedestrian access to platforms","TQ 29078 85164"
"50143016","SPC1","1.1119","QM","","1.1119","1200","","MAP","","528977.0","185232.0","Kentish Town Junction","HMJ8","","","","","","","","","","","50143016","2022-09-13","","NRAIL","","","","","Up Slow","Notes: Via Murphy s Yard, Sanderson Close. Off Highgate Road. NW5 Danger Over Head Live wires. Parking on site for 20+ vehicles. Lookout/Site Warden","TQ 28977 85232"
"110147497","SPC1","1.1277","QM","","1.1277","0","","MAP","","528970.0","185181.0","Kentish Town 25KV Substation","HMJ8","","","","","","","","","","","110147497","2022-09-13","","NRAIL","","","","","All/Multiple Tracks","Regis Road, London NW53UP","TQ 28970 85181"
"110179794","SPC1","2.0044","QM","","2.0044","0","","MAP","","515487.0","19538.6","West Hampstead Station Platform 2","HMJ8","","","","","","","","","","","110179794","2022-09-02","","NRAIL","","","","","All/Multiple Tracks","woof.stay.entertainer",""
"110151044","SPC1","2.0183","QM","","2.0183","1200","","MAP","","528279.0","185389.0","Grafton Road OBr 25","HMJ8","","","","","","","","","","","110151044","2022-09-13","","NRAIL","","","","","Up Slow","S&T and Offtrack access only, access to location cases on the cutting slope above the retaining wall. No access to track level. May be Knotweed present.","TQ 28279 85389"
"110179979","SPC1","4.0044","QM","","4.0044","0","","MAP","","525421.0","184824.0","West Hampstead Station","HMJ8","","","","","","","","","","","110179979","2022-09-12","","NRAIL","","","","","All/Multiple Tracks","ACCESS ALL LINES FROM STATION PLATFORMS. WARNING SSOW PROHIBITED AREA","TQ 25421 84824"
"110179793","SPC1","4.1556","QM","","4.1556","2300","","MAP","","524100.0","185600.0","Richborough Road","HMJ8","","","","","","","","","","","110179793","2023-01-11","","NRAIL","","","","","Down Goods","What3Words: invite.storm.armed","TQ 24185 60000"
"50143025","SPC1","5.0099","QM","","5.0099","0","","MAP","","524034.0","185913.0","UB40 Cricklewood Lane <Cricklewood Station>","HMJ8","","","","","","","","","","","50143025","2022-09-13","","NRAIL","","","","","All/Multiple Tracks","NOTES:ACCESS VIA CRICKLEWOOD STATION. WARNING SSOW PROHIBITED.","TQ 24034 85913"
"110151045","SPC1","5.0151","QM","","5.0151","0","","MAP","","524034.0","185913.0","Cricklewood Station","HMJ8","","","","","","","","","","","110151045","2022-09-13","","NRAIL","","","","","All/Multiple Tracks","Off Cricklewood Lane via platforms and subway. Access to Cricklewood Down sidings and Authorised Walking Route to Depots and signal box from Up Slow platform north end.","TQ 24034 85913"
"20771823","SPC1","5.0198","QM","","5.0198","0","","MAP","","523634.0","186497.0","Cricklewood Sidings Walking Route","HMJ8","","","","","","","","","Access route","","20771823","2022-09-13","","NRAIL","","","","","All/Multiple Tracks","Up Slow and Down Sidings; for all other lines see Cricklewood Station. Walking Route Inspection MST Required","TQ 23634 86497"
"50143028","SPC1","6.0753","QM","","6.0753","2100","","MAP","","522528.0","187528.0","Brent Park Road - U/B No. 44","HMJ8","","","","","","","","","","","50143028","2022-09-13","","NRAIL","","","","","Down Main/Fast","Single palisade gate and steps up the embankment to the Down Hendon cess.","TQ 22528 87528"
"50406194","SPC1","6.09","QM","","6.09","2300","","MAP","","522449.0","187629.0","Busy Bees builder""s yard next to UBr 44, Park Road","HMJ8","","","","","","","","","","","50406194","2022-09-13","","NRAIL","","","","","Down Goods","Access to the Down side from the yard; steps up to the line. <Busy Bees are a tenant on NR land>.","TQ 22449 87629"
"20771918","SPC1","7.003","QM","","7.003","0","","MAP","","522102.0","188396.0","Hendon Station","HMJ8","","","","","","","","","","","20771918","2022-09-13","","NRAIL","","","","","All/Multiple Tracks","Pedestrian access to platforms","TQ 22102 88396"
"50406220","SPC1","7.0137","QM","","7.0137","2300","","MAP","","522051.0","188442.0","Wilberforce Rd; Hendon Chord Jn; American Embassy","HMJ8","","","","","","","","","","","50406220","2022-09-13","","NRAIL","","","","","Down Goods","Key required to access Embassy gates. Key is available from Cricklewood Depot. Double gates to lineside.","TQ 22051 88442"
"110180331","SPC1","7.0768","QM","","7.0768","2300","","MAP","","522001.0","189001.0","Crossway/Colins Crescent","HMJ8","","","","","","","","","","","110180331","2022-09-29","","NRAIL","","","","","Down Goods","What3words gross.nest.hush. Grid Ref - TQ220890","TQ 22001 89001"
"110151047","SPC1","7.1642","QM","","8.0126","0","","MAP","","522267.0","190032.0","Aerodrome Road; Silkstream Junction","HMJ8","","","","","","","","","","","110151047","2022-09-22","","NRAIL","","","","","All/Multiple Tracks","Double gates, from the street into the wideway, with direct access at the north end to the Down Slow and Up Fast.","TQ 22267 89532"
"20771982","SPC1","8.0607","QM","","8.0607","2100","","MAP","","522152.0","190453.0","Battle of Britain Museum; Grahame Park 25Kv substn","HMJ8","","","","","","","","","","","20771982","2022-09-13","","NRAIL","","","","","Down Main/Fast","Danger Overhead Live Wires. Car park at Museum. Access through main museum gates, turn left down side of hangar. Vehicle gates to the railway and steps to Down Fast cess.","TQ 22152 90453"
"50142996","SPC1","8.0631","QM","","8.0631","0","","MAP","","522152.0","190453.0","Graham Park 25KV SUBSTATION","HMJ8","","","","","","","","","","","50142996","2022-09-13","","NRAIL","","","","","All/Multiple Tracks","RAF MUSEUM AERODROME RD HENDON Access via RAF Museum, Grahame Park Way, NW9 5LL. Gates opened by RAF Security 0181 205 2266. Footsteps up to Track Level.","TQ 22152 90453"
"20771984","SPC1","8.1265","QM","","8.1265","2100","","MAP","","521887.0","190998.0","Grahame Park Way; Barnet College","HMJ8","","","","","","","","","","","20771984","2022-09-13","","NRAIL","","","","","Down Main/Fast"," Double yellow lines on Grahame Park Way. Pedestrian gate and steps to Down Fast line side.","TQ 21887 90998"
"110151048","SPC1","8.159","QM","","8.159","2100","","MAP","","521710.0","191260.0","Grahame Park Way, Field Mead Road","HMJ8","","","","","","","","","","","110151048","2022-09-13","","NRAIL","","","","","Down Main/Fast","Double width Kwik step up the embankment to the Down Fast.","TQ 21710 91260"
"20771983","SPC1","9.022","QM","","9.022","1200","","MAP","","521567.0","191565.0","Bunns Lane","HMJ8","","","","","","","","","","","20771983","2022-09-13","","NRAIL","","","","","Up Slow","Danger Overhead Live Wires. Parking on roadside for 2+ vehicles.  Pedestrian gate between the M1 and railway bridges and steps up to the Up Slow.","TQ 21567 91565"
"20772324","SPC1","9.172","QM","","9.172","2100","","MAP","","520785.0","192716.0","Selvage Lane UBr 61 <Apex Corner>","HMJ8","","","","","","","","","","","20772324","2022-09-13","","NRAIL","","","","","Down Main/Fast","New pedestrian access gate fitted to boundary. Enables access by O/B 63 selvage lane. Pedestrian gate and steps to Down Fast.","TQ 20785 92716"
"20772972","SPC1","9.1742","QM","","9.1742","2100","","MAP","","520785.0","192716.0","APEX CORNER-DOWN FASTS","HMJ8","","","","","","","","","","","20772972","2022-09-13","","NRAIL","","","","","Down Main/Fast","Access installed on the Down Fasts","TQ 20785 92716"
"20771986","SPC1","10.089","QM","","10.089","1200","","MAP","","520208.0","193729.0","Scratchwood Services south end","HMJ8","","","","","","","","","","","20771986","2022-09-13","","NRAIL","","","","","Up Slow","Concrete steps up the embankment to the Up Slow. Parking on the Services access road outside the gate.","TQ 20208 93729"
"20771987","SPC1","10.1254","QM","","10.1254","1200","","MAP","","520208.0","193729.0","Scratchwood Services <London Gateway> Hotel","HMJ8","","","","","","","","","","","20771987","2022-09-13","","NRAIL","","","","","Up Slow","Danger Overhead Live Wires. Parking on services road at the back of Gateway Hotel at Scratchwood Services. Lookout/Site Warden. Gate and steps to Up Slow at rear of hotel.","TQ 20208 93729"
"20772330","SPC1","10.155","QM","","10.155","2100","","MAP","","520043.0","193928.0","Springwood Cottages, Springwood Crescent.","HMJ8","","","","","","","","","","","20772330","2022-09-13","","NRAIL","","","","","Down Main/Fast","New Access Gate. Steps up to Down Fast. NB there is an external third party gate here and the strip of land between the Crescent and the railway is owned by National Grid.","TQ 20043 93928"
"50143002","SPC1","11.0598","QM","","11.0598","1200","","MAP","","519763.0","194612.0","Motorway Tip Roadway Overbridge 67, M1.","HMJ8","","","","","","","","","","","50143002","2022-09-13","","NRAIL","","","","","Up Slow","Pedestrian gate and steps to Up Slow. Access through Scratchwood Services <London Gateway>.","TQ 19763 94612"
"110184431","SPC1","12.011","QM","","12.011","0","","MAP","","519399.0","195749.0","Elstree Tunnel Top - North Portals","HMJ8","","","","","","","","","","","110184431","2023-07-31","","NRAIL","","","","","All/Multiple Tracks","Kipling Way, Off Byron Ave, Borehamwood. Pedestrian access with double gates leading to two off road parking spaces. The what3words for this location is: bossy.last.final  Grid refrence TQ 19399 95749                                                                                        NOTE: This access point does not take you onto track it leads you to the top of the tunnel portal.","TQ 19399 95749"
"110151050","SPC1","12.0816","QM","","12.0816","0","","MAP","","519101.0","196335.0","Elstree Station","HMJ8","","","","","","","","","","","110151050","2022-09-13","","NRAIL","","","","","All/Multiple Tracks","Pedestrian access to platforms.","TQ 19101 96335"
"110151051","SPC1","12.0847","QM","","12.0847","0","","MAP","","519066.0","196311.0","Elstree Station; Down Fast Platform 4.","HMJ8","","","","","","","","","","","110151051","2022-09-13","","NRAIL","","","","","All/Multiple Tracks","Pedestrian access gate from the Down car park to platform 4.","TQ 19066 96311"
"50143006","SPC1","12.1606","QM","","12.1606","2100","","MAP","","518741.0","196936.0","OBr 74 Robinson""s Bridge; Red Road Bridge","HMJ8","","","","","","","","","","","50143006","2022-09-13","","NRAIL","","","","","Down Main/Fast","Pedestrian gate and steps to Down Fast. Bridge replacement from an 8m road deck to a 3m pedestrian deck. No vehicles over the structure from the east or west. Bollards are in place.","TQ 18741 96936"
"110147494","SPC1","13.086","QM","","13.086","2100","","MAP","","518045.0","197597.0","EDF Compound 25KV Substation","HMJ8","","","","","","","","","Pedestrian Access","","110147494","2022-09-13","","NRAIL","","","","","Down Main/Fast","Off Watling Street near Butterfly Lane. Vehicle access to the feeder station <PC3 key required>. Pedestrian gate and steps up the embankment to the Down Fast cess.","TQ 18045 97597"
"20771989","SPC1","13.114","QM","","13.114","1200","","MAP","","517954.0","197834.0","Tallis Way","HMJ8","","","","","","","","","","","20771989","2022-09-13","","NRAIL","","","","","Up Slow","Danger Overhead Live Wires. No parking. Pedestrian gate to Up Slow from Tallis Way.","TQ 17954 97834"
"50143014","SPC1","14.165","QM","","14.165","1200","","MAP","","516684.0","199470.0","Theobald Street Bagnalls Bridge OBr 84 Radlett SSP","HMJ8","","","","","","","","","","","50143014","2022-09-13","","NRAIL","","","","","Up Slow","Gate and steps from Theobald Street OBr 84 to Up Slow and Radlett SSP.","TQ 16684 99470"
"110151052","SPC1","14.1702","QM","","14.1702","1200","","MAP","","516659.0","199514.0","Radlett SPS, Theobald Street north; S & T only","HMJ8","","","","","","","","","","","110151052","2022-09-13","","NRAIL","","","","","Up Slow","Palisade gate into Radlett SPS only. No track access.","TQ 16659 99514"
"50142978","SPC1","15.0146","QM","","15.0146","0","","MAP","","516530.0","199637.0","Track Access at RADLETT 25KV SUBSTATION","HMJ8","","","","","","","","","","","50142978","2022-09-13","","NRAIL","","","","","All/Multiple Tracks","Notes: From Public Car Park off A5183 Watling Street Radlett Sourced from APM Derby Emergency Manual. Adress Watling Street Radlett WD7 7LB at rear of supermarket","TQ 16530 99637"
"20771920","SPC1","15.039","QM","","15.039","0","","MAP","","516445.0","199849.0","Radlett Station","HMJ8","","","","","","","","","","","20771920","2022-09-13","","NRAIL","","","","","All/Multiple Tracks","WARNING SSOW PROHIBITED. PARKING IN STATION CAR PARK. ACCESS THROUGH THE STATION AND TO ALL PLATFORMS VIA THE FOOTBRIDGE.","TQ 16445 99849"
"20771921","SPC1","15.044","QM","","15.044","2100","","MAP","","516398.0","199902.0","Radlett Station Approach North end","HMJ8","","","","","","","","","","","20771921","2022-09-13","","NRAIL","","","","","Down Main/Fast","WARNING SSOW PROHIBITED. DANGER OVERHEAD LIVE WIRES. PARKING FOR 3 + VEHICLES ALTHOUGH GROUND VERY MUDDY AND THERE COULD BE A DANGER OF VEHICLES BECOMING STUCK. DOUBLE GATES TO NORTH END OF DOWN FAST PLATFORM & RAMP.","TQ 16398 99902"
"110151053","SPC1","15.1386","QM","","15.1386","1200","","MAP","","516108.0","200693.0","Marble Arch / Parts Bridge UB90 Up Side","HMJ8","","","","","","","","","","","110151053","2022-09-13","","NRAIL","","","","","Up Slow","Pedestrian palisade gate into overgrown land at the toe of the embankment; no path or steps, Up Slow.~
.","TL 16108 00693"
"110151054","SPC1","15.1386","QM","","15.1386","2100","","MAP","","516073.0","200704.0","Marble Arch / Parts Bridge UB90 Down Side","HMJ8","","","","","","","","","","","110151054","2022-09-13","","NRAIL","","","","","Down Main/Fast","Pedestrian palisade gate into overgrown land at the toe of the embankment; unmade path to Down Fast.","TL 16073 00704"
"50142980","SPC1","16.033","QM","","16.033","2100","","MAP","","515852.0","201297.0","OBr 91, Harper Lane, Radlett","HMJ8","","","","","","","","","","","50142980","2022-09-13","","NRAIL","","","","","Down Main/Fast","Notes: Pedestrian Access, Step down to Track Level. Difficult to park. Danger Overhead Live Wires. Parking on grass verge opposite. Pedestrian palisade gate with steps and handrail into the cutting to the Down Fast cess. Off the B556 Harper Lane.","TL 15852 01297"
"50142982","SPC1","16.1354","QM","","16.1354","1200","","MAP","","515844.0","202219.0","Old Parkbury Lane Gun Club - south of O/B No. 93","HMJ8","","","","","","","","","","","50142982","2022-09-13","","NRAIL","","","","","Up Slow","Notes: Access off Old Parkbury Lane, A5183, Colney Street. WARNING: Laden weight not to exceed 8 ton. Danger Overhead Live Wires. Parking for 2 vehicles only. Access to Gun Club must not be blocked. Via Colney Street & Ventura Industrial Park, across OBr 93 then south on Old Parkbury Lane. Single pedestrian gate to lineside.","TL 15844 02219"
"110151058","SPC1","18.064","QM","","18.064","1200","","MAP","","516163.0","204773.0","Napsbury Cottages, The Post Box","HMJ8","","","","","","","","","","","110151058","2022-09-13","","NRAIL","","","","","Up Slow","Pedestrian palisade gate with steps and handrail into the cutting to the Up Slow cess. Off The Drive, Napsbury and B 5378, Shenley Lane. Do not park in or obstruct The Drive; pick up and drop off only. Any parking to be away from residences.","TL 16163 04773"
"110151104","SPC1","18.1126","QM","","18.1126","2100","","MAP","","516173.0","205231.0","Napsbury Lane, OBr 97.","HMJ8","","","","","","","","","","","110151104","2022-09-13","","NRAIL","","","","","Down Main/Fast","Pedestrian palisade gate with steps and handrail into the cutting to the Down Fast at the north face of OBr 97.","TL 16173 05231"
"50142985","SPC1","18.1672","QM","","18.1672","1200","","MAP","","516126.0","205703.0","Milehouse Lane - U/B No.98","HMJ8","","","","","","","","","","","50142985","2022-09-13","","NRAIL","","","","","Up Slow","NOTES: ST. ALBANS. ACCESS GATE & STEPS UP TO TRACK LEVEL, MILEHOUSE CLOSE. WARNING SSOW PROHIBITED. SINGLE PEDESTRIAN GATE AND STEPS UP TO THE UP SLOW.","TL 16126 05703"
"110151059","SPC1","19.066","QM","","19.066","2100","","MAP","","515703.0","206372.0","UBr 99 London Rd, St Albans South; Verulam Estate.","HMJ8","","","","","","","","","","","110151059","2022-09-13","","NRAIL","","","","","Down Main/Fast","Palisade gate and Kwik Steps up the embankment to the Down Fast cess. Off the A 1081 London Road into the entrance to The Verulam Estate and Golf Club. Gate on the left.","TL 15703 06372"
"20771922","SPC1","19.0668","QM","","19.0668","1200","","MAP","","515756.0","206284.0","St Albans, London Road","HMJ8","","","","","","","","","","","20771922","2022-09-13","","NRAIL","","","","","Up Slow","PEDESTRIAN ACCESS. WARNING SSOW PROHIBITED. SINGLE PEDESTRIAN GATE AND STEPS UP TO THE UP SLOW.","TL 15756 06284"
"110151060","SPC1","19.0769","QM","","19.0769","2100","","MAP","","515641.0","206514.0","Alban""s Way, Ubr 100; former LNW line access","HMJ8","","","","","","","","","","","110151060","2022-09-13","","NRAIL","","","","","Down Main/Fast","Kwik step to Down Fast.","TL 15641 06514"
"50406268","SPC1","19.126","QM","","19.126","1200","","MAP","","515582.0","206807.0","St Albans Station Car Park <Victoria Street>","HMJ8","","","","","","","","","","","50406268","2022-09-13","","NRAIL","","","","","Up Slow","WIRE GATES IN FENCE. WARNING SSOW PROHIBITED. DOUBLE VEHICLE GATES FROM THE CAR PARK TO THE UP SLOW.","TL 15582 06807"
"50142986","SPC1","19.1548","QM","","19.1548","0","","MAP","","515577.0","207087.0","St Albans City Station","HMJ8","","","","","","","","","","","50142986","2022-09-13","","NRAIL","","","","","All/Multiple Tracks","Notes: Station Approach, St. Albans, Herts. Track Acceess via Former newspaper dock entrance. Down Fast Side. 2. Via Staff Car Park. Up Side. 3. Via Public Car Park. Up Side. 4. Via North End of Station. Up Side. Sourced from APM Derby Emergency Manual. Issue 01 01/03/97. ","TL 15577 07087"
"20771923","SPC1","19.1548","QM","","19.1548","2100","","MAP","","515529.0","206870.0","St Albans South Signal Box museum","HMJ8","","","","","","","","","","","20771923","2022-09-13","","NRAIL","","","","","Down Main/Fast","WARNING SSOW PROHIBITED. DOUBLE VEHICLE GATES FROM RIDGMONT ROAD TO THE DOWN FAST.","TL 15529 06870"
"50142987","SPC1","19.1585","QM","","19.1585","0","","MAP","","515527.0","207098.0","St Albans City Station - F/B No. 101B","HMJ8","","","","","","","","","","","50142987","2022-09-13","","NRAIL","","","","","All/Multiple Tracks","Notes: Via Station","TL 15527 07098"
"110171872","SPC1","20.0368","QM","","20.037","2100","","MAP","","515632.0","207592.0","York Road, St Albans","HMJ8","","","","","","","","","","","110171872","2022-09-13","","NRAIL","","","","","Down Main/Fast","NEW PEDESTRAIN ACCESS POINT INSTALLED ON DOWN FAST FROM BRIDGE SPC1 - 103","TL 15632 07592"
"20772971","SPC1","20.0374","QM","","20.0374","1200","","MAP","","515665.0","207579.0","St Albans - York Road at OBr 103~
W","HMJ8","","","","","","","","","","","20772971","2022-09-13","","NRAIL","","","","","Up Slow","Access installed on the Up Slow. Single gate and steps from the end of York Road to the Up Slow.","TL 15665 07579"
"50142989","SPC1","20.0638","QM","","20.0638","1200","","MAP","","515767.0","207794.0","Jennings Road St Albans - OBr 104","HMJ8","","","","","","","","","","","50142989","2022-09-13","","NRAIL","","","","","Up Slow","PEDESTRIAN ACCESS STEPS DOWN TO TRACK FROM JENNINGS ROAD. WARNING SSOW PROHBITED. PEDESTRIAN GATE WITH STEPS TO THE UP SLOW.","TL 15767 07794"
"50142990","SPC1","20.088","QM","","20.088","1200","","MAP","","515861.0","208008.0","Sandpit Lane St Albans - OBr 105","HMJ8","","","","","","","","","","","50142990","2022-09-13","","NRAIL","","","","","Up Slow","ACCESS STEPS DOWN TO TRACK LEVEL. WARNING SSOW PROHIBITED. PEDESTRIAN GATE WITH STEPS TO THE UP SLOW.","TL 15861 08008"
"20771924","SPC1","21.048","QM","","21.048","1200","","MAP","","515890.0","209077.0","Sandridge Road Industrial Estate","HMJ8","","","","","","","","","","","20771924","2022-09-13","","NRAIL","","","","","Up Slow","","TL 15890 09077"
"20771925","SPC1","21.088","QM","","21.088","2100","","MAP","","515814.0","209560.0","The Gryphon Ind Park <St Albans Enterprise Centre>","HMJ8","","","","","","","","","","","20771925","2022-09-13","","NRAIL","","","","","Down Main/Fast","Off Valley Road into Porters Wood; at the junction with Sandridge Park, private road to a pedestrian gate to the Down Fast. Key code 1971.","TL 15814 09560"
"50142993","SPC1","21.1396","QM","","21.1396","1200","","MAP","","515749.0","210063.0","UB108 Sandbridgebury Lane, Willy Allendales Bridge","HMJ8","","","","","","","","","","","50142993","2022-09-13","","NRAIL","","","","","Up Slow","Notes: Pedestrian Access steps up to track level. Up Slow Side. Access from the Lane on the Up side via a pedestrian gate with steps up to the Up Slow. Vehicle parking at roadside on the Up Slow side.","TL 15749 10063"
"20772965","SPC1","21.1396","QM","","21.1396","2100","","MAP","","515725.0","210034.0","Sandridgebury Lane DF UB 108, Willy Allendales Br","HMJ8","","","","","","","","","","","20772965","2022-09-13","","NRAIL","","","","","Down Main/Fast","Access installed on the Down Fasts. Access via a public footpath off the Lane on the Down side to a pedestrian gate with steps up to the Down Fast. Vehicle parking at roadside on the Up Slow side.","TL 15725 10034"
"20771926","SPC1","22.044","QM","","22.044","2100","","MAP","","515435.0","210739.0","Sandridgebury Cheapside Farm. OB 109 Cheapside Br.","HMJ8","","","","","","","","","","","20771926","2022-09-13","","NRAIL","","","","","Down Main/Fast","Access through Farmers field, Cheapside Farm. Pedestrian gate and steps to the Down Fast; access through Cheapside Farm from Sandridgebury Lane.","TL 15435 10739"
"50142994","SPC1","23.0088","QM","","23.0088","1200","","MAP","","514899.0","211919.0","Ayres End Lane - OBr 110","HMJ8","","","","","","","","","","","50142994","2022-09-13","","NRAIL","","","","","Up Slow","Notes: Access steps down to track level. Pedestrian gate and steps to the Up Slow from Ayres End Lane.","TL 14899 11919"
"50142995","SPC1","23.0858","QM","","23.0858","2100","","MAP","","514550.0","212514.0","Cross Lane Harpenden - OBr 112","HMJ8","","","","","","","","","","","50142995","2022-09-13","","NRAIL","","","","","Down Main/Fast","Authorised access point pedestrian O/B 112, nearest track is Down Fast. Pedestrian gate and steps to the Down Fast; access from Cross Lane.","TL 14550 12514"
"50142961","SPC1","24.0616","QM","","24.0616","1200","","MAP","","513995.0","213782.0","Crabtree Lane - UBr 116","HMJ8","","","","","","","","","","","50142961","2022-09-13","","NRAIL","","","","","Up Slow","Notes: Harpenden Junction. Gated Vehicular Access To Track And Relay Room. Up Slow Side Of Line. Double palisade gate and track to the Up Slow.","TL 13995 13782"
"50406274","SPC1","24.1017","QM","","24.1017","2100","","MAP","","513813.0","213995.0","Harpenden Station Car Park","HMJ8","","","","","","","","","","","50406274","2022-09-13","","NRAIL","","","","","Down Main/Fast","221 Padlock. Single palisade gate","TL 13813 13995"
"50142963","SPC1","24.1166","QM","","24.1166","0","","MAP","","515527.0","214191.0","Harpenden Station","HMJ8","","","","","","","","","","","50142963","2022-09-13","","NRAIL","","","","","All/Multiple Tracks","To Platform 4 Harpenden Station. Notes: From Station. Access through the station and to all platforms via the footbridge.","TL 13727 14191"
"20772964","SPC1","24.154","QM","","24.154","1200","","MAP","","513577.0","214528.0","Carlton Road / Stewart Road FBr 119","HMJ8","","","","","","","","","","","20772964","2022-09-13","","NRAIL","","","","","Up Slow","Single palisade gate, steps and handrail into a shallow cutting; Up Slow cess.","TL 13577 14528"
"50142966","SPC1","25.0506","QM","","25.0506","2100","","MAP","","513401.0","215159.0","Hollybush Lane - OB121","HMJ8","","","","","","","","","Access Point","","50142966","2022-09-13","","NRAIL","","","","","Down Main/Fast","Single palisade gate and steps into cutting at north face of OB121.","TL 13401 15159"
"20771928","SPC1","25.0761","QM","","25.0761","1200","","MAP","","513450.0","215395.0","Westfield Road <The Gap>","HMJ8","","","","","","","","","","","20771928","2022-09-13","","NRAIL","","","","","Up Slow","WARNING SSOW PROHIBITED. SINGLE PALISADE GATE","TL 13450 15395"
"50142969","SPC1","26.0968","QM","","26.0968","2100","","MAP","","512789.0","216962.0","UBr 123 Thrales End Lane, Cooters End Lane","HMJ8","","","","","","","","","","","50142969","2022-09-13","","NRAIL","","","","","Down Main/Fast","Single farm gate up shallow embankment; cable route requires bridging for plant access. Parking outside the gate off Cooters End Lane.","TL 12789 16962"
"110171874","SPC1","26.0968","QM","","26.0968","1200","","MAP","","512794.0","217030.0","THRALE END LANE","HMJ8","","","","","","","","","","","110171874","2022-09-22","","NRAIL","","","","","Up Slow","NEW PEDESTRAIN ACCESS POINT INSTALLED ON UP SLOW","TL 12794 17030"
"50142970","SPC1","26.155","QM","","26.155","1200","","MAP","","512724.0","217166.0","Chilten Green Viaduct - U/B 125A","HMJ8","","","","","","","","","","","50142970","2022-09-13","","NRAIL","","","","","Up Slow","Single gate and steps to Up side.","TL 12624 17166"
"110179971","SPC1","26.155","QM","","26.155","2100","","MAP","","512689.0","217192.0","Chilten Green Viaduct - U/B 125","HMJ8","","","","","","","","","","","110179971","2022-09-12","","NRAIL","","","","","Down Main/Fast","Single gate and steps to Up side.","TL 12689 17192"
"110151062","SPC1","27.0516","QM","","27.0516","1200","","MAP","","512369.0","218167.0","Chiltern Green Cottages","HMJ8","","","","","","","","","","","110151062","2022-09-13","","NRAIL","","","","","Up Slow","Double gates to Up Slow side.","TL 12369 18167"
"110151063","SPC1","27.139","QM","","27.139","2100","","MAP","","511928.0","218667.0","Luton Hoo Cycle & Walkway South","HMJ8","","","","","","","","","","","110151063","2022-09-13","","NRAIL","","","","","Down Main/Fast","Single gate off the B653 via the former LNER formation.No path or steps to lineside at 03/12/2013.","TL 11928 18667"
"50142974","SPC1","27.1477","QM","","27.1477","1200","","MAP","","511832.0","218859.0","Underbridge No. 128 Copthall Road","HMJ8","","","","","","","","","","","50142974","2022-09-13","","NRAIL","","","","","Up Slow","Single gate and steps up embankment at south face of UBr 128.","TL 11832 18859"
"110147492","SPC1","28.1126","QM","","28.1126","2100","","MAP","","511155.0","219911.0","Luton Hoo 25KV Substation","HMJ8","","","","","","","","","","","110147492","2022-09-13","","NRAIL","","","","","Down Main/Fast","Lower Harpenden Road Luton. LU1 3JW. Single gate into compound and up steps to the Down Fast cess.","TL 11155 19911"
"50142976","SPC1","28.1242","QM","","28.1242","2100","","MAP","","511081.0","220021.0","Someries Arch - UBr 130","HMJ8","","","","","","","","","","","50142976","2022-09-13","","NRAIL","","","","","Down Main/Fast","NOTES: ACCESS STEPS UP TO TRACK LEVEL LANE OFF B653 ROAD UP SLOW SIDE. WARNING SSOW PROHIBITED. SINGLE GATE, OFF B 653 LOWER HARPENDEN ROAD, AND UP STEPS ONTO FORMER LNER RAILWAY, NOW CYCLEWAY, WITH GATE AND STEPS TO THE DOWN FAST CESS. PARKING FOR 2 VEHICLES BY THE ROAD BUT BEWARE OF ROAD CURVATURE.","TL 11081 20021"
"20772326","SPC1","28.164","QM","","28.164","1200","","MAP","","510877.0","220298.0","Airport Way - Luton","HMJ8","","","","","","","","","","","20772326","2022-09-13","","NRAIL","","","","","Up Slow","New Access Gate and steps. Palisade gate and steps off Airport Way into the cutting; no parking on Airport Way.","TL 10877 20298"
"110151065","SPC1","29.0354","QM","","29.0354","0","","MAP","","510478.0","220624.0","Luton Airport Parkway station.","HMJ8","","","","","","","","","","","110151065","2022-09-13","","NRAIL","","","","","All/Multiple Tracks","Access through the station and to all platforms via the footbridge. Off Lower Harpenden Road, onto Parkway Road.","TL 10478 20624"
"50406283","SPC1","29.0502","QM","","29.0502","1200","","MAP","","510342.0","220794.0","Kimpton Road","HMJ8","","","","","","","","","","","50406283","2022-09-13","","NRAIL","","","","","Up Slow","WARNING SSOW PROHIBITED. SINGLE GATE ACCESS FOR EMERGENCY EXIT FROM  AIRPORT PARKWAY STATION, ONLY.","TL 10342 20794"
"110151066","SPC1","29.0694","QM","","29.0694","2100","","MAP","","510372.0","220715.0","Toys R Us Luton; Parkway Station","HMJ8","","","","","","","","","","","110151066","2022-09-14","","NRAIL","","","","","Down Main/Fast","Single palisade gate to rear of Down Fast platform.","TL 10372 20715"
"50142977","SPC1","30.0172","QM","","30.0172","1500","","MAP","","509520.0","221550.0","Hitchin Road - U/B No. 134","HMJ8","","","","","","","","","","","50142977","2022-09-14","","NRAIL","","","","","Up Loop","Single palisade gate, up steps, to the Up Loop <1501> cess. Luton P Way depot.","TL 09520 21550"
"50406286","SPC1","30.0332","QM","","30.0332","2100","","MAP","","509342.0","221576.0","Luton Station Car Park Down Fast","HMJ8","","","","","","","","","","","50406286","2022-09-14","","NRAIL","","","","","Down Main/Fast","WARNING SSOW PROHIBITED. ACCESS VIA LUTON STATION. DOUBLE PALISADE GATES FROM THE STATION CAR PARK ONTO THE DOWN PLATFORM. STATION CAR PARKING ONLY.","TL 09342 21576"
"20772836","SPC1","30.0422","QM","","30.0422","0","","MAP","","509263.0","221603.0","Luton Station","HMJ8","","","","","","","","","","","20772836","2022-09-14","","NRAIL","","","","","All/Multiple Tracks","Access through the station and to all platforms via the footbridge.","TL 09263 21603"
"50406287","SPC1","30.0431","QM","","30.0431","2100","","MAP","","509263.0","221603.0","NP 30m 349yds","HMJ8","","","","","","","","","","","50406287","2022-09-14","","NRAIL","","","","","Down Main/Fast","WARNING SSOW PROHIBITED. ACCESS VIA LUTON STATION","TL 09263 21603"
"20771932","SPC1","30.0916","QM","","30.0916","1200","","MAP","","508793.0","221770.0","Luton Ring Road A6; Moor Path","HMJ8","","","","","","","","","","","20771932","2022-09-14","","NRAIL","","","","","Up Slow","Single palisade gate up steps to the cess.","TL 08793 21770"
"20772331","SPC1","31.002","QM","","31.002","2100","","MAP","","508188.0","222153.0","Conservative Club <Bury Park>","HMJ8","","","","","","","","","","","20772331","2022-09-14","","NRAIL","","","","","Down Main/Fast","Single palisade gate to Down Fast through Beech Hill Conservative Club,18a Leagrave Road, Luton.""","TL 08188 22153"
"50142944","SPC1","31.033","QM","","31.033","2100","","MAP","","507972.0","222356.0","Leagrave Road - U/B  140","HMJ8","","","","","","","","","","","50142944","2022-09-14","","NRAIL","","","","","Down Main/Fast","Notes: Pedestrian access off Leagrave Road, Steps up to track level. Vehicular access to track up Slow side of line. Single palisade gate and concrete steps with handrail up embankment to the Down Fast","TL 07972 22356"
"20772334","SPC1","32.0788","QM","","32.0788","1200","","MAP","","506518.0","223769.0","Canterbury Close - Leagrave <Memorial Road>","HMJ8","","","","","","","","","","","20772334","2022-09-14","","NRAIL","","","","","Up Slow","New Access gate & Step. Single pedestrian gate from Canterbury Close to the Up Slow cess","TL 06518 23769"
"20772336","SPC1","32.096","QM","","32.096","2100","","MAP","","506382.0","223855.0","Archway Road - Ubr 143 Leagrave","HMJ8","","","","","","","","","","","20772336","2022-09-14","","NRAIL","","","","","Down Main/Fast","New Access Gate and Steps. Single palisade gate and  steps with handrail up embankment to the Down Fast","TL 06382 23855"
"50142946","SPC1","32.132","QM","","32.132","0","","MAP","","506146.0","224125.0","Leagrave Station Footbridge - FBr 144","HMJ8","","","","","","","","","","","50142946","2022-09-14","","NRAIL","","","","","All/Multiple Tracks","Notes: Access available on Down Slow and Up Sidings. Road rail access possible. Height and weight restriction on entering car park - 7ft 6ins.Access through the station and to all platforms via the footbridge.","TL 06146 24125"
"50142948","SPC1","33.0432","QM","","33.0432","1200","","MAP","","505595.0","224650.0","Sundon Park Road; Knapps Road - UBr 146","HMJ8","","","","","","","","","","","50142948","2022-09-14","","NRAIL","","","","","Up Slow","Notes: Pedestrian Access on both Down Fast and Up Slow side of line steps up to track. Sedgwick Road Industrial Estate Access to Down Fast Side of Line. Single palisade gate and steps, with handrail, up the embankment to the Up Slow cess.","TL 05595 24650"
"20771937","SPC1","33.0438","QM","","33.0438","2100","","MAP","","505565.0","224630.0","Toddington Road; Leagrave Jcn Fasts","HMJ8","","","","","","","","","","","20771937","2022-09-14","","NRAIL","","","","","Down Main/Fast","Pedestrian access. Single palisade gate and steps, with handrail, up the embankment to the Down Fast cess.","TL 05565 24630"
"50142949","SPC1","34.1121","QM","","34.1121","2100","","MAP","","503930.0","226178.0","Chalton Bridge, Sundon Rd - OBr 148,","HMJ8","","","","","","","","","","","50142949","2022-09-14","","NRAIL","","","","","Down Main/Fast","NOTES: WARNING SSOW PROHIBITED AREA. DANGER OVERHEAD LIVE WIRES. PARKING ON MAIN ROAD, LIMITED TO 2-3 VEHICLES. STEPS DOWN TO TRACK LEVEL, SUNDON ROAD, OFF B579. VEHICULAR ACCESS FROM WATER END LANE, CHARLTON. FOLLOW TRACK OVER M1 MOTORWAY TO SUNDON F.S. SINGLE PALISADE GATE AND STEPS, WITH HANDRAIL, INTO THE CUTTING TO THE DOWN FAST CESS. PARKING POSSIBLE ON SUNDON ROAD.","TL 03930 26178"
"110151068","SPC1","35.04","QM","","35.04","1200","","MAP","","503523.0","227003.0","Sundon OHNS, Water End Lane, Charlton.","HMJ8","","","","","","","","","","","110151068","2022-09-14","","NRAIL","","","","","Up Slow","Single palisade gate to the Up Slow cess at the footbridge.","TL 03523 27003"
"110147513","SPC1","35.0757","QM","","35.0757","2100","","MAP","","503470.0","227333.0","Sundon 25KV Substation","HMJ8","","","","","","","","","","","110147513","2022-09-14","","NRAIL","","","","","Down Main/Fast","Waterend Lane Charlton LU4 9UJ. Via NG. Single palisade gate to Down Fast cess at the substation. Parking outside the gate.","TL 03470 27333"
"110151067","SPC1","35.1156","QM","","35.1156","2100","","MAP","","503456.0","227698.0","Sundon OHNS, Water End Lane, Charlton.","HMJ8","","","","","","","","","","","110151067","2022-09-14","","NRAIL","","","","","Down Main/Fast","Single palisade gate to Down Fast cess at the footbridge.","TL 03456 27698"
"110177438","SPC1","35.1156","QM","","35.1156","1500","","MAP","","503493.0","227703.0","Water End Lane, Charlton.","HMJ8","","","","","","","","","","","110177438","2022-04-27","","NRAIL","","","","","Up Loop","Single palisade gate with steps down to Sundon Loop on the Southern side of the footbridge.","TL 03400 27300"
"50142951","SPC1","35.1166","QM","","35.1166","2100","","MAP","","503467.0","227718.0","Sundon Footbridge - FBr 149A","HMJ8","","","","","","","","","","","50142951","2022-09-14","","NRAIL","","","","","Down Main/Fast","Notes: Access via Common Lane, Upper Sundon. Mud track. DANGER - national grid cables above. Single palisade gate to Down Fast cess at the footbridge Parking outside the gate.","TL 03467 27718"
"50142953","SPC1","37.0473","QM","","37.0473","0","","MAP","","503461.0","230311.0","Harlington Station; Footbridge - FBr 153","HMJ8","","","","","","","","","","","50142953","2022-09-14","","NRAIL","","","","","All/Multiple Tracks","Access through the station and to all platforms via the footbridge.","TL 03461 30311"
"20771994","SPC1","37.0514","QM","","37.0514","0","","MAP","","503461.0","230311.0","Harlington Station","HMJ8","","","","","","","","","","","20771994","2022-09-14","","NRAIL","","","","","All/Multiple Tracks","WARNING SSOW WORKING PROHBITED. DANGER OVERHEAD LIVE WIRES. PARKING FOR 6+ VEHICLES IN STATION CAR PARK ONLY.","TL 03461 30311"
"110171873","SPC1","37.127","QM","","37.1275","1200","","MAP","","503495.0","231040.0","Westoning Road, Harlington","HMJ8","","","","","","","","","","","110171873","2022-09-14","","NRAIL","","","","","Up Slow","NEW PEDESTRAIN ACCESS POINT INSTALLED ON UP SLOW FROM BRIDGE SPC1 - 155","TL 03495 31040"
"20771995","SPC1","37.1308","QM","","37.1308","2100","","MAP","","503459.0","231059.0","Westoning Road Aquatics Centre","HMJ8","","","","","","","","","","","20771995","2022-09-14","","NRAIL","","","","","Down Main/Fast","WARNING SSOW WORKING PROHBITED. DANGER OVERHEAD LIVE WIRES. PARKING FOR 3 VEHICLES IN AQUATICS CENTRE CAR PARK","TL 03459 31059"
"110171875","SPC1","38.0968","QM","","38.0975","2100","","MAP","","503575.0","232366.0","Sampshill Road","HMJ8","","","","","","","","","","","110171875","2022-09-14","","NRAIL","","","","","Down Main/Fast","NEW PEDESTRAIN ACCESS POINT INSTALLED ON DOWN FAST FROM BRIDGE SPC1 - 156","TL 03575 32366"
"20771996","SPC1","38.0987","QM","","38.0987","1200","","MAP","","503608.0","232367.0","UB 156 Sampshill Road","HMJ8","","","","","","","","","","","20771996","2022-09-14","","NRAIL","","","","","Up Slow","Danger Overhead Live Wires. Parking for 2 vehicles roadside.","TL 03608 32367"
"50142956","SPC1","38.1573","QM","","38.1573","1200","","MAP","","503688.0","232900.0","UB 157 Greenfield Road","HMJ8","","","","","","","","","","","50142956","2022-09-14","","NRAIL","","","","","Up Slow","Danger Overhead Live Wires.  Limited sighting. Single vehicle gate and steps, with handrail, up the embankment to the Up Slow cess. Vehicle parking inside the gate.","TL 03688 32900"
"20771997","SPC1","39.0861","QM","","39.0861","2100","","MAP","","503686.0","233855.0","Worthy End Farm Ubr 158","HMJ8","","","","","","","","","","","20771997","2022-09-14","","NRAIL","","","","","Down Main/Fast","Danger Overhead Live Wires. Parking for 4+ vehicles in farmers field. Single pedestrian gate and steps up the embankment to the Down Fast cess","TL 03686 33855"
"20771999","SPC1","39.1483","QM","","39.1483","2100","","MAP","","503554.0","234385.0","Townfield Road, Flitwick. Vicarage Hill. Ubr 160.","HMJ8","","","","","","","","","","","20771999","2022-09-14","","NRAIL","","","","","Down Main/Fast","DANGER OVERHEAD LIVE WIRES. WARNING SSOW PROHIBITED. PARKING FOR 2 VEHICLES ON TOWNFIELD ROAD. SINGLE PEDESTRIAN GATE AND STEPS UP THE EMBANKMENT TO THE DOWN FAST CESS","TL 03554 34385"
"20772000","SPC1","40.0408","QM","","40.0408","0","","MAP","","503388.0","234987.0","Flitwick Station","HMJ8","","","","","","","","","","","20772000","2022-09-14","","NRAIL","","","","","All/Multiple Tracks","ALL LINES WARNING SSOW PROHIBITED. PARKING FOR 2 VEHICLES IN STATION CAR PARK. ACCESS THROUGH THE STATION AND TO ALL PLATFORMS VIA FOOTBRIDGE 161A.","TL 03388 34987"
"20772001","SPC1","40.0595","QM","","40.0595","2100","","MAP","","503306.0","235153.0","Flitwick Station Car Park","HMJ8","","","","","","","","","","","20772001","2022-09-14","","NRAIL","","","","","Down Main/Fast","DANGER OVERHEAD LIVE WIRES. WARNING SSOW PROHIBITED. PARKING AVAILABLE IN STATION CAR PARK. DOUBLE MESH GATE TO DOWN FAST CESS.","TL 03306 35153"
"20772962","SPC1","40.1028","QM","","40.1028","2100","","MAP","","503097.0","235491.0","THE THINNINGS FLITWICK-DOWN MAIN","HMJ8","","","","","","","","","","","20772962","2022-09-14","","NRAIL","","","","","Down Main/Fast","New access installed on the Down Fast","TL 03097 35491"
"20772337","SPC1","40.103","QM","","40.103","1200","","MAP","","503115.0","235503.0","The Thinnings - Flitwick","HMJ8","","","","","","","","","","","20772337","2022-09-14","","NRAIL","","","","","Up Slow","New Access Gate and Steps","TL 03115 35503"
"110150494","SPC1","40.1176","QM","","40.1176","1200","","MAP","","503050.0","235616.0","St Andrews Close off Windmill Road. Windmill Lane.","HMJ8","","","","","","","","","","","110150494","2022-09-14","","NRAIL","","","","","Up Slow","Single pedestrian gate and steps, with handrail, up the embankment to the Up Slow cess south of UBr 163. Do not obstruct local residences when parking.","TL 03050 35616"
"20772003","SPC1","40.121","QM","","40.121","1200","","MAP","","503031.0","235634.0","Windmill Road, UBr 163. Windmill Lane.","HMJ8","","","","","","","","","","","20772003","2022-09-14","","NRAIL","","","","","Up Slow","Single pedestrian gate and steps, with handrail, up the embankment to the Up Slow cess, north face of UBr 163.","TL 03031 63434"
"20772004","SPC1","41.0293","QM","","41.0293","1200","","MAP","","502633.0","362797.0","Froghall Rd UBr 164 U/S; <Steppingley Rd Bridge>.","HMJ8","","","","","","","","","","","20772004","2022-09-14","","NRAIL","","","","","Up Slow","Danger Overhead Live Wires. No parking facilities. Single pedestrian gate and steps, with handrail, up the embankment to the Up Slow cess next to UBr 164. Vehicle parking outside the gate on the Down Fast side but do not  obstruct farm traffic.","TL 02633 29797"
"20772969","SPC1","41.0303","QM","","41.0303","2100","","MAP","","502591.0","236284.0","Froghall Rd UBr 164 DF; <Steppingley Rd Bridge>.","HMJ8","","","","","","","","","","","20772969","2022-09-14","","NRAIL","","","","","Down Main/Fast","Access installed on the Down Fasts.Single pedestrian gate and steps, with handrail, up the embankment to the Down Fast cess. Vehicle parking outside the gate but do not obstruct farm traffic. Just north of UBr 164.","TL 02591 36284"
"120000910","SPC1","41.1078","QM","","41.108","2100","","MAP","","502337.0","236949.0","Ampthill Industrial Estate (Skin Sheds)","HMJ8","","","","","","","","","Pedestrian access point, accessible only from crossing over the foot bridge from station road.  ","","120000910","2025-04-08","","","","","","","Down Main/Fast","Pedestrian access onto the down fast, this can only be obtained by crossing over the footbridge from Station road. ",""
"110147504","SPC1","41.1378","QM","","41.1378","0","","MAP","","502237.0","237199.0","Ampthill 25KV Substation","HMJ8","","","","","","","","","","","110147504","2021-02-10","","NRAIL","","","","","All/Multiple Tracks","A507 Ampthill MK45 2HY. Access via Ampthill Top","TL 02200 37100"
"110151070","SPC1","42.011","QM","","42.011","2100","","MAP","","502085.0","238217.0","Fountain Bridge Pig Farm Ampthill","HMJ8","","","","","","","","","","","110151070","2022-09-14","","NRAIL","","","","","Down Main/Fast","Enter through Ampthill South access and follow single rack round to the right to w3w stubble.page.butlers.Over Bridge 167. Single gate and steps down into the cutting at the south face of the bridge; Down Fast","TL 02085 23217"
"50142929","SPC1","42.1673","QM","","42.1673","1200","","MAP","","502055.0","239074.0","OB 169 Park Rd Br. Water Pipe & Park Farm Br. U/S","HMJ8","","","","","","","","","","","50142929","2022-09-14","","NRAIL","","","","","Up Slow","Notes: Pedestrian access steps down to track level. Up Slow. Vehicular access on Down Fast Side, Off Millbrook Road or B530 Ampthill- Bedford Road. Parking for 3+ vehicles down Farm Field Road opposite. Single palisade gate and steps to the Up Slow cess. Vehicle parking on the Down Fast side.","TL 02055 39074"
"20772008","SPC1","42.1673","QM","","42.1673","1200","","MAP","","502085.0","238217.0","Ampthill Tunnel South","HMJ8","","","","","","","","","","","20772008","2022-09-14","","NRAIL","","","","","Up Slow","OVERHEAD LIVE WIRES. WARNING SSOW PROHIBITED. PARKING FOR 5+ VEHICLES INSIDE ACCESS","TL 02085 21717"
"50142930","SPC1","43.055","QM","","43.055","1200","","MAP","","502006.0","239664.0","Millbrook Road  - OBr 170","HMJ8","","","","","","","","","","","50142930","2022-09-14","","NRAIL","","","","","Up Slow","Single gate and steps with handrail to Up Slow cess.","TL 02006 39664"
"110150963","SPC1","43.1273","QM","","43.1273","2100","","MAP","","501978.0","240305.0","UBr 171, Jackdaw Bridge","HMJ8","","","","","","","","","","","110150963","2022-09-14","","NRAIL","","","","","Down Main/Fast","Single pedestrian gate and steps to the Down Fast cess.","TL 01978 40305"
"50142934","SPC1","44.1408","QM","","44.1408","1200","","MAP","","502583.0","241919.0","UBr 174 Stewartby Way <Ampthill Road>","HMJ8","","","","","","","","","","","50142934","2022-09-14","","NRAIL","","","","","Up Slow","Single gate and steps to Up Slow cess.","TL 02583 41919"
"110150964","SPC1","44.1408","QM","","44.1408","2100","","MAP","","502552.0","241930.0","UBr 174 Stewartby Way","HMJ8","","","","","","","","","","","110150964","2022-09-14","","NRAIL","","","","","Down Main/Fast","Single gate and steps to Down Fast cess.","TL 02552 41930"
"50142936","SPC1","46.0286","QM","","46.0286","1200","","MAP","","503644.0","243815.0","Chimney Corner - UBr 176","HMJ8","","","","","","","","","","","50142936","2022-09-14","","NRAIL","","","","","Up Slow","Single pedestrian gate and steps up to the Up Slow cess.","TL 03600 43800"
"20772329","SPC1","47.0034","QM","","47.0034","2100","","MAP","","503935.0","245203.0","Hardwick Cottages; OBr 178","HMJ8","","","","","","","","","","","20772329","2022-09-14","","NRAIL","","","","","Down Main/Fast","New Access Gate and steps. Pedestrian gate and steps into the cutting to the Down Fast cess. Off the B530, Hardwick Hill <Ampthill Road>. once in gate proceed down vehicle path to the right of the bridge. No parking outside of barrier","TL 03935 45203"
"50142937","SPC1","47.0044","QM","","47.0044","1200","","MAP","","503935.0","245203.0","Hardwick Bridge - O/B No. 178","HMJ8","","","","","","","","","","","50142937","2022-09-14","","NRAIL","","","","","Up Slow","Pedestrian gate and steps into the cutting to the Up Slow cess. Off the B530, Hardwick Hill <Ampthill Road>. Once inside gate cross bridge vehicle parking on right hand side. No parking outside of the barrier","TL 03935 45203"
"50142938","SPC1","47.088","QM","","47.088","1900","","MAP","","504279.0","245597.0","LaFarge <Redlands> Sidings, Elstow","HMJ8","","","","","","","","","","","50142938","2022-09-14","","NRAIL","","","","","Up Siding","No right of access? Concessionary? Pedestrian access to Up Slow via sidings. Gate secures sidings from Main line when not in use. New double gates installed at track access in discharge sidings. Access gate to track at w3w anyone.lived.tilt","TL 04279 45597"
"50142939","SPC1","47.1364","QM","","47.1364","1200","","MAP","","504143.0","246338.0","Racecourse <Rosie Lees> UBr 178","HMJ8","","","","","","","","","","","50142939","2022-09-14","","NRAIL","","","","","Up Slow","Pedestrian gate with steps up the embankment to the Up Slow cess. Off the B 530 Ampthill Road. Vehicle parking for 5+ vehicles","TL 04143 46338"
"110151074","SPC1","47.1364","QM","","47.1364","2100","","MAP","","504143.0","246338.0","Racecourse; Rosie Lees; UBr 179","HMJ8","","","","","","","","","","","110151074","2022-09-14","","NRAIL","","","","","Down Main/Fast","Pedestrian gate with steps up the embankment to the Down Fast cess. Off the B 530 Ampthill Road. Vehicle parking for 5+ vehicles","TL 04143 46338"
"20772333","SPC1","48.0206","QM","","48.0206","1200","","MAP","","504218.0","246907.0","Elstow Park & Ride","HMJ8","","","","","","","","","","","20772333","2022-09-14","","NRAIL","","","","","Up Slow","New Access and Steps. Pedestrian gate with access up the embankment to the Up Slow cess. Off the B 530 Ampthill Road.","TL 04218 46907"
"50406348","SPC1","48.0606","QM","","48.0606","1200","","MAP","","504229.0","247249.0","Cow Bridge; UBr 181","HMJ8","","","","","","","","","","","50406348","2022-09-14","","NRAIL","","","","","Up Slow","Pedestrian gate with access across the Bedford to Bletchley lines <Down & Up> to a palisade gate into SPC1; steps up the SPC1 embankment to the Up Slow cess.","TL 04229 47249"
"50501504","SPC1","48.0892","QM","","48.0892","2100","","MAP","","504227.0","247510.0","Bedford Sth Jcn pedestrian Gate","HMJ8","","","","","","","","","","","50501504","2022-09-14","","NRAIL","","","","","Down Main/Fast","Do not drive down the path from Eastdale Close; park in Eastdale Close or Spring Road. Pedestrian gate, off the path between Spring Road and Eastdale Close at the north end of UBr 182 Elstow Road. Down Fast cess.","TL 04227 47510"
"110179972","SPC1","48.1439","QM","","48.1439","1200","","MAP","","504404.0","248734.0","Cauldwell Depot via sidings","HMJ8","","","","","","","","","","","110179972","2022-09-12","","NRAIL","","","","","Up Slow","Access via Cauldwell Depot, and use authorised walking route onto mainline. You may have to sign in with depot manager","TL 04404 48734"
"50406349","SPC1","48.1464","QM","","48.1464","2100","","MAP","","504261.0","248047.0","Bedford Sth Jcn, College St Pedestrian","HMJ8","","","","","","","","","","","50406349","2022-09-14","","NRAIL","","","","","Down Main/Fast","Danger Overhead Live Wires. Parking on roadside by access gate 15+ vehicles. Look/Site Warden. Single palisade gate to the Down Fast cess.","TL 04261 48047"
"50142906","SPC1","49.0455","QM","","49.0455","2100","","MAP","","504316.0","248762.0","Kempston Road - O/B No. 183","HMJ8","","","","","","","","","","","50142906","2022-09-14","","NRAIL","","","","","Down Main/Fast","Palisade pedestrian gate to Down Fast cess","TL 04316 48762"
"110147506","SPC1","49.0892","QM","","49.0892","0","","MAP","","504388.0","249204.0","Bedford 25KV Substation","HMJ8","","","","","","","","","","","110147506","2022-09-22","","NRAIL","","","","","All/Multiple Tracks","Bedford FCC Train Care Depot Bedford. Walking Via Fcc TC or by authorised walking route through Jowitt Sidings","TL 04388 49204"
"110180180","SPC1","49.1298","QM","","49.1298","2100","","MAP","","504225.0","249507.0","LOC 80/2A & B","HMJ8","","","","","","","","","","","110180180","2022-09-27","","NRAIL","","","","","Down Main/Fast","What 3 Words - waters.jobs.zooms","TL 04225 49507"
"50142908","SPC1","49.132","QM","","49.132","0","","MAP","","504300.0","249562.0","OB185A Bedford Station Ford Entrance Footbridge","HMJ8","","","","","","","","","","","50142908","2022-09-14","","NRAIL","","","","","All/Multiple Tracks","WARNING SSOW PROHIBITED. FORD END ROAD, BEDFORD. TRACK ACCESS FORMER LOCO SHED DOWN FAST SIDE. THIS ACCESS IS WITHIN THE MANNED SECURITY BARRIER AT BEDFORD DEPOT <FIRST CAPITAL CONNECT TRAIN CARE> SEE ALSO BBM 49.1320","TL 04300 49562"
"50406352","SPC1","49.1585","QM","","49.1585","0","","MAP","","504217.0","249825.0","Bedford Midland Station","HMJ8","","","","","","","","","","","50406352","2022-09-14","","NRAIL","","","","","All/Multiple Tracks","WARNING SSOW PROHIBITED. PLATFORM LEADS DOWN TO NORTH SIDINGS CESS. PARK IN DROP OFF POINT IN FRONT OF STATION. ACCESS THROUGH THE STATION AND TO ALL PLATFORMS VIA FOOTBRIDGE 186.","TL 04217 49825"
"110151040","SPC1","0.113","QM","","0.113","3900","","MAR","","529814.0","183896.0","Dock South Junction, Castle Cement","HMJ8","","","","","","","","","","","110151040","2022-09-13","","NRAIL","","","","","Rev Siding","Double Gates","TQ 29814 83996"
"20772834","SPC1","0.141","QM","","0.141","3200","","MAR","","529702.0","184077.0","Cedar Way","HMJ8","","","","","","","","","","","20772834","2022-09-13","","NRAIL","","","","","Rev Slow","Double palisade gates from the street to track side at jcn of Cedar Way and Camley Street. NR CTRL Depot. Security gate code required.","TQ 29702 84077"
"110151296","SPC1","1.115","QM","","1.115","1100","","MAR","","528973.0","185220.0","Murphys Yard; Kentish Town Junction","HMJ8","","","","","","","","","","","110151296","2022-09-13","","NRAIL","","","","","Up Main/Fast","RRV access for MCL & SPC1 Up / Down, Relief lines & bi-di slow.","TQ 28977 85232"
"110180592","SPC1","2.0","QM","","2.0044","2100","","MAR","","528667.0","185528.0","Murphys Yard North RRAP","HMJ8","","","","","","","","","","","110180592","2022-10-18","","NRAIL","","","","","Down Main/Fast","using w3w mash.neck.glory and grid reference TQ286855 as access into Murphy?s Yard and w3w twin.heavy.dare and grid reference TQ284853 for the location of the RRAP onto the track.RRAP <2 mp to Down Slow SPC1>; access to MCL <3m 1710y> SPC1 Up / Down, Relief lines, Up & Down JRT1","TQ 28667 85528"
"110148994","SPC1","3.0173","QM","","3.0173","2500","","MAR","","525309.0","184815.0","West Hampstead PSB","HMJ8","","","","","","","","","ROAD RAIL VEHICLE ACCESS","","110148994","2022-09-22","","NRAIL","","","","","Down Loop","Road Rail Vehicle Access Point <RRAP> Run Round Line West Hampstead PSB","TQ 25309 84815"
"20772835","SPC1","3.11","QM","","3.11","2100","","MAR","","525906.0","184812.0","Finchley Road RRAP","HMJ8","","","","","","","","","","","20772835","2022-09-13","","NRAIL","","","","","Down Main/Fast","Double gate from street to lineside with RRAPs to Down and Up Fast.","TQ 25906 84812"
"20771980","SPC1","3.1107","QM","","3.1107","2100","","MAR","","525906.0","184812.0","Finchley Road","HMJ8","","","","","","","","","","","20771980","2022-09-13","","NRAIL","","","","","Down Main/Fast","Overhead Live Wires. Parking for 10+ vehicles at access plus further at roadside. Lookout/Site Warden","TQ 25906 84812"
"110148996","SPC1","4.11","QM","","4.11","1200","","MAR","","524422.0","185331.0","Westcroft Close off Westbere Rd Cricklewood SthJcn","HMJ8","","","","","","","","","ROAD RAIL VEHICLE ACCESS","","110148996","2022-09-13","","NRAIL","","","","","Up Slow","Double gates to lineside from the Close; keep noise to a minimum for neighbouring properties.","TQ 24422 85331"
"110148995","SPC1","4.1115","QM","","4.1115","1200","","MAR","","524422.0","185331.0","Westcroft Close","HMJ8","","","","","","","","","ROAD RAIL VEHICLE ACCESS","","110148995","2022-09-13","","NRAIL","","","","","Up Slow","Road Rail Vehicle Access Point <RRAP>Up Slow, Westcroft Close","TQ 24422 85331"
"50406193","SPC1","6.044","QM","","6.044","2300","","MAR","","522917.0","187102.0","PC World <Staples Corner Retail Park>","HMJ8","","","","","","","","","","","50406193","2022-09-13","","NRAIL","","","","","Down Goods","Parking outside gates in PC World car park. Strail RRAP on Down Hendon.","TQ 22917 87102"
"20771919","SPC1","7.003","QM","","7.003","1200","","MAR","","522117.0","188421.0","Hendon Station Car Park","HMJ8","","","","","","","","","","","20771919","2022-09-13","","NRAIL","","","","","Up Slow","Strails fitted to Down and Up Slow lines.","TQ 22117 88421"
"50142997","SPC1","7.132","QM","","7.132","2100","","MAR","","522222.0","189577.0","Aerodrome Road Silkstream Junction","HMJ8","","","","","","","","","","","50142997","2022-09-13","","NRAIL","","","","","Down Main/Fast","Danger Overhead Live Wires. Access through garages between 2 railway bridges on south side of Aerodrome Road. Access is onto down slow. Parking for 4/5 vehicles inside access. From Aerodrome Road southwards; RRV access possible to Up Fast. Double gates off Aerodrome Road.~
Parking for 4/5 vehicles inside access.","TQ 22222 89577"
"50406244","SPC1","12.1042","QM","","12.1042","1200","","MAR","","518994.0","196494.0","Elstree Station Car Park","HMJ8","","","","","","","","","","","50406244","2022-09-13","","NRAIL","","","","","Up Slow","Danger Overhead Live Wires. Parking at Pay and Display Car Park. Lookout/Site Warden. Use of the car park requires a ticket. Plant access via a sliding gate near the end of the car park to the Up Slow cess. Strail deck in Up Slow.","TQ 18994 96494"
"50143012","SPC1","14.0636","QM","","14.0636","2100","","MAR","","516854.0","198529.0","Dumbletons Bridge - UBr 81; Horses Field Up side","HMJ8","","","","","","","","","","","50143012","2022-09-13","","NRAIL","","","","","Down Main/Fast","Notes: Track off A5183 South of Radlett care needed during hours of darkness.Public footpath from near 293 Theobald Street across fields to UBr 81 or from Horses Field access at 14m 0636y. Single gate and steps to Up Slow from field footpath.","TQ 16854 98529"
"110148998","SPC1","15.0755","QM","","15.0755","2200","","MAR","","516313.0","200162.0","Radlett Station Car Park","HMJ8","","","","","","","","","ROAD RAIL VEHICLE ACCESS","","110148998","2022-09-13","","NRAIL","","","","","Down Slow","Road Rail Vehicle Access Point <RRAP> Down Slow Radlett Station Car Park","TL 16313 00162"
"110148997","SPC1","15.0757","QM","","15.0757","1200","","MAR","","516313.0","200162.0","Radlett Station Car Park Up side RRAP","HMJ8","","","","","","","","","ROAD RAIL VEHICLE ACCESS","","110148997","2022-09-13","","NRAIL","","","","","Up Slow","Road Rail Vehicle Access Point <RRAP> Up Slow Radlett Station Car Park. RRAP with Strail in Down and Up Slow lines only. Access through the main station car park, on the Up side from Beaumont Gate, to the north end; double gates to the Up Slow.","TL 16313 00162"
"110151103","SPC1","18.1144","QM","","18.1144","1200","","MAR","","516208.0","205267.0","North Orbital Trading Estate RRAP","HMJ8","","","","","","","","","","","110151103","2022-09-13","","NRAIL","","","","","Up Slow","Off Napsbury Lane into North Orbital Commercial Park; double gates to Up Slow.","TL 16208 05267"
"110179791","SPC1","21.0302","QM","","21.0302","1200","","MAR","","515891.0","209076.0","Sandridge Road <St.Albans Industrial Estate>","HMJ8","","","","","","","","","","","110179791","2022-09-07","","NRAIL","","","","","Up Slow","What 3words reference ? active.buck.combining","TL 15809 00000"
"110179792","SPC1","24.0616","QM","","24.0616","1200","","MAR","","515897.0","213778.0","Crabtree Lane","HMJ8","","","","","","","","","","","110179792","2022-09-07","","NRAIL","","","","","Up Slow","driver.mixed.holds","TL 13913 00000"
"110184471","SPC1","26.0862","QM","","26.0882","0","","MAR","","512815.0","216937.0","East Hyde R/Rail Access","HMJ8","","","","","","","","","","","110184471","2023-08-03","","NRAIL","","","","","All/Multiple Tracks","Road Rail Access for both the Up Fast and Down Fast Lines. East Hyde Road Rail Access Point located at: Cooters End Lane, Roundwood, Harpenden, Allied Business Park, St Albans, Hertfordshire, England, AL5 3NP, United Kingdom. ~
What Three Words: tigers.pies.drain","TL 12815 16937"
"20771930","SPC1","30.01","QM","","30.01","1500","","MAR","","509632.0","221531.0","Crescent Road Sidings","HMJ8","","","","","","","","","RRV","","20771930","2022-09-14","","NRAIL","","","","","Up Loop","Access is in Luton P Way depot. To use this access contact 01582 744950 between 08:00-15:00 Monday to Friday to arrange a site safety briefing. No plant or materials can be left on site.","TL 09632 21531"
"110148999","SPC1","37.0024","QM","","37.0024","1200","","MAR","","503494.0","230110.0","Harlington Station","HMJ8","","","","","","","","","ROAD RAIL VEHICLE ACCESS","","110148999","2022-09-14","","NRAIL","","","","","Up Slow","Road Rail Vehicle Access Point, Up Slow, Harlington Station","TL 03494 30110"
"110149000","SPC1","37.0024","QM","","37.0024","2200","","MAR","","503494.0","230110.0","Harlington Station","HMJ8","","","","","","","","","ROAD RAIL VEHICLE ACCESS","","110149000","2022-09-14","","NRAIL","","","","","Down Slow","Road Rail Vehicle Access Point, <RRAP> Down Slow, Harlington Station","TL 03494 30110"
"110149001","SPC1","37.0034","QM","","37.0034","1100","","MAR","","503465.0","230199.0","Harlington Station","HMJ8","","","","","","","","","ROAD RAIL VEHICLE ACCESS","","110149001","2022-09-14","","NRAIL","","","","","Up Main/Fast","Road Rail Vehicle Access Point <RRAP> Up Fast Harlington Station","TL 03465 30199"
"110149002","SPC1","37.0034","QM","","37.0034","2100","","MAR","","503465.0","230199.0","Harlington Station","HMJ8","","","","","","","","","ROAD RAIL VEHICLE ACCESS","","110149002","2022-09-14","","NRAIL","","","","","Down Main/Fast","Road rail Vehicle Access Point <RRAP> Down Fast Harlington Station","TL 03465 30199"
"20772007","SPC1","41.1076","QM","","41.1076","1200","","MAR","","502336.0","236951.0","Ampthill Station Yard; Skinsheds","HMJ8","","","","","","","","","","","20772007","2022-09-14","","NRAIL","","","","","Up Slow","Off Station Rd via industrial estate. Parking for 3 vehicles inside access gate","TL 02336 36951"
"110151072","SPC1","43.0088","QM","","43.0088","2100","","MAR","","502007.0","239100.0","OBr 169 Park Farm Br","HMJ8","","","","","","","","","Auth Access Point - RRV","","110151072","2022-09-14","","NRAIL","","","","","Down Main/Fast","Double palisade gate and vehicle track to the Down Fast cess. NB no facility to turn vehicles round at the track side; reversing may be necessary.","TL 02007 39100"
"50406162","SPC1","0.1001","QM","","0.1001","1200","","MAV","","529768.0","183763.0","Cambridge Street Sidings","HMJ8","","","","","","","","","","","50406162","2022-09-13","","NRAIL","","","","","Up Slow","Tk ID 1200/2200. New gates fitted.","TQ 29768 83763"
"50480367","SPC1","0.1038","QM","","0.1038","3900","","MAV","","529768.0","183763.0","Marigold Health Foods , Camley Street","HMJ8","","","","","","","","","","","50480367","2022-09-13","","NRAIL","","","","","Rev Siding","Double palisade gates from the street to track side.","TQ 29768 83763"
"20771978","SPC1","0.135","QM","","0.135","0","","MAV","","529702.0","184077.0","Cedar Way","HMJ8","","","","","","","","","","","20771978","2022-09-13","","NRAIL","","","","","All/Multiple Tracks","Parking for 10 vehicles +. Within access gate and outside of same","TQ 29702 84077"
"20772564","SPC1","0.1672","QM","","0.1672","2100","","MAV","","529662.0","184152.0","OB 13 Dock Jcn North","HMJ8","","","","","","","","","","","20772564","2022-09-13","","NRAIL","","","","","Down Main/Fast","Danger Overhead Live Wires. CTRL staff man this access point. This over-rides 50143048, 50406165.","TQ 29662 84152"
"50143020","SPC1","3.1071","QM","","3.1071","2100","","MAV","","525906.0","184812.0","West Hampstead South Junction","HMJ8","","","","","","","","","","","50143020","2022-09-13","","NRAIL","","","","","Down Main/Fast","Notes: Midland Crescent Finchley Road, NW3 Sourced from APM Derby Emergency Manual. Danger Overhead Live wires.","TQ 25906 84812"
"50406174","SPC1","3.1723","QM","","3.1723","2300","","MAV","","525309.0","184815.0","West Hampstead PSB, Iverson Road","HMJ8","","","","","","","","","","","50406174","2022-09-13","","NRAIL","","","","","Down Goods","Access from street off Iverson Road. Bomacs on Down Hendon.","TQ 25309 84815"
"50143026","SPC1","5.044","QM","","5.044","0","","MAV","","523800.0","186097.0","Cricklewood Stn Nth,Jewsons;access via Depot Appro","HMJ8","","","","","","","","","","","50143026","2022-09-13","","NRAIL","","","","","All/Multiple Tracks","Via Depot Approach off Edgware Road. Double gates to trackside; vehicle parking outside the gates. Access to the Down side;Down Cricklewood Curve and Down Hendon.","TQ 23800 86097"
"50406358","SPC1","5.0618","QM","","5.0618","0","","MAV","","523673.0","186215.0","Cricklewood former PWay Depot via Roman Road","HMJ8","","","","","","","","","","","50406358","2022-09-13","","NRAIL","","","","","All/Multiple Tracks","Double gates to trackside; vehicle parking inside the gates. Up Cricklewood Curve and Down Hendon.","TQ 23673 86215"
"20771824","SPC1","5.174","QM","","5.174","0","","MAV","","523025.0","187009.0","Cricklewood Sidings Vehicle Access Route","HMJ8","","","","","","","","","Vehicle Access","","20771824","2022-09-13","","NRAIL","","","","","All/Multiple Tracks","Vehicle access road from Cricklewood Station to Cricklewood Signalbox.","TQ 23125 87009"
"50406232","SPC1","9.075","QM","","9.075","2100","","MAV","","521284.0","191962.0","Mill Hill Broadway Station Car Park","HMJ8","","","","","","","","","","","50406232","2022-09-13","","NRAIL","","","","","Down Main/Fast","Danger Overhead Live Wires. The car park belongs to the Council; a ticket is required. Double gates for plant access.","TQ 21284 91962"
"20771985","SPC1","9.075","QM","","9.075","9999","","MAV","","521297.0","191964.0","Mill Hill Broadway Station","HMJ8","","","","","","","","","","","20771985","2020-01-13","","NRAIL","","","","","Unknown","Parking in Station Car park but only for maximum of 20 minutes","TQ 21200 91900"
"20771988","SPC1","11.015","QM","","11.015","1200","","MAV","","519944.0","194205.0","Scratchwood Services, Conans Yard M1 Maint. Depot","HMJ8","","","","","","","","","","","20771988","2022-09-13","","NRAIL","","","","","Up Slow","Danger Overhead Live Wires. There is vehicle parking on the private road. Lookout/Site Warden. Access through Scratchwood Services <London Gateway>; double palisade gates for plant access to the Up Slow.","TQ 19944 94205"
"110151049","SPC1","12.0638","QM","","12.0638","2100","","MAV","","519066.0","196311.0","Allum Lane, Borehamwood","HMJ8","","","","","","","","","","","110151049","2022-09-13","","NRAIL","","","","","Down Main/Fast","Vehicle access to the Down Fast through new housing development.","TQ 19066 96311"
"50406245","SPC1","12.108","QM","","12.108","1200","","MAV","","518994.0","196494.0","Elstree Station Car Park <Elstree cabin>","HMJ8","","","","","","","","","","","50406245","2022-09-13","","NRAIL","","","","","Up Slow","Steel/Wire Gates. Use of the car park requires a ticket. Double gates for plant access to the Up Slow at the end of the compound and a new sliding gate near the end of the car park to the Up Slow cess.","TQ 18994 96494"
"50406248","SPC1","14.0636","QM","","14.0636","2100","","MAV","","516854.0","198529.0","Radlett Junction, Cobden Hill or Horses Field","HMJ8","","","","","","","","","","","50406248","2022-09-13","","NRAIL","","","","","Down Main/Fast","Rough Track to access. Gates waterlogged at times. 1/4 mile from road to rail. Danger Overhead Live Wires. Parking available in large open area. Lookout/Site Warden. Close gates off of Watling Street when using access.Vehicle access to a lineside compound, off Watling Street. Keep all gates closed after use.","TQ 16854 98529"
"50406249","SPC1","15.0135","QM","","15.0135","2100","","MAV","","516530.0","199637.0","Radlett Shops <North Parade> Car Park; Radlett TSC","HMJ8","","","","","","","","","","","50406249","2022-09-13","","NRAIL","","","","","Down Main/Fast","Steel Gates End Of Car Park. Danger Overhead Live Wires. Access is in car park. Double gates from car park to lineside & 25 Kv substation.","TQ 16530 99637"
"50406260","SPC1","15.0755","QM","","15.0755","1200","","MAV","","516313.0","200162.0","Radlett Station Railway Cottages <Car Park>","HMJ8","","","","","","","","","","","50406260","2022-09-13","","NRAIL","","","","","Up Slow","Danger Overhead Live Wires. Use Station Car Park for parking.","TL 16313 00162"
"110151055","SPC1","16.06","QM","","16.06","1200","","MAV","","515846.0","201556.0","Radlett LaFarge, Harper Lane Recycling & Rail Dep.","HMJ8","","","","","","","","","","","110151055","2022-09-13","","NRAIL","","","","","Up Slow","Access to the Up Slow and run round siding off the B556 Harper Lane, Radlett. Sign in at main reception during office hours.","TL 15846 01556"
"50142981","SPC1","16.066","QM","","16.066","1200","","MAV","","515846.0","201556.0","La Farge Quarry","HMJ8","","","","","","","","","","","50142981","2022-09-13","","NRAIL","","","","","Up Slow","Notes: Vehicular access whilst plant is open. Report presence to manager or person in charge. Parking in Redlands next to sidings for 6+ vehicles~
~
Note: This was recorded incorectly as North Orbital Trading Estate","TL 15800 01500"
"110151056","SPC1","16.1425","QM","","16.1425","2100","","MAV","","515820.0","202291.0","Radlett Gun Club; OBr 93 Down Fast.","HMJ8","","","","","","","","","","","110151056","2022-09-13","","NRAIL","","","","","Down Main/Fast","Via Colney Street & Ventura Industrial Park, towards OBr 93 then south. Double palisade gates into the Down Fast lineside at the crest of a shallow cutting; access to the track not fully engineered.","TL 15820 02291"
"50406272","SPC1","19.175","QM","","19.175","1200","","MAV","","515573.0","207237.0","St Albans City Station North","HMJ8","","","","","","","","","","","50406272","2022-09-13","","NRAIL","","","","","Up Slow","WARNING SSOW PROHIBITED. ACCESS OFF STATION WAY, NORTH OF THE STATION, NEXT TO THE MULTI STOREY CAR PARK.","TL 15573 07237"
"110147500","SPC1","21.0302","QM","","21.0302","1200","","MAV","","515890.0","209077.0","Sandridge Rd St Albans <Industrial Est & Substn>","HMJ8","","","","","","","","","","","110147500","2022-09-13","","NRAIL","","","","","Up Slow","Sandridge Road St Albans. AL14AP. Access Via Industrial Estate. Off Sandridge Road at OBr 107 into St Albans Road; onto Ronson Way & straight on, with the railway on the left, to double vehicle gates to the 25Kv substation and parking.","TL 15890 09077"
"50142960","SPC1","23.1628","QM","","23.1628","2100","","MAV","","514237.0","213139.0","Cravells Road - UBr 113","HMJ8","","","","","","","","","","","50142960","2022-09-13","","NRAIL","","","","","Down Main/Fast","Notes: Gated Access to Track. Unsuitable for vehicles. Double palisade gate and track to the Down Fast.","TL 14237 13139"
"110151061","SPC1","24.094","QM","","24.094","2100","","MAV","","513813.0","213995.0","Harpenden Station Car Park","HMJ8","","","","","","","","","","","110151061","2022-09-13","","NRAIL","","","","","Down Main/Fast","Double palisade gate to Down Fast cess; parking in station car park, only.","TL 13813 13995"
"20771929","SPC1","27.0516","QM","","27.0516","2100","","MAV","","512357.0","218120.0","Chiltern Green Cottages","HMJ8","","","","","","","","","","","20771929","2022-09-13","","NRAIL","","","","","Down Main/Fast","Double farm gate from former Station House drive. Parking outside the gates. Requires some attention for plant access so potential only at 27/11/2013.","TL 12357 18120"
"20771931","SPC1","30.06","QM","","30.06","2100","","MAV","","509133.0","221629.0","Luton S&T Depot, formerly GPO Sidings.","HMJ8","","","","","","","","","","","20771931","2022-09-14","","NRAIL","","","","","Down Main/Fast","Double palisade gate with parking inside and access to Relay Room.","TL 09133 21629"
"20771933","SPC1","31.1241","QM","","31.1241","1200","","MAV","","507701.0","222799.0","Limbury Road Sidings","HMJ8","","","","","","","","","","","20771933","2022-09-14","","NRAIL","","","","","Up Slow","Double palisade gate for vehicle access into the sidings with parking and access to the Up Slow.","TL 07701 22799"
"20771934","SPC1","32.1227","QM","","32.1227","2100","","MAV","","506315.0","223921.0","Leagrave Station Car Park","HMJ8","","","","","","","","","","","20771934","2022-09-14","","NRAIL","","","","","Down Main/Fast","Double Gate Access at the south end of the car park into the Down side; with vehicle parking space.","TL 06315 23921"
"20771935","SPC1","32.1296","QM","","32.1296","1200","","MAV","","506195.0","224091.0","Leagrave Tamper Sidings Up side","HMJ8","","","","","","","","","","","20771935","2022-09-14","","NRAIL","","","","","Up Slow","PEDESTRIAN ACCESS. WARNING SSOW PROHIBITED. DOUBLE GATE ACCESS FROM THE UP CAR PARK INTO THE SIDINGS; VEHICLE PARKING SPACE INSIDE.","TL 06195 24091"
"20771990","SPC1","33.1197","QM","","33.1197","2100","","MAV","","505065.0","225111.0","Sedgewick Road; ""Electrolux""","HMJ8","","","","","","","","","","","20771990","2022-09-14","","NRAIL","","","","","Down Main/Fast","Danger Overhead Live Wires. Parking only available outside the access gates. Site Warden/Lookout. Double palisade gates from Sedgewick Road onto the Down Fast cess. Car parking outside the gates but avoid blocking factory accesses.","TL 05065 25111"
"110151069","SPC1","34.1627","QM","","35.04","2100","","MAV","","503505.0","226963.0","Sundon OHNS, Water End Lane, Charlton.","HMJ8","","","","","","","","","","","110151069","2022-09-14","","NRAIL","","","","","Down Main/Fast","Double palisade gate to Down Fast cess south of the footbridge. Rough, 4x4 only, track to the mast at 34m 1627y.","TL 03505 26963"
"20771991","SPC1","35.112","QM","","35.112","2100","","MAV","","503456.0","227698.0","Water End Lane","HMJ8","","","","","","","","","","","20771991","2022-09-14","","NRAIL","","","","","Down Main/Fast","Danger Overhead Live Wires. Parking for 7+ vehicles outside of access gate. Double palisade gate to Down Fast cess south of the footbridge. Parking outside the gate.","TL 03456 27698"
"20772002","SPC1","40.0627","QM","","40.0627","2100","","MAV","","503276.0","235168.0","Flitwick Relay Room","HMJ8","","","","","","","","","","","20772002","2022-09-14","","NRAIL","","","","","Down Main/Fast","DANGER OVERHEAD LIVE WIRES. WARNING SSOW PROHIBITED. PARKING INSIDE STATION CAR PARK AND INSIDE ACCESS. DOUBLE MESH GATE TO RELAY ROOM AND DOWN FAST CESS RRAP.","TL 03276 35168"
"20772973","SPC1","42.0423","QM","","42.074","0","","MAV","","502085.0","238217.0","Ampthill Tunnel South portal","HMJ8","","","","","","","","","","","20772973","2024-01-16","","NRAIL","","","","","All/Multiple Tracks","Safe access over ten foot installed, 1200 Up Slow and 2100 Down Fast/Main. Double palisade gates and vehicle track to a parking area above the south portal. Steps with handrails down to the Up Fast and Down Slow lines. Postcode and coordinates are for the access gates off the A507 Woburn Road.","TL 02085 23217"
"20772009","SPC1","43.1273","QM","","43.1273","1200","","MAV","","502008.0","240306.0","UBr 171, Jackdaw Bridge; ""Millbrook Old Box"".","HMJ8","","","","","","","","","","","20772009","2022-09-14","","NRAIL","","","","","Up Slow","Single vehicle gate to Up Slow cess with parking space inside the gate.","TL 02008 40306"
"110146485","SPC1","46.0","QM","","46.0","2100","","MAV","","503457.0","243556.0","Houghton Conquest","HMJ8","","","","","","","","","Access Point","","110146485","2022-09-14","","NRAIL","","","","","Down Main/Fast","Parking for up to 15 vehicles. Off Kiln Road, Bedford. RRV access point","TL 03457 43556"
"50406350","SPC1","48.1728","QM","","48.1728","2100","","MAV","","504276.0","248293.0","Bedford Sth Jcn, College St Vehicle","HMJ8","","","","","","","","","","","50406350","2022-09-14","","NRAIL","","","","","Down Main/Fast","Danger Overhead Live Wires. Parking on roadside by access gate for 15+ vehicles. Site Warden. Double palisade gate with street parking outside, to the Down Fast cess.","TL 04276 48293"
"110151075","SPC1","49.121","QM","","49.121","2100","","MAV","","504086.0","249435.0","Ford End Road Bedford  The Old Loco Sheds","HMJ8","","","","","","","","","","","110151075","2022-09-14","","NRAIL","","","","","Down Main/Fast","Double palisade gate off Ford End Road into the former Loco depot and to a second set of gates to the Down Fast cess at 49m 1158y.","TL 04086 49435"
"20772010","SPC2","50.0198","QM","","50.0198","2100","","MAP","","503931.0","250043.0","Bromham Road, Bridge 40","HMJ8","","","","","","","","","","","20772010","2022-09-27","","NRAIL","","","","","Down Main/Fast","What 3 Words - clouds.ramp.squad","TL 03931 50043"
"110151076","SPC2","50.0235","QM","","50.0235","1200","","MAP","","503939.0","250094.0","Spencer Road, Bedford.","HMJ8","","","","","","","","","","","110151076","2022-09-16","","NRAIL","","","","","Up Slow","Emergency access only. Pedestrian palisade gate from Spenser Road to the Up Slow cess. No steps at present.","TL 03939 50094"
"50406354","SPC2","50.047","QM","","50.047","1200","","MAP","","503828.0","250248.0","Spencer Road; Sydney Press; Bedford","HMJ8","","","","","","","","","","","50406354","2022-09-16","","NRAIL","","","","","Up Slow","Pedestrian palisade gate with steps from Sidney Road to the Up Slow cess.","TL 03828 50248"
"110171892","SPC2","50.154","QM","","50.1545","2100","","MAP","","503217.0","251072.0","Cut Throat Lane","HMJ8","","","","","","","","","","","110171892","2022-09-16","","NRAIL","","","","","Down Main/Fast","NEW PEDESTRAIN ACCESS POINT INSTALLED ON DOWN FAST FROM VIADUCT/BRIDGE SPC2 41","TL 03217 51072"
"110151077","SPC2","50.154","QM","","50.154","1200","","MAP","","503246.0","251050.0","Cut Throat Lane, Bedford.","HMJ8","","","","","","","","","","","110151077","2022-09-16","","NRAIL","","","","","Up Slow","Turn off the A 6 at the roundabout junction of Bedford Road and Clapham Road and take the track to the right. Follow this to the gates. Double palisade gate to the Up Slow.","TL 03264 51050"
"50142912","SPC2","51.0792","QM","","51.0792","2100","","MAP","","502731.0","251758.0","Lower Farm Fasts/Bridge 42","HMJ8","","","","","","","","","","","50142912","2022-09-27","","NRAIL","","","","","Down Main/Fast","WARNING SSOW PROHIBITED. 5 MILE LINE DIAGRAM ACCESS POINT NUMBER 7101. PEDESTRIAN ACCESS STEPS DOWN TO TRACK LEVEL. PARKING ON HARD STANDING OPPOSITE ACCESS. ACCESS TO THE BRIDGE IS CLOSED OFF BY A PRIVATE BARRIER WITH PARKING NEARBY; THE BRIDGE IS ON A PRIVATE ROAD. SINGLE PEDESTRIAN GATE DOWN TO THE DOWN FAST. What 3 Words - votes.stored.swim","TL 02731 51758"
"50142913","SPC2","52.0572","QM","","52.0572","1200","","MAP","","501945.0","252930.0","Folly Road, UBr 45 <Oakley Rd, Lovells Rd> Clapham","HMJ8","","","","","","","","","NV","","50142913","2022-09-16","","NRAIL","","","","","Up Slow","Pedestrian gate and steps up the embankment to the Up Slow.","TL 01945 52930"
"20772967","SPC2","53.0022","QM","","53.0022","1200","","MAP","","501413.0","253763.0","OAKLEY COTTAGES-UP SLOW","HMJ8","","","","","","","","","","","20772967","2022-09-16","","NRAIL","","","","","Up Slow","Access steps installed on the Up Slow","TL 01413 53763"
"20772011","SPC2","53.0589","QM","","53.0589","1200","","MAP","","501169.0","254404.0","UBr 48A Oakley Viaduct","HMJ8","","","","","","","","","","","20772011","2022-09-16","","NRAIL","","","","","Up Slow","WARNING SSOW PROHIBITED. ACCESS IS 250 YARDS ALONG FOOTPATH OFF OF PAVENHAM ROAD, OAKLEY. BETTER ACCESS AVAILABLE FROM OB 46. PUBLIC FOOTPATH FROM TO UBR 48A; SINGLE PEDESTRIAN GATE AND PATH UP THE EMBANKMENT TO THE UP SLOW <C 250 YDS FROM ROAD>.","TL 01169 54404"
"50142915","SPC2","53.154","QM","","53.154","1200","","MAP","","501070.0","255202.0","OB 50 Earwig Lane, East End Lane, off Pavenham Rd","HMJ8","","","","","","","","","NV","","50142915","2022-09-16","","NRAIL","","","","","Up Slow","5 Mile Line Diagram Access Point Number 7104. Access via private road off Pavenham Road leading to East End Farm. Pedestrian gate with path & steps from East End lane down to the Up Slow cess.","TL 01070 55202"
"110180131","SPC2","54.114","QM","","54.114","2100","","MAP","","500899.0","256566.0","Radwell Road - Bridge 52","HMJ8","","","","","","","","","","","110180131","2022-09-26","","NRAIL","","","","","Down Main/Fast","What 3 Words - pushing.mascot.testy","TL 00899 56566"
"20772012","SPC2","54.1364","QM","","54.1364","1200","","MAP","","500929.0","256660.0","OB 53 New Road, Milton Ernest","HMJ8","","","","","","","","","","","20772012","2022-09-16","","NRAIL","","","","","Up Slow","Pedestrian gate and steps into the cutting to the Up Slow. Off New Road, Milton Ernest.","TL 00929 56660"
"50142917","SPC2","55.1166","QM","","55.1166","1200","","MAP","","500804.0","258089.0","Radwell, Moor End Lane - OBr. 57","HMJ8","","","","","","","","","NV","","50142917","2022-09-16","","NRAIL","","","","","Up Slow","WARNING SSOW PROHIBITED. 5 MILE LINE DIAGRAM ACCESS POINT NUMBER 7106. STEPS DOWN TO TRACK LEVEL. SLOW LINES. OFF MOOR END LANE. PARKING FOR 10+ VEHICLES ON PUBLIC ROAD OUTSIDE GATES. LOOKOUT/SITE WARDEN. PEDESTRIAN PALISADE GATE WITH STEPS & HANDRAIL INTO THE CUTTING TO THE UP SLOW CESS.","TL 00804 58089"
"20772013","SPC2","56.0768","QM","","56.0768","2100","","MAP","","500527.0","259280.0","Sharnbrook; UBr 60 Mill Road","HMJ8","","","","","","","","","","","20772013","2022-09-16","","NRAIL","","","","","Down Main/Fast","Parking for 3/4 vehicles under the bridge. Pedestrian palisade gate with steps and path to the Down Fast cess,","TL 00527 59280"
"50142920","SPC2","57.006","QM","","57.006","1200","","MAP","","500025.0","260093.0","UBr 63 Barley Croft Br, Park Lane, Sharnbrook. U/S","HMJ8","","","","","","","","","NV","","50142920","2022-09-16","","NRAIL","","","","","Up Slow","WARNING SSOW PROHIBITED. SITE WARDEN/LOOKOUT. 5 MILE LINE DIAGRAM ACCESS POINT NUMBER 7109. PARK LANE/ODELL ROAD. PEDESTRIAN ACCESS STEPS <MIXTURE OF STEPS AND SHORT MUD PATH TO STEPS> UP TO TRACK LEVEL. PARKING AVAILABLE ON PARK LANE. PEDESTRIAN GATE, FROM PARK LANE, WITH STEPS & HANDRAIL UP THE EMBANKMENT TO THE UP SLOW CESS.","TL 00025 60093"
"20772966","SPC2","57.006","QM","","57.006","2100","","MAP","","499992.0","260053.0","UBr 63 Barley Croft Br, Park Lane, Sharnbrook. D/F","HMJ8","","","","","","","","","","","20772966","2022-09-16","","NRAIL","","","","","Down Main/Fast","Access installed on the Down Fasts. Pedestrian gate, from Park Lane, with Kwik step & handrail up the embankment to the Down Fast cess.","SP 99992 60053"
"20772014","SPC2","57.1166","QM","","57.1166","2100","","MAP","","499168.0","260634.0","UBr 65 Halsey Road, Sharnbrook.","HMJ8","","","","","","","","","","","20772014","2022-09-16","","NRAIL","","","","","Down Main/Fast","WARNING SSOW PROHIBITED. OFF SOULDROP ROAD FROM SHARNBROOK VILLIAGE. TRACK IS OPPOSITE TOFTE MANOR. FARM GATE HAS 222 PADLOCK. PEDESTRIAN ACCESS. THERE IS PARKING ON THE FARM ROAD AT THE BOTTOM OF THE STEPS. PEDESTRIAN GATE WITH STEPS UP THE EMBANKMENT TO THE DOWN FAST CESS. OFF SOULDROP ROAD, SHARNBROOK.","SP 99168 60634"
"110182491","SPC2","62.1094","QM","","62.1094","1200","","MAP","","493302.0","265948.0","Irchester Station Road B569","HMJ8","","","","","","","","","","","110182491","2023-01-20","","NRAIL","","","","","Up Slow","Irchester Station Road B569. Pedestrian access gate with enough space for one vehicle to park on the verge outside. Steps down to up slow.                       What3words location of access gate ///makeovers.remit.outcasts","SP 93302 65948"
"110180174","SPC2","63.109","QM","","63.109","2100","","MAP","","492084.0","267256.0","Irchester Viaduct","HMJ8","","","","","","","","","","","110180174","2022-09-27","","NRAIL","","","","","Down Main/Fast","What 3 Words - cobble.encodes.nerve","SP 92084 67256"
"110149004","SPC2","50.0004","QM","","50.0004","3500","","MAR","","504042.0","249895.0","Bedford Relay Room","HMJ8","","","","","","","","","ROAD RAIL VEHICLE ACCESS","","110149004","2022-09-16","","NRAIL","","","","","Rev Loop","Road Rail Vehicle Access Point <RRAP> Platform Loop Bedford Relay Room","TL 04042 49895"
"110149005","SPC2","50.0004","QM","","50.0004","1100","","MAR","","504042.0","249895.0","Bedford Relay Room","HMJ8","","","","","","","","","ROAD RAIL VEHICLE ACCESS","","110149005","2022-09-16","","NRAIL","","","","","Up Main/Fast","Road Rail Vehicle Access Point <RRAP> Up Fast Bedford Relay Room","TL 04042 49895"
"110149006","SPC2","50.0004","QM","","50.0004","2100","","MAR","","504042.0","249895.0","Bedford Relay Room","HMJ8","","","","","","","","","ROAD RAIL VEHICLE ACCESS","","110149006","2022-09-16","","NRAIL","","","","","Down Main/Fast","Road Rail Vehicle Access Point <RRAP> Down Fast Bedford Relay Room","TL 04042 49895"
"110180113","SPC2","51.0792","QM","","51.0792","1200","","MAR","","502752.0","251818.0","Lower Farm <Slows>","HMJ8","","","","","","","","","","","110180113","2022-09-26","","NRAIL","","","","","Up Slow","What 3 Words - wake.resort.input","TL 02752 51818"
"110180112","SPC2","51.0858","QM","","51.0858","2100","","MAR","","502546.0","251724.0","Lower Farm <Fasts>","HMJ8","","","","","","","","","","","110180112","2022-09-26","","NRAIL","","","","","Down Main/Fast","verge.pounces.backdrop","TL 02546 51724"
"110180152","SPC2","53.1188","QM","","53.1188","2100","","MAR","","501069.0","254890.0","Earwig Lane","HMJ8","","","","","","","","","","","110180152","2022-09-27","","NRAIL","","","","","Down Main/Fast","What 3 Words - golden.polices.waffle","TL 01069 54890"
"110180136","SPC2","57.148","QM","","57.148","2100","","MAR","","498902.0","260754.0","Souldrop Compound <Fasts>","HMJ8","","","","","","","","","","","110180136","2022-09-26","","NRAIL","","","","","Down Main/Fast","What 3 Words - wide.mirroring.ashes","SP 98902 60754"
"50142882","SPC2","62.111","QM","","62.111","2100","","MAR","","493246.0","265932.0","OBr 76, Station Road, Irchester off  the B569.","HMJ8","","","","","","","","","","","50142882","2022-09-16","","NRAIL","","","","","Down Main/Fast","6 Mile Line Diagram Access Point Number 7391. Notes: B569 Irchester. Vehicle access to 62 MP by Slow Line. Access only suitable for plant. Farm gate and track into the cutting to the Down Fast cess. Parking outside the gate; suitable for plant access.","SP 93246 65932"
"110151079","SPC2","62.1525","QM","","62.1525","1200","","MAR","","493067.0","266267.0","Irchester Station Yard; from OBr 76, Station Road.","HMJ8","","","","","","","","","","","110151079","2022-09-16","","NRAIL","","","","","Up Slow","Irchester off  the B569. Through an outer gate <keep locked outside normal working hours> to a railway vehicle gate at the north end of the yard into the railway to the Up Slow cess. Parking inside the gate; suitable for plant access. Access onto the former Up Slow formation to the south.","SP 93067 66267"
"50142918","SPC2","56.1066","QM","","56.1066","2100","","MAV","","500422.0","259526.0","Sharnbrook Junction; Steadfasts yard <former stn>","HMJ8","","","","","","","","","NV","","50142918","2025-07-16","","NRAIL","","","","","Down Main/Fast","5 Mile Line Diagram Access Point Number 7107. Vehicular access available via Old Stn Yard to Down Fast Side of Line. 10+ vehicles can park on road by Steadfast Roofing. Double palisade gate to the Down Fast cess at What3Words  ///works.ringside.prelude. Parking for smaller vehicles at the Relay Room.","TL 00422 59526"
"50142919","SPC2","56.1272","QM","","56.1272","1200","","MAV","","500401.0","259700.0","OB61 Templars Way, Risely Road","HMJ8","","","","","","","","","NV","","50142919","2025-07-16","","NRAIL","","","","","Up Slow","5 Mile Line Diagram Access Point Number 7108. Vehicular and Pedestrian access available off of Templars Way at What3Words ///doctor.viewing.decisions, Up Slow Side of line entry for vehicles at RRAP What3Words ///populate.grief.guardian with parking available for vehicles in the compound. ","TL 00401 59700"
"110180134","SPC2","58.009","QM","","58.009","1200","","MAV","","498626.0","260974.0","Sharnbrook Road/TSS","HMJ8","","","","","","","","","","","110180134","2022-09-26","","NRAIL","","","","","Up Slow","What 3 Words - ocean.cutlets.branched","SP 98626 60974"
"50142921","SPC2","58.0101","QM","","58.0101","2100","","MAV","","498572.0","260923.0","OBr 66 Souldrop Road","HMJ8","","","","","","","","","NV","","50142921","2022-09-16","","NRAIL","","","","","Down Main/Fast","6 Mile Line Diagram Access Point Number 7110/1. Off Souldrop - Sharnbrook Road to Up/Dn Bidirectional Line at WH378R1 Signal. Also pedestrian access down to track level. Parking in small lane leading to farmers field 4+ vehicles. Double Gate and slope to Down Fast cess. Suitable for plant access.","SP 98572 60923"
"110179973","SPC2","58.0101","QM","","58.0101","1200","","MAV","","498622.0","260968.0","OBr 66 Souldrop Road","HMJ8","","","","","","","","","","","110179973","2022-09-12","","NRAIL","","","","","Up Slow","","SP 98622 60968"
"20772016","SPC2","58.075","QM","","58.075","2100","","MAV","","498124.0","261281.0","OBr 68 Odell Viaduct; 9 Arches; Souldrop","HMJ8","","","","","","","","","","","20772016","2022-09-16","","NRAIL","","","","","Down Main/Fast","Cable route buried under ballast. Parking by gate and also inside gate. Vehicle gate into a parking area <by the telecom mast> with plant access to the Down Fast cess.","SP 98124 61281"
"110167368","SPC2","62.11","QM","","62.11","2100","","MAV","","493246.0","265932.0","Brdige 76","HMJ8","","","","","","","","","","","110167368","2022-09-16","","NRAIL","","","","","Down Main/Fast","New access installed as part of the bridge reconstruction.","SP 93246 65932"
"110180175","SPC2","63.106","QM","","63.106","1200","","MAV","","492165.0","267260.0","Irchester Viaduct","HMJ8","","","","","","","","","","","110180175","2022-09-27","","NRAIL","","","","","Up Slow","What 3 Words - laughs.piston.blazed","SP 92165 67260"
"110169256","SPC2","64.105","QM","","64.105","0","","MAV","","490775.0","267554.0","Leyland Industrial Estate <Up slow and Down slow>","HMJ8","","","","","","","","","","","110169256","2022-09-16","","NRAIL","","","","","All/Multiple Tracks","Authorised access to Pedestrian only. Parking of vichles at site entrance.","SP 90775 67554"
"110180140","SPC3","65.0242","QM","","65.0242","2100","","MAP","","490321.0","268282.0","Wellingborough Station Platform 1","HMJ8","","","","","","","","","","","110180140","2022-09-26","","NRAIL","","","","","Down Main/Fast","What 3 Words - grin.tasty.librarian","SP 90321 68282"
"50142863","SPC3","66.086","QM","","66.086","1200","","MAP","","490027.0","270303.0","OB 68 Bush Bridge","HMJ8","","","","","","","","","","","50142863","2022-09-16","","NRAIL","","","","","Up Slow","Access has handrailing and steps to up slow cess","SP 90027 70303"
"110188678","SPC3","67.0","QM","","67.0","0","","MAP","","489757.0","271102.0","#302 - Harrowden Junction CTLP","HMJ8","","","","","","","","","","","110188678","2024-10-01","","NRAIL","","","","","All/Multiple Tracks","This Access is for the use of CtLP at this approved location. Only authorised users can utilise CtLP and must be on the authorised register before attempting to use at this location: #302 - Harrowden Junction CTLP","SP 89757 71102"
"50142866","SPC3","67.121","QM","","67.121","1200","","MAP","","489537.0","272163.0","Furnace Lane","HMJ8","","","","","","","","","","","50142866","2022-09-16","","NRAIL","","","","","Up Slow","Unsuitable for road vehicles due to secondary access gate being close to Up Slow","SP 89537 72163"
"110188644","SPC3","70.132","QM","","70.132","0","","MAP","","487434.0","276487.0","#306 - Kettering South Junction CTLP","HMJ8","","","","","","","","","","","110188644","2024-10-01","","NRAIL","","","","","All/Multiple Tracks","This Access is for the use of CtLP at this approved location. Only authorised users can utilise CtLP and must be on the authorised register before attempting to use at this location: #306 - Kettering South Junction CTLP","SP 87434 76487"
"50142846","SPC3","70.153","QM","","70.153","2100","","MAP","","487309.0","276523.0","OBr 55 Isham Rd A509; Kettering Jcn","HMJ8","","","","","","","","","","","50142846","2022-09-16","","NRAIL","","","","","Down Main/Fast","Pedestrian palisade gate and path down to lineside from the south face of OBr 55.","SP 87309 76523"
"110179975","SPC3","70.153","QM","","70.153","1200","","MAP","","487317.0","276576.0","OBr 55 Isham Rd A509; Kettering Jcn","HMJ8","","","","","","","","","","","110179975","2022-09-12","","NRAIL","","","","","Up Slow","Pedestrian palisade gate and path down to lineside from the south face of OBr 55.","SP 87317 76576"
"110180139","SPC3","71.0514","QM","","71.0514","2100","","MAP","","486704.0","276952.0","Thurston Drive","HMJ8","","","","","","","","","","","110180139","2022-09-26","","NRAIL","","","","","Down Main/Fast","What 3 Words - cost.moves.dads","SP 86704 76952"
"50142847","SPC3","71.0814","QM","","71.0814","0","","MAP","","486568.0","277210.0","Headland Bridge Kettering","HMJ8","","","","","","","","","","","50142847","2024-05-09","","NRAIL","","","","","All/Multiple Tracks","Headshunt. Vehicle access via rd the headlands. No through Rd. Access also from Station through A.H.H. Davies premises. Also steps from Headlands Road. Up side OB53. & signals 617/618/619/620. Points 718. Sourced from APM Derby Emergency Manual. Issue 01 01/03/97. W3W groups.easy.giving","SP 86568 77210"
"110188680","SPC3","71.088","QM","","71.088","0","","MAP","","486535.0","277272.0","#304 - Kettering Engineer Siding CTLP","HMJ8","","","","","","","","","","","110188680","2024-10-01","","NRAIL","","","","","All/Multiple Tracks","This Access is for the use of CtLP at this approved location. Only authorised users can utilise CtLP and must be on the authorised register before attempting to use at this location: #304 - Kettering Engineer Siding CTLP","SP 86535 77272"
"50142848","SPC3","72.002","QM","","72.002","0","","MAP","","486371.0","278107.0","KETTERING STATION PLATFORMS","HMJ8","","","","","","","","","","","50142848","2024-05-09","","NRAIL","","","","","All/Multiple Tracks","What 3 Words - most.mixed.prom","SP 86371 78107"
"110187355","SPC3","72.0594","QM","","72.0594","1200","","MAP","","486178.0","278511.0","NORTHFIELD AVE / GAS STREET <UBR 51>","HMJ8","","","","","","","","","","","110187355","2024-05-09","","NRAIL","","","","","Up Slow","W3W codes.hopes.home","SP 86178 78511"
"50142851","SPC3","72.114","QM","","72.114","1200","","MAP","","486028.0","279009.0","ROTHWELL ROAD UP <UBR 50>","HMJ8","","","","","","","","","","","50142851","2024-05-09","","NRAIL","","","","","Up Slow","Pedestrian palisade gate with steps & handrail up the embankment to the Up cess. W3W saving.dates.renew","SP 86028 79009"
"110180132","SPC3","72.1173","QM","","72.1173","2100","","MAP","","486001.0","279018.0","ROTHERWELL ROAD DOWN <UBR 50>","HMJ8","","","","","","","","","","","110180132","2024-05-09","","NRAIL","","","","","Down Main/Fast","What 3 Words - drums.farmer.hats","SP 86001 79018"
"110187356","SPC3","73.0286","QM","","73.0286","2100","","MAP","","486089.0","279799.0","KETTERING NORTH FASTS TSS","HMJ8","","","","","","","","","","","110187356","2024-05-09","","NRAIL","","","","","Down Main/Fast","W3W credit.rats.racing","SP 86089 79799"
"110180172","SPC3","73.1012","QM","","73.1012","1200","","MAP","","486066.0","280440.0","Furnace Lane/Bridge 48","HMJ8","","","","","","","","","","","110180172","2022-09-27","","NRAIL","","","","","Up Slow","What 3 Words - lakes.trees.lovely","SP 86066 80440"
"110188643","SPC3","74.0","QM","","74.0","0","","MAP","","485761.0","281105.0","#305 - Kettering North Junction CTLP","HMJ8","","","","","","","","","","","110188643","2024-10-01","","NRAIL","","","","","All/Multiple Tracks","This Access is for the use of CtLP at this approved location. Only authorised users can utilise CtLP and must be on the authorised register before attempting to use at this location: #305 - Kettering North Junction CTLP","SP 85761 81105"
"110180179","SPC3","74.0962","QM","","74.0962","2100","","MAP","","485434.0","281898.0","Kettering Sub","HMJ8","","","","","","","","","","","110180179","2024-05-09","","NRAIL","","","","","Down Main/Fast","What 3 Words - freed.should.giant","SP 85434 81898"
"50142857","SPC3","75.098","QM","","75.098","2100","","MAP","","484424.0","283072.0","OLD RUSHTON STATION","HMJ8","","","","","","","","","","","50142857","2024-05-09","","NRAIL","","","","","Down Main/Fast","Pedestrian gates <pair> from the former station drive onto the former Down platform at the north face of the station building. Vehicle parking on the former station drive <Beswick Close> or street. W3W mostly.darts.playing","SP 84424 83072"
"50142834","SPC3","76.136","QM","","76.136","2100","","MAP","","482446.0","283350.0","COOKS CATTLE ARCH <OBR 41>","HMJ8","","","","","","","","","","","50142834","2024-05-09","","NRAIL","","","","","Down Main/Fast","Farmers bridleway can be used as plant access, farmers permission necessary as gates locked overnight.  W3W supply.adapt.tickles","SP 82446 83350"
"50142831","SPC3","77.154","QM","","77.154","1100","","MAP","","480713.0","283609.0","PIPEWELL ROAD DOWN <OBR 40>","HMJ8","","","","","","","","","","","50142831","2024-05-09","","NRAIL","","","","","Up Main/Fast","We are no longer allowed down the track due to misuse by outside railway contractors. W3W budget.saturate.loss","SP 80713 83609"
"110187360","SPC3","78.0242","QM","","78.0242","2100","","MAP","","480298.0","283611.0","GLADSTONE STREET","HMJ8","","","","","","","","","","","110187360","2024-05-09","","NRAIL","","","","","Down Main/Fast","W3W alienated.liners.suckle","SP 80298 83611"
"110187429","SPC3","82.0726","QM","","83.0726","1100","","MAP","","474281.0","286653.0","LITTLE BOWDEN UP","HMJ8","","","","","","","","","","","110187429","2024-05-09","","NRAIL","","","","","Up Main/Fast","W3W applies.sharpened.slipped","SP 74281 86653"
"110166728","SPC3","82.0726","QM","","83.0726","2100","","MAP","","474268.0","286646.0","LITTLE BOWDEN DOWN","HMJ8","","","","","","","","","","","110166728","2024-05-09","","NRAIL","","","","","Down Main/Fast","The new footbridge at Little Bowden level crossing has a pair of access gates <pedestrian only> at this location. Access gate on the Down main can be accessed via Braybrooke road and the UP main access gate can be reached via Glebe Road. W3W january.riverside.ramps","SP 74268 86646"
"50142816","SPC3","82.099","QM","","82.099","1100","","MAP","","474205.0","286874.0","BELLFIELDS STREET / SCOTLAND ROAD SOUTH <UBR 31>","HMJ8","","","","","","","","","","","50142816","2024-05-09","","NRAIL","","","","","Up Main/Fast","Notes: UB31:Bell Fields Road off A6 next to former petrol station at OB30. Pedestrian gate & steps with handrail up the embankment to the Up cess path at the north wing wall. W3W nitrate.succumbs.larger","SP 74205 86874"
"110151298","SPC3","82.1025","QM","","82.1025","1100","","MAP","","474186.0","286900.0","BELLFIELDS LANE / SCOTLAND ROAD NORTH <UBR 31>","HMJ8","","","","","","","","","","","110151298","2024-05-09","","NRAIL","","","","","Up Main/Fast","Notes: UB31:Bell Fields Road off A6 next to former petrol station at OB30. Pedestrian gate & steps with handrail up the embankment to the Up cess path at the south wing wall. W3W dabbled.prowess.ballparks","SP 74186 86900"
"50142818","SPC3","83.0041","QM","","83.0041","1100","","MAP","","474146.0","287377.0","MARKET HARBOROUGH STATION PLATFORMS","HMJ8","","","","","","","","","","","50142818","2024-05-09","","NRAIL","","","","","Up Main/Fast","Market Harborough station; access through the station building to both platforms via the subway. W3W elects.limo.crouching","SP 74146 87377"
"110187362","SPC3","83.0041","QM","","83.0041","1100","","MAP","","474255.0","287515.0","MARKET HARBOROUGH STATION PLATFORMS CAR PARKS","HMJ8","","","","","","","","","","","110187362","2024-05-09","","NRAIL","","","","","Up Main/Fast","W3W hints.comically.wing","SP 74255 87515"
"50142820","SPC3","84.088","QM","","84.088","2100","","MAP","","474113.0","289820.0","CATTLE BRIDGE <UBR 28A>","HMJ8","","","","","","","","","","","50142820","2024-05-10","","NRAIL","","","","","Down Main/Fast","Access by vehicle turn off Thorpe Langton - Gt.Bowden Rd beneath UBr 28C to Down side,  turn right & the track continues up  to the Down cess. Parking & turning space. W3W informal.dragons.wired","SP 74113 89820"
"50142821","SPC3","84.088","QM","","84.088","2100","","MAP","","474140.0","289958.0","OB28 Chaters Bridge Great Bowden Yard","HMJ8","","","","","","","","","","","50142821","2022-09-16","","NRAIL","","","","","Down Main/Fast","5 Mile Line Diagram Access Point Number7327. Notes: Track off Thorpe Langton to Gt Bowden Rd. Restricted turning.","SP 74140 89958"
"50142828","SPC3","87.112","QM","","87.112","1100","","MAP","","470248.0","293211.0","FEATHERBED LANE <UBR 23>","HMJ8","","","","","","","","","","","50142828","2024-05-10","","NRAIL","","","","","Up Main/Fast","5 Mile Line Diagram Access Point Number 7319. Notes: Tracks. Left off A6 after Kibworth to the Langtons & right down dirt track. Track muddy in winter and rutted in summer. No hand rail or steps. W3W spectacle.unspoiled.cookie","SP 70248 93211"
"50142829","SPC3","88.03","QM","","88.03","1100","","MAP","","469433.0","293427.0","HARBOROUGH ROAD A6 <UBR 22>","HMJ8","","","","","","","","","","","50142829","2024-05-10","","NRAIL","","","","","Up Main/Fast","Off the Kibworth to Market Harborough A6 at the junction with West Langton Road. Pedestrian gate & steps with handrail up the embankment to the Up cess at the south end of Ubr 22. Parking on West Langton Road.","SP 69433 93427"
"50142803","SPC3","89.118","QM","","89.118","1100","","MAP","","467261.0","294306.0","WARWICK ROAD <OBR 16>","HMJ8","","","","","","","","","","","50142803","2024-05-10","","NRAIL","","","","","Up Main/Fast","Notes: Kibworth Harcourt to Saddington Rd. Pedestrian access to Up Side, north of bridge. W3W advancing.task.mimics","SP 67261 94306"
"110187363","SPC3","91.0968","QM","","91.0968","1100","","MAP","","465025.0","296350.0","GREAT GLEN STATION BRIDGE <OBR 10>","HMJ8","","","","","","","","","","","110187363","2024-05-09","","NRAIL","","","","","Up Main/Fast","W3W website.plots.slimming","SP 65025 96350"
"50142809","SPC3","92.0553","QM","","92.0553","1100","","MAP","","463953.0","296843.0","WISTOW ROAD NEWTON HARCOURT <OBR 9>","HMJ8","","","","","","","","","","","50142809","2024-05-10","","NRAIL","","","","","Up Main/Fast","Pedestrian gate, with steps into the cutting, at the Up side , north face, of Obr 9; Newton Harcourt to Wistow Village road. W3W pits.pollution.noon","SP 63953 96843"
"110187364","SPC3","92.0822","QM","","92.0822","1100","","MAP","","463707.0","296834.0","BRUNSKILLS BRIDGE <OBR 8>","HMJ8","","","","","","","","","","","110187364","2024-05-09","","NRAIL","","","","","Up Main/Fast","W3W spacing.armrests.canines","SP 63707 96834"
"50142785","SPC3","94.03","QM","","94.03","3200","","MAP","","461026.0","297145.0","KILBY BRIDGE WELFORD ROAD <UBR 4>","HMJ8","","","","","","","","","","","50142785","2024-05-10","","NRAIL","","","","","Rev Slow","5 Mile Line Diagram Access Point Number 7300. Notes: A50 road. Leics - Northampton. at Kilby Bridge. Access to line side via steps to side of Up & Dn Slow Line. W3W slope.shakes.inform","SP 61026 97145"
"50142786","SPC3","94.08","QM","","94.08","1100","","MAP","","460571.0","297421.0","TAYLORS LODGE <OBR 3>","HMJ8","","","","","","","","","","","50142786","2024-05-10","","NRAIL","","","","","Up Main/Fast","5 Mile Line Diagram Access Point Number 7299. Notes: Farm track from Burnham Close. Wigston Magna to Kilby Bridge Farm / Ivanhoe Farm.  W3W master.copper.bless","SP 60571 97421"
"50142787","SPC3","94.123","QM","","94.123","1100","","MAP","","460301.0","297600.0","BARFORD CLOSE FOOTBRIDGE <OBR 2A>","HMJ8","","","","","","","","","","","50142787","2024-05-10","","NRAIL","","","","","Up Main/Fast","5 Mile Line Diagram Access Point Number 7298. Notes: Footbridge off Barford Close. Wigston Magna to fields South Wigston. Hand gate leads directly to railway  W3W dirt.prone.across","SP 60301 97600"
"110188120","SPC3","94.1628","QM","","94.1628","0","","MAP","","460037.0","297852.0","Bassets Bridge Pedestrian Access Point","HMJ8","","","","","","","","","","","110188120","2024-07-19","","NRAIL","","","","","All/Multiple Tracks","Following removal of SPC3-2 Bassets Bridge, new pedestrain access point installed. External entry gate remains a on Britford Avenue at ///boats.fine.shops with the internal gate to the steps at ///kick.pose.stays The original access point on the opposite side of the tracks has been removed.","SP 60097 80000"
"110187354","SPC3","72.0206","QM","","72.0206","1200","","MAR","","486346.0","277891.0","KETTERING STATION CAR PARK","HMJ8","","","","","","","","","","","110187354","2024-05-09","","NRAIL","","","","","Up Slow","W3W tiny.state.firm","SP 86346 78193"
"110180011","SPC3","72.0217","QM","","72.0217","2100","","MAR","","486268.0","278231.0","Sports Club RRV","HMJ8","","","","","","","","","","","110180011","2022-09-14","","NRAIL","","","","","Down Main/Fast","VEHICLE ACCESS OFF NORTHAMPTON ROAD TOWARDS THE CRICKET PAVILIONS; DOUBLE PALISADE GATES AND STEEP SLOPE UP TO AN ACCESS TRACK AT THE REAR OF THE DOWN FAST PLATFORM. PARKING IN A LARGE LINESIDE AREA ADJACENT THE DOWN FAST. WARNING SSOW PROHIBITED BETWEEN PLAT","SP 86268 78231"
"20772020","SPC3","72.0217","QM","","72.0217","2100","","MAR","","486313.0","278163.0","KETTERING STATION DOWN <Fasts>","HMJ8","","","","","","","","","","","20772020","2024-05-09","","NRAIL","","","","","Down Main/Fast","VEHICLE ACCESS OFF NORTHAMPTON ROAD TOWARDS THE CRICKET PAVILIONS; DOUBLE PALISADE GATES AND STEEP SLOPE UP TO AN ACCESS TRACK AT THE REAR OF THE DOWN FAST PLATFORM. PARKING IN A LARGE LINESIDE AREA ADJACENT THE DOWN FAST. WARNING SSOW PROHIBITED BETWEEN PLAT. W3W ended.serves.update","SP 86313 78163"
"50142854","SPC3","74.0242","QM","","74.0242","2100","","MAR","","485681.0","281309.0","KETTERING NORTH / GLENDON <OBR 47>","HMJ8","","","","","","","","","","","50142854","2024-05-09","","NRAIL","","","","","Down Main/Fast","What 3 Words - rebel.analogy.fended","SP 85681 81309"
"110187359","SPC3","76.0396","QM","","76.0396","2100","","MAR","","483326.0","283236.0","DESBOROUGH ROAD RRAP","HMJ8","","","","","","","","","","","110187359","2024-05-09","","NRAIL","","","","","Down Main/Fast","W3W gateway.parting.bordering","SP 83326 83236"
"50142840","SPC3","80.0148","QM","","80.0148","1100","","MAR","","477431.0","284657.0","BRAYBROOKE SOUTH RRAP <UBR 37>","HMJ8","","","","","","","","","","","50142840","2024-05-09","","NRAIL","","","","","Up Main/Fast","5 Mile Line Diagram Access Point Number 7340. Notes: Turn into track at north side of Ubr 37 Up side;  dirt track up to and alongside the up line. Restricted parking and turning at north end only; care needed not to foul the Up line.  W3W rebounded.haunts.sheepish","SP 77431 84657"
"110187361","SPC3","80.0548","QM","","80.0548","1100","","MAR","","477055.0","284810.0","BRAYBROOKE NORTH RRAP <UBR 37>","HMJ8","","","","","","","","","","","110187361","2024-05-09","","NRAIL","","","","","Up Main/Fast","W3W happening.shelved.tonight","SP 77055 84810"
"110151300","SPC3","83.0374","QM","","83.0374","1100","","MAR","","474228.0","287735.0","MARKET HARBOROUGH GOODS YARD","HMJ8","","","","","","","","","","","110151300","2024-05-09","","NRAIL","","","","","Up Main/Fast","Market Harborough former goods yard; access up the ramp, at the top, left into the yard, vehicle gates to the left by the REBs. W3W croaking.triathlon.twisting","SP 74228 87735"
"50142825","SPC3","86.0613","QM","","86.0613","2100","","MAR","","472014.0","291986.0","UBr 26 East Langton Station Bridge Down Side","HMJ8","","","","","","","","","","","50142825","2024-05-09","","NRAIL","","","","","Down Main/Fast","Off the  B6047 at East Langton former station <off A6 to Church Langton road>. Vehicle access to  down side in down direction to OBr 25. Restricted turning space.  W3W stardom.spouse.hype","SP 72014 91986"
"110180133","SPC3","65.0725","QM","","65.0725","1900","","MAV","","490416.0","268679.0","Roundhouse Way","HMJ8","","","","","","","","","","","110180133","2022-09-26","","NRAIL","","","","","Up Siding","What 3 Words - span.solar.bless","SP 90416 68679"
"110180135","SPC3","65.0725","QM","","65.0725","2300","","MAV","","490368.0","268687.0","Shellside Down Sidings Finedon Road","HMJ8","","","","","","","","","","","110180135","2022-09-26","","NRAIL","","","","","Down Goods","What 3 Words - grapes.rift.vision","SP 90368 68687"
"50142861","SPC3","65.1233","QM","","65.1233","1900","","MAV","","490470.0","269201.0","OB 72 Mill Rd Up Siding","HMJ8","","","","","","","","","","","50142861","2022-09-16","","NRAIL","","","","","Up Siding","6 Mile Line Diagram Access Point Number 7379. Notes: Mill Road. Off Wastfield Rd Wellingborough; access through Whitworths to Old Loco shed. Suitable for vehicle access, lorries carrying 60ft rails.","SP 90470 69201"
"110180151","SPC3","66.1225","QM","","66.1225","2100","","MAV","","489840.0","290588.0","Don White Road","HMJ8","","","","","","","","","","","110180151","2022-09-27","","NRAIL","","","","","Down Main/Fast","What 3 Words - rushed.wicked.tall","SP 89840 90588"
"50142864","SPC3","67.0","QM","","67.0","1100","","MAV","","489762.0","271108.0","OBr 67 Harrowden Jcn; The Slips","HMJ8","","","","","","","","","","","50142864","2022-09-16","","NRAIL","","","","","Up Main/Fast","Access off Harrowden Lane and The Slips between the A509 & A510. Vehicle gates to the Up side, with parking space, from the Up side north face of Obr 67.","SP 89762 71108"
"110180173","SPC3","67.0004","QM","","67.0004","1200","","MAV","","489869.0","271125.0","Harrowden Junction Bridge 67","HMJ8","","","","","","","","","","","110180173","2022-09-27","","NRAIL","","","","","Up Slow","What 3 Words - pays.rust.vague","SP 89869 71125"
"110180171","SPC3","67.12","QM","","67.12","2100","","MAV","","489491.0","272153.0","Furnace Lane / Bridge 65","HMJ8","","","","","","","","","","","110180171","2022-09-27","","NRAIL","","","","","Down Main/Fast","What 3 Words - cobras.cleansed.duck","SP 89491 72153"
"110179974","SPC3","68.0322","QM","","68.0322","1200","","MAV","","489364.0","272971.0","Barneys","HMJ8","","","","","","","","","","","110179974","2022-09-12","","NRAIL","","","","","Up Slow","Beware of traffic on Finedon road when using the roadside access gate.  Large area for parking of vehicles after entering through the road side gate and outside the trackside gate.","SP 89364 72971"
"110161929","SPC3","68.0322","QM","","68.0322","2100","","MAV","","489268.0","272948.0","Barneys","HMJ8","","","","","","","","","","","110161929","2022-09-16","","NRAIL","","","","","Down Main/Fast","Beware of traffic on Finedon road when using the roadside access gate.  Large area for parking of vehicles after entering through the road side gate and outside the trackside gate.","SP 89268 72948"
"50142872","SPC3","69.057","QM","","69.057","1200","","MAV","","488797.0","274723.0","OBr 58; Station Road, Burton Latimer.","HMJ8","","","","","","","","","","","50142872","2022-09-16","","NRAIL","","","","","Up Slow","From A 509 Kettering Road, cross over 0Br 58 & take immediate hair-pin left turn through gate next to Weetabix factory.","SP 88797 74723"
"20772019","SPC3","71.132","QM","","71.132","0","","MAV","","486426.0","277742.0","KETTERING DEPOT UP SIDINGS","HMJ8","","","","","","","","","","","20772019","2024-05-09","","NRAIL","","","","","All/Multiple Tracks","Vehicle gates into the Up sidings from Kettering station car park access road. W3W sorters.vibrate.gloves","SP 86426 77742"
"110187353","SPC3","71.1593","QM","","71.1593","1200","","MAV","","486414.0","277891.0","KETTERING STATION UP <Slows>","HMJ8","","","","","","","","","","","110187353","2024-05-09","","NRAIL","","","","","Up Slow","W3W film.scans.fade","SP 86414 77891"
"110180176","SPC3","71.165","QM","","71.165","2100","","MAV","","486382.0","277831.0","KETTERING SPORTS CLUB RRV","HMJ8","","","","","","","","","","","110180176","2024-05-09","","NRAIL","","","","","Down Main/Fast","What 3 Words - long.flash.kite","SP 86382 77831"
"110180178","SPC3","72.015","QM","","72.015","1200","","MAV","","486343.0","278196.0","Kettering Station Old Goods Yard <RRV>","HMJ8","","","","","","","","","","","110180178","2022-09-27","","NRAIL","","","","","Up Slow","What 3 Words - vision.folds.curiosity","SP 86343 78196"
"110187357","SPC3","74.116","QM","","74.116","0","","MAV","","485395.0","282072.0","GLENDON V  <Mains -SPC3>","HMJ8","","","","","","","","","","","110187357","2024-05-09","","NRAIL","","","","","All/Multiple Tracks","W3W freed.should.giant - 1st gate, soggy.handbag.endings - 2nd gate","SP 85395 82072"
"110187358","SPC3","74.1733","QM","","74.1733","2100","","MAV","","485122.0","282541.0","GLENDON <Down Main>","HMJ8","","","","","","","","","","","110187358","2024-05-09","","NRAIL","","","","","Down Main/Fast","W3W mammals.convey.patching","SP 85122 82541"
"50142855","SPC3","75.005","QM","","75.005","1100","","MAV","","485078.0","282621.0","BARFORDS BRIDGE GLENDON <UBR 46>","HMJ8","","","","","","","","","","","50142855","2024-05-09","","NRAIL","","","","","Up Main/Fast","Vehicle access gate into the V of the junction and along the former Down formation of GSM1 to Corby. Outer access at 74m 0596y at OBr 47, Down side.  W3W dangerously.fidelity.strong","SP 85078 82621"
"50142837","SPC3","78.0488","QM","","78.0488","2100","","MAV","","480014.0","283669.0","OBr39 Desborough Nth off Harborough Rd A6","HMJ8","","","","","","","","","","","50142837","2024-05-09","","NRAIL","","","","","Down Main/Fast","Off the A6 Market Harborough to Kettering road at Desborough; Harborough Road. Vehicle gates on the Down side at the north face of OBr 39. access to the  Down cess with parking for vehicles and plant. W3W scoots.index.laces","SP 80014 83669"
"110188139","SPC3","81.0427","QM","","81.0427","1100","","MAV","","475765.0","285641.0","Braybrooke Substation UM Access Point","HMJ8","","","","","","","","","","","110188139","2024-07-22","","NRAIL","","","","","Up Main/Fast","New Vehicle Access Point accessed off of Kettering Road, Market Harborough at ///rainwater.tank.ethic  Track then takes you to the Rail access point at ///novel.motoring.gown","SP 75765 85641"
"110151299","SPC3","83.0041","QM","","83.0041","2100","","MAV","","474147.0","287451.0","Market Harborough Car Park Down Side","HMJ8","","","","","","","","","","","110151299","2022-09-16","","NRAIL","","","","","Down Main/Fast","Market Harborough station; access via the station car park, on the Down side, to vehicle gates at the north end with spacious parking. Access along former GN formation to exit gate at 84m 0050y UBr 28c Footroad bridge, Great Bowden.","SP 74147 87451"
"50142819","SPC3","83.1476","QM","","83.1476","2100","","MAV","","474232.0","288874.0","LANGTON ROAD VEHICLE <UBR 28C>","HMJ8","","","","","","","","","","","50142819","2024-05-10","","NRAIL","","","","","Down Main/Fast","Access by vehicle turn off Thorpe Langton - Gt.Bowden Rd beneath UBr 28C to Down side,  turn left through access gate. Track continues in Up direction to Market Harborough station car park, 83m 0041y, with spacious parking. W3W freezers.soonest.jotting","SP 74232 88874"
"50142800","SPC3","89.0","QM","","89.0","1100","","MAV","","468284.0","293918.0","STATION BRIDGE KIBWORTH <OBR 19>","HMJ8","","","","","","","","","","","50142800","2024-05-10","","NRAIL","","","","","Up Main/Fast","Old Kibworth stn yard at Station Hollow; off Church Road at the north face of Obr 19, Up side. Access through vehicle gate to the Up lineside with parking for vehicles and plant. W3W tiredness.friend.rides","SP 68284 93918"
"50142804","SPC3","90.0077","QM","","90.0077","2100","","MAV","","466780.0","294727.0","WISTOW ROAD <OBR 15>","HMJ8","","","","","","","","","","","50142804","2024-05-10","","NRAIL","","","","","Down Main/Fast","Off the A6 at Kibworth into Wistow Rd. Vehicle access via a track on Down Side of Obr 18, north face, as far as 90 1/2 MP in Down direction & Obr 18 in Up direction. W3W vocally.jump.envisage","SP 66780 94727"
"50142808","SPC3","91.0748","QM","","91.0748","1100","","MAV","","465222.0","296218.0","GREAT GLEN WOOD YARD","HMJ8","","","","","","","","","","","50142808","2024-05-10","","NRAIL","","","","","Up Main/Fast","Access through yard of Littlewood Fencing Company. Notification of Access required to be given to landowner. Keys will be supplied for out of hours working. W3W requiring.sprayed.worry","SP 65222 96218"
"110187366","SPC3","92.1236","QM","","92.1236","2100","","MAV","","463348.0","296760.0","WIGSTON ROAD GAS PIPE BRIDGE <OBR 7>","HMJ8","","","","","","","","","","","110187366","2024-05-10","","NRAIL","","","","","Down Main/Fast","W3W ordering.immune.refilled","SP 63348 96760"
"20772022","SPC3","93.1235","QM","","93.1235","1100","","MAV","","461741.0","296959.0","COOKS LANE KILBY <Fasts> <OBR 4AA>","HMJ8","","","","","","","","","","","20772022","2024-05-10","","NRAIL","","","","","Up Main/Fast","Farmers crossing/bridleway can be used with farmers permission. W3W atomic.reap.dots","SP 61741 96959"
"110187365","SPC3","93.1235","QM","","93.1235","0","","MAV","","461741.0","296941.0","COOKS LANE KILBY <Slows> <OBR 4AA>","HMJ8","","","","","","","","","","","110187365","2024-05-09","","NRAIL","","","","","All/Multiple Tracks","Access for Up and Down Slows.  W3W fumes.lifts.clean","SP 61741 96941"
"110188648","SPC4","95.0836","QM","","95.0836","0","","MAP","","459514.0","298574.0","#310 - Wigston Junction CTLP","HMJ9","","","","","","","","","","","110188648","2024-10-01","","NRAIL","","","","","All/Multiple Tracks","This Access is for the use of CtLP at this approved location. Only authorised users can utilise CtLP and must be on the authorised register before attempting to use at this location: #310 - Wigston Junction CTLP","SP 59514 98574"
"50142794","SPC4","97.0308","QM","","97.0308","1100","","MAP","","459072.0","301213.0","Craddocks Bridge - UBr 56","HMJ9","","","","","","","","","","","50142794","2022-09-16","","NRAIL","","","","","Up Main/Fast","Public Footpath next to the school on Knighton Lane East for the Up side. From Grampian Close on the Down side. Pedestrian gate & steps up the embankment to the Up Fast cess. On street parking only.","SK 59072 01213"
"50142790","SPC4","95.0956","QM","","95.0956","0","","MAR","","459464.0","298651.0","OB 1c Wigston Cottages RRAP","HMJ9","","","","","","","","","Road Rail Vehicle RRAP covering all 3 tracks","","50142790","2025-12-01","","NRAIL","","","","","All/Multiple Tracks","Road Rail vehicle RRAP. Access via double vehicle gates on the corner of Station Road what3words ///gravel.raves.refers to the Up side of main line. RRAP location is at What3words ///former.tight.ballots","SP 59539 98561"
"120002136","SPC4","97.1219","QM","","97.1219","0","","MAR","","458960.0","302036.0","Knighton Sidings RRAP","HMJ9","","","","","","","","","See Free Text","","120002136","2026-01-07","","","","","","","All/Multiple Tracks","Road Rail Vehicle RRAP installed at Knighton Sidings SPC4 97m 1219yds at What3Words ///tame.soft.lasted – Access gained from Knighton Sidings access point ///yoga.cubes.wisely",""
"110151982","SPC4","97.1408","QM","","97.1408","2100","","MAR","","458823.0","302273.0","Freemans Common","HMJ9","","","","","","","","","","","110151982","2022-09-20","","NRAIL","","","","","Down Main/Fast","Freemans Common. Grid Ref SK588022. Access via Euston Rd. Gate next to Police Station","SK 58823 02273"
"110151984","SPC4","97.1408","QM","","97.1408","2100","","MAR","","458823.0","302273.0","Freemans Common","HMJ9","","","","","","","","","","","110151984","2022-09-20","","NRAIL","","","","","Down Main/Fast","Freemans Common. Grid Ref SK588022. Access via Euston Rd. Gate next to Police Station","SK 58823 02273"
"110151985","SPC4","97.1408","QM","","97.1408","2100","","MAR","","458823.0","302273.0","Freemans Common","HMJ9","","","","","","","","","","","110151985","2022-09-20","","NRAIL","","","","","Down Main/Fast","Freemans Common. Grid Ref SK588022. Access via Euston Rd. Gate next to Police Station","SK 58823 02273"
"110151081","SPC4","97.124","QM","","97.124","2100","","MAV","","458995.0","301885.0","Freemens Common; Euston Street","HMJ9","","","","","","","","","","","110151081","2022-09-16","","NRAIL","","","","","Down Main/Fast","At the end of Euston Street, double gates into the railway and sidings with access to the Leicester to Burton and Midland Main Lines. Good access for heavy plant, road rail and vehicles. Good parking and turning but no bridging arrangement in place.","SK 58995 01885"
"50142797","SPC4","97.132","QM","","97.132","0","","MAV","","458995.0","301885.0","Knighton Fields East Leicester","HMJ9","","","","","","","","","","","50142797","2022-09-16","","NRAIL","","","","","All/Multiple Tracks","5 Mile Line Diagram Access Point Number 7288. Notes: Off Knighton Field Rd. Turn through double gates on up side of BR58 up to line side. Not suitable for low vehicles. More details required.","SK 58995 01885"
"20772023","SPC4","97.132","QM","","97.132","1100","","MAV","","458995.0","301885.0","UBr 58 Knighton Fields Bridge; Knighton Jcn","HMJ9","","","","","","","","","","","20772023","2022-09-20","","NRAIL","","","","","Up Main/Fast","Double vehicle gates to the Up side off Knighton Fields Road East. Access in the Down direction through Knighton Tunnel to Lancaster Road access at 98m 1030y.","SK 58995 01885"
"50142768","SPC4","98.1036","QM","","98.1036","1100","","MAV","","459098.0","303458.0","UBr 61 Lancaster Road, Leicester South Junction","HMJ9","","","","","","","","","","","50142768","2022-09-20","","NRAIL","","","","","Up Main/Fast","From Lancaster Rd, vehicle gates at the Up side, south face of UBr 61, up the slope to the Up lineside. Access south, through Knighton Tunnels, to exit at Knighton Jcn, 97m 1056y.","SK 59098 03458"
"110151082","SPC5","99.004","QM","","99.004","0","","MAP","","459479.0","304303.0","Leicester Station","HMJ8","","","","","","","","","","","110151082","2023-05-31","","NRAIL","","","","","All/Multiple Tracks","Access through the main station entrance to all 4 platforms and the Authorised Walking Route to Beal Street through Leicester locomotive depot - Only to be used as part of a SWP, P1/2 is not to be used for authorised walking route.","SK 59336 04101"
"110151083","SPC5","99.0613","QM","","99.0613","1900","","MAP","","459703.0","304499.0","Leicester locomotive depot","HMJ8","","","","","","","","","","","110151083","2022-09-20","","NRAIL","","","","","Up Siding","Pedestrian gate to the Authorised Walking Route to platform 4 but with a special security latch, not a 222 lock.","SK 59703 04499"
"20772024","SPC5","99.0738","QM","","99.0738","1900","","MAP","","459742.0","304604.0","Beal Street maintenance depot","HMJ8","","","","","","","","","","","20772024","2022-09-20","","NRAIL","","","","","Up Siding","Up PSB siding for Up & Down Slow. Pedestrian gate to the Power Box Siding cess with the Up & Down Slow line immediately beyond.","SK 59742 04604"
"110151084","SPC5","99.0914","QM","","99.0914","0","","MAP","","459764.0","304780.0","Needham Street <Lesta Packaging & Jewsons>","HMJ8","","","","","","","","","","","110151084","2022-09-20","","NRAIL","","","","","All/Multiple Tracks","Off Nedham Street, up the ramp to Lesta Packaging and Jewsons; access at the south end of the yard onto underbridge 4, Kent Street, to the Up & Down Goods cess.","SK 59764 04780"
"110188679","SPC5","100.0176","QM","","100.0176","0","","MAP","","460277.0","305555.0","#303 - Humberstone Road CTLP","HMJ8","","","","","","","","","","","110188679","2024-10-01","","NRAIL","","","","","All/Multiple Tracks","This Access is for the use of CtLP at this approved location. Only authorised users can utilise CtLP and must be on the authorised register before attempting to use at this location: #303 - Humberstone Road CTLP","SK 60277 05555"
"50142777","SPC5","100.0406","QM","","100.0406","3200","","MAP","","460426.0","305716.0","UBr 13 Martin Street","HMJ8","","","","","","","","","","","50142777","2022-09-20","","NRAIL","","","","","Rev Slow","Pedestrian gate with steps and handrail up the embankment to the Up cess at UBr 13. On street parking for several vehicles.","SK 60426 05716"
"50142779","SPC5","100.142","QM","","100.142","3200","","MAP","","460917.0","306603.0","Gipsey Lane B6416 - U/B No. 17","HMJ8","","","","","","","","","","","50142779","2022-09-20","","NRAIL","","","","","Rev Slow","Gipsy Ln Bridge <Bridge 17> Low Bridge 11"" 3""","SK 60917 06603"
"50142780","SPC5","101.0044","QM","","101.0044","3200","","MAP","","461039.0","306839.0","Barkby Thorpe Road - UB 18","HMJ8","","","","","","","","","","","50142780","2022-09-20","","NRAIL","","","","","Rev Slow","5 Mile Line Diagram Access Point Number 7271. Notes: Barkby Road to Fairfax Road. No vehicle access.","SK 61039 06839"
"50142781","SPC5","101.0448","QM","","101.0448","3200","","MAP","","461170.0","307182.0","Underbridge No. 20","HMJ8","","","","","","","","","","","50142781","2022-09-20","","NRAIL","","","","","Rev Slow","5 Mile Line Diagram Access Point Number 7270. Notes: Footpath. Barkby Rd to Rosenheath Avenue. adjacent to industrial estate. Climbing access only on Up Side. No vehicular access","SK 61170 07182"
"110151085","SPC5","103.032","QM","","103.032","1200","","MAP","","462137.0","310127.0","Barkby Road, Thurmaston","HMJ8","","","","","","","","","","","110151085","2022-09-20","","NRAIL","","","","","Up Slow","Pedestrian palisade gate into the Up lineside; level. Parking avaiable for 1-2 vehicles close by on bend of road","SK 62137 10127"
"110188647","SPC5","103.132","QM","","103.132","0","","MAP","","462120.0","311043.0","#309 - Syston Station 821A pts CTLP","HMJ8","","","","","","","","","","","110188647","2024-10-01","","NRAIL","","","","","All/Multiple Tracks","This Access is for the use of CtLP at this approved location. Only authorised users can utilise CtLP and must be on the authorised register before attempting to use at this location: #309 - Syston Station 821A pts CTLP","SK 62120 11043"
"20772027","SPC5","103.14","QM","","103.14","3200","","MAP","","462114.0","311086.0","Syston Station","HMJ8","","","","","","","","","","","20772027","2022-09-20","","NRAIL","","","","","Rev Slow","Syston Station. Access off either end of platform for pedestrian access to Bi-di / GSM","SK 62114 11086"
"110151087","SPC5","104.0551","QM","","104.0551","2200","","MAP","","461909.0","311920.0","UBr 36 Mill Lane, Syston","HMJ8","","","","","","","","","","","110151087","2022-09-20","","NRAIL","","","","","Down Slow","Turn off the Fosse Way into Mill Lane; gate on the left with access up the embankment to the Up Slow and Up Syston North Curve.","SK 61809 11920"
"50142760","SPC5","104.056","QM","","104.056","0","","MAP","","461891.0","311927.0","UB 36 Sutton North","HMJ8","","","","","","","","","","","50142760","2022-09-20","","NRAIL","","","","","All/Multiple Tracks","Parking available on Down Fast side of Bridge 36. In addition to Down fast side there is access gate and steps on Up Slow side of Bridge 36.","SK 61879 11910"
"110151149","SPC5","104.056","QM","","104.056","1200","","MAP","","461878.0","311910.0","UBr 36 Mill Lane, Syston","HMJ8","","","","","","","","","","","110151149","2022-09-22","","NRAIL","","","","","Up Slow","Turn off Fosse Way onto Mill Lane.  Access gate is immediately on the left hand side before underbridge No 36. This is a staired access up to track. Access brings you out on the Up Slow side of SPC5.  Line blockage required to access the SEN from this access point.","SK 61878 11910"
"20772026","SPC5","104.0562","QM","","104.0562","2100","","MAP","","461868.0","311924.0","UBr 36 Mill Lane, Syston","HMJ8","","","","","","","","","","","20772026","2022-09-20","","NRAIL","","","","","Down Main/Fast","Parking available on Down Fast side of Bridge 36. In addition to Down fast side there is access gate and steps on Up Slow side of Bridge 36 to SEN.","SK 61868 11924"
"50142763","SPC5","104.1493","QM","","104.1493","2100","","MAP","","461514.0","312689.0","OB 42 A46 Bypass","HMJ8","","","","","","","","","","","50142763","2022-09-20","","NRAIL","","","","","Down Main/Fast","Southbound on the A46<T>, park in Lay by just after Underbridge 42. Pedestrian gate & steps into the cutting to the Down Fast cess.","SK 61514 12689"
"110188677","SPC5","105.022","QM","","105.022","0","","MAP","","461336.0","313102.0","#301 - Goodes Bridge CTLP","HMJ8","","","","","","","","","","","110188677","2024-10-01","","NRAIL","","","","","All/Multiple Tracks","This Access is for the use of CtLP at this approved location. Only authorised users can utilise CtLP and must be on the authorised register before attempting to use at this location: #301 - Goodes Bridge CTLP","SK 61336 13102"
"50142762","SPC5","105.0271","QM","","105.0271","0","","MAP","","461369.0","313155.0","OB 43 Goodes Bridge, Cossington","HMJ8","","","","","","","","","","","50142762","2022-09-20","","NRAIL","","","","","All/Multiple Tracks","Syston Road, gated access on Syston <slow> side of bridge 43","SK 61369 13155"
"50142764","SPC5","105.09","QM","","105.09","1200","","MAP","","461160.0","313623.0","Cossington Bridge - O/B No. 44","HMJ8","","","","","","","","","","","50142764","2022-09-20","","NRAIL","","","","","Up Slow","5 Mile Line Diagram Access Point Number 7256. Notes: Cossington to Ratcliffe on Wreake. Foot access via F/Path Crossing on Up Side.","SK 61160 13623"
"20772837","SPC5","106.05","QM","","106.05","1200","","MAP","","460474.0","314851.0","Sileby Brickyard","HMJ8","","","","","","","","","","","20772837","2022-09-20","","NRAIL","","","","","Up Slow","Off Kendal Road / Albion Road in Sileby; between 2 industrial units, drive to far end, vehicle gates into the up lineside with space to park plant & vehicles.","SK 60474 14851"
"50142737","SPC5","107.017","QM","","107.017","1200","","MAP","","459774.0","315878.0","Windmill Bridge - UBr 51","HMJ8","","","","","","","","","","","50142737","2022-09-20","","NRAIL","","","","","Up Slow","Off B5328, between Sileby & Barrow Upon Soar. Beneath UBr51 into a parking area. Pedestrian gate & steps up the embankment to the Up Slow cess.","SK 59774 15878"
"110188649","SPC5","107.0176","QM","","107.0176","0","","MAP","","459767.0","315840.0","#311 - Windmill Bridge CTLP","HMJ8","","","","","","","","","","","110188649","2024-10-01","","NRAIL","","","","","All/Multiple Tracks","This Access is for the use of CtLP at this approved location. Only authorised users can utilise CtLP and must be on the authorised register before attempting to use at this location: #311 - Windmill Bridge CTLP","SK 59767 15840"
"50142738","SPC5","107.063","QM","","107.063","1200","","MAP","","459520.0","316180.0","Congers Bridge - U/B No. 52","HMJ8","","","","","","","","","","","50142738","2022-09-20","","NRAIL","","","","","Up Slow","""5 Mile Line Diagram Access Point Number 7250. Notes: Lane off B5328 outskirts Sileby Village. 
Public Bridleway""","SK 59520 16180"
"50142739","SPC5","107.11","QM","","107.11","2900","","MAP","","459137.0","316457.0","Mountsorrel Sth End Hayhill Industrial Estate","HMJ8","","","","","","","","","","","50142739","2022-09-20","","NRAIL","","","","","Down Siding","Off B5328 Sileby Road into Hayhill Industrial Estate between Barrow and Sileby. Access track with vehicle palisade gates directly ahead, on a right hand bend, to the Down sidings.","SK 59137 16457"
"110188645","SPC5","107.1122","QM","","107.1122","0","","MAP","","459175.0","316504.0","#307 - Mountsorrel South Junction CTLP","HMJ8","","","","","","","","","","","110188645","2024-10-01","","NRAIL","","","","","All/Multiple Tracks","This Access is for the use of CtLP at this approved location. Only authorised users can utilise CtLP and must be on the authorised register before attempting to use at this location: #307 - Mountsorrel South Junction CTLP","SK 59175 16504"
"50142740","SPC5","108.02","QM","","108.02","2100","","MAP","","458439.0","316939.0","Mountsorrel North End","HMJ8","","","","","","","","","","","50142740","2022-12-14","","NRAIL","","","","","Down Main/Fast","Off B5328, Sileby Road, between houses 199 & 20. Drive leads to former bridleway crossing <closed>.","SK 58439 16939"
"50142741","SPC5","108.12","QM","","108.12","1200","","MAP","","457743.0","317231.0","OBr 57 Grove Lane; Barrow upon Soar Station","HMJ8","","","","","","","","","","","50142741","2022-09-20","","NRAIL","","","","","Up Slow","Barrow Upon Soar Station platforms; access to the Down & Up Slow and Up Fast lines.","SK 57743 17231"
"20772030","SPC5","108.12","QM","","108.12","0","","MAP","","457748.0","317221.0","Mountsorrel Nth End Barrow on Soar Bridalway Xing","HMJ8","","","","","","","","","","","20772030","2022-09-21","","NRAIL","","","","","All/Multiple Tracks","Public access.","SK 57748 17221"
"50142745","SPC5","109.087","QM","","109.087","0","","MAP","","456685.0","318141.0","Stones Cattle Arch - U/B No. 63","HMJ8","","","","","","","","","","","50142745","2022-09-20","","NRAIL","","","","","All/Multiple Tracks","5 Mile Line Diagram Access Point Number 7243. Notes: Cattle Track.","SK 56685 18141"
"50142720","SPC5","111.0418","QM","","111.0418","1200","","MAP","","454807.0","320094.0","Former Allsopps LC; Loughborough South Jcn","HMJ8","","","","","","","","","","","50142720","2022-09-20","","NRAIL","","","","","Up Slow","Off the A60 Nottingham Road into Allsopps Lane and up to the bridleway bridge. Pedestrian access from the Up side only; crossing closed and removed 2014. Access to Loughborough South Jcn & Ruddington Chord.","SK 54807 20094"
"110151088","SPC5","111.1045","QM","","111.1045","0","","MAP","","454348.0","320453.0","Loughborough Station Platforms","HMJ8","","","","","","","","","","","110151088","2022-09-20","","NRAIL","","","","","All/Multiple Tracks","Pedestrian access to the Down & Up Fast and Down Slow lines via the station and footbridge.","SK 54348 20453"
"50142731","SPC5","113.056","QM","","113.056","2100","","MAP","","452589.0","322532.0","Overbridge No.83 Bowleys Bridge","HMJ8","","","","","","","","","NP","","50142731","2022-09-21","","NRAIL","","","","","Down Main/Fast","Notes: Unclassified Road Normanton-Stanford. Access via steps on Dn side. Room for 2 vehicles on Up Slow side of bridge.","SK 52589 22532"
"110149174","SPC5","113.056","QM","","113.056","1200","","MAP","","452668.0","322633.0","Bowleys Bridge","HMJ8","","","","","","","","","","","110149174","2022-09-20","","NRAIL","","","","","Up Slow","New access steps leading to slow lines. Use in preference to asset 50142731 which lead to the mains.","SK 52668 22633"
"50142733","SPC5","113.158","QM","","113.158","2100","","MAP","","452091.0","323353.0","Overbridge No.85 Butt Lane","HMJ9","","","","","","","","","NP","","50142733","2022-09-21","","NRAIL","","","","","Down Main/Fast","WARNING SSOW PROHIBITED. 5 MILE LINE DIAGRAM ACCESS POINT NUMBER 7226. NOTES: UNCLASSIFIED ROAD. BUTT LANE NORMANTON RD TO EAST LEAKE. ACCESS VIA GATE & STEPS TO DOWN SIDE.","SK 52091 23353"
"110149175","SPC5","113.158","QM","","113.158","1200","","MAP","","452113.0","323392.0","Butt Lane","HMJ9","","","","","","","","","","","110149175","2022-09-20","","NRAIL","","","","","Up Slow","New access steps leading to slow lines. Use in preference to asset 50142733 which lead to the mains.","SK 52113 23392"
"110150726","SPC5","114.077","QM","","114.077","2100","","MAP","","451521.0","323992.0","OB88 <Kik Hill> Old Hathern Station","HMJ9","","","","","","","","","","","110150726","2022-09-21","","NRAIL","","","","","Down Main/Fast","There is no parking at this access point.","SK 51521 23992"
"50142707","SPC5","115.0176","QM","","115.0176","1200","","MAP","","450910.0","324868.0","Underbridge No.89 Hubngary Lane","HMJ9","","","","","","","","","NP","","50142707","2022-09-21","","NRAIL","","","","","Up Slow","WARNING SSOW PROHIBITED AT ALL TIMES. NO PARKING FOR VEHICLES. 5 MILE LINE DIAGRAM ACCESS POINT NUMBER 8894. NOTES: UNCLASSIFIED ROAD FROM SUTTON BONNINGTON TO UNCLASSIFIED ROAD TOWARDS WEST LEAKE.","SK 50910 24868"
"50142712","SPC5","115.121","QM","","115.121","1200","","MAP","","450423.0","325716.0","Marle Pit - O/B 94","HMJ9","","","","","","","","","NP","","50142712","2022-09-21","","NRAIL","","","","","Up Slow","WARNING SSOW PROHIBITED AT ALL TIMES. 5 MILE LINE DIAGRAM ACCESS POINT NUMBER 8899. NOTES: UNCLASSIFIED ROAD FROM SUTTON BONNINGTON TO WEST LEAKE. ACCESS IS ON MARLE PIT BRIDGE. NO VEHICLES ARE TO STOP AT THIS LOCATION DUE TO POOR SIGHTING ALONG THE ROAD. PARKING AND DROP OFF IS AVAILABLE APPROXIMATELY 150M AWAY IN THE TENNIS CENTRE CAR PARK. PLEASE GIVE DUE RESPECT TO ALL AT THE TENNIS CENTRE, AS THIS IS A WORD OF MOUTH AGREEMENT THAT COULD BE WITHDRAWN. ACCESS IN POOR CONDITION, STEPS MISSING AND BADLY WORN.","SK 50423 25716"
"50142713","SPC5","116.0572","QM","","116.0572","2100","","MAP","","450072.0","326682.0","Overbridge No.95 Former Kegworth Station","HMJ9","","","","","","","","","NP","","50142713","2022-09-21","","NRAIL","","","","","Down Main/Fast","""Access via Station Terrace <off Station Road>, west side of OB95. 
Shared access with local businesses. Parkign restrictions apply. See notes""","SK 50072 26682"
"50142718","SPC5","117.0704","QM","","117.0704","2100","","MAP","","449671.0","328246.0","UB 104 Kingston","HMJ9","","","","","","","","","NP","","50142718","2022-09-21","","NRAIL","","","","","Down Main/Fast","WARNING SSOW PROHIBITED. 5 MILE LINE DIAGRAM ACCESS POINT NUMBER 8905. NOTES: CATTLE CREEP 40 YDS SOUTH OF ST4492 PARKING FOR APPROX 4 VEHICLES.","SK 49671 28246"
"50142688","SPC5","117.1122","QM","","117.1122","2100","","MAP","","449687.0","328754.0","UB 106 Kingston","HMJ9","","","","","","","","","NP","","50142688","2022-09-21","","NRAIL","","","","","Down Main/Fast","""Kegworth Road. Small wooden access gate adjacent to underpass <Underbridge 106>. 
Steps leading up to track.""","SK 49687 28754"
"110144032","SPC5","118.0067","QM","","118.0067","1200","","MAP","","449756.0","329363.0","ADJACENT TO BRIDGE 107B","HMJ9","","","","","","","","","","","110144032","2022-09-21","","NRAIL","","","","","Up Slow","Access via the first island off the Eastbound A453 <Rememberance Way>. Once inside access gate, follow fence line towards power station for steps down to trackside","SK 49756 29363"
"110144025","SPC5","118.0228","QM","","118.0228","2100","","MAP","","449693.0","329684.0","EAST MIDLANDS PARKWAY STATION","HMJ9","","","","","","","","","","","110144025","2022-09-21","","NRAIL","","","","","Down Main/Fast","NEW LINE SIDE PEDESTRIAN ACCESS POINT AND EMERGENCY EVACUATION POINT FROM EAST MIDLANDS PARKWAY STATION ON THE DOWN FAST SIDE SOUTH END OF PLATFORM 1","SK 49693 29684"
"110144026","SPC5","118.0406","QM","","118.0406","1200","","MAP","","449693.0","329684.0","EAST MIDLANDS PARKWAY STATION","HMJ9","","","","","","","","","","","110144026","2022-09-21","","NRAIL","","","","","Up Slow","NEW LINE SIDE PEDESTRIAN ACCESS POINT FROM EAST MIDLANDS PARKWAY STATION ON THE UP FAST SIDE NORTH END OF PLATFORM 4","SK 49693 29684"
"110144028","SPC5","118.0418","QM","","118.0418","2100","","MAP","","449693.0","329684.0","EM PARKWAY STN PEDESTRIAN FOOTBRIDGE","HMJ9","","","","","","","","","","","110144028","2022-09-21","","NRAIL","","","","","Down Main/Fast","NEW EAST MIDLANDS PARKWAY STATION FOOTBRIDGE GIVING PEDESTRIAN ACCESS TO PLATFORM 1","SK 49693 29684"
"110144029","SPC5","118.0418","QM","","118.0418","1100","","MAP","","449693.0","329684.0","EM PARKWAY STN PEDESTRIAN FOOTBRIDGE","HMJ9","","","","","","","","","","","110144029","2022-09-21","","NRAIL","","","","","Up Main/Fast","NEW EAST MIDLANDS PARKWAY STATION FOOTBRIDGE GIVING ACCESS TO PLATFORM 2","SK 49693 29684"
"110144030","SPC5","118.0418","QM","","118.0418","2200","","MAP","","449693.0","329684.0","EM PARKWAY STN PEDESTRIAN FOOTBRIDGE","HMJ9","","","","","","","","","","","110144030","2022-09-21","","NRAIL","","","","","Down Slow","NEW EAST MIDLANDS PARKWAY RAILWAY STATION FOOTBRIDGE GIVING ACCESS TO PLATFORM 3","SK 49693 29684"
"110144031","SPC5","118.0418","QM","","118.0418","1200","","MAP","","449693.0","329684.0","EM PARKWAY STN PEDESTRIAN FOOTBRIDGE","HMJ9","","","","","","","","","","","110144031","2022-09-21","","NRAIL","","","","","Up Slow","NEW EAST MIDLANDS PARKWAY RAILWAY STATION FOOTBRIDGE GIVING ACCESS TO PLATFORM 4","SK 49693 29684"
"50142766","SPC5","106.1286","QM","","106.1286","1200","","MAR","","460128.0","315380.0","Sileby Junction; Allotments Overbridge; Highbridge","HMJ8","","","","","","","","","","","50142766","2022-09-20","","NRAIL","","","","","Up Slow","Off B5328, Barrow Road, in Sileby into King Street <opposite church> continue beneath UBr 48 then first left into Highbridge. Follow road round to right to vehicle gates into the Up lineside. Large parking area for vehicles, plant etc. Access to relay room & south end of Junction.","SK 60128 15380"
"120001511","SPC5","108.1654","QM","","108.1654","0","","MAR","","457320.0","317456.0","High Street Barrow upon Soar RRAP","HMJ8","","","","","","","","","See Free Text","","120001511","2025-12-01","","","","","","","All/Multiple Tracks","RRAP installed at High Street Barrow upon Soar at What3Words ///finer.cherubs.stylist – Double 14.4M TapSTRAIL
Fast Lines – 1100 & 2100
Mileage - 108m 1654y 
Access gained from High Street Barrow access point ///irritable.thudded.stand",""
"110151981","SPC5","118.0602","QM","","118.0602","2100","","MAR","","449681.0","329817.0","East Midland Parkway","HMJ9","","","","","","","","","","","110151981","2022-09-21","","NRAIL","","","","","Down Main/Fast","East Midland Parkway. Grid Ref SK946298","SK 49681 29817"
"50404046","SPC5","99.0302","QM","","99.0302","2100","","MAV","","459464.0","304315.0","Swain St. Leicester Stn Car Park","HMJ8","","","","","","","","","","","50404046","2023-08-22","","NRAIL","","","","","Down Main/Fast","Double gates into the Down Cess beneath Obr 3. Limited parking inside the gates; NOTE - Barrow crossing and walking route can only be accessed as part of a SWP, with a nominated PIC and under line blocks as per 019 standard.","SK 59464 04315"
"50404032","SPC5","99.0643","QM","","99.0643","2300","","MAV","","459645.0","304566.0","St. Georges Retail Park","HMJ8","","","","","","","","","","","50404032","2022-09-20","","NRAIL","","","","","Down Goods","Rear of commercial premisis. LArge doubel gates. Access via Constitution Hill. Continue up until almost opposite PSB","SK 59645 04566"
"50142772","SPC5","99.0667","QM","","99.0667","1900","","MAV","","459724.0","304537.0","Leicester PSB & Locomotive Depot","HMJ8","","","","","","","","","","","50142772","2022-09-20","","NRAIL","","","","","Up Siding","Double gates into the sidings; not owned by NR so permission may be required from DBS for plant. Pedestrian gate to the Authorised Walking Route to platform 4  also present but with a special security latch, not a 222 lock.","SK 59724 04537"
"20772562","SPC5","99.08","QM","","99.08","1900","","MAV","","459741.0","304653.0","Beal Street maintenance depot","HMJ8","","","","","","","","","","","20772562","2022-09-20","","NRAIL","","","","","Up Siding","Up PSB siding for Up & Down Slow. Double vehicle gate to the Power Box Siding cess with the Up & Down Slow line immediately beyond.","SK 59741 04653"
"50404047","SPC5","99.1641","QM","","99.1641","2900","","MAV","","459986.0","305301.0","Goods Line Derby Rd Nedham St Depot","HMJ8","","","","","","","","","","","50404047","2022-09-20","","NRAIL","","","","","Down Siding","Accessed via Syston St East. Double palisade gates located between Recycling centre and Mason & King / Shoezone","SK 59986 05301"
"50142776","SPC5","99.1653","QM","","99.1653","2900","","MAV","","459980.0","305116.0","Humberstone Road sidings; Syston Street East","HMJ8","","","","","","","","","","","50142776","2022-09-20","","NRAIL","","","","","Down Siding","Shoezone","SK 59980 05116"
"50142754","SPC5","102.024","QM","","102.024","3200","","MAV","","461709.0","308548.0","OBr 25 Humberstone Lane, Colby Road","HMJ8","","","","","","","","","","","50142754","2022-09-20","","NRAIL","","","","","Rev Slow","  From Humberstone Lane, Thurmaston, turn into Colby Rd next to OBr 25 & immediate left onto car standing. Proceed along the footpath to right & the vehicle gates are ahead. Access down a slope to Up Side.  BEWARE OF PEDESTRIANS.","SK 61709 08548"
"50142759","SPC5","103.132","QM","","103.132","2200","","MAV","","462089.0","311144.0","Syston Station & South Junction","HMJ8","","","","","","","","","","","50142759","2022-09-20","","NRAIL","","","","","Down Slow","Access off the A607 in Syston opposite The Midland Public House. Double palisade gates to the Up side from the south end of the station car park.","SK 62189 11144"
"110181931","SPC5","103.1442","QM","","103.1701","3200","","MAV","","462111.0","311138.0","Syston South Junction <North Side>","HMJ8","","","","","","","","","","","110181931","2022-11-24","","NRAIL","","","","","Rev Slow","Gates to the north side of Syston Station Car Park, leading to RRAP on the Bi-Directional Slow Line as well as Syston South Junction and Syston Relay Room. Access is also possible to the Up & Down Peterborough via the road to the right of the Relay Room. The What3Words ref. for the gates are alert.dent.camp",""
"20772563","SPC5","108.1601","QM","","108.1601","2100","","MAV","","457380.0","317413.0","High Street Barrow Upon Soar <former station yard>","HMJ8","","","","","","","","","","","20772563","2022-09-20","","NRAIL","","","","","Down Main/Fast","At the junction of High St & Bridge St. Access to the Down lineside via double gates at end of public Car Park. Former station yard with extensive plant and equipment storage area.","SK 57380 17413"
"110151089","SPC5","111.1167","QM","","111.1167","2100","","MAV","","454262.0","320523.0","Loughborough Station yard","HMJ8","","","","","","","","","","","110151089","2022-09-20","","NRAIL","","","","","Down Main/Fast","Vehicle, plant & pedestrian access to a lineside area, with parking and limited storage space, on the Down Fast lineside. Turning area for cars and vans at the north end. Former goods yard.","SK 54262 20523"
"110151090","SPC5","111.1613","QM","","111.1613","1200","","MAV","","453984.0","320827.0","Loughborough Brush siding","HMJ8","","","","","","","","","","","110151090","2022-09-20","","NRAIL","","","","","Up Slow","Double palisade gates into the Up siding and Up Slow line via Brush Works. Contact the gatehouse for access.","SK 53984 20827"
"20772031","SPC5","114.1032","QM","","114.1032","1200","","MAV","","451534.0","324081.0","Hathern Brickyard","HMJ9","","","","","","","","","Access Point","","20772031","2022-09-21","","NRAIL","","","","","Up Slow","WARNING SSOW PROHIBITION AT ALL TIMES. THIS IS A PEDESTRIAN ACCESS. PARKING OUTSIDE ACCESS GATE FOR 2/3 VEHICLES.PREARRANGED AUTHORISATION <SITE VISIT NECESSARY> REQUIRED FROM ADJACENT BUSINESS TO USE PARKING FACILITIES. ACCESS THROUGH INDUSTRIAL SITE, AN OLD CLAY WORKS OFF OF THE A6006 ZOUCH TO REMPSTONE ROAD.A KEY IS AVAILABLE AT WEEKENDS. FOR VEHICULAR ACCESS THROUGH HATHERN BRICKYARD, FOLLOW THE ROAD AROUND TO GATE. ACCESS IS THROUGH STEEL GATE ONTO THE UP SLOW SIDE.","SK 51534 24081"
"110144027","SPC5","118.0406","QM","","118.0406","2100","","MAV","","449690.0","329514.0","EAST MIDLANDS PARKWAY STATION","HMJ9","","","","","","","","","","","110144027","2022-09-21","","NRAIL","","","","","Down Main/Fast","Narrow single track. No Turning. Double yellow lines at vehicular entrance.","SK 49690 29514"
"20772032","SPC5","118.132","QM","","118.132","1300","","MAV","","449674.0","330414.0","Ratcliffe Power Station","HMJ9","","","","","","","","","","","20772032","2022-09-21","","NRAIL","","","","","Up Goods","Parking for several vehicles at each end. Access to railway available through Ratcliffe Power Station. Rules to be adhered to. Access A453 Nottingham then turn into Power Station. On arrival report to Gatehouse and sign in PERMISSION MUST BE OBTAINED PRIOR TO ARRIVAL BY PHONE. Access track from roads in Power Station. Access points are at Flyash and Tunnel end. Vehicles must be left at one of these points and nowhere else.","SK 49674 30414"
"50142697","SPC6","119.0175","QM","","119.0175","0","","MAP","","449470.0","331050.0","Viaduct","HMJ9","","","","","","","","","Access Point","","50142697","2022-09-21","","NRAIL","","","","","All/Multiple Tracks","Vehicular access through double palisade gates situated between Fast and Slow lines","SK 49470 31050"
"50142698","SPC6","119.0428","QM","","119.0428","0","","MAP","","449402.0","331261.0","Cranfleet Canal Underbridge","HMJ9","","","","","","","","","Access point","","50142698","2022-09-21","","NRAIL","","","","","All/Multiple Tracks","Notes: Cranfleet Canal. Sourced from APM Nottingham Emergency Manual. Issue 01 01/03/97. Parking inside boundary for 5 vehicles. Access Trent Lane and drive straight down to farm. Drive through farm on cattle creeps to Cranfleet Canal Underbridge.","SK 49402 31261"
"110157770","SPC6","119.0608","QM","","119.0608","0","","MAP","","449343.0","331413.0","UB 24 Sawley & Thrumpton","HMJ9","","","","","","","","","Access Point","","110157770","2022-09-21","","NRAIL","","","","","All/Multiple Tracks","Notes: Tk ID 1100/2100. Lane off track which passes former Trent Station to fields on River Trent. Sourced from APM Nottingham Emergency Manual. Issue 01 01/03/97. Parking between tracks Down TSN1 Up SPC6.","SK 49343 31413"
"50142700","SPC6","120.0616","QM","","120.0616","0","","MAP","","448092.0","332217.0","Long Eaton Station","HMJ9","","","","","","","","","NP","","50142700","2022-09-21","","NRAIL","","","","","All/Multiple Tracks","Access to both up and down lines via station pedestrian access. Gates on the end of each platform offering pedestrian access","SK 48092 32217"
"50142677","SPC6","122.0682","QM","","122.0682","0","","MAP","","444957.0","333330.0","Overbridge No.17","HMJ9","","","","","","","","","NP","","50142677","2022-09-21","","NRAIL","","","","","All/Multiple Tracks","A6005 Draycott Road. Access via gate on Down fast side of bridge 17","SK 44957 33330"
"50142678","SPC6","122.1122","QM","","122.1122","2100","","MAP","","444603.0","333451.0","Overbridge No.16","HMJ9","","","","","","","","","NP","","50142678","2022-09-21","","NRAIL","","","","","Down Main/Fast","Accessed via Town End Road","SK 44603 33451"
"50142681","SPC6","122.1496","QM","","122.1496","2100","","MAP","","444271.0","333529.0","Drainage Syphon","HMJ9","","","","","","","","","Pedestrian Access","","50142681","2022-09-21","","NRAIL","","","","","Down Main/Fast","No parking is available, trackside or roadside. Access via the public recreation ground, and is to the drainage syphon only","SK 44271 33529"
"50142682","SPC6","123.0631","QM","","123.0631","1100","","MAP","","443466.0","333695.0","Overbridge No.13","HMJ9","","","","","","","","","NP","","50142682","2022-09-21","","NRAIL","","","","","Up Main/Fast","Notes: A6005 Derby Road - Borrowash - Draycott. Up Main. Auto. 100 yds walk up direction from bridge. Track via Telecoms mast.","SK 43466 33695"
"50142684","SPC6","123.092","QM","","123.092","1100","","MAP","","443201.0","333697.0","Overbridge No.12","HMJ9","","","","","","","","","NP","","50142684","2022-09-21","","NRAIL","","","","","Up Main/Fast","ZIAR Ref No_269533_ Interim Reference No_HZ_7217 _Notes: Down Main. auto. Access from Derby on A6005, turn right into Nooning Lane before OB13 & Draycott. Steps lead to Up Side at OB12. Sourced from APM Derby Emergency Manual. Issue 01 01/03/97. Existing steps ""added to"" as enhancement during 2013.","SK 43201 33797"
"50142661","SPC6","125.0971","QM","","125.0971","1100","","MAP","","440252.0","334960.0","Anglers Lane","HMJ9","","","","","","","","","NP","","50142661","2022-09-21","","NRAIL","","","","","Up Main/Fast","Double palisade gates on Anglers Lane obstruvted by concrete barricade on both sides preventing vehicular access. Former vehicle access point but barricades now restrict access. Will be reinstated as vehicular access <MAV> once the sizeable concrete barricades removed","SK 40252 34960"
"50396338","SPC6","125.1621","QM","","125.1621","0","","MAP","","439640.0","335136.0","Spondon Station","HMJ9","","","","","","","","","NP","","50396338","2022-09-21","","NRAIL","","","","","All/Multiple Tracks","ACCESS TO STATION VIA PUBLIC HIGHWAY. T1/T2 IF AT STATION PLATFORMS WARNING SSOW PROHIBITED. USE ACCESS POINT AT 125M 1652Y<50396339>","SK 39640 35136"
"50396339","SPC6","125.1652","QM","","125.1652","2100","","MAP","","439640.0","335136.0","Spondon Station","HMJ9","","","","","","","","","NP","","50396339","2022-09-21","","NRAIL","","","","","Down Main/Fast","Vehicular access through gates on down fast, south side of LC. Space in front of gates for 1-3 vehicles. More space beyond gates.","SK 39640 35136"
"50142662","SPC6","126.084","QM","","126.084","2100","","MAP","","438814.0","335352.0","Overbridge No. 12","HMJ9","","","","","","","","","NP","","50142662","2022-09-21","","NRAIL","","","","","Down Main/Fast","5 Mile Line Diagram Access Point Number 7209. Notes: A5111 Raynesway. Signal access via gates on Down Side at A5111 underpass. D4 Lock. Further details required.","SK 38814 35352"
"50142672","SPC6","127.121","QM","","127.121","0","","MAP","","436981.0","335992.0","Chaddesden Ballast Sidings","HMJ9","","","","","","","","","NP","","50142672","2022-09-21","","NRAIL","","","","","All/Multiple Tracks","Gated access to the rear of Mercia House adjacent carriage siding no:1","SK 36981 35992"
"120000054","SPC6","128.0484","QM","","128.0484","3900","","MAP","","436147.0","336135.0","Dunton Close","HMJ9","","","","","","","","","Pedestrian access point","","120000054","2024-11-15","","","","","","","Rev Siding","Access point is found from Chequers Road and then on to Ashlyn Road which leads to Dunton Close.  

At the access point there are several steps up to a locked gate which gives access to track.",""
"20772033","SPC6","119.146","QM","","119.146","2100","","MAV","","448693.0","332024.0","Sheet Stores","HMJ9","","","","","","","","","","","20772033","2022-09-21","","NRAIL","","","","","Down Main/Fast","Accessed via Sheet Stores Ind Est & Erewash Canal. Turn off Fields Farm Road onto Bosworth Way. Take first right into industrial area and follow road to double gates. Pass through gates and follow path at side of canal and through secondary gate onto railway land. Drive up slope to area between SPC and Up Main SSJ1.","SK 48693 32024"
"20772034","SPC6","120.115","QM","","120.115","2100","","MAV","","447546.0","332237.0","Wilmot Street","HMJ9","","","","","","","","","","","20772034","2022-09-21","","NRAIL","","","","","Down Main/Fast","Accessed via gravel track to allotments on Wilmot St between number 73 & 67, opposite Grosvenor Ave. Room for 1 vehicle inside gates and 2/3 outside","SK 47546 32237"
"50142659","SPC6","124.114","QM","","124.114","2100","","MAV","","441595.0","334170.0","Borrowash","HMJ9","","","","","","","","","NP","","50142659","2022-09-21","","NRAIL","","","","","Down Main/Fast","5 Mile Line Diagram Access Point Number 7213. To Down Line. Access to Down cess via gate Derby side of OB10.","SK 41595 34170"
"110150128","SPC6","127.0967","QM","","127.0967","0","","MAV","","437194.0","335897.0","Chaddesden Sidings","HMJ9","","","","","","","","","","","110150128","2022-09-21","","NRAIL","","","","","All/Multiple Tracks","Access from Chequers Road from the A52 roundabout. Parking for 10+ vehicles. There is no permanent RRAP.","SK 37194 35897"
"110164346","SPC7","127.132","QM","","127.132","1100","","MAP","","436918.0","334820.0","Deadmans Lane","HMJ9","","","","","","","","","Access","","110164346","2022-09-21","","NRAIL","","","","","Up Main/Fast","Direct access from roadside. Traffic can be busy adjacent to the entrance point. Pass through underbridge. The access point is positioned by the right hand side of the carriageway before Etches Park Diesel Maint. Depot. Immediately past bridge. Locked, gated access leading to set of steep steps ascending to trackside.","SK 36918 34820"
"20772358","SPC7","128.0239","QM","","128.0239","0","","MAP","","436354.0","335085.0","Derby Train Crewe Depot to Derby PSB","HMJ9","","","","","","","","","","","20772358","2022-09-21","","NRAIL","","","","","All/Multiple Tracks","Accessed from RTC Business Park, London Road A5194. Gates to PSB are at the far end of the large car park","SK 36354 35085"
"50142647","SPC7","128.0286","QM","","128.0286","2900","","MAP","","436354.0","335085.0","Derby PSB","HMJ9","","","","","","","","","NP","","50142647","2022-09-21","","NRAIL","","","","","Down Siding","Accessed from RTC Business Park, London Road A5194. Gates to PSB are at the far end of the large car park","SK 36354 35085"
"50142671","SPC7","128.029","QM","","128.029","0","","MAP","","436354.0","335085.0","Derby Power Signal Box","HMJ9","","","","","","","","","NP","","50142671","2022-09-21","","NRAIL","","","","","All/Multiple Tracks","Accessed from RTC Business Park, London Road A5194. Gates to PSB are at the far end of the large car park","SK 36354 35085"
"50398143","SPC7","128.044","QM","","128.044","3800","","MAP","","436253.0","335238.0","Derby 4 Shed","HMJ9","","","","","","","","","NP","","50398143","2008-09-08","","NRAIL","","","","","Rev Other/Eng/Car","Derby Train Crew Depot. Lock on East Midlands Trains property.",""
"110181851","SPC8","127.1269","QM","","127.1269","3101","","MAP","","436217.0","335383.0","Derby Station","HMJ9","","","","","","","","","","","110181851","2022-11-15","","NRAIL","","","","","","Pedestrian Access. Acess via Derby Station","SK 36217 35383"
"50142648","SPC8","128.0","QM","","128.0","1100","","MAP","","436184.0","335815.0","Wyvern House Car Park","HMJ9","","","","","","","","","NP","","50142648","2022-09-21","","NRAIL","","","","","Up Main/Fast","Barrier control at Derby Stn by East Midlands Railway.  Gate situated to the rear of Wyvern House","SK 36184 35715"
"50142649","SPC8","128.055","QM","","128.055","1300","","MAP","","436036.0","336355.0","West Meadows Ind Estate","HMJ9","","","","","","","","","NP","","50142649","2022-09-21","","NRAIL","","","","","Up Goods","Pedestrian and Vehicular access via Cranmer Road, opposite Kwikfit Training Academy. Gravel track leads behind industrial units leading to access gate. Previously lead onto direct access to signals but these have since moved due to re-mod.","SK 36036 36355"
"50142657","SPC8","129.1743","QM","","129.1743","2300","","MAP","","436131.0","338919.0","Overbridge No. 10 Alfreton Road","HMJ9","","","","","","","","","NP","","50142657","2022-09-21","","NRAIL","","","","","Down Goods","Notes: No parking available. Alfreton Rd, Derby. Pedestrian access via gate on Down Side. Gate located on Down side of bridge 10. Steps down to trackside.","SK 36131 38919"
"50142658","SPC8","130.1302","QM","","130.1302","1100","","MAP","","436198.0","340086.0","Ford Lane/Breadsall Little Chef","HMJ9","","","","","","","","","NP","","50142658","2022-09-21","","NRAIL","","","","","Up Main/Fast","Access from A38  Starbucks island. Ballast roadway. Provides access to down cess from Ford Lane. Provides access to up cess via private caravan park off A38.","SK 36198 40086"
"110179976","SPC8","132.135","QM","","132.135","1100","","MAP","","434787.0","343057.0","Eyes Meadow","HMJ9","","","","","","","","","","","110179976","2022-09-12","","NRAIL","","","","","Up Main/Fast","MAP halfway up Donald Hawley Way - Gate provides immediate access to the up fast. No parking on Donald Hawley Way.","SK 34787 43057"
"50396594","SPC8","133.0096","QM","","133.0096","0","","MAP","","434620.0","343535.0","Duffield Stn","HMJ9","","","","","","","","","NP","","50396594","2022-09-20","","NRAIL","","","","","All/Multiple Tracks","Track ID 1100/2100. Parking at Station Car Park. 5 Mile Line Diagram Access Point Number 7185. Access to track via gates on platforms","SK 34620 43535"
"110188667","SPC8","133.0286","QM","","133.0286","1100","","MAP","","434596.0","343605.0","#104 - Duffield Station CTLP","HMJ9","","","","","","","","","","","110188667","2024-10-01","","NRAIL","","","","","Up Main/Fast","This Access is for the use of CtLP at this approved location. Only authorised users can utilise CtLP and must be on the authorised register before attempting to use at this location: #104 - Duffield Station CTLP","SK 34596 43605"
"50142630","SPC8","133.04","QM","","133.04","0","","MAP","","434620.0","343535.0","Carwise. Duffield  & Milford Tunnel","HMJ9","","","","","","","","","NP","","50142630","2022-09-21","","NRAIL","","","","","All/Multiple Tracks","Access point next to Carwise car dealer on Milford Road. Parking for 2-3 cars.","SK 34520 43735"
"50142640","SPC8","135.12","QM","","135.12","2100","","MAP","","434796.0","347585.0","Belper Station Down Platform - Footpath","HMJ9","","","","","","","","","NP","","50142640","2022-09-20","","NRAIL","","","","","Down Main/Fast","Accessed via footpath from Field Lane, onto Down Main platform. Numerous car parks close by. Bridge Street > Field Ln > Station parking","SK 34796 47585"
"50396596","SPC8","135.12","QM","","135.12","1100","","MAP","","434827.0","347510.0","Belper Station Up Platform","HMJ9","","","","","","","","","NP","","50396596","2022-09-21","","NRAIL","","","","","Up Main/Fast","Accessed from the rear of Poundland. Numerous car parks close by. Bridge Street > Field Ln > Station parking","SK 34827 47510"
"50396597","SPC8","135.12","QM","","135.12","2100","","MAP","","434797.0","347505.0","Belper Station Down Platform","HMJ9","","","","","","","","","NP","","50396597","2022-09-20","","NRAIL","","","","","Down Main/Fast","Accessed from the rear of Poundland. Numerous car parks close by. Bridge Street > Field Ln > Station parking","SK 34797 47505"
"50142615","SPC8","135.164","QM","","135.164","2100","","MAP","","434737.0","348048.0","Overbridge No.34 Belper Fire Station","HMJ9","","","","","","","","","NP","","50142615","2022-09-20","","NRAIL","","","","","Down Main/Fast","WARNING SSOW PROHIBITED. TK ID 1100/2100. CONCRETE STEPS DOWN. NO ROAD RAILER ACCESS. PARKING IN FIRE STATION CAR PARK. CONCRETE STEPS REPLACED WITH KWIKSTEP METAL STEPS DURING 2013.~
Fire Station accessed from Matlock Road <A6>","SK 34737 48048"
"110158966","SPC8","138.165","QM","","138.165","0","","MAP","","435996.0","352239.0","Sawmills","HMJ9","","","","","","","","","Access Point","","110158966","2022-09-20","","NRAIL","","","","","All/Multiple Tracks","Footbridge at Sawmills accessed from A610 Ripley Road. ~
Original foot crossing removed. Track access permission retained. Parking possible for two small car/van.","SK 35996 52239"
"50142628","SPC8","140.0704","QM","","140.0704","1100","","MAP","","437865.0","353631.0","Underbridge No53 Weirmill Bridge","HMJ9","","","","","","","","","","","50142628","2022-09-20","","NRAIL","","","","","Up Main/Fast","Park Lane South Wingfield. No vehicular access. No Road Railer access. Parking on roadside for 3 vehicles.~
Gates and steps upgraded circa 2018-2020.~
Instruction: Please refrain from turning in the entrance to Bull Farm","SK 37865 53631"
"20772397","SPC8","141.128","QM","","141.128","0","","MAP","","438517.0","355776.0","Wingfield Old Station","HMJ9","","","","","","","","","","","20772397","2022-09-20","","NRAIL","","","","","All/Multiple Tracks","Former Wingfield Station, restoration began circa 2020.~
Come off Holm Road B5303. ~
Tk ID 1100/2100. Ballast roadway. No vehicular access. No barriers. Parking outside for up to 4 vehicles.","SK 38517 55776"
"50142608","SPC8","142.0308","QM","","142.0308","2100","","MAP","","438662.0","356372.0","Underbridge No.59/DY585","HMJ9","","","","","","","","","NP","","50142608","2022-09-22","","NRAIL","","","","","Down Main/Fast","Dale Hill Road / Matlock Road. Access in between OB59 and River Amber.","SK 38662 56372"
"50142607","SPC8","142.0902","QM","","142.0902","1100","","MAP","","438781.0","356918.0","Underbridge No.61","HMJ9","","","","","","","","","NP","","50142607","2022-09-20","","NRAIL","","","","","Up Main/Fast","Access is on the east side of bridge 61 close to the village of Amber Row, Alfreton. Parking for 1-2 vehicles at least on west side of bridge 61 in layby.","SK 38781 56918"
"50142609","SPC8","143.0592","QM","","143.0592","2100","","MAP","","438600.0","358196.0","Bumpmill / Back Ln","HMJ9","","","","","","","","","","","50142609","2022-09-20","","NRAIL","","","","","Down Main/Fast","Parking for two vans on the hard shoulder at the bottom of the steps. Options for additional parking at nearby Sewage works as well.","SK 38600 58196"
"50142588","SPC8","146.0462","QM","","146.0462","2100","","MAP","","438928.0","362881.0","Clay Cross Tunnel South Portal","HMJ9","","","","","","","","","","","50142588","2022-09-20","","NRAIL","","","","","Down Main/Fast","TK ID 1100/2100. WARNING SSOW PROHIBITED. STEEL PLATED STEPS WITH ACCESS AT TOP. NO ROAD RAILER ACCESS. PARKING AT TOP OF CLAY CROSS TUNNEL <MILL LANE> 4 VEHICLES.ZIAR REF NO_270783_ INTERIM REFERENCE NO_HZ_9057 _NOTES: A.61 SOUTH, AT DUFFTON OVER 2 ROUNDABOUTS THROUGH CLAY CROSS, TURN RIGHT AT TRAFFIC LIGHTS, SIGN POST HANDLEY & LITTLEMOOR. CLAY LANE., TURN LEFT BY PHONE BOX TO LINE SIDE & PARK. SOUTH PORTAL ON RIGHT BEHIND PLAY AREA. METAL STEPS EXTENDED BY 50M ALL THE WAY TO THE TOP OF THE SLOPE DURING 2013.","SK 38928 62881"
"20771097","SPC8","147.066","QM","","147.066","1100","","MAP","","439787.0","364314.0","CLAY CROSS, BIWATER PIPES<closed>","HMJ9","","","","","","","","","","","20771097","2022-09-20","","NRAIL","","","","","Up Main/Fast","Accessible from Furnace Hill Road or new housing estate on Howe Grove.~
Tk ID 1100/2100. Parking in Old Clay Cross Pipe Works at top of access steps. A Pedestrian Access to Clay Cross tunnel, North Portal. A61 north into Clay Cross. Across first set of traffic lights and take third turn on right to T junction. Turn left, follow road through industrial estate to cross roads and turn left. Left turn into former Bywater Pipes site. For access through the barrier between 08:15 and 17:15 call Rex Mellors on 07739 909746. At night and all other hours call Riber Security on the telephone number on the gate. 0800 5427124.","SK 39787 64314"
"110151973","SPC8","130.1302","QM","","130.1302","2100","","MAR","","436058.0","340119.0","Ford Lane - Up Side","HMJ9","","","","","","","","","","","110151973","2022-09-21","","NRAIL","","","","","Down Main/Fast","Access either direct via A38 or Ford Lane, Allestree","SK 36058 40119"
"50142624","SPC8","138.11","QM","","138.11","0","","MAR","","435562.0","351971.0","Ambergate Yard  <Jarvis> Ambergate GF","HMJ9","","","","","","","","","NP","","50142624","2022-09-20","","NRAIL","","","","","All/Multiple Tracks","Access gates off Ripley road. Up the ramp provides good access for road railer vehicles. Plenty of parking at old Ambergate P""Way Yard. Provides access to north portal of Toadmoor Tnl 138.0440 to 138.1320 inclusive. Access via Down Cess.","SK 35662 51971"
"50142614","SPC8","145.0748","QM","","145.0748","2100","","MAR","","438696.0","361430.0","Stretton Ground Frame - DC4841","HMJ9","","","","","","","","","","","50142614","2022-09-20","","NRAIL","","","","","Down Main/Fast","Gate well away from railway lines. Access gate at top of a long drive at roadside. Enough space for 6 vehicle parking. Notes: After entering Stretton take 1st left onto B6014 between the White Bear & Tarbutt Arms P.H. s. Continue down the hill & take immediate right turn over 2nd Bridge, & through gate to side of line. Vehicle Access leads to side of Down side of the line at G.F & continues in Down direction to DC4841.","SK 38696 61430"
"110151988","SPC8","145.088","QM","","145.088","2100","","MAR","","438696.0","361430.0","Stretton GF","HMJ9","","","","","","","","","","","110151988","2022-09-20","","NRAIL","","","","","Down Main/Fast","Gate well away from railway lines. Access gate at top of a long drive at roadside. Enough space for 6 vehicle parking. Notes: After entering Stretton take 1st left onto B6014 between the White Bear & Tarbutt Arms P.H. s. Continue down the hill & take immediate right turn over 2nd Bridge, & through gate to side of line. Vehicle Access leads to side of Down side of the line at G.F & continues in Down direction to DC4841.","SK 38696 61430"
"110184631","SPC8","147.1188","QM","","147.1188","1100","","MAR","","440052.0","364761.0","Clay Cross Pipeworks","HMJ9","","","","","","","","","","","110184631","2023-08-25","","NRAIL","","","","","Up Main/Fast","Access to the SPC8 via the TCC - enter the access at the same entrace as ""Pipe works"" <TCC>: Gate on Furnace Hill Road, W3W revise.sparkels,immediate. Follow the lane that goes down the side of the track, all the way down and the land will open up along side the SPC8 <W3W: jigging.scrap.flattery>, access at: 147m54ch. Parking for multiple vehicles.",""
"120000326","SPC8","127.1518","QM","","127.1517","3800","","MAV","","436271.0","335600.0","Roundhouse - Rear of Derby Train Station","HMJ9","","","","","","","","","Vehicle and Pedestrian Access Point","","120000326","2025-01-23","","","","","","","Rev Other/Eng/Car","Access via Roundhouse Road.  Double access gates are located just off the roundabout at the end of Roundhouse Road between the train station and Derby college car park. 

W3W - pirate.spoken.squad",""
"110168871","SPC8","127.152","QM","","127.152","1300","","MAV","","436272.0","335599.0","The Roundhouse, Roundhouse Road","HMJ9","","","","","","","","","RRV","","110168871","2022-09-21","","NRAIL","","","","","Up Goods","Black gates off the Roundhouse Rd island. Parking for 1 vehicle. Accessed from Pride Park side of Derby Station. Access to Fuel & Inspection & Derby Pilot lines SPC8","SK 36272 35599"
"50142646","SPC8","128.052","QM","","128.052","1300","","MAV","","436036.0","336355.0","West Meadows Ind Estate","HMJ9","","","","","","","","","NP","","50142646","2022-09-21","","NRAIL","","","","","Up Goods","Vehicular access via Cranmer Road, opposite Kwikfit Training Academy. Gravel track leads behind industrial units leading to access gate. Previously lead onto direct access to signals but these have since moved due to re-mod.","SK 36036 36355"
"110181911","SPC8","128.1144","QM","","128.1144","3204","","MAV","","435888.0","336829.0","Derby Council Depot","HMJ9","","","","","","","","","","","110181911","2022-11-18","","NRAIL","","","","","","Access is gained through Derby Council site. Normal Opening Hours are Mon-Fri 06:00 - 19:00.  Sat/Sun 06:00 - 12:00.  Please contact 01332 641514.  Limited space for vehicles within compound","SK 35888 36829"
"50142653","SPC8","128.1694","QM","","128.1694","0","","MAV","","435743.0","337287.0","Caeser Street","HMJ9","","","","","","","","","NP","","50142653","2022-09-21","","NRAIL","","","","","All/Multiple Tracks","Access from Caesar St off Mansfield Rd. Parking for many vehicles once up the ramp to trackside.","SK 35743 37287"
"20772359","SPC8","129.044","QM","","129.044","0","","MAV","","435852.0","337757.0","Parkers Industrial Estate.","HMJ9","","","","","","","","","","","20772359","2022-09-21","","NRAIL","","","","","All/Multiple Tracks","Turning into Parker Centre from Mansfield Roadand drive to the end of the blue roofed industrial units. Double access gates are to the rear of Windmill Garage. Parking for 1-2 vehicles inside gate.","SK 35852 37757"
"20772394","SPC8","132.12","QM","","132.12","1100","","MAV","","434832.0","342896.0","Duffield Church","HMJ9","","","","","","","","","","","20772394","2022-09-20","","NRAIL","","","","","Up Main/Fast","Room for 1 vehicle beyond gates and 2 more infront of gates on Donald Hawley Way.","SK 34832 42896"
"20772395","SPC8","132.17","QM","","132.17","1100","","MAV","","434709.0","343288.0","Eyes Meadow","HMJ9","","","","","","","","","","","20772395","2022-09-20","","NRAIL","","","","","Up Main/Fast","Down side, double gates - Give way to vehicles leaving Eyes Meadow. Limited parking beyond access gate but Eyes Meadow has a small public car park.","SK 34709 43288"
"20772396","SPC8","134.172","QM","","134.172","0","","MAV","","434760.0","346508.0","Trolleys-Belper Goods Yard","HMJ9","","","","","","","","","","","20772396","2022-09-21","","NRAIL","","","","","All/Multiple Tracks","Accessed via Derby Road, turn off at Goods Yard <signposted>. Belper Auto Electronics. Room for one van only. More parking available behind Belper Auto Electrical building, also accessed from ramp off Derby Road","SK 34760 46508"
"50142617","SPC8","136.044","QM","","136.044","2100","","MAV","","434766.0","348608.0","Fishermans car park Wyver Lane/DY556","HMJ9","","","","","","","","","","","50142617","2022-09-20","","NRAIL","","","","","Down Main/Fast","T2 & T12 WARNING SSOW PROHIBITED WORKING. TK ID 1100/2100. PROVIDES ACCESS TO DOWN MAIN CESS.~
Wyver Lane provides access to the vehicle compound. Lots of parking for large vehicles. Wyver Lane is quite a tight access road","SK 34766 48608"
"120000217","SPC8","137.1738","QM","","137.1738","0","","MAV","","434801.0","351304.0","Ambergate Triangle (Newbridge Road)","HMJ9","","","","","","","","","Vehicle Access Point","","120000217","2025-01-17","","","","","","","All/Multiple Tracks","Pedestrian and Vehicle  access to AJM1 Matlock Single  and SPC8 Down Main",""
"50142603","SPC8","141.0992","QM","","141.0992","1100","","MAV","","438414.0","355428.0","Oakerthorpe Brook","HMJ9","","","","","","","","","N","","50142603","2022-09-20","","NRAIL","","","","","Up Main/Fast","Holm Lane, South Wingfield. ~
Turn down private driveway before OB57~
Access double gates next to Telephone mast.","SK 38414 55428"
"20772398","SPC9","142.035","QM","","142.035","1100","","MAP","","440197.0","365179.0","Paradise <Spotters>","HMJ9","","","","","","","","","","","20772398","2022-09-20","","NRAIL","","","","","Up Main/Fast","Access to Up Erewash - Bridge 70 <Nth> Station Road.~
WARNING SSOW PROHIBITED. A RESERVED RIGHT OF ACCESS IS PERMITTED THROUGH THIRD PARTY LAND. NO PARKING OR STORAGE OF MATERIALS IS PERMITTED ON THIS LAND WITHOUT THE PRIOR CONSENT OF THE LANDOWNER.","SK 40197 65179"
"50142595","SPC9","142.1386","QM","","142.1386","1100","","MAP","","440044.0","366131.0","Overbridge No.73/Hagg Bridge","HMJ9","","","","","","","","","","","50142595","2022-09-20","","NRAIL","","","","","Up Main/Fast","Access to Up Erewash~
Bridge St / Hagg Hill Bridge 73~
Notes: Roadside parking for 4/5 vans using layby opposite the access gate.","SK 40044 66131"
"20772399","SPC9","143.072","QM","","143.072","2100","","MAP","","439747.0","367099.0","Mill Lane <West>","HMJ9","","","","","","","","","","","20772399","2022-09-20","","NRAIL","","","","","Down Main/Fast","Access to Down Main - Mill Lane <West> off A61 Derby Road ~
Using T12 would be advisable. Parking for numerous vehicles outside of access gates.~
Access is beyond first underpass for former ACP <Avenue Coking Plant Branch> line. Double gates onto Down Main","SK 39747 67099"
"110179977","SPC9","143.072","QM","","143.072","1100","","MAP","","439849.0","367112.0","Mill Lane <East>","HMJ9","","","","","","","","","","","110179977","2022-09-12","","NRAIL","","","","","Up Main/Fast","Access to Up Erewash - Mill Lane <East> off B6038 North Wingfield Road. ~
Follow track as far as possible until layby which provides parking for 1-2 vehilces. Continue on foot over stream to gates for Erewash lines","SK 39849 67112"
"50142574","SPC9","144.0924","QM","","144.0924","2100","","MAP","","439004.0","368696.0","Overbridge No.78/Metcalfes Bridge","HMJ9","","","","","","","","","","","50142574","2022-09-20","","NRAIL","","","","","Down Main/Fast","Access to Down Main.~
Access from Ingleton Road. Turn off Stoforth Ln onto Ingleton Road, which runs adjacent to Up Erewash. Cross bridge and park in layby on Down main side","SK 39004 68696"
"50142575","SPC9","144.1273","QM","","144.1273","1100","","MAP","","438914.0","369043.0","Hasland Cottages","HMJ9","","","","","","","","","N","","50142575","2022-09-22","","NRAIL","","","","","Up Main/Fast","""Access to Up Erewash opposite Midland Court. 
Access from Ingleton Road. 
Turn off Stoforth Ln onto Ingleton Road, which runs adjacent to Up Erewash.""","SK 38914 69043"
"20772157","SPC9","144.1496","QM","","144.1496","2100","","MAP","","438805.0","369332.0","Stone Works / Packaging Systems","HMJ9","","","","","","","","","","","20772157","2022-09-22","","NRAIL","","","","","Down Main/Fast","""Access to Down Main.
Access through commercial estate from Stoforth Lane, opposite Cemex concrete works.
Concrete and wooden steps removed and replaced with Kwikstep metal steps during 2013.""","SK 38805 69332"
"110182371","SPC9","145.125","QM","","145.125","1100","","MAP","","438729.0","370535.0","Hasland Road","HMJ9","","","","","","","","","","","110182371","2022-12-23","","NRAIL","","","","","Up Main/Fast","Pedestrian Access Point - Steps lead up to Up Barrow Hill. Parking available at roadside for mutiple vehicles but is public parking.~
~
What Three Words ///dive.sting.pace","SK 38729 70535"
"50142601","SPC9","144.0406","QM","","144.0406","1100","","MAR","","439222.0","368342.0","Hasland Loco","HMJ9","","","","","","","","","","","50142601","2022-09-20","","NRAIL","","","","","Up Main/Fast","Access to Up Erewash~
Access from Ingleton Road. Turn off Stoforth Ln onto Ingleton Road, which runs adjacent to Up Erewash for approx 0.75 miles to access area with large area for vehicles large adn small. Gravel track beyond houses.","SK 39222 68342"
"50142592","SPC9","142.033","QM","","142.033","1100","","MAV","","440185.0","365172.0","OB 70 Clay Cross Sth <S & T cabins>","HMJ9","","","","","","","","","","","50142592","2022-09-20","","NRAIL","","","","","Up Main/Fast","Access to Up Erewash - Bridge 70 <Sth> Station Road.~
WARNING SSOW PROHIBITED. PARKING AVAILABLE FOR 2/3 VANS. ACCESS GATE OFF ROAD LEADS TO A GATE FOR STAFF TO WALK THROUGH AND ALSO LEADS TO ANOTHER GATE WHICH ROAD RAILERS CAN ACCESS TRACK THROUGH. GATE NEEDS TO BE APPROACHED FROM NORTH WINGFIELD AND IS ON THIS ROAD. UNCLASSIFIED ROAD FROM A61. TO B6037 AT NORTH WINGFIELD.","SK 40185 65172"
"50483422","SPC9","142.0594","QM","","142.0594","2100","","MAV","","440098.0","365404.0","Anker Bold?/Clay Cross Sth Jcn","HMJ9","","","","","","","","","","","50483422","2022-09-20","","NRAIL","","","","","Down Main/Fast","Access to Down Main - Ankerbold Road off Station Road~
WARNING SSOW PROHIBITED. T12 REQUIRED. PARKING FOR NUMEROUS VEHICLES. VEHICULAR ACCESS OFF ANKERBOLD LANE, TUPTON. ~
ONLY BY PRIOR ARRANGEMENT WITH NORTH EAST DERBYSHIRE DISTRICT COUNCIL; CONTACT SIMON COSTELLO OR SUSAN COOPER ON 01246 231111 EXTENSION 2458","SK 40098 65404"
"20772158","SPC9","145.0","QM","","145.0","1100","","MAV","","438817.0","369431.0","UNDERBRIDGE NO.80 - STOREFORTH LANE","HMJ9","","","","","","","","","","","20772158","2022-09-20","","NRAIL","","","","","Up Main/Fast","Access to Up Erewash.~
Gates located on Stoforth Lane next to bridge 80 on the Erewash side on the line. Parking for 2-3 vehicles with limited space to turn.","SK 38817 69431"
"20634393","SPD1","44.0539","QM","","44.0539","1100","","MAP","","524366.0","322822.0","Access","HMJ9","","","","","","","","","","","20634393","2022-09-14","","NRAIL","","","","","Up Main/Fast","Access is within the station.","TF 24366 22822"
"20634398","SPD1","44.0569","QM","","44.0569","1100","","MAP","","524376.0","322845.0","Station Main Entrances","HMJ9","","","","","","","","","","","20634398","2022-09-14","","NRAIL","","","","","Up Main/Fast","Access is within the station.","TF 24376 22845"
"20772739","SPD1","44.143","QM","","44.143","0","","MAP","","524583.0","323586.0","PARK ROAD FP","HMJ9","","","","","","","","","","","20772739","2022-09-14","","NRAIL","","","","","All/Multiple Tracks","13/12/07 CREATED ASSET - AS","TF 24583 23586"
"50142577","SPD1","44.1628","QM","","44.1628","2100","","MAP","","524534.0","323753.0","MILL GREEN LC","HMJ9","","","","","","","","","","","50142577","2022-09-14","","NRAIL","","","","","Down Main/Fast","ZIAR Ref No_270517_ Interim Reference No_HZ_8669 _Notes: As directions for Park Road, Pearsons crossing & proceed over crossing to road junction. A152., turn left & take next left to crossing. Sourced from APM Nottingham Emergency Manual. Issue 01 01/03/97.","TF 24534 23753"
"50142578","SPD1","45.044","QM","","45.044","2100","","MAP","","524010.0","324565.0","NO 15 FP","HMJ9","","","","","","","","","","","50142578","2022-09-14","","NRAIL","","","","","Down Main/Fast","ZIAR Ref No_270518_ Interim Reference No_HZ_8671 _Notes: A152 from Spalding, after lights at junction with Wardentree Lane, take 1st left into Market Way, take next left into Blue Gowt Lane, follow to crossing & walk. Sourced from APM Nottingham Emergency Manual. Issue 01 01/03/97.","TF 24010 24565"
"50142579","SPD1","45.0924","QM","","45.0924","0","","MAP","","524006.0","324553.0","BLUE GOWT FP","HMJ9","","","","","","","","","","","50142579","2022-09-14","","NRAIL","","","","","All/Multiple Tracks","ZIAR Ref No_270519_ Interim Reference No_HZ_8673 _Notes: A152 from Spalding, after lights at junction with Wardentree Lane, take 1st left into Market Way, take next left into Blue Gowt Lane, follow to crossing & walk. Sourced from APM Nottingham Emergency Manual. Issue 01 01/03/97.","TF 24006 24553"
"50142582","SPD1","46.0946","QM","","46.0946","2100","","MAP","","523534.0","326052.0","PINCHBECK FP","HMJ9","","","","","","","","","","","50142582","2022-09-14","","NRAIL","","","","","Down Main/Fast","ZIAR Ref No_270522_ Interim Reference No_HZ_8679 _Notes: From directions for B1180 bridge. OB1866., continue over bridge & river bridge past Public House, take next right into Herring Lane, 200yds & park walk across field to crossing & walk. Sourced from APM Nottingham Emergency Manual. Issue 01 01/03/97.","TF 23534 26052"
"20772741","SPD1","46.1452","QM","","46.1452","0","","MAP","","523512.0","326514.0","FLAX MILL FP","HMJ9","","","","","","","","","","","20772741","2022-09-14","","NRAIL","","","","","All/Multiple Tracks","13/12/07 CREATED ASSET - AS","TF 23512 26514"
"20772742","SPD1","47.0484","QM","","47.0484","2100","","MAP","","523277.0","327193.0","BURTLEY FEN FP","HMJ9","","","","","","","","","","","20772742","2022-09-14","","NRAIL","","","","","Down Main/Fast","13/12/07 CREATED ASSET - AS","TF 23277 27193"
"20772743","SPD1","47.1496","QM","","47.1496","2100","","MAP","","522845.0","328011.0","BEECH BANK FP","HMJ9","","","","","","","","","","","20772743","2022-09-14","","NRAIL","","","","","Down Main/Fast","13/12/07 CREATED ASSET - AS","TF 22845 28011"
"20772744","SPD1","48.0198","QM","","48.0198","0","","MAP","","522718.0","328413.0","WATER DROVE FP","HMJ9","","","","","","","","","","","20772744","2022-09-14","","NRAIL","","","","","All/Multiple Tracks","13/12/07 CREATED ASSET - AS","TF 22718 28413"
"20772745","SPD1","48.0682","QM","","48.0682","0","","MAP","","522602.0","328840.0","CHEAL ROAD FP","HMJ9","","","","","","","","","","","20772745","2022-09-14","","NRAIL","","","","","All/Multiple Tracks","13/12/07 CREATED ASSET - AS","TF 22602 28840"
"50142586","SPD1","49.0594","QM","","49.0594","0","","MAP","","522204.0","330316.0","GOSBERTON FP","HMJ9","","","","","","","","","","","50142586","2022-09-14","","NRAIL","","","","","All/Multiple Tracks","ZIAR Ref No_270526_ Interim Reference No_HZ_8693 _Notes: A152 Spalding - Donnington Road, at Gosberton turn left onto B1397 & follow to crossing & walk. Sourced from APM Nottingham Emergency Manual. Issue 01 01/03/97.","TF 22204 30316"
"20772746","SPD1","50.0418","QM","","50.0418","0","","MAP","","521827.0","331716.0","BREWERY LANE FP","HMJ9","","","","","","","","","","","20772746","2022-09-14","","NRAIL","","","","","All/Multiple Tracks","13/12/07 CREATED ASSET - AS","TF 21827 31716"
"20772747","SPD1","50.1452","QM","","50.1452","9999","","MAP","","521580.0","332628.0","BARHOLME FARM NO 1 UWC","HMJ9","","","","","","","","","","","20772747","2022-09-14","","NRAIL","","","","","Unknown","Accessed through the back of Barehams Lane, Manor House Farm, Quadring CP, Quadring, South Holland, PE11 4PZ. Follow the track across the fields to the track.","TF 21580 32628"
"20772749","SPD1","51.0616","QM","","51.0616","1100","","MAP","","521358.0","333441.0","TOWN DAM DROVE FP","HMJ9","","","","","","","","","","","20772749","2022-09-14","","NRAIL","","","","","Up Main/Fast","14/11/07 CREATING ASSET - AS","TF 21358 33441"
"20772750","SPD1","51.1034","QM","","51.1034","1100","","MAP","","521193.0","333786.0","CHURCH LANE FP","HMJ9","","","","","","","","","","","20772750","2022-09-14","","NRAIL","","","","","Up Main/Fast","14/11/07 CREATING ASSET - AS","TF 21193 33786"
"20772751","SPD1","51.1276","QM","","51.1276","2100","","MAP","","521058.0","333962.0","GOLDEN HIGH HEDGES FP","HMJ9","","","","","","","","","","","20772751","2022-09-14","","NRAIL","","","","","Down Main/Fast","14/11/07 CREATING ASSET - AS","TF 21058 33962"
"20772752","SPD1","52.0418","QM","","52.0418","2100","","MAP","","520543.0","334607.0","SOUTH INGS UWC","HMJ9","","","","","","","","","","","20772752","2022-09-14","","NRAIL","","","","","Down Main/Fast","14/11/07 CREATING ASSET - AS","TF 20543 34607"
"20772753","SPD1","52.0638","QM","","52.0638","9999","","MAP","","520418.0","334764.0","MALTINGS LANE AHBC","HMJ9","","","","","","","","","","","20772753","2022-09-14","","NRAIL","","","","","Unknown","14/11/07 CREATING ASSET - AS","TF 20418 34764"
"20772754","SPD1","53.0088","QM","","53.0088","9999","","MAP","","519702.0","335606.0","NO 117 FP","HMJ9","","","","","","","","","","","20772754","2022-09-14","","NRAIL","","","","","Unknown","14/11/07 CREATING ASSET - AS","TF 19602 35606"
"20772755","SPD1","54.0946","QM","","54.0946","9999","","MAP","","517803.0","337060.0","PUMP HOUSE UWC","HMJ9","","","","","","","","","","","20772755","2022-09-14","","NRAIL","","","","","Unknown","Take the lane just before Northorpe Farm, North Ing Drove, Donnington CP, South Holland. Exact grid reference for turning is: TF179373. Exact grid reference for the access to track is: TF178370","TF 17803 37060"
"50142564","SPD1","55.0528","QM","","55.0528","9999","","MAP","","516829.0","337807.0","BLOTOFT SIDINGS SB","HMJ9","","","","","","","","","","","50142564","2022-09-14","","NRAIL","","","","","Unknown","Access just before entrance to the farm: Old Forty Foot Bank, South Drove Farm, Helpringham, North Kesteven,","TF 16829 37807"
"120000221","SPD1","56.1694","QM","","56.1694","0","","MAP","","514729.0","339453.0","Barnes UWC","HMJ9","","","","","","","","","Staff Access","","120000221","2025-01-12","","","","","","","All/Multiple Tracks","Barnes UWC - Access via South Drove then you will reach the Down Spalding side as you approach the crossing. 

W3W - winter.diverting.command",""
"50142571","SPD1","59.1452","QM","","59.1452","9999","","MAP","","511316.0","342540.0","WHITECROSS LANE","HMJ9","","","","","","","","","","","50142571","2022-09-14","","NRAIL","","","","","Unknown","ZIAR Ref No_270538_ Interim Reference No_HZ_8727 _Notes: From A17 between Kirkby La Thorpe & Heckington take minor road South towards Burton Pedwardine, before village turn right towards Silk Willoughby, bridge after 1/4 mile. Sourced from APM Nottingham Emergency Manual. Issue 01 01/03/97.","TF 11316 42540"
"50142573","SPD1","61.011","QM","","61.011","9999","","MAP","","509980.0","344013.0","KIRKBY MOUNT BRIDGE","HMJ9","","","","","","","","","","","50142573","2022-09-14","","NRAIL","","","","","Unknown","ZIAR Ref No_270540_ Interim Reference No_HZ_8729 _Notes: From A1121 at Kirkby La Thorpe take Mount Lane South for 1 1/4 mile to bridge. Sourced from APM Nottingham Emergency Manual. Issue 01 01/03/97.","TF 09980 44013"
"20772756","SPD1","61.1562","QM","","61.1562","9999","","MAP","","508903.0","344789.0","BEEVORS UWC","HMJ9","","","","","","","","","","","20772756","2022-09-14","","NRAIL","","","","","Unknown","Turn Right onto track at Mareham Lane [exact point to turn: TF081446]. Follow track all the way down until you reach the track.","TF 08903 44789"
"20634382","SPD1","44.0237","QM","","44.0237","2100","","MAV","","524244.0","322558.0","WINSOVER ROAD","HMJ9","","","","","","","","","","","20634382","2022-09-14","","NRAIL","","","","","Down Main/Fast","Gated area by the level crossing. Also smaller gated access for pedestrians,","TF 24244 22558"
"20634410","SPD1","44.0821","QM","","44.0821","1100","","MAV","","524481.0","323057.0","SPALDING SIDING","HMJ9","","","","","","","","","","","20634410","2022-09-14","","NRAIL","","","","","Up Main/Fast","MIMS-S//SC/ -","TF 24481 23057"
"50142580","SPD1","46.0","QM","","46.0","2100","","MAV","","523604.0","325196.0","CHERRY HOLT AHBC","HMJ9","","","","","","","","","","","50142580","2022-09-14","","NRAIL","","","","","Down Main/Fast","ZIAR Ref No_270520_ Interim Reference No_HZ_8676 _Notes: A152 from Spalding, after lights at junction with Wardentree Lane, take 1st left into Market Way, follow Market Way round into Penny Toft Lane, at T junction turn left to crossing & walk. Sourced from APM Nottingham Emergency Manual. Issue 01 01/03/97.","TF 23604 25296"
"20772748","SPD1","51.022","QM","","51.022","0","","MAV","","521455.0","333092.0","QUADRING AHBC","HMJ9","","","","","","","","","","","20772748","2022-09-14","","NRAIL","","","","","All/Multiple Tracks","14/11/07 CREATING ASSET - AS","TF 21455 33092"
"50142548","SPD2","62.1364","QM","","62.1364","9999","","MAP","","507984.0","345825.0","BOSTON ROAD","HMJ9","","","","","","","","","","","50142548","2022-09-14","","NRAIL","","","","","Unknown","ZIAR Ref No_270547_ Interim Reference No_HZ_8738 _Notes: On A1121 Sleaford - Kirkby Road, Access gate at South/West side. Sourced from APM Nottingham Emergency Manual. Issue 01 01/03/97.","TF 07984 45825"
"20772758","SPD2","62.1672","QM","","62.1672","9999","","MAP","","507947.0","346104.0","UNKNOWN FP","HMJ9","","","","","","","","","","","20772758","2022-09-14","","NRAIL","","","","","Unknown","14/11/07 CREATING ASSET - AS","TF 07947 46104"
"50142553","SPD2","63.1078","QM","","63.1078","9999","","MAP","","508148.0","347136.0","SLEAFORD NORTH SB","HMJ9","","","","","","","","","","","50142553","2022-09-14","","NRAIL","","","","","Unknown","From Sleaford follow A153 for 2 miles, take right turn onto A17 slip road for Newark, after 75yds take track on right to crossing. Track Entrance: TF080471 <E: 508034 , N:347112> W3W: circling.doped.bookmark","TF 08148 47136"
"20772759","SPD2","64.044","QM","","64.044","9999","","MAP","","508533.0","348086.0","HOLDINGHAM LANE","HMJ9","","","","","","","","","","","20772759","2022-09-14","","NRAIL","","","","","Unknown","Holdingham Lane, Holdingham Mill, Sleaford, North Kesteven, Lincolnshire","TF 08533 48086"
"20772760","SPD2","64.1496","QM","","64.1496","9999","","MAP","","508797.0","349031.0","LEASINGHAM MOOR","HMJ9","","","","","","","","","","","20772760","2022-09-14","","NRAIL","","","","","Unknown","Moor Lane, Beaulieu Lodge, Leasingham, North Kesteven, Lincolnshire, England, NG34 8SJ, United Kingdom","TF 08797 49031"
"20634512","SPD2","65.1432","QM","","65.1432","1100","","MAP","","508681.0","350553.0","RUSKINGTON STATION","HMJ9","","","","","","","","","","","20634512","2022-09-14","","NRAIL","","","","","Up Main/Fast","Nearest address: Platform 2, Ruskington Train Station, Ruskington, North Kesteven, Lincolnshire,","TF 08681 50553"
"50142557","SPD2","65.154","QM","","65.154","9999","","MAP","","508692.0","350652.0","STATION ROAD BRIDGE 8","HMJ9","","","","","","","","","","","50142557","2022-09-14","","NRAIL","","","","","Unknown","Bridge on Priory Road","TF 08692 50652"
"20772761","SPD2","66.0748","QM","","66.0748","9999","","MAP","","508791.0","351538.0","UNKNOWN FP","HMJ9","","","","","","","","","","","20772761","2022-09-14","","NRAIL","","","","","Unknown","Footpath from gate on Whitehouse Road. Head across the field and the track is on the right. Gate can be found at: TF087514 W3W: parrot.washing.available. Footpath goes across the track.","TF 08791 51538"
"110157606","SPD2","67.0594","QM","","67.0594","1100","","MAP","","508825.0","352995.0","Dorrington Bridge","HMJ9","","","","","","","","","Access point","","110157606","2022-09-14","","NRAIL","","","","","Up Main/Fast","Staired access to track. Limited parking opposite gate to the stairs, although passing vehicular traffic is considered hazardous at all times.","TF 08825 52995"
"20772762","SPD2","67.1496","QM","","67.1496","9999","","MAP","","508800.0","353821.0","DORRINGTON SIDING","HMJ9","","","","","","","","","","","20772762","2022-09-14","","NRAIL","","","","","Unknown","Accessed through the back of remote farm. Turn down lane off main street < Grid reference: TF084529, E:508456 , N: 352939, W3W: tickling.views.liquid>. Follow track all the way down to the farm and drive through to track at the back. Follow the track all the way to the track.","TF 08800 53821"
"20772763","SPD2","68.0638","QM","","68.0638","9999","","MAP","","508775.0","354645.0","DIGBY SIDINGS","HMJ9","","","","","","","","","","","20772763","2022-09-14","","NRAIL","","","","","Unknown","From Station road, take lane on the bend before beck road <TF084547,E: 508405 , N 354789 W3W: apartment.verse.explained>. Follow the lane down to the farm/ storage unit and then follow track down the edge of the back field until you reach the track.","TF 08775 54645"
"20772764","SPD2","69.0726","QM","","69.0726","9999","","MAP","","508794.0","356332.0","ROWSTON FP","HMJ9","","","","","","","","","","","20772764","2022-09-14","","NRAIL","","","","","Unknown","14/11/07 CREATING ASSET - AS","TF 08794 56332"
"20772765","SPD2","69.1298","QM","","69.1298","9999","","MAP","","508952.0","356830.0","ROWSTON OCCUPATION","HMJ9","","","","","","","","","","","20772765","2022-09-14","","NRAIL","","","","","Unknown","On Digby Road bend, take turning into farm at: TF084564, E: 508410 , N: 356427. W3W: shuffles.ghosts.note. Follow lane at the back right of the yard until the second bend. Instead of taking the bend, keep going straight down the side of the field until you reach the track.","TF 08952 56830"
"50142536","SPD2","70.0704","QM","","70.0704","9999","","MAP","","509274.0","357845.0","SCOPWICK BECK","HMJ9","","","","","","","","","","","50142536","2022-09-14","","NRAIL","","","","","Unknown","ZIAR Ref No_270565_ Interim Reference No_HZ_8770 _Notes: On B1191, Kirkby Green to Timberland road & walk. Sourced from APM Nottingham Emergency Manual. Issue 01 01/03/97.","TF 09274 57845"
"50142537","SPD2","70.1034","QM","","70.1034","9999","","MAP","","509348.0","358138.0","SCOPWICK","HMJ9","","","","","","","","","","","50142537","2022-09-14","","NRAIL","","","","","Unknown","Level Crossing.","TF 09348 58138"
"20772767","SPD2","71.033","QM","","71.033","9999","","MAP","","509280.0","359090.0","SCOPWICK YARD","HMJ9","","","","","","","","","","","20772767","2022-09-14","","NRAIL","","","","","Unknown","Accessed from Acre Lane, from main road. Point to access Acre lane: vocal.blindfold.casually. Follow lane all the way through to the yard, and out the back [still acre lane]. When you hit the left hand bend, turn right off the lane <at this point: addicted.typically.wired>. Once you reach the next open field, walk along the hedgerow to the track.","TF 09280 59090"
"20772768","SPD2","72.0198","QM","","72.0198","9999","","MAP","","508872.0","360513.0","MARTIN ROAD","HMJ9","","","","","","","","","","","20772768","2022-09-14","","NRAIL","","","","","Unknown","14/11/07 CREATING ASSET - AS","TF 08872 60513"
"20772769","SPD2","72.0968","QM","","72.0968","9999","","MAP","","508351.0","360975.0","BLANKNEY ESTATES","HMJ9","","","","","","","","","","","20772769","2022-09-14","","NRAIL","","","","","Unknown","Take the turning off Moor Lane at: wanted.candles.juggles. Follow the track to the end and walk down the footpath to the right until you reach the track.","TF 08351 60975"
"50142538","SPD2","72.1716","QM","","72.1716","9999","","MAP","","507787.0","361365.0","METHERINGHAM SB","HMJ9","","","","","","","","","","","50142538","2022-09-14","","NRAIL","","","","","Unknown","ZIAR Ref No_270567_ Interim Reference No_HZ_8774 _Notes: On B1189 at Metheringham head East, after 1/4 mile take track on right, park at end & walk to crossing & walk. Sourced from APM Nottingham Emergency Manual. Issue 01 01/03/97.","TF 07787 61365"
"50142539","SPD2","72.1716","QM","","72.1716","9999","","MAP","","507787.0","361365.0","BLANKNEY","HMJ9","","","","","","","","","","","50142539","2022-09-14","","NRAIL","","","","","Unknown","ZIAR Ref No_270568_ Interim Reference No_HZ_8776 _Notes: On B1189 at Metheringham. Sourced from APM Nottingham Emergency Manual. Issue 01 01/03/97.","TF 07787 61365"
"20634529","SPD2","72.175","QM","","72.175","1100","","MAP","","507762.0","361382.0","METHERINGHAM STATION","HMJ9","","","","","","","","","","","20634529","2022-09-14","","NRAIL","","","","","Up Main/Fast","MIMS-S//sc/ - To Sig Box & Car Park","TF 07762 61382"
"20634532","SPD2","73.0045","QM","","73.0045","1100","","MAP","","507720.0","361411.0","METHERINGHAM PLATFORM","HMJ9","","","","","","","","","","","20634532","2022-09-14","","NRAIL","","","","","Up Main/Fast","MIMS-S//sc/ - Passenger Access","TF 07720 61411"
"20634546","SPD2","73.0429","QM","","73.0429","9999","","MAP","","507435.0","361610.0","METHERINGHAM FP NO 11","HMJ9","","","","","","","","","","","20634546","2022-09-14","","NRAIL","","","","","Unknown","Footpath from Caroline Road","TF 07435 61610"
"20772770","SPD2","73.0814","QM","","73.0814","9999","","MAP","","507158.0","361830.0","FP NO 10","HMJ9","","","","","","","","","","","20772770","2022-09-14","","NRAIL","","","","","Unknown","Access via footpath from Paddock Lane [TF071618, allowable.caressing.grant].","TF 07158 61830"
"50142541","SPD2","73.1364","QM","","73.1364","9999","","MAP","","506773.0","362152.0","OX PASTURE LANE","HMJ9","","","","","","","","","","","50142541","2022-09-14","","NRAIL","","","","","Unknown","ZIAR Ref No_270570_ Interim Reference No_HZ_8783 _Notes: From Metheringham take minor road to Metheringham Barff & walk. Sourced from APM Nottingham Emergency Manual. Issue 01 01/03/97.","TF 06773 62152"
"50142516","SPD2","75.044","QM","","75.044","9999","","MAP","","505101.0","363803.0","BRIDGE NO 29","HMJ9","","","","","","","","","","","50142516","2022-09-14","","NRAIL","","","","","Unknown","rom B1188, take B1202 for Nocton, follow to bridge.","TF 05101 63803"
"20772772","SPD2","76.0418","QM","","76.0418","9999","","MAP","","504742.0","365349.0","STONE PIT FARM","HMJ9","","","","","","","","","","","20772772","2022-09-14","","NRAIL","","","","","Unknown","Take turning off Sleaford Road B1188 and drive up the lane [W3W for point of turning: voting.prospered.divider]. Drive down lane and walk to track.","TF 04742 65349"
"50142522","SPD2","77.055","QM","","77.055","9999","","MAP","","504206.0","366984.0","BRANSTON MOOR BR 36","HMJ9","","","","","","","","","","","50142522","2022-09-14","","NRAIL","","","","","Unknown","ZIAR Ref No_270583_ Interim Reference No_HZ_8800 _Notes: On B1188, take B1178 for Potterhanworth follow to bridge, head West & take next right turn to bridge. Sourced from APM Nottingham Emergency Manual. Issue 01 01/03/97.","TF 04206 66984"
"50142523","SPD2","77.143","QM","","77.143","9999","","MAP","","503768.0","367659.0","BRANSTON BRIDGE 37","HMJ9","","","","","","","","","","","50142523","2022-09-14","","NRAIL","","","","","Unknown","ZIAR Ref No_270584_ Interim Reference No_HZ_8801 _Notes: On B1188, take B1178 for Potterhanworth follow to bridge, head West & take 2nd right turn to bridge. Sourced from APM Nottingham Emergency Manual. Issue 01 01/03/97.","TF 03768 67659"
"110188640","SPD2","77.1452","QM","","77.1452","0","","MAP","","503758.0","367679.0","#003 - Branston Bridge 37 CTLP","HMJ9","","","","","","","","","","","110188640","2024-09-30","","NRAIL","","","","","All/Multiple Tracks","This Access is for the use of CtLP at this approved location. Only authorised users can utilise CtLP and must be on the authorised register before attempting to use at this location: #003 - Branston Bridge 37 CTLP","TF 03758 67679"
"20772774","SPD2","79.033","QM","","79.033","9999","","MAP","","502561.0","369513.0","BRANSTON FP","HMJ9","","","","","","","","","","","20772774","2022-09-14","","NRAIL","","","","","Unknown","Take turning on the bend of sheepwash lane [W3W:boss.closes.dining]. It is a footpath, but there is a layby to park vehicles>. Walk up footpath to access the track.","TF 02561 69513"
"50142527","SPD2","79.1386","QM","","79.1386","9999","","MAP","","501873.0","370170.0","CHURCH HILL","HMJ9","","","","","","","","","","","50142527","2022-09-14","","NRAIL","","","","","Unknown","ZIAR Ref No_270588_ Interim Reference No_HZ_8808 _Notes: On B1190 East of Lincoln & follow road into Washingboro, take 1st right opposite Chapel for Canwick, turn right after 1/4 mile onto track to bridge but follow road to bridge. Sourced from APM Nottingham Emergency Manual. Issue 01 01/03/97.","TF 01873 70170"
"20773538","SPD2","79.1748","QM","","79.1748","1100","","MAP","","501569.0","370302.0","APPLEWHITES FARM","HMJ9","","","","","","","","","","","20773538","2022-09-14","","NRAIL","","","","","Up Main/Fast","Take turning off Church road just before the bridge <entrance to lane at:left.target.icon>. Drive down the lane and park just before the footbridge. Pedestrian access.","TF 01569 70302"
"50142529","SPD2","80.11","QM","","80.11","9999","","MAP","","500596.0","370576.0","WASHINGBOROUGH ROAD","HMJ9","","","","","","","","","","","50142529","2022-09-14","","NRAIL","","","","","Unknown","ZIAR Ref No_270590_ Interim Reference No_HZ_8810 _Notes: On B1190 East of Lincoln. Sourced from APM Nottingham Emergency Manual. Issue 01 01/03/97.","TF 00596 70576"
"20774702","SPD2","75.154","QM","","75.154","0","","MAR","","505218.0","363570.0","HOWARDS","HMJ9","","","","","","","","","","","20774702","2022-09-14","","NRAIL","","","","","All/Multiple Tracks","One gate and wood x""ing for RRV access","TF 05218 63570"
"110184152","SPD2","76.1562","QM","","76.1562","0","","MAR","","504579.0","366225.0","F.G Battle & Son","HMJ9","","","","","","","","","","","110184152","2023-06-29","","NRAIL","","","","","All/Multiple Tracks","RRAP - DN Spalding, UP Spalding.~
Contact land owner F.G Battle & Son prior to any access tel: 01522 791202, email: fg.battle@farmline.com. All gates must be closed and locked after gaining entry, front gate code ""0000"".   Turn into F. G Battle & Son Station Yard off Station Road, follow the lane all the way through the yard, past the barns and there are gates at the rear that lead to an opening on track. Space for multiple vehicles to park once through the gated area.  W3W to exact track access: gums.eager.awestruck","TF 04579 66225"
"20774703","SPD2","79.011","QM","","79.011","0","","MAR","","502679.0","369333.0","SHEEPWASH LANE","HMJ9","","","","","","","","","","","20774703","2022-09-14","","NRAIL","","","","","All/Multiple Tracks","Take turning off sheepwash lane at: epic.dates.driven. Drive down to end of lane. New gate and wood x""ing to on-track machines","TF 02679 69333"
"20634540","SPD2","73.0207","QM","","73.0207","1100","","MAV","","507600.0","361495.0","CAROLINE ROAD","HMJ9","","","","","","","","","","","20634540","2022-09-14","","NRAIL","","","","","Up Main/Fast","Gated access from Pullman Close - accessed from Caroline road, onto park crescent then dead-end road of pullmans close.","TF 07600 61495"
"50142524","SPD2","78.0902","QM","","78.0902","2100","","MAV","","503156.0","368604.0","BRIDGE 38","HMJ9","","","","","","","","","","","50142524","2022-09-14","","NRAIL","","","","","Down Main/Fast","ZIAR Ref No_270585_ Interim Reference No_HZ_8804 _Notes: From Branston on B1188, turn left by Public House at South of village, after 3/4 mile take left turn at crossroads, follow to bridge. Sourced from APM Nottingham Emergency Manual. Issue 01 01/03/97. Upgraded to Vehicle Access Point 05/10/09","TF 03156 68604"
"20772775","SPD3","82.044","QM","","82.044","0","","MAP","","498050.0","370750.0","SINCIL BANK LC","HMJ9","","","","","","","","","UP/DOWN","","20772775","2022-09-14","","NRAIL","","","","","All/Multiple Tracks","14/11/07 CREATING ASSET - AS. FIXED STREET LIGHTS. RB 08/08/11","SK 98050 70750"
"20635550","SPD3","82.0621","QM","","82.0621","2100","","MAP","","497835.0","370775.0","SIGNAL BOX","HMJ9","","","","","","","","","","","20635550","2022-09-14","","NRAIL","","","","","Down Main/Fast","MIMS-S//KB/ -","SK 97835 70775"
"110188642","SPD3","82.0704","QM","","82.0704","0","","MAP","","497774.0","370811.0","#005 - Oxford Street CTLP","HMJ9","","","","","","","","","","","110188642","2024-09-30","","NRAIL","","","","","All/Multiple Tracks","This Access is for the use of CtLP at this approved location. Only authorised users can utilise CtLP and must be on the authorised register before attempting to use at this location: #005 - Oxford Street CTLP","SK 97774 70811"
"50142503","SPD3","82.0858","QM","","82.0858","9999","","MAP","","497651.0","370817.0","TENTERCROFT STREET CAR PARK","HMJ9","","","","","","","","","","","50142503","2022-09-14","","NRAIL","","","","","Unknown","ZIAR Ref No_270400_ Interim Reference No_HZ_8342 _Notes: As B1003 Tritton Road, Lincoln, turn left. West. into Beevor St. at Jcn with Rope Walk, follow Beevor St. to end & walk. Sourced from APM Nottingham Emergency Manual. Issue 01 01/03/97.","SK 97651 70817"
"50142504","SPD3","82.0902","QM","","82.0902","0","","MAP","","497720.0","370845.0","LINCOLN STATION BARROW","HMJ9","","","","","","","","","","","50142504","2022-09-14","","NRAIL","","","","","All/Multiple Tracks","ZIAR Ref No_270401_ Interim Reference No_HZ_8345 _Notes: Sourced from APM Nottingham Emergency Manual. Issue 01 01/03/97.","SK 97720 70845"
"20637957","SPD3","82.0947","QM","","82.0947","1500","","MAP","","497571.0","370891.0","Station Entrance","HMJ9","","","","","","","","","","","20637957","2022-09-14","","NRAIL","","","","","Up Loop","MIMS-S//KB/ - ","SK 97571 70891"
"20637958","SPD3","82.0991","QM","","82.0991","1500","","MAP","","497534.0","370907.0","Lincoln station","HMJ9","","","","","","","","","","","20637958","2022-09-14","","NRAIL","","","","","Up Loop","MIMS-S//KB/ - ","SK 97534 70907"
"20637959","SPD3","82.11","QM","","82.11","0","","MAP","","497458.0","370946.0","LINCOLN HIGH ST LC","HMJ9","","","","","","","","","UP/DOWN","","20637959","2022-09-14","","NRAIL","","","","","All/Multiple Tracks","MIMS-S//KB/ - . FIXED STREET LIGHTS. RB 08/08/11","SK 97458 70946"
"20772776","SPD3","82.1254","QM","","82.1254","0","","MAP","","497350.0","371050.0","BRAYFORD LC","HMJ9","","","","","","","","","UP/DOWN","","20772776","2022-09-14","","NRAIL","","","","","All/Multiple Tracks","14/11/07 CREATING ASSET - AS. FIXED STREET LIGHTS. RB 08/08/11","SK 97350 71050"
"50142505","SPD3","82.1298","QM","","82.1298","1100","","MAP","","497307.0","371015.0","EAST HOLME SB","HMJ9","","","","","","","","","","","50142505","2022-09-14","","NRAIL","","","","","Up Main/Fast","ZIAR Ref No_270399_ Interim Reference No_HZ_8341 _Notes: As B1003 Tritton Road, Lincoln, turn left. West. into Beevor St. at Jcn with Rope Walk, follow Beevor St. to end & walk. Sourced from APM Nottingham Emergency Manual. Issue 01 01/03/97.","SK 97307 71015"
"110188641","SPD3","82.132","QM","","82.132","0","","MAP","","497270.0","371028.0","#004 - East Holmes SB CTLP","HMJ9","","","","","","","","","","","110188641","2024-09-30","","NRAIL","","","","","All/Multiple Tracks","This Access is for the use of CtLP at this approved location. Only authorised users can utilise CtLP and must be on the authorised register before attempting to use at this location: #004 - East Holmes SB CTLP","SK 97270 71028"
"120000131","SPD3","83.0","QM","","83.0","1200","","MAP","","496880.0","371176.0","Alfred Tennyson Building","HMJ9","","","","","","","","","Pedestrian access","","120000131","2025-01-06","","","","","","","Up Slow","Drive down campus way. At the round about turn right and follow the road as it bends to the right. Continue along the road and the access point is directly in front of you. The gate is accessed with an 8549 key.

what 3 words - Slate.Float.loss",""
"120000130","SPD3","83.0286","QM","","83.0284","1200","","MAP","","496621.0","371292.0","Bridge 46B","HMJ9","","","","","","","","","Pedestrian access","","120000130","2025-01-06","","","","","","","Up Slow"," Go down campus way and just before you approach the roundabout turn left and drive down the left hand side of the building towards the access gate. An 8549 key is required to open the access gate

what 3 words - live.chat.smoke",""
"20635476","SPD3","83.066","QM","","83.066","1100","","MAP","","496237.0","371398.0","WEST HOLMES SB","HMJ9","","","","","","","","","Pedestrian access","","20635476","2025-01-06","","NRAIL","","","","","Up Main/Fast","Accessed via campus way and then past the signalling centre. The access is gated once past the signalling centre, so 8549 keys are required.","SK 96150 71426"
"110188661","SPD3","83.0792","QM","","83.0792","0","","MAP","","496224.0","371400.0","#009 - West Holmes CTLP","HMJ9","","","","","","","","","","","110188661","2024-10-01","","NRAIL","","","","","All/Multiple Tracks","This Access is for the use of CtLP at this approved location. Only authorised users can utilise CtLP and must be on the authorised register before attempting to use at this location: #009 - West Holmes CTLP","SK 96224 71400"
"20772777","SPD3","84.0022","QM","","84.0022","1100","","MAP","","495411.0","371762.0","UPPER WITHAM DRAINAGE BOARD","HMJ9","","","","","","","","","UP","","20772777","2022-09-14","","NRAIL","","","","","Up Main/Fast","14/11/07 CREATING ASSET - AS. NO LIGHTS. RB 08/08/11","SK 95411 71762"
"110188639","SPD3","84.0286","QM","","84.0286","0","","MAP","","495204.0","371956.0","#002 - Pyewipe Junction CTLP","HMJ9","","","","","","","","","","","110188639","2024-09-30","","NRAIL","","","","","All/Multiple Tracks","This Access is for the use of CtLP at this approved location. Only authorised users can utilise CtLP and must be on the authorised register before attempting to use at this location: #002 - Pyewipe Junction CTLP","SK 95204 71956"
"110171552","SPD3","84.0286","QM","","84.0286","0","","MAP","","495208.0","371953.0","Pyewipe Jcn","HMJ9","","","","","","","","","","","110171552","2022-09-14","","NRAIL","","","","","All/Multiple Tracks","New pedestrian access to be added","SK 95408 71753"
"110188660","SPD3","84.1672","QM","","84.1672","0","","MAP","","494171.0","372706.0","#008 - Slaughter House CTLP","HMJ9","","","","","","","","","","","110188660","2024-10-01","","NRAIL","","","","","All/Multiple Tracks","This Access is for the use of CtLP at this approved location. Only authorised users can utilise CtLP and must be on the authorised register before attempting to use at this location: #008 - Slaughter House CTLP","SK 94171 72706"
"20772778","SPD3","84.1716","QM","","84.1716","9999","","MAP","","494163.0","372712.0","SLAUGHTERHOUSE LANE","HMJ9","","","","","","","","","","","20772778","2022-09-14","","NRAIL","","","","","Unknown","Need to access via the Slaughter house at the end of ferry lane: Ferry Lane, Ferry Farm, Skellingthorpe, North Kesteven, Lincolnshire, England. Not accessible via the due to a river.","SK 94263 72712"
"20772780","SPD3","87.088","QM","","87.088","0","","MAP","","490879.0","374839.0","KESTEVEN SIDINGS LC","HMJ9","","","","","","","","","UP/DOWN","","20772780","2022-09-14","","NRAIL","","","","","All/Multiple Tracks","14/11/07 CREATING ASSET - AS. FIXED STREET LIGHTS. RB 08/08/11","SK 90879 74839"
"20772781","SPD3","88.088","QM","","88.088","0","","MAP","","489345.0","375193.0","SAXILBY","HMJ9","","","","","","","","","UP/DOWN","","20772781","2022-09-14","","NRAIL","","","","","All/Multiple Tracks","14/11/07 CREATING ASSET - AS. FIXED STREET LIGHTS. RB 08/08/11","SK 89345 75193"
"110188659","SPD3","88.1034","QM","","88.1034","0","","MAP","","489231.0","375271.0","#007 - Saxilby Station CTLP","HMJ9","","","","","","","","","","","110188659","2024-10-01","","NRAIL","","","","","All/Multiple Tracks","This Access is for the use of CtLP at this approved location. Only authorised users can utilise CtLP and must be on the authorised register before attempting to use at this location: #007 - Saxilby Station CTLP","SK 89231 75271"
"20772782","SPD3","88.1166","QM","","88.1166","0","","MAP","","489214.0","375284.0","SAXILBY STATION","HMJ9","","","","","","","","","","","20772782","2022-09-14","","NRAIL","","","","","All/Multiple Tracks","14/11/07 CREATING ASSET - AS","SK 89214 75284"
"20772784","SPD3","88.165","QM","","88.165","1100","","MAP","","488759.0","375580.0","UWC NO 316","HMJ9","","","","","","","","","","","20772784","2022-09-14","","NRAIL","","","","","Up Main/Fast","14/11/07 CREATING ASSET - AS","SK 88759 75580"
"20772785","SPD3","89.033","QM","","89.033","0","","MAP","","488421.0","375803.0","SYKES LANE FP","HMJ9","","","","","","","","","","","20772785","2022-09-14","","NRAIL","","","","","All/Multiple Tracks","14/11/07 CREATING ASSET - AS","SK 88421 75803"
"50142507","SPD3","90.0","QM","","90.0","0","","MAP","","487331.0","377249.0","SYKES LANE","HMJ9","","","","","","","","","UP","","50142507","2022-09-14","","NRAIL","","","","","All/Multiple Tracks","MIMS-D/JV/DE/ - ZIAR Ref No_270598_ Interim Reference No_HZ_8832 _Notes: As 210 but keep on road for Brampton to bridge. Sourced from APM Nottingham Emergency Manual. Issue 01 01/03/97. - Not seen during MIMS site visit - NO LIGHTS. RB 08/08/11","SK 87331 77249"
"110188658","SPD3","90.0704","QM","","90.0704","0","","MAP","","487322.0","377329.0","#006 - Sykes Lane CTLP","HMJ9","","","","","","","","","","","110188658","2024-10-01","","NRAIL","","","","","All/Multiple Tracks","This Access is for the use of CtLP at this approved location. Only authorised users can utilise CtLP and must be on the authorised register before attempting to use at this location: #006 - Sykes Lane CTLP","SK 87322 77329"
"20772788","SPD3","91.0748","QM","","91.0748","1100","","MAP","","486685.0","378852.0","COWDALE LANE BR 70","HMJ9","","","","","","","","","","","20772788","2022-09-14","","NRAIL","","","","","Up Main/Fast","14/11/07 CREATING ASSET - AS","SK 86685 78852"
"20772791","SPD3","92.0946","QM","","92.0946","9999","","MAP","","486029.0","380529.0","CLAY LANE BR 72","HMJ9","","","","","","","","","","","20772791","2022-09-14","","NRAIL","","","","","Unknown","14/11/07 CREATING ASSET - AS","SK 86029 80529"
"20772793","SPD3","93.0286","QM","","93.0286","0","","MAP","","485646.0","381482.0","STOW PARK LC","HMJ9","","","","","","","","","UP/DOWN","","20772793","2022-09-14","","NRAIL","","","","","All/Multiple Tracks","14/11/07 CREATING ASSET - AS. FIXED STREET LIGHTS. RB 08/08/11","SK 85646 81482"
"50142511","SPD3","93.165","QM","","93.165","1100","","MAP","","485213.0","382586.0","WILLINGHAM ROAD BR 75","HMJ9","","","","","","","","","UP","","50142511","2022-09-14","","NRAIL","","","","","Up Main/Fast","ZIAR Ref No_270602_ Interim Reference No_HZ_8842 _Notes: On minor road off A156 North of Marton which runs towards Willingham. Sourced from APM Nottingham Emergency Manual. Issue 01 01/03/97. NO LIGHTS. RB 08/08/11","SK 85213 82586"
"50142512","SPD3","94.044","QM","","94.044","2100","","MAP","","484993.0","383099.0","CLAY FARM","HMJ9","","","","","","","","","DOWN","","50142512","2022-09-14","","NRAIL","","","","","Down Main/Fast","ZIAR Ref No_270603_ Interim Reference No_HZ_8843 _Notes: Take A156 from Marton North towards Gainsborough, take 2nd lane right at Gate Burton to bridge. Sourced from APM Nottingham Emergency Manual. Issue 01 01/03/97. NO LIGHTS. RB 08/08/11","SK 84993 83099"
"20772794","SPD3","95.0176","QM","","95.0176","0","","MAP","","484497.0","384342.0","HANSONS UWC","HMJ9","","","","","","","","","","","20772794","2022-09-14","","NRAIL","","","","","All/Multiple Tracks","14/11/07 CREATING ASSET - AS","SK 84497 84342"
"20772795","SPD3","95.077","QM","","95.077","0","","MAP","","484296.0","384842.0","FOXES UWC","HMJ9","","","","","","","","","","","20772795","2022-09-14","","NRAIL","","","","","All/Multiple Tracks","14/11/07 CREATING ASSET - AS","SK 84296 84842"
"20772796","SPD3","95.1188","QM","","95.1188","0","","MAP","","484152.0","385203.0","LEA FP","HMJ9","","","","","","","","","","","20772796","2022-09-14","","NRAIL","","","","","All/Multiple Tracks","14/12/07 CREATING ASSET - AS","SK 84152 85203"
"50142513","SPD3","95.1672","QM","","95.1672","1100","","MAP","","484016.0","385629.0","OLD LEA STATION ROAD BR 78","HMJ9","","","","","","","","","UP","","50142513","2022-09-14","","NRAIL","","","","","Up Main/Fast","ZIAR Ref No_270604_ Interim Reference No_HZ_8847 _Notes: From A156 at Lea take B1241 East towards Kexby, at Knaith Park turn right opposite pub to bridge. Sourced from APM Nottingham Emergency Manual. Issue 01 01/03/97. NO LIGHTS. RB 08/08/11","SK 84016 85629"
"50142481","SPD3","96.0814","QM","","96.0814","1100","","MAP","","483597.0","386321.0","LEA GRANGE BR 80","HMJ9","","","","","","","","","","","50142481","2022-09-14","","NRAIL","","","","","Up Main/Fast","ZIAR Ref No_270606_ Interim Reference No_HZ_8849 _Notes: From A156 at Lea take B1241 East towards Kexby, after 1/2 mile park, bridge on left to Lea Grange. Sourced from APM Nottingham Emergency Manual. Issue 01 01/03/97.","SK 83597 86321"
"20772797","SPD3","97.0858","QM","","97.0858","2100","","MAP","","482565.0","387629.0","BOUNDARY BRIDGE 83","HMJ9","","","","","","","","","DOWN","","20772797","2022-09-14","","NRAIL","","","","","Down Main/Fast","14/12/07 CREATING ASSET - AS. NO LIGHTS. RB 08/08/11","SK 82565 87629"
"110188662","SPD3","97.0858","QM","","97.0858","0","","MAP","","482568.0","387627.0","#010 - Boundary Bridge 83 CTLP","HMJ9","","","","","","","","","","","110188662","2024-10-01","","NRAIL","","","","","All/Multiple Tracks","This Access is for the use of CtLP at this approved location. Only authorised users can utilise CtLP and must be on the authorised register before attempting to use at this location: #010 - Boundary Bridge 83 CTLP","SK 82568 87627"
"20772798","SPD3","97.154","QM","","97.1738","2100","","MAP","","482110.0","388121.0","OLD PWAY YARD GAINSBORO RD","HMJ9","","","","","","","","","DOWN","","20772798","2022-09-14","","NRAIL","","","","","Down Main/Fast","14/12/07 CREATING ASSET - AS. NO LIGHTS. RB 08/08/11","SK 82110 88121"
"20635589","SPD3","98.0239","QM","","98.0239","2100","","MAP","","481950.0","388450.0","SUMMERGANGS LANE","HMJ9","","","","","","","","","","","20635589","2022-09-14","","NRAIL","","","","","Down Main/Fast","MIMS-S//SC/ - ","SK 81950 88450"
"20635588","SPD3","98.044","QM","","98.044","1100","","MAP","","481925.0","388442.0","GAINSBORO LEA ROAD BR 85","HMJ9","","","","","","","","","UP","","20635588","2022-09-14","","NRAIL","","","","","Up Main/Fast","MIMS-S//SC/ - RAMP TOP TO SUBWAY. NO LIGHTS. RB 08/08/11","SK 81925 88442"
"120000129","SPD3","83.081","QM","","83.083","1100","","MAR","","496144.0","371425.0","West Holmes Yard","HMJ9","","","","","","","","","Road/Rail Access","","120000129","2025-01-06","","","","","","","Up Main/Fast","drive to the end of the lane past the Lincoln Signalling on your right. Drive through the gates which is accessed via an 859 key. The access point is then on your left.

what 3 words - boil.fades.gangs ",""
"20772792","SPD3","92.1474","QM","","92.1474","1100","","MAR","","485856.0","380961.0","SLEIGHTS UWC","HMJ9","","","","","","","","","UP","","20772792","2022-09-14","","NRAIL","","","","","Up Main/Fast","14/11/07 CREATING ASSET - AS. NO LIGHTS. RB 08/08/11","SK 85856 80961"
"110186191","SPD3","98.033","QM","","98.033","0","","MAR","","481832.0","388470.0","Gainsborough RRAP","HMJ9","","","","","","","","","","","110186191","2024-01-23","","NRAIL","","","","","All/Multiple Tracks","Accessed via track off Lea Road <turn down track at W3W: resorting.impact.gadgets>. Padlocked gates for security - 859 key required.","SK 81739 88704"
"120000128","SPD3","82.05","QM","","82.0511","1200","","MAV","","496432.0","371353.0","West Holmes vehicle access","HMJ9","","","","","","","","","vehicle access","","120000128","2025-01-06","","","","","","","Up Slow","As you enter the yard before the Signalling center the access gate is directly in front of you. Access the gate using a 8549 key

what 3 words snows.land.picked",""
"20637969","SPD3","82.066","QM","","82.066","2100","","MAV","","497834.0","370770.0","Old SB Access","HMJ9","","","","","","","","","DOWN","","20637969","2022-09-14","","NRAIL","","","","","Down Main/Fast","MIMS-S//KB/ - Mech FP Locks. NO LIGHTS. RB 08/08/11","SK 97834 70770"
"20635346","SPD3","82.0737","QM","","82.0737","2500","","MAV","","497735.0","370836.0","OXFORD STREET","HMJ9","","","","","","","","","","","20635346","2022-09-14","","NRAIL","","","","","Down Loop","One gate from main road and one gate to track. Plenty of room for multiple vehicles.","SK 97735 70836"
"20635376","SPD3","82.0868","QM","","82.0868","1600","","MAV","","497637.0","370862.0","LINCOLN CENTRAL","HMJ9","","","","","","","","","","","20635376","2022-09-14","","NRAIL","","","","","Up Terminal/Bay","MIMS-S//KB/ -","SK 97637 70862"
"50142483","SSJ1","119.1483","QM","","119.1483","0","","MAP","","448662.0","332165.0","Sheet Stores Junction","HMJ9","","","","","","","","","NP","","50142483","2022-09-14","","NRAIL","","","","","All/Multiple Tracks","Access is gained from Bosworth Way which leads on to ""The Spring"".  Follow this road as it veers to the left.  You will pass by the boat club on your left.  There is an access road to the right of the boat club.  Follow this road, it will veer to the left and run parallel to the canal. you will pass under the first railway bridge then take the next left.  This will give you access to the triangle between SSJ1 and the SPC","SK 48662 32165"
"50142492","SSJ1","121.154","QM","","121.154","2100","","MAP","","447091.0","329421.0","Overbridge No.9A","HMJ9","","","","","","","","","NP","","50142492","2022-09-23","","NRAIL","","","","","Down Main/Fast","Emergency Access Only","SK 47091 29421"
"50142493","SSJ1","122.0506","QM","","122.0506","2100","","MAP","","446609.0","329059.0","Overbridge No.10 Lockington A50","HMJ9","","","","","","","","","NP","","50142493","2022-09-14","","NRAIL","","","","","Down Main/Fast","Roadway is accessed from Lockington Lane A50 2.1m high fence alongside track/roadway. Access from farmers field gate and over damaged wire fence","SK 46608 29059"
"110188023","SSJ1","122.1544","QM","","122.1544","2100","","MAP","","445690.0","328507.0","Gateway West Junction","HMJ9","","","","","","","","","","","110188023","2024-07-05","","NRAIL","","","","","Down Main/Fast","Access via Rycroft Road, Through access gate and follow the access road to trackside.  W3W - straddled.backpacks.confirms","SK 45690 28507"
"50142495","SSJ1","123.066","QM","","123.066","2100","","MAP","","444906.0","328544.0","Overbridge No.12 Castle Donington","HMJ9","","","","","","","","","NP","","50142495","2022-09-14","","NGC","","","","","Down Main/Fast","5 Mile Line Diagram Access Point Number 9078. Notes: B.6540 Road to Castle Donnington. Access from road bridge, no vehicle parking,","SK 44906 28544"
"20772838","SSJ1","124.098","QM","","124.098","0","","MAP","","443006.0","328428.0","Gate 16 Castle Donnington","HMJ9","","","","","","","","","","","20772838","2023-05-31","","NRAIL","","","","","All/Multiple Tracks","Access via W Meadow Rise.  Please note this access requires crossing two private sidings lines.  Please contact sidings owner in advance. Parking for several vehicles on access road between railway and private sidings.","SK 43006 28428"
"20772560","SSJ1","126.048","QM","","126.048","1100","","MAP","","440279.0","327926.0","Weston Old Station Yard","HMJ9","","","","","","","","","","","20772560","2022-09-14","","NRAIL","","","","","Up Main/Fast","Access point is located via Trent Lane which is off Main Street.  On approach to OB21 there is a turning on the left which takes you down an unnamed road between residential properties.  This then opens out to a parking area.  Access gates lead on to the Up Chellaston.  Parking for several vehicles.","SK 40379 27926"
"50142446","SSJ1","126.143","QM","","126.143","2100","","MAP","","439441.0","328011.0","Overbridge No.24","HMJ9","","","","","","","","","NP","","50142446","2022-09-14","","NRAIL","","","","","Down Main/Fast","Access via Bridge Lane off Swarkestone Road.  Drive to OB 24.  Access via steps down to track.  Parking for several vehicles.","SK 39441 28011"
"110188618","SSJ1","120.0638","QM","","120.066","0","","MAR","","448162.0","331599.0","Lock Lane Level Crossing","HMJ9","","","","","","","","","","","110188618","2024-09-17","","NRAIL","","","","","All/Multiple Tracks","Access to both Down and Up lines via gates at the level crossing. Parking is available on the down side of the crossing. Can be used as RRV access point but requires a planned road closure to be in place prior to utilisation.","SK 48162 31599"
"50142490","SSJ1","121.02","QM","","121.02","1100","","MAV","","447698.0","330470.0","Underbridge No.8 Long Lane","HMJ9","","","","","","","","","NP","","50142490","2022-09-14","","NRAIL","","","","","Up Main/Fast","Access is located at the overbridge on Warren Lane.  Steps to track side up the  embankment.  Parking available for several vehicles under the bridge.  Do not block entrance to the Farm.","SK 47698 30470"
"20772407","SSJ1","123.09","QM","","123.09","2100","","MAV","","444699.0","328512.0","Trent Lane Industrial Estate","HMJ9","","","","","","","","","","","20772407","2022-09-14","","NRAIL","","","","","Down Main/Fast","Access via Willow Road which leads on to Sycamore Road.  Access track via access gate.  Parking for several vehicles inside of access gate.","SK 44699 28512"
"20772408","SSJ1","123.1496","QM","","123.1496","0","","MAV","","444142.0","328498.0","Back Lane Level Crossing","HMJ9","","","","","","","","","","","20772408","2022-09-14","","NRAIL","","","","","All/Multiple Tracks","Tk ID 1100/2100. Level Crossing in situ. But only used as access for parking. Access to Back Lane via gate <missing>. Barriers, miniature red/green lights still in operation. Bridge 12AA adjacent to barriers, steps down from bridge to Back Lane. Parking inside access point for several vehicles.","SK 44142 28498"
"20772561","SSJ1","125.064","QM","","125.064","0","","MAV","","441741.0","328216.0","Cottons Farm","HMJ9","","","","","","","","","","","20772561","2022-09-14","","NRAIL","","","","","All/Multiple Tracks","Access Weston on Trent. Enter through gates <key available from office> Drive down Cotton Farm Lane. Drive down dirt track to UB 16. Access track on Up side through old wooden gates. Parking through gates for 2 on grass verge.","SK 41741 28216"
"50142453","SSJ2","128.083","QM","","128.083","1100","","MAP","","437161.0","329063.0","UB7A Pringle Lane Swarkestone","HMJ9","","","","","","","","","NP","","50142453","2022-09-14","","NRAIL","","","","","Up Main/Fast","Parking for 2/3 vehicles at bridge/5 Mile Line Diagram Access Point Number 7537. Notes: Track from A514 at Swarkstone to Lowes Lock. Parking for 2/3 vehicles.","SK 37161 29063"
"50142456","SSJ2","128.152","QM","","128.152","1100","","MAP","","436544.0","328931.0","Overbridge No. 6 Lowes Lane","HMJ9","","","","","","","","","NP","","50142456","2022-09-14","","NRAIL","","","","","Up Main/Fast","5 Mile Line Diagram Access Point Number 7535. Notes: Track off A5132 at Swarkstone towards Lowes Farm & Sinfin Moor. Access through gate at top of bridge and down steps to side.","SK 36544 28931"
"50142457","SSJ2","128.16","QM","","128.16","1100","","MAP","","436472.0","328916.0","DY345","HMJ9","","","","","","","","","NP","","50142457","2022-09-14","","NRAIL","","","","","Up Main/Fast","Notes: Up Line auto. Sourced from APM Derby Emergency Manual. Issue 01 01/03/97.","SK 36472 28916"
"50142459","SSJ2","129.092","QM","","129.092","2100","","MAP","","435501.0","328970.0","Overbridge No. 5 Sinfin Lane","HMJ9","","","","","","","","","NP","","50142459","2022-09-14","","NRAIL","","","","","Down Main/Fast","5 Mile Line Diagram Access Point Number 7532. Notes: Unclassified Stenson Fields to Barrow upon Trent Road. Gates at factory, single gate at top of steps on bridge. Access through factory gate to fishing club. Track is next to pond. Alternative access is through single access gate at bridge 5, down steps to down side.","SK 35501 28970"
"50142461","SSJ2","129.162","QM","","129.162","1100","","MAP","","434890.0","329240.0","Overbridge No. 4 Depton Bridge","HMJ9","","","","","","","","","NP","","50142461","2022-09-14","","NRAIL","","","","","Up Main/Fast","3rd party car park at base of bridge. Access gained on foot through car park directly onto track. Car park owned by Pride of Derby Anglers Club, their key required to take vehicles through access gate. 5 Mile Line Diagram Access Point Number 7530. Notes: Farm track off unclassified Stenson Fields to Barrow upon Trent road.","SK 34890 29240"
"50142429","SSJ2","130.142","QM","","130.142","2100","","MAP","","433534.0","329578.0","Overbridge No.3 Merry Bower Bridge","HMJ9","","","","","","","","","NP","","50142429","2022-09-14","","NRAIL","","","","","Down Main/Fast","Parking for 2/3 vehicles on bridge.5 Mile Line Diagram Access Point Number 7527. Notes: Unclassified road Stenson Field to Stenson via Merry Bower Farm.","SK 33534 29578"
"50142433","SSJ2","131.13","QM","","131.13","2100","","MAP","","432102.0","329983.0","Overbridge No.1 Watsons Bridge","HMJ9","","","","","","","","","NP","","50142433","2022-09-14","","NRAIL","","","","","Down Main/Fast","ZIAR Ref No_269814_ Interim Reference No_HZ_7523 _Notes: Parking at farm track access gate. Farm track through gate off unclassified Stenson to Findern road. Leads to Stenson Crossing on Main Line. Steps via gate on Down Side. Sourced from APM Derby Emergency Manual. Issue 01 01/03/97~","SK 32102 29983"
"110188674","SSJ2","132.022","QM","","132.022","0","","MAP","","431526.0","329914.0","#111 - Stenson Junction CTLP","HMJ9","","","","","","","","","","","110188674","2024-10-01","","NRAIL","","","","","All/Multiple Tracks","This Access is for the use of CtLP at this approved location. Only authorised users can utilise CtLP and must be on the authorised register before attempting to use at this location: #111 - Stenson Junction CTLP","SK 31526 29914"
"20772410","SSJ2","132.0294","QM","","132.0294","2100","","MAP","","431212.0","329582.0","Stenson Jcn","HMJ9","","","","","","","","","","","20772410","2022-09-14","","NRAIL","","","","","Down Main/Fast","Access off Buckford Lane opposite Findern Primary School.  Parking at farm track access.  Access starts at DBP but track goes down to SSJ2 and Stenson Junction","SK 31212 29582"
"20772409","SSJ2","128.0","QM","","128.0","0","","MAV","","437973.0","329032.0","Chellaston Jcn","HMJ9","","","","","","","","","","","20772409","2022-09-14","","NRAIL","","","","","All/Multiple Tracks","Access to gates is via farm road, which is also secured by a barrier. Key for security barrier is kept at local depot.","SK 37973 29032"
"110181871","TCC","120.0792","QM","","120.0792","0","","MAP","","449659.0","333128.0","North Erewash Level Crossing","HMJ9","","","","","","","","","","","110181871","2022-11-15","","NRAIL","","","","","All/Multiple Tracks","Access via gates on level crossing.  Gate on both sides of the crossing","SK 49659 33128"
"110181872","TCC","120.1188","QM","","120.1188","0","","MAP","","449515.0","333460.0","Long Eaton Town Level Crossing","HMJ9","","","","","","","","","","","110181872","2022-11-15","","NRAIL","","","","","All/Multiple Tracks","Access via gates on level crossing.  Gate on both sides of the crossing","SK 49515 33460"
"20772412","TCC","120.135","QM","","120.135","2100","","MAP","","449441.0","333608.0","Co-op Long Eaton","HMJ9","","","","","","","","","","","20772412","2022-09-14","","NRAIL","","","","","Down Main/Fast","Track is far side of car park, enter through access gate to down side.","SK 49441 33608"
"110180631","TCC","122.11","QM","","122.11","1300","","MAP","","448370.0","336340.0","Bessell Lane Access Gate","HMJ9","","","","","","","","","","","110180631","2022-10-19","","NRAIL","","","","","Up Goods","Pedestrian Access.  Access Gate located on Bessell Lane <Adjacent to no.9 Bessell Lane> Limited Parking at site.","SK 48370 36340"
"110188675","TCC","125.0","QM","","125.0","0","","MAP","","447914.0","340057.0","#112 - Trowell Junction CTLP","HMJ9","","","","","","","","","","","110188675","2024-10-01","","NRAIL","","","","","All/Multiple Tracks","This Access is for the use of CtLP at this approved location. Only authorised users can utilise CtLP and must be on the authorised register before attempting to use at this location: #112 - Trowell Junction CTLP","SK 47914 40057"
"110150037","TCC","128.088","QM","","128.088","2100","","MAP","","446126.0","345226.0","Long Lane Station house","HMJ9","","","","","","","","","Pedestrian Access","","110150037","2022-09-14","","NRAIL","","","","","Down Main/Fast","Long Lane. Double access gates adjacent to footbridge 32A onto the Down Main Erewash line. No vehicular traffic must pass through these gates due to buried hazard < Drainage pipe>. Parking available for 3 vans.","SK 46126 45226"
"110188673","TCC","128.0902","QM","","128.0902","0","","MAP","","446129.0","345227.0","#110 - Shipley Boat CTLP","HMJ9","","","","","","","","","","","110188673","2024-10-01","","NRAIL","","","","","All/Multiple Tracks","This Access is for the use of CtLP at this approved location. Only authorised users can utilise CtLP and must be on the authorised register before attempting to use at this location: #110 - Shipley Boat CTLP","SK 46129 45227"
"50142366","TCC","131.0795","QM","","131.0795","2100","","MAP","","444491.0","349509.0","Stoneyford Lodge - O/B 44","HMJ9","","","","","","","","","NP","","50142366","2022-09-14","","NRAIL","","","","","Down Main/Fast","Access is gained via OB 44.  Steps lead down to track on the Down Side. Parking for 1 vehicle next to the access gate.","SK 44491 49509"
"50142369","TCC","132.11","QM","","132.11","3400","","MAP","","444080.0","351302.0","Overbridge No.47","HMJ9","","","","","","","","","NP","","50142369","2022-09-14","","NRAIL","","","","","Rev Single","Access is located off Station Road.  Head down Station Road until your drive over OB47.  The access gates are located on the right hand side.  This access point starts at approx 132m 1064y and ends at approx 132y 0090y <OB 46>","SK 44080 51302"
"110188666","TCC","132.11","QM","","132.11","0","","MAP","","444043.0","351307.0","#103 - Station Road BR47 CTLP","HMJ9","","","","","","","","","","","110188666","2024-10-01","","NRAIL","","","","","All/Multiple Tracks","This Access is for the use of CtLP at this approved location. Only authorised users can utilise CtLP and must be on the authorised register before attempting to use at this location: #103 - Station Road BR47 CTLP","SK 44043 51307"
"110188671","TCC","133.077","QM","","133.077","0","","MAP","","444204.0","352604.0","#108 - Pye Bridge Junction CTLP","HMJ9","","","","","","","","","","","110188671","2024-10-01","","NRAIL","","","","","All/Multiple Tracks","This Access is for the use of CtLP at this approved location. Only authorised users can utilise CtLP and must be on the authorised register before attempting to use at this location: #108 - Pye Bridge Junction CTLP","SK 44204 52604"
"50142353","TCC","137.0196","QM","","137.0196","2100","","MAP","","442352.0","357828.0","Underbridge No 68","HMJ9","","","","","","","","","NP","","50142353","2022-09-14","","NRAIL","","","","","Down Main/Fast","Access is located via a path off Alfreton Road inbetween No. 11 and No.23.","SK 42352 57728"
"50142320","TCC","137.0286","QM","","137.0286","2100","","MAP","","442358.0","357910.0","Overbridge No. 69","HMJ9","","","","","","","","","NP","","50142320","2022-09-14","","NRAIL","","","","","Down Main/Fast","Access is via a path on the approach to the bridge on the B6025. between a residential house and a bus stop.","SK 42358 57810"
"110146575","TCC","138.046","QM","","138.0465","2100","","MAP","","442240.0","359663.0","Love Lane","HMJ9","","","","","","","","","Authorised Access Point","","110146575","2022-09-14","","NRAIL","","","","","Down Main/Fast","Access is from Love Lane <off Stonebroom Lane>.  There is an access gate that leads to several steps up to the Down Side.","SK 42240 59663"
"50142325","TCC","138.1188","QM","","138.1188","1100","","MAP","","441921.0","360232.0","Underbridge No. 75< Doe Hil>","HMJ9","","","","","","","","","NP","","50142325","2022-09-14","","NRAIL","","","","","Up Main/Fast","Access point is located between OB75 and OB75A.  Access gate leads to the Up Side and the reverse single line on the TCC","SK 41921 60232"
"50142326","TCC","138.1524","QM","","140.1188","1100","","MAP","","441820.0","360687.0","Underbridge No. 77 Morton <Slope>","HMJ9","","","","","","","","","NP","","50142326","2022-09-14","","NRAIL","","","","","Up Main/Fast","Access gained form Pilsley Road.  Follow the access road to track side.  This will take you initially to the Reverse Single Line, and then on to the Up Side. Mileage covers from Approx. 138m 1524y up to Approx 140m 1188y <OB83 Danesmoor>. If you require access to the Down Side between these points you will require a line blockage.","SK 41820 60687"
"120000072","TCC","123.0702","QM","","123.0702","1200","","MAR","","448340.0","337564.0","Mill Road (Slows) via Stanton Gate","HMJ9","","","","","","","","","RRV, Vehicle and Pedestrian ","","120000072","2024-11-15","","","","","","","Up Slow","Access Via Stanton Gate and drive down access track to Mill Footbridge. Parking is available on the access track. 
Access for Vehicle and Pedestrian. RRV access by RRAP onto slows only. 								
",""
"110151975","TCC","129.1648","QM","","129.1648","2100","","MAR","","444945.0","347106.0","Langley Mill","HMJ9","","","","","","","","","","","110151975","2022-09-14","","NRAIL","","","","","Down Main/Fast","Access gate is located just off Station Road via a cobbled lane opposite the church. 3 gates to go through before access to track. Parking for several vehicles inside the compound.","SK 44945 47106"
"50142339","TCC","133.1051","QM","","133.1051","2100","","MAR","","444202.0","352733.0","Pye Bridge Station","HMJ9","","","","","","","","","NP","","50142339","2022-09-14","","NRAIL","","","","","Down Main/Fast","Access from B600 Main Road/Alfreton Road.  On approach to UB 56 from Main Road heading toward Alfreton Road there is a turn on the right just before the bridge.  This takes you to Pye Bridge Yard access. Suitable for RRV access with parking for mutiple vehicles.","SK 44202 52733"
"110184632","TCC","137.088","QM","","137.088","3300","","MAR","","442369.0","358575.0","Tibshelf Sidings","HMJ9","","","","","","","","","","","110184632","2023-08-25","","NRAIL","","","","","Rev Goods","Take turning off Gloves Lane, Tibshelf <W3W for turning: drawn.match.strictest>. Follow the lane all the way to the end, where there is space for multiple vehicles to park in an open area of land. RRV access. W3W for track access: city.shakes.noting.",""
"50142335","TCC","141.0946","QM","","141.0946","1100","","MAR","","440389.0","364318.0","Overbridge No. 87 North Wingfield Church","HMJ9","","","","","","","","","NP","","50142335","2022-09-14","","NRAIL","","","","","Up Main/Fast","Access from the A6175 <Market Street> Access gate is just off OB 87, North Wingfield Church.  Parking for several vehicles.","SK 40389 64318"
"20772411","TCC","119.166","QM","","119.166","2100","","MAV","","449599.0","332329.0","Forbes Hole","HMJ9","","","","","","","","","","","20772411","2022-09-14","","NRAIL","","","","","Down Main/Fast","Gates off main road and gates to trackside. Parking for vehicles inside 2nd access gate.","SK 49599 32329"
"20772557","TCC","121.0","QM","","121.0","2300","","MAV","","449290.0","333929.0","Asda Long Eaton","HMJ9","","","","","","","","","","","20772557","2022-09-14","","NRAIL","","","","","Down Goods","Access Asda Car Park, Long Eaton. Turn right through access gates before reaching car park. Access through double gates. Parking inside access for several vehicles.","SK 49290 33929"
"20772414","TCC","121.144","QM","","121.144","0","","MAV","","448769.0","335141.0","Toton centre via Bessell Lane","HMJ9","","","","","","","","","","","20772414","2022-09-14","","NRAIL","","","","","All/Multiple Tracks","Gate secured with special lock, key available from Sandiacre security. Sufficient room for heavy vehicles at side of track.","SK 48669 35741"
"20772558","TCC","121.144","QM","","121.144","0","","MAV","","448769.0","335141.0","Toton Centre via Bessell Lane","HMJ9","","","","","","","","","","","20772558","2022-09-14","","NRAIL","","","","","All/Multiple Tracks","Tk ID: Independent. Secured with special locks, keys available from Sandiacre Security. Turn right out of Sandiacre Yard. Drive over railway bridge and take right onto Bessell Lane. Follow road down to access gates. Drive onto EWS land and follow dirt track to 2nd access gate. Drive through gates to trackside, parking alongside track.","SK 48669 35741"
"120000327","TCC","122.1034","QM","","122.1034","0","","MAV","","448280.0","336373.0","Toton Depot ","HMJ9","","","","","","","","","Vehicle & Pedestrian Access Point","","120000327","2025-01-23","","","","","","","All/Multiple Tracks","Access from Station Road (B5010). Once through the gates drive down to parking area.  Please note, there are multiple lines at site, ensure you are certain of your exact location before accessing track.

W3W - heave.vouch.gender",""
"50142403","TCC","123.143","QM","","123.143","1100","","MAV","","448420.0","338266.0","Stanton Gate SF","HMJ9","","","","","","","","","NP","","50142403","2022-09-14","","NRAIL","","","","","Up Main/Fast","Access available at both sides of  OB 15.  Note: One access leads to the 1300 on the TCC.  The other access leads to the 2901 on the WHM. This access point refers to the TCC access. The access track extends to approx. 123m 0700yds","SK 48420 38266"
"110156077","TCC","125.06","QM","","125.06","2100","","MAV","","447836.0","340726.0","Furnace Road","HMJ9","","","","","","","","","","","110156077","2023-05-31","","NRAIL","","","","","Down Main/Fast","Access gate is located off Furnace Road prior to Billy Bunters Cafe. Parking for two vehicles within the railway boundary","SK 47836 40726"
"110180330","TCC","125.1738","QM","","125.1738","2100","","MAV","","444760.0","348177.0","Potters Lock Farm Crossing","HMJ9","","","","","","","","","","","110180330","2022-09-29","","NRAIL","","","","","Down Main/Fast","Gates off canal approach road and gates to trackside. Parking for vehicles outside access gate. DO NOT BLOCK FARM ACCESS","SK 44760 48177"
"110156080","TCC","126.1012","QM","","126.1012","2100","","MAV","","447446.0","342545.0","OB25 Station Road","HMJ9","","","","","","","","","","","110156080","2023-05-31","","NRAIL","","","","","Down Main/Fast","Access gate is located off Station Street.  On approach to the access you will pass a public house at the intersection of Station Street and Middleton Street.  Immediately after this there is a car park.  The access gate is located where the car park ends.","SK 47446 42545"
"110156081","TCC","127.022","QM","","127.022","2100","","MAV","","447179.0","343410.0","OB27A Awsworth Road","HMJ9","","","","","","","","","","","110156081","2023-05-31","","NRAIL","","","","","Down Main/Fast","Access is via a short lane off Awsworth Road.  This leads past Ilkeston Football Club ground and to the access gates.  Parking for 3 vehicles inside access gate.","SK 47179 43410"
"50500744","TCC","129.077","QM","","129.077","2100","","MAV","","445116.0","346377.0","HEANOR BUNGALOWS","HMJ9","","","","","","","","","NP","","50500744","2022-09-14","","NRAIL","","","","","Down Main/Fast","Access gate is located at the end of Lee Lane.  Access point is limited clearance from the gate to nearest rail.  No space for vehicles turning in or out of the access. Sighting distance approx 380 yard.","SK 45116 46377"
"50396609","TCC","129.1553","QM","","129.1553","2100","","MAV","","444920.0","346995.0","Langley Mill Stn","HMJ9","","","","","","","","","NP","","50396609","2022-09-14","","NRAIL","","","","","Down Main/Fast","Access gate is located just off Station Road via a cobbled lane opposite the church. 3 gates to go through before access to track. Parking for several vehicles inside the compound.","SK 44920 46995"
"110180351","TCC","130.1122","QM","","130.1122","3200","","MAV","","447731.0","341630.0","Bridge 41C lumtree Road","HMJ9","","","","","","","","","","","110180351","2022-09-29","","NRAIL","","","","","Rev Slow","Gates off Plumptree road and gates to trackside. Parking for vehicles outside access gate. DO NOT BLOCK THE APPROACH ROAD","SK 47731 41630"
"50142371","TCC","132.1672","QM","","132.1672","2100","","MAV","","444063.0","351837.0","Codnor Park Junction","HMJ9","","","","","","","","","NP","","50142371","2022-09-14","","NRAIL","","","","","Down Main/Fast","Access point is located between railway bridge No 54 on the B6016 Pye Hill Road and an unnumbered bridge on the CPC.  Drive up the slope to access TCC on the Down side and CPC on the Reversible line.","SK 44063 51937"
"120000093","TCC","134.088","QM","","136.132","1100","","MAV","","443763.0","354171.0","Birchwood Lane to Blackwell South Junction Approach","HMJ9","","","","","","","","","VEHICLE ACCESS POINT","","120000093","2024-11-21","","","","","","","Up Main/Fast","Access is gained via Birchwood Lane, Somercotes.

Access through the double gates at the bottom of the slope.  Once through the gates turn right and drive on the access road alongside the Up Erewash, through the disused Alfreton Old Tunnel and up towards the approach of Blackwell South Junction as required. 

Pedestrian access can also be gained by parking in the North of Alfreton Station car park compound on the Down Erewash side.  Walk to the station platform and use the pedestrian footbridge to cross over to the Up Erewash side.
",""
"50142344","TCC","134.0884","QM","","134.0884","1100","","MAV","","443768.0","354172.0","Birchwood Lane - Coates Park","HMJ9","","","","","","","","","NP","","50142344","2022-09-14","","NRAIL","","","","","Up Main/Fast","Access is off Birchwood Lane <134m . This access track takes you down to the track on the Up Side.  Turn right for access up to Blackwell South Junction <Approx 136m 1320y>.  Turn Left for access down to Pye Bridge Junction <Approx 133m 1320y>. Also gives access to PBS - Down Side","SK 43768 54172"
"50142351","TCC","136.0154","QM","","136.0154","2100","","MAV","","442246.0","356250.0","Alfreton Station","HMJ9","","","","","","","","","NP","","50142351","2022-09-14","","NRAIL","","","","","Down Main/Fast","Access is located at the end of the car park at Alfreton Station.  Parking for several vehicles.","SK 42246 56250"
"20772415","TCC","137.08","QM","","137.08","2100","","MAV","","442318.0","358370.0","Westhouses <Cabin>","HMJ9","","","","","","","","","","","20772415","2022-09-14","","NRAIL","","","","","Down Main/Fast","Access is located on Tibshelf Road <B6025> between house number 15 and house number 16. Access gate leads down to track with parking for numerous vehicles once inside access gate.","SK 42318 58370"
"120000091","TCC","137.1065","QM","","137.044","3300","","MAV","","442383.0","358650.0","Westhouses North - Tibshelf Old Sidings","HMJ9","","","","","","","","","Vehicle Access Point","","120000091","2024-11-19","","","","","","","Rev Goods","Access site from off the B6025 - Alfreton Road, onto Gloves Lane. 

Go through access gate and make your way down the access track until you reach the clearing.  

There is parking for several vehicles with space to turn around.  

",""
"50142330","TCC","140.1188","QM","","140.1188","1100","","MAV","","440829.0","362966.0","Overbridge No. 83 Danesmoor","HMJ9","","","","","","","","","NP","","50142330","2022-09-14","","NRAIL","","","","","Up Main/Fast","Access gained on approach to bridge.  Please note this access links straight through to UB77 Pilsley Road on the Up Side of the TCC","SK 40829 62966"
"20772416","TCC","141.146","QM","","141.146","2100","","MAV","","440085.0","364620.0","Pipe Works","HMJ9","","","","","","","","","","","20772416","2022-09-14","","NRAIL","","","","","Down Main/Fast","Enter site via gate at SK396641 on Furnace Hill Rd. Keep the fence line to your left to the bottom of the hill, and then turn right over to the access gate.","SK 40085 64620"
"20772417","TCC","142.013","QM","","142.013","1100","","MAV","","440093.0","365015.0","Clay Cross South","HMJ9","","","","","","","","","","","20772417","2022-09-14","","NRAIL","","","","","Up Main/Fast","Access is off Station Road directly opposite Hepthorne Lane Trail. Parking for several vehicles once through the access gate.","SK 40293 65115"
"50142309","THL","120.044","QM","","120.044","1100","","MAP","","449930.0","332728.0","Overbridge No. 4","HMJ9","","","","","","","","","NP","","50142309","2022-09-14","","NRAIL","","","","","Up Main/Fast","Notes: High Level Goods line, Trent Junction to Toton. Sourced from APM Nottingham Emergency Manual. Issue 01 01/03/97. Access Meadow Lane barriers, turn right and proceed for approx. 300yds to OB on righthand side. Access track through gate and steps.","SK 49930 32728"
"50142311","THL","120.0704","QM","","120.0704","1100","","MAP","","449969.0","332947.0","Underbridge No. 6","HMJ9","","","","","","","","","NP","","50142311","2022-09-14","","NRAIL","","","","","Up Main/Fast","Notes: Meadow Lane at Long Eaton. Sourced from APM Nottingham Emergency Manual. Issue 01 01/03/97. Parking available on road but not suitable for long periods.","SK 49969 32947"
"50142316","THL","120.143","QM","","120.143","1100","","MAP","","449700.0","333608.0","Underbridge No. 8 Greyhound Stadium","HMJ9","","","","","","","","","NP","","50142316","2022-09-14","","NRAIL","","","","","Up Main/Fast","Access is via gate located on Springfield Avenue.  Parking for 8 vehicles.  Access is via steps up to track level.","SK 49700 33608"
"110151974","THL","121.044","QM","","121.044","1100","","MAR","","449307.0","334155.0","Mayfield Grove","HMJ9","","","","","","","","","","","110151974","2022-09-14","","NRAIL","","","","","Up Main/Fast","Access is via gates off Mayfield Grove. Once through gates continue to drive down the path then take the next exit on the left had side.  Please note that this path is used by member of the public. Parking available for 8 vehicles","SK 49307 34155"
"110157746","THL","119.0375","QM","","119.0375","0","","MAV","","449459.0","331035.0","Viaduct","HMJ9","","","","","","","","","Access Point","","110157746","2022-09-14","","NRAIL","","","","","All/Multiple Tracks","N.B. THL 119.0375 is accessed via SPC6 119.0175. See Hazard reference 50142697. The coordinates above reflect this location. Parking inside boundary at the top of the hill for 5 vehicles. Access Trent Lane and drive straight down to farm. Drive through farm on cattle creeps to Cranfleet canal underbridge. Turn right through access gate up steep hill onto track side at Trent Sth Jcn 713 points. THL start mileage Grid Ref: SK49431 331222.","SK 49459 31035"
"110157771","THL","119.0428","QM","","119.0428","0","","MAV","","449411.0","331276.0","Cranfleet Canal Underbridge","HMJ9","","","","","","","","","Access point","","110157771","2022-09-14","","NRAIL","","","","","All/Multiple Tracks","Notes: Cranfleet Canal. Sourced from APM Nottingham Emergency Manual. Issue 01 01/03/97. Parking inside boundary for 5 vehicles. Access Trent Lane and drive straight down to farm. Drive through farm on cattle creeps to Cranfleet Canal Underbridge.","SK 49411 31276"
"50142303","THL","119.0608","QM","","119.0608","0","","MAV","","449355.0","331456.0","UB 24 Sawley & Thrumpton","HMJ9","","","","","","","","","Access Point","","50142303","2022-09-14","","NRAIL","","","","","All/Multiple Tracks","Notes: Tk ID 1100/2100. Lane off track which passes former Trent Station to fields on River Trent. Sourced from APM Nottingham Emergency Manual. Issue 01 01/03/97. Parking between tracks Down TSN1 Up SPC6.","SK 49355 31456"
"110186292","THL","119.1414","QM","","119.1414","2100","","MAV","","449558.0","332126.0","Trent East Junction","HMJ9","","","","","","","","","","","110186292","2024-02-13","","NRAIL","","","","","Down Main/Fast","Access via Trent Cottages off Trent Lane, drive along access road until reaching opening between THL and TSN. W3W hedge.rungs.tracks","SK 49558 32126"
"50142310","THL","120.0528","QM","","120.0528","1100","","MAV","","449963.0","332831.0","Underbridge No. 5 Old Trent Yard","HMJ9","","","","","","","","","NP","","50142310","2022-09-14","","NRAIL","","","","","Up Main/Fast","Notes: Old Track of railway curve between Long Eaton Jcn. & North Erewash. Sourced from APM Nottingham Emergency Manual. Issue 01 01/03/97. Turn right through gate before Meadow Lane Barriers and proceed to Br 5. Access Trent High Level up steps onto Up Line.","SK 49963 32831"
"20772552","THL","121.044","QM","","121.044","0","","MAV","","449307.0","334155.0","Norfolk Road","HMJ9","","","","","","","","","","","20772552","2022-09-14","","NRAIL","","","","","All/Multiple Tracks","Access is via gates off Mayfield Grove. Once through gates continue to drive down the path then take the next exit on the left had side.  Please note that this path is used by member of the public. Parking available for 8 vehicles","SK 49307 34155"
"120000069","TSN1","120.0682","QM","","120.0682","0","","MAP","","450099.0","332882.0","Meadow Lane Level Crossing","HMJ9","","","","","","","","","Meadow Lane Level Crossing","","120000069","2024-11-15","","","","","","","All/Multiple Tracks","Access to all lines via access gates at level crossing. ",""
"50142273","TSN1","121.0022","QM","","121.0022","1100","","MAP","","450809.0","333582.0","Underbridge No. 5","HMJ9","","","","","","","","","NP","","50142273","2022-09-27","","NRAIL","","","","","Up Main/Fast","Access via Attenborough Nature Reserve.","SK 50809 33682"
"50142274","TSN1","121.0034","QM","","121.0034","1100","","MAP","","450817.0","333590.0","Attenborough Jn","HMJ9","","","","","","","","","NP","","50142274","2022-09-27","","NRAIL","","","","","Up Main/Fast","Notes: Barton Lane, over AHB Crossing, Sharp Right, Run parallel with Water & Line, Over Bailey Bridge, Turn Right. Parking for 2/3 vehicles on wasteland opposite.","SK 50817 33590"
"110188664","TSN1","121.0066","QM","","121.0066","0","","MAP","","450818.0","333585.0","#101 - Attenborough Jnc CTLP","HMJ9","","","","","","","","","","","110188664","2024-10-01","","NRAIL","","","","","All/Multiple Tracks","This Access is for the use of CtLP at this approved location. Only authorised users can utilise CtLP and must be on the authorised register before attempting to use at this location: #101 - Attenborough Jnc CTLP","SK 50818 33585"
"50142275","TSN1","121.154","QM","","121.154","9999","","MAP","","451779.0","334576.0","Footbridge  Overbridge No. 7A","HMJ9","","","","","","","","","NP","","50142275","2022-09-27","","NRAIL","","","","","Unknown","In IMDM Map as Attenborough Station. Accessed via A453 to Attenborough Village.","SK 51779 34576"
"110181472","TSN1","122.1012","QM","","122.1012","0","","MAP","","452574.0","335398.0","Nature Reserve LC","HMJ9","","","","","","","","","","","110181472","2022-11-11","","NRAIL","","","","","All/Multiple Tracks","Track off Meadow Lane.","SK 52574 35398"
"50142276","TSN1","123.0396","QM","","123.0396","2100","","MAP","","453296.0","336135.0","Footbridge Overbridge No 9","HMJ9","","","","","","","","","NP","","50142276","2022-09-27","","NRAIL","","","","","Down Main/Fast","ccess path is Platform 1 Beeston Station. Parking for 9/10 vehicles.","SK 53296 36135"
"50142277","TSN1","123.055","QM","","123.055","2100","","MAP","","453395.0","336236.0","Overbridge No. 9A","HMJ9","","","","","","","","","NP","","50142277","2022-09-27","","NRAIL","","","","","Down Main/Fast","WARNING SSOW PROHIBITED. NOTES: STATION ROAD AT BEESTON. ACCESS PLATFORM 1 BEESTON STATION. PARKING FOR 9/10 VEHICLES.","SK 53395 36236"
"50396632","TSN1","123.0551","QM","","123.0551","0","","MAP","","453395.0","336236.0","Beeston Stn","HMJ9","","","","","","","","","NP","","50396632","2022-09-27","","NRAIL","","","","","All/Multiple Tracks","Beeston Station.","SK 53395 36236"
"50142280","TSN1","123.132","QM","","123.1364","2300","","MAP","","453889.0","336744.0","Overbridge No. 9K","HMJ9","","","","","","","","","NP","","50142280","2022-09-27","","NRAIL","","","","","Down Goods","5 Mile Line Diagram Access Point Number 8865. Notes: Humber Road, South Beeston to Boots Factory & Lilac Grove.","SK 53889 36744"
"50142281","TSN1","123.1364","QM","","124.1238","2300","","MAP","","453917.0","336772.0","Beeston South Jn","HMJ9","","","","","","","","","NP","","50142281","2022-09-27","","NRAIL","","","","","Down Goods","Access through Beeston S&C yard. Access Point Number 8864. sign in at reception, drive to end of yard, Parking available for 5 vehicles","SK 53817 36772"
"50142251","TSN1","124.1452","QM","","124.1452","1300","","MAP","","455092.0","337981.0","Underbridge No. 11 -CAVENDISH ST","HMJ9","","","","","","","","","NP","","50142251","2022-09-27","","NRAIL","","","","","Up Goods","Canvendish Street off of Harrimans Lane. Parking for multiple vehicles.","SK 55192 37981"
"110180141","TSN1","124.1471","QM","","124.1471","2200","","MAP","","455095.0","338003.0","Montpelier Road","HMJ9","","","","","","","","","","","110180141","2022-09-27","","NRAIL","","","","","Down Slow","Pedestrian access created for down goods side access to trackside via Montpelier road. Access can be gained via Cavendish Street by walking under bridge.","SK 55095 38003"
"50142272","TSN1","119.129","QM","","120.023","0","","MAR","","449745.0","332471.0","Trent East Jn","HMJ9","","","","","","","","","NP","","50142272","2022-09-27","","NRAIL","","","","","All/Multiple Tracks","Access off Trent Lane. Drive under OB No.3 towards Trent Cottages. Follow the road to the left and continue past the signal box.  This gives access to the TSN and the THL. Parking for multiple vehicles. Access point leads down to Approx 119m 1290y","SK 49745 32471"
"110151986","TSN1","119.175","QM","","120.055","2100","","MAR","","450070.0","332875.0","Meadow Lane - Old Trent Yard","HMJ9","","","","","","","","","","","110151986","2022-11-15","","NRAIL","","","","","Down Main/Fast","Access off Meadow Lane <Gate is located by Meadow Lane Crossing>.  Follow the access road down, this will pass under OB No.5 <THL>.  Follow this road round to the left and it will bring you out initially on the siding lines which then lead on to the down side of the TSN.  Accessing here also gives access to SPC6 on the Up Side","SK 50070 32875"
"110151983","TSN1","125.0572","QM","","125.0572","2100","","MAR","","455698.0","338491.0","Lenton South Junction","HMJ9","","","","","","","","","","","110151983","2022-09-27","","NRAIL","","","","","Down Main/Fast","Access point through Games Workshop factory site. Vans & cars are permitted at any time to travel through the site to the new access point, but larger vehicles will be required to give 24hr notice to the factory. During office hours please call 0115 9004307/07896 310613. Emergency access out of hours can be arranged by calling on site security on 0115 9004998 which will divert to a mobile if not answered. The Games Workshop factory can be accessed via Willow Road opposite the old access point off Lenton Lane.","SK 55698 38491"
"110157769","TSN1","119.0608","QM","","119.0608","0","","MAV","","449394.0","331458.0","UB 24 Sawley & Thrumpton","HMJ9","","","","","","","","","Access Point","","110157769","2022-09-27","","NRAIL","","","","","All/Multiple Tracks","Notes: Tk ID 1100/2100. Lane off track which passes former Trent Station to fields on River Trent. Sourced from APM Nottingham Emergency Manual. Issue 01 01/03/97. Parking between tracks Down TSN1 Up SPC6.","SK 49394 31458"
"110147655","TSN1","125.057","QM","","125.057","2300","","MAV","","455698.0","338491.0","Games Workshop","HMJ9","","","","","","","","","","","110147655","2022-09-27","","NRAIL","","","","","Down Goods","Access point through Games Workshop factory site. Vans & cars are permitted at any time to travel through the site to the new access point, but larger vehicles will be required to give 24hr notice to the factory. During office hours please call 0115 9004307/07896 310613. Emergency access out of hours can be arranged by calling on site security on 0115 9004998 which will divert to a mobile if not answered. The Games Workshop factory can be accessed via Willow Road opposite the old access point off Lenton Lane.","SK 55698 38491"
"50142259","TSN2","123.0567","QM","","123.0567","2200","","MAP","","457861.0","339252.0","Notts P/Way yard <1>","HMJ9","","","","","","","","","NP","","50142259","2022-09-27","","NRAIL","","","","","Down Slow","Notes: A60 London Road East End of Nottingham Station. Sourced from APM Nottingham Emergency Manual. Issue 01 01/03/97. bi directional working no access to road railers. Parking for up to 20 vehicles in Notts pway yard","SK 57861 39252"
"110188698","TSN2","123.11","QM","","123.11","3500","","MAP","","457400.0","339167.0","BTP Car Park Platform 7/D Line","HMJ9","","","","","","","","","","","110188698","2024-10-02","","NRAIL","","","","","Rev Loop","Access to Platform 7 through BTP gate <Code 1920x> drive down along side of platform 7 to access gate with chain and 859 key. W3W:action.marked.copies","SK 57400 39167"
"20772035","TSN2","123.132","QM","","123.132","1200","","MAP","","457108.0","339105.0","Nottingham station West","HMJ9","","","","","","","","","","","20772035","2022-09-27","","NRAIL","","","","","Up Slow","No path to trackside. Parking for numerous vehicles","SK 57108 39105"
"20772037","TSN2","124.012","QM","","124.012","1200","","MAP","","456707.0","338938.0","Forward House <1>","HMJ9","","","","","","","","","","","20772037","2022-09-27","","NRAIL","","","","","Up Slow","Condition of access concerning. S&T request access but definitely requires a site visit. Appears to be blocked completely by waste.","SK 56707 38938"
"50397906","TSN2","124.0131","QM","","124.1031","3200","","MAP","","456095.0","338793.0","Mansfield Junction  TT291/TT289","HMJ9","","","","","","","","","NP","","50397906","2022-09-27","","NRAIL","","","","","Rev Slow","To access these signals on the TSN1 you have to join the trackside on the MJT1 @ 124.0868 and drive down the access track","SK 56095 38793"
"20772052","TSN2","124.036","QM","","124.036","1200","","MAP","","456511.0","338864.0","Forward House <2>","HMJ9","","","","","","","","","","","20772052","2022-09-27","","NRAIL","","","","","Up Slow","No path to trackside. On approach to access enough space for numerous vehicles.","SK 56511 38864"
"50142257","TSN2","124.0484","QM","","124.0484","1300","","MAP","","456413.0","338821.0","Mansfield Jn","HMJ9","","","","","","","","","NP","","50142257","2022-09-27","","NRAIL","","","","","Up Goods","Access via John Player House. Parking for 1 van trackside and 4 vans along the approach road.","SK 56413 38821"
"110147666","TSN2","123.1515","QM","","123.1515","0","","MAR","","457025.0","339090.0","courthouse","HMJ9","","","","","","","","","","","110147666","2022-09-27","","NRAIL","","","","","All/Multiple Tracks","new holdfast access point installed","SK 57025 39090"
"110147659","TSN2","123.1672","QM","","123.1672","0","","MAR","","456126.0","338781.0","MANSFIELD JN","HMJ9","","","","","","","","","","","110147659","2022-09-27","","NRAIL","","","","","All/Multiple Tracks","NEW HOLDFAST ACCESS POINT INSTALLED","SK 56126 38781"
"50467873","TSN2","123.0592","QM","","123.0592","2200","","MAV","","457804.0","339263.0","Notts P/Way yard <2>","HMJ9","","","","","","","","","","","50467873","2022-09-27","","NRAIL","","","","","Down Slow","WARNING SSOW PROHIBITED. ACCESS THROUGH FORWARD HOUSE CARPARK, STATION STREET, NOTTINGHAM. KEY TYPE 222.PARKING FOR UP TO 20 VEHICLES IN PWAY YARD","SK 57804 39263"
"20772036","TSN2","123.144","QM","","123.144","2200","","MAV","","457084.0","339123.0","Courthouse","HMJ9","","","","","","","","","","","20772036","2022-09-27","","NRAIL","","","","","Down Slow","Parking for numerous vehicles on both sides of gates.","SK 57084 39123"
"20772038","TSN2","124.032","QM","","124.032","2300","","MAV","","456575.0","338913.0","John Stevensons - DFS Warehouse","HMJ9","","","","","","","","","","","20772038","2022-09-27","","NRAIL","","","","","Down Goods","Gates open in either direction. No path to trackside. Parking for numerous veh both sides of gates","SK 56575 38913"
"50142262","WEB","82.055","QM","","82.055","9999","","MAP","","517316.0","307197.0","Underbridge No. 4","HMJ9","","","","","","","","","","","50142262","2022-09-27","","NRAIL","","","","","Unknown","In Peakirk take B1443 to Newborough Crossing 100 yds & walk.","TF 17316 07197"
"50142263","WEB","82.0704","QM","","82.0704","2100","","MAP","","517373.0","307326.0","BRIDGE 5","HMJ9","","","","","","","","","","","50142263","2022-09-27","","NRAIL","","","","","Down Main/Fast","ZIAR Ref No_270509_ Interim Reference No_HZ_8631 _Notes: In Peakirk take B1443 to Newborough Crossing 100 yds & walk. Sourced from APM Nottingham Emergency Manual. Issue 01 01/03/97.","TF 17373 07326"
"50142264","WEB","82.1122","QM","","82.1122","2100","","MAP","","517528.0","307676.0","WELLAND BANK","HMJ9","","","","","","","","","","","50142264","2022-09-27","","NRAIL","","","","","Down Main/Fast"," At St. James Deeping, take B1166 & when road turns left take minor road straight on, when road turns sharp left away from river take track on right to crossing & walk.","TF 17528 07676"
"50142265","WEB","83.0836","QM","","83.0836","2100","","MAP","","518071.0","308910.0","ST JAMES DEEPING","HMJ9","","","","","","","","","","","50142265","2022-09-27","","NRAIL","","","","","Down Main/Fast","At St. James Deeping, take B1166 & when road turns left take minor road straight on, when road turns sharp left away from river take track on right to crossing & follow road from river to crossing.","TF 18071 08910"
"20772803","WEB","84.0836","QM","","84.0836","0","","MAP","","518720.0","310384.0","STOWGATE","HMJ9","","","","","","","","","","","20772803","2022-09-27","","NRAIL","","","","","All/Multiple Tracks","Pedestrian Access. Level Crossing.","TF 18720 10384"
"50142236","WEB","84.099","QM","","84.099","2100","","MAP","","518776.0","310512.0","NO 22 UWC","HMJ9","","","","","","","","","","","50142236","2022-09-27","","NRAIL","","","","","Down Main/Fast"," From St. James Deeping village follow B1166, at crossroads go straight on, by Farm building on right take track to crossing & follow road straight on to crossing & turn left on to track after Stowgate.","TF 18776 10512"
"20772804","WEB","87.0484","QM","","87.0484","2100","","MAP","","520542.0","314507.0","SLY BROS UWC","HMJ9","","","","","","","","","","","20772804","2022-09-27","","NRAIL","","","","","Down Main/Fast","Pedestriant Access. Off the A1175 [turning at W3W: destroyer.utensil.asserts]","TF 20542 14507"
"20772805","WEB","87.1078","QM","","87.1078","2100","","MAP","","520760.0","315004.0","UWC NO 34","HMJ9","","","","","","","","","","","20772805","2022-09-27","","NRAIL","","","","","Down Main/Fast","Pedestriant Access. Off the A1175 [turning at W3W: dolls.fend.crawled]","TF 20760 15004"
"50142238","WEB","87.1364","QM","","87.1364","0","","MAP","","520866.0","315244.0","LITTLEWORTH","HMJ9","","","","","","","","","","","50142238","2022-09-27","","NRAIL","","","","","All/Multiple Tracks","On A16. T., Between Spalding & Market Deeping at Deeping ST.Nicholas. Level Crossing.","TF 20866 15244"
"110180145","WEB","88.1298","QM","","88.1298","0","","MAP","","521512.0","316656.0","TINSLEYS LC","HMJ9","","","","","","","","","","","110180145","2022-09-27","","NRAIL","","","","","All/Multiple Tracks","Spaces for multiple vehicles to park. Access to both sides of the track. Access from Campains Lane.","TF 21512 16656"
"20772806","WEB","88.1672","QM","","88.1672","1100","","MAP","","521653.0","316961.0","UWC NO 42","HMJ9","","","","","","","","","","","20772806","2022-09-27","","NRAIL","","","","","Up Main/Fast","Accessed off the A1175 [Turning at W3W:excavated.winemaker.webcams, by St Nicholas House].","TF 21653 16961"
"20772807","WEB","89.0748","QM","","89.0748","1100","","MAP","","521511.0","316656.0","UWC NO 44","HMJ9","","","","","","","","","","","20772807","2022-09-27","","NRAIL","","","","","Up Main/Fast","Campain""s Lane, Caulton Farm, Deeping St. Nicholas, Deeping St Nicholas","TF 21511 16656"
"20772808","WEB","89.1232","QM","","89.1232","1100","","MAP","","522160.0","318059.0","UWC NO 45","HMJ9","","","","","","","","","","","20772808","2022-09-27","","NRAIL","","","","","Up Main/Fast","Parking on road side <Littleworth Drove>. Through a gate and walk length of field to track.","TF 22160 18059"
"20772809","WEB","90.0044","QM","","90.0044","1100","","MAP","","522381.0","318535.0","LUCKS ROAD","HMJ9","","","","","","","","","","","20772809","2022-09-27","","NRAIL","","","","","Up Main/Fast","Space to park multiple vehicles.","TF 22381 18535"
"20772810","WEB","90.11","QM","","90.11","9999","","MAP","","522787.0","319412.0","UWC NO 50","HMJ9","","","","","","","","","","","20772810","2022-09-27","","NRAIL","","","","","Unknown","14/12/07 CREATING ASSET - AS","TF 22787 19412"
"50142239","WEB","90.143","QM","","90.143","1100","","MAP","","522914.0","319686.0","UWC NO 52","HMJ9","","","","","","","","","","","50142239","2022-09-27","","NRAIL","","","","","Up Main/Fast"," On A16, pass turning for 32, take next left for Little London, take next left. South Drove., follow to crossing & walk.","TF 22914 19786"
"20772812","WEB","91.0836","QM","","91.0836","1100","","MAP","","523363.0","320654.0","FP NO 54","HMJ9","","","","","","","","","","","20772812","2022-09-27","","NRAIL","","","","","Up Main/Fast","Off  road called ""The raceground"".","TF 23363 20654"
"20772813","WEB","91.1342","QM","","91.1342","0","","MAP","","523557.0","321072.0","LONDON ROAD AHBC","HMJ9","","","","","","","","","","","20772813","2022-09-27","","NRAIL","","","","","All/Multiple Tracks","Level Crossing.","TF 23557 21072"
"20772814","WEB","92.0154","QM","","92.0154","0","","MAP","","523776.0","321544.0","HAWTHORNE BANK LC","HMJ9","","","","","","","","","","","20772814","2022-09-27","","NRAIL","","","","","All/Multiple Tracks","Level Crossing.","TF 23776 21544"
"110181471","WEB","86.088","QM","","86.088","0","","MAV","","520039.0","313384.0","Wensor Farm","HMJ9","","","","","","","","","","","110181471","2022-11-11","","NRAIL","","","","","All/Multiple Tracks","Take turning to Wensor Farm at cross.imprints.lifted. Follow lane all the way to the track. Ring the farmer to notify when using the access point.","TF 20039 13384"
"20772811","WEB","90.1386","QM","","90.1386","9999","","MAV","","522897.0","319649.0","SOUTH DROVE","HMJ9","","","","","","","","","","","20772811","2022-09-27","","NRAIL","","","","","Unknown","Vehicle Access.","TF 22897 19649"
"20772053","WGP","95.128","QM","","95.128","2100","","MAV","","459147.0","298647.0","Bennett Way","HMJ9","","","","","","","","","","","20772053","2022-09-14","","NRAIL","","","","","Down Main/Fast","Off the B582 Blaby Road in Glen Parva into Bennett Way <Tesco supermarket>. At the end of Bennett Way, vehicle gates into a railway compound with double gates to the Down Wigston south curve.","SP 59147 98647"
"50142245","WNS","2.1564","QM","","2.1564","1100","","MAP","","441017.0","292839.0","Nutts Lane - UBr 4","HMJ9","","","","","","","","","","","50142245","2022-09-14","","NRAIL","","","","","Up Main/Fast","At UBr 4 on Nutts Lane, Hinckley. Unclassified Road, A47 to A5. Gates may be secured with No 17 or 222 Key. Pedestrian steps, with handrail, up the embankment, to the Up cess. Parking on Nutts Lane.","SP 41017 92839"
"110179978","WNS","3.1364","QM","","3.1364","2100","","MAP","","442423.0","293136.0","UB No 06 Rugby Road <B4109>","HMJ9","","","","","","","","","","","110179978","2022-09-12","","NRAIL","","","","","Down Main/Fast","Access steps up to track at side of bridge.  No parking at this location","SP 42423 93136"
"50142247","WNS","3.1606","QM","","3.1606","1100","","MAP","","442624.0","293204.0","Hinckley Signal Box & U/B No. 6","HMJ9","","","","","","","","","","","50142247","2022-09-14","","NRAIL","","","","","Up Main/Fast","Access is off Hawley Road on to Station Yard.  Drive to the end of the station car park and the access gate takes you down to track.  Parking for several vehicles.","SP 42624 93204"
"50142250","WNS","4.1465","QM","","4.1465","2100","","MAP","","443903.0","293885.0","Balls Bridge OBr 10","HMJ9","","","","","","","","","","","50142250","2022-09-14","","NRAIL","","","","","Down Main/Fast","Balls Bridge off The Outwoods Lane. Steep steps into the cutting to the down lineside. Parking at OB 10.","SP 43903 93885"
"110150126","WNS","6.035","QM","","6.035","2100","","MAP","","445713.0","295185.0","Burbage","HMJ9","","","","","","","","","","","110150126","2022-09-14","","NRAIL","","","","","Down Main/Fast","Access gate located on Burbage Common Road. Steps up to track. Narrow Road with very limited parking available","SP 45713 95185"
"50142223","WNS","7.121","QM","","7.121","2100","","MAP","","447907.0","295967.0","OBr 15, Smiths Bridge","HMJ9","","","","","","","","","","","50142223","2022-09-14","","NRAIL","","","","","Down Main/Fast","Off huncote Road next to the M69 down a lane to OBr 15. Steps into the cutting to the Down cess.","SP 47907 95967"
"50142226","WNS","8.121","QM","","8.121","2100","","MAP","","449417.0","295798.0","Huncote Road, Stoney Stanton; OBr 18","HMJ9","","","","","","","","","","","50142226","2022-09-14","","NRAIL","","","","","Down Main/Fast","On Huncote Road between Stoney Stanton & Potters Marston. Parking for 3/4 vehicles Stoney Stanton side of Br 18; pedestrian gate with steps into the cutting to the Down cess.","SP 49417 95798"
"20772374","WNS","8.165","QM","","8.165","9999","","MAP","","449913.0","295741.0","Holts Farm Xing","HMJ9","","","","","","","","","","","20772374","2022-09-14","","NRAIL","","","","","Unknown","Bridging not required","SP 49913 95741"
"20772549","WNS","8.165","QM","","8.165","0","","MAP","","449913.0","295741.0","Holts Farm Crossing","HMJ9","","","","","","","","","","","20772549","2023-05-31","","NRAIL","","","","","All/Multiple Tracks","Tk ID 1100/2100.","SP 49913 95741"
"50142227","WNS","9.0375","QM","","9.0375","1100","","MAP","","450342.0","295701.0","UB 19 Croft Pratts Bridge","HMJ9","","","","","","","","","","","50142227","2022-09-14","","NRAIL","","","","","Up Main/Fast","Access at UB19.","SP 50342 95701"
"50142232","WNS","10.0103","QM","","10.0103","2100","","MAP","","451696.0","295867.0","Croft Signal Box & Sidings","HMJ9","","","","","","","","","","","50142232","2022-09-14","","NRAIL","","","","","Down Main/Fast","Off the B4114 Coventry Road between Narborough and Croft into Arbor Road; turn right into Winston Avenue and park near the public footpath towards the railway. Before the Underbridge turn right and follow the path to the railway pedestrian gate. Access to the former Signal box site & Down cess.","SP 51696 95867"
"20772545","WNS","11.011","QM","","11.011","1100","","MAP","","453084.0","296705.0","Narborough Public Xing and Styles","HMJ9","","","","","","","","","","","20772545","2022-09-14","","NRAIL","","","","","Up Main/Fast","Access is gained via gate off the B4114. There is a sign that states Footpath to Littlethorpe. This leads across a field to an access gate.","SP 53084 96705"
"110151091","WNS","11.0807","QM","","11.0807","1100","","MAP","","453618.0","297044.0","Burrows Close, Narborough","HMJ9","","","","","","","","","","","110151091","2022-09-14","","NRAIL","","","","","Up Main/Fast","Pedestrian access from Burrows Close between numbers 34 and 35; please minimise noise, particularly at night.","SP 53618 97044"
"50142201","WNS","12.0104","QM","","12.0104","1100","","MAP","","454439.0","297553.0","Knight""s bridge, OBr 24. Regent Street","HMJ9","","","","","","","","","","","50142201","2022-09-14","","NRAIL","","","","","Up Main/Fast","From Regent Street, off Leicester Road in Narborough. Pedestrian gate and steps down into the cutting to the Up side.","SP 54439 97553"
"20772544","WNS","12.121","QM","","12.121","1100","","MAP","","455335.0","298057.0","Hinds Crossing","HMJ9","","","","","","","","","","","20772544","2022-09-14","","NRAIL","","","","","Up Main/Fast","Footpath from the B582, Enderby Road, to the crossing at the Up side.","SP 55335 98057"
"120000056","WNS","12.1408","QM","","12.1406","1100","","MAP","","455535.0","298057.0","Enderby Road Whetstone","HMJ9","","","","","","","","","Pedestrian access point","","120000056","2025-01-30","","","","","","","Up Main/Fast","W3W - tennis.rams.poster.
",""
"110148917","WNS","13.0149","QM","","13.0149","2100","","MAP","","455978.0","298143.0","Vicarage Lane, Whetstone; UBr 28 <Herrick""s>","HMJ9","","","","","","","","","FTN cabinet access","","110148917","2022-09-14","","NRAIL","","","","","Down Main/Fast","At the junction of Vicarage Lane and Daybell Close in Whetstone on a footpath to UBr 28; the gate and steps are to the left just before the bridge. Metal Kwiksteps up the embankment to the Down lineside.","SP 55978 98143"
"50142214","WNS","14.0065","QM","","14.0065","0","","MAP","","457539.0","298419.0","Leic & Welford Canal - U/B No. 34","HMJ9","","","","","","","","","","","50142214","2022-09-14","","NRAIL","","","","","All/Multiple Tracks","Tk ID 1100/2100. 5 Mile Line Diagram Access Point Number 7472. Notes: Grand Union canal. Access from Twittons Crossing. Limited parking on main road. No road rail plant access to lineside.","SP 57539 98419"
"110151093","WNS","14.1501","QM","","14.1501","0","","MAP","","458775.0","298652.0","South Wigston Station","HMJ9","","","","","","","","","","","110151093","2022-09-14","","NRAIL","","","","","All/Multiple Tracks","Pedestrian access to Down and Up platforms via the Overbridge at Kenilworth Road. Potential access to Wigston South Curve.","SP 58775 98652"
"20772238","WNS","3.0682","QM","","3.0682","1100","","MAV","","441801.0","293051.0","Jericho Crossing","HMJ9","","","","","","","","","","","20772238","2022-09-14","","NRAIL","","","","","Up Main/Fast","Access on crossing. Public crossing with gate. Crossing gate barriers.OK access for vehicle and plant","SP 41801 93051"
"50142221","WNS","7.0087","QM","","7.0087","2100","","MAV","","446892.0","295825.0","Elmsthorpe and Stoney Stanton station; OBr 14","HMJ9","","","","","","","","","","","50142221","2022-09-14","","NRAIL","","","","","Down Main/Fast","Access is via field opposite the Wentworth Arms Public House.  Please note that this is a drop off only access.  There is no parking available","SP 47192 95825"
"20772548","WNS","10.02","QM","","10.02","1100","","MAV","","451773.0","295917.0","Croft Quarry Sidings","HMJ9","","","","","","","","","","","20772548","2022-09-14","","NRAIL","","","","","Up Main/Fast","Off the B4114 Coventry Road between Narborough and Croft into Marion""s Way and over the railway. Up to the gatehouse and sign in with the Aggregate Industries Security Guards. Turn left for access to the quarry branch and associated S & C.","SP 51773 95917"
"110151092","WNS","11.1419","QM","","11.1419","0","","MAV","","454087.0","297344.0","Narborough Station and level crossing","HMJ9","","","","","","","","","","","110151092","2022-09-14","","NRAIL","","","","","All/Multiple Tracks","On Station Road in Narborough. 2 car parking spaces reserved for NR by the Signal Box; pedestrian access to the Down and Up via the footbridge.","SP 54087 97344"
"50142211","WNS","13.1011","QM","","13.1011","2100","","MAV","","456752.0","298275.0","Blaby A426, UBr 31","HMJ9","","","","","","","","","","","50142211","2022-09-14","","NRAIL","","","","","Down Main/Fast","On the  A426 Leicester Road near Blaby roundabout on the Down Side. Vehicle access up to the lineside with limited parking and turning. Some plant storage space.","SP 56752 98275"
"50142217","WNS","14.1243","QM","","14.1243","2100","","MAV","","458548.0","298580.0","Saffron Road B5366 OBr 36","HMJ9","","","","","","","","","","","50142217","2022-09-14","","NRAIL","","","","","Down Main/Fast","At OBr 36, Saffron Road, in Glen Parva. Double palisade gates and ramp into the cutting to the Down lineside. One barrier in middle of access. Limited turning point at bottom for vehicles. Some space for plant storage; young offenders centre opposite.","SP 58548 98580"
"20772688","WYM","61.011","QM","","61.011","0","","MAP","","495153.0","264486.0","NV 61m 110yds","HMJ8","","","","","","","","","","","20772688","2023-05-31","","NRAIL","","","","","All/Multiple Tracks","Use access track opposite Manor Farm, Little Wymington. Access is a shared track with pedestrains and farm vehicles. Compound will be locked with 859/222.","SP 95153 64486"
"20772689","WYM","61.119","QM","","61.119","0","","MAP","","494426.0","264806.0","UB 6 Gooseys Bridge","HMJ8","","","","","","","","","","","20772689","2023-05-31","","NRAIL","","","","","All/Multiple Tracks","Follow Green Lane, Little Wymington towards the west. There are some farm gates which are locked with either 859/222 locks.","SP 94426 64806"
"110183311","WYM","61.0308","QM","","61.0308","1200","","MAR","","495150.0","264483.0","Wymington Substation","HMJ8","","","","","","","","","","","110183311","2023-03-16","","NRAIL","","","","","Up Slow","W3W - modes.careless.headstone","SP 95150 64483"
"20772685","WYM","60.154","QM","","60.154","2200","","MAV","","495473.0","264126.0","Underbridge 4, Podington Road, Wymington","HMJ8","","","","","","","","","","","20772685","2022-09-14","","NRAIL","","","","","Down Slow","Underbridge 4, Podington Road, Wymington; parking and plant storage area inside the gate. Vehicle and plant access to former Down Slow formation. No longer able to drive south/north due to addition of new running line.","SP 95473 64126"
