"Hazard ID","ELR","Start Mileage","Zonecode","BRS","End Mileage","Track ID","IDENTIFIER","Item Code","MAP","Easting","Northing","Local Name","Subzone","Status","Verified","Parent ID","Parent GRP","Photograph File","Position","Condition","Condition Date","Purpose/Usage","Line No","Intermim Ref No","Last Updated","Last Updater","Maintainer","Year of Birth","Year of Death","Verification Stage","Verification Date","Track Description","Additional Information","OS GRID REF"
"20180279","ANS","6.1738","QF","","6.1738","0","","MA","","445000.0","395700.0","ALDWARKE","HFJ4","","","","","","","","","","","20180279","2013-03-25","","NV","","","","","All/Multiple Tracks","SOUTH EAST SIDE OF RAILWAY. S62 5HS.",""
"20776247","AWP","5.0E-4","QF","","5.0E-4","2100","","MAP","","507790.0","428740.0","Anlaby Road Relay Room HU3 2RP","HFJ7","","","","","","","","","Pedestrian Access RR","","20776247","2014-07-10","","NRAIL","","","","","Down Main/Fast","Pedestrian access gate to Anlaby Road Relay Room.  Access from KC Stadium perimeter road, between trees approx 60m to right of double gate <for authorised walking route>.  From within relay room compound, a 2nd gate leads to the Down Cess.  This access point has 2 steps.",""
"20774326","AWP","0.01","QF","","0.01","2100","","MAR","","507844.0","428786.0","Cricket Ground rear of KC Stadium HU3 2RS","HFJ7","","","","","","","","","","","20774326","2015-02-02","","NRAIL","","","","","Down Main/Fast","Off Walton St follow road on RHS of KC Car Park, turn behind KC Stadium. Continue to Double Access Gates 859 Lock wooden road rail deck. Lighting from adjacent Street lights.",""
"20772039","BAC2","152.0022","QF","","152.0022","0","","MA","","444161.0","374013.0","POOLSBROOK LC","HFJ4","","","","","","","","","","","20772039","2013-03-25","","NRAIL","","","","","All/Multiple Tracks","GN7075 CREATING NEW ASSETS 31/10/07 AS. S43 3LA.",""
"20632959","BAC2","152.0396","QF","","152.0396","1100","","MAP","","444434.0","373812.0","SEYMOUR COLLIERY FP","HFJ4","","","","","","","","","","","20632959","2013-03-25","","NRAIL","","","","","Up Main/Fast","MIMS-SX//KB/SC -. S43 3JY",""
"20771580","BAC2","149.1364","QF","","149.1364","3300","","MAV","","441666.0","375261.0","CAVENDISH PLACE","HFJ4","","","","","","","","","","","20771580","2013-03-25","","NRAIL","","","","","Rev Goods","GN5887 NEW ASSETS CREATED FROM ELLIPSE 16/4/07 STC. S43 2NB",""
"20771632","BAC2","150.1232","QF","","150.1232","0","","MAV","","443109.0","375279.0","HALL LANE JN","HFJ4","","","","","","","","","","","20771632","2013-03-25","","NRAIL","","","","","All/Multiple Tracks","GN5887 CREATING NEW ASSETS FROM ELLIPSE 16/4/07 STC. S43 3RW.",""
"20771634","BAC2","151.0462","QF","","151.0462","0","","MAV","","443899.0","375102.0","BELLHOUSE LANE STAVELY","HFJ4","","","","","","","","","","","20771634","2013-03-25","","NRAIL","","","","","All/Multiple Tracks","GN5887 NEW ASSETS CREATED FROM ELLIPSE 17/4/07 STC. S43 3AJ",""
"20772861","BAC2","152.0066","QF","","152.0066","1100","","MAV","","444193.0","373989.0","SEYMOUR JUNCTION","HFJ4","","","","","","","","","","","20772861","2013-03-25","","NRAIL","","","","","Up Main/Fast","12/02/08 CREATING ASSET - AS. S43 3LA.",""
"20181045","BAC2","152.0462","QF","","152.0462","0","","MAV","","444483.0","373778.0","SEYMOUR JCN","HFJ4","","","","","","","","","","","20181045","2013-03-25","","NV","","","","","All/Multiple Tracks","MIMS-S//KB/ - Access Point. Signal Box. Lane to Signalbox off Erin Road. - Not seen during MIMS site visit -. S43 3JY.",""
"20179110","BAC3","153.0308","QF","","153.0308","9999","","MAP","","446878.0","375176.0","ROMELEY","HFJ4","","","","","","","","","","","20179110","2013-03-25","","NV","","","","","Unknown","Access Point. Level Crossing. RT Document: ALARMS. No parking on occupation road. S44 6AL.",""
"20179111","BAC3","153.1298","QF","","153.1298","9999","","MAV","","446070.0","374734.0","WOODTHORPE","HFJ4","","","","","","","","","","","20179111","2013-03-25","","NV","","","","","Unknown","Access Point. Level Crossing. RT Document: ALARMS. No parking on occupation road. S43 3DB.",""
"20771599","BAH2","50.0572","QF","","50.0572","1100","","MAP","","431879.0","408930.0","MILLERS BRIDGE BR27","HFJ4","","","","","","","","","","","20771599","2013-03-25","","NRAIL","","","","","Up Main/Fast","GN5887 NEW ASSETS CREATED FROM ELLIPSE 16/4/07 STC. S75 1LX.",""
"20772045","BAH2","51.0946","QF","","51.0946","2100","","MAP","","433488.0","408107.0","WILTHORPE","HFJ4","","","","","","","","","","","20772045","2013-03-25","","NRAIL","","","","","Down Main/Fast","LEVEL CROSSING. GN7075 CREATING NEW ASSETS 31/10/07 AS. S75 1EG.",""
"20771600","BAH2","52.055","QF","","52.055","1100","","MAP","","434413.0","407340.0","HONEYWELL LANE","HFJ4","","","","","","","","","","","20771600","2013-03-25","","NRAIL","","","","","Up Main/Fast","GN5887 NEW ASSETS CREATED FROM ELLIPSE 16/4/07 STC. S75 1DB.",""
"20771601","BAH2","52.1276","QF","","52.1276","1100","","MAP","","434687.0","406748.0","BARNSLEY STATION  JUNCTION SIGNAL BOX","HFJ4","","","","","","","","","","","20771601","2017-11-01","","NRAIL","","","","","Up Main/Fast","GN5887 NEW ASSETS CREATED FROM ELLIPSE 16/4/07 STC. S71 1LF.",""
"20772041","BAH2","45.1518","QF","","45.1518","0","","MAV","","430224.0","415516.0","CRIGGLESTONE BRIDGE 12","HFJ4","","","","","","","","","","","20772041","2013-03-25","","NRAIL","","","","","All/Multiple Tracks","GN7075 CREATING NEW ASSETS 31/10/07 AS. WF4 3ES.",""
"20771581","BAH2","48.0","QF","","48.0","1100","","MAV","","430027.0","412136.0","HAIGH LANE BR17","HFJ4","","","","","","","","","","","20771581","2013-03-25","","NRAIL","","","","","Up Main/Fast","GN5887 NEW ASSETS CREATED FROM ELLIPSE 16/4/07 STC. S75 4BZ",""
"20771635","BAH2","48.0946","QF","","48.0946","0","","MAV","","430560.0","411450.0","WOOLEY SIDINGS","HFJ4","","","","","","","","","","","20771635","2013-03-25","","NRAIL","","","","","All/Multiple Tracks","GN5887 NEW ASSETS CREATED FROM ELLIPSE 17/4/07 STC. S75 5QS.",""
"20772043","BAH2","49.0638","QF","","49.0638","1100","","MAV","","431150.0","410268.0","DARTON STATION","HFJ4","","","","","","","","","","","20772043","2013-03-25","","NRAIL","","","","","Up Main/Fast","GN7075 CREATING NEW ASSETS 31/10/07 AS. S75 5HX.",""
"20180145","BAR","110.0308","QF","","110.0308","9999","","MA","","502968.0","422536.0","BARTON ON HUMBER STATION","HFJ4","","","","","","","","","","","20180145","2021-01-07","","NRAIL","","","","","Unknown","NORTH SIDE OF RAILWAY  What3Words hugs.reputable.taped","TA 02968 22536"
"20179250","BAR","102.0972","QF","","102.0972","0","","MAP","","511211.0","418144.0","STOTHARDS NO.10A FP","HFJ4","","","","","","","","","","","20179250","2013-02-04","","NRAIL","","","","","All/Multiple Tracks","MIMS-X///KN - Access Point. Level Crossing. RT Document: ALARMS. Access on foot only. No vehicular access or parking.",""
"20775278","BAR","102.0972","QF","","102.0972","0","","MAP","","511211.0","418144.0","STOTHARDS NO.10A FP","HFJ4","","","","","","","","","","","20775278","2013-03-18","","NRAIL","","","","","All/Multiple Tracks","MIMS-X///KN - Access Point. Level Crossing. RT Document: ALARMS. Access on foot only. No vehicular access or parking.",""
"20181049","BAR","103.0088","QF","","103.0088","0","","MAP","","510914.0","418880.0","THORNTON ABBEY STATION","HFJ4","","","","","","","","","","","20181049","2013-02-04","","NRAIL","","","","","All/Multiple Tracks","MIMS-X///KM - Access Point. Station. From A160 Killingholme Roundabout follow signs for east Halton Minor road. Turn left in East Halton, follow minor road pass over level crossing, turn left 50 yds.",""
"20179523","BAR","104.0556","QF","","104.0556","0","","MAP","","510144.0","420785.0","SOUTHEND FP","HFJ4","","","","","","","","","","","20179523","2013-02-04","","NRAIL","","","","","All/Multiple Tracks","MIMS-X///KN - Access Point. Level Crossing. RT Document: ALARMS. Access on foot only",""
"20625850","BAR","104.1161","QF","","104.1161","1100","","MAP","","509924.0","421297.0","SIGNAL BOX","HFJ4","","","","","","","","","","","20625850","2013-02-06","","NRAIL","","","","","Up Main/Fast","MIMS-SX//JV/KM - Passenger Access",""
"20625804","BAR","106.1153","QF","","106.1153","3100","","MAP","","508352.0","424085.0","NEW HOLLAND STATION","HFJ4","","","","","","","","","","","20625804","2017-10-16","","NRAIL","","","","","Rev Main/Fast","MIMS-SX//JV/KM -",""
"20625807","BAR","106.1255","QF","","106.1255","3100","","MAP","","508276.0","424137.0","SIGNAL BOX","HFJ4","","","","","","","","","","","20625807","2013-02-06","","NRAIL","","","","","Rev Main/Fast","MIMS-SX//JV/KM -",""
"20772543","BAR","107.066","QF","","107.066","3400","","MAP","","507259.0","423861.0","NO 3 UWC","HFJ4","","","","","","","","","","","20772543","2022-10-04","","NRAIL","","","","","Rev Single","",""
"20179535","BAR","108.0198","QF","","108.0198","3400","","MAP","","506134.0","423514.0","BARROW HAVEN FP","HFJ4","","","","","","","","","","","20179535","2013-02-06","","NRAIL","","","","","Rev Single","MIMS-X///AYB Access Point. Level Crossing. RT Document: ALARMS. Access on foot only. No vehicular access or parking.",""
"20625866","BAR","110.0395","QF","","110.0395","3100","","MAP","","502897.0","422514.0","BARTON ON HUMBER STATION","HFJ4","","","","","","","","","","","20625866","2021-01-07","","NRAIL","","","","","Rev Main/Fast","MIMS-SX//JV/AYB -  What3Words fools.student.forever","TA 02897 22514"
"20179597","BAR","101.0607","QF","","101.0607","0","","MAV","","511946.0","416334.0","NO 6 UWC","HFJ4","","","","","","","","","","","20179597","2013-02-04","","NRAIL","","","","","All/Multiple Tracks","MIMS-X///KN - Access Point. Level Crossing. RT Document: ALARMS. No parking on occupation road",""
"20179600","BAR","101.1394","QF","","101.1394","0","","MAV","","511674.0","417007.0","NO 9 UWC","HFJ4","","","","","","","","","","","20179600","2013-02-04","","NRAIL","","","","","All/Multiple Tracks","MIMS-X///KN - Access Point. Level Crossing. RT Document: ALARMS. No parking on occupation road",""
"20179655","BAR","102.0198","QF","","102.0198","0","","MAV","","511478.0","417489.0"," BYSTABLE LANE LC","HFJ4","","","","","","","","","","","20179655","2013-02-04","","NV","","","","","All/Multiple Tracks","MIMS-X///KN - Access Point. Level Crossing. RT Document: ALARMS",""
"20179659","BAR","103.0279","QF","","103.0279","0","","MAV","","510846.0","419051.0","BARTON LANE LC","HFJ4","","","","","","","","","","","20179659","2013-02-04","","NRAIL","","","","","All/Multiple Tracks","MIMS-X///KM - Access Point. Level Crossing. RT Document: ALARMS.",""
"20179960","BAR","103.1056","QF","","103.1056","0","","MAV","","510577.0","419717.0","BUTTERSWOOD LC","HFJ4","","","","","","","","","","","20179960","2013-02-04","","NRAIL","","","","","All/Multiple Tracks","MIMS-X///KM - Access Point. Level Crossing. RT Document: ALARMS.",""
"20179660","BAR","104.1144","QF","","104.1144","0","","MAV","","509931.0","421283.0","GOXHILL NO.15 LC","HFJ4","","","","","","","","","","","20179660","2013-02-06","","NRAIL","","","","","All/Multiple Tracks","MIMS-X///KM - Access Point. Level Crossing. RT Document: ALARMS.",""
"20179656","BAR","106.0814","QF","","106.0814","0","","MAV","","508566.0","423871.0","OXMARSH LC","HFJ4","","","","","","","","","","","20179656","2013-02-06","","NRAIL","","","","","All/Multiple Tracks","MIMS-X///KM - Access Point. Level Crossing. RT Document: ALARMS.",""
"20179676","BAR","106.121","QF","","106.121","3100","","MAV","","508309.0","424113.0","BARROW RD LC","HFJ4","","","","","","","","","","","20179676","2013-02-06","","NRAIL","","","","","Rev Main/Fast","MIMS-SX//JV/KM - Access Point. Level Crossing. RT Document: ALARMS.",""
"20179601","BAR","107.0176","QF","","107.0176","0","","MAV","","507686.0","423993.0","FAIRFIELD PIT UWC","HFJ4","","","","","","","","","","","20179601","2013-02-06","","NRAIL","","","","","All/Multiple Tracks","MIMS-X///AB - Access Point. Level Crossing. RT Document: ALARMS. No parking on occupation road - Not seen on SERCO -",""
"20179602","BAR","107.0308","QF","","107.0308","0","","MAV","","507572.0","423958.0","NO 2 UWC","HFJ4","","","","","","","","","","","20179602","2013-02-06","","NRAIL","","","","","All/Multiple Tracks","MIMS-X///AYB - Access Point. Level Crossing. RT Document: ALARMS. No parking on occupation road",""
"20179604","BAR","107.0814","QF","","107.0814","3400","","MAV","","507119.0","423818.0","OXFORD GRANGE UWC","HFJ4","","","","","","","","","","","20179604","2013-02-06","","NRAIL","","","","","Rev Single","MIMS-X///AYB - Access Point. Level Crossing. RT Document: ALARMS. No parking on occupation road",""
"20179379","BAR","107.132","QF","","107.132","0","","MAV","","506634.0","423668.0","NO 5 UWC","HFJ4","","","","","","","","","","","20179379","2013-02-06","","NRAIL","","","","","All/Multiple Tracks","MIMS-X///AYB - Access Point. Level Crossing. RT Document: ALARMS. No parking on occupation road",""
"20181053","BAR","108.011","QF","","108.011","3400","","MAV","","506210.0","423537.0","BARROW HAVEN LC","HFJ4","","","","","","","","","","","20181053","2013-02-06","","NRAIL","","","","","Rev Single","MIMS-X///AYB - Access Point. Station.",""
"20179536","BAR","108.066","QF","","108.066","3400","","MAV","","505732.0","423390.0","SKI CLUB UWC","HFJ4","","","","","","","","","","","20179536","2013-02-06","","NRAIL","","","","","Rev Single","MIMS-X///AYB - Access Point. Level Crossing. RT Document: ALARMS. No parking on occupation road",""
"20180024","BAR","109.1386","QF","","109.1386","9999","","MAV","","503559.0","422719.0","PASTURE ROAD LC","HFJ4","","","","","","","","","","","20180024","2021-01-07","","NRAIL","","","","","Unknown","Access Point. Level Crossing. RT Document: ALARMS. What3\words dissolves.shops.sleeping","TA 03559 22719"
"20179439","BAR","109.1584","QF","","109.1584","3400","","MAV","","503378.0","422663.0","MARSH LANE UWC","HFJ4","","","","","","","","","","","20179439","2013-02-06","","NRAIL","","","","","Rev Single","MIMS-X///AYB - Access Point. Level Crossing. RT Document: ALARMS. No parking on occupation road",""
"20181054","BAR","110.0418","QF","","110.0418","0","","MAV","","502879.0","422508.0","BARTON ON HUMBER STATION","HFJ4","","","","","","","","","","","20181054","2021-01-07","","NRAIL","","","","","All/Multiple Tracks","MIMS-X///AYB - Access Point. Station. From Pasture Road turn into Butts. Road. What3Words limp.reminds.decanter","TA 02879 42250"
"20788109","BBW","0.0044","QF","","0.0044","3100","","MAP","","417203.0","419998.0","Bradley Junction","HFJ6","","","","","","","","","Pedestrian","","20788109","2022-10-10","","NRAIL","","","","","Rev Main/Fast","Access to the pedestrian access gate is located off Station Road, Bradley. Access through the gate and the walking route leads directly to Bradley Jcn <MVL3 / BBW lines> Vehicle parking is restricted at this location.  What3Words Ref: decreased.basket.drain","SE 17203 19998"
"20179253","BBW","0.1456","QF","","0.1456","0","","MAV","","417112.0","421180.0","Bradley Hall","HFJ6","","","","","","","","","FOOT/VEHICLE ACCESS","","20179253","2013-02-25","","NRAIL","","","","","All/Multiple Tracks","MIMS-S//SC/ - Access Point. Level Crossing. RT Document: ALARMS. No parking on occupation road","SE 17112 21180"
"20631739","BBW","0.1478","QF","","0.1478","3400","","MAV","","417099.0","421197.0","Bradley Hall LC","HFJ6","","","","","","","","","FOOT/VEHICLE ACCESS","","20631739","2013-02-25","","NRAIL","","","","","Rev Single","MIMS-S//PH/ -","SE 17099 21197"
"20179901","BEW","47.0924","QF","","47.0924","0","","MAV","","444355.0","383983.0","BEIGHTON STATION","HFJ4","","","","","","","","","","","20179901","2013-03-25","","NV","","","","","All/Multiple Tracks","MIMS-S//DE/ - Access Point. Level Crossing. RT Document: ALARMS. NOT SEEN ON STAGE 1 VISIT. S20 1AG",""
"20181057","BIB","0.0022","QF","","0.0022","9999","","MAV","","414977.0","437353.0","Shipley Station","HFJ6","","","","","","","","","FOOT/VEHICLE ACCESS","","20181057","2013-02-25","","NRAIL","","","","","Unknown","Access Point. Station. Once entering Shipley on the A657 pass through traffic lights dropping down to pass under the main Leeds-Skipton lines immediately taking first left on entering cobbled road. Station straight in front.","SE 14977 37353"
"20629809","BIB","0.0136","QF","","0.0136","3100","","MAV","","414985.0","437456.0","Shipley Station","HFJ6","","","","","","","","","FOOT/VEHICLE ACCESS","","20629809","2013-02-25","","NRAIL","","","","","Rev Main/Fast"," ","SE 14985 37456"
"20771602","BKS","0.0506","QF","","0.0506","1300","","MAP","","453665.0","381877.0","BRANCLIFFE JCN","HFJ4","","","","","","","","","","","20771602","2013-03-25","","NRAIL","","","","","Up Goods","GN5887 NEW ASSETS CREATED FROM ELLIPSE 16/4/07 STC. S81 8BE.",""
"20771603","BKS","0.088","QF","","0.088","2300","","MAP","","453667.0","382227.0","LINDRICK DALE","HFJ4","","","","","","","","","","","20771603","2013-03-25","","NRAIL","","","","","Down Goods","GN5887 NEW ASSETS CREATED FROM ELLIPSE 16/4/07 STC. S81 8BD.",""
"20179385","BKS","1.1606","QF","","1.1606","2300","","MAP","","452291.0","383836.0","SOUTH ANSTON","HFJ4","","","","","","","","","","","20179385","2013-03-25","","NV","","","","","Down Goods","Access Point. Level Crossing. RT Document: ALARMS. Access on foot only. No vehicular access or parking. S25 5ET.",""
"120000133","BKS","2.0726","QF","","2.0726","1300","","MAP","","451583.0","384249.0","Mill Lane","HFJ4","","","","","","","","","Pedestrian Access Point","","120000133","2025-04-30","","","","","","","Up Goods","BETRAYED.INCENSED.GLOVE",""
"20179112","BKS","4.1408","QF","","4.1408","2300","","MAP","","451122.0","387950.0","GREEN LANE","HFJ4","","","","","","","","","","","20179112","2013-03-25","","NV","","","","","Down Goods","Access Point. Level Crossing. RT Document: ALARMS. Access on foot only. No vehicular access or parking. S66 9BW",""
"20771606","BKS","5.0088","QF","","5.0088","2300","","MAP","","451187.0","388349.0","ROTHERHAM LANE BR22","HFJ4","","","","","","","","","","","20771606","2013-03-25","","NRAIL","","","","","Down Goods","GN5887 NEW ASSETS CREATED FROM ELLIPSE 16/4/07 STC. S25 1YB.",""
"20771607","BKS","5.0528","QF","","5.0528","2300","","MAP","","451384.0","388698.0","BROOKHOUSE LANE B23","HFJ4","","","","","","","","","","","20771607","2013-03-25","","NRAIL","","","","","Down Goods","GN5887 NEW ASSETS CREATED FROM ELLIPSE 16/4/07 STC. S25 1YA.",""
"20179113","BKS","5.0748","QF","","5.0748","1300","","MAP","","451498.0","388859.0","CROFT COTTAGE","HFJ4","","","","","","","","","","","20179113","2013-03-25","","NV","","","","","Up Goods","Access Point. Level Crossing. RT Document: ALARMS. Access on foot only. No vehicular access or parking. S25 1YA.",""
"20771608","BKS","5.1056","QF","","5.1056","1300","","MAP","","451709.0","389040.0","BROOKHOUSE VIADUCT","HFJ4","","","","","","","","","","","20771608","2013-03-25","","NRAIL","","","","","Up Goods","GN5887 NEW ASSETS CREATED FROM ELLIPSE 16/4/07 STC. S25 1ZG",""
"20772048","BKS","5.1716","QF","","5.1716","1100","","MAP","","452300.0","389116.0","HOOTON LANE","HFJ4","","","","","","","","","","","20772048","2013-03-25","","NRAIL","","","","","Up Main/Fast","GN7075 CREATING NEW ASSETS 31/10/07 AS. S25 1YR.",""
"20179509","BKS","8.011","QF","","8.011","2300","","MAP","","454294.0","391402.0","WHITE CITY","HFJ4","","","","","","","","","","","20179509","2013-03-25","","NV","","","","","Down Goods","Access Point. Level Crossing. RT Document: ALARMS. Access on foot only. No vehicular access or parking. S66 7PZ.",""
"20180148","BKS","8.132","QF","","8.1342","2300","","MAP","","455187.0","392037.0","MALTBY OLD STATION","HFJ4","","","","","","","","","","","20180148","2013-03-25","","NV","","","","","Down Goods","NORTH WEST SIDE OF RAILWAY. S66 7QN.",""
"20181059","BKS","9.0682","QF","","9.0682","1300","","MAP","","455535.0","393014.0","MALTBY SIGNAL BOX","HFJ4","","","","","","","","","","","20181059","2013-03-25","","NV","","","","","Up Goods","Access Point. Signal Box/LC. S66 7QZ.",""
"20771610","BKS","9.1254","QF","","9.1254","1300","","MAP","","455677.0","393513.0","LIMEKILN LANE","HFJ4","","","","","","","","","","","20771610","2013-03-25","","NRAIL","","","","","Up Goods","GN5887 NEW ASSETS CREATED FROM ELLIPSE 16/4/07 STC. S66 7QZ.",""
"120000134","BKS","11.044","QF","","11.044","3300","","MAP","","457870.0","393389.0","Apey Hill Lane","HFJ4","","","","","","","","","Pedestrian Access Point","","120000134","2025-04-30","","","","","","","Rev Goods","What3words : enveloped.townhouse.framework",""
"20771613","BKS","12.1386","QF","","12.1386","1300","","MAP","","458291.0","395752.0","DONCASTER ROAD","HFJ4","","","","","","","","","","","20771613","2013-03-25","","NRAIL","","","","","Up Goods","GN5887 NEW ASSETS CREATED FROM ELLIPSE 16/4/07 STC. DN11 9AA",""
"20787128","BKS","13.0066","QF","","13.0066","2400","","MAP","","458414.0","396155.0","WELLINGLEY LANE BR 48","HFJ4","","","","","","","","","","","20787128","2022-10-04","","NRAIL","","","","","Down Single","Wellingley lane,Wadworth - W3W THAT.UNRATED.TRULY","SK 58414 96155"
"20771614","BKS","13.1232","QF","","13.1232","2300","","MAP","","458712.0","397158.0","WADWORTH CARR LANE","HFJ4","","","","","","","","","","","20771614","2013-03-25","","NRAIL","","","","","Down Goods","GN5887 NEW ASSETS CREATED FROM ELLIPSE 16/4/07 STC. DN11 9DY",""
"20771636","BKS","3.0242","QF","","3.0242","1300","","MAV","","451187.0","385318.0","CRAMFIT ROAD","HFJ4","","","","","","","","","","","20771636","2013-03-25","","NRAIL","","","","","Up Goods","GN5887 NEW ASSETS CREATED FROM ELLIPSE 17/4/07 STC. S25 4DY.",""
"20772046","BKS","4.0638","QF","","4.0638","2100","","MAV","","451022.0","387252.0","DINNINGTON OLD CABIN","HFJ4","","","","","","","","","","","20772046","2013-03-25","","NRAIL","","","","","Down Main/Fast","GN7075 CREATING NEW ASSETS 31/10/07 AS. S25 3RW.",""
"20771582","BKS","7.0946","QF","","7.0946","1300","","MAV","","453550.0","391001.0","BLYTH ROAD","HFJ4","","","","","","","","","","","20771582","2013-03-25","","NRAIL","","","","","Up Goods","GN5887 NEW ASSETS CREATED FROM ELLIPSE 16/4/07 STC. S66 8NN",""
"20771583","BKS","11.0594","QF","","11.0594","1300","","MAV","","457994.0","393492.0","FIRBECK JN","HFJ4","","","","","","","","","","","20771583","2013-03-25","","NRAIL","","","","","Up Goods","GN5887 NEW ASSETS CREATED FROM ELLIPSE 16/4/07 STC. DN11 9PE.",""
"20771584","BKS","11.143","QF","","11.143","2300","","MAV","","458205.0","394195.0","WILSIC LANE","HFJ4","","","","","","","","","","","20771584","2013-03-25","","NRAIL","","","","","Down Goods","GN5887 NEW ASSETS CREATED FROM ELLIPSE 16/4/07 STC. DN11 9LG",""
"20179114","BKS","14.0176","QF","","14.0176","2300","","MAV","","458898.0","397775.0","WADWORTH FARM","HFJ4","","","","","","","","","","","20179114","2013-03-25","","NV","","","","","Down Goods","Access Point. Level Crossing. RT Document: ALARMS. No parking on occupation road. DN11 9DX",""
"20776486","BNE","0.0748","QF","","0.0748","1100","","MAP","","428708.0","569374.0","Bellway industrial estate NE12 9RF","HFJ1","","","","","","","","","ME00755Nw","","20776486","2022-09-23","","NRAIL","","","","","Up Main/Fast","Whitley road Longbenton Pedestrian foot crossing     Pedestrian and Vehicle Access - 0m 34c Up - Amend in Ellipse",""
"20776487","BNE","0.1584","QF","","0.1584","3100","","MAP","","429133.0","569789.0","Williams Close Off Elizabeth Drive NE12 9QZ","HFJ1","","","","","","","","","","","20776487","2023-11-29","","NRAIL","","","","","Rev Main/Fast","Padlocked gate 859 lock Pedestrian access 0m72c",""
"20179322","BNE","1.066","QF","","1.066","3100","","MAP","","429758.0","570277.0","Benton Square NE12 9TA","HFJ1","","","","","","","","","","","20179322","2022-11-24","","NRAIL","","","","","Rev Main/Fast","Access Point. Level Crossing. RT Document: ALARMS. Access on foot only. No vehicular access or parking.",""
"20784288","BNE","1.1298","QF","","1.1298","3100","","MAP","","430219.0","570633.0","Holystone Farm OB NE27 0DJ","HFJ1","","","","","","","","","","","20784288","2023-11-29","","NRAIL","","","","","Rev Main/Fast","Turn in as if you were going to the Holystone Pub Car Park and follow the road - there is parking at the gate for 2 or 3 vehicles. Down Side","NZ 30219 70633"
"20179376","BNE","2.1056","QF","","2.1056","3100","","MAP","","430909.0","571633.0","Backworth NE27 0SD","HFJ1","","","","","","","","","ME00755Nw","","20179376","2023-11-29","","NRAIL","","","","","Rev Main/Fast","Access Point. Level Crossing. RT Document: ALARMS. Access on foot only. No vehicular access or parking.    Local name ""Earsdon"" in Ellipse <confirmed as Backworth> Ped & Veh Access - Amend in Ellipse",""
"20787908","BNE","0.0748","QF","","0.0748","1100","","MAV","","428708.0","569374.0","Bellway industrial estate NE12 9RF","HFJ1","","","","","","","","","ME00755Nw","","20787908","2022-09-23","","NRAIL","","","","","Up Main/Fast","Whitley road Longbenton Pedestrian foot crossing     Pedestrian and Vehicle Access - 0m 34c Up - Amend in Ellipse",""
"20787909","BNE","2.1056","QF","","2.1056","3100","","MAV","","430909.0","571633.0","Backworth NE27 0SD","HFJ1","","","","","","","","","ME00755Nw","","20787909","2023-11-29","","NRAIL","","","","","Rev Main/Fast","Access Point. Level Crossing. RT Document: ALARMS. Access on foot only. No vehicular access or parking.    Local name ""Earsdon"" in Ellipse <confirmed as Backworth> Ped & Veh Access - Amend in Ellipse",""
"20771637","BOC1","6.044","QF","","6.044","0","","MAV","","445721.0","371747.0","BUTTERMILK LANE BOLSOVER","HFJ4","","","","","","","","","","","20771637","2013-03-25","","NRAIL","","","","","All/Multiple Tracks","GN5887 NEW ASSETS CREATED FROM ELLIPSE 17/4/07 STC. S44 6AD",""
"20794869","BOH","0.0","QF","","0.0506","1100","","MAP","","443768.0","517880.0","Hartburn Curve. TS18 3LG","HFJ1","","","","","","","","","","","20794869","2024-08-22","","NRAIL","","","","","Up Main/Fast","PEDESTRIAN ONLY - Access to S and T assets and Infrastructure etc~
Park in park car park off Yarm Road and walk to left towards track?Parking must be in Council car park.~
[payout.lawns.unfounded]","NZ 43768 17880"
"20632217","BRI1","100.0745","QF","","100.0745","2200","","MAP","","512498.0","414949.0","ULCEBY STATION","HFJ4","","","","","","","","","","","20632217","2013-02-06","","NRAIL","","","","","Down Slow","MIMS-SX//SC/KN -",""
"20179681","BRI1","100.0726","QF","","100.0726","2200","","MAV","","512503.0","414932.0","ULCEBY LC","HFJ4","","","","","","","","","","","20179681","2013-02-06","","NRAIL","","","","","Down Slow","MIMS-SX//SC/KN - Access Point. Level Crossing. RT Document: ALARMS.",""
"20181060","BRI1","100.0726","QF","","100.0726","1200","","MAV","","512503.0","414932.0","ULCEBY LC","HFJ4","","","","","","","","","","","20181060","2013-02-06","","NRAIL","","","","","Up Slow","MIMS-SX//SC/KN - Access Point. Signal Box/LC. From 1077 Immingham Road",""
"20772880","BRI2","102.0396","QF","","102.0396","2100","","MAP","","514329.0","416737.0","BRIDGE 3","HFJ4","","","","","","","","","","","20772880","2013-02-06","","NRAIL","","","","","Down Main/Fast","26/02/08 CREATING ASSET - AS",""
"20632139","BRI2","102.1598","QF","","102.1598","0","","MAP","","515361.0","417070.0","EASTFIELD RD BRIDGE 5","HFJ4","","","","","","","","","","","20632139","2022-10-04","","NRAIL","","","","","All/Multiple Tracks","MIMS-S//SC/ -",""
"20772881","BRI2","104.0088","QF","","104.0088","1100","","MAP","","517136.0","416683.0","HUMBER ROAD BRIDGE 6 IMMINGHAM","HFJ4","","","","","","","","","","","20772881","2013-02-06","","NRAIL","","","","","Up Main/Fast","26/02/08 CREATING ASSET - AS",""
"20772882","BRI2","104.0088","QF","","104.0088","2100","","MAP","","517136.0","416683.0","HUMBER ROAD BRIDGE 6","HFJ4","","","","","","","","","","","20772882","2013-02-06","","NRAIL","","","","","Down Main/Fast","26/02/08 CREATING ASSET - AS",""
"20181062","BRI2","104.066","QF","","104.066","9999","","MAV","","517592.0","416392.0","SIGNAL BOX","HFJ4","","","","","","","","","","","20181062","2013-02-06","","NRAIL","","","","","Unknown","Access Point. Signal Box. Situated on Manby Road dual carriageway roundabout towards Immingham Centre. 1/2 mile onto Associated British Ports Lane.",""
"20788228","BTJ","161.0088","QF","","161.0088","0","","MAX","","440125.0","389893.0","Tinsley Avesta LC S9 1US","HFJ4","","","","","","","","","","","20788228","2022-10-20","","NRAIL","","","","","All/Multiple Tracks","[quick.influencing.became]","SK 40125 89893"
"20615026","BWC","0.0062","QF","","0.0062","0","","MAP","","427463.0","583101.0","Bedlington North NE22 7JX","HFJ1","","","","","","","","","","","20615026","2023-11-29","","NRAIL","","","","","All/Multiple Tracks","MIMS-S//KB/ -",""
"20615052","BWC","0.0167","QF","","0.0167","1100","","MAP","","427428.0","583194.0","Bedlington North NE22 7JX","HFJ1","","","","","","","","","","","20615052","2023-11-29","","NRAIL","","","","","Up Main/Fast","MIMS-S//KB/ -",""
"20784289","BWC","4.022","QF","","4.022","1100","","MAP","","428770.0","588313.0","Woodhorn Miners Cottages NE63 9YG","HFJ1","","","","","","","","","","","20784289","2022-10-17","","NRAIL","","","","","Up Main/Fast","New access installed","NZ 28770 88313"
"120000155","BWC","2.1595","QF","","2.1595","2100","","MAPE","","427316.1","587600.0","Ashington Station Platform End","HFJ1","","","","","","","","","Authorised Access Point - Pedestrian","","120000155","2025-07-28","","","","","","","Down Main/Fast","Authorised Access Point - Pedestrian - Ashington Station Platform End due to enter into service 15th December 2024",""
"120000156","BWC","2.172","QF","","2.172","2100","","MAPE","","427283.8","587705.5","Ashington Station Platform End","HFJ1","","","","","","","","","Authorised Access Point - Pedestrian","","120000156","2025-07-28","","","","","","","Down Main/Fast","Authorised Access Point - Pedestrian - Ashington Station Platform End due to enter into service December 15th 2024",""
"20179419","BWC","0.1409","QF","","0.1409","0","","MAV","","427509.0","584323.0","Bomersund LC NE22 7AD","HFJ1","","","","","","","","","ME00755Nw","","20179419","2024-10-16","","NRAIL","","","","","All/Multiple Tracks","MIMS-S//DE/ - Access Point. Level Crossing. RT Document: ALARMS. No parking on occupation road. + PDSTRN CRSNG     Ellipse showing as Pedestrian Access <Confirmed as vehicle access> - Amend in Ellipse",""
"20179843","BWC","1.0902","QF","","1.0902","9999","","MAV","","427684.0","585454.0","Marcheys House NE62 5XL","HFJ1","","","","","","","","","","","20179843","2024-10-16","","NRAIL","","","","","Unknown","Access Point. Level Crossing. Wansbeck Terrace RT Document: ALARMS.",""
"120000719","BWC","1.0902","QF","","1.0902","2100","","MAV","","427681.0","585440.0","MARCHEYS HOUSE","HFJ1","","","","","","","","","ACCESS POINT","","120000719","2025-07-18","","","","","","","Down Main/Fast","Marchey's House, Brock Lane, West Sleekburn, Choppington, West Sleekburn
apprehend.interrupt.shackles
NZ 27682 85440",""
"20179844","BWC","1.1672","QF","","1.1672","0","","MAV","","427781.0","586148.0","North Seaton SBX, Newbiggin Road NE63 8SY","HFJ1","","","","","","","","","","","20179844","2024-10-16","","NRAIL","","","","","All/Multiple Tracks","MIMS-S//DE/ - Access Point. Level Crossing. RT Document: ALARMS.NOT SEEN ON STAGE 1 VISIT",""
"20179915","BWC","2.0946","QF","","2.0946","0","","MAV","","427533.0","587052.0","Green Lane LC, Ashington NE63 8BG","HFJ1","","","","","","","","","","","20179915","2024-10-16","","NRAIL","","","","","All/Multiple Tracks","MIMS-S//DE/ - Access Point. Level Crossing. RT Document: ALARMS.NOT SEEN ON STAGE 1 VISIT",""
"20789729","BWC","2.1716","QF","","2.1716","1100","","MAV","","427279.0","587708.0","Ashington Stn NE63 0RY","HFJ1","","","","","","","","","","","20789729","2023-09-10","","NRAIL","","","","","Up Main/Fast","[oatmeal.shoelaces.tester] Vehicle access gate on the UP side at the disused station platform.","NZ 27279 87708"
"20179682","BWC","3.0462","QF","","3.0462","0","","MAV","","427414.0","588127.0","Hirst Lane LC NE63 9JX","HFJ1","","","","","","","","","","","20179682","2024-10-16","","NRAIL","","","","","All/Multiple Tracks","MIMS-S//KB/ - Access Point. Level Crossing. RT Document: ALARMS.NOT SEEN ON SATGE 1 VISIT",""
"20179363","BWC","3.143","QF","","3.143","0","","MAV","","428271.0","588272.0","Third House Farm NE63 9ER","HFJ1","","","","","","","","","","","20179363","2024-10-16","","NRAIL","","","","","All/Multiple Tracks","MIMS-S//KB/ - Access Point. Level Crossing. RT Document: ALARMS. No parking on occupation road. NOT SEEN ON STAGE 1 VISIT",""
"20771585","CEM","10.0","QF","","10.0","2300","","MAV","","460420.0","363792.0","CLIPSTON/BAULKER LANE","HFJ4","","","","","","","","","","","20771585","2013-03-25","","NRAIL","","","","","Down Goods","GN5887 NEW ASSETS CREATED FROM ELLIPSE 16/4/07 STC. NG21 9JL.",""
"20631952","CFM","10.1343","QF","","10.1343","2100","","MAP","","450935.0","437003.0","Church Fenton","HFJ6","","","","","","","","","FOOT ACCESS","","20631952","2013-02-25","","NRAIL","","","","","Down Main/Fast","MIMS-S//PH/ -","SE 50935 37003"
"20631953","CFM","10.1343","QF","","10.1343","1100","","MAP","","450935.0","437003.0","Church Fenton","HFJ6","","","","","","","","","FOOT ACCESS","","20631953","2013-02-25","","NRAIL","","","","","Up Main/Fast","MIMS-S//PH/ -","SE 50935 37003"
"20788348","CFM","12.0044","QF","","12.0044","2100","","MAP","","449480.0","435635.0","Saw Wells Lane UB 4","HFJ6","","","","","","","","","PEDESTRIAN ACCESS","","20788348","2022-11-01","","NRAIL","","","","","Down Main/Fast","Turn onto Saw Wells Lane from Back Lane, Off Main Street and travel along the road for approx 1 mile until reaching CFM-4. Access to the railway is through the pedestrian field gate, along the walking route and up the access steps that lead directly to the Down Leeds line. Vehicle parking is restricted at this location due to the narrow road width and use of agricultural vehicles working in the neighbouring fields. What3Words Ref dubbing.surpasses.graphics","SE 49480 35635"
"20788989","CFM","12.0698","QF","","12.0698","2100","","MAP","","449015.0","435260.0","London Road UB5","HFJ6","","","","","","","","","Pedestrian","","20788989","2023-03-06","","NRAIL","","","","","Down Main/Fast","The railway access is located on the Barkston Ash side of UB 5. Access to the railway is through the pedestrian access gate, along the walking route leading to access steps [approx 12m729y]. The access steps lead up to the Down Leeds. CF719RR signal is in close proximity. The Access point is lit by solar powered street lighting. There is adequate parking available on the road side for approx 2 vehicles.  What3Words Ref: shocked.beaten.nodded","SE 49015 35260"
"20779568","CFM","12.0712","QF","","12.0716","1100","","MAP","","449021.0","435227.0","A162 Barkston Road U/B 5","HFJ6","","","","","","","","","Pedestrian","","20779568","2022-04-29","","NRAIL","","","","","Up Main/Fast","New pedestrian access point leding from the main A162 highway footpath & consisting of concrete steps leading up the railway embankment to the Up Cess.LED Solar powered street lights are insitu at strategic points to light the steps up when the PIR is triggered. What3Words Ref: scare.mini.specifies","SE 49021 35227"
"20788354","CFM","13.011","QF","","13.011","1100","","MAP","","448225.0","434535.0","Mile Hill / St Johns","HFJ6","","","","","","","","","PEDESTRIAN ACCESS","","20788354","2022-11-01","","NRAIL","","","","","Up Main/Fast","Access through the vehicular palisade access gates, immediately located off Coldhill Lane. Follow farm track that leads to the pedestrian palisade access gate and concrete access steps. The nearest line to the access point is the Up Leeds. Restricted vehicle parking due to the narrow road and farm track road,  What3Words Ref: paintings.joins.every","SE 48225 34535"
"20788588","CFM","13.1205","QF","","13.1205","2100","","MAP","","447607.0","433755.0","Laith Staid Lane UB 7","HFJ6","","","","","","","","","Pedestrian","","20788588","2022-12-16","","NRAIL","","","","","Down Main/Fast","From Church Hill in Sherburn in Elmet, turn onto Sir Johns Lane and travel approx 290m before turning onto Laith Staid Lane. Travel approx 3/4 of a mile along Laith Staid Lane until reachinng UB 7. This railway access is through the pedestrian access gate, along the landing leading to the access steps. The access steps lead up to the Down Leeds & CF711R Signal . The Access point is lit by solar powered street lighting. There is adequate parking available on the road side for vehicles.   What3Words Ref: kinks.acrobat.situates","SE 47607 33755"
"20788449","CFM","14.1584","QF","","14.1584","1100","","MAP","","445961.0","432884.0","SHEPHERD""S BRIDGE OB 12","HFJ6","","","","","","","","","PEDESTRIAN ACCESS","","20788449","2022-11-22","","NRAIL","","","","","Up Main/Fast","On Newthorpe Lane, pass Squires Cafe <Right Hand side>, go under the railway bridge and turn left onto Hall Lane.~
Follow the road, passing Newthorpe Quarry and keep on the road until reaching OB 12 Shepherds Bridge.~
The proposed access gate is located at the side of the solar powered gel applicators part way down the farmers field heading towards the low mileage side on the railway. What3Words Ref: prospered.scribbled.maximum","SE 45900 32800"
"20788290","CFM","15.128","QF","","15.128","2100","","MAP","","444637.0","432715.0","Micklefield Station Platform 1","HFJ6","","","","","","","","","Pedestrian","","20788290","2022-10-26","","NRAIL","","","","","Down Main/Fast","Access to the palisade access gates is located at the end of Micklefield Station Platform 1 Car Park adjacent to the Church Fenton lines. Access through the gate, down the steps that lead directly to Micklefield Junction. Vehicle parking is suitable at this location.  What3words : wished.ended.fuse","SE 44637 32715"
"20631950","CFM","10.1191","QF","","10.1191","2100","","MAV","","450973.0","437137.0","Church Fenton","HFJ6","","","","","","","","","FOOT/VEHICLE ACCESS","","20631950","2013-02-25","","NRAIL","","","","","Down Main/Fast","MIMS-SX//PH/KN -","SE 50973 37137"
"20631955","CFM","10.1402","QF","","10.1402","2100","","MAV","","450915.0","436948.0","Church Fenton","HFJ6","","","","","","","","","FOOT/VEHICLE ACCESS","","20631955","2013-02-25","","NRAIL","","","","","Down Main/Fast","MIMS-S//PH/ -","SE 50915 36948"
"20179588","CFM","10.1742","QF","","10.1742","0","","MAV","","450770.0","436671.0","Rose Lane LC","HFJ6","","","","","","","","","FOOT/VEHICLE ACCESS","","20179588","2013-02-25","","NRAIL","","","","","All/Multiple Tracks","MIMS-SX//DE/KN - Access Point. Level Crossing. RT Document: ALARMS. No parking on occupation road. Position LS & RS","SE 50770 36671"
"20179398","CFM","11.0302","QF","","11.0302","0","","MAV","","450560.0","436478.0","Poulters LC","HFJ6","","","","","","","","","FOOT/VEHICLE ACCESS","","20179398","2013-02-25","","NRAIL","","","","","All/Multiple Tracks","MIMS-X///KN - Access Point. Level Crossing. RT Document: ALARMS. No parking on occupation road","SE 50560 36478"
"20774858","CFM","11.0794","QF","","11.0794","2100","","MAV","","450209.0","436200.0","Adamson""s LC","HFJ6","","","","","","","","","Vehicle","","20774858","2013-03-14","","NRAIL","","","","","Down Main/Fast","","SE 50209 36200"
"20774859","CFM","13.011","QF","","13.011","1100","","MAV","","448222.0","434540.0","Sir John""s / Mile Hill","HFJ6","","","","","","","","","Vehicle","","20774859","2013-03-14","","NRAIL","","","","","Up Main/Fast","","SE 48222 34540"
"20773958","CFM","13.0946","QF","","13.0968","9999","","MAV","","447760.0","433933.0","Huddlestone","HFJ6","","","","","","","","","Foot/Vehicle Access","","20773958","2013-02-25","","NRAIL","","","","","Unknown","New Access road at Huddleston fo foot and vehicle","SE 47760 33933"
"20772049","CHR","146.143","QF","","146.143","1100","","MAP","","438919.0","372330.0","BRIMINGTON ROAD/SKULL & CROSSBONES","HFJ4","","","","","","","","","","","20772049","2013-03-25","","NRAIL","","","","","Up Main/Fast","GN7075 CREATING NEW ASSETS 31/10/07 AS. S41 0ST",""
"20771619","CHR","147.1496","QF","","147.1496","1100","","MAP","","439051.0","373962.0","NEWBRIDGE LANE BR96","HFJ4","","","","","","","","","","","20771619","2013-03-25","","NRAIL","","","","","Up Main/Fast","GN5887 NEW ASSETS CREATED FROM ELLIPSE 16/4/07 STC. S43 1GT",""
"20771624","CHR","150.132","QF","","150.132","2100","","MAP","","443052.0","375994.0","FOXLOW JN","HFJ4","","","","","","","","","","","20771624","2013-03-25","","NRAIL","","","","","Down Main/Fast","GN5887 NEW ASSETS CREATED FROM ELLIPSE 16/4/07 STC. S43 3YN.",""
"20771704","CHR","158.132","QF","","158.132","0","","MAP","","442950.0","387880.0","TREETON STEPS","HFJ4","","","","","","","","","","","20771704","2013-03-25","","NRAIL","","","","","All/Multiple Tracks","GN6017 NEW ASSETS CREATED FROM ELLIPSE 18/4/07 STC. S60 5PN.",""
"20771586","CHR","147.077","QF","","147.077","2100","","MAV","","438863.0","373329.0","BRIMINGTON RD NTH BR94","HFJ4","","","","","","","","","","","20771586","2013-03-25","","NRAIL","","","","","Down Main/Fast","GN5887 CREATING NEW ASSETS FROM ELLIPSE 16/4/07 STC. S41 0UB",""
"20633164","CHR","148.1426","QF","","148.1426","2100","","MAV","","440152.0","374990.0","WHITTINGTON OLD STN","HFJ4","","","","","","","","","","","20633164","2013-03-25","","JARVIS","","","","","Down Main/Fast","MIMS-SX//SC/KN - Not seen on SERCO -. S43 2QE.",""
"20772050","CHR","149.0022","QF","","149.0022","2100","","MAV","","440455.0","375085.0","BARROWHILL SOUTH","HFJ4","","","","","","","","","","","20772050","2013-03-25","","NRAIL","","","","","Down Main/Fast","GN7075 CREATING NEW ASSETS 31/10/07 AS. S43 2QE",""
"20771588","CHR","149.0748","QF","","149.0748","2100","","MAV","","441109.0","375204.0","BARROWHILLROUND HOUSE","HFJ4","","","","","","","","","","","20771588","2013-03-25","","NRAIL","","","","","Down Main/Fast","GN5887 CREATING NEW ASSETS FROM ELLIPSE 16/4/07 STC. S43 2PW",""
"20771589","CHR","149.132","QF","","149.132","2100","","MAV","","441620.0","375296.0","BARROWHILL RELAY ROOM","HFJ4","","","","","","","","","","","20771589","2013-03-25","","NRAIL","","","","","Down Main/Fast","GN5887 CREATING NEW ASSETS FROM ELLIPSE 16/4/07 STC. S43 2PS.",""
"20771639","CHR","150.132","QF","","150.132","2300","","MAV","","443052.0","375994.0","FOXLOW JUNCTION","HFJ4","","","","","","","","","","","20771639","2013-03-25","","NRAIL","","","","","Down Goods","GN5887 NEW ASSETS CREATED FROM ELLIPSE 17/4/07 STC. S43 3YN",""
"20772862","CHR","151.0154","QF","","151.0154","1100","","MAV","","443454.0","376357.0","SLITTING MILL","HFJ4","","","","","","","","","","","20772862","2022-10-04","","NRAIL","","","","","Up Main/Fast","12/02/08 CREATING ASSET - AS. S43 3YN.",""
"20771592","CHR","152.077","QF","","152.077","1100","","MAV","","444231.0","378329.0","HAMER GOODLADS","HFJ4","","","","","","","","","","","20771592","2013-03-25","","NRAIL","","","","","Up Main/Fast","GN5887 CREATING NEW ASSETS FROM ELLIPSE 16/4/07 STC. S21 3WF.",""
"20771593","CHR","154.066","QF","","154.066","1100","","MAV","","444709.0","381328.0","KILLAMARSH","HFJ4","","","","","","","","","","","20771593","2013-03-25","","NRAIL","","","","","Up Main/Fast","GN5887 CREATING NEW ASSETS FROM ELLIPSE 16/4/07 STC. S20 3GX.",""
"20771594","CHR","155.1012","QF","","155.1012","1100","","MAV","","444856.0","383216.0","BEIGHTON JCN","HFJ4","","","","","","","","","","","20771594","2013-03-25","","NRAIL","","","","","Up Main/Fast","GN5887 CREATING NEW ASSETS FROM ELLIPSE 16/4/07 STC. S20 2UB.",""
"20771595","CHR","156.044","QF","","156.044","1100","","MAV","","444597.0","384276.0","BEIGHTON RAMP","HFJ4","","","","","","","","","","","20771595","2013-03-25","","NRAIL","","","","","Up Main/Fast","GN5887 CREATING NEW ASSETS FROM ELLIPSE 16/4/07 STC. S20 1AH.",""
"20771680","CHR","157.088","QF","","157.088","0","","MAV","","443546.0","385975.0","LAYCAST-WOODHOUSE MILL","HFJ4","","","","","","","","","","","20771680","2013-03-25","","NRAIL","","","","","All/Multiple Tracks","GN6017 NEW ASSETS CREATED FROM ELLIPSE 17/4/07 STC. S13 9ZL.",""
"20771681","CHR","157.0946","QF","","157.0946","0","","MAV","","443517.0","386028.0","WOODHOUSE MILL","HFJ4","","","","","","","","","","","20771681","2013-03-25","","NRAIL","","","","","All/Multiple Tracks","GN6017 NEW ASSETS CREATED FROM ELLIPSE 17/4/07 STC. S13 9ZL.",""
"20771682","CHR","159.0418","QF","","159.0418","0","","MAV","","443006.0","388660.0","TREETON NORTH","HFJ4","","","","","","","","","","","20771682","2013-03-25","","NRAIL","","","","","All/Multiple Tracks","GN6017 NEW ASSETS CREATED FROM ELLIPSE 17/4/07 STC. S60 5SP.",""
"20771683","CHR","160.055","QF","","160.055","0","","MAV","","442448.0","390249.0","CANKLOW GREEN GATES","HFJ4","","","","","","","","","","","20771683","2013-03-25","","NRAIL","","","","","All/Multiple Tracks","GN6017 NEW ASSETS CREATED FROM ELLIPSE 17/4/07 STC. S60 5JD.",""
"20771684","CHR","161.022","QF","","161.022","0","","MAV","","442011.0","391477.0","MASBOROUGH SORTING SIDINGS SOUTH","HFJ4","","","","","","","","","","","20771684","2013-03-25","","NRAIL","","","","","All/Multiple Tracks","GN6017 NEW ASSETS CREATED FROM ELLIPSE 17/4/07 STC. S60 1DH.",""
"20771685","CHR","162.022","QF","","162.022","0","","MAV","","441908.0","393039.0","MASBOROUGH OLD STN","HFJ4","","","","","","","","","","","20771685","2013-03-25","","NRAIL","","","","","All/Multiple Tracks","GN6017 NEW ASSETS CREATED FROM ELLIPSE 17/4/07 STC. S60 1HZ.",""
"20774860","CHS","0.0884","QF","","0.0896","2100","","MAP","","430555.0","417462.0","Charles Street U/B2 <Bombardier>","HFJ6","","","","","","","","","Predestrian","","20774860","2022-05-16","","NRAIL","","","","","Down Main/Fast","Access through the pedestrian gate and along the walkway leading directly to the access steps. The access steps lead to the Down Main cess and are lit via a LED solar powered street light. What3Words Ref: drifters.gets.shade","SE 30555 17462"
"20789248","CHS","0.109","QF","","0.109","1100","","MAP","","430513.0","417284.0","BROAD CUT ROAD UB3","HFJ6","","","","","","","","","PEDESTRIAN ACCESS","","20789248","2023-12-15","","NRAIL","","","","","Up Main/Fast","Turn off Denby Dale Road onto Broad Cut Road <sign post for the Navigation pub>. Follow Broad Cut Road, over the Calder & Hebble Navigation bridge, past the Navigation pub up to the galvanised field gate at the end of the road. The pedestrian access gate is located approx 10m from the field gate, towards UB 3. Access the railway through the pedestrian access gate, up the access steps which lead directly to the Up Main cess. Access point lit by solar powered street lighting. Limited vehicle parking is available on the pedestrian access side of the field gate <secured by 859 and adjacent land owners padlocks. Field Gate MUST be closed and locked at all times.  What3Words Ref: deferring.squirted.cared","SE 30513 17284"
"20788214","CHS","0.0132","QF","","0.0132","2150","","MAV","","430724.0","417883.0","Horbury Junction","HFJ6","","","","","","","","","VEHICLE ACCESS","","20788214","2022-10-21","","NRAIL","","","","","","Access through the vehicular palisade access gates, located off Forge Lane and directly into the yard and vehicular access road leading to Horbury Junction and direct access to the MVN2 & CHS lines. Vehicle parking is suitable at this location. What3Words Ref: develops.quitter.debt","SE 30700 17800"
"20784688","CHS","0.0398","QF","","0.0398","2100","","MAV","","430724.0","417883.0","Horbury Junction Forge Lane","HFJ6","","","","","","","","","","","20784688","2020-12-21","","NRAIL","","","","","Down Main/Fast","What3Words Ref: develops.quitter.debt                 Access through the vehicular palisade access gates directly into the yard at 0 miles 181 yards and vehicular access road leading to the gate at 0 miles 398 yards at Horbury Junction and direct access to the MVN2 & CHS lines.","SE 30724 17883"
"20624233","CPM1","56.1408","QF","","56.1408","0","","MAP","","445643.0","422686.0","Skinner Lane WF8 1HX","HFJ7","","","","","","","","","Pedestrian","","20624233","2015-02-02","","NRAIL","","","","","All/Multiple Tracks","Position NP=Access available from both sides. Access point for Prince of Wales signal box. Pedestrian and vehicle access at level crossing. Parking available on roadside.",""
"20774861","CPM1","56.1384","QF","","56.1384","0","","MAV","","445571.0","422720.0","Prince Of Wales SB WF8 1HX","HFJ7","","","","","","","","","Vehicle","","20774861","2015-02-02","","NRAIL","","","","","All/Multiple Tracks","","SE 45571 22720"
"20179118","CPM1","57.0691","QF","","57.0691","2100","","MAV","","444715.0","423181.0","Parkside WF8 4QD","HFJ7","","","","","","","","","","","20179118","2022-09-13","","NRAIL","","","","","Down Main/Fast","MIMS-X///KN - Access Point. Level Crossing. RT Document: ALARMS. No parking on occupation road",""
"20774862","CPM1","58.0","QF","","58.0","2100","","MAV","","443877.0","423635.0","Castleford Lane WF10 4TA","HFJ7","","","","","","","","","","","20774862","2022-09-13","","NRAIL","","","","","Down Main/Fast","Also known as Woodman Lane UWC","SE 43877 23635"
"20774863","CPM1","58.0224","QF","","58.0224","2100","","MAV","","443678.0","423747.0","Whitehorn Road WF10 4TA","HFJ7","","","","","","","","","ME000755NW","","20774863","2022-09-13","","NRAIL","","","","","Down Main/Fast","Access via the rear of Premier Inn","SE 43678 23747"
"20771514","CPM1","58.0484","QF","","58.0484","2100","","MAV","","443468.0","423858.0","Glass Houghton WF10 4TA","HFJ7","","","","","","","","","","","20771514","2015-02-02","","NRAIL","","","","","Down Main/Fast"," ","SE 43468 23858"
"20774864","CPM1","58.1744","QF","","58.1744","1100","","MAV","","442465.0","424403.0","Cutsyke Jn SB LC WF10 5ES","HFJ7","","","","","","","","","Vehicle","","20774864","2015-02-02","","NRAIL","","","","","Up Main/Fast","","SE 42465 24403"
"20789108","CPM2","0.0814","QF","","0.0814","2100","","MAP","","442220.0","424842.0","LOVE LANE CUTSYKE WF10 5RX","HFJ7","","","","","","","","","","","20789108","2023-03-21","","NRAIL","","","","","Down Main/Fast","Permanent Pedestrian access point  with palisade Gate. Hard stand and GRP stairs and handrail up to track level.                                                                          W3W""s: Marked.brands.sobs","SE 42220 24842"
"20790349","CTL","0.0132","QF","","0.0132","2100","","MAP","","434513.0","420020.0","Turners Lane Steps WF1 5PL","HFJ7","","","","","","","","","","","20790349","2024-05-30","","NRAIL","","","","","Down Main/Fast","What3Words  shells.narrow.modes","SE 34513 20020"
"20774865","CTL","0.0445","QF","","0.0445","1100","","MAP","","434419.0","420310.0","Driver""s Relief Point Auth Walking Route WF1 5PW","HFJ7","","","","","","","","","ME000755NW","","20774865","2022-09-14","","NRAIL","","","","","Up Main/Fast","To access - cross up/down Goole - LB required","SE 34419 20310"
"20616514","CWS","10.1648","QF","","10.1648","2300","","MAP","","460670.0","365269.0","CLIPSTONE S/B","HFJ4","","","","","","","","","","","20616514","2013-03-25","","JARVIS","","","","","Down Goods","NG21 9BU",""
"20771040","DAE1","3.077","QF","","3.077","3100","","MAP","","427575.0","519924.0","Motorway Crossing DL3 0XN","HFJ1","","","","","","","","","","","20771040","2012-05-01","","NRAIL","","","","","Rev Main/Fast","Walk from Whiley Hill AHB Level Crossing",""
"20770956","DAE1","4.0","QF","","4.0","3100","","MAP","","427306.0","520786.0","Adams Crossing DL3 0XN","HFJ1","","","","","","","","","","","20770956","2012-05-01","","NRAIL","","","","","Rev Main/Fast","Walk from Whiley Hill AHB Level Crossing",""
"20771333","DAE1","4.1305","QF","","4.1305","1100","","MAP","","427179.0","521974.0","Fujitsu Way DL5 6AP","HFJ1","","","","","","","","","","","20771333","2012-05-01","","NRAIL","","","","","Up Main/Fast","Off Bridge 11B Fujitsu Way - Aycliffe Industrial Estate. Concrete steps with galvanised hand rail - wooden access gate.",""
"20179254","DAE1","4.1694","QF","","4.1694","0","","MAP","","427142.0","522319.0","Heighington Footpath DL5 6QG","HFJ1","","","","","","","","","","","20179254","2012-05-01","","NRAIL","","","","","All/Multiple Tracks","Walk from Heighington Station.MIMS-S//DE/ - Access Point. Level Crossing. RT Document: ALARMS. Access on foot only. No vehicular access or parking. POSITION LS/RS",""
"20787209","DAE1","6.0022","QF","","6.0022","1100","","MAP","","426959.0","524005.0","Newton Aycliffe DL5 6EA","HFJ1","","","","","","","","","","","20787209","2022-05-20","","NRAIL","","","","","Up Main/Fast","Off Bridge 10 School Aycliffe Lane, Locally known as Rileys Steps","NZ 26959 24005"
"20638249","DAE1","6.0596","QF","","6.0596","1100","","MAP","","426598.0","524361.0","Newton Aycliffe Station DL5 6QZ","HFJ1","","","","","","","","","","","20638249","2012-05-01","","NRAIL","","","","","Up Main/Fast","Off Greenfield Way, Newton Aycliffe",""
"120000720","DAE1","7.0594","QF","","7.0594","1100","","MAP","","425137.0","525029.0","NEWTON AYCLIFFE","HFJ1","","","","","","","","","ACCESS POINT","","120000720","2025-07-18","","","","","","","Up Main/Fast","slung.cult.years
NZ 25137 25029",""
"20179951","DAE1","3.1254","QF","","3.1254","3100","","MAR","","427431.0","520343.0","Whiley Hill AHB LC DL3 0XN","HFJ1","","","","","","","","","","","20179951","2022-09-22","","NRAIL","","","","","Rev Main/Fast","AHB Level Crossing. Coatham Lane, Coatham Mundeville.",""
"20178946","DAE1","5.0159","QF","","5.0159","0","","MAR","","427120.0","522522.0","Heighington Station LC & Signal Box DL5 6QG","HFJ1","","","","","","","","","","","20178946","2022-09-22","","NRAIL","","","","","All/Multiple Tracks","Heighington Lane, between Heighington and Aycliffe.",""
"20787208","DAE1","2.0506","QF","","2.0506","1100","","MAV","","428338.0","518250.0","Burtree Lane DL3 0UY","HFJ1","","","","","","","","","","","20787208","2022-05-20","","NRAIL","","","","","Up Main/Fast","","NZ 28338 18250"
"20786349","DAE1","4.088","QF","","4.088","3100","","MAV","","427223.0","521586.0","HITACHI TEST TRACK DL5 6BA","HFJ1","","","","","","","","","","","20786349","2021-11-03","","NRAIL","","","","","Rev Main/Fast","New access point to track","NZ 27223 21586"
"20181071","DAE1","5.0164","QF","","5.0164","2100","","MAV","","427120.0","522527.0","Heighington Station Station DL5 6QG","HFJ1","","","","","","","","","","","20181071","2012-05-01","","NRAIL","","","","","Down Main/Fast","MIMS-S//DE/ - Access Point. Station. Off the Heighington to Aycliffe road. Behind signal box",""
"20638397","DAE1","6.1188","QF","","6.1188","1100","","MAV","","426108.0","524585.0","Greenfield Way DL5 7DT","HFJ1","","","","","","","","","","","20638397","2012-05-01","","NRAIL","","","","","Up Main/Fast","Single Access Gate, 859 key rquired, on Greenfield Way, just west of Newton Aycliffe Station. Lineside access from 6.0616 to 8.0440.",""
"20178951","DAE1","8.0028","QF","","8.0028","1100","","MAV","","424137.8","525464.9","THICKLEY WOOD DL4 2QS","HFJ1","","","","","","","","","","","20178951","2021-03-02","","NRAIL","","","","","Up Main/Fast","",""
"20181073","DAE1","8.055","QF","","8.055","1100","","MAV","","423735.0","525653.0","Shildon Signal Box & Bridge 5 DL4 2RG","HFJ1","","","","","","","","","","","20181073","2012-05-01","","NRAIL","","","","","Up Main/Fast","Access off Spout Lane, Shildon. Single gate, 859 lock.",""
"20179357","DAE1","1.1105","QF","","1.1105","3100","","MAX","","428446.0","517208.0","Jennings [Fat Factory] Level Crossing DL3 0RY","HFJ1","","","","","","","","","","","20179357","2022-08-18","","NRAIL","","","","","Rev Main/Fast","Next to Corus on Whessoe Rd, Darlington",""
"20786828","DAE2","8.1134","QF","","8.1134","2100","","MAP","","423308.0","525991.0","Shildon Aqueduct DL4 1LX","HFJ1","","","","","","","","","","","20786828","2022-02-02","","NRAIL","","","","","Down Main/Fast","Access Park at sports club. Local name Atkys Steps. Steps leading down to track","NZ 23308 25991"
"20179589","DAE2","10.1731","QF","","10.1731","3100","","MAP","","421387.0","529120.0","Bishop Auckland Footpath Nr Bridge 9 DL14 6DL","HFJ1","","","","","","","","","","","20179589","2012-05-01","","NRAIL","","","","","Rev Main/Fast","Footpath Crossing opposite Grand Hotel off South Church Road - A6072, Bishop Aukland.",""
"20776734","DAE2","11.0066","QF","","11.0066","3100","","MAP","","421304.0","529143.0","The Grand Hotel DL14 6DL","HFJ1","","","","","","","","","","","20776734","2022-09-22","","NRAIL","","","","","Rev Main/Fast","Access via third party land. Dn Side",""
"20776733","DAE2","11.0132","QF","","11.0132","3100","","MAP","","421245.0","529156.0","Asda Bishop Auckland Signal S29 DL14 6DG","HFJ1","","","","","","","","","","","20776733","2022-09-22","","NRAIL","","","","","Rev Main/Fast","Access via Asda Car Park.  Up Side",""
"20789831","DAE2","11.0701","QF","","11.0701","3300","","MAP","","420713.0","529157.0","Bishop Aukland West. DL14 6AA","HFJ1","","","","","","","","","ACCESS POINT","","20789831","2025-07-29","","NRAIL","","","","","Rev Goods","[editor.broom.weds ]","NZ 20713 29157"
"20789849","DAE2","11.0701","QF","","11.0701","3300","","MAP","","420713.0","529157.0","Bishop Auckland West. DL14 6AA","HFJ1","","","","","","","","","","","20789849","2023-10-11","","NRAIL","","","","","Rev Goods","[editor.broom.weds]","NZ 20713 29157"
"20181074","DAE2","8.0671","QF","","8.0671","1100","","MAV","","423632.0","525690.0","Shildon Station DL4 2DQ","HFJ1","","","","","","","","","","","20181074","2012-05-01","","NRAIL","","","","","Up Main/Fast","Access off Spout Lane, past Signal Box, Shildon",""
"20638400","DAE2","9.1238","QF","","9.1238","3100","","MAV","","422654.0","527575.0","West end of Shildon Tunnel & Bridge 3A DL14 8TE","HFJ1","","","","","","","","","","","20638400","2012-05-01","","NRAIL","","","","","Rev Main/Fast","Dirt track from Millbank Terrace, Coundon Grange. Access is 1/4mile West of Tunnel Mouth. Double Gate, 859 Key required.",""
"20181075","DAE2","11.0506","QF","","11.0506","3600","","MAV","","420903.0","529164.0","Bishop Auckland Station & Bridge 10 DL14 7TL","HFJ1","","","","","","","","","","","20181075","2012-05-01","","NRAIL","","","","","Rev Terminal/Bay","Station Approach off Bob Hardisty Drive - off Newgate Street.",""
"20178974","DAE3","8.1056","QF","","8.1056","0","","MA","","405759.0","536841.0","BRIDGE NO 9","HFJ6","","","","","","","","","","","20178974","2008-09-08","","NV","","","","","All/Multiple Tracks","MIMS-S//PH/ - Not seen during MIMS site visit -",""
"20179120","DAE3","1.0066","QF","","1.0066","0","","MAP","","415250.0","531370.0","","HFJ6","","","","","","","","","","","20179120","2008-09-08","","NV","","","","","All/Multiple Tracks","MIMS-S//PH/ - Access Point. Level Crossing. RT Document: ALARMS. Access on foot only. No vehicular access or parking. - Not seen during MIMS site visit -",""
"20179059","DAE3","1.0352","QF","","1.0352","0","","MAP","","415042.0","531212.0","","HFJ6","","","","","","","","","","","20179059","2008-09-08","","NV","","","","","All/Multiple Tracks","MIMS-S//PH/ - Access Point. Level Crossing. RT Document: ALARMS. Access on foot only. No vehicular access or parking.",""
"20179060","DAE3","1.0594","QF","","1.0594","0","","MAP","","414843.0","531115.0","","HFJ6","","","","","","","","","","","20179060","2008-09-08","","NV","","","","","All/Multiple Tracks","MIMS-S//PH/ - Access Point. Level Crossing. RT Document: ALARMS. Access on foot only. No vehicular access or parking. - Not seen during MIMS site visit - Not seen during MIMS site visit -",""
"20179061","DAE3","1.088","QF","","1.088","0","","MAP","","414584.0","531075.0","","HFJ6","","","","","","","","","","","20179061","2008-09-08","","NV","","","","","All/Multiple Tracks","MIMS-S//PH/ - Access Point. Level Crossing. RT Document: ALARMS. Access on foot only. No vehicular access or parking. - Not seen during MIMS site visit -",""
"20179456","DAE3","1.154","QF","","1.154","0","","MAP","","414047.0","531329.0","","HFJ6","","","","","","","","","","","20179456","2008-09-08","","NV","","","","","All/Multiple Tracks","MIMS-S//PH/ - Access Point. Level Crossing. RT Document: ALARMS. Access on foot only. No vehicular access or parking. - Not seen during MIMS site visit -",""
"20179062","DAE3","5.0946","QF","","5.0946","0","","MAP","","410388.0","535747.0","","HFJ6","","","","","","","","","","","20179062","2008-09-08","","NV","","","","","All/Multiple Tracks","MIMS-S//PH/ - Access Point. Level Crossing. RT Document: ALARMS. Access on foot only. No vehicular access or parking. - Not seen during MIMS site visit -",""
"20179063","DAE3","6.11","QF","","6.11","0","","MAP","","408880.0","536574.0","","HFJ6","","","","","","","","","","","20179063","2008-09-08","","NV","","","","","All/Multiple Tracks","MIMS-S//PH/ - Access Point. Level Crossing. RT Document: ALARMS. Access on foot only. No vehicular access or parking. - Not seen during MIMS site visit -",""
"20179006","DAE3","6.1672","QF","","6.1672","0","","MAP","","408389.0","536737.0","","HFJ6","","","","","","","","","","","20179006","2008-09-08","","NV","","","","","All/Multiple Tracks","MIMS-S//PH/ - Access Point. Level Crossing. RT Document: ALARMS. Access on foot only. No vehicular access or parking.",""
"20179066","DAE3","9.1012","QF","","9.1012","0","","MAP","","404197.0","536724.0","","HFJ6","","","","","","","","","","","20179066","2008-09-08","","NV","","","","","All/Multiple Tracks","MIMS-S//PH/ - Access Point. Level Crossing. RT Document: ALARMS. Access on foot only. No vehicular access or parking. - Not seen during MIMS site visit -",""
"20179067","DAE3","12.1466","QF","","12.1466","0","","MAP","","399872.0","538733.0","","HFJ6","","","","","","","","","","","20179067","2008-09-08","","NV","","","","","All/Multiple Tracks","MIMS-S//PH/ - Access Point. Level Crossing. RT Document: ALARMS. Access on foot only. No vehicular access or parking. STATION ACCESS",""
"20179068","DAE3","13.0132","QF","","13.0132","0","","MAP","","399540.0","538914.0","","HFJ6","","","","","","","","","","","20179068","2008-09-08","","NV","","","","","All/Multiple Tracks","MIMS-S//PH/ - Access Point. Level Crossing. RT Document: ALARMS. Access on foot only. No vehicular access or parking. - Not seen during MIMS site visit -",""
"20179069","DAE3","13.055","QF","","13.055","0","","MAP","","399165.0","538979.0","","HFJ6","","","","","","","","","","","20179069","2008-09-08","","NV","","","","","All/Multiple Tracks","MIMS-S//PH/ - Access Point. Level Crossing. RT Document: ALARMS. Access on foot only. No vehicular access or parking. - Not seen during MIMS site visit -",""
"20179070","DAE3","13.165","QF","","13.165","0","","MAP","","398188.0","539026.0","","HFJ6","","","","","","","","","","","20179070","2008-09-08","","NV","","","","","All/Multiple Tracks","MIMS-S//PH/ - Access Point. Level Crossing. RT Document: ALARMS. Access on foot only. No vehicular access or parking. - Not seen during MIMS site visit -",""
"20179119","DAE3","0.0374","QF","","0.0374","0","","MAV","","416464.0","531853.0","","HFJ6","","","","","","","","","","","20179119","2008-09-08","","NV","","","","","All/Multiple Tracks","MIMS-S//PH/ - Access Point. Level Crossing. RT Document: ALARMS. No parking on occupation road - Not seen during MIMS site visit -",""
"20179712","DAE3","1.0308","QF","","1.0308","0","","MAV","","415076.0","531235.0","","HFJ6","","","","","","","","","","","20179712","2008-09-08","","NV","","","","","All/Multiple Tracks","MIMS-S//PH/ - Access Point. Level Crossing. RT Document: ALARMS. - Not seen during MIMS site visit -",""
"20181076","DAE3","1.0308","QF","","1.0308","0","","MAV","","415076.0","531235.0","","HFJ6","","","","","","","","","","","20181076","2008-09-08","","NV","","","","","All/Multiple Tracks","MIMS-S//PH/ - Access Point. Signal Box/LC. On Low Lane at Witton-le-Wear. - Not seen during MIMS site visit -",""
"20179989","DAE3","7.033","QF","","7.033","0","","MAV","","408013.0","536813.0","","HFJ6","","","","","","","","","","","20179989","2008-09-08","","NV","","","","","All/Multiple Tracks","MIMS-S//PH/ - Access Point. Level Crossing. RT Document: ALARMS. No parking on occupation road",""
"20179064","DAE3","8.1342","QF","","8.1342","0","","MAV","","405499.0","536820.0","","HFJ6","","","","","","","","","","","20179064","2008-09-08","","NV","","","","","All/Multiple Tracks","MIMS-S//PH/ - Access Point. Level Crossing. RT Document: ALARMS. No parking on occupation road - Not seen during MIMS site visit -",""
"20179065","DAE3","9.044","QF","","9.044","0","","MAV","","404718.0","536761.0","","HFJ6","","","","","","","","","","","20179065","2008-09-08","","NV","","","","","All/Multiple Tracks","MIMS-S//PH/ - Access Point. Level Crossing. RT Document: ALARMS. No parking on occupation road - Not seen during MIMS site visit -",""
"20179918","DAE3","9.1694","QF","","9.1694","0","","MAV","","403591.0","536835.0","","HFJ6","","","","","","","","","","","20179918","2008-09-08","","NV","","","","","All/Multiple Tracks","MIMS-S//PH/ - Access Point. Level Crossing. RT Document: ALARMS. No parking on occupation road",""
"20626918","DAE3","12.1418","QF","","12.1418","3300","","MAV","","399896.0","538697.0","12M64C","HFJ6","","","","","","","","","","","20626918","2023-05-31","","NRAIL","","","","","Rev Goods","MIMS-S//PH/ - ",""
"20179683","DAE3","13.066","QF","","13.066","0","","MAV","","399074.0","539021.0","","HFJ6","","","","","","","","","","","20179683","2008-09-08","","NV","","","","","All/Multiple Tracks","MIMS-S//PH/ - Access Point. Level Crossing. RT Document: ALARMS. - Not seen during MIMS site visit -",""
"20179071","DAE3","14.044","QF","","14.044","0","","MAV","","397707.0","538890.0","","HFJ6","","","","","","","","","","","20179071","2008-09-08","","NV","","","","","All/Multiple Tracks","MIMS-S//PH/ - Access Point. Level Crossing. RT Document: ALARMS. No parking on occupation road - Not seen during MIMS site visit -",""
"20180131","DOL1","163.0462","QF","","163.0462","9999","","MA","","449466.0","410630.0","","HFJ6","","","","","","","","","","","20180131","2008-09-08","","NV","","","","","Unknown","A RIGHT OF WAY WITH OR WITHOUT VEHICLES OVER THE ROUTE SHOWN COLOURED BROWN",""
"20180132","DOL1","167.121","QF","","167.1342","9999","","MA","","443308.0","413776.0","","HFJ6","","","","","","","","","","","20180132","2008-09-08","","NV","","","","","Unknown","FULL RIGHT & LIBERTY WITH OR WITHOUT VEHICLES PLANT & EQUIPMENT AT ALL TIMES OF THE DAY OR NIGHT TO PASS & REPASS OVER THE PART OF THE PROPERTY HATCHED BROWN FOR THE PURPOSE TO & FROM STATION ROAD HEMSWORTH",""
"20180133","DOL1","175.0506","QF","","175.0682","9999","","MA","","433242.0","420023.0","","HFJ6","","","","","","","","","","","20180133","2008-09-08","","NV","","","","","Unknown","PURPOSE OF INSPECTING MAINTAINING REPAIRING RENEWING OR REMOVEING THE ADJOINING VIADUCT OR ANY OF ITS ASSOCIATED WORKS TO HOLD SUCH RIGHT UNTO THE BOARD IN FEE SIMPLE",""
"20179009","DOL1","162.121","QF","","162.121","9999","","MAP","","450352.0","410505.0","Hampole LC","HFJ6","","","","","","","","","","","20179009","2013-03-27","","NV","","","","","Unknown","Access Point. Level Crossing. RT Document: ALARMS. Access on foot only. No vehicular access or parking.","SE 50352 10505"
"20774868","DOL1","163.1688","QF","","163.1688","1100","","MAP","","449934.0","410592.0","Hampole","HFJ6","","","","","","","","","Predestrian","","20774868","2013-03-14","","NRAIL","","","","","Up Main/Fast","","SE 49934 10592"
"20788950","DOL1","164.0138","QF","","164.0138","2100","","MAP","","448160.0","410850.0","South Elmsall Sewage Works","HFJ6","","","","","","","","","Pedestrian","","20788950","2023-02-27","","NRAIL","","","","","Down Main/Fast","Turn into South Elmsall Station car park and follow Station Road to the end until reaching the entrance to the Sewage Treatment Works. The pedestrian access gate is located in the boundary fence with a walkway leading to the Down cess. This access point has limited parking due to the narrow width of the road and the regular use of the road by Yorkshire Water tankers. What3Words Ref: snooping.hospitals.wins","SE 48160 10850"
"20629416","DOL1","164.108","QF","","164.108","2100","","MAP","","447362.0","411168.0","South Elmsall","HFJ6","","","","","","","","","","","20629416","2022-10-03","","NRAIL","","","","","Down Main/Fast","MIMS-S//SC/ -","SE 47362 11168"
"20629418","DOL1","164.11","QF","","164.11","1100","","MAP","","447347.0","411178.0","South Elmsall","HFJ6","","","","","","","","","","","20629418","2022-10-03","","NRAIL","","","","","Up Main/Fast","MIMS-S//SC/ -","SE 47347 11178"
"120000225","DOL1","165.0089","QF","","165.0089","2100","","MAP","","446710.0","411420.0","Kirkbridge Footbridge 25","HFJ6","","","","","","","","","Pedestrian","","120000225","2025-01-13","","","","","","","Down Main/Fast","From Minsthorpe Lane, take the turning onto Little Lane. Continue along Little Lane for approx 280m before turning onto Beaumont Avenue. Continue along Beaumont Avenue for approx 140m until the access path/track leading to Kirkbridge Footpath is visible on the left hand side between house number 15 and 17 Beaumont Avenue. From this access path/track, continue for approx 40m and the pedestrian access gate is located underneath the footbridge. Limited parking available on Beaumont Avenue. What3Words Ref:  pheasants.identity.segments     ",""
"20788688","DOL1","165.0682","QF","","165.0682","2100","","MAP","","446176.0","411631.0","LONGDALE DRIVE","HFJ6","","","","","","","","","PEDESTRIAN ACCESS","","20788688","2023-01-09","","NRAIL","","","","","Down Main/Fast","Turn into Longdale Drive from Minsthorpe Lane and carry on the road for approx 200m, around the bend in the road that is adjacent to the public footpath running alongside to the railway. Park up in a safe place and walk along the public footpath until reaching the palisade pedestrian gate located to the side of the OLE OHNS stanchion, approx 60m from Longdale Drive. What3Words Ref: besotted.implanted.given","SE 46176 11631"
"20774321","DOL1","167.0468","QF","","167.0468","1100","","MAP","","443705.0","413246.0","Hemsworth Rugby Club","HFJ6","","","","","","","","","","","20774321","2011-09-22","","NRAIL","","","","","Up Main/Fast","Steps down the embankment from bridge 34 Lowfields Road to track.",""
"20774871","DOL1","167.0478","QF","","167.0478","1100","","MAP","","443705.0","413246.0","Hemsworth Rugby Club","HFJ6","","","","","","","","","Predestrian","","20774871","2013-03-14","","NRAIL","","","","","Up Main/Fast","","SE 43705 13246"
"20788215","DOL1","168.0044","QF","","168.0044","2500","","MAP","","442884.0","414134.0","Hemsworth Down Loop UB 37","HFJ6","","","","","","","","","PEDESTRIAN ACCESS","","20788215","2022-10-21","","NRAIL","","","","","Down Loop","Access to the pedestrian access gate is located on the Leeds side of UB 37.Access through the gate and the access steps lead directly to the Down Passing Loop line. Vehicle parking is not available at this access gate due to the land being agricultural. Nearest parking is. What3Words Ref:  unions.boat.clattered","SE 42800 14100"
"20788548","DOL1","168.0779","QF","","168.0779","2100","","MAP","","442385.0","414544.0","Hoyle Mill Rd Kinsley Common","HFJ6","","","","","","","","","Pedestrian","","20788548","2022-12-06","","NRAIL","","","","","Down Main/Fast","Access is steel palisade gate within steel palisade fence adjacent to UB38 on Hoyle Mill Road. Through gate leads to steps up embankment to Down Main Cess.  Parking is adequate for 2 vehicles.   What3words : snooze.coughed.soups","SE 42385 14544"
"20616857","DOL1","169.0319","QF","","169.0319","2100","","MAP","","441465.0","415290.0","Fitzwilliam","HFJ6","","","","","","","","","","","20616857","2022-10-03","","NRAIL","","","","","Down Main/Fast","MIMS-S//SC/ -","SE 41465 15290"
"20616858","DOL1","169.0329","QF","","169.0329","2100","","MAP","","441457.0","415295.0","Fitzwilliam","HFJ6","","","","","","","","","","","20616858","2022-10-03","","NRAIL","","","","","Down Main/Fast","MIMS-S//SC/ -","SE 41457 15295"
"20771795","DOL1","169.1087","QF","","169.1087","2100","","MAP","","440892.0","415708.0","Newstead Lane UB42","HFJ6","","","","","","","","","Pedestrian","","20771795","2022-10-19","","NRAIL","","","","","Down Main/Fast","Access located to the side of UB 42, through the expamet pedestrian access gate leading to the access steps. Access steps lead to the Down Doncaster. Access point lit by solar powered street lighting.   What3Words Ref:  torch.brambles.stars","SE 40892 15708"
"20774873","DOL1","169.11","QF","","169.11","2100","","MAP","","440898.0","415725.0","Newstead Lane","HFJ6","","","","","","","","","Predestrian","","20774873","2013-03-14","","NRAIL","","","","","Down Main/Fast","","SE 40898 15725"
"120001247","DOL1","171.0607","QF","","171.0607","1100","","MAP","","438510.0","417105.0","Santingley Lane OB 48","HFJ6","","","","","","","","","Pedestrian","","120001247","2025-06-24","","","","","","","Up Main/Fast","A new pedestrian access gate has been installed, providing entry to the drainage cascade and the crest drainage inlet chamber. Note: This gate does not grant access to the railway tracks, only to the drainage system located at the crest of the railway cutting.  What3Words Ref: scenes.starring.hound",""
"20774180","DOL1","171.161","QF","","171.161","1100","","MAP","","437713.0","417440.0","Hare Park, TSC 25KV Substation","HFJ6","","","","","","","","","","","20774180","2023-02-16","","NRAIL","","","","","Up Main/Fast","The following brief must be given to All personell before they use this access;                                                                                           ?	The absolute requirement to close both gates immediately after each use and parking must be beyond the second gate <on   Network Rail land>.~
?	The requirement for vehicles to traverse the private drive at walking pace.~
?	An awareness that young children live at one of the addresses at this site <hence the speed of vehicles and accompanying deliveries being critical for control>~
?	The requirement for any deliveries to be accompanied for safe manoeuvres and set down/collection of loads.~
?	Noise and bad language to be kept to an absolute minimum.~
?	All litter and waste materials to be removed from site after every shift.Hare Park Lane, what3words inert.roker.robot","SE 37713 17440"
"20774322","DOL1","172.1188","QF","","172.121","1100","","MAP","","436391.0","417571.0","Shay Lane Viaduct","HFJ6","","","","","","","","","Track Access","","20774322","2021-09-06","","NRAIL","","","","","Up Main/Fast","Railway access yard off B6378 for secure vehicle parking, leading to Pedestrian access steps on both the Up and Down Sides at the Low Mileage end of the viaduct. Access stairs lit by push button solar power LED Strip.  What3words Ref: couriers,daylight.crisper","SE 36391 17571"
"20787688","DOL1","173.0521","QF","","173.0521","1100","","MAP","","435519.0","417935.0","Chevet Terrace","HFJ6","","","","","","","","","Pedestrian","","20787688","2022-09-07","","NRAIL","","","","","Up Main/Fast","Access through the pedestrian access gate, along the walkway leading to the Up Doncaster cess. Access point lit by solar powered street lighting.  What3Words Ref: waltzed.heaven.saunas","SE 35519 17935"
"20181080","DOL1","174.011","QF","","174.011","2100","","MAP","","434467.0","418573.0","","HFJ6","","","","","","","","","","","20181080","2008-09-08","","JARVIS","","","","","Down Main/Fast","Access Point. Station. M1 to Junction 42 for Wakefield, then A638 Wakefield to Doncaster Road. At traffic lights turn right down B6389 under railway bridge, swing sharp left. OR via Wakefield to Barnsley road, turn left at B6389 and sharp right before ra",""
"20774876","DOL1","174.0144","QF","","174.0144","2100","","MAP","","434439.0","418587.0","Sandal & Agbrigg","HFJ6","","","","","","","","","Predestrian","","20774876","2013-03-14","","NRAIL","","","","","Down Main/Fast","","SE 34439 18587"
"20771800","DOL1","174.0205","QF","","174.0205","1100","","MAP","","434393.0","418618.0","Sandal & Agbrigg 2","HFJ6","","","","","","","","","","","20771800","2022-10-03","","NRAIL","","","","","Up Main/Fast","Access gate & steps leading to S&T location cabinet on Platform 1. Postcode: WF1 5AF","SE 34393 18618"
"20624926","DOL1","174.0245","QF","","174.0245","1100","","MAP","","434361.0","418638.0","Sandal & Agbrigg","HFJ6","","","","","","","","","","","20624926","2013-03-27","","JARVIS","","","","","Up Main/Fast","MIMS-S//PH/ -","SE 34361 18638"
"20624928","DOL1","174.0254","QF","","174.0254","2100","","MAP","","434354.0","418642.0","Sandal & Agbrigg","HFJ6","","","","","","","","","","","20624928","2013-03-27","","JARVIS","","","","","Down Main/Fast","MIMS-S//PH/ -","SE 34354 18642"
"20774877","DOL1","174.1162","QF","","174.1162","2100","","MAP","","433675.0","419119.0","Portabello - Wakefield Viaduct <South End>","HFJ6","","","","","","","","","Predestrian","","20774877","2022-09-20","","NRAIL","","","","","Down Main/Fast","Access adjacent to U/B 59 is through the steel palisade pedestrian access gate, along the landing leading to the access steps. Access steps lead to the Down Doncaster. Access point lit by solar powered street lighting.   What3Words Ref: noting.payer.press","SE 33675 19119"
"20776286","DOL1","165.0559","QF","","165.057","0","","MAR","","446310.0","411585.0","SOUTH ELMSALL SUB STN RRAP","HFJ6","","","","","","","","","Road-Rail Vehicle","","20776286","2014-07-24","","NRAIL","","","","","All/Multiple Tracks","New 10.8M wide double track RRAP installed with Drop Down Bollards and concrete approaches","SE 46310 11585"
"20778780","DOL1","170.0941","QF","","170.0952","0","","MAR","","493667.0","416516.0","NOSTELL COTTAGES RRAP","HFJ6","","","","","","","","","Road-Rail Vehicle","","20778780","2015-11-04","","NRAIL","","","","","All/Multiple Tracks","New 10.8M wide single track innostrail RRAP installed with Drop Down Bollards each locked with 859 railway padlocks.","SE 39667 16516"
"20181078","DOL1","164.1015","QF","","164.1015","2100","","MAV","","447417.0","411147.0","South Elmsall","HFJ6","","","","","","","","","","","20181078","2013-03-27","","NV","","","","","Down Main/Fast","MIMS-S//SC/ - Access Point. Station. Take M1 to Jn 42 for Wakefield, then A638. Turn right at roundabout onto B6474. At crossroads go straight past Barnsley Oak Pub. Turn right at T jn onto B6474. Over railway bridge take sharp left at jn to South Elmsal","SE 47417 11147"
"20629415","DOL1","164.1015","QF","","164.1015","2100","","MAV","","447417.0","411147.0","South Elmsall","HFJ6","","","","","","","","","","","20629415","2022-10-03","","NRAIL","","","","","Down Main/Fast","MIMS-S//SC/ -","SE 47417 11147"
"20774869","DOL1","165.0557","QF","","165.0557","1100","","MAV","","446315.0","411584.0","Minsthorpe - STH Kirby TCS","HFJ6","","","","","","","","","Vehicle","","20774869","2013-03-14","","NRAIL","","","","","Up Main/Fast","","SE 46315 11584"
"20774179","DOL1","165.088","QF","","165.088","9999","","MAV","","445377.0","411946.0","South Kirby TSC 25KV Substation","HFJ6","","","","","","","","","","","20774179","2013-03-14","","NRAIL","","","","","Unknown","Minsthorpe Lane, WF9 2AZ, SE 46521 11647","SE 46521 11647"
"20629451","DOL1","165.1658","QF","","165.1658","0","","MAV","","445377.0","411946.0","South Kirkby Jn","HFJ6","","","","","","","","","","","20629451","2013-03-27","","NV","","","","","All/Multiple Tracks","MIMS-S//SC/ -","SE 45377 11946"
"20774870","DOL1","166.132","QF","","166.132","2100","","MAV","","444222.0","412624.0","Hemsworth Sewage Farm","HFJ6","","","","","","","","","Vehicle","","20774870","2013-03-14","","NRAIL","","","","","Down Main/Fast","","SE 44222 12624"
"20774872","DOL1","167.1552","QF","","167.1552","1100","","MAV","","443083.0","414003.0","Hemsworth Loops - Turkey Farm","HFJ6","","","","","","","","","Vehicle","","20774872","2013-03-14","","NRAIL","","","","","Up Main/Fast","","SE 43083 14003"
"20181079","DOL1","169.011","QF","","169.011","1100","","MAV","","441616.0","415173.0","Fitzwilliam","HFJ6","","","","","","","","","","","20181079","2013-03-27","","NV","","","","","Up Main/Fast","MIMS-S//SC/ - Access Point. Station. Take M1 to junction 41 for Wakefield, leading to A638. Doncaster Road. Turn right at Nostell Priory to Fitzwilliam. B6273. Before railway bridge turn left down Station Terrace. Station 0.25 mile on right.","SE 41616 15173"
"20774874","DOL1","170.059","QF","","170.059","1100","","MAV","","439959.0","416376.0","Nostell","HFJ6","","","","","","","","","Vehicle","","20774874","2013-03-14","","NRAIL","","","","","Up Main/Fast","","SE 39959 16376"
"20774875","DOL1","171.165","QF","","171.165","1100","","MAV","","437626.0","417437.0","Hare Park Lane","HFJ6","","","","","","","","","Vehicle","","20774875","2024-03-22","","NRAIL","","","","","Up Main/Fast","The following brief must be given to All personell before they use this access:                                                                      ?	The absolute requirement to close both gates immediately after each use and parking must be beyond the second gate [on   Network Rail land].~
?	The requirement for vehicles to traverse the private drive at walking pace.~
?	An awareness that young children live at one of the addresses at this site [hence the speed of vehicles and accompanying deliveries being critical for control]~
?	The requirement for any deliveries to be accompanied for safe manoeuvres and set down/collection of loads.~
?	Noise and bad language to be kept to an absolute minimum.~
?	All litter and waste materials to be removed from site after every shift.","SE 37626 17437"
"20771818","DOL1","174.0","QF","","174.0","2100","","MAV","","434552.0","418519.0","Sandal & Agbrigg 1","HFJ6","","","","","","","","","","","20771818","2013-03-27","","NRAIL","","","","","Down Main/Fast","End of Station Car Park to double access gates. Postcode: WF1 5AF","SE 34552 18519"
"20180134","DOL2","178.0638","QF","","178.0638","9999","","MA","","432422.0","424514.0","Outwood","HFJ6","","","","","","","","","NV","","20180134","2013-02-25","","NRAIL","","","","","Unknown","A RIGHT OF WAY IN FEE SIMPLE WITH OR WITHOUT VEHICLES PLANT & MACHINERY OVER THE HATCHED BROWN LAND ON THE PLAN","SE 32422 24502"
"20180135","DOL2","179.0506","QF","","179.1232","9999","","MA","","431651.0","425656.0","","HFJ6","","","","","","","","","","","20180135","2008-09-08","","NV","","","","","Unknown","A RIGHT OF WAY WITH OR WITHOUT VEHICLES OVER THE ROUTE SHOWN COLOURED BROWN",""
"20180136","DOL2","180.0396","QF","","180.1056","9999","","MA","","430376.0","426464.0","Ardsley","HFJ6","","","","","","","","","NV","","20180136","2013-02-25","","NRAIL","","","","","Unknown","A RIGHT OF WAY WITH OR WITHOUT VEHICLES OVER THE ROUTE SHOWN COLOURED BROWN","SE 30376 26464"
"20180137","DOL2","180.1188","QF","","180.165","9999","","MA","","429720.0","426750.0","","HFJ6","","","","","","","","","","","20180137","2008-09-08","","NV","","","","","Unknown","SEE ITEM 2 OF THE CONEYANCE FOR DETAILS",""
"20180138","DOL2","183.0264","QF","","183.055","9999","","MA","","428290.0","430293.0","NV","HFJ6","","","","","","","","","","","20180138","2013-01-14","","NV","","","","","Unknown","A RIGHT OF WAY WITH OR WITHOUT WORKMEN PLANT OR MATERIALS AT ALL TIMES OVER THE PROPERTY BY SUCH ROUTE AS MAY FROM TIME TO TIME BE AGREED WITH THE PURCHASER FOR THE PURPUSE OBTAINING ACCESS TO THE ADJOINING RAILWAY",""
"20627023","DOL2","175.139","QF","","175.139","1100","","MAP","","432789.0","420676.0","Wakefield Westgate Station","HFJ6","","","","","","","","","FOOT ACCESS","","20627023","2022-03-31","","NRAIL","","","","","Up Main/Fast","MIMS-S//PH/ -","SE 32789 20676"
"20627024","DOL2","175.1406","QF","","175.1406","2500","","MAP","","432783.0","420689.0","Wakefield Westgate Station","HFJ6","","","","","","","","","FOOT ACCESS","","20627024","2013-02-25","","NRAIL","","","","","Down Loop","MIMS-S//PH/ -","SE 32777 20685"
"20627030","DOL2","175.151","QF","","175.151","1100","","MAP","","432744.0","420775.0","Wakefield Westgate","HFJ6","","","","","","","","","FOOT ACCESS","","20627030","2013-02-25","","NRAIL","","","","","Up Main/Fast","MIMS-S//PH/ -","SE 32744 20775"
"20788268","DOL2","177.0385","QF","","177.0385","1100","","MAP","","431892.0","422770.0","Bowling Avenue, Wrenthorpe","HFJ6","","","","","","","","","Pedestrian","","20788268","2022-10-24","","NRAIL","","","","","Up Main/Fast","Drive onto the hard standing off Bowling Avenue, Wrenthrope and the pedestrian access gate is located within the palisade boundary fencing. The access steps lead to the Up Doncaster line. 25KV electrified area. Vehicle parking is restricted in numbers at this location. What3Words Ref:  nation.robot.form","SE 31892 22770"
"20626998","DOL2","178.0521","QF","","178.0521","1100","","MAP","","432404.0","424408.0","Outwood","HFJ6","","","","","","","","","FOOT ACCESS","","20626998","2013-02-25","","NRAIL","","","","","Up Main/Fast","MIMS-S//PH/ -","SE 32402 24395"
"20626999","DOL2","178.0549","QF","","178.0549","2100","","MAP","","432409.0","424433.0","Outwood","HFJ6","","","","","","","","","FOOT ACCESS","","20626999","2013-02-25","","NRAIL","","","","","Down Main/Fast","MIMS-S//PH/ -","SE 32405 24422"
"20774211","DOL2","178.058","QF","","178.058","1100","","MAP","","430516.0","426415.0","Ardsley Feeder Station 25KV Substation","HFJ6","","","","","","","","","","","20774211","2021-02-26","","NRAIL","","","","","Up Main/Fast","Station Lane, Middleton. what3words beats.slim.former","SE 30516 26415"
"20789328","DOL2","180.0088","QF","","180.0088","2100","","MAP","","430600.0","426321.0","EAST ARDSLEY FALL WOODS","HFJ6","","","","","","","","","PEDESTRIAN ACCESS","","20789328","2023-05-18","","NRAIL","","","","","Down Main/Fast","Approx 65m on the West side of Common Lane <OB 22A> follow the public footpath leading through East Ardsley Fall Woods for approx 160m until reaching the pedestrian access gate adjacent to the footptah. The closest vehicle parking can be found at Ardsley Feeder Station or Station Road / Ardsley RRAP Yard on the Up side.  What3Words Ref: logo.bits.gives","SE 30600 26321"
"20774880","DOL2","180.101","QF","","180.101","1100","","MAP","","429876.0","426699.0","Ardsley","HFJ6","","","","","","","","","Predestrian","","20774880","2024-06-04","","NRAIL","","","","","Up Main/Fast","19/03/2024-Temporary closure of access point untill further notice.       Access off Thorpe Lane opposite Thorpe Mount at OSGR SE 29868 27001[W3w hype.dull.refers]. What3words sketch.kiinds.soup","SE 29876 26699"
"20774881","DOL2","180.1741","QF","","180.1741","1100","","MAP","","429284.0","426991.0","Ardsley Tunnel <North>","HFJ6","","","","","","","","","Predestrian","","20774881","2013-03-14","","NRAIL","","","","","Up Main/Fast","","SE 29284 26991"
"20786568","DOL2","181.1151","QF","","181.1151","2100","","MAP","","428849.0","427959.0","Wide Lane [Flower Seller]","HFJ6","","","","","","","","","","","20786568","2023-06-07","","NRAIL","","","","","Down Main/Fast","1.8m high palisade access gate installed to the side of U/B 25 - West Wood Road. Pedetsrian access steps lead directly to the Down cess.  What3Words Ref: harder.boot.grab","SE 28849 27959"
"20774884","DOL2","182.129","QF","","182.129","1100","","MAP","","428456.0","429632.0","Beeston","HFJ6","","","","","","","","","Predestrian","","20774884","2013-03-14","","NRAIL","","","","","Up Main/Fast","","SE 28456 29632"
"20774885","DOL2","183.07","QF","","183.07","1100","","MAP","","428085.0","430635.0","Beeston Old Station","HFJ6","","","","","","","","","Predestrian","","20774885","2013-03-14","","NRAIL","","","","","Up Main/Fast","","SE 28085 30635"
"20786928","DOL2","185.099","QF","","185.099","3106","","MAP","","429385.0","432998.0","Globe Road UB 50","HFJ6","","","","","","","","","","","20786928","2022-10-19","","NRAIL","","","","",""," New Metal access point stairwell to Leeds REB 185.28A&B at Globe Rd UB 50. Access stairs have lighting wired in to the domestic supply. No parking at this location due to highway having double yellow lines and no space for vehicles. What3Words Ref:  hangs.loose.voters","SE 29300 32900"
"20788750","DOL2","185.1122","QF","","185.1122","3600","","MAP","","429467.0","433114.0","LEEDS STN CAR PARK ACCESS 3","HFJ6","","","","","","","","","PEDESTRIAN ACCESS","","20788750","2023-01-18","","NRAIL","","","","","Rev Terminal/Bay","The access gates are located at the end of the railway station car park. Once through the gates, the access steps lead directly to the DR185.32 Location cabinets and the A line.  What3Words Ref:    cave.pouch.angle","SE 29467 33114"
"20788748","DOL2","185.1276","QF","","185.1276","3600","","MAP","","429590.0","433169.0","LEEDS STN CAR PARK ACCESS 1","HFJ6","","","","","","","","","PEDESTRIAN ACCESS","","20788748","2023-01-18","","NRAIL","","","","","Rev Terminal/Bay","Access through the pedestrian access gate, located in the station car park, adjacent to the end of platform 0. The access steps lead directly to the 2 no. Relay Rooms / Platform 0 line.  What3words wallet.pitch.proper","SE 29590 33169"
"20776064","DOL2","175.1752","QF","","175.1752","1100","","MAR","","432651.0","420975.0","Wakefield Westgate Station RRAP","HFJ6","","","","","","","","","Road-Rail Vehicle","","20776064","2014-05-07","","NRAIL","","","","","Up Main/Fast","New 9.9M wide single track RRAP installed with  concrete approaches","SE 32651 20975"
"20776802","DOL2","180.0287","QF","","180.0287","1100","","MAR","","430470.0","426410.0","ARDSLEY RRAP","HFJ6","","","","","","","","","Road-Rail Vehicle","","20776802","2015-04-07","","NRAIL","","","","","Up Main/Fast","New 10.8M wide twin track RRAP installed with Drop Down Bollards and concrete approaches","SE 30470 26410"
"20784908","DOL2","182.0865","QF","","182.0945","1100","","MAR","","428607.0","429370.0","Beeston Garages","HFJ6","","","","","","","","","","","20784908","2021-03-15","","NRAIL","","","","","Up Main/Fast","Access through the 6m wide vehicular palisade access gates directly into the railway access yard and also leading to the 12.6m wide single track Rosehill Interlocking RRAP on the Up Doncaster line.  What3Words Ref: crunch.drop.light","SE 28607 29370"
"20788148","DOL2","185.0792","QF","","185.0792","3106","","MAR","","429219.0","432920.0","Water Lane Triangle F Line RRAP","HFJ6","","","","","","","","","","","20788148","2022-10-13","","NRAIL","","","","","","Access to the vehicle palisade access gates is located off Water Lane, Holbeck. Access through the gates and the tarmac roadway, before turning left, up the slope and directly to the RRAP. The nearest line to the RRAP is the F Line. RRV and vehicle parking is suitable at this location. What3Words Ref:orchestra.marker.broken","SE 29219 32921"
"20181081","DOL2","175.1455","QF","","175.1455","1100","","MAV","","432765.0","420730.0","Wakefield Westgate","HFJ6","","","","","","","","","FOOT/VEHICLE ACCESS","","20181081","2013-02-25","","NRAIL","","","","","Up Main/Fast","MIMS-S//PH/ - Access Point. Station. Take M1 to Wakefield, off at ^50 to Wood Street, turn right at Town Hall to first traffic lights, station on right hand side.","SE 32765 20730"
"20627029","DOL2","175.1457","QF","","175.1457","1100","","MAV","","432764.0","420731.0","Wakefield Westgate","HFJ6","","","","","","","","","FOOT/VEHICLE ACCESS","","20627029","2013-02-25","","NRAIL","","","","","Up Main/Fast","MIMS-S//PH/ -","SE 32764 20731"
"20627035","DOL2","175.1733","QF","","175.1733","1100","","MAV","","432656.0","420960.0","Balne Lane","HFJ6","","","","","","","","","FOOT/VEHICLE ACCESS","","20627035","2013-02-25","","NRAIL","","","","","Up Main/Fast","MIMS-S//PH/ -","SE 32668 20968"
"20774878","DOL2","176.105","QF","","176.105","2100","","MAV","","432289.0","421705.0","Wrenthorpe","HFJ6","","","","","","","","","Vehicle","","20774878","2013-03-14","","NRAIL","","","","","Down Main/Fast","","SE 32289 21705"
"20181082","DOL2","178.0521","QF","","178.0521","1100","","MAV","","432404.0","424408.0","Outwood","HFJ6","","","","","","","","","FOOT/VEHICLE ACCESS","","20181082","2013-02-25","","NRAIL","","","","","Up Main/Fast","MIMS-S//PH/ - Access Point. Station.","SE 32402 24395"
"20627006","DOL2","178.0797","QF","","178.0797","2100","","MAV","","432428.0","424658.0","Outwood","HFJ6","","","","","","","","","FOOT/VEHICLE ACCESS","","20627006","2013-02-25","","NRAIL","","","","","Down Main/Fast","MIMS-S//PH/ -","SE 32413 24656"
"20774879","DOL2","180.0092","QF","","180.0092","1100","","MAV","","430625.0","426322.0","Ardsley","HFJ6","","","","","","","","","Vehicle","","20774879","2013-03-14","","NRAIL","","","","","Up Main/Fast","","SE 30625 26322"
"20774882","DOL2","181.1208","QF","","181.1208","1100","","MAV","","428853.0","428012.0","Wide Lane","HFJ6","","","","","","","","","Vehicle","","20774882","2013-03-14","","NRAIL","","","","","Up Main/Fast","","SE 28853 28012"
"20774883","DOL2","182.088","QF","","182.088","1100","","MAV","","428573.0","429276.0","Beeston Garages","HFJ6","","","","","","","","","Vehicle","","20774883","2013-03-14","","NRAIL","","","","","Up Main/Fast","","SE 28573 29276"
"20774886","DOL2","184.0352","QF","","184.0352","1100","","MAV","","427905.0","431868.0","Geldred Road","HFJ6","","","","","","","","","Vehicle","","20774886","2013-03-14","","NRAIL","","","","","Up Main/Fast","","SE 27905 31868"
"20774887","DOL2","184.0694","QF","","184.0694","2100","","MAV","","427940.0","432175.0","Searcher""s Cabin","HFJ6","","","","","","","","","Vehicle","","20774887","2013-03-14","","NRAIL","","","","","Down Main/Fast","","SE 27940 32175"
"20774888","DOL2","184.1438","QF","","184.1438","1100","","MAV","","428309.0","432696.0","Copley Hill / Holbeck Junction","HFJ6","","","","","","","","","Vehicle","","20774888","2013-03-14","","NRAIL","","","","","Up Main/Fast","","SE 28309 32696"
"20774889","DOL2","185.0528","QF","","185.0528","3900","","MAV","","429043.0","432946.0","Whitehall Road Goods Yard <Car Wash>","HFJ6","","","","","","","","","Vehicle","","20774889","2013-03-14","","NRAIL","","","","","Rev Siding","","SE 29043 32946"
"20774890","DOL2","185.11","QF","","185.11","3101","","MAV","","429458.0","433095.0","Riverside Car Park <Far End>","HFJ6","","","","","","","","","Vehicle","","20774890","2013-03-14","","NRAIL","","","","","","","SE 29458 33095"
"20788749","DOL2","185.1122","QF","","185.1122","3600","","MAV","","429473.0","433118.0","LEEDS STN CAR PARK ACCESS 2","HFJ6","","","","","","","","","VEHICULAR ACCESS","","20788749","2023-01-18","","NRAIL","","","","","Rev Terminal/Bay","The access gates are located at the end of the railway station car park. Once through the gates, the access point leads directly to the DR185.32 Location cabinets and the A line.What3Words Ref: bill.crush.bumps","SE 29473 33118"
"20774891","DOL2","185.156","QF","","185.156","3600","","MAV","","429829.0","433279.0","Leeds Station","HFJ6","","","","","","","","","Vehicle","","20774891","2013-03-14","","NRAIL","","","","","Rev Terminal/Bay","","SE 29829 33279"
"20180157","DOW","18.0374","QF","","18.0374","9999","","MA","","482569.0","411493.0","KEADBY SIGNAL BOX ACCESS","HFJ4","","","","","","","","","","","20180157","2013-02-06","","NRAIL","","","","","Unknown","EAST SIDE OF RAILWAY",""
"20180160","DOW","20.1716","QF","","20.1716","9999","","MA","","486667.0","410642.0","PEDESTRIAN ACCESS TO FRODINGHAM VIADUCT","HFJ4","","","","","","","","","","","20180160","2012-07-27","","NRAIL","","","","","Unknown","SECTIONAL APPENDIX - SECTION 4 PAGE 34. ACCESS - OFF A18 NEAR TESCO THROUGH FOOTBALL GROUND CAR PARK & DOWN DIRT TRACK. SECURITY - LOCKED SECURITY GATE. PARKING - LIMITED. CONDITION - GOOD. NEAREST HOSPITAL - SCUNTHORPE. NEAREST WELFARE - SCUNTHORPE DEPOT <15 MINS> SAFETY - NO LIGHTING, POOR UNDER FOOT AT TOP OF RAMP, NO TRACK ACCESS, STEEP SLOPE.","SE 00867 00106"
"20180094","DOW","26.132","QF","","26.132","9999","","MA","","495247.0","412861.0","APPLEBY","HFJ4","","","","","","","","","","","20180094","2013-02-06","","NRAIL","","","","","Unknown","",""
"20179255","DOW","18.044","QF","","18.044","0","","MAP","","482620.0","411460.0","CANAL TOWPATH","HFJ4","","","","","","","","","","","20179255","2012-07-27","","NRAIL","","","","","All/Multiple Tracks","MIMS-X///SC - Access Point. Level Crossing. RT Document: ALARMS. Access on foot only. No vehicular access or parking.SECTONAL APPENDIX - SECTION 4 PAGE 35. SECURITY - LOCKED GATE. CONDITION - FAIR. NEAREST HOSPITAL - SCUNTHORPE. NEAREST WELFARE - KEADBY CANAL<ON SITE>. SAFETY - FAIR UNDER FOOT, NO LIGHTING, WATERWAY, BRIDGE MOVEMENTS. CONTACT SIGNALLER ON SITE TO DISCUSS BRIDGE MOVEMENTS BEFORE ACCESSING.","SE 00825 00115"
"20772878","DOW","18.1144","QF","","18.1144","2100","","MAP","","483069.0","411004.0","KEADBY 3 RIVERS","HFJ4","","","","","","","","","","","20772878","2012-07-30","","NRAIL","","","","","Down Main/Fast","26/02/08 CREATING ASSET - AS SECTIONAL APPENDIX - SECTION 4 PAGE 35. ACCESS - BETWEEN HOUSED ON QUEENS CRESCENT, FOLLOW DIRT TRACK BEHIND HOUSES & UNDER BRIDGE. SECURITY - LOCKED SECURITY GATE. PARKING - MUDDY AREA. CONDITION - GOOD. NEAREST HOSPITAL - SCUNTHORPE. NEAREST WELFARE - KEADBY CANAL SB <10MINS>. SAFETY - STEEP STEPS, NO LIGHTING, NOT SUITABLE FOR HEAVY LIFTING OR MULTI-PERSON MANUAL HANDLING.","SE 82961 11038"
"20181089","DOW","19.0484","QF","","19.0484","1100","","MAP","","483939.0","410622.0","ALTHORPE STN ACCESS","HFJ4","","","","","","","","","","","20181089","2012-07-27","","NRAIL","","","","","Up Main/Fast","MIMS-X///SC - Access Point. Station. Follow A18 from Scunthorpe Gunness Straight to bridge and Althorpe Station. SECTIONAL APPENDIX - SECTION 4 PAGE 34. SECURITY - NONE. PARKING - LAY-Y OVER ROAD. CONDITION - GOOD. NEAREST HOSPITAL - SCUNTHORPE. NEAREST WELFARE - KEADBY CANAL SB <10MINS> SAFETY - SIGNIFICANT RISK FROM RAD TRAFFIC, PLATFORM EDGE, LIMITED LIGHTING.","SE 83961 10644"
"20772876","DOW","19.0792","QF","","19.0792","2100","","MAP","","484215.0","410663.0","ALTHORPE BRIDGE 37","HFJ4","","","","","","","","","","","20772876","2012-07-27","","NRAIL","","","","","Down Main/Fast","26/02/08 CREATING ASSET - AS SECTIONAL APPENDIX - SECTION 4 PAGE 34. ACCESS - ON BURRINGHAM RD OFF A18 NEAR SCUNTHORPE. SECURITY - LOCKED SECURITY GATE. PARKING - MUDDY AREA. CONDITION - FAIR. NEAREST HOSPITAL - SCUNTHORPE. NEAREST WELFARE - KEADBY CANAL SB <15MINS> SAFETY - VEGETATION, ROAD TRAFFIC, NO LIGHTING, STEEP STEPS, NOT SUITABLE FOR HEAVY LIFTING OR MULTI-PERSON MANUAL HANDLING.","SE 84231 10635"
"20772874","DOW","21.077","QF","","21.077","1100","","MAP","","487411.0","410602.0","SCOTTER ROAD VIADUCT","HFJ4","","","","","","","","","","","20772874","2013-02-06","","NRAIL","","","","","Up Main/Fast","26/02/08 CREATING ASSET - AS",""
"20626339","DOW","22.1166","QF","","22.1166","1100","","MAP","","489360.0","410789.0","STATION ACCESS UP SIDE","HFJ4","","","","","","","","","","","20626339","2012-07-30","","NRAIL","","","","","Up Main/Fast","MIMS-SX//SC/SC - SECTIONAL APPENDIX - SECTION 4 PAGE 34. ACCESS - ON STATION RD OFF ASHBY RD. SECURITY - LOCKED SECURITY GATE. PARKING - STATION CAR PARK. CONDITION - GOOD. NEAREST HOSPITAL - SCUNTHORPE. NEAREST WELFARE - SCUNTHORPE DEPOT <10MINS> SAFETY - LIMITED LIGHTING, GOOD UNDER FOOT, PLATFORM EDGE.","SE 00894 00108"
"20625921","DOW","22.1236","QF","","22.1236","1100","","MAP","","489409.0","410815.0","SCUNTHORPE STATION","HFJ4","","","","","","","","","","","20625921","2013-02-06","","NRAIL","","","","","Up Main/Fast","MIMS-SX//SC/SC -",""
"20625922","DOW","22.1236","QF","","22.1236","2100","","MAP","","489409.0","410815.0","SCUNTHORPE STATION","HFJ4","","","","","","","","","","","20625922","2013-02-06","","NRAIL","","","","","Down Main/Fast","MIMS-SX//SC/SC -",""
"20774725","DOW","23.0616","QF","","23.0616","1100","","MAP","","490381.0","411150.0","SCUNTHORPE DEPOT #2","HFJ4","","","","","","","","","","","20774725","2012-08-06","","NRAIL","","","","","Up Main/Fast","SECTIONAL APPENDIX - SECTION 4 PAGE 34. ACCESS - NEAR SCUNTHORPE DEPOT/POWER SIGNAL BOX ON ALEXANDER RD OFF BRIGG RD B1029. SECURITY - LOCKED GATE. PARKING - DEPOT PARKING. CONDITION - GOOD. NEAREST HOSPITAL - SCUNTHORPE. NEAREST WELFARE - SCUNTHORPE DEPOT <ON SITE>. SAFETY - NO LIGHTING, GOOD UNDER FOOT.","SE 90224 10994"
"20772879","DOW","32.0528","QF","","32.0528","2100","","MAP","","502994.0","409477.0","WRAWBY HIGH BRIDGE","HFJ4","","","","","","","","","","","20772879","2013-02-06","","NRAIL","","","","","Down Main/Fast","26/02/08 CREATING ASSET - AS",""
"20179768","DOW","18.0286","QF","","18.0286","0","","MAV","","482498.0","411530.0","KEADBY CANAL JUNCTION","HFJ4","","","","","","","","","","","20179768","2012-07-30","","NRAIL","","","","","All/Multiple Tracks","MIMS-X///SC - Access Point. Level Crossing. RT Document: ALARMS. SECTIONAL APPENDIX - SECTION 4 PAGE 35. ACCESS - NEAR KEADBY POWER STATION ON CHAPEL LANE OFF TRENT SIDE. SECURITY - NONE. PARKING - LIMITED OBSTRUCTIVE. CONDITION - GOOD. NEAREST HOSPITAL - SCUNTHORPE. NEAREST WELFARE - KEADBY CANAL SB <2 MINS> SAFETY - GOOD UNDER FOOT, LIMITED LIGHTING, ROAD TRAFFIC.","SE 00825 00115"
"20181088","DOW","18.0396","QF","","18.0396","9999","","MAV","","482586.0","411482.0","KEADBY SIGNAL BOX ACCESS","HFJ4","","","","","","","","","","","20181088","2013-02-06","","NRAIL","","","","","Unknown","Access Point. Signal Box/LC. From Scunthorpe A18 Gunness straight over Keadby Bridge at Bottom, turn right through Keadby Village, turn left into Chapel Lane past Power Station to Level Crossing. Room to turn large vehicles round on right just over Leve",""
"20180159","DOW","19.0814","QF","","19.0814","2100","","MAV","","484234.0","410666.0","VEHICLE ACCESS FROM STN RD BR37","HFJ4","","","","","","","","","","","20180159","2013-02-06","","NRAIL","","","","","Down Main/Fast","SOUTH SIDE OF RAILWAY",""
"20772873","DOW","20.0462","QF","","20.0462","1100","","MAV","","485522.0","410699.0","GUNHOUSE JUNCTION","HFJ4","","","","","","","","","","","20772873","2012-07-27","","NRAIL","","","","","Up Main/Fast","26/02/08 CREATING ASSET - AS SECTIONAL APPENDIX - SECTION 4 PAGE 34. ACCESS - OFF DONCASTER RD A18 IN GUNNESS JUST OUTSIDE SCUNTHORPE. SECURITY - LOCKED GATE. PARKING - SUBSTANTIAL. CONDITION - FAIR. NEAREST HOSPITAL - SCUNTHORPE. NEAREST WELFARE - SCUNTHORPE DEPOT <15 MINS> SAFETY - NO LIGHTING, FAIR UNDER FOOT, VEGETATION, PUBLIC REFUSE.","SE 00855 00107"
"20772877","DOW","20.0462","QF","","20.0462","1100","","MAV","","485522.0","410699.0","GUNHOUSE RELAY ROOM","HFJ4","","","","","","","","","","","20772877","2012-07-27","","NRAIL","","","","","Up Main/Fast","26/02/08 CREATING ASSET - AS SECTIONAL APPENDIX - SECTION 4 PAGE 34. ACCESS - OFF DONCASTER RD A18 IN GUNNESS JUST OUTSIDE SCUNTHORPE. SECURITY - LOCKED GATE. PARKING - LIMITED. CONDITON - FAIR. NEAREST HOSPITAL - SCUNTHORPE. NEAREST WELFARE - SCUNTHORPE DEPOT <15MINS> SAFETY - NO LIGHITNG, POOR UNDER FOOT, VEGETATION, PUBLIC REFUSE.","SE 00855 00107"
"20772875","DOW","21.132","QF","","21.132","0","","MAV","","487913.0","410624.0","SCUNTHORPE CEMETERY SCOTTER ROAD","HFJ4","","","","","","","","","","","20772875","2017-10-16","","NRAIL","","","","","All/Multiple Tracks","26/02/08 CREATING ASSET - AS SECTIONAL APPENDIX - SECTION 4 PAGE 34. ACCESS - ACROSS FROM CEMETERY ON BRUMBY WOOD LANE OF KINGSWAY A18. SECURITY - LOCKED SECURITY GATE. PARKING - LIMITED. CONDITION - FAIR. NEAREST HOSPITAL - SCUNTHORPE. NEAREST WELFARE - SCUNTHORPE DEPOT <10MINS>. SAFETY - FAIR UNDER FOOT, NO LIGHTING, ROAD TRAFFIC.","SE 00879 00106"
"20626337","DOW","22.1166","QF","","22.1166","1100","","MAV","","489329.0","410773.0","STATION ACCESS UP SIDE","HFJ4","","","","","","","","","","","20626337","2012-07-30","","NRAIL","","","","","Up Main/Fast","MIMS-SX//SC/SC -SECTIONAL APPENDIX - SECTION 4 PAGE 34. ACCESS - ON STATION RD OFF ASHBY RD. SECURITY - LOCKED SECURITY GATE. PARKING - STATION CAR PARK. CONDITON - GOOD. NEAREST HOSPITAL - SCUNTHORPE. NEAREST WELFARE - SCUNTHORPE DEPOT <10 MINS> SAFETY - LIMITED LIGHTING, GOOD UNDER FOOT.","SE 00894 00108"
"20625925","DOW","22.1185","QF","","22.1185","1100","","MAV","","489368.0","410794.0","STATION ACCESS UP SIDE","HFJ4","","","","","","","","","","","20625925","2013-02-06","","NRAIL","","","","","Up Main/Fast","MIMS-S//SC/ -",""
"20181090","DOW","22.1188","QF","","22.1188","9999","","MAV","","489371.0","410795.0","STATION BARROW XING","HFJ4","","","","","","","","","","","20181090","2012-08-06","","NRAIL","","","","","Unknown","Access Point. Station. Situated on Station Road access by Station Forecourt and double gates each end of Station buildings. SECTIONAL APPENDIX - SECTION 4 PAGE 34. SECURITY - LOCKED SECURITY GATE. PARKING - STATION CAR PARK. CONDITION - GOOD. NEAREST HOSPITAL - SCUNTHORPE. NEAREST WELFARE - SCUNTHORPE DEPOT <10MINS> SAFETY - LIMITED LIGHTING, GOOD UNDER FOOT, PLATFORM EDGE.","SE 00894 00108"
"20625961","DOW","23.0484","QF","","23.0484","3900","","MAV","","490293.0","411092.0","ALEXANDER ROAD","HFJ4","","","","","","","","","","","20625961","2013-02-06","","NRAIL","","","","","Rev Siding","SECTIONAL APPENDIX - SECTION 4 PAGE 34. ACCESS - NEAR SCUNTHORPE DEPOT/POWER SIGNAL BOX ON ALEXANDER RD OFF BRIGG RD B1029. SECURITY - LOCKED SECURITY GATE. PARKING - SUBSTANTIAL. CONDITION - FAIR. NEAREST HOSPITAL - SCUNTHORPE. NEAREST WELFARE - SCUNTHORPE DEPOT <2MINS> SAFETY - SUBSTANTIAL RAILWAY ACCESS THROUGH GATE. ASSESS WHEN ON SITE, NO LIGHTING, VEGETATION.",""
"20774724","DOW","23.0572","QF","","23.0572","0","","MAV","","490348.0","411124.0","SCUNTHORPE DEPOT #1","HFJ4","","","","","","","","","","","20774724","2022-10-04","","NRAIL","","","","","All/Multiple Tracks","SECTIONAL APPENDIX - SECTION 4 PAGE 34. ACCESS - NEAR SCUNTHORPE DEPOT/POWER SIGNAL BOX ON ALEXANDER RD OFF BRIGG RD B1039. SECURITY - LOCKED SECURITY GATE. PARKING - DEPOT PARKING. CONDITION - GOOD. NEAREST HOSPITAL - SCUNTHORPE. NEAREST WELFARE - SCUNTHORPE DEPOT <ON SITE>. SAFETY - NO LIGHTING, GOOD UNDERFOOT.","SE 90224 10994"
"20774726","DOW","23.1122","QF","","23.1122","0","","MAV","","490714.0","411471.0","VOLKER YARD <TRENT JN>","HFJ4","","","","","","","","","","","20774726","2022-10-04","","NRAIL","","","","","All/Multiple Tracks","SECTIONAL APPENDIX - SECTION 4 PAGE 34. ACCESS - OFF DAWES LANE, KEEP TO RIGHT THROUGH GATE & CROSS BOTH VOLKER YARD SIDING LINES. SECURITY - INTERCOM CONTROLLED GATE. PARKING - SUBSTANTIAL. CONDITION - GOOD. NEAREST HOSPITAL - SCUNTHORPE. NEAREST WELFARE - SCUNTHORPE DEPOT <5 MINS> SAFETY - NO LIGHTING, FAIR UNDER FOOT, YARD WORKS <PLANT/TRAIN MOVEMENTS>","SE 90403 11521"
"20774723","DOW","23.143","QF","","23.143","0","","MAV","","490925.0","411657.0","SAND BANK","HFJ4","","","","","","","","","","","20774723","2022-10-04","","NRAIL","","","","","All/Multiple Tracks","SECTIONAL APPENDIX - SECTION 4 PAGE 34. ACCESS - ON DAWES LANE UNDER THE BRIDGE TURN LEFT, DOUBLE BACK ON DIRT TRACK. SECURITY - NONE. PARKING - SUBSTANTIAL. CONDITION - FAIR. NEAREST HOSPITAL - SCUNTHORPE. NEAREST WELFARE - SCUNTHORPE DEPOT <5MINS> SAFETY - FAIR UNDER FOOT, NO LIGHTING, VEGETATION.","SE 90926 11619"
"20774727","DOW","24.0","QF","","24.0","0","","MAV","","491195.0","411806.0","COAL TERMINAL <24 MILE POST>","HFJ4","","","","","","","","","","","20774727","2022-10-04","","NRAIL","","","","","All/Multiple Tracks","SECTIONAL APPENDIX - SECTION 4 PAGE 34. ACCESS - ON UN-NAMED ROAD OFF DAWES BEFORE THE BRIDGE. SECURITY - NONE. PARKING - DIRT TRACK. CONDITION - FAIR. NEAREST HOSPITAL - SCUNTHORPE. NEAREST WELFARE - SCUNTHORPE DEPOT <5 MINS> SAFETY - FAIR UNDER FOOT, NO LIGHTING.","SE 91191 11835"
"20774722","DOW","24.044","QF","","24.044","0","","MAV","","491550.0","411995.0","NORTH LINCOLN JN <NORTH LINCS CABIN>","HFJ4","","","","","","","","","","","20774722","2022-10-04","","NRAIL","","","","","All/Multiple Tracks","SECTIONAL APPENDIX - SECTION 4 PAGE 34. ACCESS - THROUGH TATA STEEL COMPOUND FOLLOW THE ROAD AROUND & OVER THE SIDINGS. SECURITY - NONE. PARKING - HARD SURFACE. CONDITION - GOOD. NEAREST HOSPITAL - SCUNTHORPE. NEAREST WELFARE - SCUNTHORPE DEPOT <10 MINS> SAFETY - GOOD UNDER FOOT, LIMITED LIGHTING.","SE 91576 11964"
"20179256","DOW","25.026","QF","","25.026","0","","MAV","","492900.0","412161.0","SANTON ORE UWC","HFJ4","","","","","","","","","","","20179256","2013-02-06","","NRAIL","","","","","All/Multiple Tracks","MIMS-X///DE - Access Point. Level Crossing. RT Document: ALARMS. No parking on occupation road",""
"20625894","DOW","25.0764","QF","","25.0764","2100","","MAV","","493356.0","412167.0","SANTON JUNCTION","HFJ4","","","","","","","","","","","20625894","2013-02-06","","NRAIL","","","","","Down Main/Fast","MIMS-SX//SC/DE -",""
"20181091","DOW","26.1298","QF","","26.1298","0","","MAV","","495227.0","412859.0","APPLEBY LC","HFJ4","","","","","","","","","","","20181091","2013-02-06","","NRAIL","","","","","All/Multiple Tracks","MIMS-X///DE - Access Point. Signal Box/LC. Directly off B1207.",""
"20179668","DOW","26.13","QF","","26.13","1100","","MAV","","495229.0","412859.0","RELAY ROOM ACCESS","HFJ4","","","","","","","","","","","20179668","2013-02-06","","NRAIL","","","","","Up Main/Fast","MIMS-X///DE - Access Point. Level Crossing. RT Document: ALARMS.",""
"20179257","DOW","27.0864","QF","","27.0864","0","","MAV","","496289.0","412337.0","KEBWOOD UWC","HFJ4","","","","","","","","","","","20179257","2013-02-06","","NRAIL","","","","","All/Multiple Tracks","MIMS-X///DE - Access Point. Level Crossing. RT Document: ALARMS. No parking on occupation road",""
"20179258","DOW","29.022","QF","","29.022","0","","MAV","","498818.0","412384.0","WORLABY UWC","HFJ4","","","","","","","","","","","20179258","2025-02-26","","NRAIL","","","","","All/Multiple Tracks","MIMS-X///DE - Access Point. Level Crossing. RT Document: ALARMS. No parking on occupation road",""
"20179190","DOW","30.0651","QF","","30.0651","0","","MAV","","500524.0","411334.0","RENNISONS UWC","HFJ4","","","","","","","","","","","20179190","2013-02-06","","NRAIL","","","","","All/Multiple Tracks","MIMS-X///DE - Access Point. Level Crossing. RT Document: ALARMS. No parking on occupation road",""
"20181092","DOW","31.0724","QF","","31.0724","0","","MAV","","501949.0","410452.0","ELSHAM","HFJ4","","","","","","","","","","","20181092","2013-02-06","","NRAIL","","","","","All/Multiple Tracks","MIMS-X///DE - Access Point. Signal Box/LC. Situated on B1206 Brigg-Barton Road.",""
"20179191","DOW","31.0914","QF","","31.0914","0","","MAV","","502084.0","410342.0","MOOR LANE UWC","HFJ4","","","","","","","","","","","20179191","2013-02-06","","NRAIL","","","","","All/Multiple Tracks","MIMS-X///DE - Access Point. Level Crossing. RT Document: ALARMS. No parking on occupation road",""
"20774892","DRA1","0.055","QF","","0.055","1300","","MAP","","461139.0","422573.0","Blue Bridge DN14 0AP","HFJ7","","","","","","","","","ME00755Nw","","20774892","2022-09-14","","NRAIL","","","","","Up Goods","Access is on Up Side - Amend in Ellipse","SE 61139 22573"
"20774893","DRA1","0.1486","QF","","0.1486","0","","MAP","","461803.0","423112.0","Gowdall Ings DN14 0BY","HFJ7","","","","","","","","","Pedestrian","","20774893","2015-02-02","","NRAIL","","","","","All/Multiple Tracks","","SE 61803 23112"
"20179012","DRA1","2.1511","QF","","2.1511","0","","MAP","","464486.0","424901.0","Lodge Farm LC DN14 9PR","HFJ7","","","","","","","","","Pedestrian","","20179012","2015-02-02","","NRAIL","","","","","All/Multiple Tracks","MIMS-X///SC - Access Point. Foot access. TRACK ACCESS ON FOOT ONLY. NO VEHICULAR ACCESS OR PARKING","SE 64486 24901"
"20179953","DRA1","1.109","QF","","1.109","0","","MAV","","462780.0","423871.0","West Bank Hall LC DN14 9PY","HFJ7","","","","","","","","","Vehicle","","20179953","2015-02-02","","NRAIL","","","","","All/Multiple Tracks","MIMS-X///SC - Access Point. Level Crossing. RT Document: ALARMS.","SE 62780 23871"
"20774894","DRA1","2.039","QF","","2.039","0","","MAV","","463608.0","424369.0","Jacky Duffin Wood LC DN14 9PU","HFJ7","","","","","","","","","Vehicle","","20774894","2015-02-02","","NRAIL","","","","","All/Multiple Tracks","","SE 63608 24369"
"20179968","DRA1","2.1034","QF","","2.1034","0","","MAV","","464112.0","424675.0","Linwith Lane LC DN14 9PT","HFJ7","","","","","","","","","Vehicle","","20179968","2015-02-02","","NRAIL","","","","","All/Multiple Tracks","MIMS-X///SC - Access Point. Level Crossing. RT Document: ALARMS.","SE 64112 24675"
"20774895","DRA1","2.134","QF","","2.134","0","","MAV","","464353.0","424817.0","Claypit Lane LC DN14 9PR","HFJ7","","","","","","","","","ME00755Nw","","20774895","2022-09-14","","NRAIL","","","","","All/Multiple Tracks","Missing from Ellipse - Add to Ellipse","SE 64353 24817"
"20774896","DRA1","3.0192","QF","","3.0192","2300","","MAV","","464830.0","425109.0","Carlton Yard DN14 9NT","HFJ7","","","","","","","","","ME00755Nw","","20774896","2022-09-14","","NRAIL","","","","","Down Goods","Should be Down Drax - Amend in Ellipse","SE 64830 25109"
"20774897","DRA1","3.1192","QF","","3.1192","2300","","MAV","","465614.0","425580.0","Wood Lane YO8 8HF","HFJ7","","","","","","","","","ME00755Nw","","20774897","2022-09-14","","NRAIL","","","","","Down Goods","Should be Down Drax - Amend in Ellipse","SE 65614 25580"
"20773293","DRA1","4.0","QF","","4.0","2300","","MAV","","466043.0","425870.0","New Oak Farm LC","HFJ7","","","","","","","","","ME00755Nw","","20773293","2022-09-26","","NRAIL","","","","","Down Goods"," New Oak Farm LC","SE 66043 25870"
"20774898","DRA1","4.037","QF","","4.037","1300","","MAV","","466294.0","426099.0","Cripple Sidings YO8 8PF","HFJ7","","","","","","","","","Vehicle","","20774898","2015-02-02","","NRAIL","","","","","Up Goods","","SE 66294 26099"
"20788172","DRS2","0.043","QF","","0.043","3900","","MAV","","424949.0","420202.0","Breedon Cement Facilty","HFJ6","","","","","","","","","Vehicular","","20788172","2022-10-19","","NRAIL","","","","","Rev Siding","Drive into the cement yard, unload at track access gates then reverse park vehicles at building and walk to/from site.   What3Words Ref : blaze.squad.shots","SE 24949 20202"
"20789952","DSN1","6.077","QF","","6.077","2100","","MAP","","438730.0","438730.0","Joyce Steps, Carters Xing, Longnewton DL2 1HW","HFJ1","","","","","","","","","","","20789952","2023-11-10","","NRAIL","","","","","Down Main/Fast","ADJACENT TO LOCATION CASES AND SIGNAL B962        [iterative.sober.proudest]","NZ 38731 14197"
"20786829","DSN1","8.0519","QF","","8.0519","2100","","MAP","","441627.0","514635.0","Allens West TS16 0RU","HFJ1","","","","","","","","","","","20786829","2022-02-02","","NRAIL","","","","","Down Main/Fast","Steps upto track","NZ 41627 14635"
"20181094","DSN1","5.0946","QF","","5.0946","1100","","MAV","","437309.0","513846.0","Teesside Airport Station DL2 1NL","HFJ1","","","","","","","","","","","20181094","2012-05-01","","NRAIL","","","","","Up Main/Fast","Off A67 to Teesside Airport, take road to left before airport, signposted Railway Station.",""
"20179192","DSN1","6.0616","QF","","6.0616","2100","","MAV","","438576.0","514154.0","Carters Crossing [Whitehouse Farm] TS16 0QU","HFJ1","","","","","","","","","ME00755Nw","","20179192","2022-09-26","","NRAIL","","","","","Down Main/Fast","Layby off A67 between Teesside Airport turn off and Long Newton turn off.      Layby off A67 between Teesside Airport turn off and Long Newton turn off.",""
"20776756","DSN1","7.0286","QF","","7.0286","2100","","MAV","","439844.0","514458.0","Adjacent to Urlay Nook Road B964 Signal TS16 0QD","HFJ1","","","","","","","","","","","20776756","2015-04-01","","NRAIL","","","","","Down Main/Fast","Sheps access.",""
"20770958","DSN1","7.0858","QF","","7.0858","1100","","MAV","","440351.0","514586.0","Urlay Nook SBX & Level Crossing TS16 0QG","HFJ1","","","","","","","","","ME00755Nw","","20770958","2022-09-26","","NRAIL","","","","","Up Main/Fast","Urlay Nook Road.",""
"20181096","DSN1","8.0198","QF","","8.0198","0","","MAV","","441352.0","514535.0","Allens West Station TS16 0PF","HFJ1","","","","","","","","","","","20181096","2012-05-01","","NRAIL","","","","","All/Multiple Tracks","MIMS-S//PH/ - Access Point. Station. Eaglescliffe to Hartburn Village road - Not seen during MIMS site visit -",""
"20179908","DSN1","8.033","QF","","8.033","0","","MAV","","441468.0","514567.0","Allens West AHB LC & Station TS16 0PF","HFJ1","","","","","","","","","","","20179908","2012-05-01","","NRAIL","","","","","All/Multiple Tracks","Durham Lane, Eaglescliffe A66 to A67 road.",""
"20786855","DSN2","10.055","QF","","10.055","1100","","MAP","","443235.0","517344.0","LIDL/Elta Plastics TS18 3RU","HFJ1","","","","","","","","","","","20786855","2022-02-02","","NRAIL","","","","","Up Main/Fast","","NZ 43235 17344"
"20786854","DSN2","10.0902","QF","","10.0902","2100","","MAP","","443516.0","517499.0","A135 Yarm Road TS18 3QS","HFJ1","","","","","","","","","","","20786854","2022-02-02","","NRAIL","","","","","Down Main/Fast","","NZ 43516 17499"
"20638260","DSN2","10.148","QF","","10.148","1100","","MAP","","444022.0","517752.0","Bowsefield TS18 3HD","HFJ1","","","","","","","","","ME00755Nw","","20638260","2022-09-27","","NRAIL","","","","","Up Main/Fast","MIMS-O///PH - Record automatically added from OMNICOM",""
"20788008","DSN2","10.154","QF","","10.154","1100","","MAP","","444106.0","517769.0","Old Womans Gate, Bowsfield TS18 3DA","HFJ1","","","","","","","","","","","20788008","2022-10-01","","","","","","","Up Main/Fast","[cocoons.glosses.instance]","NZ 44106 17769"
"20776726","DSN2","11.099","QF","","11.099","1301","","MAP","","445082.0","518295.0","Hadrians Caravans TS17 6BX","HFJ1","","","","","","","","","","","20776726","2015-01-08","","NRAIL","","","","","","Access rear of office buildings.",""
"20786856","DSN2","11.1276","QF","","11.1276","2100","","MAP","","445171.0","518398.0","Thornaby Station LOC""s TS17 6AG","HFJ1","","","","","","","","","","","20786856","2022-02-02","","NRAIL","","","","","Down Main/Fast","","NZ 45171 18398"
"20784548","DSN2","11.1307","QF","","11.1307","1301","","MAP","","445185.0","518413.0","THORNABY STATION FOOTBRIDGE TS17 6AW","HFJ1","","","","","","","","","","","20784548","2020-11-04","","NRAIL","","","","","","Access gate installed via Station Street TS17 6AW","NZ 45185 18413"
"20784753","DSN2","11.1308","QF","","11.1308","2300","","MAP","","445179.0","518420.0","Sanders Gate TS17 6AG","HFJ1","","","","","","","","","","","20784753","2021-01-12","","NRAIL","","","","","Down Goods","Pedestrian access point, Thornaby Station, adjacent to Footbridge DSN2 -26",""
"20786848","DSN2","12.0308","QF","","12.0308","1301","","MAP","","445942.0","518394.0","Tees Yard TS17 7BN","HFJ1","","","","","","","","","","","20786848","2022-02-02","","NRAIL","","","","","","","NZ 45942 18394"
"20784751","DSN2","12.0319","QF","","12.0319","1100","","MAP","","445977.0","518380.0","Baxtrems Steps TS17 7BN","HFJ1","","","","","","","","","","","20784751","2024-08-20","","NRAIL","","","","","Up Main/Fast","Pedestrian access point, Middlesbrough Road WhatThreeWords - duplicate.scored.stood",""
"20784508","DSN2","12.041","QF","","12.041","1100","","MAP","","446063.0","518398.0","STOWERS STEPS TS17 7BN","HFJ1","","","","","","","","","","","20784508","2020-10-08","","NRAIL","","","","","Up Main/Fast","New access TS17 7BN","NZ 46063 18398"
"20638264","DSN2","12.0527","QF","","12.0527","1300","","MAP","","446170.0","518440.0","Thornaby TS17 7BN","HFJ1","","","","","","","","","ME00755Nw","","20638264","2022-09-27","","NRAIL","","","","","Up Goods","MIMS-O///PH - Record automatically added from OMNICOM",""
"20638265","DSN2","12.1081","QF","","12.1081","2301","","MAP","","446622.0","518673.0","Thornaby TS17 7BG","HFJ1","","","","","","","","","ME00755Nw","","20638265","2022-09-27","","NRAIL","","","","","","MIMS-O///PH - Record automatically added from OMNICOM",""
"20784509","DSN2","12.1171","QF","","12.1171","1100","","MAP","","446694.0","518710.0","MAD MILE TS17 7BG","HFJ1","","","","","","","","","","","20784509","2020-10-08","","NRAIL","","","","","Up Main/Fast","New access TS17 7BG","NZ 46694 18710"
"20784750","DSN2","12.1187","QF","","12.1187","1100","","MAP","","446698.0","518697.0","Bates Gate TS17 7BN","HFJ1","","","","","","","","","","","20784750","2021-01-12","","NRAIL","","","","","Up Main/Fast","Pedestrian access point, Middlesbrough Road WhatThreeWords - renew.deeds.caravan",""
"20784752","DSN2","12.1418","QF","","12.1418","1100","","MAP","","446902.0","518801.0","Near Old River Tees TS5 4AD","HFJ1","","","","","","","","","","","20784752","2021-01-12","","NRAIL","","","","","Up Main/Fast","Pedestrian access point, Old River Tees, Stockton Road WhatThreeWords - urge.cakewalk.mulled",""
"20784754","DSN2","13.027","QF","","13.027","1100","","MAP","","447389.0","519078.0","Stockton Road TS5 4AD","HFJ1","","","","","","","","","","","20784754","2021-01-12","","NRAIL","","","","","Up Main/Fast","Pedestrian access point, Stockton Road near A19 flyover WhatThreeWords - neck.modifies.forces",""
"20784749","DSN2","13.036","QF","","13.036","1100","","MAP","","447455.0","519112.0","A19 Flyover West TS5 4AD","HFJ1","","","","","","","","","","","20784749","2021-01-12","","NRAIL","","","","","Up Main/Fast","Pedestrian access point, Stockton Road to the West of the A19 Flyover. WhatThreeWords - bypassed.politics.typed",""
"20770981","DSN2","13.044","QF","","13.044","1100","","MAP","","447496.0","519193.0","Tranship Yard TS5 4AD","HFJ1","","","","","","","","","","","20770981","2012-05-01","","NRAIL","","","","","Up Main/Fast","Access gate on B6541, Stockton Rd, Thornaby. Single gate, 221 lock.",""
"20784748","DSN2","13.049","QF","","13.049","1100","","MAP","","447526.0","519200.0","A19 Flyover East TS5 4AD","HFJ1","","","","","","","","","","","20784748","2021-01-12","","NRAIL","","","","","Up Main/Fast","Pedestrian access point, Stockton Road to the East of the A19 Flyover. WhatThreeWords - beams.bookmark.poorly",""
"20615466","DSN2","13.132","QF","","13.132","1100","","MAP","","447978.0","519835.0","Newport East Junction, Bridge 29 TS1 5TG","HFJ1","","","","","","","","","","","20615466","2012-05-01","","NRAIL","","","","","Up Main/Fast","Off B6541 to Letitia Ind. Est.",""
"20783927","DSN2","13.1518","QF","","13.1518","1100","","MAP","","448070.8","519960.8","BORO D.I.Y TS1 5SL","HFJ1","","","","","","","","","","","20783927","2020-02-27","","NRAIL","","","","","Up Main/Fast","Off B6541 to Letitia Ind. Est and off Ayresome Road","NZ 48070 19960"
"20783887","DSN2","14.0352","QF","","14.0352","1100","","MAP","","448402.0","520372.0","Metz Bridge 30 TS1 5JS","HFJ1","","","","","","","","","","","20783887","2020-02-14","","NRAIL","","","","","Up Main/Fast","New access gate installed 859","NZ 48402 20372"
"20776722","DSN2","14.088","QF","","14.088","1100","","MAP","","448729.0","520623.0","Demark Street TS2 1AF","HFJ1","","","","","","","","","","","20776722","2015-01-08","","NRAIL","","","","","Up Main/Fast","Park van on road and walk.",""
"20789010","DSN2","14.11","QF","","14.11","2300","","MAP","","448995.0","448995.0","BORO ADVERTISING BOARDS TS2 1DD","HFJ1","","","","","","","","","","","20789010","2023-03-08","","NRAIL","","","","","Down Goods","Access point and steps required for safe access to S&T assets. [ample.hails.toxic]","NZ 48995 20723"
"20613389","DSN2","14.1645","QF","","14.1645","1100","","MAP","","449357.0","520724.0","Middlesbrough Station TS1 1SR","HFJ1","","","","","","","","","","","20613389","2012-05-01","","NRAIL","","","","","Up Main/Fast","MIMS-SO//PH/PH -",""
"20615561","DSN2","15.0275","QF","","15.0275","1100","","MAP","","449778.0","520680.0","Middlesbrough TS1 1HL","HFJ1","","","","","","","","","ME00755Nw","","20615561","2022-09-26","","NRAIL","","","","","Up Main/Fast","MIMS-S//DE/ -      MIMS-S//DE/ -",""
"20181102","DSN2","15.0484","QF","","15.0484","2300","","MAP","","450006.0","520553.0","Guisborough Junction TS1 2BA","HFJ1","","","","","","","","","","","20181102","2012-05-01","","NRAIL","","","","","Down Goods","At Albert Road Bridge, turn onto Bridge Street West, access gate on Windward Way. Single gate, 859 lock.",""
"20770983","DSN2","15.0902","QF","","15.0902","2900","","MAP","","450354.0","520412.0","Guisborough Junction TS3 6AF","HFJ1","","","","","","","","","","","20770983","2012-05-01","","NRAIL","","","","","Down Siding","Access gate on the leeway opposite Riverside Stadium. Double gate, 859 lock.",""
"20776723","DSN2","15.1012","QF","","15.1012","1100","","MAP","","450455.0","520416.0","Chemical Factory [Opposite] TS3 6AF","HFJ1","","","","","","","","","","","20776723","2015-01-08","","NRAIL","","","","","Up Main/Fast","Access through Council Woods.",""
"20776725","DSN2","15.11","QF","","15.11","1100","","MAP","","450535.0","520420.0","Chemical Factory [Opposite] TS3 6AF","HFJ1","","","","","","","","","","","20776725","2015-01-08","","NRAIL","","","","","Up Main/Fast","Access through Council Woods.",""
"20770995","DSN2","15.132","QF","","15.132","2900","","MAP","","450735.0","520445.0","Stockton Haulage TS3 6RS","HFJ1","","","","","","","","","","","20770995","2012-05-01","","NRAIL","","","","","Down Siding","Dockside Road, between Riverside Stadium & Whitehouse Level Crossing. Double gate, 859 lock.",""
"20613405","DSN2","17.088","QF","","17.088","1100","","MAP","","453352.0","521291.0","South Bank Station TS6 6AA","HFJ1","","","","","","","","","","","20613405","2012-05-01","","NRAIL","","","","","Up Main/Fast","Normanby Road, off A66.",""
"20638285","DSN2","18.102","QF","","18.102","2300","","MAP","","454976.0","521853.0","Grangetown TS6 6TN","HFJ1","","","","","","","","","ME00755Nw","","20638285","2022-09-26","","NRAIL","","","","","Down Goods","MIMS-O///PH - Record automatically added from OMNICOM",""
"20181107","DSN2","18.143","QF","","18.143","3900","","MAP","","455261.0","522110.0","Grangetown Signal Box TS6 7RU","HFJ1","","","","","","","","","","","20181107","2012-05-01","","NRAIL","","","","","Rev Siding","Off A66 to A1053, signposted Teesport.",""
"20790313","DSN2","18.165","QF","","18.165","1100","","MAP","","455396.0","522258.0","TEES DOCK TS6 7RP","HFJ1","","","","","","","","","","","20790313","2024-04-16","","NRAIL","","","","","Up Main/Fast","WTW - builds.crash.scared","NZ 55396 22258"
"20789909","DSN2","19.0022","QF","","19.0022","1100","","MAP","","455477.0","522349.0","Roddys Gate, Tees Dock Road, Redcar TS6 7RP","HFJ1","","","","","","","","","","","20789909","2023-11-02","","NRAIL","","","","","Up Main/Fast","Pedestrian only?access via Grangetown signal box then walk along public footpath outside NR boundary to gate which is opposite old derelict brick building. [laser.tour.fires]","NZ 55477 22349"
"20787988","DSN2","20.022","QF","","20.022","2100","","MAP","","456698.0","523652.0","REDCAR ORE TERMINAL JCN TS10 5QW","HFJ1","","","","","","","","","","","20787988","2022-09-28","","NRAIL","","","","","Down Main/Fast","Access point on the fire road DSN2 on the DN side 20m 10ch","NZ 56698 23652"
"20613422","DSN2","20.1237","QF","","20.1237","2100","","MAP","","457417.0","524204.0","British Steel Halt [Redcar] TS10 5QW","HFJ1","","","","","","","","","","","20613422","2012-05-01","","NRAIL","","","","","Down Main/Fast","MIMS-S//DE/ - POSITION:LS/RS",""
"20787751","DSN2","21.033","QF","","21.033","1100","","MAP","","458121.0","524531.0","COTHAM MARCHES TS10 5BA","HFJ1","","","","","","","","","","","20787751","2022-09-13","","NRAIL","","","","","Up Main/Fast","","NZ 58121 24531"
"20776732","DSN2","20.1232","QF","","20.1232","2100","","MAR","","457411.0","524199.0","British Steel Halt Station RRV TS10 5QW","HFJ1","","","","","","","","","","","20776732","2023-11-14","","NRAIL","","","","","Down Main/Fast","Access adjacent to Down Platform.",""
"20776724","DSN2","10.1262","QF","","10.1262","2100","","MAV","","443797.0","517640.0","Stockton Cut TS18 3HD","HFJ1","","","","","","","","","ME00755Nw","","20776724","2022-10-01","","NRAIL","","","","","Down Main/Fast","MIMS-O///PH - Record automatically added from OMNICOM [ episodes.yappy.woodstove]",""
"20613878","DSN2","10.14","QF","","10.14","2100","","MAV","","443933.0","517708.0","Bowsefield TS18 3HD","HFJ1","","","","","","","","","","","20613878","2012-05-01","","NRAIL","","","","","Down Main/Fast","MIMS-S//DE/ -",""
"20181098","DSN2","10.16","QF","","10.16","1100","","MAV","","444155.0","517816.0","Bowsefield TS18 3HD","HFJ1","","","","","","","","","","","20181098","2012-05-01","","NRAIL","","","","","Up Main/Fast","MIMS-S//DE/ - Access Point. Signal Box. On the A66 Darlington-Middlesbrough, turn left on the track approx. 0.25 mile after A135 Yarm-Stockton Junction",""
"20613884","DSN2","10.1672","QF","","10.1672","1100","","MAV","","444239.0","517846.0","Bowsefield Signal Box & Bridge 19 TS18 3RE","HFJ1","","","","","","","","","","","20613884","2012-05-01","","NRAIL","","","","","Up Main/Fast","Off A66, eastbound between Yarm Rd roundabout & Thornaby turn off.",""
"20613897","DSN2","11.0044","QF","","11.0044","2100","","MAV","","444385.0","517875.0","Tees Viaduct [West End] TS18 8AW","HFJ1","","","","","","","","","","","20613897","2012-05-01","","NRAIL","","","","","Down Main/Fast","Off Boathouse Lane, Stockton.",""
"20181099","DSN2","11.1386","QF","","11.1386","0","","MAV","","445375.0","518492.0","Thornaby Station & Bridges 23/24/25 TS17 6AN","HFJ1","","","","","","","","","","","20181099","2012-05-01","","NRAIL","","","","","All/Multiple Tracks","Mandale Triangle, Thornaby.",""
"20776728","DSN2","11.154","QF","","11.154","1100","","MAV","","445519.0","518506.0","Thornaby Platform ""V"" TS17 7AR","HFJ1","","","","","","","","","","","20776728","2015-01-08","","NRAIL","","","","","Up Main/Fast","Access Station Car Park.",""
"20638402","DSN2","12.121","QF","","12.121","1301","","MAV","","446727.0","518728.0","Tees Signal Box TS17 7BG","HFJ1","","","","","","","","","","","20638402","2012-05-01","","NRAIL","","","","","","Access gate just off Maze Way, Tees Barrage, Thornaby. Single gate, 859 lock.",""
"20181100","DSN2","12.154","QF","","12.154","9999","","MAV","","446998.0","518859.0","Tees Yard TS5 4AB","HFJ1","","","","","","","","","","","20181100","2012-05-01","","NRAIL","","","","","Unknown","Access Point. Signal Box. Through Thornaby T.M.D. Towards West End.",""
"20776729","DSN2","13.1428","QF","","13.1428","2300","","MAV","","448016.0","519897.0","Under Newport Lifting Bridge TS1 5SL","HFJ1","","","","","","","","","","","20776729","2015-01-08","","NRAIL","","","","","Down Goods","Access through Council Track.",""
"20776731","DSN2","14.132","QF","","14.132","2300","","MAV","","449115.0","520726.0","Boro Cop Shop TS1 5AQ","HFJ1","","","","","","","","","","","20776731","2015-01-08","","NRAIL","","","","","Down Goods","Access opposite Police Station.",""
"20181101","DSN2","14.1584","QF","","14.1584","1100","","MAV","","449326.0","520724.0","Middlesbrough SB & West End Dock TS1 1SR","HFJ1","","","","","","","","","","","20181101","2012-05-01","","NRAIL","","","","","Up Main/Fast","Off Station St, Middlesbrough, just before reaching Zetland House. Double gate, 859 lock.",""
"20615554","DSN2","14.1622","QF","","14.1622","1100","","MAV","","449345.0","520724.0","Middlesbrough Station TS2 1BL","HFJ1","","","","","","","","","","","20615554","2012-05-01","","NRAIL","","","","","Up Main/Fast","MIMS-SO//DE/PH - Track:1100/2100",""
"20776727","DSN2","14.1672","QF","","14.1672","1100","","MAV","","449437.0","520720.0","Middlesbrough Signal Box TS2 1BF","HFJ1","","","","","","","","","","","20776727","2015-01-08","","NRAIL","","","","","Up Main/Fast","Access direct from road.",""
"20638271","DSN2","15.0","QF","","15.0","0","","MAV","","449414.0","520724.0","Middlesbrough Station TS1 1DR","HFJ1","","","","","","","","","","","20638271","2012-05-01","","NRAIL","","","","","All/Multiple Tracks","Access to Station via Car Park on Zetland Street.",""
"20787050","DSN2","15.0176","QF","","15.0176","2100","","MAV","","449759.0","520686.0","Middlesbrough Station TS1 1DF","HFJ1","","","","","","","","","","","20787050","2022-03-25","","NRAIL","","","","","Down Main/Fast","Installation of a 4m double leaf access gate.","NZ 49759 20686"
"20776730","DSN2","15.044","QF","","15.044","2300","","MAV","","449973.0","520574.0","Dolls House Access TS1 1JP","HFJ1","","","","","","","","","","","20776730","2015-01-08","","NRAIL","","","","","Down Goods","Access from grass verge Council.",""
"20774818","DSN2","15.0484","QF","","15.0484","2300","","MAV","","450006.0","520553.0","Guisborough Junction TS1 2BA","HFJ1","","","","","","","","","","","20774818","2013-01-09","","NRAIL","","","","","Down Goods","At Guisborough Junction",""
"20179846","DSN2","15.1672","QF","","15.1672","1100","","MAV","","451052.0","520479.0","Whitehouse SBX & Level Crossing TS3 6AR","HFJ1","","","","","","","","","ME00755Nw","","20179846","2022-09-26","","NRAIL","","","","","Up Main/Fast","Junction of Marsh Road & Dockside near Navigation Inn. Double gate, 859 lock.",""
"20786850","DSN2","17.066","QF","","17.066","2100","","MAV","","453156.0","521247.0","South Bank TS6 6UJ","HFJ1","","","","","","","","","","","20786850","2022-02-02","","NRAIL","","","","","Down Main/Fast","","NZ 53156 21247"
"20181105","DSN2","17.0682","QF","","17.0682","2100","","MAV","","453176.0","521251.0","South Bank Junction TS6 6AW","HFJ1","","","","","","","","","","","20181105","2012-05-01","","NRAIL","","","","","Down Main/Fast","Along Dockside Road to Smith Dock Road. Single gate, 859 lock.",""
"20181106","DSN2","18.1026","QF","","18.1026","0","","MAV","","454981.0","521856.0","Grangetown TS6 6TN","HFJ1","","","","","","","","","","","20181106","2012-05-01","","NRAIL","","","","","All/Multiple Tracks","MIMS-O///PH - Access Point. Station. Off the A.1085",""
"20787748","DSN2","19.0","QF","","19.0","3350","","MAV","","455443.0","522352.0","TEES DOCK TS6 6LU","HFJ1","","","","","","","","","","","20787748","2022-09-13","","NRAIL","","","","","","Required a pass to access the Teesworks site.","NZ 55443 22352"
"20776754","DSN2","20.1232","QF","","20.1232","2100","","MAV","","457411.0","524199.0","British Steel Halt Station RRV TS10 5QW","HFJ1","","","","","","","","","","","20776754","2015-01-08","","NRAIL","","","","","Down Main/Fast","Access adjacent to Down Platform.",""
"20181108","DSN2","21.0","QF","","21.0","0","","MAV","","457850.0","524406.0","British Steel Halt [Redcar] TS10 5QW","HFJ1","","","","","","","","","","","20181108","2012-05-01","","NRAIL","","","","","All/Multiple Tracks","Access via Steel House, off A1085 trunk road.",""
"20638301","DSN3","22.1539","QF","","22.1539","1100","","MAP","","460268.0","524939.0","Redcar SBX & Level Crossing TS10 2AF","HFJ1","","","","","","","","","ME00755Nw","","20638301","2022-09-26","","NRAIL","","","","","Up Main/Fast","MIMS-O///PH - Record automatically added from OMNICOM",""
"20613455","DSN3","22.154","QF","","22.154","2100","","MAP","","460269.0","524939.0","Redcar SBX & Level Crossing TS10 2AF","HFJ1","","","","","","","","","","","20613455","2012-05-01","","NRAIL","","","","","Down Main/Fast","MIMS-SO//DE/PH -",""
"20787950","DSN3","23.0374","QF","","23.0374","1100","","MAP","","460770.0","524762.0","CHURCH LANE, REDCAR TS10 2AA","HFJ1","","","","","","","","","","","20787950","2022-09-27","","","","","","","Up Main/Fast","[foam.bounty.oval]","NZ 60770 24762"
"20181111","DSN3","23.132","QF","","23.132","0","","MAP","","461364.0","524139.0","Redcar East Station TS10 3PF","HFJ1","","","","","","","","","","","20181111","2012-05-01","","NRAIL","","","","","All/Multiple Tracks","Junction of Borough Rd & Laburnum Rd, Redcar.",""
"20179311","DSN3","24.11","QF","","24.11","2100","","MAP","","461970.0","522891.0","Green Lane Footpath TS10 2RN","HFJ1","","","","","","","","","","","20179311","2012-05-01","","NRAIL","","","","","Down Main/Fast","Drive down Green Lane, off Redcar Rd, near Blacks Bridge, Marske.",""
"20771041","DSN3","25.011","QF","","25.011","2100","","MAP","","462350.0","522284.0","Grewgrass [Cat Flatt Lane] TS11 6EB","HFJ1","","","","","","","","","","","20771041","2012-05-01","","NRAIL","","","","","Down Main/Fast","Cat Flatt Lane off Redcar Road, Markse.",""
"20613486","DSN3","25.0675","QF","","25.0675","1100","","MAP","","462763.0","521978.0","LONGBECK STATION UP TS11 6HF","HFJ1","","","","","","","","","","","20613486","2022-09-27","","NRAIL","","","","","Up Main/Fast"," Access Platform 2 UP SIDE","NZ 62763 21978"
"20179011","DSN3","25.0677","QF","","25.0677","2100","","MAP","","462765.0","521979.0","Longbeck Station TS11 6HF","HFJ1","","","","","","","","","","","20179011","2022-09-27","","NRAIL","","","","","Down Main/Fast","Access Point. Foot access.Platform 1 TRACK ACCESS ON FOOT ONLY. NO VEHICULAR ACCESS OR PARKING","NZ 62765 21979"
"20613489","DSN3","25.0684","QF","","25.0684","1100","","MAP","","462771.0","521976.0","Longbeck SBX & Level Crossing TS11 8LA","HFJ1","","","","","","","","","ME00755Nw","","20613489","2022-09-26","","NRAIL","","","","","Up Main/Fast","MIMS-S//DE/ - Signal Box Access",""
"20787953","DSN3","25.0696","QF","","25.0696","1100","","MAP","","462779.0","521970.0","LONGBECK SB TS11 6HF","HFJ1","","","","","","","","","","","20787953","2022-09-27","","NRAIL","","","","","Up Main/Fast","Access over cattle grids at Long-beck Signal Box <padlock etc now fitted> by Offtrack/RS.~
Up side behind box. [nest.host.riots]","NZ 62779 21970"
"20613500","DSN3","25.1397","QF","","25.1397","1100","","MAP","","463395.0","521801.0","Marske Station TS11 6DD","HFJ1","","","","","","","","","","","20613500","2012-05-01","","NRAIL","","","","","Up Main/Fast","MIMS-SO//DE/PH -",""
"20613504","DSN3","25.1467","QF","","25.1467","2100","","MAP","","463459.0","521796.0","Marske Station TS11 6DD","HFJ1","","","","","","","","","","","20613504","2012-05-01","","NRAIL","","","","","Down Main/Fast","MIMS-SO//DE/PH -",""
"20776737","DSN3","26.044","QF","","26.044","2100","","MAP","","464126.0","521826.0","Lonbeck Old Fogeys TS11 7HY","HFJ1","","","","","","","","","","","20776737","2015-01-08","","NRAIL","","","","","Down Main/Fast","Access rear of OAP Flats",""
"20787768","DSN3","26.077","QF","","26.077","2100","","MAP","","464420.0","521764.0","HOWARD DRIVE - MARSKE TS11 7EQ","HFJ1","","","","","","","","","","","20787768","2022-09-28","","NRAIL","","","","","Down Main/Fast","Steps going up onto trackside [belly.shape.crazy]","NZ 64420 21764"
"20179193","DSN3","26.11","QF","","26.11","0","","MAP","","464689.0","521629.0","Tofts Farm Footpath TS12 1PP","HFJ1","","","","","","","","","","","20179193","2012-05-01","","NRAIL","","","","","All/Multiple Tracks","Walk to Crossing from Howard Drive, Markse.",""
"20779607","DSN3","27.011","QF","","27.011","3901","","MAP","","463375.0","521336.0","Saltburn West Jcn TS12 1QZ","HFJ1","","","","","","","","","","","20779607","2017-01-17","","NRAIL","","","","","","Bridge 68 Saltburn West access steps at the brick relay room",""
"120000294","DSN3","27.0176","QF","","27.0176","1100","","MAP","","465378.0","521335.0","The Parkway","HFJ1","","","","","","","","","","","120000294","2025-02-12","","","","","","","Up Main/Fast","this is opposite Saltburn Relay Room on down side so we can access up now without crossing lines.
PLEASE NOTE PARKING IS TIGHT HERE SO BE MINDFULL OF LOCAL RESIDENTS etc.
GPS NZ65378 21335
ELLIPSE ASSET REF: 000019866030
W3W - saves.suiting.scarves





",""
"120000293","DSN3","27.0176","QF","","27.0176","1100","","MAP","","465378.0","521335.0","Saltburn Relay Room ","HFJ1","","","","","","","","","","","120000293","2025-07-18","","","","","","","Up Main/Fast","this is opposite Saltburn Relay Room on down side so we can access up now without crossing lines.
PLEASE NOTE PARKING IS TIGHT HERE SO BE MINDFULL OF LOCAL RESIDENTS etc.

W3W - saves.suiting.scarves

",""
"20787051","DSN3","27.088","QF","","27.088","3100","","MAP","","466019.0","521385.0","Saltburn Milton Street TS12 1DE","HFJ1","","","","","","","","","","","20787051","2022-03-25","","NRAIL","","","","","Rev Main/Fast","Expermet pedestrian gate and stairs to be installed to allow staff to access track/assets without the need to cross open lines","NZ 66019 21385"
"20613564","DSN3","27.11","QF","","27.11","1602","","MAP","","466221.0","521393.0","Old P Way Cabin, Saltburn TS12 1DD","HFJ1","","","","","","","","","","","20613564","2012-05-01","","NRAIL","","","","","","Dundas Street West, between Bridge 69 & Saltburn Station. Single gate, 859 lock.",""
"20771043","DSN3","27.1254","QF","","27.1254","0","","MAP","","466362.0","521404.0","Saltburn Station TS12 1DN","HFJ1","","","","","","","","","","","20771043","2012-05-01","","NRAIL","","","","","All/Multiple Tracks","Station Square, between Dundas Street east & west, Saltburn.",""
"20774820","DSN3","27.0506","QF","","27.0506","3901","","MAR","","465722.0","521361.0","Jubilee Sidings TS12 1QJ","HFJ1","","","","","","","","","","","20774820","2023-11-14","","NRAIL","","","","","","Miton Street, access road to Hazel Grove Caravan Site, Saltburn. Single gate, 859 lock.",""
"20770997","DSN3","22.088","QF","","22.088","2100","","MAV","","459673.0","524867.0","Locke Park [Nelson Terrace] TS10 1QH","HFJ1","","","","","","","","","","","20770997","2012-05-01","","NRAIL","","","","","Down Main/Fast","Access gate Kirkleatham Street, Car Park opposite Nelson Terrace. Double gate, 859 lock.",""
"20638295","DSN3","22.1408","QF","","22.1408","1100","","MAV","","460149.0","524933.0","Redcar Station [Down Side] TS10 1ER","HFJ1","","","","","","","","","","","20638295","2012-05-01","","NRAIL","","","","","Up Main/Fast","Acess through car park off West Dyke Road, Redcar.",""
"20181110","DSN3","22.1611","QF","","22.1611","0","","MAV","","460333.0","524936.0","Morrisons supermarket service road TS10 2EA","HFJ1","","","","","","","","","","","20181110","2012-05-01","","NRAIL","","","","","All/Multiple Tracks","MIMS-SO//PH/PH - Access Point. Signal Box/LC. Off the A1085",""
"20179737","DSN3","23.044","QF","","23.044","0","","MAV","","460819.0","524727.0","Church Lane CCTV Level Crossing TS10 3JJ","HFJ1","","","","","","","","","","","20179737","2012-05-01","","NRAIL","","","","","All/Multiple Tracks","Redcar Lane, Redcar.",""
"20771042","DSN3","25.011","QF","","25.011","2100","","MAV","","462350.0","522284.0","Grewgrass [Cat Flatt Lane] TS11 6EB","HFJ1","","","","","","","","","","","20771042","2012-05-01","","NRAIL","","","","","Down Main/Fast","Cat Flatt Lane off Redcar Road, Markse.",""
"20179848","DSN3","25.0682","QF","","25.0682","0","","MAV","","462770.0","521977.0","Longbeck SBX & Level Crossing TS11 8LA","HFJ1","","","","","","","","","","","20179848","2012-05-01","","NRAIL","","","","","All/Multiple Tracks","Longbeck Road, Marske.",""
"20181114","DSN3","25.143","QF","","25.143","9999","","MAV","","463425.0","521798.0","Marske Station TS11 6DD","HFJ1","","","","","","","","","","","20181114","2012-05-01","","NRAIL","","","","","Unknown","Access Point. Station. Off A.1085",""
"20638307","DSN3","25.143","QF","","25.143","2100","","MAV","","463425.0","521798.0","Marske Station TS11 6JH","HFJ1","","","","","","","","","","","20638307","2012-05-01","","NRAIL","","","","","Down Main/Fast","Station Close, off High Street, Marske.",""
"20179194","DSN3","26.1386","QF","","26.1386","1100","","MAV","","464900.0","521478.0","Riding School Crossing TS12 1PW","HFJ1","","","","","","","","","","","20179194","2012-05-01","","NRAIL","","","","","Up Main/Fast","Dirt track off Marske Road, Saltburn, opposite Marske End Farm.",""
"20613544","DSN3","27.0506","QF","","27.0506","3901","","MAV","","465722.0","521361.0","Jubilee Sidings TS12 1QJ","HFJ1","","","","","","","","","","","20613544","2013-01-09","","NRAIL","","","","","","Miton Street, access road to Hazel Grove Caravan Site, Saltburn. Single gate, 859 lock.",""
"20776736","DSN3","27.066","QF","","27.066","3903","","MAV","","465807.0","521366.0","Saltburn Caravan Park TS12 1DE","HFJ1","","","","","","","","","","","20776736","2015-01-08","","NRAIL","","","","","","Access via Caravan Park access track.",""
"20776735","DSN3","27.1012","QF","","27.1012","3100","","MAV","","466129.0","521389.0","Saltburn Sainsburys TS12 1BT","HFJ1","","","","","","","","","","","20776735","2015-01-08","","NRAIL","","","","","Rev Main/Fast","Acess via Supermarket Car Park.",""
"20771708","DWS","0.0352","QF","","0.0352","0","","MAP","","432356.0","381096.0","TWENTYWELL LANE","HFJ4","","","","","","","","","","","20771708","2013-03-25","","NRAIL","","","","","All/Multiple Tracks","GN6017 NEW ASSETS CREATED FROM ELLIPSE 18/4/07 STC.S17 4QD.",""
"20772218","DWS","0.1144","QF","","0.1144","3100","","MAP","","432506.0","381778.0","ABBEYDALE GARDENS","HFJ4","","","","","","","","","","","20772218","2013-03-25","","NRAIL","","","","","Rev Main/Fast","GN7075 CREATING ASSETS 02/11/07 AS. S17 3LB.",""
"20610854","EGG1","0.0448","QF","","0.0448","4951","","MAV","","456436.0","423047.0","Low Eggborough DN14 0PS","HFJ7","","","","","","","","","","","20610854","2015-02-04","","NRAIL","","","","","","MIMS-S//DE/ -",""
"120000705","EJM","12.076","QF","","12.076","2100","","MA","","430448.0","578869.0","Newsham Station Platform End ","HFJ1","","","","","","","","","Authorised Access Point - Pedestrian","","120000705","2025-07-28","","","","","","","Down Main/Fast","Newsham Station Open to passengers as of the 17th March.",""
"20789488","EJM","11.0098","QF","","11.0098","1100","","MAP","","431154.0","576710.0","HESTER GARDENS NE25 0SH","HFJ1","","","","","","","","","","","20789488","2023-11-24","","NRAIL","","","","","Up Main/Fast","[camera.spring.driver]","NZ 31154 76710"
"120000707","EJM","12.093","QF","","12.093","2100","","MAP","","430448.0","578869.0","Newsham Station Platform End ","HFJ1","","","","","","","","","Authorised Access Point - Pedestrian","","120000707","2025-07-28","","","","","","","Down Main/Fast","Newsham Station due to Open to Passenger 17th March",""
"20179579","EJM","14.0264","QF","","14.0264","0","","MAP","","428809.0","580698.0","Chase Meadows LC NE24 4LB","HFJ1","","","","","","","","","","","20179579","2012-05-01","","NRAIL","","","","","All/Multiple Tracks","MIMS-SX//KB/AB - Access Point. Level Crossing. RT Document: ALARMS. Access on foot only. No vehicular access or parking.NOT SEEN ON STAGE 1 VISIT - Not seen on SERCO -",""
"20179686","EJM","15.1592","QF","","15.1592","0","","MAP","","427433.0","583102.0","Bedlington North LC NE22 7JX","HFJ1","","","","","","","","","ME00755Nw","","20179686","2023-11-24","","NRAIL","","","","","All/Multiple Tracks","MIMS-SX//KB/AB - Access Point. Level Crossing. RT Document: ALARMS. Access on foot only. No vehicular access or parking.     Local name ""Bedlington South"" in Ellipse <Confrimed as Bedlington North LC> - Amend in Ellipse",""
"20179016","EJM","16.0326","QF","","16.0326","3100","","MAP","","427036.0","583302.0","Coatsworth Farm LC NE22 7AJ","HFJ1","","","","","","","","","","","20179016","2012-05-01","","NRAIL","","","","","Rev Main/Fast","MIMS-SX//KB/AB - Access Point. Foot access. TRACK ACCESS ON FOOT ONLY. NO VEHICULAR ACCESS OR PARKING. NOT SEEN ON STAGE 1 VISIT",""
"20179272","EJM","17.1232","QF","","17.1232","3100","","MAP","","424658.0","583738.0","Choppington Foot Xing NE62 5SR","HFJ1","","","","","","","","","","","20179272","2012-05-01","","NRAIL","","","","","Rev Main/Fast","MIMS-SX//KB/AB - Access Point. Level Crossing. RT Document: ALARMS. Access on foot only. No vehicular access or parking. NOT SEEN ON STAGE 1 VISIT",""
"120000153","EJM","9.1515","QF","","9.1515","2100","","MAPE","","429523.2","575621.9","Seaton Delaval Station Platform End","HFJ1","","","","","","","","","Authorised Access Point - Pedestrian","","120000153","2025-07-28","","","","","","","Down Main/Fast","New (station) Authorised Access Point - Pedestrian - Due to Enter into Service 15th December 2024.",""
"120000154","EJM","9.1712","QF","","9.1712","2100","","MAPE","","429635.0","575756.7","Seaton Delaval Station Platform End","HFJ1","","","","","","","","","Authorised Access Point - Pedestrian","","120000154","2025-07-28","","","","","","","Down Main/Fast","Authorised Access Point - Pedestrian - Seaton Delaval Platform End due to enter into service 15th December 2024",""
"20179950","EJM","7.0902","QF","","7.0902","3100","","MAV","","430555.0","572309.0","Holywell LC NE27 0JE","HFJ1","","","","","","","","","","","20179950","2012-05-01","","NRAIL","","","","","Rev Main/Fast","MIMS-S//KB/ - Access Point. Level Crossing. RT Document: ALARMS.NOT SEEN ON STAGE 1 VISIT",""
"20179959","EJM","9.0132","QF","","9.0132","3100","","MAV","","429271.0","574465.0","Seghill AHB LC NE23 7EJ","HFJ1","","","","","","","","","","","20179959","2012-05-01","","NRAIL","","","","","Rev Main/Fast","MIMS-S//KB/ - Access Point. Level Crossing. RT Document: ALARMS.NOT SEEN ON STAGE 1 VISIT",""
"20179261","EJM","9.0792","QF","","9.0792","3100","","MAV","","429215.0","575053.0","Mares Close Farm LC NE23 7ED","HFJ1","","","","","","","","","","","20179261","2012-05-01","","NRAIL","","","","","Rev Main/Fast","MIMS-S//KB/ - Access Point. Level Crossing. RT Document: ALARMS. No parking on occupation road. NOT SEEN ON STAGE 1 VISIT",""
"20781807","EJM","10.0066","QF","","10.0066","3100","","MAV","","429710.0","575842.0","Seaton Deleval NE25 0QH","HFJ1","","","","","","","","","","","20781807","2017-12-04","","NRAIL","","","","","Rev Main/Fast","Vehicular access at Seaton Deleval~
Off A192",""
"20179821","EJM","12.099","QF","","12.099","0","","MAV","","430443.0","578875.0","Newsham SBX & LC NE24 3PR","HFJ1","","","","","","","","","","","20179821","2012-05-01","","NRAIL","","","","","All/Multiple Tracks","MIMS-SX//KB/AB - Access Point. Signal Box/LC. South Beach Road from New Delaval Vill A1061 NOT SEEN ON STAGE 1VISIT",""
"20179850","EJM","13.0352","QF","","13.0352","0","","MAV","","430025.0","579801.0","Plessey Road CCTV LC NE24 4AF","HFJ1","","","","","","","","","","","20179850","2012-05-01","","NRAIL","","","","","All/Multiple Tracks","MIMS-SX//KB/AB - Access Point. Level Crossing. RT Document: ALARMS. NOT SEEN ON STAGE 1 VISIT",""
"20179914","EJM","14.1474","QF","","14.1474","0","","MAV","","428214.0","581601.0","Bebside AHB LC NE24 4HT","HFJ1","","","","","","","","","","","20179914","2012-05-01","","NRAIL","","","","","All/Multiple Tracks","MIMS-SX//KB/AB - Access Point. Level Crossing. RT Document: ALARMS. NOT SEEN ON STAGE 1 VISIT",""
"20783567","EJM","15.1132","QF","","15.1132","2900","","MAV","","427800.0","582500.0","BEDLINGTON SIDINGS NE22 5LL","HFJ1","","","","","","","","","ACCESS POINT","","20783567","2025-07-22","","NRAIL","","","","","Down Siding","Access Point via Melrose Court off Jubilee Terrace. Gate with 859 onto Bedlington Sidings (previously Furnace Sidings)
words.cultivation.ramps","NZ 27698 82793"
"20180798","EJM","15.1365","QF","","15.1365","1100","","MAV","","427591.0","582972.0","Bedlington South NE22 7JD","HFJ1","","","","","","","","","","","20180798","2012-05-01","","NRAIL","","","","","Up Main/Fast","MIMS-SX//KB/AB - Access Point. Signal Box/LC. On Station road next to Bedlington Station. NOT SEEN ON STAGE 1 VISIT",""
"20181066","EJM","15.1562","QF","","15.1562","0","","MAV","","427456.0","583087.0","Bedlington North NE22 7JD","HFJ1","","","","","","","","","ME00755Nw","","20181066","2023-11-24","","NRAIL","","","","","All/Multiple Tracks","MIMS-SX//KB/AB - Access Point. Signal Box/LC. East end of the Barrington Road.NOT SEEN ON STAGE 1 VISIT - Not seen on SERCO -     Should be named Bedlington North Vehicle Access - NE22 7JD - Amend in Ellipse",""
"20179919","EJM","17.0132","QF","","17.0132","3100","","MAV","","425627.0","583499.0","Choppington AHB LC NE62 5TG","HFJ1","","","","","","","","","","","20179919","2012-05-01","","NRAIL","","","","","Rev Main/Fast","MIMS-SX//KB/AB - Access Point. Level Crossing. RT Document: ALARMS. NOT SEEN ON STAGE 1 VISIT",""
"20663484","EJM","19.0462","QF","","19.0462","3100","","MAV","","422270.0","584463.0","Hepscott AHB LC NE61 6LW","HFJ1","","","","","","","","","","","20663484","2012-05-01","","NRAIL","","","","","Rev Main/Fast","HEPSCOTT. Access Point. Level Crossing. RT Document: ALARMS. ",""
"20663485","EJM","19.0836","QF","","19.0836","3100","","MAV","","421980.0","584646.0","Park House Farm LC NE61 6LP","HFJ1","","","","","","","","","","","20663485","2012-05-01","","NRAIL","","","","","Rev Main/Fast","PARK HOUSE FARM. Access Point. Level Crossing. RT Document: ALARMS. No parking on occupation road. ",""
"20779100","EJM","20.0594","QF","","20.0594","3100","","MAV","","421107.0","585686.0","Morpeth North East Curve NE61 6JF","HFJ1","","","","","","","","","","","20779100","2016-06-21","","NRAIL","","","","","Rev Main/Fast","Vehicle access point north east of Morpeth North LC on ECM7. Vehicle access to CESS near Br 2",""
"20788149","ELN","195.088","QF","","195.088","2100","","MAV","","429269.0","432801.0","WATER LANE TRIANGLE","HFJ6","","","","","","","","","","","20788149","2022-10-13","","NRAIL","","","","","Down Main/Fast","Access to the vehicle palisade access gates is located off Water Lane, Holbeck. Access through the gates and the tarmac roadway leads to the TJC3 / ELN & DOL2 lines at Whitehall Jcn. Vehicle & RRV parking is available at this location. What3Words Ref: usage.runner.putty","SE 29200 32800"
"20611097","FKW","2.1201","QF","","2.1201","1100","","MAP","","448359.0","423725.0","Doncaster Road, Ferrybridge WF11 8PE","HFJ7","","","","","","","","","NV","","20611097","2015-02-04","","NRAIL","","","","","Up Main/Fast","Access through gate on Doncaster Road and then up steps adjacent to Bridge No.1gives access to Up Cess. Gate in state of disrepair, requires post/fencing.","SE 48359 23725"
"20604822","GRD","0.1013","QF","","0.1013","9999","","MAP","","409596.0","422729.0","","HFJ6","","","","","","","","","","","20604822","2008-09-08","","JARVIS","","","","","Unknown","MIMS-D/MC// - Access steps from MRB. Milner Royd to Bradford. Cross refer to MRB.",""
"20607446","GRD","0.1013","QF","","0.1013","2100","","MAP","","409596.0","422729.0","","HFJ6","","","","","","","","","","","20607446","2008-09-08","","NV","","","","","Down Main/Fast","Access from MRB route at 30.1500, cross ref.",""
"20779847","GRD","1.01","QF","","1.0117","0","","MAR","","409425.0","422012.0","GREETLAND JUNCTION RRAP","HFJ6","","","","","","","","","Road-Rail Vehicle","","20779847","2017-02-15","","NRAIL","","","","","All/Multiple Tracks","New 10.8M wide twin track Rosehill RRAP installed. Secure vehicle and OTP Parking is available at the entrancegatesleading to the old Greetland Junction Signal Box approx 30m from the RRAP.","SE 09425 22012"
"20180140","GUE2","2.0704","QF","","2.0836","3400","","MA","","416263.0","439321.0","Baildon Station","HFJ6","","","","","","","","","NV","","20180140","2013-03-27","","NRAIL","","","","","Rev Single","ADJOINING RAILWAY THROUGH THE GATEWAY TO BE ERECTED BY THE PURCHASERS PUSUANT TO CLAUSE 3. 4. SEE COPY OF CONVEYANCE ATTACHED","SE 16263 39321"
"20180141","GUE2","3.0","QF","","3.0132","9999","","MA","","415760.0","438534.0","","HFJ6","","","","","","","","","","","20180141","2008-09-08","","NV","","","","","Unknown","VIADUCT FOR THE PURPOSE OF REMOVING OR DEMOLISHING THE VIADUCT OR FILLING IN THE SPACES WITHIN THE ARCHES THERE OF THE BOARD A RIGHT OF WAY FOR THE PURPOSE OF GAINING ACCESS TO THE LINESIDE OVER THE LAND SHOWN COLOURED BLUE HATCHED",""
"20630515","GUE2","2.0596","QF","","2.0596","3400","","MAP","","416333.0","439391.0","Baildon Station","HFJ6","","","","","","","","","NV","","20630515","2013-03-27","","NRAIL","","","","","Rev Single","MIMS-S//de/ -/B 8","SE 16333 39391"
"20630516","GUE2","2.0656","QF","","2.0656","3400","","MAP","","416294.0","439351.0","Baildon Station","HFJ6","","","","","","","","","NV","","20630516","2013-03-27","","NRAIL","","","","","Rev Single","MIMS-S//de/ - From Car Park","SE 16294 39351"
"20788349","GUE2","2.0855","QF","","2.0855","3100","","MAP","","416161.0","439230.0","Ridgewood Close, Baildon","HFJ6","","","","","","","","","Pedestrian","","20788349","2022-11-01","","NRAIL","","","","","Rev Main/Fast","Access to the pedestrian access gate is located off Ridgewood Close, Baildon. Access through the gates that lead directly to the Up Baildon Down. Vehicle parking is restricted at this location, due to the residential area.  What3Words Ref: jokes.card.orchestra","SE 16161 39230"
"20788169","GUE2","3.0368","QF","","3.0368","3100","","MAP","","415713.0","438212.0","Dockfield Road, Shipley","HFJ6","","","","","","","","","Pedestrian","","20788169","2022-10-18","","NRAIL","","","","","Rev Main/Fast","Access to the pedestrian access gate is located off Dockfield Road, Shipley. Access through the gate, up the steps that lead directly to the Up Baildon Down. Vehicle parking is suitable at this location.   What3Words Ref:     fried.cages.gently","SE 15713 38212"
"20784489","GUE2","1.0068","QF","","1.0081","3100","","MAR","","417871.0","440541.0","Esholt Old Station","HFJ6","","","","","","","","","","","20784489","2020-09-15","","NRAIL","","","","","Rev Main/Fast","Enter through the 3rd Party vehicular field gate located off Station Road and then through the new 6M wide railway vehicular palisade access gates. Secured wiyth 859 Railway Padlock, leading directly on to the RRAP. The areais lit via a solar powered LED street light with PIR detection.       Acces to the Up Baildon Down single line via a new 12.6M wide single track tapstrail RRAP. The closest TOWS Box is located on the Dockfield Junction side of the RRAP in close proximity to the LED street light.    What3Words : arts,dates,fetch","SE 17871 40541"
"20774899","GUE2","1.0065","QF","","1.0065","3400","","MAV","","417871.0","440535.0","Esholt Old Station","HFJ6","","","","","","","","","Vehicle","","20774899","2013-03-14","","NRAIL","","","","","Rev Single","","SE 17871 40535"
"20180801","GUE2","2.0857","QF","","2.0857","3400","","MAV","","416164.0","439221.0","Baildon","HFJ6","","","","","","","","","NV","","20180801","2013-03-27","","NRAIL","","","","","Rev Single","Access Point. Station. Left at Chloride Shires Guiseley, carry on until main crossroads, turn left and down hill. 1 mile. Garage on right at bottom of hill. 3rd right after garage. Roundwood Road., up and over railway bridge - follow road - access to st","SE 16164 39221"
"20771711","HAC","11.1584","QF","","11.1584","0","","MAP","","458294.0","392731.0","TICKHILL VIADUCT A631","HFJ4","","","","","","","","","","","20771711","2013-03-25","","NRAIL","","","","","All/Multiple Tracks","GN6017 NEW ASSETS CREATED FROM ELLIPSE 18/4/07 STC. DN11 9PF.",""
"20771712","HAC","12.0374","QF","","12.0374","0","","MAP","","458453.0","392271.0","CROOKED LANE HEAD BR3","HFJ4","","","","","","","","","","","20771712","2013-03-25","","NRAIL","","","","","All/Multiple Tracks","GN6017 NEW ASSETS CREATED FROM ELLIPSE 18/4/07 STC. DN11 9NL.",""
"20771713","HAC","12.1496","QF","","12.1496","0","","MAP","","458872.0","391337.0","WORKSOP ROAD BR4","HFJ4","","","","","","","","","","","20771713","2013-03-25","","NRAIL","","","","","All/Multiple Tracks","GN6017 NEW ASSETS CREATED FROM ELLIPSE 18/4/07 STC. DN11 9RQ.",""
"20179073","HAC","13.11","QF","","13.11","9999","","MAP","","460050.0","391169.0","HUTTONS","HFJ4","","","","","","","","","","","20179073","2013-03-25","","NV","","","","","Unknown","Access Point. Level Crossing. RT Document: ALARMS. No parking on occupation road. DN11 8NQ.",""
"20771715","HAC","14.1166","QF","","14.1166","0","","MAP","","461704.0","391128.0","BLYTH ROAD BR7","HFJ4","","","","","","","","","","","20771715","2013-03-25","","NRAIL","","","","","All/Multiple Tracks","GN6017 NEW ASSETS CREATED FROM ELLIPSE 18/4/07 STC. DN11 8RU",""
"20771686","HAC","11.099","QF","","11.099","0","","MAV","","458306.0","393274.0","FIRBECK JCN","HFJ4","","","","","","","","","","","20771686","2013-03-25","","NRAIL","","","","","All/Multiple Tracks","GN6017 NEW ASSETS CREATED FROM ELLIPSE 17/4/07 STC. DN11 9PE.",""
"20179598","HAC","14.0","QF","","14.0","3100","","MAV","","460663.0","391215.0","RAMSONS","HFJ4","","","","","","","","","","","20179598","2013-03-25","","NV","","","","","Rev Main/Fast","Access Point. Level Crossing. RT Document: ALARMS. No parking on occupation road. DN11 8LW.",""
"20179583","HAU","0.1672","QF","","0.1672","0","","MAP","","513029.0","414105.0","RYEHILL PLANTATION FP","HFJ4","","","","","","","","","","","20179583","2013-02-07","","NRAIL","","","","","All/Multiple Tracks","MIMS-SX//SC/MM - Access Point. Level Crossing. RT Document: ALARMS. Access on foot only. No vehicular access or parking.",""
"20180803","HAY1","2.1635","QF","","2.1635","2100","","MAP","","455907.0","453391.0","Poppleton YO26 6QA","HFJ7","","","","","","","","","ME00755Nw","","20180803","2022-09-14","","NRAIL","","","","","Down Main/Fast","Off A59 at Garden Centre to Poppleton on Station Road, continue to Station, turn Left at approach to LC and S/Box. SE559536. Access at both sides - Amend in Ellipse",""
"20787770","HAY1","2.1635","QF","","2.1635","1100","","MAP","","455907.0","453391.0","Poppleton YO26 6QA","HFJ7","","","","","","","","","ME00755Nw","","20787770","2022-09-14","","NRAIL","","","","","Up Main/Fast","Off A59 at Garden Centre to Poppleton on Station Road, continue to Station, turn Left at approach to LC and S/Box. SE559536. Access at both sides - Amend in Ellipse",""
"20179195","HAY1","4.0616","QF","","4.0616","3100","","MAP","","453662.0","453491.0","Cat Lane UWC Poppleton YO26 8JU","HFJ7","","","","","","","","","","","20179195","2015-02-04","","NRAIL","","","","","Rev Main/Fast","Off A59 onto Cat Lane travelling in Harrogate direction, it is the turn off after the sign for Poppleton Lakes between two Road Laybys on A59. Go through the 3rd party. SE536534.",""
"20790409","HAY1","4.1386","QF","","4.1386","2100","","MAP","","453009.0","453754.0","Shirbutt Lane YO26 8JX","HFJ7","","","","","","","","","","","20790409","2024-04-23","","NRAIL","","","","","Down Main/Fast","What3Words :shocked.richest.purse","SE 53009 53754"
"20179321","HAY1","4.1397","QF","","4.1397","3100","","MAP","","452987.0","453766.0","Shirbutt Lane FPG LC YO26 8JX","HFJ7","","","","","","","","","","","20179321","2015-02-04","","NRAIL","","","","","Rev Main/Fast","Off A59 onto New Road signposted Tockwith Driving School. SE529537.",""
"20178914","HAY1","5.024","QF","","5.024","3100","","MAP","","452495.0","453969.0","Hessay MGH L/C and Gatebox YO26 8JU","HFJ7","","","","","","","","","","","20178914","2015-02-04","","NRAIL","","","","","Rev Main/Fast","Off A59 onto New Road signposted Hessay and Hessay Industrial Estste. SE524539.",""
"20179196","HAY1","5.0583","QF","","5.0583","3100","","MAP","","451973.0","454183.0","Hessay Industrial Estate YO26 8HZ","HFJ7","","","","","","","","","","","20179196","2015-02-04","","NRAIL","","","","","Rev Main/Fast","Off A59 onto New Road over LC and 2nd right. Follow road through through Industrial Estate & past recycling centre. Double gates 859 Lock. SE519541.",""
"20638246","HAY1","6.0124","QF","","6.0124","3100","","MAP","","451106.0","454551.0","Marston Moor MGH LC YO26 8JL","HFJ7","","","","","","","","","","","20638246","2015-02-04","","NRAIL","","","","","Rev Main/Fast","Off A59 signposted Long Marston, Tockwith and onto Marston Lane. Continue to LC. SE511545.",""
"20180142","HAY1","6.0165","QF","","6.0165","3100","","MAP","","451071.0","454566.0","Marston Moor MGH LC YO26 8JL","HFJ7","","","","","","","","","","","20180142","2015-02-04","","NRAIL","","","","","Rev Main/Fast","Through Adjacent Property. SE510545.",""
"20179727","HAY1","7.0968","QF","","7.0968","3100","","MAP","","448911.0","455575.0","Wilstrop YO26 8EZ","HFJ7","","","","","","","","","","","20179727","2015-02-04","","NRAIL","","","","","Rev Main/Fast","Off A59 to Wilstrop at Skip Bridge Farm and Old Grannery. SE489554.",""
"20615374","HAY1","8.1322","QF","","8.1322","1100","","MAP","","447031.0","455825.0","Hammerton Station & LC YO26 8DN","HFJ7","","","","","","","","","","","20615374","2015-02-04","","NRAIL","","","","","Up Main/Fast","Off A59 at Kirk Hammerton signposted Village Center & Ancient Church, onto Station Road, continue to LC. SE470558.",""
"20179728","HAY1","8.1386","QF","","8.1386","1100","","MAP","","447165.0","455828.0","Hammerton Station YO26 8DN","HFJ7","","","","","","","","","ME00755Nw","","20179728","2022-09-14","","NRAIL","","","","","Up Main/Fast","Off A59 at Kirk Hammerton signposted Village Center & Ancient Church, onto Station Road, continue to LC. SE470558.  Mileage should be 008.1386 - Amend in Ellipse",""
"20179729","HAY1","9.0374","QF","","9.0374","1100","","MAP","","446288.0","455793.0","Hammerton Road MGH LC YO26 8BT","HFJ7","","","","","","","","","ME00755Nw","","20179729","2022-09-14","","NRAIL","","","","","Up Main/Fast","Off A59 at Hammerton Lane, Green Hammerton, parking LHS of road on slight incline to LC. SE462557.   Amend to pedestrian access - UWC - Amend in Ellipse",""
"20615342","HAY1","10.0432","QF","","10.0432","1100","","MAP","","444633.0","455921.0","Cattal Station YO26 8DT","HFJ7","","","","","","","","","","","20615342","2015-02-04","","NRAIL","","","","","Up Main/Fast","Turn off A59 signposted Kirk Hammerton, Cattal Station, onto Station Road and continue to Station. SE446559",""
"20180805","HAY1","10.0438","QF","","10.0438","1100","","MAP","","444627.0","455921.0","Cattal YO26 8DT","HFJ7","","","","","","","","","ME00755Nw","","20180805","2022-09-14","","NRAIL","","","","","Up Main/Fast","Turn off A59 signposted Kirk Hammerton, Cattal Station, onto Station Road and continue to Station. Parking between Station and Public House. SE446559.    Amend to pedestrian access - UWC - Amend in Ellipse",""
"20638261","HAY1","10.165","QF","","10.165","3100","","MAP","","443523.0","456016.0","Skate Moor FPG YO26 8ED","HFJ7","","","","","","","","","","","20638261","2015-02-04","","NRAIL","","","","","Rev Main/Fast","Off A59 on to Skate Moor Lane. Opposite direction To Sign for Whixley, route is signposted Public Bridleway 120yds off Whixley MGH LC. SE435560.",""
"20179646","HAY1","11.0176","QF","","11.0176","3100","","MAP","","443264.0","456038.0","Whixley MGH LC YO26 8ED","HFJ7","","","","","","","","","ME00755Nw","","20179646","2022-09-14","","NRAIL","","","","","Rev Main/Fast","Off A59 on to Skate Moor Lane. Opposite direction To Sign for Whixley. Parking for 3/4 Vehicles at LC approach. SE432560.    Amend to pedestrian access - UWC - Amend in Ellipse",""
"20179201","HAY1","11.154","QF","","11.154","3100","","MAP","","442020.0","456145.0","Hopperton Grange UWC LC HG5 8PB","HFJ7","","","","","","","","","","","20179201","2015-02-04","","NRAIL","","","","","Rev Main/Fast","Off A59 onto Hopperton Street signposted Hopperton, Mason Arms. SE420561.",""
"20179202","HAY1","12.0352","QF","","12.0352","3100","","MAP","","441502.0","456190.0","Hopperton Old Station HG5 8PD","HFJ7","","","","","","","","","","","20179202","2015-02-04","","NRAIL","","","","","Rev Main/Fast","Off A59, head south on A168 parallel with A1, turn right under Motorway at New inn Farm Sign. SE415561.",""
"20179454","HAY1","12.1496","QF","","12.1496","3100","","MAP","","440469.0","456388.0","Flaxby Grange, Goldsborough HG5 8PD","HFJ7","","","","","","","","","","","20179454","2015-02-04","","NRAIL","","","","","Rev Main/Fast","Off A59 head south on A168 parallel with A1, turn right under Motorway at New Inn farm sign then right at the farm, follow farm track to LC. SE404563.",""
"20638266","HAY1","13.0538","QF","","13.0538","3100","","MAP","","439913.0","456840.0","Hunting FPW, Goldsborough HG5 0RD","HFJ7","","","","","","","","","","","20638266","2018-06-27","","NRAIL","","","","","Rev Main/Fast","Off A59 330y Knaresborough side of A1 Roundabout J47. Follow footpath through Spring Wood. SE399568.",""
"20782408","HAY1","13.132","QF","","13.132","3100","","MAP","","439245.0","457251.0","Stone Yard Br13A HG5 0RP","HFJ7","","","","","","","","","","","20782408","2018-06-27","","NRAIL","","","","","Rev Main/Fast","Off A59 York Road.",""
"20179203","HAY1","15.0506","QF","","15.0506","3100","","MAP","","436861.0","457458.0","Green Lane UWC, Hay-a-Park HG5 0ST","HFJ7","","","","","","","","","","","20179203","2015-02-04","","NRAIL","","","","","Rev Main/Fast","Off A59 near Caravan site onto Hay-a-Park Lane. SE368574.",""
"20778862","HAY1","16.0484","QF","","16.0484","3100","","MAP","","435178.0","457414.0","Knaresborough Bus Depot HG5 0JN","HFJ7","","","","","","","","","ME00755Nw","","20778862","2024-05-28","","NRAIL","","","","","Rev Main/Fast","Authorised access point at bus depot.","SE 35178 57414"
"20638276","HAY1","16.1059","QF","","16.1059","2100","","MAP","","434858.0","457169.0","Knaresborough Station HG5 8BX","HFJ7","","","","","","","","","","","20638276","2015-02-04","","NRAIL","","","","","Down Main/Fast","Off A59 Knaresborough High Street onto Station Road . No Vehicular Access or Parking. SE348571.",""
"20638277","HAY1","16.1153","QF","","16.1153","2100","","MAP","","434792.0","457113.0","Knaresborough Signal Box HG5 9AB","HFJ7","","","","","","","","","","","20638277","2015-02-04","","NRAIL","","","","","Down Main/Fast","Off A59 turn onto Church Lane near to junction with B165. SE347571.",""
"20179205","HAY1","17.0704","QF","","17.0704","1100","","MAP","","434019.0","456199.0","Harrogate Golf Course, Cass Lane FPW HG2 7EL","HFJ7","","","","","","","","","ME00755Nw","","20179205","2022-09-14","","NRAIL","","","","","Up Main/Fast","Turn off A59 onto Forest Lane, follow signs for footpath approx 250 yds on left past A59. SE340561.   Access both sides - Amend in Ellipse",""
"20787772","HAY1","17.0704","QF","","17.0704","2100","","MAP","","434019.0","456199.0","Harrogate Golf Course, Cass Lane FPW HG2 7EL","HFJ7","","","","","","","","","ME00755Nw","","20787772","2022-09-14","","NRAIL","","","","","Down Main/Fast","Turn off A59 onto Forest Lane, follow signs for footpath approx 250 yds on left past A59. SE340561.   Access both sides - Amend in Ellipse",""
"20180085","HAY1","17.1496","QF","","17.1496","1100","","MAP","","433487.0","455704.0","Belmont, Forest Lane MCB LC HG2 7EF","HFJ7","","","","","","","","","","","20180085","2015-02-04","","NRAIL","","","","","Up Main/Fast","Off A59 at the top of the hill on Starbeck High Street onto Forest Lane. SE334 557.",""
"20180808","HAY1","18.0503","QF","","18.0503","1100","","MAP","","432883.0","455924.0","Starbeck Signal Box & MCB LC HG2 7JD","HFJ7","","","","","","","","","","","20180808","2015-02-04","","NRAIL","","","","","Up Main/Fast","Signal Box / LC and Station. On A59 York Road out of Harrogate, drive for 1 1/2 miles to Starbeck. SE328559.",""
"20615235","HAY1","18.0538","QF","","18.0538","2100","","MAP","","432869.0","455950.0","Starbeck Station HG2 7JD","HFJ7","","","","","","","","","","","20615235","2015-02-04","","NRAIL","","","","","Down Main/Fast","Signal Box / LC and Station. On A59 York Road out of Harrogate, drive for 1 1/2 miles to Starbeck. SE328559.",""
"20179726","HAY1","6.011","QF","","6.011","3100","","MAV","","451119.0","454546.0","Marston Moor MGH LC YO26 8JL","HFJ7","","","","","","","","","","","20179726","2015-02-05","","NRAIL","","","","","Rev Main/Fast","Off A59 signposted Long Marston, Tockwith and onto Marston Lane. Turn right over LC through single Access gate 859 Lock. SE511545.",""
"20638395","HAY1","6.0279","QF","","6.0279","3100","","MAV","","450978.0","454605.0","Marston Moor YO26 8JL","HFJ7","","","","","","","","","","","20638395","2015-02-04","","NRAIL","","","","","Rev Main/Fast","Off A59 signposted Long Marston, Tockwith and onto Marston Lane. Turn right before LC through 3rd party properties. Arrangements to be made with Property owners of Station House and Union Tavern . SE509546.",""
"20179992","HAY1","14.1034","QF","","14.1034","3100","","MAV","","437993.0","457375.0","Oakwood Fm/Websters UWC, Hay-a-Park HG5 0SU","HFJ7","","","","","","","","","","","20179992","2015-02-04","","NRAIL","","","","","Rev Main/Fast","Off A59 nr Lay-by signposted Oakwood Farm. Parking farm side of LC. SE379573.",""
"20180806","HAY1","16.1166","QF","","16.1166","1100","","MAV","","434786.0","457103.0","Knaresborough Station & LC HG5 9AB","HFJ7","","","","","","","","","","","20180806","2015-02-04","","NRAIL","","","","","Up Main/Fast","Off A59 at Knaresborough High Street onto Station Road, limited parking/turning area & only suitable for cars or small vans. Track ID = Up & Dn Main/Fast. Position = RS & LS. SE347571.",""
"20180143","HAY1","16.132","QF","","16.132","1100","","MAV","","434680.0","457009.0","Dropping Well UWC LC, Knaresborough HG5 9AD","HFJ7","","","","","","","","","ME00755Nw","","20180143","2022-09-14","","NRAIL","","","","","Up Main/Fast","Off A59 up steep rise to caravan park next to Mother Shiptons Well. Keep left through barrier, Access code required from Caravan site     SE346570.  Access both sides - Vehicle access - Amend in EllipseReception.",""
"20787771","HAY1","16.132","QF","","16.132","2100","","MAV","","434680.0","457009.0","Dropping Well UWC LC, Knaresborough HG5 9AD","HFJ7","","","","","","","","","ME00755Nw","","20787771","2022-09-14","","NRAIL","","","","","Down Main/Fast","Off A59 up steep rise to caravan park next to Mother Shiptons Well. Keep left through barrier, Access code required from Caravan site     SE346570.  Access both sides - Vehicle access - Amend in EllipseReception.",""
"20179739","HAY1","18.0905","QF","","18.0905","2100","","MAV","","432666.0","456219.0","Starbeck Station View HG2 7DZ","HFJ7","","","","","","","","","","","20179739","2015-02-04","","NRAIL","","","","","Down Main/Fast","Turn onto Station View opposite the Signal Box, continue to the end of the road past last houses and turn right. SE 326562.",""
"20775660","HAY2","19.1079","QF","","19.1079","1100","","MAP","","431096.0","456439.0","Woodside Close, Harrogate HG1 4DE","HFJ7","","","","","","","","","","","20775660","2015-02-04","","NRAIL","","","","","Up Main/Fast","Pedestrian Access Point with Parking.",""
"20180810","HAY2","20.0176","QF","","20.0176","2100","","MAP","","430547.0","455891.0","Asda Superstore Car Park, Harrogate HG1 5EZ","HFJ7","","","","","","","","","","","20180810","2015-02-04","","NRAIL","","","","","Down Main/Fast","Off A59 Skipton Road at the railway bridge onto Dragon Road. Double gates to HGV entrance & Bus Park Access gate is at RHS. SE305558.",""
"20180087","HAY2","20.066","QF","","20.066","2100","","MAP","","430411.0","455475.0","Harrogate Signal Box HG1 5BQ","HFJ7","","","","","","","","","","","20180087","2015-02-04","","NRAIL","","","","","Down Main/Fast","Turn off A59 Skipton Road onto Dragon Parade & East Parade. Turn right onto Bower Street, SB access is 150Y on left. SE304554.",""
"20180736","HAY2","20.0673","QF","","20.0673","3600","","MAV","","430412.0","455465.0","Old P/Way Cabin Harrogate & Access to SB HG1 5BQ","HFJ7","","","","","","","","","","","20180736","2015-02-04","","NRAIL","","","","","Rev Terminal/Bay","Off Station Parade A61 Harrogate City Centre on the 5 way junction at the Bus Station. Access is up the slope through the single access gate & then through the double gates with 859 lock. Also SB Access across the Foot Crossing. SE304554.",""
"20609744","HBS","1.0122","QF","","1.0122","2100","","MAP","","507525.0","429287.0","KC Stadium Car Park HU3 1LE","HFJ7","","","","","","","","","ME00755Nw","","20609744","2022-09-14","","NRAIL","","","","","Down Main/Fast","Off Walton St follow road on RHS of KC car park, turn behind KC Stadium 150yds. Single Gate 859 Lock. TA075292        Pedestrian Access Only - Amend in Ellipse",""
"20625137","HBS","1.0569","QF","","1.0569","1100","","MAP","","507218.0","429490.0","Walton Street LC, Hull HU3 6LB","HFJ7","","","","","","","","","ME00755Nw","","20625137","2022-09-14","","NRAIL","","","","","Up Main/Fast","On Spring Bank West at Junction with Walton St. TA072294.     Access via Both Roads - Amend in Ellipse",""
"20787752","HBS","1.0569","QF","","1.0569","2100","","MAP","","507218.0","429490.0","Walton Street LC, Hull HU3 6LB","HFJ7","","","","","","","","","ME00755Nw","","20787752","2022-09-14","","NRAIL","","","","","Down Main/Fast","On Spring Bank West at Junction with Walton St. TA072294.     Access via Both Roads - Amend in Ellipse",""
"20789071","HBS","1.1122","QF","","1.1122","1100","","MAP","","506736.0","429643.0","Radiator Bridge, HU5 5AY","HFJ7","","","","","","","","","","","20789071","2023-03-09","","NRAIL","","","","","Up Main/Fast","Track access gate at HBS-3a radiator footbridge. [soaks.grow.salsa]","TA 06736 29643"
"20179206","HBS","3.0808","QF","","3.0808","1100","","MAP","","505347.0","432085.0","Snuff Mill Lane FPW, Cottingham HU16 4RY","HFJ7","","","","","","","","","","","20179206","2015-02-04","","NRAIL","","","","","Up Main/Fast","Turn onto Snuff Mill lane at Junction with Hull Road Cottingham B1233 and Bricknell Ave. TA053320.",""
"20180737","HBS","3.1682","QF","","3.1682","2100","","MAP","","505115.0","432847.0","Cottingham Station HU16 4WW","HFJ7","","","","","","","","","ME00755Nw","","20180737","2022-09-14","","NRAIL","","","","","Down Main/Fast","Turn off A164 onto B1233 Cottingham Rd. After 3rd roundabout turn left onto Beck Road & Station Road. Parking available at the station on Down Side. TA051328.    Pedestrian Access Only - Amend in Ellipse",""
"20638233","HBS","3.1692","QF","","3.1692","2100","","MAP","","505114.0","432852.0","Cottingham Station HU16 4WW","HFJ7","","","","","","","","","","","20638233","2015-02-04","","NRAIL","","","","","Down Main/Fast","Turn off A164 onto B1233 Cottingham Road. After second Roundabout turn left onto Beck Road & Station Road, parking available at Station on Down Side. TA051328.",""
"20179207","HBS","4.007","QF","","4.007","2100","","MAP","","505095.0","432979.0","Cottingham Foot FPW HU16 4LU","HFJ7","","","","","","","","","","","20179207","2015-02-04","","NRAIL","","","","","Down Main/Fast","Turn off A164 on to B1233 Cottingham Road. After Third Roundabout turn left onto Beck Road and Station Road, Parking available at Station on Down Side. TA050329.",""
"20638235","HBS","4.0376","QF","","4.0376","2100","","MAP","","505061.0","433256.0","Cottingham North CCTV LC HU16 4HH","HFJ7","","","","","","","","","","","20638235","2015-02-04","","NRAIL","","","","","Down Main/Fast","Turn Off A164 onto B1233 Cottingham Road, continue straight on at First Roundabout onto Northgate. Continue to LC. TA050332.",""
"20180090","HBS","5.0638","QF","","5.0638","1100","","MAP","","504845.0","435091.0","Wanless UWC Cottingham HU16 5SB","HFJ7","","","","","","","","","","","20180090","2015-02-04","","NRAIL","","","","","Up Main/Fast","Off Dunswell Road, at the childrens Nursery turn down the narrow tarmac Lane to Lawns Farm. Continue to LC. TA048350.",""
"20179231","HBS","7.0022","QF","","7.0022","2100","","MAP","","504332.0","437684.0","Ashworths/Park Grange Fm UWC, Long Lane HU17 0RW","HFJ7","","","","","","","","","ME00755Nw","","20179231","2022-09-14","","NRAIL","","","","","Down Main/Fast","Turn off B1230 or A1174 onto Long Lane, turn off for Grange Farm . TA043376. Access via Both Roads - Amend in Ellipse",""
"20787754","HBS","7.0022","QF","","7.0022","1100","","MAP","","504332.0","437684.0","Ashworths/Park Grange Fm UWC, Long Lane HU17 0RW","HFJ7","","","","","","","","","ME00755Nw","","20787754","2022-09-14","","NRAIL","","","","","Up Main/Fast","Turn off B1230 or A1174 onto Long Lane, turn off for Grange Farm . TA043376. Access via Both Roads - Amend in Ellipse",""
"20179482","HBS","7.0697","QF","","7.0697","2100","","MAP","","504121.0","438262.0","Footpath 13R, Long Lane, Beverley HU17 0SY","HFJ7","","","","","","","","","ME00755Nw","","20179482","2022-09-14","","NRAIL","","","","","Down Main/Fast","Turn off B1230 or A1174 onto Long Lane. Follow footpath signposted at Black House Farm. TA041382.  Access Down Side - Amend in Ellipse",""
"20179433","HBS","7.1247","QF","","7.1247","1100","","MAP","","503994.0","438749.0","England Springs UWB LC, Beverley HU17 0RL","HFJ7","","","","","","","","","","","20179433","2015-02-04","","NRAIL","","","","","Up Main/Fast","Turn off B1230 or A1174 onto Long Lane. Turn onto the bridge over the beck at England Springs House. On the sharp narrow bend approx 300m from Beverley Minster. TA039387.",""
"20179744","HBS","8.0024","QF","","8.0024","1100","","MAP","","503914.0","439233.0","Flemingate MCB, Beverley HU17 0NP","HFJ7","","","","","","","","","ME00755Nw","","20179744","2022-09-14","","NRAIL","","","","","Up Main/Fast","In Beverley Town centre on B1230 between A164 and A1174, 150 yds from Beverley Minster. TA039392.  Access via Both Roads - Amend in Ellipse",""
"20787755","HBS","8.0024","QF","","8.0024","2100","","MAP","","503914.0","439233.0","Flemingate MCB, Beverley HU17 0NP","HFJ7","","","","","","","","","ME00755Nw","","20787755","2022-09-14","","NRAIL","","","","","Down Main/Fast","In Beverley Town centre on B1230 between A164 and A1174, 150 yds from Beverley Minster. TA039392.  Access via Both Roads - Amend in Ellipse",""
"20180738","HBS","8.035","QF","","8.035","2100","","MAP","","503874.0","439528.0","Beverley Stn MCB, Sig Box & Station HU17 0HN","HFJ7","","","","","","","","","ME00755Nw","","20180738","2022-09-15","","NRAIL","","","","","Down Main/Fast","Beverley Town Centre on B1230 between A164 & A1174, follow Signs for Beverley Station. Access gate to signal Box is on RHS of Station Car Park. TA038395.  Mileage difference <Showing as 8m 359yds in Ellipse - Confirmed as 350yds> - Amend in Ellipse",""
"20179746","HBS","8.0805","QF","","8.0805","1100","","MAP","","503830.0","439942.0","Cherry Tree Lane, Beverley HU17 0AX","HFJ7","","","","","","","","","","","20179746","2015-02-04","","NRAIL","","","","","Up Main/Fast","In Beverley Town Centre on A1033 turn onto Mill Lane to Cherry Tree LC, turn right onto Cherry Tree Lane.  Single Gate 859 lock. TA038399.",""
"20180091","HBS","8.0838","QF","","8.0838","2100","","MAP","","503827.0","439971.0","Cherry Tree CCTV LC, Beverley HU17 0AX","HFJ7","","","","","","","","","ME00755Nw","","20180091","2022-09-15","","NRAIL","","","","","Down Main/Fast","In Beverley Town Centre On A1033 turn onto Mill Lane to Cherry Tree LC. TA038399. Access via Both Roads - Amend in Ellipse",""
"20787788","HBS","8.0838","QF","","8.0838","1100","","MAP","","503827.0","439971.0","Cherry Tree CCTV LC, Beverley HU17 0AX","HFJ7","","","","","","","","","ME00755Nw","","20787788","2022-09-15","","NRAIL","","","","","Up Main/Fast","In Beverley Town Centre On A1033 turn onto Mill Lane to Cherry Tree LC. TA038399. Access via Both Roads - Amend in Ellipse",""
"20179766","HBS","8.1364","QF","","8.1364","1100","","MAP","","503777.0","440450.0","Beverley North CCTV LC, Norwood HU17 9JQ","HFJ7","","","","","","","","","ME00755Nw","","20179766","2022-09-15","","NRAIL","","","","","Up Main/Fast","Off A164 at Beverly onto A1035 Hull Bridge Road. TA037404.   Access via Both Roads - Amend in Ellipse",""
"20787789","HBS","8.1364","QF","","8.1364","2100","","MAP","","503777.0","440450.0","Beverley North CCTV LC, Norwood HU17 9JQ","HFJ7","","","","","","","","","ME00755Nw","","20787789","2022-09-15","","NRAIL","","","","","Down Main/Fast","Off A164 at Beverly onto A1035 Hull Bridge Road. TA037404.   Access via Both Roads - Amend in Ellipse",""
"20179573","HBS","11.0094","QF","","11.0094","2100","","MAP","","503633.0","444070.0","Footpath No 20 Arram HU17 7NR","HFJ7","","","","","","","","","ME00755Nw","","20179573","2022-09-15","","NRAIL","","","","","Down Main/Fast","At Leconfield on A164 turn onto Arram Rd, continue over LC to Croft Hill Farm & take footpath to Beverley. No Vehicular Access or Parking. TA036440.   Access Down Side - also known as Minster Way - Amend in Ellipse",""
"20638263","HBS","11.0353","QF","","11.0353","1100","","MAP","","503517.0","444281.0","Arram AHB LC & Station HU17 7NS","HFJ7","","","","","","","","","ME00755Nw","","20638263","2022-09-15","","NRAIL","","","","","Up Main/Fast","At Leconfield on A164 turn onto Arram Rd, continue to Station and LC. TA035442.   Access via Both Roads - Amend in Ellipse",""
"20787790","HBS","11.0353","QF","","11.0353","2100","","MAP","","503517.0","444281.0","Arram AHB LC & Station HU17 7NS","HFJ7","","","","","","","","","ME00755Nw","","20787790","2022-09-15","","NRAIL","","","","","Down Main/Fast","At Leconfield on A164 turn onto Arram Rd, continue to Station and LC. TA035442.   Access via Both Roads - Amend in Ellipse",""
"20179993","HBS","12.0528","QF","","12.0528","2100","","MAP","","502979.0","445952.0","Scorborough Decoy Farm AHB LC YO25 9BB","HFJ7","","","","","","","","","ME00755Nw","","20179993","2022-09-15","","NRAIL","","","","","Down Main/Fast","Off A164 onto Scorborough Lane on LHS of church. TA029459.   Access via Both Roads - Amend in Ellipse",""
"20787791","HBS","12.0528","QF","","12.0528","1100","","MAP","","502979.0","445952.0","Scorborough Decoy Farm AHB LC YO25 9BB","HFJ7","","","","","","","","","ME00755Nw","","20787791","2022-09-15","","NRAIL","","","","","Up Main/Fast","Off A164 onto Scorborough Lane on LHS of church. TA029459.   Access via Both Roads - Amend in Ellipse",""
"20179986","HBS","12.1627","QF","","12.1627","2100","","MAP","","502644.0","446895.0","Lockington AHB LC, Station Road YO25 9BD","HFJ7","","","","","","","","","ME00755Nw","","20179986","2022-09-15","","NRAIL","","","","","Down Main/Fast","Off A164 East on Station Road. -Not To Lockington-. TA026468.  Access via Both Roads - Amend in Ellipse",""
"20787792","HBS","12.1627","QF","","12.1627","1100","","MAP","","502644.0","446895.0","Lockington AHB LC, Station Road YO25 9BD","HFJ7","","","","","","","","","ME00755Nw","","20787792","2022-09-15","","NRAIL","","","","","Up Main/Fast","Off A164 East on Station Road. -Not To Lockington-. TA026468.  Access via Both Roads - Amend in Ellipse",""
"20638267","HBS","13.116","QF","","13.116","2100","","MAP","","502573.0","448072.0","Beswick AHB LC YO25 9BD","HFJ7","","","","","","","","","ME00755Nw","","20638267","2022-09-15","","NRAIL","","","","","Down Main/Fast","Travelling N towards Driffield on A164 turn right -East- at Beswick, continue to Crossing. TA025480.   Access via Both Roads - Amend in Ellipse",""
"20787793","HBS","13.116","QF","","13.116","1100","","MAP","","502573.0","448072.0","Beswick AHB LC YO25 9BD","HFJ7","","","","","","","","","ME00755Nw","","20787793","2022-09-15","","NRAIL","","","","","Up Main/Fast","Travelling N towards Driffield on A164 turn right -East- at Beswick, continue to Crossing. TA025480.   Access via Both Roads - Amend in Ellipse",""
"20638268","HBS","14.0025","QF","","14.0025","1100","","MAP","","502614.0","448640.0","Kilnwick AHB LC YO25 9JA","HFJ7","","","","","","","","","ME00755Nw","","20638268","2022-09-15","","NRAIL","","","","","Up Main/Fast","Travelling N towards Driffield on A164, turn right -East- at signpost for Kilnwick, continue to Crossing. TA026486.  Access via Both Roads - Amend in Ellipse",""
"20787795","HBS","14.0025","QF","","14.0025","2100","","MAP","","502614.0","448640.0","Kilnwick AHB LC YO25 9JA","HFJ7","","","","","","","","","ME00755Nw","","20787795","2022-09-15","","NRAIL","","","","","Down Main/Fast","Travelling N towards Driffield on A164, turn right -East- at signpost for Kilnwick, continue to Crossing. TA026486.  Access via Both Roads - Amend in Ellipse",""
"20179981","HBS","14.0968","QF","","14.0968","2100","","MAP","","502672.0","449501.0","Watton AHB LC, Church Lane YO25 9AQ","HFJ7","","","","","","","","","ME00755Nw","","20179981","2022-09-15","","NRAIL","","","","","Down Main/Fast","Off A164 At Watton onto Church Lane, continue To LC.   Access via Both Roads - Amend in Ellipse",""
"20787796","HBS","14.0968","QF","","14.0968","1100","","MAP","","502672.0","449501.0","Watton AHB LC, Church Lane YO25 9AQ","HFJ7","","","","","","","","","ME00755Nw","","20787796","2022-09-15","","NRAIL","","","","","Up Main/Fast","Off A164 At Watton onto Church Lane, continue To LC.   Access via Both Roads - Amend in Ellipse",""
"20179428","HBS","15.0921","QF","","15.0921","1100","","MAP","","502784.0","451064.0","Scurf Dyke FPS YO25 9RL","HFJ7","","","","","","","","","","","20179428","2015-02-04","","NRAIL","","","","","Up Main/Fast","Travelling north towards Driffield on A164, turn right -East- at footpath sign just before Hutton Cranswick. No vehicular access or parking. TA027510.",""
"20179209","HBS","15.1523","QF","","15.1523","2100","","MAP","","502822.0","451612.0","Duncrots Lane FPS YO25 9R","HFJ7","","","","","","","","","","","20179209","2015-02-04","","NRAIL","","","","","Down Main/Fast","Off Main St in Cranswick turn onto Southgate & follow footpath at end of the road. No vehicular access or parking. TA028516.",""
"20638275","HBS","16.0423","QF","","16.0423","2100","","MAP","","502865.0","452214.0","Hutton Cranswick Station, Main St YO25 9QA","HFJ7","","","","","","","","","ME00755Nw","","20638275","2022-09-15","","NRAIL","","","","","Down Main/Fast","Travelling N towards Driffield on A164, turn right -East- for Hutton Cranswick, continue to LC and Station on Main Street. TA028522.  Access via Down Side - Amend in Ellipse",""
"20638278","HBS","16.1601","QF","","16.1601","1100","","MAP","","502940.0","453288.0","Hutton AHB LC YO25 9QD","HFJ7","","","","","","","","","ME00755Nw","","20638278","2022-09-15","","NRAIL","","","","","Up Main/Fast","Travelling N towards Driffield on A164, turn right -East- for Hutton, follow Hutton Road Church St and Howl Lane to LC. TA029532.   Access via Both Roads - Amend in Ellipse",""
"20787798","HBS","16.1601","QF","","16.1601","2100","","MAP","","502940.0","453288.0","Hutton AHB LC YO25 9QD","HFJ7","","","","","","","","","ME00755Nw","","20787798","2022-09-15","","NRAIL","","","","","Down Main/Fast","Travelling N towards Driffield on A164, turn right -East- for Hutton, follow Hutton Road Church St and Howl Lane to LC. TA029532.   Access via Both Roads - Amend in Ellipse",""
"20179420","HBS","17.0268","QF","","17.0268","2100","","MAP","","502957.0","453676.0","Footpath No 5 FPS Hutton YO25 9PX","HFJ7","","","","","","","","","ME00755Nw","","20179420","2022-09-15","","NRAIL","","","","","Down Main/Fast","Off Howl Lane in Hutton, turn onto Orchard Lane follow footpath To crossing. No vehicular access or parking. TA029536.  Access via Down Side - Amend in Ellipse",""
"20179421","HBS","18.0792","QF","","18.0792","1100","","MAP","","502650.0","455741.0","Skerne Leys FPG, Driffield YO25 9AA","HFJ7","","","","","","","","","","","20179421","2015-02-04","","NRAIL","","","","","Up Main/Fast","Travelling N towards Driffield on A164, turn right -East- at Barr Farm and follow dirt track to Crossing. TA026557.",""
"20787368","HBS","19.0176","QF","","19.0176","1100","","MAP","","502509.0","456777.0","Almond Close, Driffield, YO25 6SJ","HFJ7","","","","","","","","","","","20787368","2022-06-14","","NRAIL","","","","","Up Main/Fast","There is a small gate on the Up side which provides access to the trackside.","TA 02509 56777"
"20179897","HBS","19.0595","QF","","19.0595","1100","","MAP","","502602.0","457144.0","Driffield, Skerne Rd MBW & Signal Box YO25 6SB","HFJ7","","","","","","","","","ME00755Nw","","20179897","2022-09-15","","NRAIL","","","","","Up Main/Fast","Off Beverley Rd At south side of Driffield adjacent to former A164. TA026571.   Access via Up Side   - Amend in Ellipse",""
"20179735","HBS","19.0764","QF","","19.0764","2100","","MAP","","502691.0","457271.0","Driffield Station YO25 6PX","HFJ7","","","","","","","","","","","20179735","2015-02-04","","NRAIL","","","","","Down Main/Fast","On Beverley Road between the A164 and B1249. TA026572.",""
"20179450","HBS","20.0","QF","","20.0","1100","","MAP","","503461.0","457715.0","Meadow Gates UWS LC, Meadow Rd YO25 5FP","HFJ7","","","","","","","","","","","20179450","2015-02-04","","NRAIL","","","","","Up Main/Fast","Off A164 onto Driffield on B1249 Scarborough Rd, continue over LC, Turn Left onto Meadow Rd. TA034577.",""
"20179484","HBS","20.055","QF","","20.055","2100","","MAP","","503943.0","457857.0","Farthing Lane UWC, Driffield YO25 5JX","HFJ7","","","","","","","","","","","20179484","2015-02-04","","NRAIL","","","","","Down Main/Fast","Off A164 onto Driffield on B1249 Scarborough Rd, continue over LC, turn left onto Meadow Rd over Meadow Gates UWS & continue to Farthing Lane. TA039578.",""
"20179902","HBS","21.0957","QF","","21.0957","2100","","MAP","","505839.0","458439.0","Nafferton AHB LC & Station YO25 4LU","HFJ7","","","","","","","","","","","20179902","2015-02-04","","NRAIL","","","","","Down Main/Fast","Turn off A164 for Nafferton, follow signs for Station along North St, Middle St, Priestgate and Station Road. TA058584.",""
"20179643","HBS","21.1124","QF","","21.1124","1100","","MAP","","505979.0","458503.0","Nether Lane FPS, Nafferton YO25 8NL","HFJ7","","","","","","","","","","","20179643","2015-02-04","","NRAIL","","","","","Up Main/Fast","Turn off A164 for Nafferton, follow signs for Station, along North St, Middle St, Priestgate and Station Road. Go over LC and turn left for 50yds onto New Bridge Road then follow sign for the Footpath. TA059585.",""
"20638291","HBS","21.1266","QF","","21.1266","1100","","MAP","","506094.0","458562.0","Nether Lane AHB, Nafferton YO25 8NL","HFJ7","","","","","","","","","","","20638291","2015-02-04","","NRAIL","","","","","Up Main/Fast","Go to Nafferton Station from the A164, over the crossing turn left onto New Bridge Road then first left onto Nethergate, continue 100yds to the crossing. TA030585.",""
"20179569","HBS","22.0198","QF","","22.0198","2100","","MAP","","506650.0","458857.0","Black Carr UWW LC, Black Carr Lane YO25 8HA","HFJ7","","","","","","","","","","","20179569","2015-02-04","","NRAIL","","","","","Down Main/Fast","Off Lowthorpe Lane Nafferton. TA066588.",""
"20179348","HBS","23.0748","QF","","23.0748","2100","","MAP","","508528.0","459832.0","Mingledale UWW, Outgates, Lowthorpe YO25 8HE","HFJ7","","","","","","","","","ME00755Nw","","20179348","2022-09-15","","NRAIL","","","","","Down Main/Fast","Off A164 onto Outgates, through Lowthorpe & continue on the same road to the LC. TA085598.   Access via Both Roads - Amend in Ellipse",""
"20787799","HBS","23.0748","QF","","23.0748","1100","","MAP","","508528.0","459832.0","Mingledale UWW, Outgates, Lowthorpe YO25 8HE","HFJ7","","","","","","","","","ME00755Nw","","20787799","2022-09-15","","NRAIL","","","","","Up Main/Fast","Off A164 onto Outgates, through Lowthorpe & continue on the same road to the LC. TA085598.   Access via Both Roads - Amend in Ellipse",""
"20179905","HBS","23.1408","QF","","23.1408","1100","","MAP","","509061.0","460117.0","Lowthorpe AHB, Mill Lane YO25 8HR","HFJ7","","","","","","","","","ME00755Nw","","20179905","2022-09-15","","NRAIL","","","","","Up Main/Fast","Off A164 onto Outgates, turn right onto Main Street then left to Lowthorpe, continue to LC. TA090601.    Access via Both Roads - Amend in Ellipse",""
"20787800","HBS","23.1408","QF","","23.1408","2100","","MAP","","509061.0","460117.0","Lowthorpe AHB, Mill Lane YO25 8HR","HFJ7","","","","","","","","","ME00755Nw","","20787800","2022-09-15","","NRAIL","","","","","Down Main/Fast","Off A164 onto Outgates, turn right onto Main Street then left to Lowthorpe, continue to LC. TA090601.    Access via Both Roads - Amend in Ellipse",""
"20179211","HBS","26.088","QF","","26.088","2100","","MAP","","511729.0","463523.0","Manor Farm UWC LC, Thornholme YO25 4NN","HFJ7","","","","","","","","","","","20179211","2015-02-04","","NRAIL","","","","","Down Main/Fast","Through Manor Farm at Thornholme On A164. TA117635.",""
"20179212","HBS","26.1342","QF","","26.1342","2100","","MAP","","512105.0","463717.0","Thornholme UWW LC, Moor Lane YO25 4NN","HFJ7","","","","","","","","","","","20179212","2015-02-04","","NRAIL","","","","","Down Main/Fast","Off A164 onto Moor lane Between Haisthorpe and Thornholme. TA121637.",""
"20179213","HBS","27.0568","QF","","27.0568","2100","","MAP","","512924.0","464088.0","Haisthorpe UWW, Lowfield Lane YO25 4NX","HFJ7","","","","","","","","","","","20179213","2015-02-04","","NRAIL","","","","","Down Main/Fast","Off A164 onto Low Field Lane at Haisthorpe. TA129640.",""
"20638321","HBS","28.1186","QF","","28.1186","1100","","MAP","","514931.0","464924.0","Carnaby AHB LC, Old Station YO16 4UZ","HFJ7","","","","","","","","","","","20638321","2015-02-04","","NRAIL","","","","","Up Main/Fast","Travelling N to Bridlington on the A164, turn right at Carnaby Roundabout onto Bridlington Bay Road. Continue to the LC & Old Station. TA149649.",""
"20179214","HBS","29.0814","QF","","29.0814","1100","","MAP","","516121.0","465372.0","Bessingby FPS YO15 3PA","HFJ7","","","","","","","","","","","20179214","2015-02-04","","NRAIL","","","","","Up Main/Fast","On A165 to Bridlington turn off left opposite Southcliffe caravan park. The path to the Crossing is at end of the lane. No Vehicular access or Parking. TA161653.",""
"20790389","HBS","30.0792","QF","","30.0792","2100","","MAP","","517264.0","466430.0","Boundary Road YO16 4SD","HFJ7","","","","","","","","","","","20790389","2024-05-30","","","","","","","Down Main/Fast","What3Words : torch.valued.premature","TA 17264 66430"
"20638324","HBS","30.1077","QF","","30.1077","2100","","MAP","","517424.0","466636.0","Bessingby Way YO16 4SG","HFJ7","","","","","","","","","","","20638324","2015-02-04","","NRAIL","","","","","Down Main/Fast","Off Bessingby Way behind Morrisons Supermarket. Take 2nd left then turn left at the end of the Rd onto Boundary Rd. Single access gate 859 Lock at end of Boundary Rd. TA174666.",""
"20625131","HBS","30.132","QF","","30.132","2100","","MAP","","517586.0","466784.0","Bridlington Signal Box YO16 4PG","HFJ7","","","","","","","","","","","20625131","2015-02-04","","NRAIL","","","","","Down Main/Fast","Over Station Road Bridge 19, turn first left onto Midway Ave, second left onto Rhodena Avenue then second left into the garage area behind the houses. Single gate 859 Lock. TA175667.",""
"20638326","HBS","30.1643","QF","","30.1643","1100","","MAP","","517867.0","466867.0","Bridlington Station YO15 3EP","HFJ7","","","","","","","","","","","20638326","2015-02-04","","NRAIL","","","","","Up Main/Fast","A165 onto Quay Road in the Town centre then turn into the Station at Bridlington Quay LC. TA178668.",""
"20609239","HBS","30.1691","QF","","30.1691","1100","","MAP","","517941.0","466903.0","Bridlington Station Car Park YO15 3EP","HFJ7","","","","","","","","","","","20609239","2015-02-04","","NRAIL","","","","","Up Main/Fast","A165 onto Quay Road in the Town centre then turn into the Station at Bridlington Quay LC. TA179669.",""
"20638329","HBS","31.0134","QF","","31.0134","3100","","MAP","","518052.0","466907.0","Bridlington Quay CCTV LC YO15 2AR","HFJ7","","","","","","","","","","","20638329","2015-02-04","","NRAIL","","","","","Rev Main/Fast","A165 follow Town Centre and Station signs onto Quay Rd and continue to LC. TA180669.",""
"20179349","HBS","31.049","QF","","31.049","3100","","MAP","","518296.0","467211.0","Convent FPW, Bridlington YO15 2AT","HFJ7","","","","","","","","","","","20179349","2015-02-04","","NRAIL","","","","","Rev Main/Fast","Follow footpath off St Thomas Rd at the side of Duke recreation Ground. TA182672.",""
"20638333","HBS","32.0776","QF","","32.0776","3100","","MAP","","519515.0","468620.0","Sewerby AHB LC YO16 6T","HFJ7","","","","","","","","","","","20638333","2015-02-04","","NRAIL","","","","","Rev Main/Fast","Turn off A165 onto B1255 heading to Flamborough, continue to LC. TA195686.",""
"20638334","HBS","33.0671","QF","","33.0671","3100","","MAP","","519521.0","470118.0","Flamborough, Jewison Lane YO15 1DX","HFJ7","","","","","","","","","","","20638334","2015-02-04","","NRAIL","","","","","Rev Main/Fast","From A165 Dual Roundabout Take B1255 Flamborough Rd. Cross over railway and after 500y turn left at Flamborough Maltings onto Jewison Lane. TA195701.",""
"20179387","HBS","34.0433","QF","","34.0433","3100","","MAP","","519360.0","471457.0","Bempton Sands Lane UWC YO16 6XF","HFJ7","","","","","","","","","","","20179387","2015-02-04","","NRAIL","","","","","Rev Main/Fast","Out from Bempton on Newsham Hill Lane turn immediate left over LC. TA193714.",""
"20638337","HBS","34.0892","QF","","34.0892","3100","","MAP","","519023.0","471708.0","Bempton AHB LC & Station YO15 1HN","HFJ7","","","","","","","","","","","20638337","2015-02-04","","NRAIL","","","","","Rev Main/Fast","Turn Off B1229 Speeton To Flamborough Road onto Newsham Hill Lane, continue to Crossing. TA190717.",""
"20180748","HBS","34.0946","QF","","34.0946","3100","","MAP","","518983.0","471736.0","Bempton AHB & Station, Newsham Lane YO15 1HN","HFJ7","","","","","","","","","","","20180748","2015-02-04","","NRAIL","","","","","Rev Main/Fast","Out from Bempton on Newsham Hill Lane. TA193714.",""
"20638341","HBS","35.0334","QF","","35.0334","3100","","MAP","","518109.0","472325.0","Buckton Lane AHB YO15 1HN","HFJ7","","","","","","","","","","","20638341","2015-02-04","","NRAIL","","","","","Rev Main/Fast","Turn Off B1229 Speeton To Flamborough Road onto Buckton Gate at Buckton, continue to Crossing. TA181723.",""
"20180093","HBS","37.0734","QF","","37.0734","3100","","MAP","","514951.0","473794.0","Speeton AHB LC YO14 9TE","HFJ7","","","","","","","","","","","20180093","2015-02-04","","NRAIL","","","","","Rev Main/Fast","Approx 3 miles North of Bridlington turn off A165 Bridlington to Scarborough Rd onto New Rd. Follow signs for Speeton, Pedestrian access at the LC. The Parking area adjacent to the crossing on the upside is mostly 3rd party land. NWR has retained an area 6m wide from the 14ft access gate to the old brick PWay cabin back to the railway, parallel with the road . Parking is available on the Highway near to the crossing. TA149737.",""
"20638459","HBS","37.1245","QF","","37.1245","3100","","MAP","","514489.0","473767.0","Southfields Farm UWC YO14 9TE","HFJ7","","","","","","","","","","","20638459","2015-02-04","","NRAIL","","","","","Rev Main/Fast","Turn onto farm track from the A165 at Southfields Farm Speeton. TA144737.",""
"20789073","HBS","38.022","QF","","38.022","3100","","MAP","","513815.0","473782.0","BRIDGE 38, YO16 6XJ","HFJ7","","","","","","","","","","","20789073","2023-03-09","","NRAIL","","","","","Rev Main/Fast","Fence on up cess side due to high, very steep embankment <and around bridge 28> - risk of falling, especially during hours of darkness. [flushes.strumming.slept]","TA 13815 73782"
"20790449","HBS","38.1122","QF","","38.1122","3100","","MAP","","512999.0","473898.0","Bridge 29 Reighton YO14 0JE","HFJ7","","","","","","","","","","","20790449","2024-06-06","","","","","","","Rev Main/Fast","What3Words : tour.costumes.published","TA 12999 73898"
"20180749","HBS","41.1108","QF","","41.1108","1100","","MAP","","510101.0","476618.0","Hunmanby Station & ABCL LC YO14 0LR","HFJ7","","","","","","","","","ME00755Nw","","20180749","2022-09-15","","NRAIL","","","","","Up Main/Fast","Turn off A165 at Reighton onto St Helens Lane signposted Humanby, continue to LC. TA101766.   Access via Both Roads - Amend in Ellipse",""
"20787804","HBS","41.1108","QF","","41.1108","2100","","MAP","","510101.0","476618.0","Hunmanby Station & ABCL LC YO14 0LR","HFJ7","","","","","","","","","ME00755Nw","","20787804","2022-09-15","","NRAIL","","","","","Down Main/Fast","Turn off A165 at Reighton onto St Helens Lane signposted Humanby, continue to LC. TA101766.   Access via Both Roads - Amend in Ellipse",""
"20638357","HBS","41.1602","QF","","41.1602","1100","","MAP","","510241.0","477053.0","Hunmanby Sands Lane ABCL LC YO14 0NG","HFJ7","","","","","","","","","ME00755Nw","","20638357","2022-09-15","","NRAIL","","","","","Up Main/Fast","Turn off A165 at Roundabout at the bottom of the Hill onto Sands Lane signposted Hunmanby, continue To LC. TA102770.   Access via Both Roads - Amend in Ellipse",""
"20787805","HBS","41.1602","QF","","41.1602","2100","","MAP","","510241.0","477053.0","Hunmanby Sands Lane ABCL LC YO14 0NG","HFJ7","","","","","","","","","ME00755Nw","","20787805","2022-09-15","","NRAIL","","","","","Down Main/Fast","Turn off A165 at Roundabout at the bottom of the Hill onto Sands Lane signposted Hunmanby, continue To LC. TA102770.   Access via Both Roads - Amend in Ellipse",""
"20787030","HBS","42.0198","QF","","42.0198","2100","","MAP","","510339.0","477363.0","Bridge 33 Hunmanby Sheep Dyke YO14 0PJ","HFJ7","","","","","","","","","","","20787030","2022-03-22","","NRAIL","","","","","Down Main/Fast","Install Up & Dn side access steps and gates","TA 10339 77363"
"20787031","HBS","42.0198","QF","","42.0198","1100","","MAP","","510339.0","477363.0","Bridge 33 Hunmanby Sheep Dyke YO14 0PJ","HFJ7","","","","","","","","","","","20787031","2022-03-22","","NRAIL","","","","","Up Main/Fast","Install Up & Dn side access steps and gates","TA 10339 77363"
"20794870","HBS","42.0704","QF","","42.0704","1100","","MAP","","443767.0","517881.0","Bridge 37. YO14 0QD","HFJ7","","","","","","","","","","","20794870","2024-08-22","","NRAIL","","","","","Up Main/Fast","payout.lawns.unfounded","NZ 43767 17881"
"20789029","HBS","42.1098","QF","","42.1098","1100","","MAP","","510643.0","478081.0","Royal Oak LC YO14 0QD","HFJ7","","","","","","","","","","","20789029","2023-03-08","","NRAIL","","","","","Up Main/Fast","Level walking route and install gate at REB end of walkway. [lousy.broth.grocers]","TA 10643 78081"
"20179924","HBS","43.0088","QF","","43.0088","1100","","MAP","","511027.0","478691.0","Royal Oak AHB LC, A165 Moor Rd YO14 9QE","HFJ7","","","","","","","","","ME00755Nw","","20179924","2022-09-15","","NRAIL","","","","","Up Main/Fast","On A165 Moor Road between Filey and Hunmanby. TA110786.   Access via Both Roads - Amend in Ellipse",""
"20787806","HBS","43.0088","QF","","43.0088","2100","","MAP","","511027.0","478691.0","Royal Oak AHB LC, A165 Moor Rd YO14 9QE","HFJ7","","","","","","","","","ME00755Nw","","20787806","2022-09-15","","NRAIL","","","","","Down Main/Fast","On A165 Moor Road between Filey and Hunmanby. TA110786.   Access via Both Roads - Amend in Ellipse",""
"20179375","HBS","43.1738","QF","","43.1738","1100","","MAP","","511562.0","480044.0","Seadale FPW YO14 9BE","HFJ7","","","","","","","","","","","20179375","2015-02-04","","NRAIL","","","","","Up Main/Fast","Near end of West Road from Filey Town centre. TA115800.",""
"20638363","HBS","44.0651","QF","","44.0651","1100","","MAP","","511386.0","480657.0","Filey Station YO14 9PE","HFJ7","","","","","","","","","","","20638363","2024-06-06","","NRAIL","","","","","Up Main/Fast","Turn Off A165 onto A1039, continue to Filey turn right over LC. TA113806.",""
"20790329","HBS","44.066","QF","","44.066","2100","","MAP","","511383.0","480665.0","Station Approach Filey YO14 9PE","HFJ7","","","","","","","","","","","20790329","2024-04-18","","NRAIL","","","","","Down Main/Fast","What3Words :  cycle.garage.unearthly","TA 11383 80665"
"20778900","HBS","44.1078","QF","","44.1078","3100","","MAP","","511132.0","480951.0","Filey Junction YO14 9PA","HFJ7","","","","","","","","","","","20778900","2016-03-02","","NRAIL","","","","","Rev Main/Fast","Access through pedestrian gate on West Road. Single paedestrian gate. On road parking adjacent. TA111809.",""
"20179926","HBS","45.0902","QF","","45.0902","3100","","MAP","","509837.0","481562.0","Muston AHB LC, A165 Filey Rd YO14 0EQ","HFJ7","","","","","","","","","","","20179926","2015-02-04","","NRAIL","","","","","Rev Main/Fast","On A165 nr Roundabout for A1039 Scarborough Rd from Filey. TA988151.",""
"20179017","HBS","46.0175","QF","","46.0175","3100","","MAP","","508906.0","481448.0","Town Farm FPW Gristhorpe YO14 9PN","HFJ7","","","","","","","","","","","20179017","2015-02-04","","NRAIL","","","","","Rev Main/Fast","Track access on foot only. Follow footpath sign from Main Street Gristhorpe near to the Church. No vehicular access or parking. TA089814.",""
"20179606","HBS","46.0858","QF","","46.0858","3100","","MAP","","508290.0","481517.0","Gristhorpe MGW, Station Lane YO14 9PD","HFJ7","","","","","","","","","","","20179606","2015-02-04","","NRAIL","","","","","Rev Main/Fast","Follow for Gristhorpe off A165 onto Main St, Station Lane & LC. TA082815.",""
"20179607","HBS","46.1584","QF","","46.1584","3100","","MAP","","507654.0","481697.0","Lebberston Rd MGH LC, Lingholme Lane YO11 3PG","HFJ7","","","","","","","","","","","20179607","2015-02-04","","NRAIL","","","","","Rev Main/Fast","Off Cayton Low Rd B1261 onto Manor Viiew Rd and Lingholme Lane. TA076816.",""
"20638372","HBS","48.042","QF","","48.042","3100","","MAP","","505832.0","482473.0","Cayton AHB YO11 3TL","HFJ7","","","","","","","","","","","20638372","2015-02-04","","NRAIL","","","","","Rev Main/Fast","Turn off A1039 Filey Road, at Folkton onto Carr Lane signposted Cayton continue to LC. TA058824.",""
"20179259","HBS","49.0128","QF","","49.0128","3100","","MAP","","504531.0","482186.0","Grove Farm UWC YO11 3ST","HFJ7","","","","","","","","","","","20179259","2015-02-04","","NRAIL","","","","","Rev Main/Fast","Off B1261 at Cayton onto Station Rd/Carr Lane, Over LC & turn right at Maryville Dairy Farm. Continue down hard core farm track to Grove Farm & LC. LC is up a slight incline from the Rd . TA045821.",""
"20638374","HBS","49.1053","QF","","49.1053","3100","","MAP","","503709.0","482370.0","Taylors FPS Seamer YO11 3ST","HFJ7","","","","","","","","","","","20638374","2015-02-04","","NRAIL","","","","","Rev Main/Fast","Signposted Off Caxton Way on The Olympian Trading Estate Cayton. TA037823.",""
"20789428","HBS","49.1474","QF","","49.1474","3100","","MAP","","502568.0","483032.0","SEAMER CARR YO12 4QA","HFJ7","","","","","","","","","","","20789428","2023-06-29","","NRAIL","","","","","Rev Main/Fast","A64, Seamer, Crossgates, North Yorkshire, England, YO12 4PZ, United Kingdom [bitter.whites.spark""","TA 02568 83032"
"20179368","HBS","50.0814","QF","","50.0814","1100","","MAP","","502905.0","483349.0","Long Lane No 2 Crab Lane FPW, Smr W Jn YO12 4QA","HFJ7","","","","","","","","","","","20179368","2015-02-04","","NRAIL","","","","","Up Main/Fast","Exit left at Morrisons roundabout at Seamer then turn left to car park area and short walk to LC. TA029833.",""
"20787029","HBS","50.0814","QF","","50.0814","1100","","MAP","","502963.0","483451.0","Seamer Pedestrian Gate YO12 4UG","HFJ7","","","","","","","","","","","20787029","2022-03-22","","NRAIL","","","","","Up Main/Fast","Pedestrian access gates required in fence line to gain trackside access and improved access to signals cess signalling equipment","TA 02963 83451"
"20609713","HBS","0.0664","QF","","0.0664","0","","MAR","","508601.0","428929.0","Clarendon St/ Botanic Grdns/Train Wash Plt HU3 1AT","HFJ7","","","","","","","","","ME00755Nw","","20609713","2022-09-14","","NRAIL","","","","","All/Multiple Tracks","Behind Hull General Infirmary off Londesborough St. Double gates& 859 lock. Strail RR Access Deck.   All Roads Access - Amend in Ellipse",""
"20638391","HBS","5.0","QF","","5.0","2100","","MAR","","504888.0","434709.0","Pillwood Farm, Dunswell Rd Cottingham HU16 4JS","HFJ7","","","","","","","","","","","20638391","2015-02-04","","NRAIL","","","","","Down Main/Fast","Off Dunswell Lane at Pillwood Farm.",""
"20786608","HBS","6.1081","QF","","6.1081","1100","","MAR","","504557.0","437085.0","Beverley Parks RRAP HU17 0RP","HFJ7","","","","","","","","","","","20786608","2021-12-16","","NRAIL","","","","","Up Main/Fast","Turn off B1230 or A 1174 onto Long lane, continue to LC.","TA 04557 37085"
"20786609","HBS","6.1081","QF","","6.1081","2100","","MAR","","504557.0","437085.0","Beverley Parks RRAP HU17 0RP","HFJ7","","","","","","","","","","","20786609","2021-12-16","","NRAIL","","","","","Down Main/Fast","Turn off B1230 or A 1174 onto Long lane, continue to LC.","TA 04557 37085"
"20638251","HBS","6.1115","QF","","6.1115","1100","","MAR","","504543.0","437115.0","Beverley Parks AHB, Long Lane, Beverley HU17 0RW","HFJ7","","","","","","","","","ME00755Nw","","20638251","2022-09-14","","NRAIL","","","","","Up Main/Fast","Turn off B1230 or A 1174 onto Long lane, continue to LC parking for one vehicle in compound on Up side. TA045371. -   Mileage 6m 1115yds - Authorised RRV Access - Beverley Parks Yard - Amend in Ellipse",""
"20179742","HBS","3.1377","QF","","3.1377","1100","","MAV","","505175.0","432574.0","Thwaite Gates LC CCTV, Cottingham HU16 4QT","HFJ7","","","","","","","","","ME00755Nw","","20179742","2022-09-14","","NRAIL","","","","","Up Main/Fast","Off Thwaite Street B1233, limited parking on layby of Station. Access road on up side of LC. TA051325.    Access via Both Roads - Amend in Ellipse",""
"20787753","HBS","3.1377","QF","","3.1377","2100","","MAV","","505175.0","432574.0","Thwaite Gates LC CCTV, Cottingham HU16 4QT","HFJ7","","","","","","","","","ME00755Nw","","20787753","2022-09-14","","NRAIL","","","","","Down Main/Fast","Off Thwaite Street B1233, limited parking on layby of Station. Access road on up side of LC. TA051325.    Access via Both Roads - Amend in Ellipse",""
"20179962","HBS","6.1122","QF","","6.1122","1100","","MAV","","504541.0","437118.0","Beverley Parks AHB, Long Lane HU17 0RW","HFJ7","","","","","","","","","","","20179962","2015-02-04","","NRAIL","","","","","Up Main/Fast","Turn off B1230 or A1174 onto Long Lane, continue to LC. Parking for 1 vehicle through single gate 859 Lock on Up Side. TA045371.",""
"20180740","HBS","11.0376","QF","","11.0376","1100","","MAV","","503506.0","444209.0","Arram LC & Station HU17 7NS","HFJ7","","","","","","","","","","","20180740","2015-02-04","","NRAIL","","","","","Up Main/Fast","A164 onto Arram Road at Leconfield, continue over LC, turn left into compound, single gate 859lock. TA035442.",""
"20179978","HBS","14.0022","QF","","14.0022","2100","","MAV","","502613.0","448637.0","Kilnwick AHB LC, Wilfholm Rd YO25 9JA","HFJ7","","","","","","","","","ME00755Nw","","20179978","2022-09-15","","NRAIL","","","","","Down Main/Fast","Off A164 at Wilfholm Rd, not To Kilnwick. Parking through single gate at LC down side. TA026486.Access via Both Roads - Amend in Ellipse",""
"20787794","HBS","14.0022","QF","","14.0022","1100","","MAV","","502613.0","448637.0","Kilnwick AHB LC, Wilfholm Rd YO25 9JA","HFJ7","","","","","","","","","ME00755Nw","","20787794","2022-09-15","","NRAIL","","","","","Up Main/Fast","Off A164 at Wilfholm Rd, not To Kilnwick. Parking through single gate at LC down side. TA026486.Access via Both Roads - Amend in Ellipse",""
"20179961","HBS","16.0396","QF","","16.0396","1100","","MAV","","502864.0","452189.0","Hutton Cranswick Station, Main St YO25 9QA","HFJ7","","","","","","","","","ME00755Nw","","20179961","2022-09-15","","NRAIL","","","","","Up Main/Fast","Travelling N towards Driffield on A164, turn right -East- for Hutton Cranswick, continue to LC & Station on Main Street. TA028521.   Access via Both Roads - Should be Cranswick AHB - Amend in Ellipse",""
"20787797","HBS","16.0396","QF","","16.0396","2100","","MAV","","502864.0","452189.0","Hutton Cranswick Station, Main St YO25 9QA","HFJ7","","","","","","","","","ME00755Nw","","20787797","2022-09-15","","NRAIL","","","","","Down Main/Fast","Travelling N towards Driffield on A164, turn right -East- for Hutton Cranswick, continue to LC & Station on Main Street. TA028521.   Access via Both Roads - Should be Cranswick AHB - Amend in Ellipse",""
"20180743","HBS","19.0716","QF","","19.0716","2100","","MAV","","502666.0","457234.0","Driffield Station MCBR LC & Station YO25 6PX","HFJ7","","","","","","","","","","","20180743","2015-02-04","","NRAIL","","","","","Down Main/Fast","On Beverley Road in Driffield between A164 and B1249 at Beverley Station. TA026572.",""
"20638410","HBS","19.1178","QF","","19.1178","1100","","MAV","","502970.0","457521.0","Wansford Rd CCTV LC YO25 5NQ","HFJ7","","","","","","","","","","","20638410","2015-02-04","","NRAIL","","","","","Up Main/Fast","Off A164 onto Driffield on B1249 Scarborough Rd, continue to LC, parking over crossing on LHS. Single gate 859 Lock. TA029575.",""
"20179210","HBS","25.022","QF","","25.022","2100","","MAV","","510371.0","461788.0","Harpham UWW YO25 4NL","HFJ7","","","","","","","","","ME00755Nw","","20179210","2022-09-15","","NRAIL","","","","","Down Main/Fast","Off A164 To Burton Agnes, continue Over Burton Agnes LC then turn 1st right signposted Yorkshire Wolds. Parking at LC approach. TA103617.    Access via Both Roads - Amend in Ellipse",""
"20787801","HBS","25.022","QF","","25.022","1100","","MAV","","510371.0","461788.0","Harpham UWW YO25 4NL","HFJ7","","","","","","","","","ME00755Nw","","20787801","2022-09-15","","NRAIL","","","","","Up Main/Fast","Off A164 To Burton Agnes, continue Over Burton Agnes LC then turn 1st right signposted Yorkshire Wolds. Parking at LC approach. TA103617.    Access via Both Roads - Amend in Ellipse",""
"20179906","HBS","25.099","QF","","25.099","2100","","MAV","","510784.0","462358.0","Burton Agnes, Station Road YO25 4NL","HFJ7","","","","","","","","","ME00755Nw","","20179906","2022-09-15","","NRAIL","","","","","Down Main/Fast","Off A164 onto Station Rd at Burton Agnes. TA107623.Access via Both Roads - Amend in Ellipse",""
"20787802","HBS","25.099","QF","","25.099","1100","","MAV","","510784.0","462358.0","Burton Agnes, Station Road YO25 4NL","HFJ7","","","","","","","","","ME00755Nw","","20787802","2022-09-15","","NRAIL","","","","","Up Main/Fast","Off A164 onto Station Rd at Burton Agnes. TA107623.Access via Both Roads - Amend in Ellipse",""
"20179944","HBS","28.1188","QF","","28.1188","1100","","MAV","","514881.0","464903.0","Carnaby AHB LC, Bridlington Bay Rd YO16 4UT","HFJ7","","","","","","","","","ME00755Nw","","20179944","2022-09-15","","NRAIL","","","","","Up Main/Fast","Off A164 turn at Carnaby Roundabout onto Bridlington Bay Rd. Parking Over LC on RHS through Single Gate 859 Lock. TA148649.    Access via Both Roads - Amend in Ellipse",""
"20787803","HBS","28.1188","QF","","28.1188","2100","","MAV","","514881.0","464903.0","Carnaby AHB LC, Bridlington Bay Rd YO16 4UT","HFJ7","","","","","","","","","ME00755Nw","","20787803","2022-09-15","","NRAIL","","","","","Down Main/Fast","Off A164 turn at Carnaby Roundabout onto Bridlington Bay Rd. Parking Over LC on RHS through Single Gate 859 Lock. TA148649.    Access via Both Roads - Amend in Ellipse",""
"20180746","HBS","30.173","QF","","30.173","1100","","MAV","","517938.0","466904.0","Bridlington Station YO15 3EP","HFJ7","","","","","","","","","","","20180746","2015-02-04","","NRAIL","","","","","Up Main/Fast","A165 onto Quay Rd over LC turn right into the Station, Single Gate 859 Lock. TA179669.",""
"20179917","HBS","37.0733","QF","","37.0733","3100","","MAV","","514955.0","473794.0","Speeton YO14 9TE","HFJ7","","","","","","","","","","","20179917","2015-02-04","","NRAIL","","","","","Rev Main/Fast","Off A165 onto New Road signposted Speeton, continue to LC. Parking in compound over the crossing -only 6m strip from LC to Access gate rest of compound is 3rd Party Land-. TA149737.",""
"20789448","HBS","43.1254","QF","","43.1254","2100","","MAV","","511495.0","511495.0","CENTENARY WAY, YO14 9BG","HFJ7","","","","","","","","","","","20789448","2023-07-05","","NRAIL","","","","","Down Main/Fast","[perplexed.undulation.vitals]","TA 11495 79647"
"20638364","HBS","44.0669","QF","","44.0669","2100","","MAV","","511386.0","480657.0","Filey Station YO14 9PE","HFJ7","","","","","","","","","","","20638364","2015-02-04","","NRAIL","","","","","Down Main/Fast","Turn off A165 onto A1039, continue to Filey turn right 10 yds before LC. TA113806.",""
"20638465","HBS","44.0688","QF","","44.0688","2100","","MAV","","511369.0","480686.0","Filey CCTV & Station, A1039 Muston Rd YO14 9PE","HFJ7","","","","","","","","","ME00755Nw","","20638465","2022-09-15","","NRAIL","","","","","Down Main/Fast","Turn off A165 onto A1039, turn right 10 Yards before the LC. Parking area at side of the fence. TA113806.  Access via Both Roads - Amend in Ellipse",""
"20787807","HBS","44.0688","QF","","44.0688","1100","","MAV","","511369.0","480686.0","Filey CCTV & Station, A1039 Muston Rd YO14 9PE","HFJ7","","","","","","","","","ME00755Nw","","20787807","2022-09-15","","NRAIL","","","","","Up Main/Fast","Turn off A165 onto A1039, turn right 10 Yards before the LC. Parking area at side of the fence. TA113806.  Access via Both Roads - Amend in Ellipse",""
"20771687","HCD","0.011","QF","","0.011","0","","MAV","","442328.0","392407.0","HOLMES JN","HFJ4","","","","","","","","","","","20771687","2013-03-25","","NRAIL","","","","","All/Multiple Tracks","GN6017 NEW ASSETS CREATED FROM ELLIPSE 17/4/07 STC. S60 1AF.",""
"20771717","HCD","0.0792","QF","","0.0792","0","","MAV","","441617.0","392452.0","BRINSWORTH STREET","HFJ4","","","","","","","","","","","20771717","2013-03-25","","NRAIL","","","","","All/Multiple Tracks","GN6017 NEW ASSETS CREATED FROM ELLIPSE 17/4/07 STC. S61 1BS.",""
"20179328","HEM","20.1518","QF","","20.1518","3100","","MAV","","441344.2","553311.0","HAWTHORN BRANCH SR2 0NS","HFJ1","","","","","","","","","","","20179328","2021-05-19","","NRAIL","","","","","Rev Main/Fast","Access Point. Level Crossing. RT Document: ALARMS. No parking on occupation road",""
"20771720","HIM","11.121","QF","","11.121","0","","MAP","","455451.0","367525.0","Sookholme Lane BR43","HFJ4","","","","","","","","","","","20771720","2013-03-25","","NRAIL","","","","","All/Multiple Tracks","GN6017 NEW ASSETS CREATED FROM ELLIPSE 23/4/07 STC. NG20 8XF.",""
"20771722","HIM","12.1408","QF","","12.1408","0","","MAP","","457060.0","366745.0","Cottage Lane","HFJ4","","","","","","","","","","","20771722","2013-03-25","","NRAIL","","","","","All/Multiple Tracks","GN6017 NEW ASSETS CREATED FROM ELLIPSE 23/4/07 STC. NG20 0HR.",""
"20771723","HIM","14.0176","QF","","14.0176","0","","MAP","","458791.0","365629.0","Lawn Hill Drive","HFJ4","","","","","","","","","","","20771723","2013-03-25","","NRAIL","","","","","All/Multiple Tracks","GN6017 NEW ASSETS CREATED FROM ELLIPSE 23/4/07 STC. NG21 9HL.",""
"20771724","HIM","14.1254","QF","","14.1254","0","","MAP","","459742.0","365359.0","Goresthorpe Road BR54","HFJ4","","","","","","","","","","","20771724","2013-03-25","","NRAIL","","","","","All/Multiple Tracks","GN6017 NEW ASSETS CREATED FROM ELLIPSE 23/4/07 STC. NG21 9HJ.",""
"20771727","HIM","19.0528","QF","","19.0528","0","","MAP","","466770.0","367275.0","Ollerton S/B Murphys Yard","HFJ4","","","","","","","","","","","20771727","2013-03-25","","NRAIL","","","","","All/Multiple Tracks","GN6017 NEW ASSETS CREATED FROM ELLIPSE 23/4/07 STC. NG22 9QL.",""
"20772864","HIM","22.0638","QF","","22.0638","0","","MAP","","471010.0","369371.0","LIMBS NO 1","HFJ4","","","","","","","","","","","20772864","2013-03-25","","NRAIL","","","","","All/Multiple Tracks","17/02/08 CREATING ASSET - AS. NG22 0HQ.",""
"120000146","HIM","23.1584","QF","","23.1284","3300","","MAP","","473410.0","370359.0","Tuxford Old Station","HFJ4","","","","","","","","","Pedestrian Access Point","","120000146","2025-04-30","","","","","","","Rev Goods","what 3 words: courts.croaking.cherish",""
"20771688","HIM","10.0242","QF","","10.0242","0","","MAV","","453136.0","368447.0","SHIREBROOK COTTAGE LANE","HFJ4","","","","","","","","","","","20771688","2013-03-25","","NRAIL","","","","","All/Multiple Tracks","GN6017 NEW ASSETS CREATED FROM ELLIPSE 17/4/07 STC. NG20 8XA.",""
"20771689","HIM","12.0504","QF","","12.0504","1300","","MAV","","456276.0","367164.0","Warsop depot, Mansfield Road A60","HFJ4","","","","","","","","","","","20771689","2023-08-01","","NRAIL","","","","","Up Goods","HEADING SOUTH ON A60 MANSFIELD RD FROM MARKET WARSOP, ACCESS ON THE LEFT [WHAT 3 WORDS DOCTOR . PALACE . UNDIVIDED]  55YDS BEFORE U/B 45.FOLLOW MADE ROAD TO ACCESS GATE TO RAILWAY [859 KEY REQUIRED] . NO PARKING, TURNING OR STORAGE OF MATERIALS  IN THE PRIVATE CARAVAN STORAGE AREA PRIOR TO THE TRACK ACCESS GATE [WHAT 3 WORDS VERTICAL . RUIN . GROWL].","SK 56337 67153"
"20772084","HIM","13.044","QF","","13.044","1100","","MAV","","457616.0","366290.0","WELBECK COLLIERY JUNCTION","HFJ4","","","","","","","","","","","20772084","2013-03-25","","NRAIL","","","","","Up Main/Fast","GN7075 CREATING ASSETS 31/10/07 AS. NG20 0ER.",""
"20771641","HIM","15.066","QF","","15.066","0","","MAV","","460810.0","365379.0","CLIPSTONE ARCHWAY ROAD","HFJ4","","","","","","","","","","","20771641","2013-03-25","","NRAIL","","","","","All/Multiple Tracks","GN5887 NEW ASSETS CREATED FROM ELLIPSE 17/4/07 STC. NG21 9JJ.",""
"20771690","HIM","16.1034","QF","","16.1034","0","","MAV","","462584.0","366194.0","EDWINSTOWE OLD STN","HFJ4","","","","","","","","","","","20771690","2013-03-25","","NRAIL","","","","","All/Multiple Tracks","GN6017 NEW ASSETS CREATED FROM ELLIPSE 17/4/07 STC. NG21 9HS.",""
"20180767","HIM","17.0484","QF","","17.0484","0","","MAV","","463659.0","366430.0","THORESBY SIGNAL BOX","HFJ4","","","","","","","","","","","20180767","2013-03-25","","NV","","","","","All/Multiple Tracks","MIMS-S//PH/ - Access Point. Signal Box. Off Blackhills Lane, Edwinstowe NG21. the A6075. Access from Black Hills Farm. NG21 9QQ",""
"20616491","HIM","20.033","QF","","20.033","1100","","MAV","","468157.0","367444.0","BAUGHTON JCN/MAUN WAY","HFJ4","","","","","","","","","","","20616491","2013-03-25","","JARVIS","","","","","Up Main/Fast","NG22 9ZB.",""
"20771691","HIM","21.1474","QF","","21.1474","0","","MAV","","470262.0","368981.0","KIRTON ROAD BR75","HFJ4","","","","","","","","","","","20771691","2013-03-25","","NRAIL","","","","","All/Multiple Tracks","GN6017 NEW ASSETS CREATED FROM ELLIPSE 17/4/07 STC. NG22 0PB.",""
"20771692","HIM","25.044","QF","","25.044","0","","MAV","","475464.0","370449.0","LODGE LANE TUXFORD","HFJ4","","","","","","","","","","","20771692","2013-03-25","","NRAIL","","","","","All/Multiple Tracks","GN6017 NEW ASSETS CREATED FROM ELLIPSE 17/4/07 STC. NG22 0PX",""
"20771638","HIM","26.1408","QF","","26.1408","0","","MAV","","477944.0","370398.0","SUTTON","HFJ4","","","","","","","","","","","20771638","2013-03-25","","NRAIL","","","","","All/Multiple Tracks","GN5887 NEW ASSETS CREATED FROM ELLIPSE 17/4/07 STC. NG23 6RU.",""
"20771693","HIM","27.1056","QF","","27.1056","0","","MAV","","479111.0","370898.0","HIGH MARNHAM S/B","HFJ4","","","","","","","","","","","20771693","2013-03-25","","NRAIL","","","","","All/Multiple Tracks","GN6017 NEW ASSETS CREATED FROM ELLIPSE 17/4/07 STC. NG22 0UZ.",""
"120000049","HJM","20.0022","QF","","20.0022","3100","","MA","","421225.0","585068.0","BROOKERS				","HFJ1","","","","","","","","","Access steps","","120000049","2025-01-15","","","","","","","Rev Main/Fast","NZ 21225 85068
clearcut.voltages.awake",""
"20663547","HJM","20.088","QF","","20.088","3100","","MAV","","420584.0","585468.0","Coopies Lane LC, Morpeth NE61 1XE","HFJ1","","","","","","","","","","","20663547","2012-05-01","","NRAIL","","","","","Rev Main/Fast","COOPIES LANE. Access Point. Level Crossing. RT Document: ALARMS. ",""
"20776820","HJS","1.0462","QF","","1.0462","3300","","MAP","","506380.0","429306.0","Springbank South Jn Br4 HU5 5BB","HFJ7","","","","","","","","","","","20776820","2015-04-16","","NRAIL","","","","","Rev Goods","Footpath access gate adjacent to Bridge HJS4",""
"20774327","HJS","2.0286","QF","","2.0286","3100","","MAP","","507231.0","430401.0","Huntley Drive/Chanterlands Ave Br8 HU5 3EG","HFJ7","","","","","","","","","","","20774327","2015-02-04","","NRAIL","","","","","Rev Main/Fast","Turn Off Chanterlands Ave onto Murrayfield Drive Then 2nd left onto Huntley Drive, turn 1st left onto the lane behind Huntley Drive & to single pedestrian gate. Steep steps up the embankment, no lighting. TA 072 303",""
"20774328","HJS","3.0569","QF","","3.0569","3300","","MAP","","508925.0","430949.0","Ryde Street/Selsey Street HU5 1PF","HFJ7","","","","","","","","","","","20774328","2015-02-04","","NRAIL","","","","","Rev Goods","Exit A1079 Beverley Rd onto Ryde St, 2nd left onto Selsey Street & Pedestrian Access Gate with 859 lock. Steep steps up the embankment. Street lighting at the Gate/ Bottom of Steps. TA089309",""
"20181044","HJS","3.165","QF","","3.165","3300","","MAP","","509930.0","430927.0","Hull River Swingbridge 22 HU5 1SY","HFJ7","","","","","","","","","","","20181044","2015-02-04","","NRAIL","","","","","Rev Goods","Off A1079 onto Clough Rd A1165 right at roundabout Nr River Bridge onto Bank Side & continue to the Swing Bridge 22. TA099309.",""
"20787970","HJS","4.026","QF","","4.026","3300","","MAP","","510275.0","430797.0","Bridge 23, Stoneferry Rd HU8 8DG","HFJ7","","","","","","","","","","","20787970","2022-09-29","","NRAIL","","","","","Rev Goods","[snail.jets.sculpture]","TA 10275 30797"
"20774666","HJS","5.0242","QF","","5.0242","3300","","MAP","","511445.0","429710.0","Victor Street Bridge 30 HU9 2BA","HFJ7","","","","","","","","","","","20774666","2015-02-04","","NRAIL","","","","","Rev Goods","Bridge 30. Access off Victor Street via secure compound. Require 221 & 222 keys.","TA 11445 29710"
"20774098","HJS","5.132","QF","","5.132","1300","","MAP","","512397.0","429681.0","HM Prison Hull, Southcoates Lane HU9 3UJ","HFJ7","","","","","","","","","","","20774098","2015-02-04","","NRAIL","","","","","Up Goods","Off Heddon Road A1033 Nr Alexandra Dock Onto Southcoates Lane and turn right into HMP Car Park, Double Gates 859 Lock. TA123296.",""
"20180098","HJS","4.0704","QF","","4.0704","3300","","MAR","","510567.0","430516.0","Wilmington Waste Disposal Site HU8 8EF","HFJ7","","","","","","","","","","","20180098","2015-02-04","","NRAIL","","","","","Rev Goods","Take exit at Willmington Roundabout on A1033 onto the acces Rd for the waste disposal site, after 200 yds turn left up the made up gravel slope to the Single 16ft Vehicle Access gate, parking available through the gate. On Track MC access at Strail Deck, No lighting. TA105305. High risk T&V site.",""
"20180769","HJS","0.1254","QF","","0.1254","2300","","MAV","","506346.0","428555.0","Old Football Stadium, Boothferry Rd Br2 HU3 6UF","HFJ7","","","","","","","","","","","20180769","2015-02-04","","NRAIL","","","","","Down Goods","Off A1105 Boothferry Rd at Br2 onto car park of Old Football Ground, Double Gates 859 lock. TA063284.",""
"20776821","HJS","5.1386","QF","","5.1386","2300","","MAV","","512457.0","429685.0","DOCK SECURITY GATE HU9 3UJ","HFJ7","","","","","","","","","","","20776821","2015-04-16","","NRAIL","","","","","Down Goods","Access gate at 5m 63ch Rosemead St on the Hull docks. TA124296",""
"20633110","HLF1","0.072","QF","","0.072","3300","","MAV","","442905.0","375319.0","HALL LANE JN","HFJ4","","","","","","","","","","","20633110","2013-03-25","","JARVIS","","","","","Rev Goods","MIMS-SX//SC/AB - Access Gate. S43 3RW.",""
"20179639","HNB","0.066","QF","","0.066","0","","MAV","","441087.0","554843.0","Grangetown, Ocean Road SR2 9RZ","HFJ1","","","","","","","","","","","20179639","2012-05-01","","NRAIL","","","","","All/Multiple Tracks","Alternative Access Route to Ryhope Grange Signal Box in operation from the Level Crossing.",""
"20179074","HPC","172.033","QF","","172.033","0","","MAP","","437252.0","417599.0","Mucky Lane LC WF4 1HR","HFJ7","","","","","","","","","NV","","20179074","2015-02-04","","NRAIL","","","","","All/Multiple Tracks","MIMS-S//PH/ - Access Point. Level Crossing. RT Document: ALARMS. Access on foot only. No vehicular access or parking. - Not seen during MIMS site visit -","SE 37252 17599"
"20790411","HPC","172.0991","QF","","172.0991","2100","","MAP","","436777.0","417973.0","Shay Lane WF2 6PR_","HFJ7","","","","","","","","","","","20790411","2024-05-30","","","","","","","Down Main/Fast","What3Words : relaxing.envelope.economics","SE 36777 17973"
"20788210","HPC","171.164","QF","","171.164","1100","","MAR","","437579.0","417447.0","Hare Park Jcn RRAP","HFJ6","","","","","","","","","Vehicular","","20788210","2022-10-20","","NRAIL","","","","","Up Main/Fast","Access through the timber vehicular field gate located off Hare Park Lane. Drive at walking pace along the tarmac road leading to the main vehicular expamet gates at the end of the lane. Open the access gate and drive directly to the yard & RRAP leading to Hare Park Jcn. Vehicle & RRV parking is suitable at this location. The nearest line of the RRAP is the Up Crofton <HPC>. WARNING: THE ENTRANCE TO THIS ACCESS POINT IS MONITORED BY CCTV 24/7 AND THE GATES AT THE TOP OF THE LANE AND AT THE RAILWAY ACCESS MUST BE CLOSED AND LOCKED IMMEDIATELY AFTER USE. FAILURE TO DO SO WILL LEAD TO AN INVESTIGATION AND POSSIBLE DISCIPLINARY ACTION AGAINST OFFENDERS.  What3Words Ref:  vibrating.crowns.spoil","SE 37579 17447"
"20775614","HPC","171.1657","QF","","171.1657","2100","","MAR","","437606.0","417431.0","Hare Park Lane WF4 1HR","HFJ6","","","","","","","","","ME00755Nw","","20775614","2022-09-15","","NRAIL","","","","","Down Main/Fast","This is not a gated access point. MAR has dropdown bollards and concrete approaches and 10.8m wide track. Access to this MAR is from Gated access point at Hare Park Lane 171.1672 <Hazard Ref 20774900>.     Access via both roads - Add to Ellipse","SE 37606 17431"
"20787808","HPC","171.1657","QF","","171.1657","1100","","MAR","","437606.0","417431.0","Hare Park Lane WF4 1HR","HFJ6","","","","","","","","","ME00755Nw","","20787808","2022-09-15","","NRAIL","","","","","Up Main/Fast","This is not a gated access point. MAR has dropdown bollards and concrete approaches and 10.8m wide track. Access to this MAR is from Gated access point at Hare Park Lane 171.1672 <Hazard Ref 20774900>.     Access via both roads - Add to Ellipse","SE 37606 17431"
"20788209","HPC","171.1574","QF","","171.1574","1100","","MAV","","437683.0","417442.0","Hare Park Jcn","HFJ6","","","","","","","","","","","20788209","2022-11-09","","NRAIL","","","","","Up Main/Fast","Access through the timber vehicular field gate located off Hare Park Lane. Drive at walking pace along the tarmac road leading to the main vehicular expamet gates at the end of the lane. Open the access gate and drive directly to the yard. Vehicle & RRV parking is suitable at this location. The nearest line of the RRAP is the Up Crofton <HPC>. WARNING: THE ENTRANCE TO THIS ACCESS POINT IS MONITORED BY CCTV 24/7 AND THE GATES AT THE TOP OF THE LANE AND AT THE RAILWAY ACCESS MUST BE CLOSED AND LOCKED IMMEDIATELY AFTER USE. FAILURE TO DO SO WILL LEAD TO AN INVESTIGATION AND POSSIBLE DISCIPLINARY ACTION AGAINST OFFENDERS.   What3Words Ref:  trainer.engraving.disposal","SE 37683 17442"
"20774900","HPC","171.1672","QF","","171.1672","1100","","MAV","","437594.0","417435.0","Hare Park Lane WF4 1HR","HFJ6","","","","","","","","","ME00755Nw","","20774900","2022-09-15","","NRAIL","","","","","Up Main/Fast","Should be Up Road - Amend in Ellipse","SE 37594 17435"
"120000309","HUL1","2.0528","QF","","2.0528","2100","","MAP","","506644.0","426987.0","HESSLE ROAD ACCESS ","HFJ7","","","","","","","","","NEW INSTALLED PEDESTRIAN ACCESS ","","120000309","2025-03-11","","","","","","","Down Main/Fast","W3W - SPITE.FOREST.WIDE",""
"120000310","HUL1","2.0836","QF","","2.0836","2100","","MAP","","506403.0","426791.0","DAIRYCOATES YARD ","HFJ7","","","","","","","","","NEW INSTALLED PEDESTRIAN ACCESS ","","120000310","2025-03-11","","","","","","","Down Main/Fast","W3W - PLENTY.CLOUD.LOVED",""
"120000307","HUL1","2.099","QF","","2.099","2100","","MAP","","506297.0","426721.0","DAIRYCOATES YARD ","HFJ7","","","","","","","","","NEW INSTALLED PEDESTRIAN ACCESS ","","120000307","2025-07-09","","","","","","","Down Main/Fast","W3W - KEEP.HERBS.BUDGET
TA 06299 26722
Ellipse Asset No. 000019874790",""
"120000308","HUL1","2.1474","QF","","2.1474","2100","","MAP","","505896.0","426540.0","DAIRYCOATES YARD ","HFJ7","","","","","","","","","NEW INSTALLED PEDESTRIAN ACCESS ","","120000308","2025-03-11","","","","","","","Down Main/Fast","W3W - CHINS.RITUAL.EDGY",""
"120000311","HUL1","2.1694","QF","","2.1694","2100","","MAP","","505695.0","426469.0","DAIRYCOATES YARD ","HFJ7","","","","","","","","","NEW INSTALLED PEDESTRIAN ACCESS ","","120000311","2025-03-11","","","","","","","Down Main/Fast","W3W - STONE.RITUAL.LOST",""
"20784768","HUL1","5.077","QF","","5.077","1100","","MAP","","501856.0","425541.0","HESSLE FORESHORE QUARRY LANE","HFJ7","","","","","","","","","","","20784768","2021-01-25","","NRAIL","","","","","Up Main/Fast","what3words:fuel.duty.bossy","TA 01856 25541"
"20784769","HUL1","5.077","QF","","5.077","2100","","MAP","","501856.0","425541.0","HESSLE FORESHORE QUARRY LANE","HFJ7","","","","","","","","","","","20784769","2021-01-25","","NRAIL","","","","","Down Main/Fast","what3words:fuel.duty.bossy","TA 01856 25541"
"20180101","HUL1","7.0575","QF","","7.0575","1100","","MAP","","498775.0","425522.0","The Ridings Ferriby HU14 3EF","HFJ7","","","","","","","","","","","20180101","2015-02-04","","NRAIL","","","","","Up Main/Fast","Exit A63, follow signs for Ferriby & the Station, Turn into the Ridings Cul De sac off Ings Lane. 15ft Double Gates No parking for NWR Vehicles, Parking available at Station 250yds. Street lighting near to site. SE 987255.",""
"20783347","HUL1","7.0584","QF","","7.0584","1100","","MAP","","498845.0","425535.0","North Ferriby HU14 3EF","HFJ7","","","","","","","","","","","20783347","2019-07-24","","NRAIL","","","","","Up Main/Fast","Access is situated on Private land. Use for Loading and unloading only . Staff must not  park adjacent to access gate as it is private land. Park on road side along Maltings",""
"20180100","HUL1","7.0829","QF","","7.0829","1200","","MAP","","498635.0","525564.0","Station Cottages Ferriby HU14 3DJ","HFJ7","","","","","","","","","","","20180100","2015-02-04","","NRAIL","","","","","Up Slow","Exit A63 follow signs for Ferriby & Station, Access point is at Station Rd on down side & Humber Rd on Up side. Parking available at both entrances to the station. Track Id = UM/DM/US & Position = LS/RS. SE986255.",""
"20179216","HUL1","8.1716","QF","","8.1716","2100","","MAP","","496237.0","425901.0","Lowfields Lane FPS HU14 3HT","HFJ7","","","","","","","","","","","20179216","2015-02-04","","NRAIL","","","","","Down Main/Fast","Access Point. Level Crossing. RT Document: ALARMS. No parking on occupation road. SE962259.",""
"20180704","HUL1","12.1276","QF","","12.1276","2100","","MAP","","490394.0","427368.0","CRABLEY CREEK GB, CRABLEY LN HU15 1RX","HFJ7","","","","","","","","","ME00755Nw","","20180704","2022-09-26","","NRAIL","","","","","Down Main/Fast","Off Ings Lane Nr Ings Bridge. SE903273.     Access via Both Roads. Neighbour at the Gatehouse property very frustrated with Network Rail vans parking outside his house with the engine running. Please try and avoid when possible",""
"20787811","HUL1","12.1276","QF","","12.1276","1100","","MAP","","490394.0","427368.0","CRABLEY CREEK GB, CRABLEY LN HU15 1RX","HFJ7","","","","","","","","","ME00755Nw","","20787811","2022-09-26","","NRAIL","","","","","Up Main/Fast","Off Ings Lane Nr Ings Bridge. SE903273.     Access via Both Roads. Neighbour at the Gatehouse property very frustrated with Network Rail vans parking outside his house with the engine running. Please try and avoid when possible",""
"20179019","HUL1","13.0638","QF","","13.0638","2100","","MAP","","489380.0","427572.0","Providence Farm UWC, Cave HU15 1RU","HFJ7","","","","","","","","","","","20179019","2015-02-04","","NRAIL","","","","","Down Main/Fast","Follow sign for footpath off Ings Lane between Cave and Crabley Farm, up a grass embankment. SE893275.",""
"20179753","HUL1","13.132","QF","","13.132","1100","","MAP","","488762.0","427693.0","Cave MBW LC, Ings Lane HU15 1RU","HFJ7","","","","","","","","","ME00755Nw","","20179753","2022-09-15","","NRAIL","","","","","Up Main/Fast","Off Ings Lane Nr Broomfleet. SE887276.     Access via Both Roads - Amend in Ellipse",""
"20787812","HUL1","13.132","QF","","13.132","2100","","MAP","","488762.0","427693.0","Cave MBW LC, Ings Lane HU15 1RU","HFJ7","","","","","","","","","ME00755Nw","","20787812","2022-09-15","","NRAIL","","","","","Down Main/Fast","Off Ings Lane Nr Broomfleet. SE887276.     Access via Both Roads - Amend in Ellipse",""
"20178979","HUL1","13.1518","QF","","13.1518","1100","","MAP","","488588.0","427732.0","Church Farm UWC, Cave HU15 1RU","HFJ7","","","","","","","","","","","20178979","2018-11-07","","NRAIL","","","","","Up Main/Fast","Off Towns Corner at a sharp bend in the road between Ings Lane and Main Street Broomfleet, up a grass embankment. SE885277.",""
"20776787","HUL1","15.0","QF","","15.0","2100","","MAP","","486780.0","428095.0","Local Name - Common Road - Amend in Ellipse","HFJ7","","","","","","","","","ME00755Nw","","20776787","2022-09-15","","NRAIL","","","","","Down Main/Fast","Common Road is direct to railway and can be used as an access point.",""
"20179350","HUL1","15.0704","QF","","15.0704","1100","","MAP","","486166.0","428219.0","Marr House Farm UWC HU15 1RS","HFJ7","","","","","","","","","","","20179350","2015-02-04","","NRAIL","","","","","Up Main/Fast","From B1230 go over LC at Oxmardyke on Tounge Lane, then take second left onto North Hall and Marr House. SE861282.",""
"20179397","HUL1","16.1452","QF","","16.1452","2100","","MAP","","483917.0","428671.0","Local Name - Staddlethorpe - Amend in Ellipse","HFJ7","","","","","","","","","ME00755Nw","","20179397","2022-09-15","","NRAIL","","","","","Down Main/Fast","Off Scalby Lane Gilberdyke. SE839286.",""
"20774903","HUL1","17.1034","QF","","17.1034","1100","","MAP","","482718.0","428910.0","Slipper Bridge HU15 2TN","HFJ7","","","","","","","","","Pedestrian","","20774903","2015-02-04","","NRAIL","","","","","Up Main/Fast","","SE 82718 28910"
"20179369","HUL1","20.011","QF","","20.011","2100","","MAP","","478808.0","429700.0","Eastrington DN14 7PL","HFJ7","","","","","","","","","ME00755Nw","","20179369","2022-09-15","","NRAIL","","","","","Down Main/Fast","Access Point. Level Crossing. RT Document: ALARMS. Access on foot only. No vehicular access or parking.     Access via Down Side - Amend in Ellipse","SE 78808 29700"
"20773289","HUL1","20.0572","QF","","20.0572","1100","","MAP","","478394.0","429783.0","Filbert Grove DN14 7XB","HFJ7","","","","","","","","","ME00755Nw","","20773289","2022-09-15","","NRAIL","","","","","Up Main/Fast"," Access via Up Side - Amend in Ellipse","SE 78394 29783"
"20179866","HUL1","24.1738","QF","","24.1738","1100","","MAP","","471039.0","431257.0","Wressle Station Platform YO8 6EP","HFJ7","","","","","","","","","ME00755Nw","","20179866","2022-09-15","","NRAIL","","","","","Up Main/Fast","Access Point. Level Crossing. RT Document: ALARMS.   Pedestrian Access Only - Amend in Ellipse","SE 71039 31257"
"20179465","HUL1","27.1254","QF","","27.1254","2100","","MAP","","466739.0","432118.0","Oxen Lane YO8 6NS","HFJ7","","","","","","","","","ME00755Nw","","20179465","2022-09-16","","NRAIL","","","","","Down Main/Fast","Access Point. Level Crossing. RT Document: ALARMS. Access on foot only. No vehicular access or parking.     Local Name Oxen Lane YO8 6NS - Access via Down Side - Amend in Ellipse","SE 66739 32118"
"20774918","HUL1","28.0298","QF","","28.0298","2100","","MAP","","466022.0","432262.0","Cliffe Foot LC YO8 6NR","HFJ7","","","","","","","","","ME00755Nw","","20774918","2022-09-16","","NRAIL","","","","","Down Main/Fast","Access via Both Roads - Missing from Ellipse - Add to Ellipse","SE 66022 32262"
"20787829","HUL1","28.0298","QF","","28.0298","1100","","MAP","","466022.0","432262.0","Cliffe Foot LC YO8 6NR","HFJ7","","","","","","","","","ME00755Nw","","20787829","2022-09-16","","NRAIL","","","","","Up Main/Fast","Access via Both Roads - Missing from Ellipse - Add to Ellipse","SE 66022 32262"
"20179263","HUL1","28.1508","QF","","28.1508","0","","MAP","","464951.0","432478.0","Lund Hall Level Xing YO8 6PE","HFJ7","","","","","","","","","ME00755Nw","","20179263","2022-09-16","","NRAIL","","","","","All/Multiple Tracks","Access Point. Level Crossing. RT Document: ALARMS. Access on foot only. No vehicular access or parking.    Mileage should be 28m 1508yds - Amend in Ellipse",""
"120000314","HUL1","0.0018","QF","","0.0018","3300","","MAV","","505552.0","426457.0","HENRY BOOT WAY PRIORY PARK EAST","HFJ7","","","","","","","","","NEWLY INSTALLED VEHICLE GATE ","","120000314","2025-03-12","","","","","","","Rev Goods","W3W - DESKS.MAPS.SNAP",""
"20180770","HUL1","0.0022","QF","","0.0022","3607","","MAV","","509072.0","428739.0","Hull Station, Anlaby Road HU3 2LL","HFJ7","","","","","","","","","","","20180770","2015-02-04","","NRAIL","","","","","","Off A1079 onto Anlaby Rd A1105, turn right after 300m. TA090287.",""
"20180771","HUL1","0.0701","QF","","0.0701","2100","","MAV","","508807.0","428797.0","Clarendon St, Botanic Gns & Train Wash HU3 2JF","HFJ7","","","","","","","","","","","20180771","2015-02-04","","NRAIL","","","","","Down Main/Fast","Behind Hull General Infirmary off Londesborough St, double Gates & 859 lock. Note More than 3 lines to cross to HUL. TA088287.",""
"20179751","HUL1","1.0528","QF","","1.0528","2100","","MAV","","507302.0","428309.0","St Georges Road CCTV LC HU3 6EF","HFJ7","","","","","","","","","ME00755Nw","","20179751","2022-09-15","","NRAIL","","","","","Down Main/Fast","Off Anlaby Rd onto A1105 Continue To LC. TA073283.   Access via Both Roads - Amend in Ellipse",""
"20787809","HUL1","1.0528","QF","","1.0528","1100","","MAV","","507302.0","428309.0","St Georges Road CCTV LC HU3 6EF","HFJ7","","","","","","","","","ME00755Nw","","20787809","2022-09-15","","NRAIL","","","","","Up Main/Fast","Off Anlaby Rd onto A1105 Continue To LC. TA073283.   Access via Both Roads - Amend in Ellipse",""
"20180772","HUL1","1.1628","QF","","1.1628","2100","","MAV","","506839.0","427515.0","Hessle Road Signal Box, Gypsyville, Hull HU3 5JD","HFJ7","","","","","","","","","","","20180772","2015-02-04","","NRAIL","","","","","Down Main/Fast","Turn off A1105 via Wiltshire Road. Exit on Eastbound Carriageway of A1166, Double Gates 859 Lock -past Flyover Bridge-. TA068275.",""
"20774331","HUL1","2.0836","QF","","2.0836","2100","","MAV","","506424.0","426860.0","Br5 Priory Bridge, Freightliner Road HU3 4XR","HFJ7","","","","","","","","","ME00755Nw","","20774331","2022-09-15","","NRAIL","","","","","Down Main/Fast","Turn off A1166 onto Freightlner Rd, continue to Bridge 5, Double gates 859 Lock. Steep Steps at west end of Bridge 5. TA064268    Access via Down Side - Amend in Ellipse",""
"20180773","HUL1","4.1408","QF","","4.1408","2100","","MAV","","503027.0","425716.0","Hessle Station, Southfields, Hessle HU13 0EY","HFJ7","","","","","","","","","","","20180773","2015-02-04","","NRAIL","","","","","Down Main/Fast","Off A164 0nto Boothferry Rd, turn right onto Heads Lane on Woodfield Lane then left onto Southfield and Station. Single gate 859 Lock. TA030257.",""
"20179675","HUL1","8.088","QF","","8.088","2100","","MAV","","496964.0","425727.0","MELTON LANE MCB-OD HU14 3LJ","HFJ7","","","","","","","","","","","20179675","2018-11-07","","NRAIL","","","","","Down Main/Fast","Off A63 onto Monks Way, follow signs for Gibson Lane Industrial Estate, 1st left after 2nd roundabout onto Gibson Lane & continue to LC. Double gates to Compound on LHS Down Side. SE969257.",""
"20179609","HUL1","9.0792","QF","","9.0792","2100","","MAV","","498635.0","525564.0","WELTON MCB-OD HU14 3DJ","HFJ7","","","","","","","","","ME00755Nw","","20179609","2022-09-15","","NRAIL","","","","","Down Main/Fast","Exit A63, follow signs for Welton Waters turning along Stanley Jackson Way onto Common Lane, continue untill reaching the LC. Parking is available on Common Lane adjacent to the crossing on the Dn Side. Floodlight at the crossing by arrangement with the Gate Keeper. SE986255      Access via Both Roads - Amend in Ellipse",""
"20787810","HUL1","9.0792","QF","","9.0792","1100","","MAV","","498635.0","525564.0","WELTON MCB-OD HU14 3DJ","HFJ7","","","","","","","","","ME00755Nw","","20787810","2022-09-15","","NRAIL","","","","","Up Main/Fast","Exit A63, follow signs for Welton Waters turning along Stanley Jackson Way onto Common Lane, continue untill reaching the LC. Parking is available on Common Lane adjacent to the crossing on the Dn Side. Floodlight at the crossing by arrangement with the Gate Keeper. SE986255      Access via Both Roads - Amend in Ellipse",""
"20180702","HUL1","10.0528","QF","","10.0528","1100","","MAV","","494161.0","426477.0","Brough East MGB & Sig Box Skillings Lane HU15 1EN","HFJ7","","","","","","","","","","","20180702","2015-02-04","","NRAIL","","","","","Up Main/Fast","Off A63 via Welton Road, Skillings Lane. Over LC & turn right Single Gate 859 Lock. SE941264.",""
"20180703","HUL1","10.0713","QF","","10.0713","2100","","MAV","","494016.0","426516.0","Brough Station HU15 1BE","HFJ7","","","","","","","","","","","20180703","2015-02-04","","NRAIL","","","","","Down Main/Fast","Access Point. Station. Off A63 via Welton Road and Station Road. SE940265.",""
"20180706","HUL1","14.0726","QF","","14.0726","1100","","MAV","","487719.0","427903.0","Broomfleet Station & Sig Box, Carr Lane HU15 1RQ","HFJ7","","","","","","","","","ME00755Nw","","20180706","2022-09-15","","NRAIL","","","","","Up Main/Fast","Off B1230 for Broomfleet, right at end of Wallingfen Lane then 1st left. Continue over LC turn right to Car Park. SE877279.    Access via Both Roads - Amend in Ellipse",""
"20787813","HUL1","14.0726","QF","","14.0726","2100","","MAV","","487719.0","427903.0","Broomfleet Station & Sig Box, Carr Lane HU15 1RQ","HFJ7","","","","","","","","","ME00755Nw","","20787813","2022-09-15","","NRAIL","","","","","Down Main/Fast","Off B1230 for Broomfleet, right at end of Wallingfen Lane then 1st left. Continue over LC turn right to Car Park. SE877279.    Access via Both Roads - Amend in Ellipse",""
"20179845","HUL1","16.0462","QF","","16.0462","2100","","MAV","","484783.0","428497.0","Oxmardyke MBW, Tongue Lane HU15 2UY","HFJ7","","","","","","","","","ME00755Nw","","20179845","2022-09-15","","NRAIL","","","","","Down Main/Fast","Turn Off B1230 For Oxmardyke onto Tounge Lane & continue to LC. Limited parking behind Signal Box. SE847284.     Access via Both Roads - Amend in Ellipse",""
"20787814","HUL1","16.0462","QF","","16.0462","1100","","MAV","","484783.0","428497.0","Oxmardyke MBW, Tongue Lane HU15 2UY","HFJ7","","","","","","","","","ME00755Nw","","20787814","2022-09-15","","NRAIL","","","","","Up Main/Fast","Turn Off B1230 For Oxmardyke onto Tounge Lane & continue to LC. Limited parking behind Signal Box. SE847284.     Access via Both Roads - Amend in Ellipse",""
"20180707","HUL1","16.1496","QF","","16.1496","2100","","MAV","","483689.0","428717.0","Gilberdyke Station, Station Road HU15 2YB","HFJ7","","","","","","","","","ME00755Nw","","20180707","2022-09-15","","NRAIL","","","","","Down Main/Fast","Off Scalby Lane Gilberdyke, Double Access gates 859 Lock. Gates off Station Carpark on Downside. SE836287.     Mileage Amended to 16m 1496yds - Amend in Ellipse",""
"20774902","HUL1","17.0112","QF","","17.0112","2100","","MAV","","483537.0","428745.0","Gilberdyke Station Car Park HU15 2ST","HFJ7","","","","","","","","","Vehicle","","20774902","2015-02-04","","NRAIL","","","","","Down Main/Fast","","SE 83537 28745"
"20179396","HUL1","17.0506","QF","","17.0506","2100","","MAV","","483166.0","428822.0","Bellasize UWC HU15 2TJ","HFJ7","","","","","","","","","NV","","20179396","2015-02-19","","NRAIL","","","","","Down Main/Fast","Access Point. Level Crossing. RT Document: ALARMS.","SE 83166 28822"
"20179346","HUL1","17.0858","QF","","17.0858","2100","","MAV","","482845.0","428887.0","Bennetland UWC HU15 2TN","HFJ7","","","","","","","","","NV","","20179346","2015-02-19","","NRAIL","","","","","Down Main/Fast","Access Point. Level Crossing. RT Document: ALARMS. No parking on occupation road","SE 82845 28887"
"20774904","HUL1","17.1616","QF","","17.1616","2100","","MAV","","482190.0","429019.0","Slipper Bridge B1230 [Bridge 30] HU15 2SW","HFJ7","","","","","","","","","Vehicle","","20774904","2015-02-04","","NRAIL","","","","","Down Main/Fast","","SE 82190 29019"
"20774905","HUL1","18.0144","QF","","18.0144","1100","","MAV","","481932.0","429067.0","Lilac Villa LC DN14 7XL","HFJ7","","","","","","","","","ME00755Nw","","20774905","2022-09-15","","NRAIL","","","","","Up Main/Fast","Access via Up Side - Amend in Ellipse","SE 81932 29067"
"20179863","HUL1","19.0506","QF","","19.0506","0","","MAV","","480023.0","429454.0","Eastrington LC DN14 7PX","HFJ7","","","","","","","","","NV","","20179863","2015-02-04","","NRAIL","","","","","All/Multiple Tracks","Access Point. Level Crossing. RT Document: ALARMS.","SE 80023 29454"
"20180709","HUL1","19.0506","QF","","19.0506","0","","MAV","","480023.0","429454.0","Eastrington Station Yard DN14 7PX","HFJ7","","","","","","","","","NV","","20180709","2015-02-04","","NRAIL","","","","","All/Multiple Tracks","Access Point. Station. On minor road leading North West from B1230 towards Eastrington.","SE 80023 29454"
"20774906","HUL1","19.173","QF","","19.173","2100","","MAV","","478932.0","429675.0","Southfield UWC DN14 7PL","HFJ7","","","","","","","","","ME00755Nw","","20774906","2022-09-15","","NRAIL","","","","","Down Main/Fast","Access via Down - Missing from Ellipse - Add to Ellipse","SE 78932 29675"
"20774907","HUL1","20.1302","QF","","20.1302","2100","","MAV","","477738.0","429911.0","Burlands Lane LC DN14 7XB","HFJ7","","","","","","","","","Vehicle","","20774907","2015-02-04","","NRAIL","","","","","Down Main/Fast","","SE 77738 29911"
"20774908","HUL1","21.0514","QF","","21.0514","2100","","MAV","","476869.0","430090.0","Caville Yard BR 30 DN14 7LX","HFJ7","","","","","","","","","Vehicle","","20774908","2015-02-04","","NRAIL","","","","","Down Main/Fast","","SE 76869 30090"
"20774909","HUL1","22.0436","QF","","22.0436","1100","","MAV","","475360.0","430390.0","Swanfleet Lane LC DN14 7LF","HFJ7","","","","","","","","","Vehicle","","20774909","2015-02-04","","NRAIL","","","","","Up Main/Fast","","SE 75360 30390"
"20180710","HUL1","22.0594","QF","","22.0594","1100","","MAV","","475220.0","430418.0","Howden Station DN14 7LD","HFJ7","","","","","","","","","NV","","20180710","2015-02-04","","NRAIL","","","","","Up Main/Fast","Access Point. Signal Box/LC. On B1228 north of Howden.","SE 75220 30418"
"20180711","HUL1","22.0726","QF","","22.0726","1100","","MAV","","475220.0","430418.0","Howden Station DN14 7LD","HFJ7","","","","","","","","","ME00755Nw","","20180711","2022-09-15","","NRAIL","","","","","Up Main/Fast","Access Point. Station.     Mileage Amendment - 22m 726yds - Amend in Ellipse","SE 75220 30418"
"20179242","HUL1","23.033","QF","","23.033","2100","","MAV","","473861.0","430693.0","Brind Level Xing DN14 7LA","HFJ7","","","","","","","","","ME00755Nw","","20179242","2022-09-15","","NRAIL","","","","","Down Main/Fast","Access Point. Level Crossing. RT Document: ALARMS. No parking on occupation road    Track ID 2100 in Ellipse",""
"20774912","HUL1","24.0123","QF","","24.0123","2100","","MAV","","472484.0","430969.0","Rowland Hall LC DN14 7JU","HFJ7","","","","","","","","","ME00755Nw","","20774912","2022-09-15","","NRAIL","","","","","Down Main/Fast","Access via Both Roads - Amend in Ellipse","SE 72484 30969"
"20787815","HUL1","24.0123","QF","","24.0123","1100","","MAV","","472484.0","430969.0","Rowland Hall LC DN14 7JU","HFJ7","","","","","","","","","ME00755Nw","","20787815","2022-09-15","","NRAIL","","","","","Up Main/Fast","Access via Both Roads - Amend in Ellipse","SE 72484 30969"
"20179865","HUL1","24.1144","QF","","24.1144","2100","","MAV","","471572.0","431150.0","Cross Common Level Xing YO8 6EP","HFJ7","","","","","","","","","ME00755Nw","","20179865","2022-09-15","","NRAIL","","","","","Down Main/Fast","Access Point. Level Crossing. RT Document: ALARMS.    Access via Both Roads - Amend in Ellipse","SE 71572 31150"
"20787816","HUL1","24.1144","QF","","24.1144","1100","","MAV","","471572.0","431150.0","Cross Common Level Xing YO8 6EP","HFJ7","","","","","","","","","ME00755Nw","","20787816","2022-09-15","","NRAIL","","","","","Up Main/Fast","Access Point. Level Crossing. RT Document: ALARMS.    Access via Both Roads - Amend in Ellipse","SE 71572 31150"
"20774913","HUL1","25.0052","QF","","25.0052","1100","","MAV","","470972.0","431270.0","Wressle LC YO8 6EP","HFJ7","","","","","","","","","ME00755Nw","","20774913","2022-09-15","","NRAIL","","","","","Up Main/Fast","Access via Both Roads - Missing from Ellipse - Add to Ellipse","SE 70972 31270"
"20787817","HUL1","25.0052","QF","","25.0052","2100","","MAV","","470972.0","431270.0","Wressle LC YO8 6EP","HFJ7","","","","","","","","","ME00755Nw","","20787817","2022-09-15","","NRAIL","","","","","Down Main/Fast","Access via Both Roads - Missing from Ellipse - Add to Ellipse","SE 70972 31270"
"20179671","HUL1","25.1688","QF","","25.1688","0","","MAV","","469493.0","431566.0","Woodhall Lane YO8 6TG","HFJ7","","","","","","","","","ME00755Nw","","20179671","2022-09-15","","NRAIL","","","","","All/Multiple Tracks","Access Point. Level Crossing. RT Document: ALARMS.   Amend Mileage to 25m 1688yds - Amend in Ellipse",""
"20179333","HUL1","26.098","QF","","26.098","1100","","MAV","","468537.0","431757.0","Innermoor Level Xing YO8 6QH","HFJ7","","","","","","","","","ME00755Nw","","20179333","2022-09-15","","NRAIL","","","","","Up Main/Fast","Access Point. Level Crossing. RT Document: ALARMS. No parking on occupation road   Access via Up Side - mileage to be 26m 980yds - Amend in Ellipse",""
"20179673","HUL1","26.1722","QF","","26.1722","1100","","MAV","","467906.0","431883.0","Hagg Lane YO8 6TF","HFJ7","","","","","","","","","ME00755Nw","","20179673","2022-09-15","","NRAIL","","","","","Up Main/Fast","Access Point. Level Crossing. RT Document: ALARMS.   Mileage to be 26m 1722yds Both Roads - Amend in Ellipse",""
"20787818","HUL1","26.1722","QF","","26.1722","2100","","MAV","","467906.0","431883.0","Hagg Lane YO8 6TF","HFJ7","","","","","","","","","ME00755Nw","","20787818","2022-09-15","","NRAIL","","","","","Down Main/Fast","Access Point. Level Crossing. RT Document: ALARMS.   Mileage to be 26m 1722yds Both Roads - Amend in Ellipse",""
"20774917","HUL1","27.0656","QF","","27.0656","1100","","MAV","","467274.0","432010.0","Hoton House Farm LC YO8 6QG","HFJ7","","","","","","","","","Vehicle","","20774917","2022-07-01","","NRAIL","","","","","Up Main/Fast","","SE 67274 32010"
"20179770","HUL1","28.0044","QF","","28.0044","1100","","MAV","","466252.0","432216.0","Cliffe Level Xing YO8 6NR","HFJ7","","","","","","","","","ME00755Nw","","20179770","2022-09-16","","NRAIL","","","","","Up Main/Fast","Access Point. Level Crossing. RT Document: ALARMS.     Access via Both Roads - Amend in Ellipse","SE 66252 32216"
"20787828","HUL1","28.0044","QF","","28.0044","2100","","MAV","","466252.0","432216.0","Cliffe Level Xing YO8 6NR","HFJ7","","","","","","","","","ME00755Nw","","20787828","2022-09-16","","NRAIL","","","","","Down Main/Fast","Access Point. Level Crossing. RT Document: ALARMS.     Access via Both Roads - Amend in Ellipse","SE 66252 32216"
"20774919","HUL1","28.109","QF","","28.109","2100","","MAV","","465313.0","432405.0","Lund Lane LC YO8 6PE","HFJ7","","","","","","","","","Vehicle","","20774919","2022-07-01","","NRAIL","","","","","Down Main/Fast","","SE 65313 32405"
"20771506","HUL1","29.143","QF","","29.143","2100","","MAV","","463424.0","432762.0","Barlby, Beneath A63 Overbridge 37 YO8 6DY","HFJ7","","","","","","","","","ME00755Nw","","20771506","2022-09-16","","NRAIL","","","","","Down Main/Fast","A new 12ft wide gate installed within the down cess. This was installed in connection with a recent track renewal & prior agreement with maintenance to adopt this as an Authorised Access Point wide enough for RRV Access.        Should be A63 - Amend in Ellipse","SE 63424 32762"
"20773291","HUL1","29.1707","QF","","29.1707","2100","","MAV","","463129.5","432759.4","Barlby Gate 4 YO8 5DZ","HFJ7","","","","","","","","","NV","","20773291","2022-09-16","","NETWOR","","","","","Down Main/Fast"," Mileage to be 29m 1707yds - Amend in Ellipse",""
"20774922","HUL1","30.074","QF","","30.074","2100","","MAV","","462448.0","432742.0","Barlby BOCM LC [through BOCM Mill] YO8 5AF","HFJ7","","","","","","","","","Vehicle","","20774922","2022-07-01","","NRAIL","","","","","Down Main/Fast","","SE 62448 32742"
"120000399","HUL2","30.1736","QF","","30.1736","1600","","MAP","","461829.551","432205.035","Selby Station Platform 2/3 Up Access Gate","HFJ7","","","","","","","","","Authorised Access Point - Pedestrian","","120000399","2025-03-11","","","","","","","Up Terminal/Bay","Internal pedestrian access gate from up side yard NR Car Park / compound  to platform 2/3 via stepped access. 
Access code is C821 which is different to  outer vehicular access gate to compound.
Pedestrian access only. Stepped access  not suitable for heavy equipment or wheeled access. (Individuals carrying light hand tools or materials only, No carrying involving more than one indivivual) ",""
"20774925","HUL2","31.0242","QF","","31.0242","1100","","MAP","","461697.0","431982.0","Selby South YO8 8BH","HFJ7","","","","","","","","","Pedestrian","","20774925","2015-02-04","","NRAIL","","","","","Up Main/Fast","","SE 61697 31982"
"20774923","HUL2","30.126","QF","","30.126","2500","","MAV","","462008.0","432581.0","Selby Swing Bridge John St YO8 5AJ","HFJ7","","","","","","","","","Vehicle","","20774923","2022-07-01","","NRAIL","","","","","Down Loop","","SE 62008 32581"
"20774924","HUL2","30.143","QF","","30.143","2100","","MAV","","461916.0","432456.0","Selby Swing Bridge RR YO8 5AJ","HFJ7","","","","","","","","","Vehicle","","20774924","2015-02-04","","NRAIL","","","","","Down Main/Fast","","SE 61916 32456"
"20180714","HUL2","30.1738","QF","","30.1738","2100","","MAV","","461774.0","432169.0","Selby Station Platforms YO8 4NP","HFJ7","","","","","","","","","ME00755Nw","","20180714","2022-09-16","","NRAIL","","","","","Down Main/Fast","Access Point. Station. Town Centre via Station Road.     Access via Down Side - Amend in Ellipse","SE 61774 32169"
"20180715","HUL3","0.0888","QF","","0.0888","2100","","MAP","","460961.0","431851.0","Doncaster Road LC YO8 9BS","HFJ7","","","","","","","","","NV","","20180715","2015-02-04","","NRAIL","","","","","Down Main/Fast","MIMS-SX//DE/MM - Access Point. Signal Box/LC. A19 Selby town centre. Doncaster Road. - Not seen on SERCO -","SE 60961 31851"
"20180127","HUL3","0.0902","QF","","0.0902","2100","","MAP","","460948.0","431848.0","DONCASTER ROAD YO8 9BS","HFJ7","","","","","","","","","","","20180127","2015-02-11","","NRAIL","","","","","Down Main/Fast","MIMS-SX//DE/MM - NOT SEEN ON STAGE1 SITE VISIT - Not seen on SERCO -",""
"20790410","HUL3","2.0088","QF","","2.0088","1100","","MAP","","458516.0","43138.8","Thorp Gates YO8 4JR_","HFJ7","","","","","","","","","","","20790410","2024-04-23","","","","","","","Up Main/Fast","What3Words   cookery.verve.junior","SE 58516 31388"
"20781787","HUL3","3.0721","QF","","3.0721","1100","","MAP","","456335.0","431460.0","Hambleton East YO8 9PB","HFJ7","","","","","","","","","","","20781787","2022-09-06","","NRAIL","","","","","Up Main/Fast","Hambleton sewage works. New steps installed",""
"120001317","HUL3","3.0748","QF","","3.0748","1100","","MAP","","456311.0","431467.0","HAMBLETON EAST JUNCTION","HFJ7","","","","","","","","","ACCESS POINT","","120001317","2025-07-18","","","","","","","Up Main/Fast","waiters.geologist.older
Ellipse Ref 19909756",""
"20782549","HUL3","3.1312","QF","","3.1312","2100","","MAP","","455797.0","431502.0","HAMBLETON EAST BR1B YO8 3RD","HFJ7","","","","","","","","","","","20782549","2022-09-06","","NRAIL","","","","","Down Main/Fast","",""
"20782547","HUL3","4.1011","QF","","4.1011","2100","","MAP","","454464.0","431557.0","Philip Lane LC YO8 9JS","HFJ7","","","","","","","","","","","20782547","2022-09-06","","NRAIL","","","","","Down Main/Fast","","SE 54450 31552"
"20782548","HUL3","4.1018","QF","","4.1018","1100","","MAP","","454458.0","431550.0","Philip Lane LC YO8 9JS","HFJ7","","","","","","","","","","","20782548","2022-09-06","","NRAIL","","","","","Up Main/Fast","","SE 54450 31552"
"20774930","HUL3","4.102","QF","","4.102","1100","","MAP","","454450.0","431552.0","Philip Lane LC YO8 9JS","HFJ7","","","","","","","","","","","20774930","2023-11-25","","NRAIL","","","","","Up Main/Fast","","SE 54450 31552"
"20774933","HUL3","7.0362","QF","","7.0362","2100","","MAP","","450248.0","431906.0","A162 [Bridge 5B] LS25 5BN","HFJ7","","","","","","","","","Pedestrian","","20774933","2022-07-01","","NRAIL","","","","","Down Main/Fast","","SE 50248 31906"
"20774935","HUL3","7.15","QF","","7.15","0","","MAP","","449221.0","432082.0","Highfield Villas LC LS25 5AG","HFJ7","","","","","","","","","Pedestrian","","20774935","2022-07-01","","NRAIL","","","","","All/Multiple Tracks","","SE 49221 32082"
"20774936","HUL3","8.046","QF","","8.046","0","","MAP","","448572.0","432172.0","Wells Lane LC LS25 5FE","HFJ7","","","","","","","","","Pedestrian","","20774936","2015-02-04","","NRAIL","","","","","All/Multiple Tracks","","SE 48572 32172"
"20179220","HUL3","8.0484","QF","","8.0484","0","","MAP","","448552.0","432174.0","Wells Lane LS25 5FE","HFJ7","","","","","","","","","","","20179220","2015-02-04","","NRAIL","","","","","All/Multiple Tracks","MIMS-X///MM - Access Point. Level Crossing. RT Document: ALARMS. Access on foot only. No vehicular access or parking.",""
"20179221","HUL3","8.165","QF","","8.165","0","","MAP","","447489.0","432118.0","Gorse Lane LC LS25 6JR","HFJ7","","","","","","","","","NV","","20179221","2015-02-04","","NRAIL","","","","","All/Multiple Tracks","MIMS-X///MM - Access Point. Level Crossing. RT Document: ALARMS. Access on foot only. No vehicular access or parking. - Not seen on SERCO -","SE 47489 32118"
"20774939","HUL3","10.0632","QF","","10.0632","0","","MAP","","445265.0","432576.0","Highroyds Wood LC LS25 4ED","HFJ7","","","","","","","","","Pedestrian","","20774939","2015-02-04","","NRAIL","","","","","All/Multiple Tracks","","SE 45265 32576"
"20774926","HUL3","0.07","QF","","0.07","1100","","MAV","","461130.0","431869.0","Selby West Curve YO8 9TY","HFJ7","","","","","","","","","Vehicle","","20774926","2022-07-01","","NRAIL","","","","","Up Main/Fast","","SE 61130 31869"
"20179756","HUL3","0.0905","QF","","0.0905","2100","","MAV","","460945.0","431848.0","Selby SB Car Park YO8 9BS","HFJ7","","","","","","","","","NV","","20179756","2015-02-05","","NRAIL","","","","","Down Main/Fast","MIMS-SX//DE/MM - Access Point. Level Crossing. RT Document: ALARMS. - Not seen on SERCO -","SE 60945 31848"
"20179678","HUL3","1.0924","QF","","1.0924","1100","","MAV","","459358.0","431492.0","Sandhill Lane LC YO8 4JP","HFJ7","","","","","","","","","ME00755Nw","","20179678","2022-09-16","","NRAIL","","","","","Up Main/Fast","MIMS-X///MM - Access Point. Level Crossing. RT Document: ALARMS.   Access via Up Side / 1 Parking space avaiolable on down side - Amend in Ellipse","SE 59358 31492"
"20179882","HUL3","2.0594","QF","","2.0594","1100","","MAV","","458056.0","431360.0","Thorpe Gates Box Yard YO8 9LT","HFJ7","","","","","","","","","NV","","20179882","2015-02-05","","NRAIL","","","","","Up Main/Fast","MIMS-X///MM - Access Point. Level Crossing. RT Document: ALARMS.","SE 58056 31360"
"20179883","HUL3","2.0902","QF","","2.0902","2100","","MAV","","457776.0","431374.0","Thorpe Hall LC YO8 9LU","HFJ7","","","","","","","","","ME00755Nw","","20179883","2022-09-16","","NRAIL","","","","","Down Main/Fast","MIMS-X///MM - Access Point. Level Crossing. RT Document: ALARMS.   Parking on down side - Amend in Ellipse","SE 57776 31374"
"20180082","HUL3","2.1744","QF","","2.1744","1100","","MAV","","457009.0","431421.0","Harry Moor Level Xing YO8 9PB","HFJ7","","","","","","","","","","","20180082","2015-02-04","","NRAIL","","","","","Up Main/Fast","MIMS-X///MM - Access Point. Level Crossing. RT Document: ALARMS. No parking on occupation road",""
"20663292","HUL3","4.1034","QF","","4.1034","1100","","MAV","","454448.0","431551.0","Philip Lane YO8 9JS","HFJ7","","","","","","","","","ME00755Nw","","20663292","2022-09-16","","NRAIL","","","","","Up Main/Fast","Access Point - Level Crossing. RT Document: ALARMS. No parking on occupation road. Track ID = 1100 & 2100. Up and Down - Amend in Ellipse - also amended mileage from 4.1029 as per document",""
"20787819","HUL3","4.1034","QF","","4.1034","2100","","MAV","","454448.0","431551.0","Philip Lane YO8 9JS","HFJ7","","","","","","","","","ME00755Nw","","20787819","2022-09-16","","NRAIL","","","","","Down Main/Fast","Access Point - Level Crossing. RT Document: ALARMS. No parking on occupation road. Track ID = 1100 & 2100. Up and Down - Amend in Ellipse - also amended mileage from 4.1029 as per document",""
"20774932","HUL3","5.0724","QF","","5.0724","1100","","MAV","","453120.0","431627.0","Hagg Lane LC LS25 5DW","HFJ7","","","","","","","","","ME00755Nw","","20774932","2022-09-20","","NRAIL","","","","","Up Main/Fast","Up Road - Amend in Ellipse","SE 53120 31627"
"20178944","HUL3","6.059","QF","","6.059","1100","","MAV","","451636.0","431715.0","Gascoigne Wood LS25 5DL","HFJ7","","","","","","","","","NV","","20178944","2015-02-04","","NRAIL","","","","","Up Main/Fast","Private Road. USE ONLY APPROVED WALKING ROUTE. THE NEARNESS OF THE DISUSED P/WAY PORTABLE STORAGE BUILDINGS TO THE ELECTRICTY SUPPLY TRANSFORMER POLE A HAZARD, WHICH MUST BE ADDRESSED","SE 51636 31715"
"20179218","HUL3","6.0973","QF","","6.0973","1100","","MAV","","451286.0","431738.0","Norden Barn LC LS25 5DL","HFJ7","","","","","","","","","ME00755Nw","","20179218","2022-09-20","","NRAIL","","","","","Up Main/Fast","Access Point. Level crossing. No parking on occupation road. Staff MUST NOT block off access to the crossing at Nordens Barn Farm at anytime. 24/7 Access required   Access via Up Road - Amend in Ellipse","SE 51286 31738"
"20774934","HUL3","7.1232","QF","","7.1232","2100","","MAV","","449442.0","432044.0","South Milford Stn LC LS25 6NQ","HFJ7","","","","","","","","","ME00755Nw","","20774934","2022-09-20","","NRAIL","","","","","Down Main/Fast","Mileage difference <showing as 7m 1232yds in Ellipse> - Amend in Ellipse","SE 49442 32044"
"20180717","HUL3","7.1341","QF","","7.1341","2100","","MAV","","449367.0","432056.0","South Milford Station Foot Crossing LS25 6NQ","HFJ7","","","","","","","","","","","20180717","2015-02-04","","NRAIL","","","","","Down Main/Fast","MIMS-X///MM - Access Point. Station. Station approach off A162 at South Milford just north of railway bridge.",""
"20774937","HUL3","9.0862","QF","","9.0862","2100","","MAV","","446608.0","432202.0","Aspinalls Farm LC LS25 6JN","HFJ7","","","","","","","","","Vehicle","","20774937","2015-02-04","","NRAIL","","","","","Down Main/Fast","","SE 46608 32202"
"20179500","HUL3","9.1034","QF","","9.1034","2100","","MAV","","446455.0","432238.0","Newthorpe LC LS25 6JN","HFJ7","","","","","","","","","NV","","20179500","2015-02-04","","NRAIL","","","","","Down Main/Fast","MIMS-X///MM - Access Point. Level Crossing. RT Document: ALARMS. No parking on occupation road - Not seen on SERCO -","SE 46455 32238"
"20774940","HUL3","10.11","QF","","10.11","2100","","MAV","","444637.0","432701.0","Peckfield LS25 4AA","HFJ7","","","","","","","","","Vehicle","","20774940","2015-02-04","","NRAIL","","","","","Down Main/Fast","","SE 44637 32701"
"20663293","HUL3","4.1484","QF","","4.1484","0","","MAX","","454032.0","431570.0","Ruddings Farm LC YO8 9JW","HFJ7","","","","","","","","","NV","","20663293","2022-10-14","","NRAIL","","","","","All/Multiple Tracks","Access Point - Level Crossing. RT Document: ALARMS. Track ID = 1100 & 2100.","SE 54031 31572"
"20180105","HUL4","19.1474","QF","","19.1474","9999","","MA","","431062.0","433484.0","","HFJ6","","","","","","","","","","","20180105","2008-09-08","","NV","","","","","Unknown","A RIGHT OF WAY WITH OR WITHOUT VEICLES OVER THE ROUTES SHOWN COLOURED BROWN",""
"20180106","HUL4","20.0286","QF","","20.0374","9999","","MA","","430552.0","433371.0","","HFJ6","","","","","","","","","","","20180106","2008-09-08","","NV","","","","","Unknown","A RIGHT OF ACCESS OVER THE STRIP OF LAND 12 WIDE COLOURED BLUE HATCHED TO ITS ADJOINING ARCHES + WORKS",""
"20180026","HUL4","20.0968","QF","","20.0968","9999","","MA","","429956.0","433275.0","Leeds Station","HFJ6","","","","","","","","","NV","","20180026","2013-03-27","","NRAIL","","","","","Unknown","A RIGHT OF WAY WITH OR WITHOUT MEN MACHINERY + MATERIALS FOR ALL PURPOSES NECESSARY FOR INSPECTING MANINTING OR RENEWING THE ADJOINING OR NEIGHBOURIN LAND OF THE BOARD. WHETHER INTENDED TO BE RETAINED OR SOLD BY THEM BEING THE PROPERTY VERGED GREEN OVER","SE 29956 33275"
"20631982","HUL4","10.144","QF","","10.144","1100","","MAP","","444538.0","432706.0","Micklefield Station","HFJ6","","","","","","","","","NV","","20631982","2013-03-27","","NRAIL","","","","","Up Main/Fast","MIMS-S//DE/ - ACCESS VIA PLAT 2","SE 44538 32706"
"20180718","HUL4","10.1518","QF","","10.1518","0","","MAP","","444467.0","432710.0","Micklefield Station","HFJ6","","","","","","","","","NV","","20180718","2013-03-27","","NRAIL","","","","","All/Multiple Tracks","MIMS-S//DE/ - Access Point. Station. Station approach opposite Peckfield Colliery approach off old Great North Road through village.","SE 44467 32710"
"20774941","HUL4","11.025","QF","","11.025","2100","","MAP","","444021.0","432734.0","Peckfield LC","HFJ6","","","","","","","","","Predestrian","","20774941","2013-03-14","","NRAIL","","","","","Down Main/Fast","","SE 44021 32734"
"20179412","HUL4","11.0264","QF","","11.0264","9999","","MAP","","444007.0","432737.0","PECKFIELD","HFJ6","","","","","","","","","","","20179412","2008-09-08","","NV","","","","","Unknown","Access Point. Level Crossing. RT Document: ALARMS. Access on foot only. No vehicular access or parking.",""
"20776790","HUL4","11.1119","QF","","11.1119","1100","","MAP","","443227.0","432781.0","Peckfield Industrial Estate","HFJ6","","","","","","","","","","","20776790","2015-02-27","","NRAIL","","","","","Up Main/Fast","NEW PEDESTRIAN STAFF ACCESS POINT","SE 43227 32781"
"20632007","HUL4","12.124","QF","","12.124","1100","","MAP","","441537.0","433047.0","East Garforth","HFJ6","","","","","","","","","","","20632007","2015-02-27","","JARVIS","","","","","Up Main/Fast","MIMS-SX//DE/KN - ACCESS PLAT. 2",""
"20632008","HUL4","12.1244","QF","","12.1244","2100","","MAP","","441530.0","433044.0","East Garforth","HFJ6","","","","","","","","","NV","","20632008","2013-03-27","","NRAIL","","","","","Down Main/Fast","MIMS-SX//DE/KN - ACCES PLAT 1","SE 41530 33044"
"20632009","HUL4","12.1288","QF","","12.1288","1100","","MAP","","441494.0","433060.0","East Garforth","HFJ6","","","","","","","","","NV","","20632009","2013-03-27","","NRAIL","","","","","Up Main/Fast","MIMS-SX//DE/KN - ACCESS PLAT 2","SE 41494 33060"
"20632018","HUL4","13.0435","QF","","13.0435","1100","","MAP","","440815.0","433518.0","Garforth Station","HFJ6","","","","","","","","","NV","","20632018","2013-03-27","","NRAIL","","","","","Up Main/Fast","MIMS-SX//DE/KN - ACCESS PLAT 2, GARFORTH STN","SE 40815 33518"
"20632019","HUL4","13.0481","QF","","13.0481","1100","","MAP","","440772.0","433545.0","","HFJ6","","","","","","","","","","","20632019","2008-09-08","","JARVIS","","","","","Up Main/Fast","MIMS-SX//de/KN - ACCESS PLAT 2, GARFORTH STN",""
"20632020","HUL4","13.0493","QF","","13.0493","1100","","MAP","","440763.0","433551.0","","HFJ6","","","","","","","","","","","20632020","2008-09-08","","JARVIS","","","","","Up Main/Fast","MIMS-SX//DE/KN - ACCESS PLAT 2, GARFORTH STN",""
"20632021","HUL4","13.0493","QF","","13.0493","2100","","MAP","","440763.0","433551.0","","HFJ6","","","","","","","","","","","20632021","2008-09-08","","JARVIS","","","","","Down Main/Fast","MIMS-SX//DE/KN - ACCESS PLAT 1, GARFORTH STN",""
"20774944","HUL4","13.0496","QF","","13.0496","1100","","MAP","","440764.0","433545.0","Garforth","HFJ6","","","","","","","","","Predestrian","","20774944","2013-03-14","","NRAIL","","","","","Up Main/Fast","","SE 40764 33545"
"20774945","HUL4","13.0502","QF","","13.0502","2100","","MAP","","440764.0","433554.0","Garforth","HFJ6","","","","","","","","","Predestrian","","20774945","2013-03-14","","NRAIL","","","","","Down Main/Fast","","SE 40764 33554"
"20178980","HUL4","13.0887","QF","","13.0887","0","","MAP","","440436.0","433697.0","GARFORTH MOOR","HFJ6","","","","","","","","","","","20178980","2012-09-05","","NV","","","","","All/Multiple Tracks","MIMS-X///KN - Access Point. Foot access. SLEEPING DOG~ TRACK ACCESS ON FOOT ONLY. NO VEHICULAR ACCESS OR PARKING",""
"20786708","HUL4","13.0887","QF","","13.0887","0","","MAP","","440436.0","433697.0","GARFORTH MOOR","HFJ6","","","","","","","","","","","20786708","2022-01-17","","NV","","","","","All/Multiple Tracks","MIMS-X///KN - Access Point. Foot access. SLEEPING DOG~ TRACK ACCESS ON FOOT ONLY. NO VEHICULAR ACCESS OR PARKING",""
"20774946","HUL4","13.0898","QF","","13.0898","1100","","MAP","","440432.0","433697.0","Garforth Moor LC","HFJ6","","","","","","","","","Predestrian","","20774946","2013-03-14","","NRAIL","","","","","Up Main/Fast","","SE 40432 33697"
"20179300","HUL4","13.1342","QF","","13.1342","0","","MAP","","440031.0","433790.0","Barrowby Foot LC","HFJ6","","","","","","","","","NV","","20179300","2013-03-27","","NRAIL","","","","","All/Multiple Tracks","MIMS-X///KN - Access Point. Level Crossing. RT Document: ALARMS. Access on foot only","SE 40031 33790"
"20774947","HUL4","13.1672","QF","","13.1672","2100","","MAP","","439767.0","433851.0","Barrowby Hot Axle Box","HFJ6","","","","","","","","","Predestrian","","20774947","2013-03-14","","NRAIL","","","","","Down Main/Fast","","SE 39767 33851"
"20179314","HUL4","13.1757","QF","","13.1757","0","","MAP","","439660.0","433871.0","BARROWBY LANE","HFJ6","","","","","","","","","","","20179314","2008-09-08","","NV","","","","","All/Multiple Tracks","MIMS-X///KN - Access Point. Level Crossing. RT Document: ALARMS. Access on foot only",""
"20774948","HUL4","14.006","QF","","14.006","0","","MAP","","439603.0","433879.0","Barrowby Lane LC","HFJ6","","","","","","","","","Predestrian","","20774948","2013-03-14","","NRAIL","","","","","All/Multiple Tracks","","SE 39603 33879"
"20774950","HUL4","15.1474","QF","","15.1474","2100","","MAP","","436823.0","434502.0","Austhorpe Lane","HFJ6","","","","","","","","","Predestrian","","20774950","2013-03-14","","NRAIL","","","","","Down Main/Fast","","SE 36823 34502"
"20632032","HUL4","16.0266","QF","","16.0266","2100","","MAP","","436291.0","434444.0","","HFJ6","","","","","","","","","","","20632032","2008-09-08","","NV","","","","","Down Main/Fast","MIMS-SX//DE/KN - ACCESS PLAT 1",""
"20632033","HUL4","16.0266","QF","","16.0266","1100","","MAP","","436291.0","434444.0","","HFJ6","","","","","","","","","","","20632033","2008-09-08","","JARVIS","","","","","Up Main/Fast","MIMS-SX//DE/KN -",""
"20774951","HUL4","16.0286","QF","","16.0286","2100","","MAP","","436272.0","434446.0","Cross Gates Down Platform","HFJ6","","","","","","","","","Predestrian","","20774951","2013-03-14","","NRAIL","","","","","Down Main/Fast","","SE 36272 34446"
"20774952","HUL4","16.0286","QF","","16.0286","1100","","MAP","","436276.0","434434.0","Cross Gates Up Platform","HFJ6","","","","","","","","","Predestrian","","20774952","2013-03-14","","NRAIL","","","","","Up Main/Fast","","SE 36276 34434"
"20789089","HUL4","16.1188","QF","","16.1188","2100","","MAP","","435469.0","434257.0","Valley Drive, Graveleythorpe OB 24","HFJ6","","","","","","","","","Pedestrian access","","20789089","2023-03-22","","NRAIL","","","","","Down Main/Fast","Access through the pedestrian access gate, along the top landing leading to the access steps. Access steps lead to the Down Leeds. Access point lit by a solar powered street light. There is no vehicle parking at this location. Closest vehicle parking is located off Sakura Walk <Down side> & Valley Drive <Up side> What3Words Ref: supporter.fits.faded","SE 35469 34257"
"20774953","HUL4","16.1192","QF","","16.1192","1100","","MAP","","435475.0","434227.0","Valley Drive, Graveleythorpe OB 24","HFJ6","","","","","","","","","Pedestrian","","20774953","2022-10-03","","NRAIL","","","","","Up Main/Fast","Access through the pedestrian access gate, along the top landing leading to the access steps. Access steps lead to the Up Leeds. Access point lit by solar powered street lighting and strail lighting. What3Words Ref: boots.frosted.ranked","SE 35475 34227"
"20786428","HUL4","17.0044","QF","","17.0044","2100","","MAP","","434919.0","434195.0","Dragon Close","HFJ6","","","","","","","","","","","20786428","2021-11-16","","NRAIL","","","","","Down Main/Fast","1.8m high palisade access gate installed directly off Dragon Close leading to the Down Cess.  What3Words Ref: lifts.hits.gallons","SE 34919 34195"
"20786309","HUL4","18.0159","QF","","18.0159","2100","","MAP","","433465.0","433468.0","Neville Hill Washer Plant","HFJ6","","","","","","","","","Pedestrian","","20786309","2021-10-18","","NRAIL","","","","","Down Main/Fast","Contact Neville Hill Depot Console ? 0758 411 6112 to agree access through the Washer Plant Sidings [NHM 3917/18] from the Vehicular access gates off Osmondthorpe Lane and walk through the washer plant in the method as agreed with the Neville Hill Console to the buffer stops and the new pedestrian access gate to HUL4 Down Main.  . What3Words Ref: dull.term.slim","SE 33465 33468"
"20788329","HUL4","18.0686","QF","","18.0686","1802","","MAP","","433212.0","433061.0","Osmondthorpe Lane, Leeds","HFJ6","","","","","","","","","Pedestrian","","20788329","2022-10-31","","NRAIL","","","","","","Access via the concrete steps to the side of UB 32 [Osmondthorpe Lane], through the pedestrian palisade access gate and along the secondary access steps leading to the Up Siding cess.  What3Words Ref: sudden.asserts.forces","SE 33212 33061"
"20786028","HUL4","19.0001","QF","","19.0004","1150","","MAP","","432192.0","432942.0","Park Parade O/B 33 Cross Green","HFJ6","","","","","","","","","Pedestrian","","20786028","2021-10-04","","NRAIL","","","","","","Access through the pedestrian palisade access gate and follow the walking route to the new access steps leading to Neville Hill West Jcn <HUL4 & HUE lines>.  What3Words Ref:  wires.spins.slower","SE 32192 32942"
"20774957","HUL4","19.1305","QF","","19.1305","1100","","MAP","","431219.0","433457.0","Railway Street","HFJ6","","","","","","","","","Predestrian","","20774957","2013-03-14","","NRAIL","","","","","Up Main/Fast","","SE 31219 33457"
"20774182","HUL4","19.1352","QF","","19.1352","9999","","MAP","","","","Marsh Lane TSL 25KV Substation","HFJ6","","","","","","","","","","","20774182","2011-04-21","","NRAIL","","","","","Unknown","Shannon Street, LS9 8SF <SE 31201 33595>",""
"20784471","HUL4","20.0854","QF","","20.0854","3607","","MAP","","430047.0","433277.0","New Station Street","HFJ6","","","","","","","","","","","20784471","2023-05-31","","NRAIL","","","","","","What3Words : Stand,Spoon,Update.                Steel palisade gate in brick wall. Locked with NR 859 padlock. Access to the cess side of Platform 7 track. Access has safety rail between the gate and the track.","SE 30047 33277"
"20779567","HUL4","11.0419","QF","","11.043","0","","MAR","","443862.0","432742.0","Peckfield Business Park RRAP","HFJ6","","","","","","","","","","","20779567","2016-12-15","","NRAIL","","","","","All/Multiple Tracks","New 10.8m wide twin track, Rosehill RRAP installed with drop down bollards, each locked with 859 Railway Padlocks.","SE 43862 32742"
"20786328","HUL4","13.0142","QF","","13.1042","1100","","MAR","","440996.0","433372.0","Garforth Station RRAP","HFJ6","","","","","","","","","Access","","20786328","2021-11-02","","NRAIL","","","","","Up Main/Fast","Access gates at the end of the Station car park lead to the railway compound for secure parking. Access to the RRAP and Relay Room via the secondary palisade access gates onto the tarmac track road leading to the new 12.6m wide twin track RRAP. What3Words Ref: rested.circulate.maddening","SE 40996 33372"
"20788288","HUL4","14.1699","QF","","14.1699","2100","","MAR","","438186.0","434338.0","Manston, Austhorpe, Leeds","HFJ6","","","","","","","","","Road/Rail Vehicles","","20788288","2022-10-26","","NRAIL","","","","","Down Main/Fast","Access through the primary field gate located immediately off Manston Lane. Drive up the tarmac road leading to the secondary palisade vehicular access gates. Through these gates leads directly to the RRAP and the nearest line is the Down Hull. Vehicle & RRV parking is suitable at this location.  What3Words Ref: tight.reader.power","SE 38186 34338"
"20783028","HUL4","19.125","QF","","19.132","2100","","MAR","","431200.0","433500.0","MARSH LANE. YD, VEHICLE AREA & NEW RRAP","HFJ6","","","","","","","","","","","20783028","2019-02-25","","NRAIL","","","","","Down Main/Fast","Enter via the 3rd Party vehiclar access via the large Expamet access gate located off Shannon Street. A Tarmac road leads to the new 6m wide railway vehicular palisade access gates. This area is a secure yard for RRV & OTP stabling and lighting in situ via a solar LED Street light.~
Access to the Up & Down Hull Mains via a new 12.6m wide twin track interlocking Rosehill RRAP. RRAP protected by Black & Yellow bollardsand plastic chain barrier. Please peplace into position after use.~
All access gates are secured with 859 railway padlocks.","SE 31200 33500"
"20631972","HUL4","10.1331","QF","","10.1331","2100","","MAV","","444637.0","432701.0","","HFJ6","","","","","","","","","","","20631972","2008-09-08","","NV","","","","","Down Main/Fast","MIMS-S//DE/ -",""
"20774942","HUL4","11.0286","QF","","11.0286","2100","","MAV","","443987.0","432737.0","Peckfield","HFJ6","","","","","","","","","Vehicle","","20774942","2013-03-14","","NRAIL","","","","","Down Main/Fast","","SE 43987 32737"
"20788330","HUL4","11.0286","QF","","11.0286","1100","","MAV","","443996.0","432730.0","PECKFIELD UWC ROUNDABOUT","HFJ6","","","","","","","","","VEHICULAR ACCESS","","20788330","2022-10-31","","NRAIL","","","","","Up Main/Fast","Access to the palisade access gates is located at the end of Pit Lane, Micklefieldnext to Peckfield UWC. Access through the gate, directly to the Up Hull line. Vehicle parking is restricted at this location, due to the roundabout at the immediate side of the access gate. What3Words Ref:congas.snowy.dynasties","SE 43900 32700"
"20180719","HUL4","11.0374","QF","","11.0374","9999","","MAV","","443907.0","432743.0","Peckfield","HFJ6","","","","","","","","","","","20180719","2008-09-08","","NV","","","","","Unknown","Access Point. Signal Box. Turn off A1. Road signposts Micklefield and continue through village turn right after passing under Railway Bridge or left for Station. Access also from A63 Selby Road. Turn left signposts Micklefield, turn left in village to",""
"20631998","HUL4","12.078","QF","","12.078","1100","","MAV","","441940.0","432938.0","East Garforth","HFJ6","","","","","","","","","NV","","20631998","2013-03-27","","NRAIL","","","","","Up Main/Fast","MIMS-S//DE/ -","SE 41940 32938"
"20180720","HUL4","12.1232","QF","","12.1232","9999","","MAV","","441543.0","433045.0","East Garforth","HFJ6","","","","","","","","","NV","","20180720","2013-03-27","","NRAIL","","","","","Unknown","Access Point. Station. Off Green Lane, Garforth.","SE 41543 33045"
"20632014","HUL4","13.021","QF","","13.021","1100","","MAV","","440977.0","433399.0","Garforth station car park end","HFJ6","","","","","","","","","NV","","20632014","2013-03-27","","NRAIL","","","","","Up Main/Fast","MIMS-SX//DE/KN - TRACK ACCESS FROM CAR PARK","SE 40977 33399"
"20180721","HUL4","13.0368","QF","","13.0368","1100","","MAV","","440859.0","433487.0","Garforth","HFJ6","","","","","","","","","","","20180721","2008-09-08","","NV","","","","","Up Main/Fast","MIMS-SX//DE/KN - Access Point. Station. Off Aberford Road, Station Approach, Station Fields.",""
"20774943","HUL4","13.0378","QF","","13.0378","1100","","MAV","","440857.0","433489.0","Garforth station car park middle","HFJ6","","","","","","","","","Vehicle","","20774943","2013-03-14","","NRAIL","","","","","Up Main/Fast","","SE 40857 33489"
"20179998","HUL4","14.1645","QF","","14.1645","0","","MAV","","438232.0","434323.0","MANSTON","HFJ6","","","","","","","","","","","20179998","2008-09-08","","NV","","","","","All/Multiple Tracks","MIMS-X///KN - Access Point. Level Crossing. RT Document: ALARMS. No parking on occupation road",""
"20774949","HUL4","14.17","QF","","14.17","2100","","MAV","","438181.0","434326.0","Manston LC","HFJ6","","","","","","","","","Vehicle","","20774949","2022-10-26","","NRAIL","","","","","Down Main/Fast","Access through the primary field gate located immediately off Manston Lane. Drive up the tarmac road leading to the secondary palisade vehicular access gates.   What3Words Ref: tight.reader.power","SE 38181 34326"
"20180722","HUL4","16.0242","QF","","16.0242","9999","","MAV","","436312.0","434449.0","Cross Gates","HFJ6","","","","","","","","","","","20180722","2008-09-08","","NV","","","","","Unknown","Access Point. Station. In Station Road, Cross Gates. A6120.",""
"20774954","HUL4","17.124","QF","","17.124","1100","","MAV","","433862.0","433938.0","Wykebeck","HFJ6","","","","","","","","","Vehicle","","20774954","2013-03-14","","NRAIL","","","","","Up Main/Fast","","SE 33862 33938"
"20774955","HUL4","18.0634","QF","","18.0634","2100","","MAV","","433233.0","433109.0","Neville Hill East","HFJ6","","","","","","","","","Vehicle","","20774955","2013-03-14","","NRAIL","","","","","Down Main/Fast","","SE 33233 33109"
"20774956","HUL4","18.1514","QF","","18.1514","1827","","MAV","","432483.0","432847.0","Neville Hill West - Red Lane","HFJ6","","","","","","","","","Vehicle","","20774956","2013-03-14","","NRAIL","","","","","","","SE 32483 32847"
"20774958","HUL4","19.131","QF","","19.131","2100","","MAV","","431212.0","433469.0","Shannon Street","HFJ6","","","","","","","","","Vehicle","","20774958","2013-03-14","","NRAIL","","","","","Down Main/Fast","","SE 31212 33469"
"20180723","HUL4","20.1034","QF","","20.1034","9999","","MAV","","429890.0","433204.0","Leeds","HFJ6","","","","","","","","","","","20180723","2008-09-08","","NV","","","","","Unknown","Access Point. Station. Leeds City centre.",""
"20774959","HUL4","20.1084","QF","","20.1084","3600","","MAV","","429829.0","433279.0","Leeds Station","HFJ6","","","","","","","","","Vehicle","","20774959","2013-03-14","","NRAIL","","","","","Rev Terminal/Bay","","SE 29829 33279"
"20776781","ILK1","202.1034","QF","","202.1034","3100","","MAP","","419878.0","438405.0","WOODLANDS DRIVE OVERBRIDGE 3","HFJ6","","","","","","","","","Pedestrian","","20776781","2022-11-01","","NRAIL","","","","","Rev Main/Fast","Access gate secured via 859 railway padlock, leading to concrete access steps onto trackside. The steps are located to the immediate side of ILK1 Woodlands Drive railway bridge on the high mileage side. The nearest line to the access point is the Up Apperley Down and is bi-directional. 25kv OHLE is in place throughout this ELR. Due to the narrow roadway, vehicle parking is restricted at this location if several vehicles require parking. What3Words Ref: cross.proof.topic","SE 19878 38405"
"20774960","ILK1","203.102","QF","","203.102","3100","","MAP","","419555.0","439869.0","Gill Lane bridge","HFJ6","","","","","","","","","Predestrian","","20774960","2013-03-14","","NRAIL","","","","","Rev Main/Fast","","SE 19555 39869"
"20774961","ILK1","204.0044","QF","","204.0044","1100","","MAP","","419285.0","440523.0","Springs Tunnel","HFJ6","","","","","","","","","Predestrian","","20774961","2013-03-14","","NRAIL","","","","","Up Main/Fast","","SE 19285 40523"
"20630400","ILK1","204.037","QF","","204.037","1100","","MAP","","419253.0","440826.0","Access","HFJ6","","","","","","","","","","","20630400","2008-09-08","","JARVIS","","","","","Up Main/Fast","MIMS-S//de/ - ",""
"20774202","ILK1","204.0905","QF","","204.0905","9999","","MAP","","","","Greenbottom TSL 25KV Substation","HFJ6","","","","","","","","","","","20774202","2011-05-03","","NRAIL","","","","","Unknown","Ghyll Royd, LS20 9LT <SE 19395 41293>",""
"120001248","ILK1","204.1545","QF","","204.1545","1100","","MAP","","419256.0","441859.0","Greenbottom Tunnel","HFJ6","","","","","","","","","Pedestrian","","120001248","2025-07-17","","","","","","","Up Main/Fast","A new pedestrian access gate has been installed, providing entry to the crest drainage inlet chamber & syphon system only. Note: This gate does not grant access to the railway tracks, only to the drainage system located at the crest of the railway cutting.   What3Words Ref: packet.tests.causes",""
"20630445","ILK1","205.0376","QF","","205.0376","1100","","MAP","","418857.0","442216.0","Guiseley Station","HFJ6","","","","","","","","","NV","","20630445","2013-03-27","","NRAIL","","","","","Up Main/Fast","MIMS-S//ph/ - ","SE 18857 42216"
"20630446","ILK1","205.0382","QF","","205.0382","2100","","MAP","","418850.0","442219.0","Guiseley Station","HFJ6","","","","","","","","","NV","","20630446","2013-03-27","","NRAIL","","","","","Down Main/Fast","MIMS-S//ph/ - ","SE 18850 42219"
"120001508","ILK1","206.005","QF","","206.005","2100","","MAP","","417524.0","444023.0","Menston Station Platform 1","HFJ6","","","","","","","","","Maintainers Access Gate to End of platform","","120001508","2025-08-20","","","","","","","Down Main/Fast","Newly installed maintainers access gate due to extended platform",""
"20774966","ILK1","206.1117","QF","","206.1117","2100","","MAP","","417524.0","444022.0","Menston Station Down platform end","HFJ6","","","","","","","","","Predestrian","","20774966","2013-03-14","","NRAIL","","","","","Down Main/Fast","","SE 17524 44022"
"20630472","ILK1","206.1156","QF","","206.1156","2100","","MAP","","417488.0","444049.0","Menston Station","HFJ6","","","","","","","","","NV","","20630472","2013-03-27","","NRAIL","","","","","Down Main/Fast","MIMS-S//ph/ - ","SE 17488 44049"
"20630474","ILK1","206.119","QF","","206.119","2100","","MAP","","417469.0","444061.0","Access Plat. 1","HFJ6","","","","","","","","","","","20630474","2008-09-08","","JARVIS","","","","","Down Main/Fast","MIMS-S//ph/ - ",""
"20630475","ILK1","206.119","QF","","206.119","1100","","MAP","","417469.0","444061.0","Access Plat. 2","HFJ6","","","","","","","","","","","20630475","2008-09-08","","JARVIS","","","","","Up Main/Fast","MIMS-S//ph/ - ",""
"20179458","ILK1","207.1122","QF","","207.1122","9999","","MAP","","416561.0","445221.0","BURLEY","HFJ6","","","","","","","","","","","20179458","2008-09-08","","NRAIL","","","","","Unknown","Access Point. Level Crossing. RT Document: ALARMS. Access on foot only. No vehicular access or parking.",""
"20774968","ILK1","207.1133","QF","","207.1133","2100","","MAP","","416556.0","445232.0","Burley LC","HFJ6","","","","","","","","","Predestrian","","20774968","2013-03-14","","NRAIL","","","","","Down Main/Fast","","SE 16556 45232"
"20630496","ILK1","207.1731","QF","","207.1731","1100","","MAP","","416344.0","445732.0","Burley In Wharfedale Station","HFJ6","","","","","","","","","NV","","20630496","2013-03-27","","NRAIL","","","","","Up Main/Fast","MIMS-S//ph/ - Needs Clearance","SE 16344 45732"
"20630427","ILK1","204.0874","QF","","204.0874","1100","","MAV","","419358.0","441262.0","access","HFJ6","","","","","","","","","","","20630427","2008-09-08","","JARVIS","","","","","Up Main/Fast","MIMS-S//de/ - Track",""
"20774962","ILK1","204.09","QF","","204.09","1100","","MAV","","419397.0","441294.0","Esholt Jn","HFJ6","","","","","","","","","Vehicle","","20774962","2013-03-14","","NRAIL","","","","","Up Main/Fast","","SE 19397 41294"
"20180724","ILK1","205.0484","QF","","205.0484","","","MAV","","418783.0","442283.0","Guiseley","HFJ6","","","","","","","","","","","20180724","2008-09-08","","NV","","","","","","Access Point. Station. Right turn at traffic lights in town centre - immediate left turn down cobbles to station.",""
"20774963","ILK1","205.0488","QF","","205.0488","2100","","MAV","","418767.0","442280.0","Guiseley Station","HFJ6","","","","","","","","","Vehicle","","20774963","2013-03-14","","NRAIL","","","","","Down Main/Fast","","SE 18767 42280"
"20630456","ILK1","205.0491","QF","","205.0491","2100","","MAV","","418778.0","442287.0","Track Access","HFJ6","","","","","","","","","","","20630456","2008-09-08","","JARVIS","","","","","Down Main/Fast","MIMS-S//ph/ - ",""
"20774964","ILK1","206.0062","QF","","206.0062","2100","","MAV","","418140.0","443328.0","Buckle Lane <Power House Bridge>","HFJ6","","","","","","","","","Vehicle","","20774964","2013-03-14","","NRAIL","","","","","Down Main/Fast","","SE 18140 43328"
"20774965","ILK1","206.0938","QF","","206.0938","2100","","MAV","","417663.0","443934.0","Menston Station","HFJ6","","","","","","","","","Vehicle","","20774965","2013-03-14","","NRAIL","","","","","Down Main/Fast","","SE 17663 43934"
"20630469","ILK1","206.0941","QF","","206.0941","2100","","MAV","","417661.0","443938.0","Gate to Track","HFJ6","","","","","","","","","","","20630469","2008-09-08","","JARVIS","","","","","Down Main/Fast","MIMS-S//ph/ - Needs Clearance.",""
"20774967","ILK1","206.1156","QF","","206.1156","2100","","MAV","","417488.0","444049.0","Menston Station","HFJ6","","","","","","","","","Vehicle","","20774967","2013-03-14","","NRAIL","","","","","Down Main/Fast","","SE 17488 44049"
"20180725","ILK1","206.1166","QF","","206.1166","","","MAV","","417488.0","444049.0","Menston","HFJ6","","","","","","","","","","","20180725","2008-09-08","","NV","","","","","","Access Point. Station. Via Station Road off Bradford Road, Menston.",""
"20788269","ILK1","207.0432","QF","","207.0432","1100","","MAV","","416780.0","444645.0","Menston Old Lane","HFJ6","","","","","","","","","Vehicular","","20788269","2022-10-24","","NRAIL","","","","","Up Main/Fast","Vehicular access gates are located in close proximity to Over bridge 26 immediately off Burley Lane, Menston. Once through the access gates, the track road leads directly to the yard area. Vehicle parking is suitable within the yard area only. The nearest line to the access gate is the Up Ilkley Main.  What3Words Ref:       pointer.universes.clip","SE 16780 44645"
"120001507","ILK2","208.0002","QF","","208.0002","2100","","MAP","","416329.0","445742.0","Burley in Wharfedale Station","HFJ6","","","","","","","","","Maintainers Access Gate to rear of platform","","120001507","2025-08-20","","","","","","","Down Main/Fast","Newly installed maintainers access gate at Burley in Wharfedale Platform1 due to extended platform",""
"20630527","ILK2","208.0019","QF","","208.0019","1100","","MAP","","416325.0","445765.0","Burley In Wharfedale Station","HFJ6","","","","","","","","","NV","","20630527","2013-03-27","","NRAIL","","","","","Up Main/Fast","MIMS-S//de/ - ","SE 16325 45765"
"20180726","ILK2","208.0044","QF","","208.0044","2100","","MAP","","416310.0","445786.0","","HFJ6","","","","","","","","","","","20180726","2008-09-08","","JARVIS","","","","","Down Main/Fast","MIMS-S//de/ - Access Point. Station. Follow the Ilkley Road to Burley - turn left just before set of traffic lights. zebra crossing. onto Station Road. Turn left just before Railway Bridge into station car park.",""
"20630528","ILK2","208.006","QF","","208.006","1100","","MAP","","416302.0","445799.0","Burley In Wharfedale Station","HFJ6","","","","","","","","","NV","","20630528","2013-03-27","","NRAIL","","","","","Up Main/Fast","MIMS-S//de/ - ","SE 16302 45799"
"20630530","ILK2","208.009","QF","","208.009","2100","","MAP","","416287.0","445821.0","Burley In Wharfedale Station","HFJ6","","","","","","","","","NV","","20630530","2013-03-27","","NRAIL","","","","","Down Main/Fast","MIMS-S//PH/ - ","SE 16287 45821"
"20630541","ILK2","210.0068","QF","","210.0068","2100","","MAP","","413749.0","447704.0","Ben Rhydding","HFJ6","","","","","","","","","NV","","20630541","2013-03-27","","NRAIL","","","","","Down Main/Fast","MIMS-S//PH/ - ","SE 13749 47704"
"20630545","ILK2","210.0448","QF","","210.0448","1100","","MAP","","413405.0","447751.0","Ben Rhydding Station","HFJ6","","","","","","","","","NV","","20630545","2013-03-27","","NRAIL","","","","","Up Main/Fast","MIMS-S//PH/ - ","SE 13405 47751"
"20180727","ILK2","210.0462","QF","","210.0462","2100","","MAP","","413392.0","447752.0","","HFJ6","","","","","","","","","","","20180727","2008-09-08","","JARVIS","","","","","Down Main/Fast","MIMS-S//de/ - Access Point. Station. Off Wheatley Lane, Ben Rhydding.",""
"20630546","ILK2","210.0514","QF","","210.0514","1100","","MAP","","413344.0","447754.0","","HFJ6","","","","","","","","","","","20630546","2008-09-08","","JARVIS","","","","","Up Main/Fast","MIMS-S//PH/ - ",""
"20774971","ILK2","210.1414","QF","","210.1414","1100","","MAP","","412536.0","447621.0","Backstone Way","HFJ6","","","","","","","","","Predestrian","","20774971","2013-03-14","","NRAIL","","","","","Up Main/Fast","","SE 12536 47621"
"20774205","ILK2","210.1599","QF","","210.1599","9999","","MAP","","","","Ilkley TSL 25KV Substation","HFJ6","","","","","","","","","","","20774205","2011-05-03","","NRAIL","","","","","Unknown","Springs Lane, 9throught TESCO loading dock>, LS29 8TF <SE 12176 47604>",""
"20630560","ILK2","211.036","QF","","211.036","2100","","MAP","","411893.0","447631.0","Ilkley Station","HFJ6","","","","","","","","","NV","","20630560","2013-03-27","","NRAIL","","","","","Down Main/Fast","MIMS-SX//PH/SC -","SE 11893 47631"
"20630564","ILK2","211.0442","QF","","211.0442","2100","","MAP","","411819.0","447643.0","","HFJ6","","","","","","","","","","","20630564","2008-09-08","","JARVIS","","","","","Down Main/Fast","MIMS-S//PH/ - ",""
"20630566","ILK2","211.0466","QF","","211.0466","1100","","MAP","","411797.0","447645.0","","HFJ6","","","","","","","","","","","20630566","2008-09-08","","JARVIS","","","","","Up Main/Fast","MIMS-S//PH/ - ",""
"20784968","ILK2","209.0352","QF","","209.0352","1100","","MAR","","414901.0","447064.0","Kashmiri Aroma <Old Little Chef>","HFJ6","","","","","","","","","RRV/OTP access","","20784968","2022-10-21","","NRAIL","","","","","Up Main/Fast","Access through the main vehicular palisade entrance gates, located directly off Coutances Way <A65>, LS29 7HQ and to the side of the Kashmiri Aroma restaurant follow the hardcore vehicular track leading to the palisade entrance gates of the 12.6m wide twin track Rosehill Interlocking RRAP. The nearest line to the RRAP is the Up Ilkley Main. Vehicle & RRV parking is suitable at this location.  What3Words Ref:  rigs.cheaper.expel","SE 14901 47064"
"20179319","ILK2","208.11","QF","","208.11","9999","","MAV","","415592.0","446421.0","","HFJ6","","","","","","","","","","","20179319","2008-09-08","","NV","","","","","Unknown","Access Point. Level Crossing. RT Document: ALARMS. No parking on occupation road",""
"20774969","ILK2","208.112","QF","","208.112","1100","","MAV","","415580.0","446433.0","Sun Lane LC","HFJ6","","","","","","","","","Vehicle","","20774969","2013-03-14","","NRAIL","","","","","Up Main/Fast","","SE 15580 46433"
"20774970","ILK2","209.0376","QF","","209.0376","1100","","MAV","","414894.0","447058.0","Old Little Chef <Kashmiri Aroma>","HFJ6","","","","","","","","","Vehicle","","20774970","2013-03-14","","NRAIL","","","","","Up Main/Fast","","SE 14894 47058"
"20180027","ILK2","210.1716","QF","","210.1716","2100","","MAV","","412255.0","447590.0","Ilkley","HFJ6","","","","","","","","","NV","","20180027","2013-03-27","","NRAIL","","","","","Down Main/Fast","A RIGHT OF WAY WITH OR WITHOUT VEHICLES AT ALL TIMES + FOR ALL PUPOSES IN CONNECTION WITH THE USE + ENJOYMENT OF THE BOARD S LAND TO THE EAST OF THE PROPRTY OVER + ALONG THE LAND. ""THE RESERVED ROADWAY"". SHOWN HATCHED BROWN BUT NOT SO AS TO OBSTRUCT THE SAME AT ANY TIME OTHERWISE THAN AS NECESSARILY INVOLVED IN THE EXERCISE OF SUCH RIGHT SUBJECT TO THE BOARD OR THEIR SUCCESSORS IN TITLE PAYING A DUE PROPORTION ACCORDING TO USER OF REPAIRING THE MINTAINING THE RESERVED ROADWAY","SE 12255 47590"
"20774972","ILK2","211.0176","QF","","211.0176","2100","","MAV","","412069.0","447616.0","Ilkley Station","HFJ6","","","","","","","","","Vehicle","","20774972","2013-03-14","","NRAIL","","","","","Down Main/Fast","","SE 12069 47616"
"20180028","ILK2","211.0264","QF","","211.0264","2100","","MAV","","411980.0","447629.0","","HFJ6","","","","","","","","","","","20180028","2008-09-08","","JARVIS","","","","","Down Main/Fast","MIMS-SX//de/SC - A RIGHT OF WAY WITH OR WITHOUT VEHICLES OVER THE ROUTE SHOWN COLOURED BROWN",""
"20180728","ILK2","211.0506","QF","","211.0506","2100","","MAV","","411761.0","447648.0","Ilkley Station","HFJ6","","","","","","","","","Vehicle","","20180728","2013-03-14","","NRAIL","","","","","Down Main/Fast","","SE 11761 47648"
"20774974","KES","0.025","QF","","0.025","3301","","MAP","","449491.0","423536.0","Knottingley Depot WF11 0JG","HFJ7","","","","","","","","","Pedestrian","","20774974","2022-07-01","","NRAIL","","","","","","","SE 49491 23536"
"20773285","KES","0.0088","QF","","0.0088","3300","","MAV","","449458.1","423390.7","Knottingley South Jn WF11 0JX","HFJ7","","","","","","","","","NV","","20773285","2021-05-19","","NRAIL","","","","","Rev Goods","",""
"20179640","KIL2","0.1078","QF","","0.1078","9999","","MAV","","517844.0","417665.0","MARSH FARM UWC","HFJ4","","","","","","","","","","","20179640","2013-02-07","","NRAIL","","","","","Unknown","Access Point. Level Crossing. RT Document: ALARMS. No parking on occupation road",""
"20179585","KIL2","1.0088","QF","","1.0088","9999","","MAV","","517435.0","418254.0","REGENT OIL UWC","HFJ4","","","","","","","","","","","20179585","2013-02-07","","NRAIL","","","","","Unknown","Access Point. Level Crossing. RT Document: ALARMS. No parking on occupation road",""
"20772547","KIL2","1.0352","QF","","1.0352","9999","","MAV","","517306.0","418445.0","NO 11 UWC","HFJ4","","","","","","","","","","","20772547","2023-05-31","","NRAIL","","","","","Unknown","",""
"20179587","KIL2","1.0836","QF","","1.0836","9999","","MAV","","517061.0","418810.0","NO 12 UWC","HFJ4","","","","","","","","","","","20179587","2013-02-07","","NRAIL","","","","","Unknown","Access Point. Level Crossing. RT Document: ALARMS. No parking on occupation road",""
"20179641","KIL2","2.0418","QF","","2.0418","9999","","MAV","","516004.0","420069.0","NEW INN LC","HFJ4","","","","","","","","","","","20179641","2013-02-07","","NRAIL","","","","","Unknown","Access Point. Level Crossing. RT Document: ALARMS.",""
"20178981","KIL2","2.0748","QF","","2.0748","9999","","MAV","","515851.0","420136.0","SHELL MEX LC","HFJ4","","","","","","","","","","","20178981","2013-02-07","","NRAIL","","","","","Unknown","Access Point. Level Crossing. NO PARKING ON OCCUPATION ROAD",""
"20178982","KIL2","2.0968","QF","","2.0968","9999","","MAV","","515768.0","420170.0","YORKSHIRE TAR LC","HFJ4","","","","","","","","","","","20178982","2013-02-07","","NV","","","","","Unknown","Access Point. Level Crossing. NO PARKING ON OCCUPATION ROAD",""
"20626618","KWS","58.1182","QF","","58.1182","1100","","MAP","","449315.0","423494.0"," Median House","HFJ7","","","","","","","","","ME00755Nw","","20626618","2022-09-20","","NRAIL","","","","","Up Main/Fast","MIMS-SX//PH/MM - Access - Not seen on SERCO -     Local Name change to Median House - Amend in Ellipse","SE 49315 23494"
"20179508","KWS","59.0614","QF","","59.0614","1100","","MAP","","450074.0","422698.0","Waterfields No.2 LC WF11 0DF","HFJ7","","","","","","","","","ME00755Nw","","20179508","2022-09-20","","NRAIL","","","","","Up Main/Fast","MIMS-X///MM - Access Point. Level Crossing. RT Document: ALARMS. Access on foot only. No vehicular access or parking.     Mileage difference <showing as 59m 1606yds in Ellipse - Confirmed as 1614yds> - Amend in Ellipse","SE 50074 22698"
"20774976","KWS","59.1614","QF","","59.1614","1100","","MAP","","450693.0","422041.0","Ingles Bridge WF11 0AL","HFJ7","","","","","","","","","Pedestrian","","20774976","2015-02-04","","NRAIL","","","","","Up Main/Fast","","SE 50693 22041"
"20179075","KWS","59.0132","QF","","59.0132","1100","","MAV","","449768.0","423031.0","Waterfields No.1 LC WF11 0JP","HFJ7","","","","","","","","","NV","","20179075","2015-02-04","","NRAIL","","","","","Up Main/Fast","MIMS-X///MM - Access Point. Level Crossing. RT Document: ALARMS. No parking on occupation road","SE 49768 23031"
"20774977","KWS","60.0986","QF","","60.0986","0","","MAV","","451398.0","421281.0","Cridling Stubbs LC WF11 0AH","HFJ7","","","","","","","","","Vehicle","","20774977","2015-12-04","","NRAIL","","","","","All/Multiple Tracks","","SE 51398 21281"
"20179948","KWS","60.099","QF","","60.099","1100","","MAV","","451403.0","421282.0","Criddling Stubbs Level Xing WF11 0AH","HFJ7","","","","","","","","","","","20179948","2015-02-04","","NRAIL","","","","","Up Main/Fast","MIMS-X///MM - Access Point. Level Crossing. RT Document: ALARMS.",""
"20179956","KWS","61.0462","QF","","61.0462","1100","","MAV","","452191.0","420475.0","Spring Lodge LC WF11 0AW","HFJ7","","","","","","","","","NV","","20179956","2015-02-04","","NRAIL","","","","","Up Main/Fast","MIMS-X///MM - Access Point. Level Crossing. RT Document: ALARMS.","SE 52191 20475"
"20179859","KWS","62.0308","QF","","62.0308","1100","","MAV","","453254.0","419457.0","Post Office Lane LC DN6 9BD","HFJ7","","","","","","","","","NV","","20179859","2015-02-04","","NRAIL","","","","","Up Main/Fast","MIMS-X///MM - Access Point. Level Crossing. RT Document: ALARMS.","SE 53254 19457"
"20179946","KWS","62.1078","QF","","62.1078","1100","","MAV","","453737.0","418954.0","Womersley LC DN6 9B","HFJ7","","","","","","","","","NV","","20179946","2015-02-04","","NRAIL","","","","","Up Main/Fast","MIMS-X///MM - Access Point. Level Crossing. RT Document: ALARMS.","SE 53737 18954"
"20180029","LBE1","4.033","QF","","4.033","0","","MA","","422370.0","434414.0","Stanningley","HFJ6","","","","","","","","","NV","","20180029","2013-03-27","","NRAIL","","","","","All/Multiple Tracks","MIMS-X///KN - A RIGHT OF WAY WITH OR WITHOUT VEHICLES OVER THE ROUT SHOWN COLOURED BROWN - Not seen on SERCO -","SE 22370 34414"
"20629695","LBE1","3.0194","QF","","3.0194","2100","","MAP","","424059.0","434368.0","Bramley Station","HFJ6","","","","","","","","","NV","","20629695","2013-03-27","","NRAIL","","","","","Down Main/Fast","MIMS-SX//PH/KN -","SE 24059 34368"
"20629697","LBE1","3.03","QF","","3.03","1100","","MAP","","423972.0","434409.0","Bramley Station","HFJ6","","","","","","","","","NV","","20629697","2013-03-27","","NRAIL","","","","","Up Main/Fast","MIMS-SX//PH/KN -","SE 23972 34409"
"20775486","LBE1","3.1439","QF","","3.1439","1100","","MAP","","422955.0","434530.0","Gladstone Terrrace","HFJ6","","","","","","","","","NV","","20775486","2013-10-28","","NRAIL","","","","","Up Main/Fast","New pedestrian access point leading directly to the Up Cess. gate.","SE 22955 34530"
"20775485","LBE1","4.0614","QF","","4.0614","1100","","MAP","","422113.0","434368.0","Stanningley Viaduct","HFJ6","","","","","","","","","NV","","20775485","2013-10-28","","NRAIL","","","","","Up Main/Fast","New pedestrian access point leading directly to the Up Cess. Railway vehicles to be parked in the carpark adjacent to the new pedestrian access gate.","SE 22113 34368"
"20629708","LBE1","4.1648","QF","","4.1648","2100","","MAP","","421182.0","434315.0","New Pudsey Station","HFJ6","","","","","","","","","NV","","20629708","2013-03-27","","NRAIL","","","","","Down Main/Fast","MIMS-S//PH/ - ","SE 21182 34315"
"20629709","LBE1","4.1678","QF","","4.1678","2100","","MAP","","421150.0","434310.0","New Pudsey Station","HFJ6","","","","","","","","","NV","","20629709","2013-03-27","","NRAIL","","","","","Down Main/Fast","MIMS-SX//PH/KN -","SE 21150 34310"
"20629710","LBE1","4.1678","QF","","4.1678","1100","","MAP","","421150.0","434310.0","New Pudsey Station","HFJ6","","","","","","","","","NV","","20629710","2013-03-27","","NRAIL","","","","","Up Main/Fast","MIMS-SX//PH/KN -","SE 21150 34310"
"20774980","LBE1","6.0886","QF","","6.0886","2100","","MAP","","419154.0","432959.0","Plain Tree Lane","HFJ6","","","","","","","","","Predestrian","","20774980","2013-03-14","","NRAIL","","","","","Down Main/Fast","","SE 19154 32959"
"20775626","LBE1","0.1397","QF","","0.1397","2100","","MAR","","427392.0","432916.0","Wortley Tavistock Mews RRAP","HFJ6","","","","","","","","","Road-Rail Vehicle","","20775626","2024-06-25","","NRAIL","","","","","Down Main/Fast","Railway personnel when through the main railway access gates located at the end of Tavistock Mews, should proceed along the railway vehicles access road heading towards the high mileage side for approx 250m. The 10.8m wide single track InnoSttrail RRAP is located beyond UB 5 <Amberley Road> on the Down side. For RRV access onto the Up Bradford, use 5060A & 5060B points located at Wortley Jcn - 0m 57ch, ensuring at all times that the correct route has been set prior to any movements taking place over the crossover. Residential buildings are in close proximity to the RRAP, so please keep noise to a minimum at all times. Adequate RRV storage space and vehicle parking is available to the area immediately beyond the main entrance gate. What3words : ally.badly.demand","SE 27392 32916"
"20780147","LBE1","3.0462","QF","","3.0462","1100","","MAR","","423814.0","434474.0","DOLPHIN COURT RRAP BRAMLEY","HFJ6","","","","","","","","","Road-Rail Vehicle","","20780147","2022-10-19","","NRAIL","","","","","Up Main/Fast","Access through the initial galvanised field gate located directly from Dolphin Court, Through these gates and along the tarmac road leads to the main secondary double palisade access gates. Through these access gates leads to the yard area and RRAP. The nearest line to the access is the Up Bradford.  Vehicle & RRV parking is suitable at this location. What3Words Ref: bind.golf.award","SE 23870 34470"
"20774978","LBE1","0.114","QF","","0.114","2300","","MAV","","427589.0","432793.0","Wortley Junction","HFJ6","","","","","","","","","Vehicle","","20774978","2013-03-14","","NRAIL","","","","","Down Goods","","SE 27589 32793"
"20180732","LBE1","3.033","QF","","3.033","0","","MAV","","423945.0","434418.0","","HFJ6","","","","","","","","","","","20180732","2008-09-08","","NV","","","","","All/Multiple Tracks","MIMS-X///KN - Access Point. Station. - Not seen on SERCO -",""
"20788171","LBE1","3.0418","QF","","3.0418","1100","","MAV","","423871.0","434468.0","Dolphin Court","HFJ6","","","","","","","","","VEHICLE ACCESS","","20788171","2022-10-18","","NRAIL","","","","","Up Main/Fast","Access through the initial galvanised field gate located directly from Dolphin Court, Through these gates and along the tarmac road leads to the main secondary double palisade access gates. Through these access gates leads to the yard area and RRAP. The nearest line to the access is the Up Bradford.  Vehicle & RRV parking is suitable at this location. What3Words Ref: itself.placed.slap","SE 23871 34468"
"20774979","LBE1","3.043","QF","","3.043","1100","","MAV","","423863.0","434454.0","Bramley","HFJ6","","","","","","","","","Vehicle","","20774979","2013-03-14","","NRAIL","","","","","Up Main/Fast","","SE 23863 34454"
"20180733","LBE1","4.1694","QF","","4.1694","0","","MAV","","421134.0","434307.0","New Pudsey Station","HFJ6","","","","","","","","","NV","","20180733","2013-03-27","","NRAIL","","","","","All/Multiple Tracks","MIMS-X///KN - Access Point. Station. Off Bradford end of Stanningley by-pass. - Not seen on SERCO -","SE 21134 34307"
"20179991","LBE1","5.1496","QF","","5.1496","0","","MAV","","420109.0","433380.0","Ducketts LC","HFJ6","","","","","","","","","NV","","20179991","2013-03-27","","NRAIL","","","","","All/Multiple Tracks","MIMS-X///KN - Access Point. Level Crossing. RT Document: ALARMS. No parking on occupation road","SE 20109 33380"
"20180030","LBE3","191.033","QF","","191.044","0","","MA","","417515.0","432571.0","Hammerton Street","HFJ6","","","","","","","","","NV","","20180030","2013-03-27","","NRAIL","","","","","All/Multiple Tracks","A RIGHT OF WAY AT ALL TIMES + FROM TIME TO TIME FOR ALL PURPOSES WITH OR WITHOUT VEICLES OVER + ALONG THE ROADWAY OVER THE ROUTE SHOWN COLOURED BLUE HATCHED BROWN ORDER TO GAIN ACCESS TO + FROM THE BOARD S LAND VIA THE GATE SITUATE AT THE POINT X","SE 17515 32571"
"20787268","LBE3","190.1144","QF","","190.1144","2100","","MAP","","418452.3","432736.5","Planetrees Road, Laisterdyke","HFJ6","","","","","","","","","","","20787268","2022-05-30","","NRAIL","","","","","Down Main/Fast","Access gate at South East corner of bridge leading to steps down to Down Cess. What3words : coherent.saving.lowest","SE 18452 32737"
"20779927","LBE3","191.0303","QF","","191.0407","1100","","MAR","","417494.0","432597.0","Hammerton Street","HFJ6","","","","","","","","","NV","","20779927","2017-03-20","","NRAIL","","","","","Up Main/Fast","VEHICULAR ACCESS THROUGH THE AWM RECYCLING DEPOT LEADING TO THE RAILWAY ACCESS GATE & 859 PADLOCK. RAILWAY ACCESS ROAD LEADS TO THE MAIN YARD & THE 10.8M WIDE SINGLE TRACK ROSEHILL RRAP WITH DROP DOWN BOLLARDS, EACH LOCKED WITH 859 RAILWAY PADLOCKS. APPROX SPACE FOR 4 NO. RAILWAYVEHICLES IN THE YARD & ADEQUATE SPACE TO STABLE OTP","SE 17494 32597"
"20789889","LBE4","191.1431","QF","","191.1431","1100","","MAP","","416746.0","432089.0","St.Dunstans Way, Bradford","HFJ6","","","","","","","","","Pedestrian","","20789889","2023-10-31","","NRAIL","","","","","Up Main/Fast","From Bolling Road OB 5, follow the footpath on the Up Bradford side heading towards Bradford Interchange Station for approx 75 metres until reaching the palisade pedestrian access gate located within the concrete panel boundary railway fence line. Access the railway through the pedestrian access gate <secvured by 859 railway padlock>, along the walkway and down the steps to the Up Bradford cess. Access point is lit by solar powered street lighting. Access to the S&T equipment on the low mileage side of the access point is protected by galvanised safety barrier. Vehicle parking is available on Bolling Road, close to OB 5.. What3Words Ref:   blur.mobile.exact","SE 16746 32089"
"20180734","LBE4","191.1716","QF","","191.1716","9999","","MAV","","416633.0","432389.0","Mill Lane SB","HFJ6","","","","","","","","","NV","","20180734","2013-03-27","","NRAIL","","","","","Unknown","Access Point. Signal Box. Via steps from Mill Lane Bradford.","SE 16633 32389"
"20180031","LEH1","0.0682","QF","","0.088","0","","MA","","428018.0","433709.0","Armley Jn","HFJ6","","","","","","","","","NV","","20180031","2013-03-27","","NRAIL","","","","","All/Multiple Tracks","A RIGHT OF WAY WITH OR WITHOUT VEHICLES OVER THE ROUTE COLOURED BROWN","SE 28018 33709"
"20180033","LEH1","4.1342","QF","","4.1386","","","MA","","424421.0","439140.0","","HFJ6","","","","","","","","","","","20180033","2008-09-08","","NV","","","","","","THE RIGHT AT ALL TIMES + FOR ALL PURPOSES TO PASS + REPASS WITH OR WITHOUT VEHICLES WORKMEN EQUIPMENT OVER THE LAND COLOURED BLUE HATCHED BROWN ALSO WITH THIS CONVEYANCE IS A DEED OF RECTIFICATION. COPY ATTACHED HOEVER IT DOES NOT AFFECT THE RIGHT OF ACCESS",""
"20180735","LEH1","1.059","QF","","1.059","2100","","MAP","","427893.0","435167.0","Burley Park Station","HFJ6","","","","","","","","","NV","","20180735","2013-03-27","","NRAIL","","","","","Down Main/Fast","MIMS-S//DE/ - Access Point. Station.","SE 27893 35167"
"20631408","LEH1","1.0603","QF","","1.0603","1100","","MAP","","427890.0","435179.0","Burley Park Station","HFJ6","","","","","","","","","NV","","20631408","2013-03-27","","NRAIL","","","","","Up Main/Fast","MIMS-SX//de/KN -","SE 27890 35179"
"20631409","LEH1","1.0605","QF","","1.0605","2100","","MAP","","427888.0","435182.0","Burley Park Station","HFJ6","","","","","","","","","NV","","20631409","2013-03-27","","NRAIL","","","","","Down Main/Fast","MIMS-SX//de/KN -","SE 27888 35182"
"20180665","LEH1","2.0253","QF","","2.0253","2100","","MAP","","426793.0","435825.0","Headingley Station","HFJ6","","","","","","","","","NV","","20180665","2013-03-27","","NRAIL","","","","","Down Main/Fast","MIMS-S//de/ - Access Point. Station. Drive to main traffic lights in Kirkstall. Turn right, turn left 100 yards after next set of lights into station.","SE 26793 35825"
"20497241","LEH1","2.0253","QF","","2.0253","1100","","MAP","","426793.0","435825.0","Headingley Station","HFJ6","","","","","","","","","NV","","20497241","2013-03-27","","NRAIL","","","","","Up Main/Fast","MIMS-S//de/ - Access - Steps to Platform","SE 26793 35825"
"20786589","LEH1","2.0537","QF","","2.0537","1100","","MAP","","426574.0","435961.0","Vicarage Terrace","HFJ6","","","","","","","","","","","20786589","2021-12-14","","NRAIL","","","","","Up Main/Fast","Access through the pedestrian access gate on the Up side boundary fence  and follow the walking route leading to the Up cess.   What3Words Ref: making.level.smiles","SE 26574 35961"
"20771798","LEH1","2.1233","QF","","2.1233","2100","","MAP","","426150.0","436452.0","Spen Lane - Kirkstall","HFJ6","","","","","","","","","NV","","20771798","2013-03-27","","NRAIL","","","","","Down Main/Fast","Access gate & steps off Spen Lane, Kirkstall. Postcode: LS5 3EW","SE 26150 36452"
"20774982","LEH1","3.1154","QF","","3.1154","1100","","MAP","","425516.0","437801.0","Fillingfer Drive","HFJ6","","","","","","","","","Predestrian","","20774982","2013-03-14","","NRAIL","","","","","Up Main/Fast","","SE 25516 37801"
"20776721","LEH1","3.1163","QF","","3.1163","1100","","MAP","","425516.0","437805.0","Fillingfer Drive","HFJ6","","","","","","","","","Pedestrian","","20776721","2015-01-06","","NRAIL","","","","","Up Main/Fast","New pedestrian staff access point","SE 25516 37805"
"20631372","LEH1","4.1279","QF","","4.1279","2100","","MAP","","424433.0","439081.0","Horsforth Station","HFJ6","","","","","","","","","NV","","20631372","2013-03-27","","NRAIL","","","","","Down Main/Fast","MIMS-SX//DE/KN - Not seen on SERCO -","SE 24433 39081"
"20631373","LEH1","4.1294","QF","","4.1294","1100","","MAP","","424429.0","439093.0","Horsforth Station","HFJ6","","","","","","","","","NV","","20631373","2013-03-27","","NRAIL","","","","","Up Main/Fast","MIMS-SX//DE/KN - Not seen on SERCO -","SE 24429 39093"
"20631374","LEH1","4.1305","QF","","4.1305","2100","","MAP","","424430.0","439107.0","","HFJ6","","","","","","","","","","","20631374","2008-09-08","","JARVIS","","","","","Down Main/Fast","MIMS-SX//DE/KN - Not seen on SERCO -",""
"20774983","LEH1","4.131","QF","","4.131","1100","","MAP","","424432.0","439103.0","Horsforth Station","HFJ6","","","","","","","","","Predestrian","","20774983","2013-03-14","","NRAIL","","","","","Up Main/Fast","","SE 24432 39103"
"20774984","LEH1","4.1312","QF","","4.1312","2100","","MAP","","424424.0","439110.0","Horsforth Station","HFJ6","","","","","","","","","Predestrian","","20774984","2013-03-14","","NRAIL","","","","","Down Main/Fast","","SE 24424 39110"
"20795791","LEH1","5.0396","QF","","5.0396","1100","","MAP","","424432.0","439877.0","BRAMHOPE MOSLEY BECK LEH1","HFJ7","","","","","","","","","","","20795791","2024-10-02","","NRAIL","","","","","Up Main/Fast"," WTW - badly.drove.local","SE 24432 39877"
"20795809","LEH1","5.1272","QF","","5.1272","2100","","MAP","","424155.0","440625.0","BRAMHOPE SMITHY LANE LS16 7NG","HFJ7","","","","","","","","","","","20795809","2024-10-02","","NRAIL","","","","","Down Main/Fast","soft.exile.finds","SE 24156 40626"
"20778861","LEH1","9.1166","QF","","9.1166","1100","","MAP","","427055.0","445905.0","Castley LS21 2ST","HFJ7","","","","","","","","","","","20778861","2016-02-16","","NRAIL","","","","","Up Main/Fast","Access point on Chapel Hill Lane for pedestrian access.","SE 27055 45905"
"20615311","LEH1","10.1307","QF","","10.1307","2100","","MAP","","427600.0","447475.0","Weeton Station LS17 0AJ","HFJ7","","","","","","","","","","","20615311","2015-02-04","","NRAIL","","","","","Down Main/Fast","Off A658 Harrogate Road at Weeton onto Wayside Terrace and Station. SE276474.",""
"20179223","LEH1","10.1672","QF","","10.1672","2100","","MAP","","427623.0","447806.0","Huby FPS LC","HFJ7","","","","","","","","","","","20179223","2014-12-23","","NRAIL","","","","","Down Main/Fast","Off A658 Harrogate Rd at Huby Near Almscliffe Arms. SE276478",""
"20179224","LEH1","11.1472","QF","","11.1472","2100","","MAP","","428543.0","448861.0","Low Moor Farm/Lawsons UWC LS17 0DZ","HFJ7","","","","","","","","","","","20179224","2015-02-04","","NRAIL","","","","","Down Main/Fast","Travelling from Harrogate Past North Rigton on A658, turn left onto Low Moor Farm. SE285488.",""
"20179156","LEH1","13.121","QF","","13.121","1100","","MAP","","430298.0","451132.0","Bunkers Hill FPS, Pannal HG3 1PE","HFJ7","","","","","","","","","","","20179156","2015-02-05","","NRAIL","","","","","Up Main/Fast","Follow footpath sign from A61 between Pannal and road junction with A658. SE302511",""
"20615303","LEH1","14.0039","QF","","14.0039","2100","","MAP","","430728.0","451447.0","Pannal Station HG3 1JL","HFJ7","","","","","","","","","","","20615303","2015-02-04","","NRAIL","","","","","Down Main/Fast","Signposted off A61 at Pannal. SE307514.",""
"20178983","LEH1","14.1122","QF","","14.1122","2100","","MAP","","431545.0","452006.0","Spacey House Farm UWS, Pannal HG2 8HN","HFJ7","","","","","","","","","ME00755Nw","","20178983","2022-09-20","","NRAIL","","","","","Down Main/Fast","Follow Footpath Sign at Almsford Bank on A61 at the bottom of the hill between Pannal and Harrogate. SE315520.   Should be on down side also - Amend in Ellipse",""
"20788229","LEH1","4.1471","QF","","4.1471","2901","","MAR","","424391.0","439257.0","Horsforth Down Siding","HFJ6","","","","","","","","","Road/Rail vehicles","","20788229","2022-10-21","","NRAIL","","","","","","Access through the double palisade access gates via the Horsforth Station Car Park. The tarmac roadway leads directly to the RRAP located on the Down Siding and further down the tarmac road is the old Signal Box and yard area. Vehicle & RRV parking is suitable at this location.  What3Words Ref: boxer.float.gentle","SE 24391 39257"
"20776904","LEH1","8.055","QF","","8.055","0","","MAR","","425721.0","444272.0","ARTHINGTON OLD STATION","HFJ7","","","","","","","","","Road-Rail Vehicle","","20776904","2015-07-07","","NRAIL","","","","","All/Multiple Tracks","New double track RRV Acces installed.","SE 25721 44272"
"20774981","LEH1","0.063","QF","","0.063","2150","","MAV","","428026.0","433653.0","Farnell""s <Very Far End of Car Park>","HFJ6","","","","","","","","","Vehicle","","20774981","2013-03-14","","NRAIL","","","","","","","SE 28026 33653"
"20180032","LEH1","1.0158","QF","","1.0158","1100","","MAV","","428038.0","434804.0","HUWS GRAY BUILDING MATERIALS","HFJ6","","","","","","","","","VEHICLE ACCESS","","20180032","2023-03-29","","NRAIL","","","","","Up Main/Fast","Access through the main entrance of Huw Grays Building Materials yard, located off Cardigan Road. The vehicular railway access gates are positioned on the left hand side of the yard and to the side of Footbridge LEH1-5. The access gates lead directly to the Up Harrogate line.  Vehicle parking is very limited at this location and access is only available during Huw Grays opening times. What3Words Ref: brands.waving.sizes","SE 28024 34801"
"20788308","LEH1","2.0559","QF","","2.0559","2100","","MAV","","426541.0","435949.0","Park Mt/Vicarage Ter Kirkstall","HFJ6","","","","","","","","","Vehicular","","20788308","2022-10-27","","NRAIL","","","","","Down Main/Fast","Access through the vehicular palisade access gates, located at the intersection between Park Mount and Vicarage Terrace, Kirkstall. The access gates lead directly to the Down & Up Harrogate lines.  Vehicle parking is suitable at this location.  What3Words Ref: drain.legs.flats","SE 26541 35949"
"20631378","LEH1","4.1338","QF","","4.1338","2100","","MAV","","424421.0","439136.0","Horsforth Station","HFJ6","","","","","","","","","Vehicular","","20631378","2022-10-21","","JARVIS","","","","","Down Main/Fast","MIMS-SX//DE/KN - Not seen on SERCO -",""
"20180666","LEH1","4.1342","QF","","4.1342","9999","","MAV","","424421.0","439140.0","","HFJ6","","","","","","","","","","","20180666","2008-09-08","","NV","","","","","Unknown","Access Point. Signal Box. Turn right 2 miles after Kirkstall traffic lights. signs Cookridge. follow main road straight across at roundabout. At T-Junction in Horsforth drive straight across down Station Approach into Car Park.",""
"20180667","LEH1","4.1342","QF","","4.1342","9999","","MAV","","424421.0","439140.0","","HFJ6","","","","","","","","","","","20180667","2008-09-08","","NV","","","","","Unknown","Access Point. Station.",""
"20774985","LEH1","4.1402","QF","","4.1402","2100","","MAV","","424405.0","439190.0","Horsforth Station SB","HFJ6","","","","","","","","","Vehicle","","20774985","2013-03-14","","NRAIL","","","","","Down Main/Fast","","SE 24405 39190"
"20180034","LEH1","8.049","QF","","8.049","2100","","MAV","","425733.0","444296.0","Arthington Old Station, Station Road LS21 1NT","HFJ7","","","","","","","","","ME00755Nw","","20180034","2022-09-20","","NRAIL","","","","","Down Main/Fast","Off A658 onto A659, turn right just before the Railway Bridge and follow the gravel lane. A Right of Access exists on the 3rd Party lane to the Access pt. Single Gate 859 Lock. SE257442     Mileage difference <showing as 8m 490yds in Ellipse> - Amend mileage to match ellipse.",""
"20180668","LEH1","10.1364","QF","","10.1364","2100","","MAV","","427598.0","447527.0","Weeton Station A658 Harrogate Road LS17 0AJ","HFJ7","","","","","","","","","","","20180668","2015-02-04","","NRAIL","","","","","Down Main/Fast","Turn Off A658 Harrogate Rd at Weeton into Station Car Park. Follow Access Track at the side of the Coal Merchant Depot. Single gate 859 Lock. SE275475.",""
"20180669","LEH1","12.0343","QF","","12.0343","2100","","MAV","","429000.0","449177.0","Rigton MCB CCTV, Dunkeswick Lane LS17 0DY","HFJ7","","","","","","","","","","","20180669","2012-10-26","","NRAIL","","","","","Down Main/Fast","Travelling from Harrogate turn left at North Rigton off the A658 onto Dunkeswick Lane. Limited Parking on Downside. SE290491.",""
"20180670","LEH1","13.1696","QF","","13.1696","2100","","MAV","","430651.0","451399.0","Panal Station, Station Road HG3 1JR","HFJ7","","","","","","","","","","","20180670","2015-02-04","","NRAIL","","","","","Down Main/Fast","Left turn off A61 at Spacey Houses Inn, Pannal. Single Access Gate 859. Lock at the bottom of the Station Car Park. SE306513.  Noise levels to be kept to a minimum at all times. Access is adjacent to private property.  If Any Works have the potential to cause noise or disturbance then advance notification should be given to Harrogate Council Environmental Department on 01423 500600 ext 56861.",""
"20615206","LEH2","15.028","QF","","15.028","1100","","MAP","","432180.0","452553.0","Crimple Curve HG3 1DP","HFJ7","","","","","","","","","","","20615206","2015-02-04","","NRAIL","","","","","Up Main/Fast","Off A658 Onto Ruddings Lane signposted Rudding Park/Pannal. Turn left onto Home Farm at the 1st RH bend. Follow farm track, keep left and continue to Single Access gate 859 Lock. SE321525.",""
"20615222","LEH3","16.0456","QF","","16.0456","1100","","MAP","","431127.0","453844.0","Hornbeam Park Station HG2 8QP","HFJ7","","","","","","","","","","","20615222","2015-02-04","","NRAIL","","","","","Up Main/Fast","Off A61 turn onto Hookstone Road at Oatlands. Continue over Railway Bridge at Station then turn first right into Station Car Park. SE311538.",""
"20180672","LEH3","16.132","QF","","16.132","2100","","MAP","","430695.0","454438.0","Tewitt Well, Harrogate HG2 8JG","HFJ7","","","","","","","","","ME00755Nw","","20180672","2022-09-20","","NRAIL","","","","","Down Main/Fast","Off A6 onto Tewitt Well Avenue then left onto Tewitt Welll Rd, access behind No 3 Tewitt Well Rd. Single gate 859 Lock. SE306544.     Should be vehicle access also - Amend in Ellipse",""
"20615216","LEH3","17.0483","QF","","17.0483","2100","","MAP","","430445.0","455297.0","Harrogate Station HG1 5LF","HFJ7","","","","","","","","","","","20615216","2015-02-04","","NRAIL","","","","","Down Main/Fast","Off Station Parade A61 Harrogate City Centre, adjacent to Bus Station. SE304552",""
"20774775","LEH3","17.0528","QF","","17.0528","2100","","MAP","","430426.0","455352.0","Harrogate North Signal Box HG1 5LF","HFJ7","","","","","","","","","","","20774775","2015-02-04","","NRAIL","","","","","Down Main/Fast","Off Bower Street",""
"20787848","LEH3","16.132","QF","","16.132","2100","","MAV","","430695.0","454438.0","Tewitt Well, Harrogate HG2 8JG","HFJ7","","","","","","","","","ME00755Nw","","20787848","2022-09-20","","NRAIL","","","","","Down Main/Fast","Off A6 onto Tewitt Well Avenue then left onto Tewitt Welll Rd, access behind No 3 Tewitt Well Rd. Single gate 859 Lock. SE306544.     Should be vehicle access also - Amend in Ellipse",""
"20615217","LEH3","17.0515","QF","","17.0515","2100","","MAV","","430445.0","455297.0","Harrogate Station HG1 5LF","HFJ7","","","","","","","","","","","20615217","2015-02-04","","NRAIL","","","","","Down Main/Fast","Off Station Parade A61 Harrogate City Centre, adjacent to Bus Station. SE304552.",""
"20788468","LEN3","71.1431","QF","","71.1431","2100","","MA","","450962.0","532803.0","Clarence Road, Stranton TS248BZ","HFJ1","","","","","","","","","","","20788468","2022-11-24","","NRAIL","","","","","Down Main/Fast","[expert.eating.crowned]","NZ 50962 32803"
"20786288","LEN3","56.0924","QF","","56.0924","2100","","MAP","","441942.0","514414.0","Bells Bridge TS16 0HT","HFJ1","","","","","","","","","","","20786288","2021-10-11","","NRAIL","","","","","Down Main/Fast","Access to Burnmoor Drive","NZ 41942 14414"
"20181097","LEN3","56.1726","QF","","56.1726","1100","","MAP","","442161.0","515109.0","Eaglescliffe Station TS16 ODA","HFJ1","","","","","","","","","ME00755Nw","","20181097","2022-09-26","","NRAIL","","","","","Up Main/Fast","Station Road, off Yarm Road -A135- Eaglescliffe     Station Road, off Yarm Road -A135- Eaglescliffe.",""
"20789009","LEN3","57.0132","QF","","57.0132","2100","","MAP","","442197.0","515257.0","Eaglescliffe <B817 Signal> TS16 0BS","HFJ1","","","","","","","","","","","20789009","2023-03-08","","NRAIL","","","","","Down Main/Fast","Down <Platform 2>~
[nothing.following.paint]","NZ 42197 15257"
"20770969","LEN3","57.1584","QF","","57.1584","2100","","MAP","","442730.0","516470.0","Moorhouse Estate BR145 TS18 3RN","HFJ1","","","","","","","","","","","20770969","2012-05-01","","NRAIL","","","","","Down Main/Fast","Off Yarm Road, signposted Moorhouse Estate. Single Gate, 859 Lock.",""
"20179251","LEN3","58.0418","QF","","58.0418","0","","MAP","","442985.0","516950.0","Carters Steel LC TS18 3RF","HFJ1","","","","","","","","","","","20179251","2012-05-01","","NRAIL","","","","","All/Multiple Tracks","MIMS-S//de/ - See ML08 also. MIMS-S//ph/ - Access Point. Level Crossing. RT Document: ALARMS. Access on foot only.ehicular access or parking. With style",""
"20786669","LEN3","58.088","QF","","58.088","2100","","MAP","","443183.0","517324.0","BOWLING CLUB STOCKTON TS18 4EH","HFJ1","","","","","","","","","","","20786669","2022-01-11","","NRAIL","","","","","Down Main/Fast","Access to track","NZ 43183 17324"
"20770974","LEN3","59.0308","QF","","59.0308","1100","","MAP","","443648.0","518301.0","Hartburn Jcn [Micks Gate] TS18 3PU","HFJ1","","","","","","","","","","","20770974","2012-05-01","","NRAIL","","","","","Up Main/Fast","Bottom of Cranbourne Terrace, Stockton. Single gate with 859 Lock",""
"20788568","LEN3","59.132","QF","","59.132","1100","","MAP","","443996.0","519158.0","Melbourne Street, Stockton-on-Tees,TS18 1PB","HFJ1","","","","","","","","","","","20788568","2022-12-11","","NRAIL","","","","","Up Main/Fast","[mornings.upwards.confronts]","NZ 43996 19158"
"20776788","LEN3","61.044","QF","","61.044","2100","","MAP","","443657.0","521290.0","Bones Steps TS20 1QJ","HFJ1","","","","","","","","","","","20776788","2015-02-23","","NRAIL","","","","","Down Main/Fast","Bridge 161, Down Side. Pedestrian Access.",""
"20787248","LEN3","61.044","QF","","61.044","1100","","MAP","","443657.0","521290.0","Lawson Steps TS20 1QJ","HFJ1","","","","","","","","","","","20787248","2022-05-27","","NRAIL","","","","","Up Main/Fast","Bridge 161, Up Side. Pedestrian Access.",""
"20179423","LEN3","61.143","QF","","61.143","0","","MAP","","443092.0","521972.0","Glebe Crossing TS19 9ER","HFJ1","","","","","","","","","","","20179423","2012-05-01","","NRAIL","","","","","All/Multiple Tracks","Access between No. 3 & No. 5 Toddington Drive, Roseworth.",""
"20787989","LEN3","62.1122","QF","","62.1122","1100","","MAP","","443786.0","522711.0","NORTON CRICKET CLUB TS20 1PB","HFJ1","","","","","","","","","","","20787989","2022-09-28","","NRAIL","","","","","Up Main/Fast","New access point installed at Norton Station cricket club by Boro OT and RS.","NZ 43786 22711"
"20770985","LEN3","63.0","QF","","63.0","1100","","MAP","","444336.0","522904.0","Norton Station TS20 1SQ","HFJ1","","","","","","","","","","","20770985","2012-05-01","","NRAIL","","","","","Up Main/Fast","End of Shearwater Lane, Norton",""
"20179252","LEN3","63.0638","QF","","63.0638","9999","","MAP","","444884.0","523104.0","Norton A19 Crossing TS20 1SB","HFJ1","","","","","","","","","","","20179252","2012-05-01","","NRAIL","","","","","Unknown","Access via Billingham Beck -on foot-. No vehicular access or parking.",""
"20179229","LEN3","63.1311","QF","","63.1311","1100","","MAP","","445471.0","523279.0","Billingham SBX & Level Crossing TS23 2RH","HFJ1","","","","","","","","","","","20179229","2012-05-01","","NRAIL","","","","","Up Main/Fast","Access on foot only. No vehicular access or parking. Station Road, Billingham",""
"20787948","LEN3","63.1622","QF","","63.1622","2100","","MAP","","461787.0","509964.0","BILLINGHAM JUNCTION YO21 2SA","HFJ1","","","","","","","","","","","20787948","2022-09-27","","NRAIL","","","","","Down Main/Fast","[recent.blunt.balancing] Access to the points without the need to walk in from level crossing/line blocks for access etc.","NZ 61787 09964"
"20786448","LEN3","65.0044","QF","","65.0044","1100","","MAP","","447178.0","524166.0","Cowpen Council Salt Depot TS23 3JA","HFJ1","","","","","","","","","","","20786448","2021-11-22","","NRAIL","","","","","Up Main/Fast","Pedestrian access with off road parking","NZ 47178 24166"
"20179083","LEN3","65.1298","QF","","65.1298","9999","","MAP","","447988.0","524976.0","Cowpen Bewley Footpath TS23 4HS","HFJ1","","","","","","","","","ME00755Nw","","20179083","2022-09-26","","NRAIL","","","","","Unknown","Access on foot only. No vehicular access or parking. Footpath through Cowpen Bewley Country Park. Walk from Cowpen AHB",""
"20788608","LEN3","67.1166","QF","","67.1166","2100","","MAP","","450181.0","527160.0","Hartlepool Sth Works DNSIDE TS25 2HB","HFJ1","","","","","","","","","","","20788608","2022-12-19","","NRAIL","","","","","Down Main/Fast","[really.gently.stick]","NZ 50181 27160"
"20788609","LEN3","67.1166","QF","","67.1166","1100","","MAP","","450184.0","527158.0","Hartlepool Sth Works UPSIDE TS25 2HB","HFJ1","","","","","","","","","","","20788609","2022-12-19","","NRAIL","","","","","Up Main/Fast","[kings.cage.drill]","NZ 50184 27158"
"20787052","LEN3","68.1628","QF","","68.1628","2100","","MAP","","451445.0","528728.0","Tofts Fram Footbridge 181 TS25 2BS","HFJ1","","","","","","","","","","","20787052","2022-03-25","","NRAIL","","","","","Down Main/Fast","","NZ 51445 28728"
"20632441","LEN3","70.0156","QF","","70.0156","0","","MAP","","451714.0","530560.0","Cliff House TS25 1GL","HFJ1","","","","","","","","","","","20632441","2012-05-01","","NRAIL","","","","","All/Multiple Tracks","MIMS-S//KB/ - ",""
"20787952","LEN3","71.1254","QF","","71.1254","2100","","MAP","","451118.0","532698.0","HARTLEPOOL STN TS24 7ED","HFJ1","","","","","","","","","","","20787952","2022-09-27","","NRAIL","","","","","Down Main/Fast","Access Point Downside left of Station. [ending.scout.area]","NZ 51118 32698"
"20786350","LEN3","72.099","QF","","72.099","1100","","MAP","","450884.0","533985.0","Lancaster Road Advertising Boards TS24 8LS","HFJ1","","","","","","","","","","","20786350","2021-11-03","","NRAIL","","","","","Up Main/Fast","Access off Powlett Road.","NZ 50884 33985"
"20770991","LEN3","72.1035","QF","","72.1035","2100","","MAP","","450880.0","534026.0","Lancaster Road Br 193 TS24 8LY","HFJ1","","","","","","","","","","","20770991","2012-05-01","","NRAIL","","","","","Down Main/Fast","Access gate on the junction of Lancaster Road and Powlett Road. Single Gate with 222 Lock",""
"20786830","LEN3","74.1584","QF","","74.1584","1100","","MAP","","448352.0","536283.0","Hart Station TS24 9RG","HFJ1","","","","","","","","","","","20786830","2022-02-02","","NRAIL","","","","","Up Main/Fast","Direct access via gate.","NZ 48352 36283"
"20788292","LEN3","76.1034","QF","","76.1034","2100","","MAP","","447061.3","538568.1","Smithys Steps Downside, Blackhall Rocks TS27 4BD","HFJ1","","","","","","","","","","","20788292","2022-10-27","","NRAIL","","","","","Down Main/Fast","Local name will be Smithys steps Down Side.~
[cold.renews.excavated]","NZ 47061 38568"
"20788293","LEN3","76.1056","QF","","76.1056","1100","","MAP","","477056.0","538574.0","Blackburns Gate, BLACKHALL COLLIERY TS27 4BD","HFJ1","","","","","","","","","","","20788293","2024-08-28","","NRAIL","","","","","Up Main/Fast","[having.makeovers.slice] Access gate leading to LEN3 BRIDGE 209 - Gate Lock Combination 1966.","NZ 47056 38574"
"20774299","LEN3","77.1342","QF","","77.1342","1100","","MAP","","445656.0","539821.0","Blackhall Rocks Br 213[kwik step] TS27 4NF","HFJ1","","","","","","","","","","","20774299","2012-05-01","","NRAIL","","","","","Up Main/Fast","Tenth Street Blackhall rocks<kwik step>. Gate fitted with an 859 lock",""
"20775593","LEN3","79.132","QF","","79.132","2100","","MAP","","444148.0","542565.0","Grants Houses SR8 4TE","HFJ1","","","","","","","","","","","20775593","2013-11-19","","NRAIL","","","","","Down Main/Fast","LEN3 BRIDGE 222 down side~
79m 60c warren house",""
"20788009","LEN3","79.1323","QF","","79.1323","1100","","MAP","","444151.0","542571.0","Horden Sewerage Works SR8 3SX","HFJ1","","","","","","","","","","","20788009","2022-10-01","","NRAIL","","","","","Up Main/Fast","[modes.jumps.cups]","NZ 44151 42571"
"20776755","LEN3","80.1691","QF","","80.1691","1100","","MAP","","444037.0","544484.0","White Lea Farm/National Trust SR8 3UX","HFJ1","","","","","","","","","","","20776755","2022-09-07","","NRAIL","","","","","Up Main/Fast","Access through White Lea Farm/ask permission.",""
"20179306","LEN3","81.077","QF","","81.077","9999","","MAP","","444207.0","545232.0","Hawthorn Dene SR8 3UX","HFJ1","","","","","","","","","","","20179306","2012-05-01","","NRAIL","","","","","Unknown","Access Point. Level Crossing. RT Document: ALARMS. Access on foot only. No vehicular access or parking.",""
"20179278","LEN3","82.0","QF","","82.0","9999","","MAP","","444031.0","546103.0","Hawthorn Dene SR8 3UT","HFJ1","","","","","","","","","","","20179278","2012-05-01","","NRAIL","","","","","Unknown","Access Point. Level Crossing. RT Document: ALARMS. Access on foot only. No vehicular access or parking.",""
"20782527","LEN3","83.05","QF","","83.05","1100","","MAP","","443201.7","547953.1","Spectrum Business Park SR7 7TT","HFJ1","","","","","","","","","","","20782527","2018-08-14","","NRAIL","","","","","Up Main/Fast","Gate inserted with 859 lock. Near FTN site",""
"20789810","LEN3","83.0636","QF","","83.0636","1100","","MAP","","443181.0","548058.0","BRIDGE 234. SR7 7PT","HFJ1","","","","","","","","","","","20789810","2023-10-11","","NRAIL","","","","","Up Main/Fast","[WTW wordplay.lower.coil]","NZ 43181 48058"
"20787954","LEN3","83.1034","QF","","83.1034","2100","","MAP","","443110.0","548433.0","MOUNT STEWART STREET SR7 7PE","HFJ1","","","","","","","","","","","20787954","2022-09-27","","NRAIL","","","","","Down Main/Fast","Access Point at Mount Stewart Street - Downside. [canine.voting.specifies]","NZ 43110 48433"
"20787955","LEN3","83.1034","QF","","83.1034","1100","","MAP","","443109.0","58453.0","MOUNT STEWART STREET SR7 7PE","HFJ1","","","","","","","","","","","20787955","2022-09-27","","NRAIL","","","","","Up Main/Fast","Access Point at Mount Stewart Street - Upside. [buzzards.garlic.joystick]","NZ 43109 48453"
"20786849","LEN3","84.0","QF","","84.0","1100","","MAP","","442808.0","549007.0","Herburt Terrace Seaham SR7 7HT","HFJ1","","","","","","","","","","","20786849","2022-02-02","","NRAIL","","","","","Up Main/Fast","","NZ 42808 49007"
"20774698","LEN3","84.1584","QF","","84.1584","2100","","MAP","","441756.0","549978.0","Stanley Street, Seaham SR7 0AU","HFJ1","","","","","","","","","Pedsetrian","","20774698","2012-06-06","","NRAIL","","","","","Down Main/Fast","New pedestrian Access point",""
"20786853","LEN3","86.0638","QF","","86.0638","1100","","MAP","","441587.0","551996.0","Convent Bridge SR2 0GW","HFJ1","","","","","","","","","","","20786853","2022-02-02","","NRAIL","","","","","Up Main/Fast","","NZ 41587 51996"
"20779887","LEN3","86.0731","QF","","86.0731","1100","","MAP","","441580.0","552024.0","Convent Bridge Ryhope SR7 7AH","HFJ1","","","","","","","","","","","20779887","2017-03-07","","NRAIL","","","","","Up Main/Fast","Local Name Scotts Gate",""
"20788068","LEN3","87.0748","QF","","87.0748","2100","","MAP","","441275.0","553677.0","Ryhope Bypass DN SR2 0PW","HFJ1","","","","","","","","","","","20788068","2022-10-05","","NRAIL","","","","","Down Main/Fast","New access steps installed at Ryhope Bypass, pedestrian only. [armed.hits.vast]","NZ 41275 53677"
"20788508","LEN3","87.0792","QF","","87.0792","1100","","MAP","","441292.0","553719.0","Ryhope SR2 0PW","HFJ1","","","","","","","","","","","20788508","2022-11-29","","NRAIL","","","","","Up Main/Fast","[spin.either.hungry]","NZ 41292 53719"
"20788059","LEN3","87.1386","QF","","87.1386","2100","","MAP","","441187.0","554252.0","Ryhope Grange SB SR2 7RG","HFJ1","","","","","","","","","","","20788059","2022-10-04","","NRAIL","","","","","Down Main/Fast","This is to access the box/locations/lock out devices without the need to cross the line from the up side.~
Access is from Rydale Park on the down side, through a TP wooden fence which takes you to NR palisade gate.  [puts.active.bowls]","NZ 41187 54252"
"20776741","LEN3","88.0682","QF","","88.0682","2100","","MAP","","440662.0","555038.0","Spelter Works adjacent to Br 250 SR2 8SH","HFJ1","","","","","","","","","","","20776741","2015-01-08","","NRAIL","","","","","Down Main/Fast","Access via public road.",""
"20776800","LEN3","88.132","QF","","88.132","2100","","MAP","","440332.0","555519.0","HUNTER TERRACE <T6203> SR2 8SP","HFJ1","","","","","","","","","","","20776800","2015-04-01","","NRAIL","","","","","Down Main/Fast","Gated access point pedestrian only",""
"20776801","LEN3","88.132","QF","","88.132","1100","","MAP","","440332.0","555519.0","PERCY TERRACE <T6204> SR2 8SP","HFJ1","","","","","","","","","","","20776801","2015-04-01","","NRAIL","","","","","Up Main/Fast","Gated access point pedestrian only",""
"20788208","LEN3","84.0797","QF","","84.0797","2100","","MAR","","442209.1","549428.3","Polka Sidings SR7 8QE","HFJ1","","","","","","","","","","","20788208","2024-08-20","","NRAIL","","","","","Down Main/Fast","Seaham Yard [shovels.knots.pack]","NZ 42209 49428"
"20626766","LEN3","56.1496","QF","","56.1496","1100","","MAV","","442140.0","515043.0","Eaglescliffe South Jcn TS16 ODA","HFJ1","","","","","","","","","ME00755Nw","","20626766","2022-09-26","","NRAIL","","","","","Up Main/Fast","Station Road, off Yarm Road, Eaglescliffe. Double Gate, 859 Lock",""
"20626804","LEN3","57.0463","QF","","57.0463","2500","","MAV","","442300.0","515542.0","Eaglescliffe TS16 OAE","HFJ1","","","","","","","","","","","20626804","2012-05-01","","NRAIL","","","","","Down Loop","MIMS-S//kb/ - Access Gate",""
"20626709","LEN3","58.044","QF","","58.044","1100","","MAV","","442995.0","516967.0","Stockton Cut Junction TS18 3RF","HFJ1","","","","","","","","","","","20626709","2012-05-01","","NRAIL","","","","","Up Main/Fast","Access Gate down Public Footpath next to Fitness First, Yarm Road. Single Gate, 859 Lock",""
"20771718","LEN3","59.0358","QF","","59.0358","2100","","MAV","","443665.0","518344.0","Fujitsu Way TS18 3PD","HFJ1","","","","","","","","","ME00755Nw","","20771718","2022-09-26","","NRAIL","","","","","Down Main/Fast","Off junction of Marlborough Road & Balmoral Terrace. Double galvanized steel gates.    Off junction of Marlborough Road & Balmoral Terrace. Double galvanized steel gates.",""
"20770975","LEN3","60.0088","QF","","60.0088","1100","","MAV","","444172.0","519607.0","Stockton Station TS18 2AX","HFJ1","","","","","","","","","","","20770975","2012-05-01","","NRAIL","","","","","Up Main/Fast","Off Bishopton Lane, Stockton",""
"20180678","LEN3","60.0198","QF","","60.0198","2902","","MAV","","444215.0","519698.0","Stockton Station TS18 2RY","HFJ1","","","","","","","","","","","20180678","2012-05-01","","NRAIL","","","","","","Access gate off Orde Wingate Way, Stockton. Double Fishplates.",""
"20770976","LEN3","60.066","QF","","60.066","2100","","MAV","","444351.0","520095.0","Durham Road TS19 0EY","HFJ1","","","","","","","","","","","20770976","2012-05-01","","NRAIL","","","","","Down Main/Fast","Access gate on A177 near Primrose Hill. Double Fishplates",""
"20179082","LEN3","62.0462","QF","","62.0462","1100","","MAV","","443220.0","522503.0","Norton East SBX & Jcn, Blackwells Xing TS20 1QG","HFJ1","","","","","","","","","","","20179082","2012-05-01","","NRAIL","","","","","Up Main/Fast","No parking on occupation road. Off Kew Gardens, off Junction Road, Stockton",""
"20180680","LEN3","62.1386","QF","","62.1386","9999","","MAV","","444014.0","522790.0","Norton on Tees SB TS20 1TT","HFJ1","","","","","","","","","","","20180680","2012-05-01","","NRAIL","","","","","Unknown","Off B1274, Junction Road and turn into Station Road, Norton",""
"20770984","LEN3","62.1474","QF","","62.1474","2100","","MAV","","444090.0","522815.0","Former Norton Station TS20 1TT","HFJ1","","","","","","","","","","","20770984","2012-05-01","","NRAIL","","","","","Down Main/Fast","Acess road near level crossing. Single Gate",""
"20179614","LEN3","63.132","QF","","63.132","0","","MAV","","445480.0","523280.0","Billingham SBX & Level Crossing TS23 2RH","HFJ1","","","","","","","","","","","20179614","2012-05-01","","NRAIL","","","","","All/Multiple Tracks","Station Road, Billingham",""
"20786851","LEN3","64.044","QF","","64.044","1100","","MAV","","446267.0","523318.0","Billingham  Footbridge TS23 2QN","HFJ1","","","","","","","","","","","20786851","2022-02-02","","NRAIL","","","","","Up Main/Fast","Access via Bedford Terrace","NZ 46267 23318"
"20786852","LEN3","64.044","QF","","64.044","2100","","MAV","","446267.0","523318.0","Billingham  Footbridge TS23 2QN","HFJ1","","","","","","","","","","","20786852","2022-02-02","","NRAIL","","","","","Down Main/Fast","Access via Cotswald Crescent","NZ 46267 23318"
"20180682","LEN3","64.1034","QF","","64.1034","2100","","MAV","","446677.0","523671.0","Billingham Station TS23 4AU","HFJ1","","","","","","","","","","","20180682","2012-05-01","","NRAIL","","","","","Down Main/Fast","Off Leeholm Road, Billingham -near Tesco's-",""
"20180025","LEN3","65.0968","QF","","65.0968","9999","","MAV","","447775.0","524763.0","Cowpen Lane AHB LC TS23 4HW","HFJ1","","","","","","","","","ME00755Nw","","20180025","2022-09-26","","NRAIL","","","","","Unknown","Wolviston Back Lane, Cowpen Bewley",""
"20179827","LEN3","67.0616","QF","","67.0616","2100","","MAV","","449828.0","526807.0","Greatham SBX & Level Crossing TS25 2HB","HFJ1","","","","","","","","","","","20179827","2012-05-01","","NRAIL","","","","","Down Main/Fast","No parking on occupation road. Marsh House Lane, Greatham",""
"20180684","LEN3","67.0616","QF","","67.0616","0","","MAV","","449828.0","526807.0","Greatham SB & Level Crossing TS25 2HB","HFJ1","","","","","","","","","","","20180684","2012-05-01","","NRAIL","","","","","All/Multiple Tracks","Signal Box/LC. Signpost Greatham off A689, Road bears right with a left fork, take left fork and follow road round to Greatham Level Crossing, Marsh House Lane, Greatham. NOW CLOSED TO PUBLIC.",""
"20632427","LEN3","67.1166","QF","","67.1166","1100","","MAV","","450166.0","527143.0","Hartlepool Sth Works Br 173 TS25 2HB","HFJ1","","","","","","","","","ME00755Nw","","20632427","2022-09-26","","NRAIL","","","","","Up Main/Fast","Thorntree Lane, off Station Road, Greatham. Single Gate with 859 Lock  Amended Mileage as per sheet",""
"20776750","LEN3","68.1584","QF","","68.1584","1100","","MAV","","451490.0","528840.0","Brenda Road TS25 2BS","HFJ1","","","","","","","","","ME00755Nw","","20776750","2022-09-26","","NRAIL","","","","","Up Main/Fast","Access via Brenda Road Bridge.  Ameded Mileage from 690000 as per sheet",""
"20632417","LEN3","69.0459","QF","","69.0459","1100","","MAV","","451617.0","529238.0","Seaton Carew TS25 2AQ","HFJ1","","","","","","","","","ME00755Nw","","20632417","2022-09-27","","NRAIL","","","","","Up Main/Fast","MIMS-S//KB/ - ",""
"20180685","LEN3","69.0737","QF","","69.0737","1100","","MAV","","451671.0","529488.0","Seaton Carew Station TS25 2AG","HFJ1","","","","","","","","","","","20180685","2012-05-01","","NRAIL","","","","","Up Main/Fast","Seaton Lane, B1276, Seaton Carew - via Up side. Single Gate with 859 Lock",""
"20180686","LEN3","70.0484","QF","","70.0484","1100","","MAV","","451710.0","530860.0","Former Cliff House SBX TS25 1GE","HFJ1","","","","","","","","","ME00755Nw","","20180686","2022-09-26","","NRAIL","","","","","Up Main/Fast","Off A178, Coronation Drive, to Warrior Drive Access Gate on right hand side. Double Gate with 859 Lock",""
"20770990","LEN3","71.0308","QF","","71.0308","1100","","MAV","","451639.0","532301.0","Stranton TS24 7NB","HFJ1","","","","","","","","","","","20770990","2012-05-01","","NRAIL","","","","","Up Main/Fast","Dirt track off Maritime way, Hartlepool. Single Gate with 859 Lock",""
"20180687","LEN3","71.0484","QF","","71.0484","2100","","MAV","","451597.0","532454.0","Stranton SBX [Disused] TS24 7BA","HFJ1","","","","","","","","","","","20180687","2012-05-01","","NRAIL","","","","","Down Main/Fast","Off Mainsforth Terrace, Hartlepool. Single and Double Gate with 859 lock",""
"20179842","LEN3","71.088","QF","","71.088","9999","","MAV","","451424.0","532762.0","Church Street CCTV LC TS24 7DN","HFJ1","","","","","","","","","ME00755Nw","","20179842","2022-09-26","","NRAIL","","","","","Unknown","Junction of Church Strret and Victoria Terrace, Hartlepool    Junction of Church Strret and Victoria Terrace, Hartlepool",""
"20180688","LEN3","71.121","QF","","71.121","2100","","MAV","","451123.0","532703.0","Hartlepool Station TS24 7ED","HFJ1","","","","","","","","","","","20180688","2012-05-01","","NRAIL","","","","","Down Main/Fast","Station approach, just off Church Street, Hartlepool",""
"20180689","LEN3","71.154","QF","","71.154","1100","","MAV","","450941.0","532893.0","Clarence Road SB [Disused] TS24 8BT","HFJ1","","","","","","","","","ME00755Nw","","20180689","2022-09-26","","NRAIL","","","","","Up Main/Fast","Access gate in ASDA car park, Hartlepool. Single gate with 859 Lock",""
"20783928","LEN3","73.033","QF","","73.033","1100","","MAV","","450769.1","534975.1","Cemetery North Top Road TS24 0GE","HFJ1","","","","","","","","","","","20783928","2020-02-27","","NRAIL","","","","","Up Main/Fast","Access from Old Cemetery Road 859 Lock.","NZ 50769 34975"
"20180690","LEN3","73.1078","QF","","73.1078","2100","","MAV","","450184.0","535322.0","Cemetery North Br 198 TS24 9NF","HFJ1","","","","","","","","","","","20180690","2012-05-01","","NRAIL","","","","","Down Main/Fast","Through Horseshoe Tunnel, off West View Road, Hartlepool. Follow dirt track to left of tunnel. Single Special Key.",""
"20770992","LEN3","74.1606","QF","","74.1606","2100","","MAV","","448332.0","536289.0","Former Hart Station TS24 9RG","HFJ1","","","","","","","","","","","20770992","2022-02-02","","NRAIL","","","","","Down Main/Fast","Access gate on Hartville Road, signposted Hart to Haswell walkway. Single Gate with 859 Lock.",""
"20770996","LEN3","76.1342","QF","","76.1342","2100","","MAV","","446883.0","538785.0","Former Blackhall Rocks Stn, Br 210 TS27 4AT","HFJ1","","","","","","","","","","","20770996","2012-05-01","","NRAIL","","","","","Down Main/Fast","Off station road, Blackhall Rocks",""
"120000721","LEN3","78.1041","QF","","78.1041","1100","","MAV","","444899.2","540892.5","COTSFORD LANE","HFJ1","","","","","","","","","ACCESS POINT","","120000721","2025-07-18","","","","","","","Up Main/Fast","hugs.tells.drips
NZ 44899 40893",""
"20180691","LEN3","84.0484","QF","","84.0484","2100","","MAV","","442437.0","549248.0","Polka Sidings SR7 7SW","HFJ1","","","","","","","","","ME00755Nw","","20180691","2024-08-20","","NRAIL","","","","","Down Main/Fast","Polka Sidings. Opposite Maureen Terrace, Dawdon",""
"20180693","LEN3","84.1078","QF","","84.1078","9999","","MAV","","442037.0","549615.0","Seaham Station SR7 0AD","HFJ1","","","","","","","","","","","20180693","2012-05-01","","NRAIL","","","","","Unknown","Access Point. Station. Station Road, Seaham",""
"20179847","LEN3","85.0528","QF","","85.0528","9999","","MAV","","441339.0","550477.0","Hall Dene SBX [Disused] & CCTV LC SR7 7AH","HFJ1","","","","","","","","","ME00755Nw","","20179847","2022-09-26","","NRAIL","","","","","Unknown","Lord Byrons walk, Seaham",""
"20179084","LEN3","86.1254","QF","","86.1254","2100","","MAV","","441463.0","552546.0","Davidsons LC South SR2 0PW","HFJ1","","","","","","","","","ME00755Nw","","20179084","2022-09-26","","NRAIL","","","","","Down Main/Fast","No parking on occupation road. Just off B1287 opposite Regent Road",""
"20770998","LEN3","86.1694","QF","","86.1694","2100","","MAV","","441424.0","552944.0","Bridge 245 SR2 0NR","HFJ1","","","","","","","","","","","20770998","2012-05-01","","NRAIL","","","","","Down Main/Fast","Just off B1287, Seaham Road. Single gate with 859 Lock. Wood Yard access onto track closed during the construction of the By Pass.",""
"20180695","LEN3","87.1386","QF","","87.1386","1100","","MAV","","441189.0","554252.0","Ryhope Grange SB SR2 9SQ","HFJ1","","","","","","","","","","","20180695","2012-05-01","","NRAIL","","","","","Up Main/Fast","Off Ocean Road, over Grange Town Level Crossing then right and along tarmacced road to Signal Box. Single gate with 859 Lock",""
"20771001","LEN3","88.154","QF","","88.154","2100","","MAV","","440220.0","555687.0","BR 251 SR2 8RR","HFJ1","","","","","","","","","","","20771001","2012-05-01","","NRAIL","","","","","Down Main/Fast","Off Ryhope Road, Sunderland. Single Gate with 222 Lock.",""
"20180188","MAC3","104.1606","QF","","104.1606","0","","MA","","520300.0","411616.0","STALLINGBROUGH SB","HFJ4","","","","","","","","","","","20180188","2012-04-18","","NV","","","","","All/Multiple Tracks","Access - Follow SATNAV & access on Station Road. Security - Locked security gate. Parking - Signal box car park. Condition - Good, good lighting, good under foot. Nearest hospital Grimsby. Nearest welfare Stallingborough SB on site.","TA 00203 00116"
"20180189","MAC3","105.1606","QF","","105.1606","0","","MA","","521826.0","411055.0","HEALING STATION UWC","HFJ4","","","","","","","","","","","20180189","2013-02-07","","NV","","","","","All/Multiple Tracks","MIMS-S//SC/ - SOUTH SIDE OF RAILWAY",""
"20180192","MAC3","109.055","QF","","109.055","0","","MA","","526911.0","409143.0","GARDEN ST LC","HFJ4","","","","","","","","","","","20180192","2022-10-04","","NRAIL","","","","","All/Multiple Tracks","Access on Gardne Street off South St. Marys. Security - locked gate. Parking - none. Condition - Good, good lighting, cattle guards, road traffic. Nearest hospital Grimsby. Nearest welfare Pasture St SB approx 5 mins.","TA 00269 00091"
"20180196","MAC3","112.0638","QF","","112.0638","0","","MA","","530481.0","409284.0","CLEETHORPES STATION NO.1","HFJ4","","","","","","","","","","","20180196","2022-10-04","","NRAIL","","","","","All/Multiple Tracks","Norfolk Road access at bottom of Station Road. Security - Locked security gate. Parking - Hard surface. Condition - good, good under foot, no lighting. Nearest hospital Grimsby. Nearest welfare Pasture St. SB approx 15 mins.","TA 00305 00090"
"20180197","MAC3","112.077","QF","","112.077","0","","MA","","530556.0","409189.0","CLEETHORPES STATION NO.2","HFJ4","","","","","","","","","","","20180197","2012-04-23","","NV","","","","","All/Multiple Tracks","Access along Norfolk Road off Station Road. Security - Locked security gate. Parking - LTD grass area through gate. Condition - Good, light vegetation, no lighting. Nearest hospital Grimsby. Nearest welfare - Pasture St SB approx 15 mins.","TA 00305 00090"
"20179008","MAC3","37.0374","QF","","37.0374","0","","MAP","","431717.0","392489.0","BEELEY WOOD","HFJ4","","","","","","","","","","","20179008","2013-03-25","","NV","","","","","All/Multiple Tracks","MIMS-X///AB - Access Point. Level Crossing. RT Document: ALARMS. Access on foot only. No vehicular access or parking. S35 0HE.",""
"20771734","MAC3","41.11","QF","","41.11","0","","MAP","","436544.0","387845.0","Blast Lane Depot","HFJ4","","","","","","","","","","","20771734","2013-03-25","","NRAIL","","","","","All/Multiple Tracks","GN6017 NEW ASSETS CREATED FROM ELLIPSE 23/4/07 STC. S4 7TA.",""
"20771737","MAC3","43.0374","QF","","43.0374","0","","MAP","","439036.0","387743.0","DARNALL STN/CRESSWELL ROAD","HFJ4","","","","","","","","","","","20771737","2013-03-25","","NRAIL","","","","","All/Multiple Tracks","GN6017 NEW ASSETS CREATED FROM ELLIPSE 23/4/07 STC. S9 4LD.",""
"20771738","MAC3","43.132","QF","","43.132","0","","MAP","","439876.0","387518.0","HANDSWORTH ROAD BR145","HFJ4","","","","","","","","","","","20771738","2013-03-25","","NRAIL","","","","","All/Multiple Tracks","GN6017 NEW ASSETS CREATED FROM ELLIPSE 23/4/07 STC. S9 4NT",""
"20771739","MAC3","46.0","QF","","46.0","0","","MAP","","442638.0","385709.0","RETFORD ROAD BR151","HFJ4","","","","","","","","","","","20771739","2013-03-25","","NRAIL","","","","","All/Multiple Tracks","GN6017 NEW ASSETS CREATED FROM ELLIPSE 23/4/07 STC. S13 9WA.",""
"20772095","MAC3","47.0968","QF","","47.0968","0","","MAP","","444808.0","384622.0","WOODHOUSE VIADUCT","HFJ4","","","","","","","","","","","20772095","2013-03-25","","NRAIL","","","","","All/Multiple Tracks","GN7075 CREATING ASSETS 31/10/07 AS. S26 4SX.",""
"20779687","MAC3","48.1254","QF","","48.1254","1100","","MAP","","446586.0","383923.0","MANSFIELD ROAD","HFJ4","","","","","","","","","","","20779687","2017-02-06","","NRAIL","","","","","Up Main/Fast","New Access Point","SK 46586 83923"
"120000145","MAC3","50.0748","QF","","50.0748","1100","","MAP","","448901.0","382919.0","Kiveton Bridge","HFJ4","","","","","","","","","Pedestrian Access Point","","120000145","2025-04-30","","","","","","","Up Main/Fast","what 3 words: fanfare.lifetimes.clerics",""
"20783067","MAC3","51.1034","QF","","51.1034","0","","MAP","","450774.0","382501.0","KIVETON PARK","HFJ4","","","","","","","","","","","20783067","2019-03-08","","NRAIL","","","","","All/Multiple Tracks","Access point at Kiveton Park station level crossing, Packman Lane, off B6059 Red Hill / Dog Kennels Lane.","SK 50774 82501"
"20179305","MAC3","52.0486","QF","","52.0486","0","","MAP","","451795.0","382220.0","THORPE SALVIN","HFJ4","","","","","","","","","","","20179305","2013-03-25","","NV","","","","","All/Multiple Tracks","MIMS-SX//SC/KM - Not seen on site visit - Access Point. Level Crossing. RT Document: ALARMS. Access on foot only. No vehicular access or parking. S26 6NR.",""
"20772554","MAC3","53.0615","QF","","53.0615","0","","MAP","","453428.0","381727.0","THORPE SALVIN FP","HFJ4","","","","","","","","","","","20772554","2022-10-04","","NRAIL","","","","","All/Multiple Tracks","S81 8BE",""
"20179042","MAC3","54.0497","QF","","54.0497","0","","MAP","","454905.0","381403.0","BRANCLIFFE GRANGE","HFJ4","","","","","","","","","","","20179042","2013-03-25","","NV","","","","","All/Multiple Tracks","MIMS-SX//SC/KM - Access Point. Level Crossing. RT Document: ALARMS. Access on foot only. No vehicular access or parking. - Not seen during MIMS site visit -. S81 8NR",""
"20616650","MAC3","54.1229","QF","","54.1229","2100","","MAP","","455538.0","381184.0","SHIREOAKS STATION","HFJ4","","","","","","","","","","","20616650","2013-03-25","","NV","","","","","Down Main/Fast","MIMS-SX//SC/KM -. S81 8LW",""
"20783068","MAC3","54.1232","QF","","54.1232","0","","MAP","","455542.0","381199.0","SHIREOAKES STATION SIGNAL BOX","HFJ4","","","","","","","","","","","20783068","2019-03-08","","NRAIL","","","","","All/Multiple Tracks","Access point at Shireoakes station level crossing, Shireoakes Common.","SK 55542 81199"
"20616731","MAC3","54.1738","QF","","54.1738","2100","","MAP","","455961.0","380984.0","SHIREOAKS PIT BR177","HFJ4","","","","","","","","","","","20616731","2013-03-25","","JARVIS","","","","","Down Main/Fast","MIMS-SX//SC/KM - S81 8ND",""
"120000141","MAC3","57.132","QF","","57.132","1100","","MAP","","460135.0","379197.0","Kilton","HFJ4","","","","","","","","","Pedestrian Access Point","","120000141","2025-04-30","","","","","","","Up Main/Fast","What3words : ritual.curiosity.test",""
"20772104","MAC3","58.0792","QF","","58.0792","0","","MAP","","461080.0","378739.0","MANTON VIADUCT","HFJ4","","","","","","","","","","","20772104","2013-03-25","","NRAIL","","","","","All/Multiple Tracks","GN7075 CREATING ASSETS 02/11/07 AS. S81 0UB",""
"20773939","MAC3","60.022","QF","","60.022","2100","","MAP","","","","Osberton Grange 2","HFJ4","","","","","","","","","Pedestrian","","20773939","2013-03-25","","NRAIL","","","","","Down Main/Fast","New pedestrian access point installed. S80 2RS",""
"20624604","MAC3","63.0272","QF","","63.0272","1100","","MAP","","468451.0","379753.0","GREAT MORTON","HFJ4","","","","","","","","","","","20624604","2013-03-25","","JARVIS","","","","","Up Main/Fast","MIMS-SX//SC/KM - STOPS UP. DN22 8EY.",""
"20772110","MAC3","63.1606","QF","","63.1606","2100","","MAP","","469656.0","380006.0","ORDSALL RD BRIDGE 194","HFJ4","","","","","","","","","","","20772110","2013-03-25","","NRAIL","","","","","Down Main/Fast","GN7075 CREATING ASSETS 02/11/07 AS. DN22 7GA.",""
"20624636","MAC3","64.033","QF","","64.033","2100","","MAP","","470088.0","380101.0","WEST CARR ROAD","HFJ4","","","","","","","","","","","20624636","2022-10-04","","NRAIL","","","","","Down Main/Fast","MIMS-SX//SC/KM . DN22 7TE",""
"20772111","MAC3","64.0528","QF","","64.0528","0","","MAP","","470264.0","380140.0","TUNNEL ROAD","HFJ4","","","","","","","","","","","20772111","2013-03-25","","NRAIL","","","","","All/Multiple Tracks","GN7075 CREATING ASSETS 02/11/07 AS. DN22 7TA.",""
"20772113","MAC3","65.044","QF","","65.044","0","","MAP","","471464.0","381027.0","BLAKSTOPE LANE","HFJ4","","","","","","","","","","","20772113","2013-03-25","","NRAIL","","","","","All/Multiple Tracks","GN7075 CREATING ASSETS 02/11/07 AS. DNSS 6ND.",""
"20772114","MAC3","65.1562","QF","","65.1562","0","","MAP","","472094.0","381839.0","SHADY LANE","HFJ4","","","","","","","","","","","20772114","2013-03-25","","NRAIL","","","","","All/Multiple Tracks","GN7075 CREATING ASSETS 02/11/07 AS. DN22 0SA.",""
"20179266","MAC3","66.0088","QF","","66.0088","1100","","MAP","","472254.0","382045.0","A620 BRIDGE 202","HFJ4","","","","","","","","","","","20179266","2013-03-25","","NV","","","","","Up Main/Fast","MIMS-X///KM - Access Point. Level Crossing. RT Document: ALARMS. Access on foot only. No vehicular access or parking. DN22 0SB.",""
"20772116","MAC3","66.1584","QF","","66.1584","0","","MAP","","473415.0","382713.0","BAULKS BRIDGE","HFJ4","","","","","","","","","","","20772116","2013-03-25","","NRAIL","","","","","All/Multiple Tracks","GN7075 CREATING ASSETS 02/11/07 AS. DN22 9NH.",""
"20772556","MAC3","70.0264","QF","","70.0264","0","","MAP","","477851.0","384391.0","STURTON LE STEEPLE","HFJ4","","","","","","","","","","","20772556","2022-10-04","","NRAIL","","","","","All/Multiple Tracks","DN22 9HS.",""
"120000138","MAC3","73.1188","QF","","73.1188","1100","","MAP","","481522.0","388581.0","Carr Lane","HFJ4","","","","","","","","","Pedestrian Access Point","","120000138","2025-04-30","","","","","","","Up Main/Fast","What3words : surround.rolled.split",""
"20179240","MAC3","78.165","QF","","78.165","0","","MAP","","485940.0","394307.0","FOOTPATH NO 24","HFJ4","","","","","","","","","","","20179240","2013-03-25","","NV","","","","","All/Multiple Tracks","MIMS-X///KM - Access Point. Level Crossing. RT Document: ALARMS. Access on foot only. No vehicular access or parking. DN21 3LE.",""
"20179618","MAC3","82.0286","QF","","82.0286","9999","","MAP","","490505.0","396539.0","NORTHORPE","HFJ4","","","","","","","","","","","20179618","2013-03-25","","NV","","","","","Unknown","Access Point. Level Crossing. RT Document: ALARMS. DN21 4AJ.",""
"20179340","MAC3","83.11","QF","","83.11","9999","","MAP","","492129.0","398273.0","FOOTPATH NO 254","HFJ4","","","","","","","","","","","20179340","2013-03-25","","NV","","","","","Unknown","Access Point. Level Crossing. RT Document: ALARMS. Access on foot only. No vehicular access or parking. DN21 4BX.",""
"20773938","MAC3","83.1584","QF","","83.1584","3100","","MAP","","492474.0","398642.0","Ings Road, Kirton in Lindsey","HFJ4","","","","","","","","","Pedestrian","","20773938","2022-11-02","","NRAIL","","","","","Rev Main/Fast","Access through gate on left of Ings Road bridge U/B232 approaching from Kirton in Lindsey. Steps lit by solar panel lightin lead up embankment to cess. Adequate parking is available.  What3words :denim.bulletins.priced","SK 92474 98642"
"20179046","MAC3","84.0154","QF","","84.0154","9999","","MAP","","492641.0","398818.0","FOOTPATH NO 253","HFJ4","","","","","","","","","","","20179046","2013-03-25","","NV","","","","","Unknown","Access Point. Level Crossing. RT Document: ALARMS. Access on foot only. No vehicular access or parking. DN21 4BX.",""
"20179546","MAC3","84.1606","QF","","84.1606","3400","","MAP","","493548.0","399787.0","FOOTPATH NO 248","HFJ4","","","","","","","","","","","20179546","2013-03-25","","NRAIL","","","","","Rev Single","MIMS-S//JR/ - Access Point. Level Crossing. RT Document: ALARMS. Access on foot only. No vehicular access or parking. DN21 4JR.",""
"120000135","MAC3","90.1386","QF","","90.1386","1100","","MAP","","500083.0","406782.0","Ancholme Bridge","HFJ4","","","","","","","","","Pedestrian Access Point","","120000135","2025-04-30","","","","","","","Up Main/Fast","What3words : waitress.cubes.blueberry",""
"20180658","MAC3","91.0506","QF","","91.0506","0","","MAP","","500735.0","406994.0","BRIGG","HFJ4","","","","","","","","","","","20180658","2019-07-08","","NV","","","","","All/Multiple Tracks","MIMS-X///KN - Access Point. Signal Box/LC. From Brigg memorial roundabour follow A1084 Bigby Road to L.C. Westrum Lane. - Not seen on SERCO. DN20 8RA.","TA 00735 06994"
"20179047","MAC3","93.1518","QF","","93.1518","0","","MAP","","504339.0","409006.0","FOOTPATH NO.52","HFJ4","","","","","","","","","","","20179047","2013-02-07","","NV","","","","","All/Multiple Tracks","MIMS-S//SC/ - Access Point. Level Crossing. RT Document: ALARMS. Access on foot only. No vehicular access or parking. STYLE CROSSING <ML08>",""
"20630694","MAC3","94.1258","QF","","94.1258","1200","","MAP","","505431.0","409915.0","BARNETBY","HFJ4","","","","","","","","","","","20630694","2013-02-07","","NRAIL","","","","","Up Slow","MIMS-SX//SC/DE -",""
"20772868","MAC3","95.1188","QF","","95.1188","1100","","MAP","","506839.0","410405.0","KNABS BRIDGE","HFJ4","","","","","","","","","","","20772868","2013-02-07","","NRAIL","","","","","Up Main/Fast","26/02/08 CREATING ASSET - AS",""
"20772870","MAC3","97.132","QF","","97.132","2200","","MAP","","509681.0","412073.0","CROXTON BRIDGE 250","HFJ4","","","","","","","","","","","20772870","2013-02-07","","NRAIL","","","","","Down Slow","26/02/08 CREATING ASSETS - AS",""
"20630781","MAC3","99.0695","QF","","99.0695","1100","","MAP","","511874.0","413546.0","BROCKLESBY","HFJ4","","","","","","","","","","","20630781","2013-02-07","","NRAIL","","","","","Up Main/Fast","MIMS-SX//SC/KN -",""
"20179159","MAC3","101.0066","QF","","101.0066","0","","MAP","","514422.0","413615.0","HABROUGH FP","HFJ4","","","","","","","","","","","20179159","2022-10-04","","NRAIL","","","","","All/Multiple Tracks","MIMS-SX//SC/SC - Access Point. Level Crossing. RT Document: ALARMS. Access on foot only. No vehicular access or parking. - Not seen during MIMS site visit -",""
"20631160","MAC3","101.0259","QF","","101.0259","2100","","MAP","","514593.0","413564.0","HABROUGH STATION","HFJ4","","","","","","","","","","","20631160","2013-02-07","","NRAIL","","","","","Down Main/Fast","MIMS-SX//SC/MM - Not seen on SERCO -",""
"20631162","MAC3","101.0281","QF","","101.0281","2100","","MAP","","514613.0","413558.0","LOCATION BOX","HFJ4","","","","","","","","","","","20631162","2013-02-07","","NRAIL","","","","","Down Main/Fast","MIMS-SX//SC/SC -",""
"20631164","MAC3","101.0285","QF","","101.0285","2100","","MAP","","514616.0","413557.0","HARBOROUGH STATION","HFJ4","","","","","","","","","","","20631164","2013-02-07","","NRAIL","","","","","Down Main/Fast","MIMS-SX//SC/SC -",""
"20631165","MAC3","101.0292","QF","","101.0292","1100","","MAP","","514622.0","413555.0","HARBOROUGH STATION","HFJ4","","","","","","","","","","","20631165","2013-02-07","","NRAIL","","","","","Up Main/Fast","MIMS-SX//SC/SC - Station Access",""
"20774668","MAC3","104.0462","QF","","104.0462","0","","MAP","","519358.0","411995.0","CHURCH LANE NO.24","HFJ4","","","","","","","","","","","20774668","2012-04-18","","NV","","","","","All/Multiple Tracks","Access - follow SATNAV down dirt track off Station Rd across from Signal Box. Security - None. Parking - muddy area. Condition - Fair, no lighting, fair under foot. Nearest hospital Grimsby. Nearest welfare - Stallingborough SB approx 5 mins.","TA 00193 00119"
"20179161","MAC3","104.1364","QF","","104.1364","0","","MAP","","520126.0","411698.0","STALLINGBOROUGH NO.23","HFJ4","","","","","","","","","","","20179161","2012-04-18","","NV","","","","","All/Multiple Tracks","Access - follow SATNAV down dirt track off Station Road across from Signal Box. Security - None. Parking - None. Condition - fair, no lighting, fair under foot, not suitable for heavy lifting or multi person manual handling. Nearest hospital Grimsby. Nearest welfare Stallingborough SB on site.","TA 00201 00117"
"20180095","MAC3","104.1606","QF","","104.1606","2100","","MAP","","520317.0","411608.0","STALLINGBROUGH LC","HFJ4","","","","","","","","","","","20180095","2013-02-07","","NV","","","","","Down Main/Fast","MIMS-SX//SC/SC -",""
"20631116","MAC3","105.1628","QF","","105.1628","0","","MAP","","521844.0","411050.0","HEALING STATION UWC","HFJ4","","","","","","","","","","","20631116","2013-02-07","","NRAIL","","","","","All/Multiple Tracks","MIMS-SX//SC/SC -",""
"20631090","MAC3","107.0409","QF","","107.0409","2100","","MAP","","523875.0","410431.0","RELAY ROOM","HFJ4","","","","","","","","","","","20631090","2013-02-08","","NRAIL","","","","","Down Main/Fast","MIMS-SX//SC/SC - To Relay Room",""
"20631174","MAC3","107.0418","QF","","107.0418","0","","MAP","","523892.0","410426.0","GREAT COATES STATION","HFJ4","","","","","","","","","","","20631174","2012-04-18","","NRAIL","","","","","All/Multiple Tracks","Access on Woad Lane. Security - none. Parking - limited. Condition - good, good lighting, good under foot, road traffic. Nearest hospital Grimsby. Nearest welfare - Pasture St SB approx 20 mins.","TA 00239 00104"
"20631105","MAC3","107.118","QF","","107.1518","2100","","MAP","","524802.0","409988.0","MARSH JUNCTION SB","HFJ4","","","","","","","","","","","20631105","2012-04-18","","NRAIL","","","","","Down Main/Fast","Access - follow SATNAV directions & access at the end of Hemswell Drive. Security - Locked security gate. Parking - Limited obstructive. Condition - Fair, no lighting, fair under foot. Nearest hospital Grimsby. Nearest welfare Pasture St. SB approx 15 mins.","TA 00248 00100"
"20630921","MAC3","109.0071","QF","","109.0071","2100","","MAP","","526477.0","409125.0","FRIARGATE LC WICKET GATE","HFJ4","","","","","","","","","","","20630921","2013-02-08","","NRAIL","","","","","Down Main/Fast","MIMS-SX//SC/MM -",""
"20630922","MAC3","109.0071","QF","","109.0071","1100","","MAP","","526477.0","409125.0","FRIARGATE LC WICKET GATE","HFJ4","","","","","","","","","","","20630922","2013-02-08","","NRAIL","","","","","Up Main/Fast","MIMS-SX//SC/MM -",""
"20630924","MAC3","109.0084","QF","","109.0084","9999","","MAP","","526489.0","409122.0","FRIARGATE LC WICKET GATE","HFJ4","","","","","","","","","","","20630924","2022-10-04","","NRAIL","","","","","Unknown","MIMS-SX//SC/MM -",""
"20630934","MAC3","109.033","QF","","109.033","2100","","MAP","","526699.0","409107.0","WELLOWGATE LC WICKET GATE","HFJ4","","","","","","","","","","","20630934","2012-04-18","","NRAIL","","","","","Down Main/Fast","Access on Wellowgate off Fredric Ward Way. Security - locked gate. Parking - station car park. Condition - good, good lighting, good under foot. Nearest hospital Grimsby. Nearest welfare Grimsby depot approx 5 mins.","TA 00267 00091"
"20630951","MAC3","109.0366","QF","","109.0366","2100","","MAP","","526747.0","409117.0","GRIMSBY TOWN BARROW LC","HFJ4","","","","","","","","","","","20630951","2013-02-08","","NRAIL","","","","","Down Main/Fast","MIMS-SX//SC/MM - Access to Barrow Xing",""
"20630952","MAC3","109.0366","QF","","109.0366","1100","","MAP","","526747.0","409117.0","GRIMSBY TOWN BARROW LC","HFJ4","","","","","","","","","","","20630952","2013-02-08","","NRAIL","","","","","Up Main/Fast","MIMS-SX//SC/MM - Access to Barrow Xing",""
"20630938","MAC3","109.0407","QF","","109.0407","3600","","MAP","","526784.0","409123.0","GRIMSBY TOWN STATION  ACCESS","HFJ4","","","","","","","","","","","20630938","2012-04-18","","NRAIL","","","","","Rev Terminal/Bay","Access rd Church Lane/South St. Mary's Gate access at far end of station car park. Security - locked gate. Parking - station car park. Condition - good, limited lighting, platform edge, good under foot. Neares hospital Grimsby. Nearest welfare Grimsby depot approx 5 mins.","TA 00268 00091"
"20630941","MAC3","109.044","QF","","109.044","3600","","MAP","","526814.0","409128.0","GRIMSBY TOWN STATION ACCESS","HFJ4","","","","","","","","","","","20630941","2013-02-08","","NRAIL","","","","","Rev Terminal/Bay","MIMS-SX//SC/SC - Not seen on SERCO -",""
"20630959","MAC3","109.0441","QF","","109.0441","1100","","MAP","","526815.0","409128.0","GRIMSBY TOWN STATION ACCESS","HFJ4","","","","","","","","","","","20630959","2013-02-08","","NRAIL","","","","","Up Main/Fast","MIMS-SX//SC/MM - Access to Platform",""
"20630962","MAC3","109.0484","QF","","109.0484","2100","","MAP","","526865.0","409136.0","NETWORK RAIL DEPOT","HFJ4","","","","","","","","","","","20630962","2012-04-18","","NRAIL","","","","","Down Main/Fast","Access Road Railway Terrace access in Grimsby Network Rail Depot. Security - Locked security gate. Parking - None. Condition - good, limited lighting, vegetation, poor under foot. Nearest hospital Grimsby. Nearest welfare Depot on site.","TA 00268 00091"
"20630967","MAC3","109.0572","QF","","109.0572","2100","","MAP","","526939.0","409148.0","GARDEN ST  WICKET GATE TO LOC BOX","HFJ4","","","","","","","","","","","20630967","2013-02-08","","NRAIL","","","","","Down Main/Fast","Access on Garden Street off South St. Marys. Security - locked gate. Parking - none. Condition - good, good lighting, vegetation, road traffic. Nearest hospital Grimsby. Nearest welfare - Pasture St SB approx 5 mins.",""
"20630968","MAC3","109.0599","QF","","109.0599","2100","","MAP","","526955.0","409151.0","GARDEN ST  WICKET GATE TO LOC BOX","HFJ4","","","","","","","","","","","20630968","2013-02-08","","NRAIL","","","","","Down Main/Fast","MIMS-SX//SC/MM -",""
"20630977","MAC3","109.1056","QF","","109.1056","3100","","MAP","","527284.0","409423.0","PASTURE ST SB","HFJ4","","","","","","","","","","","20630977","2013-02-08","","NRAIL","","","","","Rev Main/Fast","Access across Pasture Street LC@ side of signal box. Security - none. Parking - none. Condition - Good, good lighting, good under foot conditions.Nearest hosptial Grimsby. Nearest welfare Pasture St. SB on site.","TA 00272 00094"
"20630976","MAC3","109.1061","QF","","109.1061","3100","","MAP","","527277.0","409410.0","LOCATION BOX","HFJ4","","","","","","","","","","","20630976","2013-02-08","","NRAIL","","","","","Rev Main/Fast","MIMS-SX//SC/MM -",""
"20772871","MAC3","111.077","QF","","111.077","2100","","MAP","","529278.0","410147.0","HARRINGTON STREET NO.1","HFJ4","","","","","","","","","","","20772871","2012-04-19","","NRAIL","","","","","Down Main/Fast","Access down Barcroft Street off Cleethorpes Road <A180> Security - Locked security gate. Parking - Limited obstructive. Condition - Good, limited lighting, road traffic, not suitable for heavy lifting or multi-person manual handling. Nearest hospital Grimsby. Nearest welfare Pasture Str SB approx 10 mins.","TA 00292 00101"
"20772872","MAC3","111.1254","QF","","111.1254","2100","","MAP","","529680.0","409960.0","HARRINGTON STREET NO.2","HFJ4","","","","","","","","","","","20772872","2012-04-19","","NRAIL","","","","","Down Main/Fast","Access down Neville Street off Grimbsy Road <A180>. Security - Locked security gate. Parking - None. Condition - Good, limited lighting, road traffic, not suitable for heavy lifting or mult-person manual handling. Nearest hospital Grimsby. nearest welfare Pasture St. SB approx 10 mins.","TA 00296 00009"
"20631082","MAC3","112.0916","QF","","112.0916","9999","","MAP","","530634.0","409085.0","CLEETHORPES STATION","HFJ4","","","","","","","","","","","20631082","2013-02-08","","NRAIL","","","","","Unknown","MIMS-SX//SC/MM - Track ID = Plat 2 - Not seen on SERCO -",""
"20631083","MAC3","112.0916","QF","","112.0916","9999","","MAP","","530634.0","409085.0","CLEETHORPES STATION","HFJ4","","","","","","","","","","","20631083","2013-02-08","","NRAIL","","","","","Unknown","MIMS-SX//SC/MM -Track ID = Plat 1 - Not seen on SERCO -",""
"120000143","MAC3","56.0902","QF","","56.0902","1100","","MAR","","458434.0","379783.0","Worksop West/Snack Attack","HFJ4","","","","","","","","","Vehicle Access Point","","120000143","2025-04-30","","","","","","","Up Main/Fast","what 3 words: moment.fats.cattle",""
"120000139","MAC3","72.0396","QF","","72.0396","1100","","MAR","","479811.0","387091.0","Bole","HFJ4","","","","","","","","","Vehicle Access Point","","120000139","2025-04-30","","","","","","","Up Main/Fast","What3words : shook.verbs.moral",""
"120000136","MAC3","76.0858","QF","","76.0858","3100","","MAR","","482404.0","392690.0","Thonock","HFJ4","","","","","","","","","Pedestrian Access Point","","120000136","2025-04-30","","","","","","","Rev Main/Fast","What3words : toolbar.shoppers.connected",""
"20778724","MAC3","86.0342","QF","","86.0353","3100","","MAR","","494977.0","401306.0","KIRTON LIME","HFJ4","","","","","","","","","Access Point","","20778724","2022-07-12","","NRAIL","","","","","Rev Main/Fast","NEW 10.8M WIDE SINGLE TRACK INNOSTRAIL RRAP INSTALLED WITH DROP DOWN BOLLARDS, LOCKED WITH 859 RAILWAY PADLOCKS",""
"20771694","MAC3","33.077","QF","","33.077","0","","MAV","","429354.0","397776.0","DEEPCAR OLD STN","HFJ4","","","","","","","","","","","20771694","2013-03-25","","NRAIL","","","","","All/Multiple Tracks","GN6017 NEW ASSETS CREATED FROM ELLIPSE 17/4/07 STC. S36 2SQ.",""
"20179309","MAC3","34.1496","QF","","34.1496","0","","MAV","","430046.0","395651.0","WHARNCLIFFE WOOD","HFJ4","","","","","","","","","","","20179309","2013-03-25","","NV","","","","","All/Multiple Tracks","MIMS-X///MM - Access Point. Level Crossing. RT Document: ALARMS. No parking on occupation road - Not seen on SERCO -. S35 0BN",""
"20771695","MAC3","36.0946","QF","","36.0946","0","","MAV","","431178.0","393408.0","OUGHTBRIDGE OLD STN","HFJ4","","","","","","","","","","","20771695","2013-03-25","","NRAIL","","","","","All/Multiple Tracks","GN6017 NEW ASSETS CREATED FROM ELLIPSE 17/4/07 STC. S35 0FN.",""
"20180634","MAC3","38.0748","QF","","38.0748","0","","MAV","","433356.0","391496.0","WADSLEY BRIDGE OLD STN","HFJ4","","","","","","","","","","","20180634","2013-03-25","","NV","","","","","All/Multiple Tracks","MIMS-X///MM - Access Point. Station. - Not seen on SERCO -. S6 1LW.",""
"20771696","MAC3","41.088","QF","","41.088","0","","MAV","","436347.0","387876.0","BLAST LANE DEPOT","HFJ4","","","","","","","","","","","20771696","2013-03-25","","NRAIL","","","","","All/Multiple Tracks","GN6017 NEW ASSETS CREATED FROM ELLIPSE 17/4/07 STC. S4 7BZ.",""
"20771697","MAC3","41.1496","QF","","41.1496","0","","MAV","","436893.0","387840.0","DIXONS CALL CENTRE","HFJ4","","","","","","","","","","","20771697","2013-03-25","","NRAIL","","","","","All/Multiple Tracks","GN6017 NEW ASSETS CREATED FROM ELLIPSE 17/4/07 STC. S2 5DH.",""
"20180635","MAC3","42.0638","QF","","42.0638","9999","","MAV","","437673.0","387875.0","WOODBURN JCN SB","HFJ4","","","","","","","","","","","20180635","2013-03-25","","NV","","","","","Unknown","Access Point. Signal Box. Lane off, Woodbourne Road. S9 3HY.",""
"20771698","MAC3","42.1452","QF","","42.1452","0","","MAV","","438450.0","387898.0","PARKWAY MARKET","HFJ4","","","","","","","","","","","20771698","2013-03-25","","NRAIL","","","","","All/Multiple Tracks","GN6017 NEW ASSETS CREATED FROM ELLIPSE 17/4/07 STC. S9 3BU.",""
"20772089","MAC3","43.099","QF","","43.099","0","","MAV","","439558.0","387556.0","MARTIN BROOKES ROOFING","HFJ4","","","","","","","","","","","20772089","2013-03-25","","NRAIL","","","","","All/Multiple Tracks","GN7075 CREATING ASSETS 31/10/07 AS. S9 4PU.",""
"20772091","MAC3","45.0","QF","","45.0","0","","MAV","","441702.0","386989.0","PSAUDA/HIGHFIELD LANE","HFJ4","","","","","","","","","","","20772091","2013-03-25","","NRAIL","","","","","All/Multiple Tracks","GN7075 CREATING ASSETS 31/10/07 AS. S13 9NA",""
"20772093","MAC3","45.044","QF","","45.044","0","","MAV","","441981.0","386702.0","ORGREAVE LANE","HFJ4","","","","","","","","","","","20772093","2013-03-25","","NRAIL","","","","","All/Multiple Tracks","GN7075 CREATING ASSETS 31/10/07 AS. S13 9DB",""
"20772094","MAC3","46.044","QF","","46.044","0","","MAV","","442883.0","385385.0","WOODHOUSE STN","HFJ4","","","","","","","","","","","20772094","2013-03-25","","NRAIL","","","","","All/Multiple Tracks","GN7075 CREATING ASSETS 31/10/07 AS. S13 9WP.",""
"20771699","MAC3","46.11","QF","","46.11","0","","MAV","","443370.0","385038.0","WOODHOUSE DEPOT","HFJ4","","","","","","","","","","","20771699","2013-03-25","","NRAIL","","","","","All/Multiple Tracks","GN6017 NEW ASSETS CREATED FROM ELLIPSE 17/4/07 STC. S13 7RP.",""
"20771700","MAC3","48.1188","QF","","48.1188","0","","MAV","","446458.0","383933.0","MANSFIELD ROAD BR162","HFJ4","","","","","","","","","","","20771700","2013-03-25","","NRAIL","","","","","All/Multiple Tracks","GN6017 NEW ASSETS CREATED FROM ELLIPSE 17/4/07 STC. S26 5PQ",""
"20772097","MAC3","49.1078","QF","","49.1078","0","","MAV","","447950.0","383795.0","MANOR ROAD WALES","HFJ4","","","","","","","","","","","20772097","2013-03-25","","NRAIL","","","","","All/Multiple Tracks","GN7075 CREATING ASSETS 31/10/07 AS. S26 5PR.",""
"20771742","MAC3","50.154","QF","","50.154","0","","MAV","","449595.0","382705.0","KIVETON RELAY ROOM","HFJ4","","","","","","","","","","","20771742","2013-03-25","","NRAIL","","","","","All/Multiple Tracks","GN6067 NEW ASSETS CREATED FROM ELLIPSE 23/4/07 STC. S26 6LF",""
"20180641","MAC3","51.111","QF","","51.111","0","","MAV","","450773.0","382476.0","KIVETON PARK","HFJ4","","","","","","","","","","","20180641","2013-03-25","","NV","","","","","All/Multiple Tracks","MIMS-SX//SC/KM - Access Point. Signal Box/LC. Via Manor Road. S26 6NQ.",""
"20179040","MAC3","53.0985","QF","","53.0985","0","","MAV","","453788.0","381642.0","BRANCLIFFE EAST","HFJ4","","","","","","","","","","","20179040","2019-07-08","","NV","","","","","All/Multiple Tracks","MIMS-SX//SC/KM - Access Point. Level Crossing. RT Document: ALARMS. No parking on occupation road - Not seen during MIMS site visit -. S81 8BE","SK 53788 81642"
"20772555","MAC3","53.1496","QF","","53.1496","0","","MAV","","454225.0","381554.0","TURNER WOOD","HFJ4","","","","","","","","","","","20772555","2022-10-04","","NRAIL","","","","","All/Multiple Tracks","S80 3LA",""
"20180644","MAC3","54.1232","QF","","54.1232","0","","MAV","","455541.0","381182.0","SHIREOAKS STATION","HFJ4","","","","","","","","","","","20180644","2013-03-25","","NV","","","","","All/Multiple Tracks","MIMS-SX//SC/KM - Access Point. Station. S81 8LW",""
"20772100","MAC3","54.1298","QF","","54.1298","0","","MAV","","455596.0","381157.0","SHIREOAKS RELAY ROOM","HFJ4","","","","","","","","","","","20772100","2013-03-25","","NRAIL","","","","","All/Multiple Tracks","GN7075 CREATING ASSETS 31/10/07 AS. S81 8NS",""
"20771743","MAC3","55.0948","QF","","55.0948","0","","MAV","","456880.0","380723.0","KYBOTECH/WORKSOP/SHIREOAKS","HFJ4","","","","","","","","","AUTHORISED ACCESS FOR VEHICLES","","20771743","2025-04-30","","NRAIL","","","","","All/Multiple Tracks","GN6067 NEW ASSETS CREATED FROM ELLIPSE 23/4/07 STC. S81 8AQ ACCESS THROUGH KYBOTECH OFF CLAYLANDS AVENUE (WHAT THREE WORDS CYCLES.WIRES.COMMON) PROCEED BETWEEN BUILDINGS TURNING IMEDIATE LEFT PROCEED TO STEEL PALASAID GATES(WHAT THREE WORDS SLOPE.SOFT.ASLEEP)","SK 56649 80659"
"20772103","MAC3","56.1408","QF","","56.1408","0","","MAV","","458612.0","379729.0","WORKSOP EAST LEVEL CROSSING","HFJ4","","","","","","","","","","","20772103","2013-03-25","","NRAIL","","","","","All/Multiple Tracks","GN7075 CREATING ASSETS 02/11/07 AS. S81 7AG.",""
"120000142","MAC3","56.1408","QF","","56.1408","1100","","MAV","","458630.0","379724.0","Worksop Stn","HFJ4","","","","","","","","","Vehicle Access Point","","120000142","2025-04-30","","","","","","","Up Main/Fast","What3words : garden.boat.stud",""
"20179892","MAC3","56.1452","QF","","56.1452","0","","MAV","","458648.0","379713.0","WORKSOP EAST","HFJ4","","","","","","","","","","","20179892","2013-03-25","","NV","","","","","All/Multiple Tracks","MIMS-S//SC/ - Access Point. Level Crossing. RT Document: ALARMS. - Not seen during MIMS site visit. S80 1QH.",""
"20771744","MAC3","58.1188","QF","","58.1188","0","","MAV","","461400.0","378594.0","MANTON WOOD","HFJ4","","","","","","","","","","","20771744","2013-03-25","","NRAIL","","","","","All/Multiple Tracks","GN6067 NEW ASSETS CREATED FROM ELLIPSE 23/4/07 STC. S80 2RS.",""
"20772107","MAC3","59.0","QF","","59.0","0","","MAV","","461911.0","378455.0","OSBERTON GRANGE 1","HFJ4","","","","","","","","","","","20772107","2013-03-25","","NRAIL","","","","","All/Multiple Tracks","GN7075 CREATING ASSETS 02/11/07 AS - S80 2RT",""
"20771745","MAC3","60.1298","QF","","60.1298","0","","MAV","","464652.0","378895.0","CHECKERHOUSE","HFJ4","","","","","","","","","","","20771745","2013-03-25","","NRAIL","","","","","All/Multiple Tracks","GN6067 NEW ASSETS CREATED FROM ELLIPSE 23/4/07 STC. DN22 8HH.",""
"120000140","MAC3","61.022","QF","","61.0219","1100","","MAV","","465276.0","379034.0","Billy Howards","HFJ4","","","","","","","","","Vehicle Access Point","","120000140","2025-04-30","","","","","","","Up Main/Fast","What3words : blossom.jugs.conned",""
"20772109","MAC3","62.055","QF","","62.055","0","","MAV","","467125.0","379453.0","MANSFIELD ROAD","HFJ4","","","","","","","","","","","20772109","2013-03-25","","NRAIL","","","","","All/Multiple Tracks","GN7075 CREATING ASSETS 02/11/07 AS. DN22 8HE.",""
"20179963","MAC3","62.1004","QF","","62.1004","0","","MAV","","467532.0","379546.0","RUSHEY SIDINGS","HFJ4","","","","","","","","","","","20179963","2013-03-25","","NV","","","","","All/Multiple Tracks","MIMS-X///KM - Access Point. Level Crossing. RT Document: ALARMS. DN22 8HD.",""
"20179891","MAC3","64.1034","QF","","64.1034","0","","MAV","","470690.0","380303.0","THRUMPTON ROAD LC","HFJ4","","","","","","","","","","","20179891","2013-03-25","","NV","","","","","All/Multiple Tracks","MIMS-SX//SC/KM - Access Point. Level Crossing. RT Document: ALARMS. - Not seen during MIMS site visit. DN22 7HL.",""
"20179817","MAC3","65.0308","QF","","65.0308","0","","MAV","","471390.0","380933.0","GRINGLEY ROAD LC","HFJ4","","","","","","","","","","","20179817","2013-03-25","","NV","","","","","All/Multiple Tracks","MIMS-X///KM - Access Point. Level Crossing. RT Document: ALARMS. DN22 OPH.",""
"20771642","MAC3","66.0968","QF","","66.0968","0","","MAV","","472882.0","382545.0","WELHAM ROAD BR203","HFJ4","","","","","","","","","","","20771642","2013-03-25","","NRAIL","","","","","All/Multiple Tracks","GN5887 NEW ASSETS CREATED FROM ELLIPSE 17/4/07 STC. DN22 0SJ.",""
"20179296","MAC3","67.0726","QF","","67.0726","0","","MAV","","474242.0","382687.0","CHERRY HOLT","HFJ4","","","","","","","","","","","20179296","2013-03-25","","NV","","","","","All/Multiple Tracks","MIMS-X///KM - Access Point. Level Crossing. RT Document: ALARMS. No parking on occupation road. DN22 9ND.",""
"20179043","MAC3","68.0418","QF","","68.0418","0","","MAV","","475565.0","382548.0","RAT HOLE LANE","HFJ4","","","","","","","","","","","20179043","2013-03-25","","NV","","","","","All/Multiple Tracks","MIMS-SX//SC/KM - Access Point. Level Crossing. RT Document: ALARMS. No parking on occupation road - Not seen during MIMS site visit. DN22 9NE.",""
"20788948","MAC3","69.1308","QF","","69.1308","2100","","MAV","","477450.0","383881.0","Freemans Lane","HFJ4","","","","","","","","","Vehicular","","20788948","2023-02-27","","NRAIL","","","","","Down Main/Fast","Vehicle access at the pedstrian level crossing on Freemans Lane via Wood lane off Springs Lane from Sturton le Steeple. Vehicle access on the Down Worksop.  What3words : DIRECTIVE. FACING. MATCHBOX","SK 77450 83881"
"20788949","MAC3","70.1421","QF","","70.1421","1100","","MAV","","478494.0","385237.0","West Burton","HFJ4","","","","","","","","","Vehcular","","20788949","2025-04-30","","NRAIL","","","","","Up Main/Fast","Vehicle access track off Gainsborough Road leads to Up Worksop through steel barred gate. What3words : uplifting.homecare.slams","SK 78494 85237"
"20180651","MAC3","73.0528","QF","","73.0528","0","","MAV","","481075.0","388201.0","TRENT EAST JN","HFJ4","","","","","","","","","","","20180651","2022-10-04","","NRAIL","","","","","All/Multiple Tracks","MIMS-SX//SC/KM - Access Point. Signal Box. Follow A159, through Gainsborough. At T-Junction turn right then turn left 1/2 mile follow road. Carr Lane. until Signalbox. - Not seen during MIMS site visit - Not seen on SERCO. DN21 1LG.",""
"20772120","MAC3","74.0792","QF","","74.0792","0","","MAV","","481922.0","389741.0","GAINSBORO CENTRAL SB","HFJ4","","","","","","","","","","","20772120","2013-03-25","","NRAIL","","","","","All/Multiple Tracks","GN7075 CREATING ASSETS 02/11/07 AS. DN21 2HA.",""
"120000137","MAC3","74.1234","QF","","74.1234","1100","","MAV","","481853.0","390152.0","Pentax","HFJ4","","","","","","","","","Vehicle Access Point","","120000137","2025-04-30","","","","","","","Up Main/Fast","What3words : koala.organisms.repayment",""
"20180652","MAC3","74.124","QF","","74.124","2100","","MAV","","481842.0","390144.0","GAINSBORO CENTRAL STN","HFJ4","","","","","","","","","","","20180652","2013-03-25","","JARVIS","","","","","Down Main/Fast","Access Point. Signal Box. Situated off A159 in Gainsborough turn left at crossroads, traffic lights signposted Gainsborough Central Stn. Off Spring Gardens, through Marshall s yard. Access for emergency services is via Spring Gardens - this will require lines to be blocked as its for the side opposite box. Arrange via York Control for emergency situations. DN21 1HH.",""
"20771747","MAC3","76.1716","QF","","76.1716","0","","MAV","","482954.0","393217.0","SCREENER","HFJ4","","","","","","","","","","","20771747","2013-03-25","","NRAIL","","","","","All/Multiple Tracks","GN6067 NEW ASSETS CREATED FROM ELLIPSE 23/4/07 STC. DN21 3HR.",""
"20179275","MAC3","78.1276","QF","","78.1276","0","","MAV","","485605.0","394202.0","BATES","HFJ4","","","","","","","","","","","20179275","2013-03-25","","NV","","","","","All/Multiple Tracks","MIMS-X///KM - Access Point. Level Crossing. RT Document: ALARMS. No parking on occupation road - Not seen on SERCO. DN21 3NR.",""
"20771643","MAC3","79.011","QF","","79.011","0","","MAV","","486133.0","394367.0","BLYTON OLD STATION","HFJ4","","","","","","","","","","","20771643","2013-03-25","","NRAIL","","","","","All/Multiple Tracks","GN5887 NEW ASSETS CREATED FROM ELLIPSE 17/4/07 STC. DN21 3LE.",""
"20179617","MAC3","80.0506","QF","","80.0506","0","","MAV","","488009.0","394954.0","BONSALL LANE","HFJ4","","","","","","","","","","","20179617","2013-03-25","","NV","","","","","All/Multiple Tracks","MIMS-X///KM - Access Point. Level Crossing. RT Document: ALARMS. DN21 3PB.",""
"20180016","MAC3","81.0836","QF","","81.0836","3100","","MAV","","489747.0","395740.0","SWINEDYKE","HFJ4","","","","","","","","","","","20180016","2013-03-25","","NV","","","","","Rev Main/Fast","MIMS-X///KM - Access Point. Level Crossing. RT Document: ALARMS. No parking on occupation road. DN21 4AW .",""
"20624760","MAC3","84.143","QF","","84.143","3400","","MAV","","493439.0","399670.0","KIRTON LINDSEY","HFJ4","","","","","","","","","","","20624760","2013-03-25","","JARVIS","","","","","Rev Single","MIMS-S//JR/ . DN21 4BD.",""
"20180656","MAC3","86.044","QF","","86.044","0","","MAV","","495028.0","401362.0","KIRTON LIME","HFJ4","","","","","","","","","Access Point","","20180656","2022-07-12","","NV","","","","","All/Multiple Tracks","Access Point. Signal Box. A15 Brigg to Lincoln Road, pass through Hibaldstow Village 1/2 mile turn right onto minor road - Gainsthorpe Road.",""
"20772865","MAC3","86.1452","QF","","86.1452","2100","","MAV","","495666.0","402042.0","CLIFF FARM","HFJ4","","","","","","","","","","","20772865","2013-03-25","","","","","","","Down Main/Fast","21/02/08 CREATING UNVERIFIED ASSET - AS. DN20 9NJ.",""
"20179862","MAC3","89.0066","QF","","89.0066","0","","MAV","","498111.0","404655.0","HIBALDSTOW LC","HFJ4","","","","","","","","","","","20179862","2013-03-25","","NV","","","","","All/Multiple Tracks","MIMS-X///KN - Access Point. Level Crossing. RT Document: ALARMS. DN20 9EJ.",""
"20179972","MAC3","92.1276","QF","","92.1276","9999","","MAV","","502914.0","407833.0","KETTLEBY LC","HFJ4","","","","","","","","","","","20179972","2013-03-25","","NV","","","","","Unknown","Access Point. Level Crossing. RT Document: ALARMS. DN20 9HG.",""
"20180659","MAC3","94.0264","QF","","94.0264","1200","","MAV","","504719.0","409322.0","WRAWBY JUNCTION","HFJ4","","","","","","","","","","","20180659","2013-02-07","","NRAIL","","","","","Up Slow","MIMS-SX//SC/DE - Access Point. Signal Box. M180 Junction 5, turn right onto A18. Grimsby - Brigg Road. Sharp left downhill into Barnetby. Turn right into Station approach just before subway and follow lane onto Cinder track past Station.",""
"20180660","MAC3","94.1232","QF","","94.1232","0","","MAV","","505413.0","409900.0","Barnetby","HFJ4","","","","","","","","","","","20180660","2013-02-07","","NV","","","","","All/Multiple Tracks","MIMS-S//SC/ - Access Point. Station. M180 Jn 5, turn right onto A18 Grimsby-Brigg Road. Sharp left down hill into Barnetby. Turn right into station approach just before subway.",""
"20180661","MAC3","94.1379","QF","","94.1379","2200","","MAV","","505518.0","409984.0","Barnetby East","HFJ4","","","","","","","","","","","20180661","2013-02-07","","NRAIL","","","","","Down Slow","MIMS-S//SC/ - Access Point. Signal Box. M180 Junction 5, turn right onto A18 Grismby - Brigg road. Sharp left down hill into Barnetby, under subway, turn left into Contractors Yard.",""
"20179667","MAC3","95.1694","QF","","95.1694","0","","MAV","","507316.0","410473.0","NEW BARNETBY LC","HFJ4","","","","","","","","","","","20179667","2013-02-07","","NV","","","","","All/Multiple Tracks","MIMS-X///KN - Access Point. Level Crossing. RT Document: ALARMS.",""
"20772869","MAC3","97.0022","QF","","97.0022","2200","","MAV","","508731.0","411359.0","MELTON ROSS","HFJ4","","","","","","","","","","","20772869","2013-02-07","","NRAIL","","","","","Down Slow","26/02/08 CREATING ASSETS - AS",""
"20179157","MAC3","98.088","QF","","98.088","0","","MAV","","510652.0","412786.0","ULCEBY CHASE FARM UWC","HFJ4","","","","","","","","","","","20179157","2013-02-07","","NV","","","","","All/Multiple Tracks","MIMS-X///KN - Access Point. Level Crossing. RT Document: ALARMS. No parking on occupation road",""
"20180662","MAC3","99.0651","QF","","99.0651","1100","","MAV","","511840.0","413525.0","Brocklesby Junction","HFJ4","","","","","","","","","","","20180662","2013-02-07","","NV","","","","","Up Main/Fast","MIMS-SX//SC/KN - Access Point. Signal Box. B121- from Immingham over Habrough Station AHB to Brocklesby crossroads, turn righton onto B1211.",""
"20180663","MAC3","99.0663","QF","","99.0663","2100","","MAV","","511850.0","413531.0","Brocklesby","HFJ4","","","","","","","","","","","20180663","2013-02-07","","NV","","","","","Down Main/Fast","MIMS-SX//SC/KN - Access Point. Station. B1210 from Immingham over Habrough Station AHB to Brocklesby Crossroads, turn right onto B1211.",""
"20179937","MAC3","101.0265","QF","","101.0265","2100","","MAV","","514598.0","413562.0","HABROUGH LC","HFJ4","","","","","","","","","","","20179937","2013-02-07","","NV","","","","","Down Main/Fast","MIMS-SX//SC/SC - Access Point. Level Crossing. RT Document: ALARMS.",""
"20180664","MAC3","101.0265","QF","","101.0265","1100","","MAV","","514598.0","413562.0","HABROUGH LC","HFJ4","","","","","","","","","","","20180664","2013-02-07","","NV","","","","","Up Main/Fast","MIMS-SX//SC/SC - Access Point. Station.",""
"20631166","MAC3","101.0296","QF","","101.0296","2100","","MAV","","514626.0","413554.0","STATION CAR PARK","HFJ4","","","","","","","","","","","20631166","2013-02-07","","NRAIL","","","","","Down Main/Fast","MIMS-SX//SC/SC -",""
"20179666","MAC3","102.1232","QF","","102.1232","1100","","MAV","","516985.0","412851.0","ROXTON SB","HFJ4","","","","","","","","","","","20179666","2013-02-07","","NV","","","","","Up Main/Fast","MIMS-SX//SC/SC - Access Point. Level Crossing. RT Document: ALARMS.",""
"20180593","MAC3","102.1232","QF","","102.1232","0","","MAV","","516985.0","412851.0","ROXTON SIDINGS LC","HFJ4","","","","","","","","","","","20180593","2013-02-07","","NV","","","","","All/Multiple Tracks","MIMS-SX//SC/SC - Access Point. Signal Box/LC. A1136 Grimsby to Immingham Road one mile from Little London AHBs. Turn left into Roxton Lane.",""
"20179970","MAC3","103.1246","QF","","103.1246","2100","","MAV","","518521.0","412319.0","LITTLE LONDON LC","HFJ4","","","","","","","","","","","20179970","2013-02-07","","NV","","","","","Down Main/Fast","MIMS-SX//SC/SC - Access Point. Level Crossing. RT Document: ALARMS.",""
"20179665","MAC3","104.1606","QF","","104.1606","0","","MAV","","520317.0","411608.0","STALLINGBOROUGH LC","HFJ4","","","","","","","","","","","20179665","2012-04-18","","NV","","","","","All/Multiple Tracks","Access - follow satnav & access on Station Rd. Security - none. Parking - Signal box car park. Condition - Good, good lighting, cattle guards, road traffic. Nearest hospital Grimsby. Nearest welfare Stallingborough SB on site.","TA 00203 00116"
"20180594","MAC3","104.1606","QF","","104.1606","0","","MAV","","520300.0","411616.0","STALLINGBROUGH STATION","HFJ4","","","","","","","","","","","20180594","2012-04-18","","NV","","","","","All/Multiple Tracks","MIMS-SX//SC/SC - Access Point. Signal Box/LC. On A1136 Grimsby to Immingham Road at Stallingborough Roundabout, turn right into Village. follow satnav & access on Station Road. Security - None. Parking - Signal Box car park. Condition - good, limited lighting, good under foot, platform edge, not suitable fo heavy lifting or multi person manual handling. Nearest hospital Grimsby. Nearest welfare Stallingborough SB on site.","TA 00203 00116"
"20179162","MAC3","105.165","QF","","105.165","0","","MAV","","521844.0","411050.0","HEALING STATION UWC","HFJ4","","","","","","","","","","","20179162","2012-04-18","","NV","","","","","All/Multiple Tracks","Access - follow SATNAV & access at the bottom of Station Rd. Security - none. Parking - Limited obstructive. Condition - Good, limited lighting, good under foot, road traffic. Nearest hospital Grimsby. Nearest welfare - Stallingborough SB approx 15 mins.","TA 00218 00110"
"20180596","MAC3","105.165","QF","","105.165","0","","MAV","","521862.0","411044.0","HEALING STATION","HFJ4","","","","","","","","","","","20180596","2012-04-18","","NV","","","","","All/Multiple Tracks","Access - Follow SATNAV & access at the bottom of Station Rd. Security - none. Parking - Limited obstructive. Condition - good, limited lighting, good under foot, road traffic. Nearest hospital Grimsby. Nearest welfare - Stallingborough SB approx 15 mins.","TA 00218 00110"
"20179939","MAC3","107.0418","QF","","107.0418","0","","MAV","","523883.0","410429.0","GREAT COATES LC/AHB <WOAD LANE>","HFJ4","","","","","","","","","","","20179939","2012-04-18","","NV","","","","","All/Multiple Tracks","Access on Woad Lane. Security - none. Parking - limited. Condition - Good, good lighting, good under foot, road traffic. Nearest hospital Grimsby. Nearest welfare Pasture St SB approx 20 mins.","TA 00239 00104"
"20179835","MAC3","108.1584","QF","","108.1584","1100","","MAV","","526279.0","409214.0","LITTLEFIELD LANE LC","HFJ4","","","","","","","","","","","20179835","2012-04-18","","NV","","","","","Up Main/Fast","Access off Dudley Street A1136 access rd off Princes Avenue. Security - none. Parking - Limited obstructive. Condition - good, good lighting, good under foot, road traffic. Nearest hospital Grimsby. Nearest welfare Pasture St. SB approx 10 mins.","TA 00263 00092"
"20179771","MAC3","109.0066","QF","","109.0066","0","","MAV","","526473.0","409126.0","FRIARGATE LC","HFJ4","","","","","","","","","","","20179771","2012-04-18","","NV","","","","","All/Multiple Tracks","Access off Dudley St A1136 access rd off Princes Avenue. Security - none. Parking - limited obstructive. Condition - good, good lighting, good under foot, road traffic. Nearest hospital Grimsby. Nearest welfare Pasture St SB approx 10mins","TA 00265 00091"
"20179772","MAC3","109.033","QF","","109.033","0","","MAV","","526714.0","409110.0","WELLOWGATE LC NO.36","HFJ4","","","","","","","","","","","20179772","2012-04-18","","NV","","","","","All/Multiple Tracks","Access on Wellowgate off Fredric Ward Way. Security - Locked gate. Parking - Station car park. Condition - good, good lighting, good under foot, road traffic. Nearest hospital Grimsby. Nearest welfare Grimsby depot approx 5 mins.","TA 00267 00091"
"20630954","MAC3","109.0383","QF","","109.0383","1100","","MAV","","526762.0","409120.0","GRIMSBY TOWN STATION ACCESS","HFJ4","","","","","","","","","","","20630954","2012-04-18","","NRAIL","","","","","Up Main/Fast","Access to right of Station building access rd Church lane/South St. Mary's Gate. Security - Locked gate. Parking - Station car park. Condition - good, limited lighting, platform edge, good under foot. Nearest hospital Grimsby. Nearest welfare Grimsby depot approx 5 mins.","TA 00268 00091"
"20180599","MAC3","109.044","QF","","109.044","0","","MAV","","526814.0","409128.0","GRIMSBY TOWN STATION ACCESS","HFJ4","","","","","","","","","","","20180599","2022-10-04","","NRAIL","","","","","All/Multiple Tracks","MIMS-SX//SC/SC - Access Point. Station. - Not seen during MIMS site visit - Not seen on SERCO -",""
"20630961","MAC3","109.0485","QF","","109.0485","1100","","MAV","","526854.0","409134.0","GRIMSBY TOWN STATION ACCESS","HFJ4","","","","","","","","","","","20630961","2013-02-08","","NRAIL","","","","","Up Main/Fast","MIMS-SX//SC/MM -",""
"20179849","MAC3","109.0537","QF","","109.0537","3600","","MAV","","526900.0","409142.0","GARDEN STREET","HFJ4","","","","","","","","","","","20179849","2013-02-08","","NV","","","","","Rev Terminal/Bay","MIMS-SX//SC/SC - Access Point. Level Crossing. Entrance to Jarvis Yard. RT Document: ALARMS. - Not seen on SERCO -",""
"20180600","MAC3","109.1056","QF","","109.1056","3100","","MAV","","527274.0","409406.0","PASTURE ST LC","HFJ4","","","","","","","","","","","20180600","2012-04-19","","NRAIL","","","","","Rev Main/Fast","MIMS-SX//SC/MM - Access Point. Signal Box/LC. Pasture Street situated between Victoria Street and Hainton Avenue. Security - none. Parking - none. Condition - Good, fair lighting, road traffic, cattle guards. Nearest hospital Grimsby. Nearest welfare Pasture St. SB on site.","TA 00272 00094"
"20630980","MAC3","109.1056","QF","","109.1056","3100","","MAV","","527311.0","409472.0","PASTURE ST <YARD>","HFJ4","","","","","","","","","","","20630980","2013-02-08","","NRAIL","","","","","Rev Main/Fast","Access on Robinson Street East off Freeman Street. Security - none. Parking - Hard surface through gate. Condition - Good, limited lighting, good under foot,light vegetation. Nearest hsopital Grimsby. Nearest welfare Pasture St. SB on site.",""
"20630984","MAC3","109.1408","QF","","109.1408","3100","","MAV","","527384.0","409717.0","HOLME STREET JN","HFJ4","","","","","","","","","","","20630984","2013-02-08","","NRAIL","","","","","Rev Main/Fast","Access at the bottom of Railway Street near Asda. Security - Locked security gate. Parking - Limited obstructive. Condition - Good, limited lighting, good under foot, lorries turning. Nearest hodpital Grimsby. Nearest welfare pasture St SB approx 5 mins.",""
"20630988","MAC3","109.1551","QF","","109.1551","3100","","MAV","","527398.0","409842.0","NEWMARKET STREET","HFJ4","","","","","","","","","","","20630988","2013-02-08","","NRAIL","","","","","Rev Main/Fast","MIMS-SX//SC/MM - Not seen on SERCO -",""
"20180601","MAC3","110.0242","QF","","110.0242","0","","MAV","","527476.0","410243.0","GRIMSBY DOCK STATION PLATFORM","HFJ4","","","","","","","","","","","20180601","2022-10-04","","NRAIL","","","","","All/Multiple Tracks","MIMS-SX//SC/MM - Access Point. Station. From A180 and Grimsby Victoria St.from Freeman St. and Kent St. or Riby Square and Railway Street. Security - none. Parking - Station car park. Condition - Good, limited lighting, good under foot, platform edge, not suitable for heavy lifting or mult-person handling. Nearest hospital Grimsby. Nearest welfare Pasture Street SB approx 5 mins.","TA 00275 00103"
"20179688","MAC3","110.0682","QF","","110.0682","3100","","MAV","","527669.0","410574.0","FISHDOCK RD LC","HFJ4","","","","","","","","","","","20179688","2013-02-08","","NV","","","","","Rev Main/Fast","Access on Rowlandson Street off Cleethorpes Road <A180> Security - CCTV. Parking - Hard surface area. Condition - Fair, road traffic, good lighting, fair under foot. Nearest hospital Grimsby. Nearest welfare - Pasture St. SB approx 10 mins.",""
"20180602","MAC3","110.1716","QF","","110.1716","3100","","MAV","","528569.0","410369.0","NEW CLEE STATION","HFJ4","","","","","","","","","","","20180602","2022-10-04","","NRAIL","","","","","Rev Main/Fast","Access on Thorold Street off Weelsby Street. Security - none. Parking - limited obstructive. Condition - Good, good underfoot, platform edge, limited lighting. Nearest hospital - Grimsby. Nearest welfare Pasture St. SB approx 10 mins.","TA 00284 00103"
"20179324","MAC3","111.132","QF","","111.132","3100","","MAV","","530013.0","409722.0","SUGGITTS LANE UWC","HFJ4","","","","","","","","","","","20179324","2022-10-04","","NRAIL","","","","","Rev Main/Fast","Access down Suggits Lane off Grimsby Road. Security - none. Parking - Limited obstructive. Condition - good, good under foot, no lighting. Nearest hospital Grimsby. Nearest welfare Pasture St. SB approx 15 mins.",""
"20771791","MAC3","111.1349","QF","","111.1349","3901","","MAV","","529754.0","409914.0","SIEMANS DEPOT","HFJ4","","","","","","","","","","","20771791","2013-02-08","","NRAIL","","","","","","GN6128 NEW ACCESS POINT CREATED FROM STEWART BEWICK MP&I 24/4/07 STC. VEHICULAR ACCESS THROUGH SIEMANS DEPOT GATE ON NORTH PROMENADE",""
"20631074","MAC3","112.0872","QF","","112.0872","9999","","MAV","","530613.0","409115.0","CLEETHORPES STATION <MID PLATFORM>","HFJ4","","","","","","","","","","","20631074","2012-04-23","","NRAIL","","","","","Unknown","Station Road access in Grimsby station car park. Security - Locked gate. Parking - Station car park. Condition - Good, members of public, platform edge, limited lighting, good underfoot.","TA 00305 00090"
"20180603","MAC3","112.0902","QF","","112.0902","3100","","MAV","","530618.0","409109.0","CLEETHORPES STATION <END>","HFJ4","","","","","","","","","","","20180603","2012-04-23","","NV","","","","","Rev Main/Fast","Station Road access in Grimsby station car park. Security - CCTV Parking - Station car park. Condition - good, members of public, platform edge, limited lighting, good under foot. Nearest hospital Grimsby. Nearest welfare Pasture St SB approx 15 mins.","TA 00305 00090"
"20771750","MAN1","0.0242","QF","","0.0242","0","","MAV","","461443.0","378555.0","MANTON COLLIERY","HFJ4","","","","","","","","","","","20771750","2013-03-25","","NRAIL","","","","","All/Multiple Tracks","GN6067 NEW ASSETS CREATED FROM ELLIPSE 23/4/07 STC. S80 2RS.",""
"110172912","MAS","154.0733","QF","","154.0733","2100","","MAP","","431932.0","380587.0","DORE FLATS ACCESS","HFJ4","","","","","","","","","PEDESTRIAN ACCESS POINT","","110172912","2024-03-21","","NRAIL","","","","","Down Main/Fast","ACCESS VIA WEST VIEW LANE. 3RD PARTY LAND PLEASE BE MINDFUL OF RESIDENTS. NO PARKING. ACCESS FOR PEDESTRAIN USE ONLY. W3W. hype.cowboy.lace",""
"40449563","MAS","154.101","QF","","154.101","2100","","MAP","","431713.0","380456.0","ABBEYDALE ROAD A621","HFJ4","","","","","","","","","PEDESTRIAN ACCESS POINT","","40449563","2024-08-13","","NRAIL","","","","","Down Main/Fast","The access point was classed as vehicular, although it does not offer vehicular access to the track. There is pedestrian access to the track. The Hope Valley Project is constructing an REB Compound within the access area. Except for parking one or two small vehicles this access point can not be used by vehicles.~
The access point is currently referenced as ""Abbeydale Road"" but to be more accurate this is Baslow Road A621 aprox 20yards south of the railway bridge.","SK 31713 80456"
"40449564","MAS","154.1358","QF","","154.1358","2100","","MAP","","431422.0","380322.0","TOTLEY TUNNEL EAST S.B.","HFJ4","","","","","","","","","PEDESTRIAN ACCESS POINT","","40449564","2024-08-06","","NRAIL","","","","","Down Main/Fast","This access point on Grove Road is closed from 1st April 2024 until further notice due to the demolition of Totley Tunnel East S.B.","SK 31422 80322"
"40612196","MAS","161.0986","QF","","161.0994","2100","","MAP","","422165.0","381717.0","HATHERSAGE","HFJ4","","","","","","","","","PEDESTRIAN ACCESS POINT","","40612196","2024-03-21","","NRAIL","","","","","Down Main/Fast","ACCESS TO VIA SLOPING SURFACE",""
"40449572","MAS","161.11","QF","","161.11","2100","","MAP","","422074.0","381769.0","JAGGERS LANE","HFJ4","","","","","","","","","PEDESTRIAN ACCESS POINT","","40449572","2024-03-21","","NRAIL","","","","","Down Main/Fast","ACCESS DOWN TO VIA STEPS",""
"20794835","MAS","161.1475","QF","","161.1475","1500","","MAP","","421784.0","381956.0","Off Castleton Road, Hathersage","HFJ4","","","","","","","","","Pedestrian","","20794835","2024-08-14","","NRAIL","","","","","Up Loop","The access point is located adjacent to the Bamford East REB. Access to the track is via a set of steps. ~
Under the TWA Network Rail [Hope Valley Capacity] Order maintenance access is permitted along the private track that leads to Thorpe Farm from the A6187 Castleton Road. The track passes beneath U/B MAS23 which has a height restriction of 3.5m.~
There is no vehicle parking immediately next to the access gate. Do not park on the single lane track adjacent to the gate as this will block the farm access. Parking is available for two light vehicles on the left hand side of the track leading up to the bridge - DO NOT restrict the width of the access.~
Care must be taken in manouvering vehicles beyond the bridge due the the presence of a drainage ditch. WHAT 3 WORDS RETRACT.HEARTLESS.NORTHWARD","SK 21784 91956"
"40449575","MAS","162.085","QF","","162.085","2100","","MAP","","420774.0","382520.0","BAMFORD STATION","HFJ4","","","","","","","","","PEDESTRIAN ACCESS POINT","","40449575","2024-03-21","","NRAIL","","","","","Down Main/Fast","ACCESS DOWN TO VIA STEPS",""
"40449576","MAS","163.0348","QF","","163.0348","2100","","MAP","","419828.0","382912.0","THORNHILL LANE","HFJ4","","","","","","","","","PEDESTRIAN ACCESS POINT","","40449576","2024-03-21","","NRAIL","","","","","Down Main/Fast","ACCESS DOWN TO VIA STEPS",""
"110172914","MAS","163.0946","QF","","163.0946","1100","","MAP","","419285.0","382954.0","GUIDE BROOK - GUIDE HUT","HFJ4","","","","","","","","","PEDESTRIAN ACCESS POINT","","110172914","2024-03-21","","NRAIL","","","","","Up Main/Fast","PEDESTRIAN ACCESS FROM THE UP MAIN LINE W3W. iron.grunt.smallest",""
"110168084","MAS","158.1459","QF","","158.1459","1100","","MAPE","","425107.0","378808.0","PLT 2 GRINDLEFORD STATION - UP","HFJ4","","","","","","","","","ACCESS POINT-PLATFORM END","","110168084","2024-03-21","","NRAIL","","","","","Up Main/Fast","Ungated Platform Access Point - Created as part of DEMAN6260. - varieties.herds.deal","SK 25088 78808"
"110168087","MAS","158.1633","QF","","158.1633","2100","","MAPE","","424925.0","378815.0","PLT 1 GRINDLEFORD STN - DOWN","HFJ4","","","","","","","","","ACCESS POINT-PLATFORM END","","110168087","2024-03-21","","NRAIL","","","","","Down Main/Fast","Ungated Platform Access Point - Created as part of DEMAN6260. - dries.tangent.plants","SK 24878 78815"
"110168085","MAS","158.1637","QF","","158.1637","1100","","MAPE","","424920.0","378815.0","PLT 2 GRINDLEFORD STATION - UP","HFJ4","","","","","","","","","ACCESS POINT-PLATFORM END","","110168085","2024-03-21","","NRAIL","","","","","Up Main/Fast","Ungated Platform Access Point - Created as part of DEMAN6260. - assurance.comic.cyber","SK 24913 78815"
"110168086","MAS","159.1477","QF","","159.1477","2100","","MAPE","","425071.0","378797.0","PLT 1 GRINDLEFORD STN - DOWN","HFJ4","","","","","","","","","ACCESS POINT-PLATFORM END","","110168086","2024-03-21","","NRAIL","","","","","Down Main/Fast","Ungated Platform Access Point - Created as part of DEMAN6260. - atlas.december.blinking","SK 25070 78797"
"110167978","MAS","160.1257","QF","","160.1257","1100","","MAPE","","423299.0","381020.0","UP HATHERSAGE STATION","HFJ4","","","","","","","","","ACCESS POINT-PLATFORM END","","110167978","2024-03-21","","NRAIL","","","","","Up Main/Fast","Gated Platform Access Point - Created as part of DEMAN6260. - rocky.lateral.bonfires","SK 23338 81020"
"110168088","MAS","160.1257","QF","","160.1257","2100","","MAPE","","423297.0","381012.0","DOWN HATHERSAGE STATION","HFJ4","","","","","","","","","ACCESS POINT-PLATFORM END","","110168088","2024-03-21","","NRAIL","","","","","Down Main/Fast","Ungated Platform Access Point - Created as part of DEMAN6260. - outs.hems.courts","SK 23330 81012"
"110168089","MAS","160.1375","QF","","160.1375","2100","","MAPE","","423252.0","381067.0","DOWN HATHERSAGE STATION","HFJ4","","","","","","","","","ACCESS POINT-PLATFORM END","","110168089","2024-03-21","","NRAIL","","","","","Down Main/Fast","Ungated Platform Access Point - Created as part of DEMAN6260. - validated.cube.negotiators","SK 23249 81067"
"110168090","MAS","160.1375","QF","","160.1375","1100","","MAPE","","423250.0","381073.0","UP HATHERSAGE STATION","HFJ4","","","","","","","","","ACCESS POINT-PLATFORM END","","110168090","2024-03-21","","NRAIL","","","","","Up Main/Fast","Ungated Platform Access Point - Created as part of DEMAN6260. - format.mimes.sonic","SK 23254 81073"
"110168091","MAS","162.0874","QF","","162.0874","1100","","MAPE","","420873.0","382476.0","PLT 2 BAMFORD STATION - UP","HFJ4","","","","","","","","","ACCESS POINT-PLATFORM END","","110168091","2024-03-21","","NRAIL","","","","","Up Main/Fast","Ungated Platform Access Point - Created as part of DEMAN6260. - gearbox.issue.routs","SK 20861 82476"
"110168093","MAS","162.0874","QF","","162.0874","2100","","MAPE","","420850.0","382468.0","PLT 1 BAMFORD STATION - DOWN","HFJ4","","","","","","","","","ACCESS POINT-PLATFORM END","","110168093","2024-03-21","","NRAIL","","","","","Down Main/Fast","Ungated Platform Access Point - Created as part of DEMAN6260. - takeovers.trouble.outline","SK 20853 82468"
"110168092","MAS","162.0994","QF","","162.0994","1100","","MAPE","","420760.0","382528.0","PLT 2 BAMFORD STATION - UP","HFJ4","","","","","","","","","ACCESS POINT-PLATFORM END","","110168092","2024-03-21","","NRAIL","","","","","Up Main/Fast","Ungated Platform Access Point - Created as part of DEMAN6260. - perfectly.machinery.notice","SK 20765 82528"
"110168094","MAS","162.0994","QF","","162.0994","2100","","MAPE","","420762.0","382523.0","PLT 1 BAMFORD STATION - DOWN","HFJ4","","","","","","","","","ACCESS POINT-PLATFORM END","","110168094","2024-03-21","","NRAIL","","","","","Down Main/Fast","Ungated Platform Access Point - Created as part of DEMAN6260. - movie.alpha.match","SK 20760 82523"
"110167979","MAS","164.0475","QF","","164.0475","2100","","MAPE","","418152.0","383223.0","PLT 1 HOPE STATION - DOWN","HFJ4","","","","","","","","","ACCESS POINT-PLATFORM END","","110167979","2024-03-21","","NRAIL","","","","","Down Main/Fast","Gated Platform Access Point - Created as part of DEMAN6260. - jokers.riverbank.tailed","SK 18154 83223"
"110167981","MAS","164.0475","QF","","164.0475","1100","","MAPE","","418153.0","383235.0","PLT 2 HOPE STATION UP","HFJ4","","","","","","","","","ACCESS POINT-PLATFORM END","","110167981","2024-03-21","","NRAIL","","","","","Up Main/Fast","Gated Platform Access Point - Created as part of DEMAN6260. - parks.nurtures.blog","SK 18156 83235"
"110167980","MAS","164.0612","QF","","164.0612","2100","","MAPE","","418051.0","383301.0","PLT 1 HOPE STATION - DOWN","HFJ4","","","","","","","","","ACCESS POINT-PLATFORM END","","110167980","2024-03-21","","NRAIL","","","","","Down Main/Fast","Gated Platform Access Point - Created as part of DEMAN6260. - fonts.fantastic.theory","SK 18048 83301"
"110167982","MAS","164.0612","QF","","164.0612","1100","","MAPE","","418059.0","383308.0","PLT 2 HOPE STATION UP","HFJ4","","","","","","","","","ACCESS POINT-PLATFORM END","","110167982","2024-03-21","","NRAIL","","","","","Up Main/Fast","Gated Platform Access Point - Created as part of DEMAN6260. - dolly.stressed.bandwagon","SK 18052 83308"
"40449569","MAS","158.165","QF","","158.165","2100","","MAR","","424907.0","378808.0","GRINDLEFORD YD RRAP","HFJ4","","","","","","","","","RRV ACCESS POINT","","40449569","2024-03-21","","NRAIL","","","","","Down Main/Fast","GRINDLEFORD YARD RRAP. TRACK ACCESS TYPE: SLEEPERS","SK 24988 78798"
"110140491","MAS","162.085","QF","","162.085","1100","","MAR","","420811.0","382498.0","BAMFORD STATION CAR PARK RRAP","HFJ4","","","","","","","","","RRV ACCESS POINT","","110140491","2024-03-21","","NRAIL","","","","","Up Main/Fast","VEHICLE ACCESS VIA BAMFORD STN CAR PARK. SK 20880 82458","SK 20880 82458"
"40449568","MAS","158.1629","QF","","158.1629","1100","","MAV","","424926.0","378805.0","GRINDLEFORD YARD","HFJ4","","","","","","","","","VEHICLE ACCESS POINT","","40449568","2024-03-21","","NRAIL","","","","","Up Main/Fast","VEHICLE ACCESS",""
"40449571","MAS","160.1315","QF","","160.1315","1100","","MAV","","423283.0","381040.0","HATHERSAGE STATION","HFJ4","","","","","","","","","VEHICLE ACCESS POINT","","40449571","2024-03-21","","NRAIL","","","","","Up Main/Fast","VEHICLE ACCESS",""
"110174633","MAS","160.065","QF","","160.065","1100","","MAX","","423698.2","380671.9","HATHERSAGE EAST CROSSING","HFJ4","","","","","","","","","AUTHORISED ACCESS POINT -","","110174633","2024-03-21","","NRAIL","","","","","Up Main/Fast","ACCESS VIA UP MAIN LINE FROM LEVEL CROSSING ",""
"110174634","MAS","160.065","QF","","160.065","2100","","MAX","","423698.2","380671.9","HATHERSAGE EAST CROSSING","HFJ4","","","","","","","","","AUTHORISED ACCESS POINT -","","110174634","2024-03-21","","NRAIL","","","","","Down Main/Fast","ACCESS VIA DOWN MAIN LINE LEVEL CROSSING ",""
"110174635","MAS","161.0767","QF","","161.0767","1100","","MAX","","422287.6","381617.1","HATHERSAGE WEST CROSSING","HFJ4","","","","","","","","","AUTHORISED ACCESS POINT -","","110174635","2024-03-21","","NRAIL","","","","","Up Main/Fast","ACCESS VIA UP MAIN LINE FROM LEVEL CROSSING ",""
"110174636","MAS","161.0767","QF","","161.0767","2100","","MAX","","422287.6","381617.1","HATHERSAGE WEST CROSSING","HFJ4","","","","","","","","","AUTHORISED ACCESS POINT -","","110174636","2024-03-21","","NRAIL","","","","","Down Main/Fast","ACCESS VIA DOWN MAIN LINE LEVEL CROSSING ",""
"20787949","MBW1","0.0308","QF","","0.0308","3100","","MAP","","450227.0","520343.0","CARGO FLEET ROAD TS3 6AF","HFJ1","","","","","","","","","","","20787949","2022-09-27","","NRAIL","","","","","Rev Main/Fast","Access Up and down sides [roofs.scar.spoke]","NZ 50227 20343"
"20790315","MBW1","0.0418","QF","","0.0418","2500","","MAP","","450293.0","0.5","Alphonsus Street TS3 6AG","HFJ1","","","","","","","","","","","20790315","2024-04-16","","NRAIL","","","","","Down Loop","What3Words : coach.twig.posed","NZ 50293 20266"
"20613582","MBW1","2.124","QF","","2.124","3100","","MAP","","451966.0","516839.0","Marton [formerly Ormesby Stn] TS3 0SR","HFJ1","","","","","","","","","","","20613582","2012-05-01","","NRAIL","","","","","Rev Main/Fast","MIMS-S//DE/ - ",""
"20613613","MBW1","4.0574","QF","","4.0574","3100","","MAP","","453852.0","515050.0","Nunthorpe Station TS7 0BG","HFJ1","","","","","","","","","","","20613613","2012-05-01","","NRAIL","","","","","Rev Main/Fast","MIMS-S//DE/ - ",""
"20638238","MBW1","4.0582","QF","","4.0582","2500","","MAP","","453858.0","515045.0","Nunthorpe Station TS7 0BG","HFJ1","","","","","","","","","","","20638238","2023-05-31","","NRAIL","","","","","Down Loop","MIMS-O///PH - Record automatically added from OMNICOM",""
"20638239","MBW1","4.0582","QF","","4.0582","1500","","MAP","","453858.0","515045.0","Nunthorpe Station TS7 0BG","HFJ1","","","","","","","","","ME00755Nw","","20638239","2022-09-27","","NRAIL","","","","","Up Loop","MIMS-O///PH - Record automatically added from OMNICOM",""
"20613623","MBW1","8.0251","QF","","8.0251","3100","","MAP","","457397.0","510838.0","Great Ayton TS9 6HR","HFJ1","","","","","","","","","ME00755Nw","","20613623","2022-09-26","","NRAIL","","","","","Rev Main/Fast","MIMS-S//DE/ - ",""
"20179167","MBW1","8.11","QF","","8.11","3100","","MAP","","457874.0","510227.0","Woodhouse Farm 3 TS9 6HG","HFJ1","","","","","","","","","","","20179167","2012-05-01","","NRAIL","","","","","Rev Main/Fast","Access Point. Level Crossing. RT Document: ALARMS. Access on foot only. No vehicular access or parking.",""
"20776743","MBW1","9.0528","QF","","9.0528","3100","","MAP","","458166.0","509187.0","Low Easby Bridge 28 TS9 6JH","HFJ1","","","","","","","","","","","20776743","2015-01-13","","NRAIL","","","","","Rev Main/Fast","Access via road.",""
"20179689","MBW1","0.0308","QF","","0.0308","0","","MAV","","450227.0","520343.0","Cargo Fleet CCTV LC TS3 6AG","HFJ1","","","","","","","","","","","20179689","2012-05-01","","NRAIL","","","","","All/Multiple Tracks","Access Point. Level Crossing. RT Document: ALARMS.",""
"20776744","MBW1","1.0308","QF","","1.0308","3100","","MAV","","450807.0","518926.0","Highfield Road TS4 2LG","HFJ1","","","","","","","","","","","20776744","2015-01-08","","NRAIL","","","","","Rev Main/Fast","Access via Highfield Road.",""
"20179490","MBW1","1.1188","QF","","1.1188","3100","","MAV","","450955.0","518147.0","Marton Road TS4 3TL","HFJ1","","","","","","","","","","","20179490","2012-05-01","","NRAIL","","","","","Rev Main/Fast","Access Point. Level Crossing. RT Document: ALARMS. No parking on occupation road",""
"20180604","MBW1","2.12","QF","","2.12","3100","","MAV","","451943.0","516867.0","Marton [formerly Ormesby Stn] TS3 0SR","HFJ1","","","","","","","","","","","20180604","2012-05-01","","NRAIL","","","","","Rev Main/Fast","MIMS-S//DE/ - Access Point. Station. Off the B.1380",""
"20180605","MBW1","3.132","QF","","3.132","3100","","MAV","","453145.0","515645.0","Gypsy Lane TS7 0DY","HFJ1","","","","","","","","","","","20180605","2012-05-01","","NRAIL","","","","","Rev Main/Fast","MIMS-S//DE/ - Access Point. Station. Off the A.172",""
"20638388","MBW1","3.1364","QF","","3.1364","3100","","MAV","","453174.0","515618.0","Marton Lane LC TS7 0DY","HFJ1","","","","","","","","","ME00755Nw","","20638388","2022-09-27","","NRAIL","","","","","Rev Main/Fast","MIMS-O///PH - Record automatically added from OMNICOM",""
"20180606","MBW1","4.055","QF","","4.055","3100","","MAV","","453835.0","515064.0","Nunthorpe Station TS7 0BG","HFJ1","","","","","","","","","","","20180606","2012-05-01","","NRAIL","","","","","Rev Main/Fast","Access Point. Signal Box/LC. Minor road linking the A171 - A172.",""
"20179690","MBW1","4.0586","QF","","4.0586","3100","","MAV","","453861.0","515043.0","Nunthorpe Station TS7 0BG","HFJ1","","","","","","","","","","","20179690","2012-05-01","","NRAIL","","","","","Rev Main/Fast","MIMS-S//DE/ - Access Point. Level Crossing. RT Document: ALARMS. CAR PARK ACCESS",""
"20179940","MBW1","4.1496","QF","","4.1496","0","","MAV","","454599.0","514680.0","Morton Carr LC TS7 0PF","HFJ1","","","","","","","","","","","20179940","2012-05-01","","NRAIL","","","","","All/Multiple Tracks","MIMS-X///DE - Access Point. Level Crossing. RT Document: ALARMS. No parking on occupation road",""
"20179163","MBW1","5.022","QF","","5.022","3100","","MAV","","455037.0","514616.0","Morton Grange Farm 1 TS7 0PE","HFJ1","","","","","","","","","","","20179163","2012-05-01","","NRAIL","","","","","Rev Main/Fast","Access Point. Level Crossing. RT Document: ALARMS. No parking on occupation road",""
"20179164","MBW1","5.11","QF","","5.11","3100","","MAV","","455796.0","514497.0","Morton Grange Farm 4 TS7 0PE","HFJ1","","","","","","","","","","","20179164","2012-05-01","","NRAIL","","","","","Rev Main/Fast","Access Point. Level Crossing. RT Document: ALARMS. No parking on occupation road",""
"20638398","MBW1","7.1486","QF","","7.1486","3100","","MAV","","457075.0","511194.0","School Farm 1 TS9 6HE","HFJ1","","","","","","","","","ME00755Nw","","20638398","2022-09-28","","NRAIL","","","","","Rev Main/Fast","MIMS-O///PH - Record automatically added from OMNICOM",""
"20179168","MBW1","9.121","QF","","9.121","3100","","MAV","","458407.0","508613.0","Easby TS9 6JL","HFJ1","","","","","","","","","ME00755Nw","","20179168","2022-09-26","","NRAIL","","","","","Rev Main/Fast","Access Point. Level Crossing. RT Document: ALARMS. No parking on occupation road",""
"20179169","MBW1","9.154","QF","","9.154","3100","","MAV","","458562.0","508354.0","Atkinson Wood Farm LC TS9 6JL","HFJ1","","","","","","","","","","","20179169","2012-05-01","","NRAIL","","","","","Rev Main/Fast","Access Point. Level Crossing. RT Document: ALARMS. No parking on occupation road",""
"20613695","MBW2","13.1674","QF","","13.1674","3100","","MAP","","460680.0","509638.0","Kildale YO21 2RH","HFJ1","","","","","","","","","","","20613695","2012-05-01","","NRAIL","","","","","Rev Main/Fast","MIMS-S//DE/ - ",""
"20787951","MBW2","14.1232","QF","","14.1232","3100","","MAP","","461784.0","509966.0","GUISBOROUGH ROAD, KILDALE YO21 2SA","HFJ1","","","","","","","","","","","20787951","2022-09-27","","NRAIL","","","","","Rev Main/Fast","Access Gates Positioned Left and Right. [estimates.rural.bluffs]","NZ 61784 09966"
"20776751","MBW2","15.1166","QF","","15.1166","3100","","MAP","","463274.0","509624.0","Artists Cottage Br 42 West House YO21 2SE","HFJ1","","","","","","","","","","","20776751","2015-01-08","","NRAIL","","","","","Rev Main/Fast","Access via road to Bridge 42.",""
"20613700","MBW2","17.1324","QF","","17.1324","3100","","MAP","","466324.0","510067.0","West of Commondale Station YO21 2HN","HFJ1","","","","","","","","","","","20613700","2021-03-30","","NRAIL","","","","","Rev Main/Fast","Resident located at top of the access road requires 24/7 access for carer/emergency services.  Ensure ALL vehicles are fully parked in the provided bay and that the access road remains fully clear at all times.",""
"20613712","MBW2","17.1528","QF","","17.1528","3100","","MAP","","466504.0","510025.0","Commondale Station YO21 2HN","HFJ1","","","","","","","","","","","20613712","2012-05-01","","NRAIL","","","","","Rev Main/Fast","MIMS- S//DE/PH - //DE/PH - ",""
"20638286","MBW2","19.081","QF","","19.081","3100","","MAP","","468358.0","508485.0","Castleton Station YO21 2EZ","HFJ1","","","","","","","","","ME00755Nw","","20638286","2022-09-28","","NRAIL","","","","","Rev Main/Fast","MIMS-O///PH - Record automatically added from OMNICOM",""
"20613729","MBW2","20.1697","QF","","20.1697","3100","","MAP","","470715.0","508409.0","Danby Station YO21 2JL","HFJ1","","","","","","","","","ME00755Nw","","20613729","2022-09-26","","NRAIL","","","","","Rev Main/Fast","MIMS- S//DE/PH - ",""
"20178990","MBW2","21.0924","QF","","21.0924","3100","","MAP","","471540.0","508085.0","Esk Dale UWC YO21 2NB","HFJ1","","","","","","","","","ME00755Nw","","20178990","2022-09-26","","NRAIL","","","","","Rev Main/Fast","MIMS- S//DE/PH - Access Point. Foot access. TRACK ACCESS ON FOOT ONLY. NO VEHICULAR ACCESS OR PARKING",""
"20776753","MBW2","21.154","QF","","21.154","3100","","MAP","","472037.0","507832.0","Danby Ducks Bridge YO21 2LN","HFJ1","","","","","","","","","","","20776753","2015-01-08","","NRAIL","","","","","Rev Main/Fast","Access from Bridge Road",""
"20178988","MBW2","22.0176","QF","","22.0176","3100","","MAP","","472396.0","507791.0","Houlsyke YO21 2LL","HFJ1","","","","","","","","","","","20178988","2012-05-01","","NRAIL","","","","","Rev Main/Fast","Access Point. Foot access. TRACK ACCESS ON FOOT ONLY. NO VEHICULAR ACCESS OR PARKING",""
"20638293","MBW2","22.0397","QF","","22.0397","3100","","MAP","","472597.0","507768.0","Houlsyke YO21 2LL","HFJ1","","","","","","","","","ME00755Nw","","20638293","2022-09-28","","NRAIL","","","","","Rev Main/Fast","MIMS-O///PH - Record automatically added from OMNICOM",""
"20178989","MBW2","23.0209","QF","","23.0209","0","","MAP","","474024.0","507609.0","Houlsyke YO21 2LH","HFJ1","","","","","","","","","ME00755Nw","","20178989","2022-09-26","","NRAIL","","","","","All/Multiple Tracks","MIMS-O///PH - Access Point. Foot access. TRACK ACCESS ON FOOT ONLY. NO VEHICULAR ACCESS OR PARKING",""
"20788488","MBW2","23.1738","QF","","23.1738","3100","","MAP","","475414.0","507678.0","Lealholm, Glaisdale YO21 2AN","HFJ1","","","","","","","","","","","20788488","2022-11-24","","NRAIL","","","","","Rev Main/Fast","[toads.shade.boats]","NZ 75414 07678"
"20178991","MBW2","25.0644","QF","","25.0644","0","","MAP","","477204.0","507089.0","Underpark Farm YO21 2QS","HFJ1","","","","","","","","","","","20178991","2012-05-01","","NRAIL","","","","","All/Multiple Tracks","MIMS-S//DE/ - Access Point. Foot access. TRACK ACCESS ON FOOT ONLY. NO VEHICULAR ACCESS OR PARKING",""
"20179593","MBW2","11.1738","QF","","11.1738","3100","","MAV","","458826.0","507221.0","Battersby Station TS9 6LT","HFJ1","","","","","","","","","","","20179593","2018-10-02","","NRAIL","","","","","Rev Main/Fast","Access Point. Level Crossing. RT Document: ALARMS. No parking on occupation road. Any RRV type machine to be off loaded at highway junction and driven to access point.",""
"20180609","MBW2","12.0066","QF","","12.0066","3500","","MAV","","458876.0","507286.0","Battersby Station TS9 6LT","HFJ1","","","","","","","","","","","20180609","2012-05-01","","NRAIL","","","","","Rev Loop","MIMS-S//DE/ - Access Point. Station. Ingleby Greenhow to Battersby road",""
"20776745","MBW2","12.1012","QF","","12.1012","3100","","MAV","","459401.0","507980.0","Battersby Road adjacent to Xing TS9 6LU","HFJ1","","","","","","","","","","","20776745","2015-01-08","","NRAIL","","","","","Rev Main/Fast","Access via Level Crossing.",""
"20180610","MBW2","13.1408","QF","","13.1408","3100","","MAV","","460454.0","509548.0","Kildale Station YO21 2RJ","HFJ1","","","","","","","","","","","20180610","2012-05-01","","NRAIL","","","","","Rev Main/Fast","Access Point. Station. Battersby to Kildale road/off the A.171",""
"20179867","MBW2","14.1239","QF","","14.1239","0","","MAV","","461793.0","509963.0","Guisborough Road LC YO21 2RY","HFJ1","","","","","","","","","","","20179867","2012-05-01","","NRAIL","","","","","All/Multiple Tracks","MIMS-O///PH - Access Point. Level Crossing. RT Document: ALARMS.",""
"20179173","MBW2","18.1619","QF","","18.1619","3100","","MAV","","467699.0","508987.0","Castleton Moor YO21 2HR","HFJ1","","","","","","","","","ME00755Nw","","20179173","2022-09-26","","NRAIL","","","","","Rev Main/Fast","MIMS-O///PH - Access Point. Level Crossing. RT Document: ALARMS. No parking on occupation road",""
"20638408","MBW2","19.0589","QF","","19.0589","3100","","MAV","","468162.0","508523.0","Conn House Farm UWC YO21 2HA","HFJ1","","","","","","","","","ME00755Nw","","20638408","2022-09-28","","NRAIL","","","","","Rev Main/Fast","MIMS-O///PH - Record automatically added from OMNICOM",""
"20180612","MBW2","19.0836","QF","","19.0836","3100","","MAV","","468382.0","508487.0","Castleton Station YO21 2EZ","HFJ1","","","","","","","","","","","20180612","2012-05-01","","NRAIL","","","","","Rev Main/Fast","Access Point. Station. Off the A.171",""
"20179174","MBW2","19.1363","QF","","19.1363","0","","MAV","","468851.0","508564.0","Park Nook Farm UWC YO21 2ET","HFJ1","","","","","","","","","","","20179174","2012-05-01","","NRAIL","","","","","All/Multiple Tracks","MIMS-O///PH - Access Point. Level Crossing. RT Document: ALARMS. No parking on occupation road",""
"20179175","MBW2","20.121","QF","","20.121","3100","","MAV","","470276.0","508347.0","Stang End YO21 2NE","HFJ1","","","","","","","","","ME00755Nw","","20179175","2022-09-26","","NRAIL","","","","","Rev Main/Fast","Access Point. Level Crossing. RT Document: ALARMS. No parking on occupation road",""
"20638412","MBW2","21.0438","QF","","21.0438","3100","","MAV","","471162.0","508310.0","Danby YO21 2NA","HFJ1","","","","","","","","","ME00755Nw","","20638412","2022-09-28","","NRAIL","","","","","Rev Main/Fast","MIMS-O///PH - Record automatically added from OMNICOM",""
"20179177","MBW2","22.0625","QF","","22.0625","0","","MAV","","472804.0","507745.0","Houlsyke YO21 2LL","HFJ1","","","","","","","","","","","20179177","2012-05-01","","NRAIL","","","","","All/Multiple Tracks","MIMS-O///PH - Access Point. Level Crossing. RT Document: ALARMS. No parking on occupation road",""
"20638415","MBW2","22.0906","QF","","22.0906","3100","","MAV","","473426.0","507675.0","Houlsyke YO21 2LJ","HFJ1","","","","","","","","","ME00755Nw","","20638415","2022-09-28","","NRAIL","","","","","Rev Main/Fast","Access point off Lawns Road  Amended mileage as per sheet from 22.1310     MIMS-O///PH - Record automatically added from OMNICOM","NZ 73426 07675"
"20180614","MBW2","24.1006","QF","","24.1006","0","","MAV","","476278.0","507843.0","Lealholm Station YO21 2AG","HFJ1","","","","","","","","","ME00755Nw","","20180614","2022-09-30","","NRAIL","","","","","All/Multiple Tracks","MIMS- S//DE/PH - Access Point. Station. Off the A.172. BASE REMOVED",""
"20638422","MBW2","24.152","QF","","24.152","3100","","MAV","","476651.0","507556.0","Trinkett Wood YO21 2AH","HFJ1","","","","","","","","","ME00755Nw","","20638422","2022-09-28","","NRAIL","","","","","Rev Main/Fast","MIMS-O///PH - Record automatically added from OMNICOM",""
"20638429","MBW2","25.169","QF","","25.169","3100","","MAV","","477766.0","506441.0","Thoneywaite Cottage UWC YO21 2QT","HFJ1","","","","","","","","","ME00755Nw","","20638429","2022-09-28","","NRAIL","","","","","Rev Main/Fast","MIMS-O///PH - Record automatically added from OMNICOM",""
"20180615","MBW2","26.11","QF","","26.11","3500","","MAV","","478310.0","505574.0","Glaisdale Station YO21 2QL","HFJ1","","","","","","","","","","","20180615","2012-05-01","","NRAIL","","","","","Rev Loop","MIMS-S//DE/ - Access Point. Station. Off the A.173",""
"20180616","MBW2","28.0374","QF","","28.0374","3100","","MAV","","480387.0","505386.0","Egton Station YO21 1UX","HFJ1","","","","","","","","","ME00755Nw","","20180616","2022-09-26","","NRAIL","","","","","Rev Main/Fast","Access Point. Station. Off the A.174",""
"20638442","MBW2","28.1041","QF","","28.1041","3100","","MAV","","480973.0","505215.0","Egton YO21 1XF","HFJ1","","","","","","","","","ME00755Nw","","20638442","2022-09-28","","NRAIL","","","","","Rev Main/Fast","MIMS-O///PH - Record automatically added from OMNICOM",""
"20638443","MBW2","28.1469","QF","","28.1469","3100","","MAV","","481348.0","505108.0","Track off Barnards Road YO21 1XF","HFJ1","","","","","","","","","ME00755Nw","","20638443","2022-09-28","","NRAIL","","","","","Rev Main/Fast","MIMS-O///PH - Record automatically added from OMNICOM",""
"20179178","MBW2","28.1484","QF","","28.1484","0","","MAV","","481362.0","505105.0","Track off Barnards Road YO21 1XF","HFJ1","","","","","","","","","ME00755Nw","","20179178","2022-09-26","","NRAIL","","","","","All/Multiple Tracks","MIMS-O///PH - Access Point. Level Crossing. RT Document: ALARMS. No parking on occupation road",""
"20638305","MBW3","25.0172","QF","","25.0172","3100","","MAP","","483395.0","506013.0","Grosmont Farm YO22 5QJ","HFJ1","","","","","","","","","","","20638305","2022-09-29","","NRAIL","","","","","Rev Main/Fast","MIMS-O///PH - Record automatically added from OMNICOM",""
"20179180","MBW3","27.131","QF","","27.131","0","","MAP","","486714.0","486714.0","Newbiggen YO22 5AA","HFJ1","","","","","","","","","ME00755Nw","","20179180","2022-10-06","","NRAIL","","","","","All/Multiple Tracks","MIMS-S//DE/ - Access Point. Level Crossing. RT Document: ALARMS. Access on foot only. No vehicular access or parking. This access point is near to residential homes. ~
Please keep all unnecessary noise to a minimum and respect our neighbours. ~
For advance works we are required to issue noise notification to adjacent properties prior to site works. [clustered.houseboat.select]","NZ 86714 08114"
"20178976","MBW3","28.1379","QF","","28.1379","0","","MAP","","488294.0","508558.0","Hagg House YO22 5HN","HFJ1","","","","","","","","","ME00755Nw","","20178976","2022-09-26","","NRAIL","","","","","All/Multiple Tracks","MIMS-O///PH - Access Point. Level Crossing. Access on foot only. No vehicular access or parking.",""
"20790316","MBW3","29.0418","QF","","29.0418","3100","","MAP","","488869.0","508991.0","Market Garden UWC YO22 5HL","HFJ1","","","","","","","","","","","20790316","2024-04-16","","NRAIL","","","","","Rev Main/Fast","WTW - divided.worldwide.edit","NZ 88869 08991"
"20179182","MBW3","30.1034","QF","","30.1034","3100","","MAP","","489898.0","510549.0","Bog Hall YO21 1ES","HFJ1","","","","","","","","","ME00755Nw","","20179182","2022-09-26","","NRAIL","","","","","Rev Main/Fast","Access Point. Level Crossing. RT Document: ALARMS. Access on foot only.",""
"20613864","MBW3","30.1364","QF","","30.1364","3100","","MAP","","489821.0","510815.0","Whitby YO21 1YN","HFJ1","","","","","","","","","","","20613864","2012-05-01","","NRAIL","","","","","Rev Main/Fast","MIMS-S//DE/ - ",""
"20638420","MBW3","24.141","QF","","24.141","3100","","MAV","","482980.0","505784.0","Grosmont YO22 5PU","HFJ1","","","","","","","","","ME00755Nw","","20638420","2022-09-29","","NRAIL","","","","","Rev Main/Fast","MIMS-O///PH - Record automatically added from OMNICOM",""
"20638423","MBW3","25.0284","QF","","25.0284","3100","","MAV","","483497.0","506028.0","Birtley Farm YO22 5PS","HFJ1","","","","","","","","","ME00755Nw","","20638423","2022-09-29","","NRAIL","","","","","Rev Main/Fast","MIMS-O///PH - Record automatically added from OMNICOM",""
"20638425","MBW3","25.0699","QF","","25.0699","3100","","MAV","","483874.0","506065.0","Newbiggen High Farm YO22 5PS","HFJ1","","","","","","","","","ME00755Nw","","20638425","2022-10-06","","NRAIL","","","","","Rev Main/Fast"," [weeds.bottom.presented]","NZ 83874 06065"
"20638428","MBW3","25.1644","QF","","25.1644","3100","","MAV","","484526.0","506564.0","Cragg Farm YO22 5ES","HFJ1","","","","","","","","","","","20638428","2022-09-29","","NRAIL","","","","","Rev Main/Fast","Access to this location is via the main farm and multiple gates.  ALL works access by Network Rail and our assigned contractors MUST be consulted with the landowner in advance.  Contact is Mr Ward, Cragg Farm, Eskdaleside, Sleights, YO22 5ES",""
"20638432","MBW3","26.0518","QF","","26.0518","3100","","MAV","","485085.0","506632.0","Low Newbiggen Farm 2 YO21 1TQ","HFJ1","","","","","","","","","ME00755Nw","","20638432","2022-09-29","","NRAIL","","","","","Rev Main/Fast","MIMS-O///PH - Record automatically added from OMNICOM",""
"20638434","MBW3","26.0902","QF","","26.0902","3100","","MAV","","485386.0","506741.0","Low Newbiggen Farm 3 YO21 1TQ","HFJ1","","","","","","","","","ME00755Nw","","20638434","2022-09-29","","NRAIL","","","","","Rev Main/Fast","MIMS-O///PH - Record automatically added from OMNICOM",""
"20179179","MBW3","27.0088","QF","","27.0088","3100","","MAV","","485954.0","507341.0","Eskdale Gate 2 YO21 1TG","HFJ1","","","","","","","","","ME00755Nw","","20179179","2022-09-26","","NRAIL","","","","","Rev Main/Fast","Access Point. Level Crossing. RT Document: ALARMS. No parking on occupation road",""
"20179471","MBW3","27.1298","QF","","27.1298","3100","","MAV","","486706.0","508111.0","Newbiggen YO22 5AA","HFJ1","","","","","","","","","ME00755Nw","","20179471","2022-10-06","","NRAIL","","","","","Rev Main/Fast","Access Point. Level Crossing. RT Document: ALARMS. No parking on occupation road. This access point is near to residential homes. ~
Please keep all unnecessary noise to a minimum and respect our neighbours. ~
For advance works we are required to issue noise notification to adjacent properties prior to site works. [quote.carry.wiser]",""
"20180618","MBW3","27.1386","QF","","27.1386","3100","","MAV","","486786.0","508125.0","Newbiggen YO22 5AA","HFJ1","","","","","","","","","ME00755Nw","","20180618","2022-10-06","","NRAIL","","","","","Rev Main/Fast","Access Point. Station. Off the A.176 This access point is near to residential homes. ~
Please keep all unnecessary noise to a minimum and respect our neighbours. ~
For advance works we are required to issue noise notification to adjacent properties prior to site works.",""
"20179181","MBW3","29.0038","QF","","29.0038","0","","MAV","","488587.0","508790.0","Chain Bridge Cottage YO22 5HN","HFJ1","","","","","","","","","ME00755Nw","","20179181","2022-09-26","","NRAIL","","","","","All/Multiple Tracks","MIMS-O///PH - Access Point. Level Crossing. RT Document: ALARMS. No parking on occupation road",""
"20180020","MBW3","29.066","QF","","29.066","3100","","MAV","","489027.0","509145.0","Ruswarp YO21 1YL","HFJ1","","","","","","","","","ME00755Nw","","20180020","2022-09-26","","NRAIL","","","","","Rev Main/Fast","Access Point. Level Crossing. RT Document: ALARMS.",""
"20179359","MBW3","29.099","QF","","29.099","3100","","MAV","","489170.0","509409.0","Larpool YO21 1NL","HFJ1","","","","","","","","","","","20179359","2012-05-01","","NRAIL","","","","","Rev Main/Fast","Access Point. Level Crossing. RT Document: ALARMS.",""
"20180620","MBW3","30.1364","QF","","30.1364","3100","","MAV","","489823.0","510813.0","Whitby YO21 1YN","HFJ1","","","","","","","","","","","20180620","2012-05-01","","NRAIL","","","","","Rev Main/Fast","Access Point. Station. Off the A.171",""
"20180035","MDL1","41.0066","QF","","41.0066","0","","MA","","427415.0","431803.0","","HFJ6","","","","","","","","","","","20180035","2008-09-08","","NV","","","","","All/Multiple Tracks","THE FREE RIGHT FROM TIME TO TIME + AT ALL TIMES TO PASS + REPASS WITH OR WITHOUT VEHICLES PLANT + MACHINERY THROUGH THE GATEWAYS BETWEEN THE POINTS C-D + G-H + ACROSS SUCH PARTS OF THE PROPERTY AS LIES BETWEEN THE GATES FOR THE PURPOSE OF OBTAINING ACCESS FROM THEIR ADJOINING LAND + RAILWAY FROM + TO WHITEHALL RD + ALSO THE RIGHT. BUT ON FOOT ONLY. FOR THE PURPOSES AFORESAID TO THE GATE AT POINT X TO + FROM THE RIGHT HERINBEFORE",""
"20631687","MDL1","32.0538","QF","","32.0538","2100","","MAP","","422833.0","419948.0","","HFJ6","","","","","","","","","","","20631687","2008-09-08","","JARVIS","","","","","Down Main/Fast","MIMS-S//SC/ - ",""
"20785801","MDL1","33.066","QF","","33.066","2100","","MAP","","423879.0","421313.0","Toad Holes, Dewsbury","HFJ6","","","","","","","","","","","20785801","2021-06-24","","NRAIL","","","","","Down Main/Fast","Downside Steel pedestrian gate in palisade fence on on Watergate Road, off A644 Huddersfield Road. Dewsbury. Secured with padlock requiring a 859 key. What3words facing.crust.saving","SE 23879 21313"
"20631706","MDL1","33.1376","QF","","33.1376","2501","","MAP","","424308.0","421794.0","Dewsbury Station","HFJ6","","","","","","","","","NV","","20631706","2013-03-27","","NRAIL","","","","","","MIMS-S//SC/ - ","SE 24308 21794"
"20631708","MDL1","33.1394","QF","","33.1394","1100","","MAP","","424325.0","421800.0","Dewsbury Station","HFJ6","","","","","","","","","NV","","20631708","2013-03-27","","NRAIL","","","","","Up Main/Fast","MIMS-S//SC/ - ","SE 24325 21800"
"20788331","MDL1","34.0233","QF","","34.0233","1100","","MAP","","424522.0","422309.0","Lower Peel Street, Dewsbury","HFJ6","","","","","","","","","Pedestrian","","20788331","2023-03-29","","NRAIL","","","","","Up Main/Fast","Access to the pedestrian access gate is located off Crackenedge Lane,Dewsbury. Walk over the grassed area towards the railway lines leading to the pedestrian access gate. Walk through the gate and up the steps to the Up Main cess. The access lis lit by solar powered street lighting. Vehicle parking is in place on Crackenedge Lane only.  What3Words Ref: upper.rubble.sings","SE 24522 22309"
"20786668","MDL1","34.0433","QF","","34.0433","2100","","MAP","","424518.0","422486.0","Wood Lane, Crackenedge","HFJ6","","","","","","","","","","","20786668","2022-01-10","","NRAIL","","","","","Down Main/Fast","Access through the pedestrian access gate on the Down side boundary wall and follow the walking route leading to the Down cess. What3Words Ref: shack.stale.ducks","SE 24518 22486"
"20180623","MDL1","35.0204","QF","","35.0204","2100","","MAP","","424982.0","423791.0","Batley Station","HFJ6","","","","","","","","","NV","","20180623","2013-03-27","","NRAIL","","","","","Down Main/Fast","MIMS-S//SC/ - Access Point. Station. Over Tingley crossroads, right at first traffic lights. 1.5 mile turn left over railway bridge into station.","SE 24982 23791"
"20788888","MDL1","35.1619","QF","","35.1619","2100","","MAP","","424851.0","425072.0","Howley Mill Lane FB34","HFJ6","","","","","","","","","Pedestrian","","20788888","2023-02-10","","NRAIL","","","","","Down Main/Fast","Access over the public footpath leading from the ends of Sunny Bank Road [W3W Ref : fades.wake.admit] and Howley Mill Lane. The pedestrian access gate is located on the Down side of FB 34 and leads directly to the GSMR compound / tower. The access point is lit by PIR solar lighting. Vehicles cannot access this location. All railway staff must park on the public highway and walk to the access point over the public footpath. What3words Ref : forgot.drop.served","SE 24851 25072"
"20631891","MDL1","38.0532","QF","","38.0532","1100","","MAP","","427030.0","428216.0","Morley Station","HFJ6","","","","","","","","","NV","","20631891","2013-03-27","","NRAIL","","","","","Up Main/Fast","MIMS-S//ph/ - ","SE 27030 28216"
"20631892","MDL1","38.0542","QF","","38.0542","2100","","MAP","","427036.0","428222.0","Morley Station","HFJ6","","","","","","","","","NV","","20631892","2013-03-27","","NRAIL","","","","","Down Main/Fast","MIMS-S//PH/ - ","SE 27036 28222"
"20631893","MDL1","38.0579","QF","","38.0579","2100","","MAP","","427062.0","428244.0","","HFJ6","","","","","","","","","","","20631893","2008-09-08","","JARVIS","","","","","Down Main/Fast","MIMS-S//PH/ - ",""
"20779367","MDL1","38.1067","QF","","38.1067","2100","","MAP","","427467.0","428420.0","Old Gasworks Crossing. Peadestrian Access Gate","HFJ6","","","","","","","","","NV","","20779367","2016-10-27","","NRAIL","","","","","Down Main/Fast","","SE 27467 28420"
"20786588","MDL1","38.1116","QF","","38.1116","1100","","MAP","","427511.0","428422.0","Natasha Elliott FB 37AA","HFJ6","","","","","","","","","","","20786588","2021-12-14","","NRAIL","","","","","Up Main/Fast","Access through the pedestrian access gate on the Up side boundary fence of the FB and follow the walking route leading to the S&T equipment & Up cess.  What3Words Ref: seat.festivity.dined","SE 27511 28422"
"20179492","MDL1","38.165","QF","","38.165","0","","MAP","","427863.0","428752.0","","HFJ6","","","","","","","","","","","20179492","2008-09-08","","NV","","","","","All/Multiple Tracks","MIMS-S//SC/ - Access Point. Level Crossing. RT Document: ALARMS. Access on foot only. No vehicular access or parking. - Not seen during MIMS site visit -",""
"20774991","MDL1","38.1694","QF","","38.1694","0","","MAP","","427885.0","428790.0","White Rose Centre LC","HFJ6","","","","","","","","","Predestrian","","20774991","2013-03-14","","NRAIL","","","","","All/Multiple Tracks","","SE 27885 28790"
"20776720","MDL1","39.0468","QF","","39.0468","1100","","MAP","","427948.0","429262.0","White Rose Shopping Centre","HFJ6","","","","","","","","","NV","","20776720","2015-01-05","","NRAIL","","","","","Up Main/Fast","New pedestrian staff access point.","SE 27948 29262"
"20774992","MDL1","40.0","QF","","40.0","1100","","MAP","","427292.0","430221.0","Cottingley Station","HFJ6","","","","","","","","","Predestrian","","20774992","2013-03-14","","NRAIL","","","","","Up Main/Fast","","SE 27292 30221"
"20774993","MDL1","40.0","QF","","40.0","2100","","MAP","","427284.0","430228.0","Cottingley","HFJ6","","","","","","","","","Predestrian","","20774993","2013-03-14","","NRAIL","","","","","Down Main/Fast","","SE 27284 30228"
"20631727","MDL1","40.0002","QF","","40.0002","1100","","MAP","","427283.0","430236.0","","HFJ6","","","","","","","","","","","20631727","2008-09-08","","JARVIS","","","","","Up Main/Fast","MIMS-S//SC/ - ",""
"20631728","MDL1","40.002","QF","","40.002","2100","","MAP","","427275.0","430250.0","","HFJ6","","","","","","","","","","","20631728","2008-09-08","","JARVIS","","","","","Down Main/Fast","MIMS-S//SC/ - ",""
"20774994","MDL1","40.0695","QF","","40.0695","1100","","MAP","","427110.0","430838.0","Geldred Road Bridge","HFJ6","","","","","","","","","Predestrian","","20774994","2013-03-14","","NRAIL","","","","","Up Main/Fast","","SE 27110 30838"
"20775450","MDL1","40.073","QF","","40.073","2100","","MAP","","427115.0","430873.0","Geldard Road O/B 43","HFJ6","","","","","","","","","","","20775450","2013-08-22","","NRAIL","","","","","Down Main/Fast","New pedestrian access point leading directly to trackside.",""
"20775442","MDL1","41.0187","QF","","41.0187","2100","","MAP","","427482.0","431889.0","Dragon Bridge","HFJ6","","","","","","","","","","","20775442","2013-08-21","","NRAIL","","","","","Down Main/Fast","New pedestrian access point leading directly to trackside.",""
"20774995","MDL1","41.1655","QF","","41.1655","1100","","MAP","","428474.0","432794.0","Copley Hill","HFJ6","","","","","","","","","Predestrian","","20774995","2013-03-14","","NRAIL","","","","","Up Main/Fast","","SE 28474 32794"
"20775746","MDL1","32.072","QF","","32.072","0","","MAR","","423045.0","420117.0","RAVENSTHORPE STATION RRAP","HFJ6","","","","","","","","","Road-Rail Vehicle","","20775746","2025-07-22","","NRAIL","","","","","All/Multiple Tracks","Wide double track RRAP installed with Drop Down Bollards and concrete approaches. A new 14M RRV Access is expected to be installed by TRU West in June 2025, this has not yet been installed.New 14M RRV Access installed by TRU West in June 2025. Wide double track RRAP installed with Drop Down Bollards and concrete approaches.","SE 23045 20117"
"20788751","MDL1","35.0352","QF","","35.0352","1100","","MAR","","42516.0","423895.0","BATLEY RRAP","HFJ6","","","","","","","","","RRV ACCESS","","20788751","2023-01-18","","NRAIL","","","","","Up Main/Fast","No OHLE present, limited RRV storage, Adjacent line open working when delivering or collecting plant~
Lines at site Up & Down Huddersfield MDL1~
1st line on approach Up Huddersfield, traffic right to left~
Access coordination via Amey Principal Contractor email vidal.barnes1@amey.co.uk~
Install of permanent Twin Track 10.8 Metre Rosehill RRAP   W3W ref: ///author.claim.vouch","SE 25016 23895"
"20788968","MDL1","41.011","QF","","41.011","1100","","MAR","","427525.0","431875.0","GHE Stansfeld Steel Manufacturer","HFJ6","","","","","","","","","Authorised RRAP","","20788968","2023-03-02","","NRAIL","","","","","Up Main/Fast","No OHLE present at RRAP, limited RRV storage, third party land, Adjacent line open working when delivering or collecting plant unless within a possession, RRAP will be removed following electrification of TRU West W4 project. Lines at site Up & Down Huddersfield MDL1. 1st line on approach Up Huddersfield, traffic right to left. Access coordination via Amey Principal Contractor email vidal.barnes1@amey.co.uk. Installation of temporary Twin Track 10.8 Metre Rosehill RRAP. W3W ref: //////sculpture.dice.agenda  Unit 2, Leeds West, Gelderd Ln, Leeds","SE 27525 31875"
"20774986","MDL1","32.042","QF","","32.042","2100","","MAV","","422830.0","419949.0","Ravensthorpe Station","HFJ6","","","","","","","","","Vehicle","","20774986","2013-03-14","","NRAIL","","","","","Down Main/Fast","","SE 22830 19949"
"20631681","MDL1","32.0467","QF","","32.0467","2100","","MAV","","422775.0","419917.0","","HFJ6","","","","","","","","","","","20631681","2008-09-08","","JARVIS","","","","","Down Main/Fast","MIMS-S//SC/ - ",""
"20180621","MDL1","32.0538","QF","","32.0538","2100","","MAV","","422833.0","419948.0","","HFJ6","","","","","","","","","","","20180621","2008-09-08","","NV","","","","","Down Main/Fast","MIMS-S//SC/ - Access Point. Station. take the Huddersfield road out of Dewsbury, turn left 400 yards after pelican crossing in Ravensthorpe. Yorks Bank and Midland Bank at end of road. Drive up Calder Road, turn left before railway bridge to station.",""
"20774987","MDL1","32.059","QF","","32.059","2100","","MAV","","422956.0","420037.0","Ravensthorpe","HFJ6","","","","","","","","","Vehicle","","20774987","2013-03-14","","NRAIL","","","","","Down Main/Fast","","SE 22956 20037"
"20631702","MDL1","32.066","QF","","32.066","2100","","MAV","","422925.0","420010.0","","HFJ6","","","","","","","","","","","20631702","2008-09-08","","JARVIS","","","","","Down Main/Fast","MIMS-S//SC/ - ",""
"20774988","MDL1","32.0928","QF","","32.0928","2100","","MAV","","423159.0","420268.0","Ravensthorpe","HFJ6","","","","","","","","","Vehicle","","20774988","2013-03-14","","NRAIL","","","","","Down Main/Fast","","SE 23159 20268"
"20180622","MDL1","33.1531","QF","","33.1531","1100","","MAV","","424398.0","421902.0","Dewsbury Station","HFJ6","","","","","","","","","NV","","20180622","2013-03-27","","NRAIL","","","","","Up Main/Fast","MIMS-S//SC/ - Access Point. Station. When approaching on A653 from Leeds follow through town and take A644 Huddersfield road and just before railway bridge turn right at lights, station 200 yards on left.","SE 24398 21902"
"20179648","MDL1","35.1254","QF","","35.1254","0","","MAV","","424833.0","424740.0","Batley SB","HFJ6","","","","","","","","","NV","","20179648","2013-03-27","","NRAIL","","","","","All/Multiple Tracks","MIMS-S//SC/ - Access Point. Level Crossing. RT Document: ALARMS. No parking on occupation road","SE 24833 24740"
"20180624","MDL1","35.1254","QF","","35.1254","0","","MAV","","424833.0","424740.0","Batley SB","HFJ6","","","","","","","","","NV","","20180624","2013-03-27","","NRAIL","","","","","All/Multiple Tracks","Access Point. Signal Box/LC. Over Tingley Crossroads, turn right at first set of traffic lights, turn right at next set. Batley Town Centre. Pass garage on right 50 yards, turn right. Park Road. opposite garage on left, 100 yards turn left at T-Junction. Right at Church. fork. box at bottom of lane.","SE 24833 24740"
"20180625","MDL1","38.0618","QF","","38.0618","2100","","MAV","","427091.0","428265.0","","HFJ6","","","","","","","","","","","20180625","2008-09-08","","NV","","","","","Down Main/Fast","MIMS-S//SC/ - Access Point. Station. Approach from A643 from Leeds, fork left towards town centre. At traffic lights turn sharp left and fork left again, after 100 yards station at bottom of slope.",""
"20774990","MDL1","38.0628","QF","","38.0628","2100","","MAV","","427099.0","428274.0","Morley Station","HFJ6","","","","","","","","","Vehicle","","20774990","2013-03-14","","NRAIL","","","","","Down Main/Fast","","SE 27099 28274"
"20179183","MDL1","38.1067","QF","","38.1067","2100","","MAV","","427469.0","428411.0","","HFJ6","","","","","","","","","","","20179183","2008-09-08","","NV","","","","","Down Main/Fast","MIMS-S//SC/ - Access Point. Level Crossing. RT Document: ALARMS. No parking on occupation road",""
"20180037","MEW2","0.1606","QF","","0.1606","0","","MA","","439620.0","425819.0","","HFJ6","","","","","","","","","","","20180037","2008-09-08","","NV","","","","","All/Multiple Tracks","MIMS-S//DE/ - Not seen during MIMS site visit -",""
"20774996","MEW2","0.0386","QF","","0.0386","0","","MAP","","440509.0","425197.0","Whitwood Golf Club LC","HFJ6","","","","","","","","","Predestrian","","20774996","2013-03-14","","NRAIL","","","","","All/Multiple Tracks","","SE 40509 25197"
"20179316","MEW2","0.0469","QF","","0.0469","0","","MAP","","440428.0","425216.0","","HFJ6","","","","","","","","","","","20179316","2008-09-08","","JARVIS","","","","","All/Multiple Tracks","MIMS-SX//DE/SC - Access Point. Level Crossing. RT Document: ALARMS. Access on foot only. No vehicular access or parking. - Position = Both Sides",""
"20774997","MEW2","1.0112","QF","","1.0112","3100","","MAP","","439535.0","426046.0","Methley","HFJ6","","","","","","","","","Predestrian","","20774997","2013-03-14","","NRAIL","","","","","Rev Main/Fast","","SE 39535 26046"
"20179048","MGW","6.099","QF","","6.099","2100","","MAP","","451276.0","431667.0","Gascoigne Wood Jn","HFJ7","","","","","","","","","ME00755Nw","","20179048","2022-09-20","","NRAIL","","","","","Down Main/Fast","Access Point. Level Crossing. RT Document: ALARMS. Access on foot only. No vehicular access or parking.      Local name ""Gascoigne Wood Jn"" in Ellipse - Should be Markham Lane - Amend in Ellipse","SE 51276 31667"
"20774998","MGW","7.0088","QF","","7.0088","2100","","MAP","","450625.0","431238.0","Milford West Sidings LS25 5BX","HFJ7","","","","","","","","","Pedestrian","","20774998","2015-02-04","","NRAIL","","","","","Down Main/Fast","","SE 50625 31238"
"20629200","MGW","7.0095","QF","","7.0095","3300","","MAV","","450622.0","431233.0","Maltings LC LS25 5BX","HFJ7","","","","","","","","","VEHICLE","","20629200","2015-02-04","","NRAIL","","","","","Rev Goods","MIMS-SX//SC/KN -","SE 50622 31233"
"20774999","MGW","7.1066","QF","","7.1066","1100","","MAV","","450290.0","430417.0","Milford Jn LS25 5DD","HFJ7","","","","","","","","","Vehicle","","20774999","2015-02-04","","NRAIL","","","","","Up Main/Fast","","SE 50290 30417"
"20615523","MGY","0.055","QF","","0.055","3901","","MAP","","448361.0","520313.0","Independent Line TS1 5JW","HFJ1","","","","","","","","","ME00755Nw","","20615523","2022-09-27","","NRAIL","","","","","","MIMS-S//DE/ -","NZ 48361 20313"
"20180038","MRB","30.055","QF","","30.077","","","MA","","408739.0","422680.0","","HFJ6","","","","","","","","","","","20180038","2008-09-08","","NV","","","","","","",""
"20180039","MRB","33.1606","QF","","33.1716","","","MA","","412022.0","425451.0","","HFJ6","","","","","","","","","","","20180039","2008-09-08","","NV","","","","","","",""
"20786948","MRB","29.0978","QF","","29.0978","2100","","MAP","","407638.0","423130.0","Hollas Lane UB1 <Plated as MVN2-157>","HFJ6","","","","","","","","","","","20786948","2022-02-28","","NRAIL","","","","","Down Main/Fast","Access through the pedestrian gate leading directly to the access steps. The access steps lead to the Down Halifax line and are lit via LED Street lights.   What3Words Ref: record.bound.frames","SE 07638 23130"
"20789668","MRB","30.1048","QF","","30.1048","2100","","MAP","","409179.0","422566.0","Cow lane, UB4 Salterhebble","HFJ6","","","","","","","","","Pedestrian","","20789668","2023-08-16","","NRAIL","","","","","Down Main/Fast","Turn off the A6026 [Wakefield Road] onto Cow Lane and follow the narrow road, going under the railway bridge MRB-4 until reaching the access gate. Parking is very limited / restricted to 1 vehicle MAX. Please do not block the residential driveway that is in close proximity to the access gate,   What3Words Ref:   refers.arts.nation","SE 09179 22566"
"20607447","MRB","30.15","QF","","30.15","1100","","MAP","","409547.0","422695.0","","HFJ6","","","","","","","","","","","20607447","2008-09-08","","NV","","","","","Up Main/Fast","MIMS-X///MM - Access from GRD route at 0.1013, cross ref. - Not seen on SERCO -",""
"20775002","MRB","31.0644","QF","","31.0644","1100","","MAP","","409678.0","423510.0","Dryclough Jcn","HFJ6","","","","","","","","","Pedestrian","","20775002","2023-08-16","","NRAIL","","","","","Up Main/Fast","","SE 09678 23510"
"20779667","MRB","31.1592","QF","","31.1592","2100","","MAP","","409571.0","424365.0","GAUKROGER LANE","HFJ6","","","","","","","","","","","20779667","2017-01-31","","NRAIL","","","","","Down Main/Fast","	ADEQUATE MULTI VEHICLE PARKING AVAILABILITY ON ROAD SIDE AT GAUKROGER LANE ? ~
	RAILWAY ACCESS GATE LEADING TO SECONDARY ACCESS GATE AT TOP OF THE ACCESS STEPS~
	CONCRETE MODULAR STEPS INSTALLED LEADING TO TRACKSIDE WITH A YELLOW GRP SAFETY HAND RAIL GUIDING STAFF TO THE DIRECTION OF APPROACHING TRAINS~
	ACCESS POINT SIGNAGE WITH LED SOLAR LIGHTING",""
"20788408","MRB","33.0484","QF","","33.0484","1100","","MAP","","411086.0","425739.0","Stump Cross, Halifax","HFJ6","","","","","","","","","Pedestrian","","20788408","2022-11-14","","NRAIL","","","","","Up Main/Fast","Park in a safe position close to the junction of Shibden Hall Road and Shibden Hall Croft. Walk along the public footpath heading towards the railway lines and UB 23. Access through the pedestrian access gate, up the access steps that leads directly to the Up Halifax cess. Access point lit by solar powered street lighting. This access point also leads to MM6220 Signal and the Bradford side of Beacon Hill Tunnel Portal <Approx 264y / 12ch from the access steps>. Vehicle parking is only available on Shibden Hall Road.  What3Words Ref:   richer.woods.pizza","SE 11086 25739"
"20787269","MRB","34.133","QF","","34.133","2100","","MAP","","413307.0","425407.0","Park Close, Lightcliiffe","HFJ6","","","","","","","","","","","20787269","2022-05-30","","NRAIL","","","","","Down Main/Fast","Access to Down Cess between two houses on Park Close off Wakefield Road, Lightcliffe. What3words : activism.rally.dreams","SE 13307 25407"
"20179400","MRB","35.0198","QF","","35.0198","0","","MAP","","413729.0","425777.0","","HFJ6","","","","","","","","","","","20179400","2008-09-08","","NV","","","","","All/Multiple Tracks","MIMS-X///MM - Access Point. Level Crossing. RT Document: ALARMS. Access on foot only. No vehicular access or parking.",""
"20775006","MRB","35.021","QF","","35.021","0","","MAP","","413737.0","425782.0","Lightcliffe LC","HFJ6","","","","","","","","","Predestrian","","20775006","2013-03-14","","NRAIL","","","","","All/Multiple Tracks","","SE 13737 25782"
"20789648","MRB","37.1048","QF","","37.1405","2100","","MAP","","409180.0","422566.0","Cow Lane, UB4 Salterhebble","HFJ6","","","","","","","","","","","20789648","2023-08-16","","NRAIL","","","","","Down Main/Fast","Turn off the A6026 <Wakefield Road> onto Cow Lane and follow the narrow road, going under the railway bridge MRB-4 until reaching the access gate. Parking is very limited / restricted to 1 vehicle MAX. Please do not block the residential driveway that is in close proximity to the access gate,   What3Words Ref:   refers.arts.nation","SE 09179 22566"
"20784328","MRB","39.0407","QF","","39.0526","2100","","MAP","","416644.0","431171.0","Bowling, Bradford","HFJ6","","","","","","","","","Predestrian","","20784328","2020-07-27","","NRAIL","","","","","Down Main/Fast","New PIR solar lit pedestrian walking route leading from the pedstrian access gate to the top of the new access steps. Solar lit PIR LED strip lit Stanton Bonna concrete access steps and landings leading to the Down Cess. What-3-words Ref : unfair,city,packet","SE 16644 31171"
"20775009","MRB","39.0526","QF","","39.0526","3900","","MAP","","416668.0","431155.0","Bowling Junction","HFJ6","","","","","","","","","Predestrian","","20775009","2013-03-14","","NRAIL","","","","","Rev Siding","","SE 16668 31155"
"20775011","MRB","40.0483","QF","","40.0483","0","","MAP","","416617.0","432770.0","Bradford Interchange Station","HFJ6","","","","","","","","","Predestrian","","20775011","2013-03-14","","NRAIL","","","","","All/Multiple Tracks","","SE 16617 32770"
"20783027","MRB","35.1726","QF","","36.0","2100","","MAR","","414300.0","426600.0","WYKE YARD, SECURE PLANT/VEHICLE COMPOUND&NEW RRAP","HFJ6","","","","","","","","","","","20783027","2019-02-25","","NRAIL","","","","","Down Main/Fast","Enter via the 3rd Party vehiclar access using the 6m wide Green Expamet access gate located on Station Road, A hardcore road leads to the new secure palisade compound for vehicle RRV""s & OTP stabling via the 4.2m wide palisade access gate, Materials only to be stored in this compound temporarily.~
Access to the railway & new 12.6m wide twin track interlocking Rosehill RRAP is through the 4m wide palisade gates.~
All access gates are secured with 859 railway padlocks.","SE 14300 26600"
"20775000","MRB","29.0462","QF","","29.0462","2100","","MAV","","407241.0","423397.0","Milner Royd Jn SB","HFJ6","","","","","","","","","Vehicle","","20775000","2013-03-14","","NRAIL","","","","","Down Main/Fast","","SE 07241 23397"
"20775001","MRB","30.0564","QF","","30.0564","1100","","MAV","","408758.0","422672.0","Copley Gate","HFJ6","","","","","","","","","Vehicle","","20775001","2013-03-14","","NRAIL","","","","","Up Main/Fast","","SE 08758 22672"
"20775003","MRB","32.065","QF","","32.065","2100","","MAV","","409815.0","425045.0","Halifax","HFJ6","","","","","","","","","Vehicle","","20775003","2013-03-14","","NRAIL","","","","","Down Main/Fast","","SE 09815 25045"
"20180560","MRB","32.088","QF","","32.088","0","","MAV","","409971.0","425177.0","","HFJ6","","","","","","","","","","","20180560","2008-09-08","","NV","","","","","All/Multiple Tracks","Access Point. Signal Box. Drive on A58 to Halifax, pass through cutting dropping down into Halifax. Turn off dual carriageway, take Queesbury sign turning down slip road and first left. follow Leisure Centre sign. Follow road round. Bank Bottom. turn right at T-Junction, turn left on next T-Junction and left at traffic lights, turn into Car Park at the back of the Signalbox. before turn off for Station.",""
"20180561","MRB","32.088","QF","","32.088","0","","MAV","","409971.0","425177.0","","HFJ6","","","","","","","","","","","20180561","2008-09-08","","NV","","","","","All/Multiple Tracks","Access Point. Station. A58 to Halifax, through cutting down into town. Turn of dual carriageway, take Queensbury sign turning, down slip road, first left. Leisure Centre., follow road. Bank Bottom. round, right at T Jn, left at next T Jn, left at lights into Station Yard.",""
"20179404","MRB","33.11","QF","","33.11","0","","MAV","","411604.0","425647.0","","HFJ6","","","","","","","","","","","20179404","2008-09-08","","NV","","","","","All/Multiple Tracks","MIMS-X///MM - Access Point. Level Crossing. RT Document: ALARMS. No parking on occupation road",""
"20775005","MRB","33.1506","QF","","33.1506","2100","","MAV","","411940.0","425495.0","Hipperholme","HFJ6","","","","","","","","","Vehicle","","20775005","2013-03-14","","NRAIL","","","","","Down Main/Fast","","SE 11940 25495"
"20775007","MRB","35.173","QF","","35.173","2100","","MAV","","414705.0","426782.0","Wyke Yard","HFJ6","","","","","","","","","Vehicle","","20775007","2013-03-14","","NRAIL","","","","","Down Main/Fast","","SE 14705 26782"
"20775008","MRB","37.0735","QF","","37.0735","2100","","MAV","","416418.0","428291.0","Low Moor Yard","HFJ6","","","","","","","","","Vehicle","","20775008","2013-03-14","","NRAIL","","","","","Down Main/Fast","","SE 16418 28291"
"20775010","MRB","40.0156","QF","","40.0156","3601","","MAV","","416632.0","432390.0","Bradford Interchange Jcn","HFJ6","","","","","","","","","Vehicle","","20775010","2013-03-14","","NRAIL","","","","","","","SE 16632 32390"
"20788291","MRB","40.029","QF","","40.029","3501","","MAV","","416597.0","432512.0","Mill Lane Depot <Britannia Street>","HFJ6","","","","","","","","","Vehicular","","20788291","2022-10-26","","NRAIL","","","","","","Access through the vehicular palisade access gates <40m0290y>, located at the end of Britannia Street. Drive through the palisade gates into the old Mill Lane Depot and then the secondary palisade gates at the end of the depot yard to access the Old Signal Box, Mill Lane Jcn & RRAP <3601 40m0135y>. The nearest line to the access / RRAP is the W Line. RRV & vehicle parking is suitable at this location.   What3Words Ref: spend.avoid.shuts","SE 16597 32512"
"20180562","MRB","40.0572","QF","","40.0572","0","","MAV","","416617.0","432770.0","","HFJ6","","","","","","","","","","","20180562","2008-09-08","","NV","","","","","All/Multiple Tracks","MIMS-X///MM - Access Point. Station. From Britannia Street. vehicular. - from Bridge Street. pedestrian. - Not seen on SERCO -",""
"20180040","MVL3","23.1078","QF","","23.1078","","","MA","","411199.0","416082.0","","HFJ6","","","","","","","","","","","20180040","2008-09-08","","NV","","","","","","",""
"20180041","MVL3","24.1342","QF","","25.0","","","MA","","412988.0","416386.0","","HFJ6","","","","","","","","","","","20180041","2008-09-08","","NV","","","","","","",""
"20180042","MVL3","25.1364","QF","","25.1496","0","","MA","","414320.0","416924.0","Huddersfield Station","HFJ6","","","","","","","","","NV","","20180042","2013-02-27","","NRAIL","","","","","All/Multiple Tracks","","SE 14320 16924"
"20631768","MVL3","18.1107","QF","","18.1107","2100","","MAP","","404621.0","411852.0","","HFJ6","","","","","","","","","","","20631768","2008-09-08","","JARVIS","","","","","Down Main/Fast","MIMS-S//PH/ - ",""
"20631769","MVL3","18.1107","QF","","18.1107","1100","","MAP","","404621.0","411852.0","","HFJ6","","","","","","","","","","","20631769","2008-09-08","","JARVIS","","","","","Up Main/Fast","MIMS-S//PH/ - ",""
"20775013","MVL3","18.1126","QF","","18.1126","1100","","MAP","","404638.0","411850.0","Marsden Station","HFJ6","","","","","","","","","Predestrian","","20775013","2013-03-14","","NRAIL","","","","","Up Main/Fast","","SE 04638 11850"
"20775014","MVL3","18.1126","QF","","18.1126","2100","","MAP","","404638.0","411857.0","Marsden Station","HFJ6","","","","","","","","","Predestrian","","20775014","2013-03-14","","NRAIL","","","","","Down Main/Fast","","SE 04638 11857"
"20631771","MVL3","18.1174","QF","","18.1174","3500","","MAP","","404681.0","411857.0","","HFJ6","","","","","","","","","","","20631771","2008-09-08","","JARVIS","","","","","Rev Loop","MIMS-S//PH/ - ",""
"20775016","MVL3","18.12","QF","","18.12","1500","","MAP","","404708.0","411845.0","Marsden Station","HFJ6","","","","","","","","","Predestrian","","20775016","2013-03-14","","NRAIL","","","","","Up Loop","","SE 04708 11845"
"20775019","MVL3","21.0315","QF","","21.0315","1100","","MAP","","407899.0","414130.0","Slaithwaithe Station","HFJ6","","","","","","","","","Predestrian","","20775019","2013-03-14","","NRAIL","","","","","Up Main/Fast","","SE 07899 14130"
"20775020","MVL3","21.0358","QF","","21.0358","1100","","MAP","","407935.0","414147.0","Slaithwaithe Station","HFJ6","","","","","","","","","Predestrian","","20775020","2013-03-14","","NRAIL","","","","","Up Main/Fast","","SE 07935 14147"
"20631808","MVL3","21.0362","QF","","21.0362","1100","","MAP","","407922.0","414144.0","","HFJ6","","","","","","","","","","","20631808","2008-09-08","","JARVIS","","","","","Up Main/Fast","MIMS-S//PH/ - ",""
"20775021","MVL3","21.0402","QF","","21.0402","1100","","MAP","","407970.0","414165.0","Slaithwaithe Station","HFJ6","","","","","","","","","Predestrian","","20775021","2013-03-14","","NRAIL","","","","","Up Main/Fast","","SE 07970 14165"
"20631813","MVL3","21.047","QF","","21.047","2100","","MAP","","408022.0","414201.0","Slaithwaithe Station","HFJ6","","","","","","","","","PEDESTRIAN","","20631813","2013-02-27","","NRAIL","","","","","Down Main/Fast","","SE 08022 14201"
"20787288","MVL3","23.1694","QF","","23.1694","2100","","MAP","","411745.6","416234.2","Lower Gate, Meg Lane","HFJ6","","","","","","","","","","","20787288","2022-05-31","","NRAIL","","","","","Down Main/Fast","Steel palisade gate on right hand side when heading up Lower Gate, opposite junction with Meg Lane.","SE 11746 16234"
"20775026","MVL3","25.147","QF","","25.147","0","","MAP","","414379.0","417019.0","Huddersfield","HFJ6","","","","","","","","","Predestrian","","20775026","2013-03-14","","NRAIL","","","","","All/Multiple Tracks","","SE 14379 17019"
"20775029","MVL3","27.1294","QF","","27.1294","2100","","MAP","","416425.0","419102.0","Deighton","HFJ6","","","","","","","","","Predestrian","","20775029","2013-03-14","","NRAIL","","","","","Down Main/Fast","","SE 16425 19102"
"20631824","MVL3","27.1334","QF","","27.1334","2100","","MAP","","416452.0","419116.0","","HFJ6","","","","","","","","","","","20631824","2008-09-08","","JARVIS","","","","","Down Main/Fast","MIMS-S//PH/ - ",""
"20631825","MVL3","27.1346","QF","","27.1346","1100","","MAP","","416461.0","419121.0","","HFJ6","","","","","","","","","","","20631825","2008-09-08","","JARVIS","","","","","Up Main/Fast","MIMS-S//PH/ - ",""
"20775030","MVL3","27.1374","QF","","27.1374","1100","","MAP","","416489.0","419133.0","Deighton","HFJ6","","","","","","","","","Predestrian","","20775030","2013-03-14","","NRAIL","","","","","Up Main/Fast","","SE 16489 19133"
"20631848","MVL3","28.085","QF","","28.085","2100","","MAP","","417081.0","419830.0","Bradley Jn","HFJ6","","","","","","","","","PEDESTRIAN","","20631848","2013-02-27","","NRAIL","","","","","Down Main/Fast","","SE 17081 19830"
"20775612","MVL3","18.049","QF","","18.049","1500","","MAR","","404071.0","411933.0","Standedge Tunnel RRAP","HFJ6","","","","","","","","","","","20775612","2025-05-14","","NRAIL","","","","","Up Loop","This is not a gated access point. MAR has dropdown bollards and concrete approaches and 10.8m wide track. Access to this MAR is from Gated access point at Marsden Station 18.1166 (Hazard Ref 20180563).","SE 04071 11933"
"20775616","MVL3","24.1329","QF","","24.1329","1100","","MAR","","412969.0","416384.0","Gledholt","HFJ6","","","","","","","","","Vehicle","","20775616","2013-12-09","","NRAIL","","","","","Up Main/Fast","This is not a gated access point. MAR has dropdown bollards and concrete approaches and 10.8m Track. Access to this MAR is from Gated access point at Cross Church Street 24.1360 (Hazard Ref 20775025).","SE 12969 16384"
"20786691","MVL3","26.1061","QF","","26.1061","0","","MAR","","414865.0","418179.0","HILLHOUSE YARD AT HUDDERSFIELD","HFJ6","","","","","","","","","Compound / RRAP","","20786691","2023-02-01","","NRAIL","","","","","All/Multiple Tracks","TRU Project have taken over original compound and RRAP access and is now a construction site. New security instructions advised for access. As this RRAP is within a TRU-controlled site, all users must sign in with security in the adjacent Site Office.~
New steel palisade vehicle access gate fitted at entrance to Hillhouse Yard at end of track off Alder Street. A second steel palisade gate provides access to the down cess at the end of the rough track at 26m1435y. This RRAP provides access to both lines. What3Words: Trace.Delay.Drama <access gate on Alder Road>, or Method.Land.Agent <for RRAP itself>.",""
"20180563","MVL3","18.1166","QF","","18.1166","3500","","MAV","","404674.0","411856.0","Marsden Station","HFJ6","","","","","","","","","","","20180563","2013-12-09","","NV","","","","","Rev Loop","MIMS-S//PH/ - Access Point. Station.",""
"20790049","MVL3","18.1178","QF","","18.1178","1500","","MAV","","404688.0","411837.0","Marsden Stn to Standedge Tnl","HFJ6","","","","","","","","","Vehicular Access","","20790049","2023-12-14","","NRAIL","","","","","Up Loop","This access point provides vehicular access between 18m 0328y <14 chains> and 18m 1178y <53 chains>.  From the main entrance at Marsden Station heading from the town centre, follow the narrow access track running between the canal and Marsden Station Platform 3 up to the railway access gate.Go through the access gates and follow the vehicle access road leading to the entrance of Standedge Tunnel. NOTE: Due to the close proximity to the Up Marsden Loop on both sides of Station Road Over Bridge MVL3-45, steel safety barriers have been installed. These barriers are removeable when oversize vehicles and emergency vehicles require access to Standedge Tunnel. Oversize vehicles do require a line blockage of the Up Loop prior to removing the barriers and using the access road. Please ensure that the barriers are reinstated at all times after use. What3Words Ref: never.blatantly.adopts","SE 04688 11837"
"20775015","MVL3","18.1182","QF","","18.1182","1500","","MAV","","404688.0","411834.0","Marsden Station","HFJ6","","","","","","","","","Vehicle","","20775015","2013-03-14","","NRAIL","","","","","Up Loop","","SE 04688 11834"
"20631787","MVL3","18.1425","QF","","18.1425","1100","","MAV","","404900.0","411908.0","","HFJ6","","","","","","","","","","","20631787","2008-09-08","","JARVIS","","","","","Up Main/Fast","MIMS-S//PH/ - ",""
"20775017","MVL3","18.1435","QF","","18.1435","1100","","MAV","","404913.0","411912.0","Marsden","HFJ6","","","","","","","","","Vehicle","","20775017","2013-03-14","","NRAIL","","","","","Up Main/Fast","","SE 04913 11912"
"20775018","MVL3","19.1356","QF","","19.1356","1101","","MAV","","405950.0","412997.0","Marsden Crow Tree Road","HFJ6","","","","","","","","","Vehicle","","20775018","2013-03-14","","NRAIL","","","","","","","SE 05950 12997"
"20787270","MVL3","20.0693","QF","","20.0693","1100","","MAV","","406841.0","413422.0","Old Lane, Upper Holme,Slaithwaite","HFJ6","","","","","","","","","","","20787270","2022-05-31","","NRAIL","","","","","Up Main/Fast","Access gate on right on OLd Lane when heading up to railway bridge.  What3words : lends.distract.trouble","SE 06841 13422"
"20631806","MVL3","21.0283","QF","","21.0283","1100","","MAV","","407856.0","414115.0","","HFJ6","","","","","","","","","","","20631806","2008-09-08","","JARVIS","","","","","Up Main/Fast","MIMS-S//PH/ - ",""
"20631807","MVL3","21.0333","QF","","21.0333","1100","","MAV","","407898.0","414133.0","","HFJ6","","","","","","","","","","","20631807","2008-09-08","","JARVIS","","","","","Up Main/Fast","MIMS-S//PH/ - ",""
"20180564","MVL3","21.0472","QF","","21.0472","2100","","MAV","","408010.0","414192.0","","HFJ6","","","","","","","","","","","20180564","2008-09-08","","NV","","","","","Down Main/Fast","MIMS-S//PH/ - Access Point. Station. Take A62 and turn right in Slaithwaite, follow road through town. Up Platform. Up slope on left, down platform under railway bridge and on right.",""
"20775022","MVL3","21.054","QF","","21.054","2100","","MAV","","408076.0","414234.0","Slaithwaithe Station","HFJ6","","","","","","","","","Vehicle","","20775022","2013-03-14","","NRAIL","","","","","Down Main/Fast","","SE 08076 14234"
"20775023","MVL3","22.1478","QF","","22.1478","2100","","MAV","","410133.0","415440.0","Golcar","HFJ6","","","","","","","","","Vehicle","","20775023","2013-03-14","","NRAIL","","","","","Down Main/Fast","","SE 10133 15440"
"20775024","MVL3","23.0726","QF","","23.0726","1100","","MAV","","410917.0","415923.0","Mills Bridge","HFJ6","","","","","","","","","Vehicle","","20775024","2013-03-14","","NRAIL","","","","","Up Main/Fast","","SE 10917 15923"
"20775025","MVL3","24.136","QF","","24.136","1100","","MAV","","412998.0","416382.0","Gledholt","HFJ6","","","","","","","","","Vehicle","","20775025","2013-03-14","","NRAIL","","","","","Up Main/Fast","","SE 12998 16382"
"20180565","MVL3","25.132","QF","","25.132","9999","","MAV","","414305.0","416886.0","Huddersfield Station","HFJ6","","","","","","","","","VEHICLE","","20180565","2013-02-27","","NRAIL","","","","","Unknown","","SE 14305 16886"
"20180566","MVL3","25.132","QF","","25.132","9999","","MAV","","414305.0","416886.0","Huddersfield Station","HFJ6","","","","","","","","","VEHICLE","","20180566","2013-02-27","","NRAIL","","","","","Unknown","","SE 14305 16886"
"20775027","MVL3","25.1502","QF","","25.1502","1502","","MAV","","414354.0","417065.0","Huddersfield","HFJ6","","","","","","","","","Vehicle","","20775027","2013-03-14","","NRAIL","","","","","","","SE 14354 17065"
"20775028","MVL3","26.0564","QF","","26.0564","1503","","MAV","","414694.0","417750.0","Tumbridge","HFJ6","","","","","","","","","Vehicle","","20775028","2013-03-14","","NRAIL","","","","","","","SE 14694 17750"
"20180567","MVL3","27.132","QF","","27.132","0","","MAV","","416441.0","419109.0","","HFJ6","","","","","","","","","","","20180567","2008-09-08","","NV","","","","","All/Multiple Tracks","MIMS-S//PH/ - Access Point. Station. Approaching from Bradley, Leeds Road. A62. goes over Railway then on right is a turn off. Whitacre St. signposted to Deighton Station. - Not seen during MIMS site visit -",""
"120000475","MVL3","28.1246","QF","","28.1246","1100","","MAV","","417474.0","420198.0","Bradley Junction","HFJ6","","","","","","","","","Limited vehicle access to / over disused track bed and RRAP to up and down","","120000475","2025-02-06","","","","","","","Up Main/Fast","Provides access to RRAP. Formerly associated with Mamas and Papas / B6118 Colne Bridge Road.
Currently Transpennine Route Upgrade Major Civils occupy secure compound on third party land outside gate in boundary fence (859 padlock). Security guard present outside of normal hours.
Parking inside gate needs agreeing to avoid conflict with HGV movements.
what three words hooks.achieving.when",""
"20631862","MVL3","28.1386","QF","","28.1386","1100","","MAV","","417597.0","420286.0","Heaton Lodge South Jn","HFJ6","","","","","","","","","VEHICLE","","20631862","2025-02-06","","NRAIL","","","","","Up Main/Fast","Access from Colne Bridge Road B6118. Between Rail and Canal bridges. What3words : safely.empty.planet

Early 2025 Transpennine Route Upgrade works associated with 4 tracking / introduction of fast lines (Huddersfield to Ravensthorpe) at MVL3/107 Colne Bridge Road (construct new bridge, realign highway, demolish existing bridge) make this access unserviceable.

An alternative access has been provided approximately 150m to the south west on Station Road (what three words hooks.achieving.when). Refer Hazard ID 120000475","SE 17597 20286"
"20787289","MVL3","29.0934","QF","","29.0934","1100","","MAV","","418679.5","420407.2","Helm Lane, Colnebridge","HFJ6","","","","","","","","","","","20787289","2022-10-11","","NRAIL","","","","","Up Main/Fast","Access down narrow single track to Heaton Lodge Cottages from Helm Lane. Leads to access track alongside Up Huddersfield & Up Huddersfield Slow.  What3Words Ref: incomes.bigger.agreed","SE 18679 20407"
"20631914","MVL4","29.1232","QF","","29.1232","2100","","MAV","","418924.0","420287.0","Heaton Lodge East Jn","HFJ6","","","","","","","","","Vehicle","","20631914","2013-03-14","","NRAIL","","","","","Down Main/Fast","","SE 18924 20287"
"20180045","MVN2","30.1496","QF","","31.011","0","","MA","","409387.0","422008.0","Greetland Jn","HFJ6","","","","","","","","","NV","","20180045","2013-03-27","","NRAIL","","","","","All/Multiple Tracks"," ","SE 09387 22008"
"20180047","MVN2","34.1562","QF","","34.1562","0","","MA","","415385.0","422052.0","Brighouse","HFJ6","","","","","","","","","NV","","20180047","2013-03-27","","NRAIL","","","","","All/Multiple Tracks"," ","SE 15385 22052"
"20180048","MVN2","36.0528","QF","","36.0594","0","","MA","","417461.0","421195.0","Cooper Bridge","HFJ6","","","","","","","","","NV","","20180048","2013-03-27","","NRAIL","","","","","All/Multiple Tracks"," ","SE 17461 21195"
"20180049","MVN2","43.143","QF","","43.143","","","MA","","428517.0","418189.0","","HFJ6","","","","","","","","","","","20180049","2008-09-08","","NV","","","","","","",""
"20180050","MVN2","43.1628","QF","","43.1672","","","MA","","428674.0","418099.0","","HFJ6","","","","","","","","","","","20180050","2008-09-08","","NV","","","","","","",""
"20180051","MVN2","49.1122","QF","","49.1122","0","","MA","","436733.0","421356.0","Kirkthorpe Lady Gordon LC","HFJ6","","","","","","","","","NV","","20180051","2013-03-27","","NRAIL","","","","","All/Multiple Tracks"," ","SE 36733 21356"
"20180052","MVN2","50.0022","QF","","50.0022","","","MA","","437244.0","421672.0","","HFJ6","","","","","","","","","","","20180052","2008-09-08","","NV","","","","","","",""
"20782847","MVN2","22.1606","QF","","22.1606","2100","","MAP","","398427.0","427131.0","Stubbing Brink","HFJ6","","","","","","","","","Predestrian","","20782847","2018-10-30","","NRAIL","","","","","Down Main/Fast","A new pedestrian access installed as part of the Huddersfield to Bradford project. It is Hebden Bridge side of Stubbings Brink bridge and has steps down to the track. The nearest track is the Down L&Y.","SD 98427 27131"
"20775032","MVN2","23.1102","QF","","23.1102","1100","","MAP","","399495.0","426818.0","Hebden Bridge","HFJ6","","","","","","","","","Predestrian","","20775032","2013-03-14","","NRAIL","","","","","Up Main/Fast","","SD 99495 26818"
"20180569","MVN2","23.1111","QF","","23.1111","2100","","MAP","","399499.0","426811.0","","HFJ6","","","","","","","","","","","20180569","2008-09-08","","NV","","","","","Down Main/Fast","MIMS-SX//DE/MM - Access Point. Station. Turn left off A646 onto Station Approach, just before entering town.",""
"20629730","MVN2","23.1129","QF","","23.1129","2100","","MAP","","399513.0","426803.0","","HFJ6","","","","","","","","","","","20629730","2008-09-08","","JARVIS","","","","","Down Main/Fast","MIMS-SX//DE/MM -",""
"20775033","MVN2","23.114","QF","","23.114","2100","","MAP","","399523.0","426795.0","Hebden Bridge","HFJ6","","","","","","","","","Predestrian","","20775033","2013-03-14","","NRAIL","","","","","Down Main/Fast","","SD 99523 26795"
"20787409","MVN2","24.1101","QF","","24.1101","2100","","MAP","","400881.0","426003.0","The Drive, Simpson Road","HFJ6","","","","","","","","","Pedestrian","","20787409","2022-07-04","","NRAIL","","","","","Down Main/Fast","Access through the pedestrian access gate located in the boundary fence off Simpson Road, Caldene FB 136 leading to the Down cess. Walking route leading to HG1507 signal and location equipment towards the low mileage side. What3Words Ref: nicknames.ants.treatable","SE 00881 26003"
"20787408","MVN2","24.1102","QF","","24.1102","1100","","MAP","","400897.0","426028.0","The Drive","HFJ6","","","","","","","","","Pedestrian","","20787408","2022-07-04","","NRAIL","","","","","Up Main/Fast","Access through the pedestrian access gate located in the boundary fence at Caldene FB 136 leading to the Up cess. Walking route leading to HG1514 signal and location equipment towards the high mileage side. What3Words Ref: sampled.refuse.acclaimed","SE 00897 26028"
"20629756","MVN2","24.1297","QF","","24.1297","1100","","MAP","","401049.0","425938.0","","HFJ6","","","","","","","","","","","20629756","2008-09-08","","JARVIS","","","","","Up Main/Fast","MIMS-SX//DE/MM - Not seen on SERCO -",""
"20629760","MVN2","24.1578","QF","","24.1578","1100","","MAP","","401292.0","425852.0","Mytholmroyd","HFJ6","","","","","","","","","PEDESTRIAN","","20629760","2013-03-27","","NRAIL","","","","","Up Main/Fast","MIMS-SX//DE/MM -","SE 01292 25852"
"20629761","MVN2","24.158","QF","","24.158","2100","","MAP","","401295.0","425858.0","Mytholmroyd","HFJ6","","","","","","","","","PEDESTRIAN","","20629761","2013-03-27","","NRAIL","","","","","Down Main/Fast","MIMS-SX//DE/MM -","SE 01295 25858"
"20629762","MVN2","24.1621","QF","","24.1621","2100","","MAP","","401330.0","425847.0","Mytholmroyd","HFJ6","","","","","","","","","PEDESTRIAN","","20629762","2013-03-27","","NRAIL","","","","","Down Main/Fast","MIMS-SX//DE/MM -","SE 01330 25847"
"20787628","MVN2","26.1628","QF","","26.1628","2100","","MAP","","403851.0","424406.0","Stoney Lane UB 146","HFJ6","","","","","","","","","Pedestrian","","20787628","2022-09-01","","NRAIL","","","","","Down Main/Fast","Access through the pedestrian access gate, along the landing leading to the access steps. Access steps lead to the Down L&Y cess. Access point lit by solar powered street lighting.  What3Words Ref: torched.states.reshaping","SE 03851 24406"
"20629782","MVN2","28.1038","QF","","28.1038","1100","","MAP","","406199.0","423494.0","Sowerby Bridge","HFJ6","","","","","","","","","PEDESTRIAN","","20629782","2013-03-27","","NRAIL","","","","","Up Main/Fast","MIMS-SX//DE/MM -","SE 06199 23494"
"20775036","MVN2","28.1076","QF","","28.1076","1100","","MAP","","406236.0","423494.0","Sowerby Bridge","HFJ6","","","","","","","","","Predestrian","","20775036","2013-03-14","","NRAIL","","","","","Up Main/Fast","","SE 06236 23494"
"20629783","MVN2","28.1077","QF","","28.1077","2100","","MAP","","406239.0","423497.0","","HFJ6","","","","","","","","","","","20629783","2008-09-08","","JARVIS","","","","","Down Main/Fast","MIMS-SX//DE/MM -",""
"20629784","MVN2","28.1081","QF","","28.1081","2100","","MAP","","406248.0","423500.0","Sowerby Bridge","HFJ6","","","","","","","","","PEDESTRIAN","","20629784","2013-03-27","","NRAIL","","","","","Down Main/Fast","MIMS-SX//DE/MM -","SE 06248 23500"
"20795830","MVN2","32.1188","QF","","32.1188","1100","","MAP","","412232.0","421727.0","Elland Lower Bridge UB 172","HFJ6","","","","","","","","","PEDESTRIAN ACCESS","","20795830","2024-10-16","","NRAIL","","","","","Up Main/Fast","In Elland, travel along Lower Edge Road until reaching the junction that turns into Shaw Lane. Continue on Shaw Lane up to the 3rd party yellow road barrier. If provision with the landowner has not been made in advance for access through, all vehicles to park to the side of the barrier. Personnel to thencontinue down Shaw Lane until reaching the old Elland Brickyard entrance. From there, follow the public footpath up to UB 172 and the pedestrian access gate is on the right hand side. What3Words Ref:   island.gears.dads","SE 12232 21727"
"20795831","MVN2","32.1188","QF","","32.1188","2100","","MAP","","412211.0","421736.0","Elland Lower Bridge UB 172","HFJ6","","","","","","","","","PEDESTRIAN ACCESS","","20795831","2024-10-16","","NRAIL","","","","","Down Main/Fast","In Elland, travel along Lower Edge Road until reaching the junction that turns into Shaw Lane. Continue on Shaw Lane up to the 3rd party yellow road barrier. If provision with the landowner has not been made in advance for access through, all vehicles to park to the side of the barrier. Personnel to thencontinue down Shaw Lane until reaching the old Elland Brickyard entrance. From there, follow the public footpath under UB 172 and the pedestrian access gate is on the left hand side. What3Words Ref:   boxing.shout.heave","SE 12211 21736"
"20179405","MVN2","32.143","QF","","32.143","9999","","MAP","","412425.0","421815.0","Elland Brickyard","HFJ6","","","","","","","","","PEDESTRIAN","","20179405","2013-03-27","","NRAIL","","","","","Unknown","Access Point. Level Crossing. RT Document: ALARMS. Access on foot only. No vehicular access or parking.","SE 12425 21815"
"20775043","MVN2","34.0668","QF","","34.0668","2100","","MAP","","414672.0","422436.0","Brighouse","HFJ6","","","","","","","","","Predestrian","","20775043","2013-03-14","","NRAIL","","","","","Down Main/Fast","","SE 14672 22436"
"20775044","MVN2","34.068","QF","","34.068","1100","","MAP","","414681.0","422428.0","Brighouse","HFJ6","","","","","","","","","Predestrian","","20775044","2013-03-14","","NRAIL","","","","","Up Main/Fast","","SE 14681 22428"
"20632791","MVN2","34.0692","QF","","34.0692","2100","","MAP","","414688.0","422428.0","","HFJ6","","","","","","","","","","","20632791","2008-09-08","","JARVIS","","","","","Down Main/Fast","MIMS-S//DE/ - ",""
"20632792","MVN2","34.0701","QF","","34.0701","1100","","MAP","","414696.0","422426.0","","HFJ6","","","","","","","","","","","20632792","2008-09-08","","JARVIS","","","","","Up Main/Fast","MIMS-S//DE/ - ",""
"20775045","MVN2","34.0712","QF","","34.0712","2100","","MAP","","414710.0","422424.0","Brighouse","HFJ6","","","","","","","","","Predestrian","","20775045","2013-03-14","","NRAIL","","","","","Down Main/Fast","","SE 14710 22424"
"20632793","MVN2","34.0729","QF","","34.0729","2100","","MAP","","414721.0","422418.0","","HFJ6","","","","","","","","","","","20632793","2008-09-08","","JARVIS","","","","","Down Main/Fast","MIMS-S//DE/ - ACCESS FROM CAR PARK PLAT 1",""
"20632810","MVN2","35.1117","QF","","35.1117","1100","","MAP","","416498.0","421648.0","","HFJ6","","","","","","","","","","","20632810","2008-09-08","","JARVIS","","","","","Up Main/Fast","MIMS-S//DE/ - ",""
"20775046","MVN2","35.1168","QF","","35.1168","1100","","MAP","","416546.0","421634.0","Bradley Wood Jn","HFJ6","","","","","","","","","Predestrian","","20775046","2013-03-14","","NRAIL","","","","","Up Main/Fast","","SE 16546 21634"
"20632812","MVN2","35.1179","QF","","35.1179","1100","","MAP","","416554.0","421635.0","","HFJ6","","","","","","","","","","","20632812","2008-09-08","","JARVIS","","","","","Up Main/Fast","MIMS-S//DE/ - ",""
"20787108","MVN2","37.1056","QF","","37.1056","1200","","MAP","","419195.0","420053.0","Calder Valley Greenway, Kirkburton","HFJ6","","","","","","","","","","","20787108","2022-04-04","","NRAIL","","","","","Up Slow","Walk along the Calder Valley Greenway either from Woodend Road O/B 190 or Helm Lane/Wood Lane - Up side upto the pedestrian access gate located adjacent to the Greenway. Staff to access through the pedestrian gate leading directly to location boxes and the access steps. The access steps lead to the Up Huddersfield Slow line and are lit via LED Street lights.       What3Words Ref: fruit.talked.chips","SE 19195 20053"
"20788668","MVN2","37.1518","QF","","37.1518","2100","","MAP","","419595.0","419857.0","SHED BRIDGE OB 191","HFJ6","","","","","","","","","PEDESTRIAN ACCESS","","20788668","2023-01-05","","NRAIL","","","","","Down Main/Fast","Drive along Calder View, Mirfield through the new housing estate running adjacent to the railway lines until reaching the turning for Calder Close. The pedestrian access gate is located at the rear of the small brick out building located directly in front of OB 191 <Woodend Road>. The access gate leads to the Down Leeds & close to HM555 Signal . There is adequate parking available on the road side for vehicles.  what3words defended.establish.upper","SE 19595 19857"
"20778800","MVN2","37.1524","QF","","37.1524","2100","","MAP","","419594.0","419855.0","O/B 191 Woodend Road","HFJ6","","","","","","","","","","","20778800","2015-11-25","","NRAIL","","","","","Down Main/Fast","New 1.0m wide access gate on the Down Side.","SE 19594 19855"
"20631490","MVN2","38.0729","QF","","38.0729","1100","","MAP","","420386.0","419475.0","Mirfield","HFJ6","","","","","","","","","PEDESTRIAN","","20631490","2013-03-27","","NRAIL","","","","","Up Main/Fast","MIMS-S//SC/ - ","SE 20386 19475"
"20631491","MVN2","38.079","QF","","38.079","1300","","MAP","","420442.0","419468.0","","HFJ6","","","","","","","","","","","20631491","2008-09-08","","JARVIS","","","","","Up Goods","MIMS-S//SC/ - ",""
"20788129","MVN2","39.0806","QF","","39.0806","2100","","MAP","","422034.0","419577.0","Sands Lane","HFJ6","","","","","","","","","Pedestrian","","20788129","2022-10-12","","NRAIL","","","","","Down Main/Fast","Access to the pedestrian access gate is located off Sands Lane, Northorpe. Turn off Sands Lane at the entrance to Ladywood Carp Lake and follow the track road adjacent to the railway until reaching the pedestrian palisade access gate. Walk through the gate and up the steps between S&T cabinet equipment. The nearset line is Down Huddersfield. Vehicle parking is restricted due to the narrow track road.  What3Words Ref: round.claim.pacemaker","SE 22034 19577"
"20787291","MVN2","39.1144","QF","","39.1144","1150","","MAP","","422330.7","419676.4","Lady Wood, Ravensthorpe","HFJ6","","","","","","","","","","","20787291","2022-05-31","","NRAIL","","","","","","Access gate is at Bridge 201 approx 500yards along a public footpath from Bridge 202 Calder Road / Ravensthorpe Road by Ravensthorpe Station.","SE 22331 19676"
"20789188","MVN2","40.0946","QF","","40.0946","2150","","MAP","","423670.0","420122.0","Off A644 Huddersfield Rd/Spen Valley Greenway","HFJ6","","","","","","","","","Pedestrian","","20789188","2023-05-31","","NRAIL","","","","","","Access at the Spen Valley Greenway, located on the A644 [Huddersfield Road] and follow the public footpath on the Spen Valley Greenway for approx 800m upto the pedestrian access gate in the boundary fencing [Do not take the canal towpath]. A pedestrian walking route leads from the access gate to both the Down cess or the relay room access gate. NO VEHICLE PARKING is available at this location.  What3Words Ref:   dared.basic.post","SE 23670 20122"
"20788217","MVN2","42.1276","QF","","42.1276","2100","","MAP","","427148.0","419025.0","Healey Mills Old Signal Box","HFJ6","","","","","","","","","PEDESTRIAN ACCESS","","20788217","2022-10-21","","NRAIL","","","","","Down Main/Fast","Access through the main signal box entrance barrier, located off Healey Road <42m 52ch>. Once through the barrier is the car park and the pedestrian access gate. walk up the steps that leads to the Down L&Y. Vehicle parking is suitable throughout this location.  What3Words Ref: cling.sizes.speak","SE 27100 19000"
"20636441","MVN2","43.15","QF","","43.15","1301","","MAP","","428573.0","418157.0","","HFJ6","","","","","","","","","","","20636441","2008-09-08","","JARVIS","","","","","","MIMS-S//ph/ - ",""
"20789388","MVN2","43.1528","QF","","43.1528","2150","","MAP","","428606.0","418149.0","Quarry Hill Industrial Estate","HFJ6","","","","","","","","","Pedestrian","","20789388","2023-06-22","","NRAIL","","","","","","From the A642 <Quarry Hill>, turn into Hawkingcroft Road and then 1st left onto Quarry Hill Industrial Estate. The railway access gates are located adjacent to the entrance of the caravan storage park. There is space for vehicle parking along the road side on Quarry Hill Industrial Estate.  What3Words Ref:   withdraws.punt.easels","SE 28606 18149"
"20771794","MVN2","44.1356","QF","","44.1356","2150","","MAP","","429970.0","417774.0","Horbury O/B 223","HFJ6","","","","","","","","","PEDESTRIAN","","20771794","2013-03-27","","NRAIL","","","","","","Access via gate at O/B 223 off Dudfleet Lane & steps leading to Down Cess. Postcode: WF4 5EX","SE 29970 17774"
"20786308","MVN2","45.0153","QF","","45.0153","1100","","MAP","","430468.0","417864.0","Forge Lane, Horbury","HFJ6","","","","","","","","","Pedestrian","","20786308","2021-10-18","","NRAIL","","","","","Up Main/Fast","Access through the pedestrian access gate on Forge Lane and follow the route leading to the redundant sidfing / Up L&Y.  What3Words Ref: boss.zoos.cherish","SE 30468 17864"
"20786368","MVN2","46.0399","QF","","46.0399","2100","","MAP","","432040.0","418795.0","Monckton Road Industrial Estate","HFJ6","","","","","","","","","","","20786368","2021-11-09","","NRAIL","","","","","Down Main/Fast","Access through the 3rd party gate at the end of Monckton Road Industrial Estate, Wakefield, WF2 7AX and follow the footpath to U/B 229 and the location of the access steps.Access steps lead through the pedestrian access gate leading to the Down cess.  What3Words Ref: grinders.share.tweezers","SE 32040 18795"
"20775441","MVN2","46.1354","QF","","46.1354","1100","","MAP","","432770.0","419255.0","Denby Dale Road, Wakefield","HFJ6","","","","","","","","","Pedestrian Access","","20775441","2022-04-25","","NRAIL","","","","","Up Main/Fast","Access through the pedestrian gate leading directly to the access steps. The access steps lead to the Up L&Y Fast and are lit via a LED solar powered street light. What3words:react.bike.older","SE 32770 19255"
"20786988","MVN2","46.1443","QF","","46.1443","2100","","MAP","","432805.0","419338.0","Denby Dale Road UB 230","HFJ6","","","","","","","","","","","20786988","2022-03-08","","NRAIL","","","","","Down Main/Fast","Access through the pedestrian gate leading directly to the access steps. The access steps lead to the Down L&Y Fast and are lit via a LED solar powered street light. What3Words Ref: gather.much.pass","SE 32805 19338"
"20771792","MVN2","47.0035","QF","","47.0035","1150","","MAP","","433020.0","419570.0","Thornes Lane","HFJ6","","","","","","","","","PEDESTRIAN","","20771792","2013-03-27","","NRAIL","","","","","","Access gates and steps from Thornes Lane, at side of Thornes Lane U/B. Postcode: WF2 7RS","SE 33020 19570"
"20786029","MVN2","47.0565","QF","","47.0585","2100","","MAP","","43330.0","420009.0","Waldorf Way <Off Russell Sreet Footpath>","HFJ6","","","","","","","","","Pedestrian","","20786029","2021-10-04","","NRAIL","","","","","Down Main/Fast","Walk along Russell Street footpath leading to the pedestrian access gate. Access steps lead from the palisade gate to the Down Fast L&Y.   What3Words Ref: hints.winter.words","SE 33300 20009"
"20775056","MVN2","47.122","QF","","47.122","2800","","MAP","","433774.0","420329.0","Kirkgate West Jn","HFJ6","","","","","","","","","Predestrian","","20775056","2013-03-14","","NRAIL","","","","","Down Other/Eng/Car","","SE 33774 20329"
"20632545","MVN2","47.1227","QF","","47.1227","2100","","MAP","","433783.0","420330.0","","HFJ6","","","","","","","","","","","20632545","2008-09-08","","JARVIS","","","","","Down Main/Fast","MIMS-SX//ph/KM -",""
"20632574","MVN2","47.1306","QF","","47.1306","1100","","MAP","","433845.0","420360.0","Kirkgate West Jn","HFJ6","","","","","","","","","PEDESTRIAN","","20632574","2013-03-27","","NRAIL","","","","","Up Main/Fast","MIMS-SX//PH/KN -","SE 33845 20360"
"20632573","MVN2","47.1315","QF","","47.1315","2100","","MAP","","433857.0","420363.0","","HFJ6","","","","","","","","","","","20632573","2008-09-08","","JARVIS","","","","","Down Main/Fast","MIMS-SX//PH/KN -",""
"20775057","MVN2","47.1332","QF","","47.1332","1800","","MAP","","433871.0","420355.0","Kirkgate West Jn","HFJ6","","","","","","","","","Predestrian","","20775057","2013-03-14","","NRAIL","","","","","Up Other/Eng/Car","","SE 33871 20355"
"20775454","MVN2","49.055","QF","","49.055","1150","","MAP","","436246.0","421157.0","Kirkthorpe UB250","HFJ6","","","","","","","","","","","20775454","2013-09-02","","NRAIL","","","","","","New pedestrian access leading directly to trackside.",""
"20780347","MVN2","23.0831","QF","","23.0842","2100","","MAR","","399435.0","426902.0","HEBDEN BRIDGE STATION<COAL YARD>","HFJ6","","","","","","","","","","","20780347","2017-08-15","","NRAIL","","","","","Down Main/Fast","VEHICULAR ACCESS LOCATED THROUGH THE COAL/STONE YARD AT THE END OF THE STATION CAR PARK, SECURED WITH 859 RAILWAY PADLOCK. HARDCORE ROAD LEADING FROM THE ACCESS GATES TO 10.8M WIDE TWIN TRACK INTERLOCKING INTERLOCKING ROSEHILL RRAP WUTH DROP DOWN BOLLARDS, EACH BOLLARD SECURED WITH A 859 RAILWAY PADLOCK. THERE IS SPACE FOR APPROX 4-6 NO. RAILWAY VEHICLES IN THE YARD &/OR ADEQUATE SPACE TO STABLE OTP. ADRESS IS HEBDEN BRIDGE STATION <COAL YARD>, VEHICLE ACCESS & RRAP, STATION ROAD, HEBDEN BRIDGE, HX7 8BB.","SD 99435 26902"
"20788230","MVN2","23.0867","QF","","23.0867","2100","","MAR","","339308.0","426926.0","Hebden Bridge Coal Yard RRAP","HFJ6","","","","","","","","","Road/Rail Vehicles","","20788230","2022-10-21","","NRAIL","","","","","Down Main/Fast","Access through Hebden Bridge Station Car Park to the primary gates located at the Coal Yard entrance. Drive through the Coal Yard upto the secondary palisade vehicular access gates. Through these gates leads directly to the RRAP and the nearest line is the Down L&Y. Vehicle & RRV parking is suitable at this location.  What3Words Ref:  collision.evenings.remix","SD 38308 26926"
"20788170","MVN2","26.0572","QF","","26.0572","2100","","MAR","","408656.0","422436.0","Copley Village RRAP","HFJ6","","","","","","","","","","","20788170","2022-10-18","","NRAIL","","","","","Down Main/Fast","Access through the palisade vehicular access gates leading to the yard area. Through these gates leads directly to the RRAP and the nearest line is the Down L&Y. Vehicle & RRV parking is suitable at this location. What3Words Ref:   wooden.turkey.pets","SE 08656 22436"
"20788350","MVN2","34.1565","QF","","34.1565","2100","","MAR","","415389.0","422057.0","Woodhouse Lane RRAP","HFJ6","","","","","","","","","Road/Rail Vehicles","","20788350","2022-11-01","","NRAIL","","","","","Down Main/Fast","Access through Severn Unival Car Park and follow the roadway to the car park. This palisade vehicular access gates leading to the railway are located in the corner of the car park, to the side of Woodhouse Lane MVN2-178 bridge. Through these gates leads directly to the RRAP and the nearest line is the Down L&Y. Vehicle & RRV parking is suitable at this location.  What3Words Ref:  reef.statue.slick","SE 15389 22057"
"20790629","MVN2","38.132","QF","","38.1334","1100","","MAR","","420939.0","419404.0","MIRFIELD COMPOUND","HFJ6","","","","","","","","","RRV ACCESS POINT","","20790629","2024-06-25","","NRAIL","","","","","Up Main/Fast","No OHLE present at RRAP until electrication commences 2026, limited RRV storage, Adjacent line open working when delivering or collecting plant unless within a possession, RRAP will be removed following electrification of TRU West W3 project.~
Lines at site Down Huddersfield  - Up Huddersfield Slow - Up Huddersfield Fast - All MVN2""s~
1st line on approach Down Huddersfield~
Access coordination via Amey Principal Contractor email Colin.Scollick1@amey.co.uk & Peter.Harper@amey.co.uk~
Installation of temporary 3 Track 12.6M Strail & Rosehill RRAP                                                                                    W3W ref: //////SULKY.ROCKS.RECITALS","SE 20939 19404"
"20788289","MVN2","43.132","QF","","43.132","1900","","MAR","","428429.0","418221.0","Horbury Bridge","HFJ6","","","","","","","","","Road/Rail Vehicles","","20788289","2022-10-26","","NRAIL","","","","","Up Siding","Access through the vehicular palisade access gates located at the end of Parklands Mews. Drive through the gates and follow the tarmac roadway leading directly to the RRAP and Healey Mills Shunt Neck. Vehicle & RRV parking is suitable at this location.   What3Words Ref:  constrain.rods.reform","SE 28429 18221"
"20784910","MVN2","43.1496","QF","","43.1522","3100","","MAR","","428517.0","418102.0","Marcroft Siding","HFJ6","","","","","","","","","","","20784910","2021-03-15","","NRAIL","","","","","Rev Main/Fast","Access through the 5m wide vehicular palisade access gates directly into the railway access yard and access road leading to the 12.6m wide single track Rosehill Interlocking RRAP on the Siding line.  What3Words Ref: songbird.viewer.handy","SE 28517 18102"
"20788213","MVN2","45.0638","QF","","45.0638","1100","","MAR","","430866.0","418046.0","Horbury Jcn RRAP","HFJ6","","","","","","","","","RRV ACCESS","","20788213","2022-10-21","","NRAIL","","","","","Up Main/Fast","Access through the vehicular palisade access gates located at the end of Forge Lane. Drive along the vehicle track road leading directly to the RRAP and Horbury Jcn. Vehicle & RRV parking is suitable at this location. The nearest line of the RRAP is the Up L&Y What3Words Ref:  highlighted.awakes.firmly","SE 30867 18046"
"20788150","MVN2","47.165","QF","","47.165","2902","","MAR","","434108.0","420463.0","Wakefield Kirkgate Depot RRAP","HFJ6","","","","","","","","","","","20788150","2022-10-13","","NRAIL","","","","","","Access through the Wakefield Kirkgate Station Car Park large sliding gate <24/7 security intercom>. Drive through the depot yard until reaching the barrier, located at the side of the Wakefield Kirkgate Signal Box entrance. The barrier is padlocked by a railway 859 padlock and leads directly to the RRAP. Vehicle & RRV parking is suitable at this location. The nearest line of the RRAP is the MMT Tamper Siding. What3Words Ref:  proper.herds.kings","SE 34100 20400"
"20782468","MVN2","48.0726","QF","","48.0987","2150","","MAR","","435088.0","420796.0","Turners Lane Vehicular Access Point & RRAP","HFJ6","","","","","","","","","Road-Rail Vehicle","","20782468","2018-07-27","","NRAIL","","","","","","Railway vehicular access through the 4m wide access gate located on Neil Fox Way. A tarmac road then leads to vehicle parking and the loading/unloading & secure area for RRV""s & OTP. Welfare facilities in the form of a Solarloo are also available at this location & the yard area is liit by 2 No. solar lights. Access to the new RRAP is at the top of the access road. The railway access road leads to Turners Lane Jcn on the Low Mileage side, where a lookout stand is also in situ. a new 10.8m wide single track interlocking Rosehill RRAP with removable bollards is on site.","SE 35088 20796"
"20629729","MVN2","23.0988","QF","","23.0988","2100","","MAV","","399406.0","426870.0","Hebden Bridge","HFJ6","","","","","","","","","VEHICLE","","20629729","2013-03-27","","NRAIL","","","","","Down Main/Fast","MIMS-S//DE/ - ","SD 99406 26870"
"20180570","MVN2","23.1223","QF","","23.1223","1100","","MAV","","399588.0","426757.0","Hebden Bridge SB","HFJ6","","","","","","","","","VEHICLE","","20180570","2013-03-27","","NRAIL","","","","","Up Main/Fast","MIMS-SX//DE/MM - Access Point. Signal Box. Directions as for Station: take Station Road off A646. Burnley Road. at east end of Hebden Bridge. Signalbox at Leeds end of Up platform.","SD 99588 26757"
"20629748","MVN2","24.0498","QF","","24.0498","1100","","MAV","","400408.0","426289.0","","HFJ6","","","","","","","","","","","20629748","2008-09-08","","JARVIS","","","","","Up Main/Fast","MIMS-SX//DE/MM - Not seen on SERCO -",""
"20180571","MVN2","24.165","QF","","24.165","2100","","MAV","","401357.0","425842.0","Mytholmroyd","HFJ6","","","","","","","","","VEHICLE","","20180571","2013-03-27","","NRAIL","","","","","Down Main/Fast","MIMS-SX//DE/MM - Access Point. Station. Turn left off A645 in village centre. signposted Littleborough and Rochdale. station on left before bridge.","SE 01357 25842"
"20775034","MVN2","26.0754","QF","","26.0754","1100","","MAV","","403512.0","425147.0","Luddenden Foot","HFJ6","","","","","","","","","Vehicle","","20775034","2013-03-14","","NRAIL","","","","","Up Main/Fast","","SE 03512 25147"
"20180273","MVN2","26.088","QF","","26.088","0","","MAV","","403561.0","425042.0","","HFJ6","","","","","","","","","","","20180273","2008-09-08","","NV","","","","","All/Multiple Tracks","MIMS-X///MM - Access Point. Road access. From Station Road - Not seen on SERCO -",""
"20775035","MVN2","28.0594","QF","","28.0594","1100","","MAV","","405796.0","423498.0","Sowerby Bridge - Tesco Car Park","HFJ6","","","","","","","","","Vehicle","","20775035","2013-03-14","","NRAIL","","","","","Up Main/Fast","","SE 05796 23498"
"20180044","MVN2","28.062","QF","","28.062","1100","","MAV","","405822.0","423496.0","Sowerby Bridge [Tesco Car Park]","HFJ6","","","","","","","","","","","20180044","2008-09-08","","NRAIL","","","","","Up Main/Fast","To the rear of the new Tesco Supermarket - Sowerby Bridge, access gate & parking leading to trackside. Postcode: HX6 1AL",""
"20775037","MVN2","28.1233","QF","","28.1233","1100","","MAV","","406377.0","423519.0","Sowerby Bridge","HFJ6","","","","","","","","","Vehicle","","20775037","2013-03-14","","NRAIL","","","","","Up Main/Fast","","SE 06377 23519"
"20180572","MVN2","28.125","QF","","28.125","1100","","MAV","","406400.1","423517.0","Sowerby Bridge Station","HFJ6","","","","","","","","","","","20180572","2022-05-31","","NV","","","","","Up Main/Fast","MIMS-SX//DE/MM - Access Point. Station. Proceed on A58 out of town centre and under the railway bridge. Turn immediate left and go 0.25 mile to end of station car park. What3words : curry.whites.hints","SE 06400 23517"
"20775038","MVN2","29.045","QF","","29.045","2100","","MAV","","407243.0","423396.0","Milner Royd Jn","HFJ6","","","","","","","","","Vehicle","","20775038","2013-03-14","","NRAIL","","","","","Down Main/Fast","","SE 07243 23396"
"20180573","MVN2","29.0475","QF","","29.0475","2100","","MAV","","407263.0","423385.0","","HFJ6","","","","","","","","","","","20180573","2008-09-08","","NV","","","","","Down Main/Fast","Access Point. Signal Box. Approach from Elland by-pass direction on A6026. Just on outskirts of town before a row of terraced houses fork left. slowly., opposite telephone box down a narrow road, over canal bridge, past household waste disposal site and up steep hill. called Fall Lane. Just before going over railway bridge. 200 yards up hill. turn left onto cart track, signalbox at end of this road.",""
"20783867","MVN2","29.0946","QF","","29.0946","1100","","MAV","","407608.0","423106.0","Hollas Lane U/B 175","HFJ6","","","","","","","","","","","20783867","2020-02-11","","NRAIL","","","","","Up Main/Fast","Pedestrian access steps leading from the side of Hollas Lane U/B 157 to the UP L&Y Cess <MVN2>","SE 07608 23106"
"20775039","MVN2","30.0586","QF","","30.0586","2100","","MAV","","408670.0","422440.0","Copley Village","HFJ6","","","","","","","","","Vehicle","","20775039","2013-03-14","","NRAIL","","","","","Down Main/Fast","","SE 08670 22440"
"20632772","MVN2","30.165","QF","","30.165","2100","","MAV","","409507.0","421939.0","Greetland Jn","HFJ6","","","","","","","","","VEHICLE","","20632772","2013-03-27","","NRAIL","","","","","Down Main/Fast","MIMS-S//DE/ - ","SE 09507 21939"
"20632775","MVN2","30.1693","QF","","30.1693","2100","","MAV","","409541.0","421921.0","","HFJ6","","","","","","","","","","","20632775","2008-09-08","","JARVIS","","","","","Down Main/Fast","MIMS-S//DE/ - ",""
"20775040","MVN2","30.1702","QF","","30.1702","2100","","MAV","","409549.0","421921.0","Greetland Jn SB","HFJ6","","","","","","","","","Vehicle","","20775040","2013-03-14","","NRAIL","","","","","Down Main/Fast","","SE 09549 21921"
"20787290","MVN2","31.1166","QF","","31.1166","1100","","MAV","","410607.4","421575.1","Exley Lane Elland","HFJ6","","","","","","","","","","","20787290","2022-05-31","","NRAIL","","","","","Up Main/Fast","Access gate is off Exley Lane through the Old Station Yard.  What3words : giving.impact.locals","SE 10607 21575"
"20775041","MVN2","31.1276","QF","","31.1276","1100","","MAV","","410719.0","421571.0","Elland SB","HFJ6","","","","","","","","","Vehicle","","20775041","2013-03-14","","NRAIL","","","","","Up Main/Fast","","SE 10719 21571"
"20180574","MVN2","31.1342","QF","","31.1342","9999","","MAV","","410760.0","421569.0","","HFJ6","","","","","","","","","","","20180574","2008-09-08","","NV","","","","","Unknown","Access Point. Signal Box. Main Brighouse - Elland Road, Park Road, turn up Exley Lane then into Old Goods Yard",""
"20775042","MVN2","33.172","QF","","33.172","1100","","MAV","","414042.0","422614.0","Brighouse Viaduct","HFJ6","","","","","","","","","Vehicle","","20775042","2013-03-14","","NRAIL","","","","","Up Main/Fast","","SE 14042 22614"
"20180046","MVN2","34.1474","QF","","34.1474","2100","","MAV","","415310.0","422083.0","Birds Royd Lane","HFJ6","","","","","","","","","","","20180046","2022-10-04","","NRAIL","","","","","Down Main/Fast","Access via Birds Royd Lane, Brighouse at bridge 178.",""
"20775047","MVN2","37.0672","QF","","37.0672","2100","","MAV","","418939.0","420278.0","Heaton Lodge East Jn","HFJ6","","","","","","","","","Vehicle","","20775047","2013-03-14","","NRAIL","","","","","Down Main/Fast","","SE 18939 20278"
"120001161","MVN2","38.084","QF","","38.084","2100","","MAV","","420639.0","419416.0","MIRFIELD YARD","HFJ6","","","","","","","","","Authorised Access Point - Vehicle","","120001161","2025-05-21","","NRAIL","","","","","Down Main/Fast","Vehicle Access Point in Mirfield Yard at the station directly onto the track. There is no RRV Access Point at this location as this was removed in April 2025.",""
"20775048","MVN2","38.0866","QF","","38.0866","1202","","MAV","","420504.0","419430.0","Mirfield","HFJ6","","","","","","","","","Vehicle","","20775048","2013-03-14","","NRAIL","","","","","","","SE 20504 19430"
"20775049","MVN2","38.097","QF","","38.097","1203","","MAV","","420609.0","419455.0","Mirfield","HFJ6","","","","","","","","","Vehicle","","20775049","2013-03-14","","NRAIL","","","","","","","SE 20609 19455"
"120001160","MVN2","38.1011","QF","","38.1011","1200","","MAV","","420490.0","419476.0","MIRFIELD CAR PARK","HFJ6","","","","","","","","","Authorised Access Point - Vehicle","","120001160","2025-05-21","","NRAIL","","","","","Up Slow","Vehicle Access Point in Mirfield Railway Station Car Park.",""
"20631498","MVN2","38.1018","QF","","38.1018","1300","","MAV","","420647.0","419426.0","","HFJ6","","","","","","","","","","","20631498","2008-09-08","","JARVIS","","","","","Up Goods","MIMS-S//SC/ - ",""
"20788211","MVN2","40.0066","QF","","40.0088","1100","","MAV","","425131.0","419835.0","Lock Street","HFJ6","","","","","","","","","Vehicle access","","20788211","2022-10-21","","NRAIL","","","","","Up Main/Fast","Access through the vehicular palisade access gates, located off Lock Street <41m 35ch>. Once through the palisade gates this access road leads towards Healey Mills A Jcn <High mileage end> and close to Thornhill LNW Jcn <low mileage end>. The nearest line to the access road is the Up L&Y. Vehicle parking is suitable throughout this location. What3Words Ref:       album.stow.copies","SE 25131 19835"
"20775050","MVN2","41.078","QF","","41.078","1150","","MAV","","425105.0","419863.0","Thornhill LNW Jcn Up L&Y","HFJ6","","","","","","","","","Vehicle","","20775050","2013-03-14","","NRAIL","","","","","","","SE 25105 19863"
"20788216","MVN2","42.1144","QF","","42.1144","2100","","MAV","","427053.0","419037.0","Healey Mills Old Signal Box","HFJ6","","","","","","","","","VEHICLE ACCESS","","20788216","2022-10-21","","NRAIL","","","","","Down Main/Fast","Access through the main signal box entrance barrier, located off Healey Road <42m 52ch>. Once through the barrier is the car park and at the end of the car park are the secondary palisade vehicular access gates. Through these gates, the access road leads towards the Healey Mills Run Round <low mileage end> and Storrs Hill Road <high mileage end>. The nearest line to the access gate is the Down L&Y. Vehicle parking is suitable throughout this location.  What3Words Ref: gently.linen.puts","SE 27000 19000"
"20775051","MVN2","42.12","QF","","42.12","3200","","MAV","","426953.0","419118.0","Healey Mills","HFJ6","","","","","","","","","Vehicle","","20775051","2013-03-14","","NRAIL","","","","","Rev Slow","","SE 26953 19118"
"20180576","MVN2","42.1408","QF","","42.1408","9999","","MAV","","427134.0","419044.0","","HFJ6","","","","","","","","","","","20180576","2008-09-08","","NV","","","","","Unknown","Access Point. Signal Box. Direct off Healey Road, Ossett",""
"20636446","MVN2","43.0485","QF","","43.0485","1200","","MAV","","427834.0","418731.0","","HFJ6","","","","","","","","","","","20636446","2008-09-08","","JARVIS","","","","","Up Slow","MIMS-SX//sc/KN -",""
"20775052","MVN2","43.0554","QF","","43.0554","1150","","MAV","","427729.0","418468.0","Healey Mills","HFJ6","","","","","","","","","Vehicle","","20775052","2013-03-14","","NRAIL","","","","","","","SE 27729 18468"
"20636442","MVN2","43.0814","QF","","43.0814","2150","","MAV","","428086.0","418632.0","Healey Mills, Storrs Hill Road","HFJ6","","","","","","","","","VEHICLE","","20636442","2022-10-14","","NRAIL","","","","","","Access through the palisade vehicular gates, located off Storrs Hill Road <42m 37ch>. Once through the gates, the track road continues over approx 20y before turning immediate right and following the road to the small yard area <43.0890 yards> located close to Storrs Hill Road OB 218. Vehicle parking is suitable at this location.    What3Words <Access Gate off Stoirrs Hill Road> Ref:  crowds.snail.completed     What3Words <Track access location 43m890y> Ref: crusaders.debit.overgrown","SE 28086 18632"
"20775053","MVN2","43.0906","QF","","43.0906","2150","","MAV","","428130.0","418498.0","Healey Mills Throat","HFJ6","","","","","","","","","Vehicle","","20775053","2013-03-14","","NRAIL","","","","","","","SE 28130 18498"
"20636443","MVN2","43.0994","QF","","43.0994","1100","","MAV","","428192.0","418427.0","","HFJ6","","","","","","","","","","","20636443","2008-09-08","","JARVIS","","","","","Up Main/Fast","MIMS-S//sc/ - ",""
"20784909","MVN2","43.1496","QF","","43.1522","3100","","MAV","","428517.0","418102.0","Marcroft Siding","HFJ6","","","","","","","","","","","20784909","2021-03-15","","NRAIL","","","","","Rev Main/Fast","Access through the 5m wide vehicular palisade access gates directly into the railway access yard and access road leading to the 12.6m wide single track Rosehill Interlocking RRAP on the Siding line.  What3Words Ref: songbird.viewer.handy","SE 28517 18102"
"20775054","MVN2","43.1522","QF","","43.1522","1901","","MAV","","428560.0","418132.0","Healey Mills Throat","HFJ6","","","","","","","","","Vehicle","","20775054","2013-03-14","","NRAIL","","","","","","","SE 28560 18132"
"20636444","MVN2","43.1662","QF","","43.1662","1500","","MAV","","428701.0","418084.0","","HFJ6","","","","","","","","","","","20636444","2008-09-08","","JARVIS","","","","","Up Loop","MIMS-SX//ph/KN -",""
"20775055","MVN2","43.1682","QF","","43.1682","1500","","MAV","","428688.0","418061.0","Horbury Station","HFJ6","","","","","","","","","Vehicle","","20775055","2013-03-14","","NRAIL","","","","","Up Loop","","SE 28688 18061"
"20636445","MVN2","43.1705","QF","","43.1705","2100","","MAV","","428748.0","418076.0","Horbury Station","HFJ6","","","","","","","","","VEHICLE","","20636445","2013-03-27","","NRAIL","","","","","Down Main/Fast","MIMS-SX//ph/KN - Not seen on SERCO -","SE 28748 18076"
"20771797","MVN2","45.0161","QF","","45.0161","2150","","MAV","","430459.0","417881.0","Horbury 2","HFJ6","","","","","","","","","VEHICLE","","20771797","2013-03-27","","NRAIL","","","","","","Double access gates & tarmac parking area off Green Lane Horbury. Postcode: WF4 5EL","SE 30459 17881"
"20180577","MVN2","45.0836","QF","","45.0836","0","","MAV","","431016.0","418146.0","Horbury Jn SB","HFJ6","","","","","","","","","VEHICLE","","20180577","2013-03-27","","NRAIL","","","","","All/Multiple Tracks","MIMS-S//PH/ - Access Point. Signal Box. Green Lane off Milfield MILEAGE CHANGE TAKES ASSET OUT OF THIS ""ELR""","SE 31016 18146"
"20771796","MVN2","46.065","QF","","46.065","1150","","MAV","","432249.0","418896.0","Monkton","HFJ6","","","","","","","","","VEHICLE","","20771796","2013-03-27","","NRAIL","","","","","","Access via Skill Centre Car Park off Monkton Rd into Industrial Estate. Parking area & double access gates. Postcode: WF2 8WA","SE 32249 18896"
"20180578","MVN2","47.1348","QF","","47.1348","2100","","MAV","","433885.0","420373.0","","HFJ6","","","","","","","","","","","20180578","2008-09-08","","JARVIS","","","","","Down Main/Fast","MIMS-SX//PH/KN - Access Point. Station.",""
"20775058","MVN2","47.1352","QF","","47.1352","2800","","MAV","","433885.0","420377.0","Wakefield Kirkgate","HFJ6","","","","","","","","","Vehicle","","20775058","2013-03-14","","NRAIL","","","","","Down Other/Eng/Car","","SE 33885 20377"
"20180579","MVN2","47.1414","QF","","47.1414","2100","","MAV","","433941.0","420395.0","","HFJ6","","","","","","","","","","","20180579","2008-09-08","","JARVIS","","","","","Down Main/Fast","MIMS-S//PH/ - Access Point. Signal Box. Under railway bridge on A61 Turn left. Then left by entrance to Cobra.",""
"20775059","MVN2","47.153","QF","","47.153","2800","","MAV","","434037.0","420435.0","Wakefield Kirkgate","HFJ6","","","","","","","","","Vehicle","","20775059","2013-03-14","","NRAIL","","","","","Down Other/Eng/Car","","SE 34037 20435"
"20775060","MVN2","48.0994","QF","","48.0994","2150","","MAV","","435101.0","420785.0","Turners Lane","HFJ6","","","","","","","","","Vehicle","","20775060","2013-03-14","","NRAIL","","","","","","","SE 35101 20785"
"20180580","MWN","108.0748","QF","","108.0748","9999","","MA","","525478.0","410509.0","GREAT COATES NO1 SB ACCESS VEHICLE/PEDESTRIAN","HFJ4","","","","","","","","","","","20180580","2013-02-08","","NV","","","","","Unknown","Access Point. Signal Box. On A1136 Grimsby - Immingham road two miles from Toothill roundabout. Turn right into Great Coates village. Access from Gilby Road",""
"20767054","NEC1","1.0638","QF","","1.0638","1100","","MAP","","424272.0","561755.0","Walnut Gardens, Bridge 15 NE8 2TA","HFJ1","","","","","","","","","","","20767054","2012-05-01","","NRAIL","","","","","Up Main/Fast","Off Victoria Road, Teams. Single gate, 859 lock.",""
"20790318","NEC1","1.0638","QF","","1.0638","2100","","MAP","","424376.0","561929.0","Walnut Gardens NE8 2YE","HFJ1","","","","","","","","","","","20790318","2024-04-16","","NRAIL","","","","","Down Main/Fast","WTW - casual.stocks.open",""
"20787928","NEC1","1.1562","QF","","1.1562","2100","","MAP","","423558.0","561619.0","Norwood Junction NE8 2TZ","HFJ1","","","","","","","","","ME00755Nw","","20787928","2022-09-26","","NRAIL","","","","","Down Main/Fast","Forge Road, Dunston. Double gate, special lock.     Should be pedestrian / vehicle access - Amend in Ellipse",""
"20767056","NEC1","2.0044","QF","","2.0044","1100","","MAP","","423359.0","561716.0","Dunston Bridge 20 NE8 2RB","HFJ1","","","","","","","","","","","20767056","2024-04-16","","NRAIL","","","","","Up Main/Fast","Forge Road, Dunston. Single gate, 859 lock. www.arrive.fakes.grain","NZ 23359 61716"
"20767058","NEC1","2.0968","QF","","2.0968","1100","","MAP","","422585.0","562013.0","Dunston Road, Bridge 23 NE11 9PB","HFJ1","","","","","","","","","","","20767058","2012-05-01","","NRAIL","","","","","Up Main/Fast","Dunston Road, Dunston. Single gate, 859 lock.",""
"20663607","NEC1","4.0396","QF","","4.0396","2100","","MAP","","420389.0","563265.0","Skiff Inn Level Crossing NE16 3BE","HFJ1","","","","","","","","","","","20663607","2012-05-01","","NRAIL","","","","","Down Main/Fast","Near Skiff Inn, Clasper Way, off Riverside Way. 2 single gates. Track access on foot only. No vehicular access or parking.",""
"20790289","NEC1","4.1386","QF","","4.1386","2100","","MAP","","41949.1","563379.0","Toll Bridge Road NE21 5ST","HFJ1","","","","","","","","","","","20790289","2024-04-15","","NRAIL","","","","","Down Main/Fast","WTW - bids.mouse.close","NZ 19491 63379"
"20767060","NEC1","4.1413","QF","","4.1413","1100","","MAP","","419467.0","563382.0","Toll Bridge Road, Bridge 32A NE21 5TR","HFJ1","","","","","","","","","","","20767060","2012-05-01","","NRAIL","","","","","Up Main/Fast","Toll Bridge Rd, Off Chainbridge Rd. Single gate 859 lock.",""
"20767055","NEC1","1.1562","QF","","1.1562","2100","","MAV","","423558.0","561619.0","Norwood Junction NE8 2TZ","HFJ1","","","","","","","","","ME00755Nw","","20767055","2022-09-26","","NRAIL","","","","","Down Main/Fast","Forge Road, Dunston. Double gate, special lock.     Should be pedestrian / vehicle access - Amend in Ellipse",""
"20783547","NEC1","3.0259","QF","","3.0259","1100","","MAV","","421954.0","562685.0","WITCHES HAT NE11 9JL","HFJ1","","","","","","","","","","","20783547","2019-09-18","","NRAIL","","","","","Up Main/Fast","Access off Hardy Drive. Driveway cess-side of Up Carlilise to Metrocentre station. RRAPs on the up and down lines","NZ 24954 62685"
"20179691","NEC1","5.0484","QF","","5.0484","2100","","MAV","","418768.0","563471.0","Chainbridge Level Crossing NE16 3YZ","HFJ1","","","","","","","","","","","20179691","2014-10-23","","NRAIL","","","","","Down Main/Fast","Chainbridge Rd, Blaydon.",""
"120001385","NEC2","4.0374","QF","","4.0374","2100","","MAP","","418250.0","563564.0","GAS LANE, BLAYDON","HFJ1","","","","","","","","","ACCESS POINT","","120001385","2025-07-21","","","","","","","Down Main/Fast","NZ 182 635
Pedestrian access at the end of Gas lane. Behind Co-op funeral directors. Palisade fencing with gate on down side of track. W3W/// films.caged.ritual",""
"120001257","NEC2","4.0528","QF","","4.0528","2100","","MAP","","","","BLAYDON","HFJ1","","","","","","","","","","","120001257","2025-07-21","","","","","","","Down Main/Fast","Pedestrian access gate on down side of track alongside underbridge 33. Can be accessed via lane down by old public house alongside B6317 or footpath opposite Coffee roasters,",""
"20789829","NEC2","5.1391","QF","","5.1391","1100","","MAP","","416025.0","564787.0","Peth Lane. NE40 3PD","HFJ1","","","","","","","","","","","20789829","2023-10-11","","NRAIL","","","","","Up Main/Fast","[WTW landed.riots.email]","NZ 16025 64787"
"20767112","NEC2","6.0352","QF","","6.0352","2100","","MAP","","415394.0","564975.0","Old Ryton Station, Bridge 39 NE40 3QG","HFJ1","","","","","","","","","","","20767112","2012-05-01","","NRAIL","","","","","Down Main/Fast","To Ryton Willows opposite Ye Olde Cross Pub, Ryton. Single gate, 859 lock.",""
"20638253","NEC2","7.0444","QF","","7.0444","1100","","MAP","","413719.0","565209.0","Clara Vale Golf Club NE40 3TD","HFJ1","","","","","","","","","","","20638253","2023-10-25","","NRAIL","","","","","Up Main/Fast","Single access gate - 222 lock, just before Golf Club car park. [calms.words.unity]","NZ 13718 65209"
"20180587","NEC2","8.0597","QF","","8.0597","1100","","MAP","","412109.0","564547.0","Wylam Station NE41 8HR","HFJ1","","","","","","","","","ME00755Nw","","20180587","2022-09-26","","NRAIL","","","","","Up Main/Fast"," Should be Up  Main",""
"20638256","NEC2","9.0175","QF","","9.0175","1100","","MAP","","410970.0","564216.0","Hagg Bank, Bridge 44 NE41 8JS","HFJ1","","","","","","","","","","","20638256","2012-05-01","","NRAIL","","","","","Up Main/Fast","Opposite Railway Cotts, off Wylam Wood Road. Single gate, 859 lock.",""
"20179279","NEC2","10.1046","QF","","10.1046","1100","","MAP","","408739.0","563466.0","Prudhoe Station & Signal Box NE42 6NR","HFJ1","","","","","","","","","","","20179279","2012-05-01","","NRAIL","","","","","Up Main/Fast","MIMS-S//KB/ - Access Point. Level Crossing. RT Document: ALARMS. Access on foot only. No vehicular access or parking. 2100\1100",""
"20789790","NEC2","10.1408","QF","","10.1408","1100","","MAP","","408473.0","563268.0","Prudhoe Colliery. NE42 6QJ","HFJ1","","","","","","","","","","","20789790","2023-10-02","","NRAIL","","","","","Up Main/Fast","[grumbling.upset.sunset]","NZ 08473 63268"
"20784290","NEC2","12.077","QF","","12.077","1100","","MAP","","406181.0","562165.0","Stocksfield OB 53  NE43 7NS","HFJ1","","","","","","","","","","","20784290","2020-07-07","","NRAIL","","","","","Up Main/Fast","Stocksfield Gravel Pits on Up side. Occupation Bridge.","NZ 06181 62165"
"20614091","NEC2","13.0179","QF","","13.0179","2100","","MAP","","405446.0","561390.0","Stocksfield Station NE43 7NQ","HFJ1","","","","","","","","","","","20614091","2023-10-11","","NRAIL","","","","","Down Main/Fast","MIMS-SO//KB/PH - ",""
"20776495","NEC2","13.055","QF","","13.055","1100","","MAP","","405159.0","561206.0","Stocksfield NE43 7HG","HFJ1","","","","","","","","","","","20776495","2014-10-23","","NRAIL","","","","","Up Main/Fast","Stocksfield",""
"20789809","NEC2","13.0726","QF","","13.0726","2100","","MAP","","405015.0","561144.0","Stocksfield Mast. NE43 7HG","HFJ1","","","","","","","","","","","20789809","2023-10-11","","NRAIL","","","","","Down Main/Fast","[ WTW tightest.arching.retaliate]","NZ 05187 61307"
"20767115","NEC2","13.1254","QF","","13.1254","1100","","MAP","","404541.0","561228.0","Broomley Road UP, Bridge 60 NE43 7AE","HFJ1","","","","","","","","","","","20767115","2024-04-16","","NRAIL","","","","","Up Main/Fast","Just off A695 between Stocksfield and Shilford. Single gate, 859 lock.",""
"20790317","NEC2","13.1254","QF","","13.1254","2100","","MAP","","404540.0","561229.0","Broomley Road DN, NE43 7HT","HFJ1","","","","","","","","","","","20790317","2024-04-16","","NRAIL","","","","","Down Main/Fast","Just off A695 between Stocksfield and Shilford. Single gate, 859 lock.","NZ 04540 61229"
"20767122","NEC2","14.0695","QF","","14.0695","1100","","MAP","","403467.0","561376.0","Low Shilford Bridge 62 NE43 7HW","HFJ1","","","","","","","","","","","20767122","2014-10-23","","NRAIL","","","","","Up Main/Fast","Just off A695, east of A68 roundabout.",""
"20776497","NEC2","15.0022","QF","","15.0022","2100","","MAP","","402477.0","561278.0","Riding Mill NE44 6DZ","HFJ1","","","","","","","","","","","20776497","2014-10-23","","NRAIL","","","","","Down Main/Fast","A68 Road Bridge 63/A",""
"20179515","NEC2","15.0816","QF","","15.0816","2100","","MAP","","401858.0","561615.0","Riding Mill UWC NE44 6JD","HFJ1","","","","","","","","","","","20179515","2018-11-19","","NRAIL","","","","","Down Main/Fast","Dene Terrace, Riding Mill. Double gate, 859 lock.",""
"20179373","NEC2","17.0396","QF","","17.0396","1100","","MAP","","399655.0","563338.0","Corbridge East NE45 5RP","HFJ1","","","","","","","","","ME00755Nw","","20179373","2022-09-26","","NRAIL","","","","","Up Main/Fast","Long walk from Farnley Garage on A695, or accessed from Corbridge Bridge.     Up main - Amend in Ellipse",""
"20180592","NEC2","17.1361","QF","","17.1361","0","","MAP","","398851.0","563521.0","Corbridge Station NE45 5SB","HFJ1","","","","","","","","","ME00755Nw","","20180592","2022-09-26","","NRAIL","","","","","All/Multiple Tracks","Off the A695. Tinklers Bank, Station Road, Corbridge.     Mileage should be 17m 1361yds - Amend in Ellipse",""
"20638283","NEC2","18.0131","QF","","18.0131","1100","","MAP","","398330.0","563641.0","Dilston Bridge 74 NE45 5RG","HFJ1","","","","","","","","","","","20638283","2012-05-01","","NRAIL","","","","","Up Main/Fast","Minor road between A695 and B6321. Single gate, 859 lock.",""
"20179186","NEC2","18.1034","QF","","18.1034","2100","","MAP","","397527.0","563825.0","Dilston Water NE45 5QY","HFJ1","","","","","","","","","","","20179186","2022-07-01","","NRAIL","","","","","Down Main/Fast","Approx 200yds walk from Devils Water.","NY 97527 63825"
"20180527","NEC2","20.1494","QF","","20.1494","0","","MAP","","394002.0","564348.0","Hexham Station NE46 1ET","HFJ1","","","","","","","","","","","20180527","2012-05-01","","NRAIL","","","","","All/Multiple Tracks","Station Road, Hexham.",""
"20638294","NEC2","22.1108","QF","","22.1108","2100","","MAP","","391527.0","565726.0","West Boat, Bridge 82 DN NE46 3SB","HFJ1","","","","","","","","","","","20638294","2023-03-08","","NRAIL","","","","","Down Main/Fast","Access road from Bridge End. Single gate, 859 lock. [dreams.lawns.rate]","NY 91528 65726"
"20789048","NEC2","22.1108","QF","","22.1108","1100","","MAP","","391527.0","565726.0","West Boat, Bridge 82 UP NE46 3SB","HFJ1","","","","","","","","","","","20789048","2023-03-08","","NRAIL","","","","","Up Main/Fast","Access road from Bridge End. Single gate, 859 lock. [dreams.lawns.rate]","NY 91528 65726"
"20638306","NEC2","25.117","QF","","25.117","1100","","MAP","","387565.0","567211.0","Allerwash NE47 5BH","HFJ1","","","","","","","","","ME00755Nw","","20638306","2022-09-29","","NRAIL","","","","","Up Main/Fast","Off the B6319",""
"20776020","NEC2","28.0088","QF","","28.0088","1100","","MAP","","384771.0","564745.0","Haydon Bridge HB10 SIGNAL NE47 5JR","HFJ1","","","","","","","","","","","20776020","2023-05-31","","NRAIL","","","","","Up Main/Fast","[doted.lecturing.sprayed]","NY 84771 64745"
"20629501","NEC2","28.0752","QF","","28.0752","1100","","MAP","","384234.0","564529.0","Hayden Bridge NE47 6HD","HFJ1","","","","","","","","","ME00755Nw","","20629501","2022-09-26","","NRAIL","","","","","Up Main/Fast","MIMS-S//KB/ -     Should be 752yds - Amend in Ellipse",""
"20179121","NEC2","28.1122","QF","","28.1122","2100","","MAP","","383911.0","564377.0","Pasture Wells NE47 6DS","HFJ1","","","","","","","","","","","20179121","2012-05-01","","NRAIL","","","","","Down Main/Fast","Public Footpath off Hordley Acres, Haydon Bridge.",""
"20638322","NEC2","28.1734","QF","","28.1734","2100","","MAP","","383399.0","564145.0","Bridge 90 NE47 6EF","HFJ1","","","","","","","","","","","20638322","2012-05-01","","NRAIL","","","","","Down Main/Fast","Single access gate just off A69, east of West Rattenrow turn off.",""
"20638325","NEC2","30.132","QF","","30.132","1100","","MAP","","380588.0","564198.0","Morralee, Bridge 94 NE47 6DD","HFJ1","","","","","","","","","","","20638325","2012-05-01","","NRAIL","","","","","Up Main/Fast","Off A69 signposted Ridley and Beltingham, at Ridley Hall follow sign to Plankey Mill. Single gate.",""
"20784291","NEC2","30.143","QF","","30.143","2100","","MAP","","380488.0","564208.0","Moralee Farm OB 94  NE47 6DD","HFJ1","","","","","","","","","","","20784291","2020-07-07","","NRAIL","","","","","Down Main/Fast","Down Side about 5 chain north of OB.","NY 80488 64208"
"20767143","NEC2","31.0962","QF","","31.0962","1100","","MAP","","379319.0","564380.0","Crow Hall, Bridge 97 NE47 7BJ","HFJ1","","","","","","","","","","","20767143","2012-05-01","","NRAIL","","","","","Up Main/Fast","Minor dirt track to Br 97 and 98 before Ridley Hall, signposted public footpath to Beltingham. Single gate.",""
"20638332","NEC2","32.0505","QF","","32.0505","2100","","MAP","","378119.0","564481.0","Bardon Mill NE47 7JA","HFJ1","","","","","","","","","ME00755Nw","","20638332","2022-09-29","","NRAIL","","","","","Down Main/Fast","MIMS-O///PH - Record automatically added from OMNICOM     Fully Maintained in Ellipse / Showing as Vehicle Access in Ellipse - Confirmed as Pedestrian - Amend in Ellipse",""
"20790309","NEC2","33.0374","QF","","33.0374","1100","","MAP","","376691.0","564248.0","Bridge 103 Henshaw NE47 7EQ","HFJ1","","","","","","","","","","","20790309","2024-04-15","","NRAIL","","","","","Up Main/Fast","WTW - adults.score.airstrip","NY 76691 64248"
"20638336","NEC2","34.0652","QF","","34.0652","1100","","MAP","","374922.0","563736.0","Woodhall Farm, Bridge 108 NE47 7EX","HFJ1","","","","","","","","","","","20638336","2012-05-01","","NRAIL","","","","","Up Main/Fast","Woodhall. Single gate, 859 lock.",""
"20767206","NEC2","35.011","QF","","35.011","1100","","MAP","","373820.0","563738.0","Greengate Lane, Melkridge, Br 111 NE49 0LX","HFJ1","","","","","","","","","","","20767206","2012-05-01","","NRAIL","","","","","Up Main/Fast","Melkridge. Single gate, 859 lock.",""
"20789229","NEC2","35.0242","QF","","35.0242","2100","","MAP","","373703.0","563706.0","Greengate Lane, Melkridge NE49 0LZ","HFJ1","","","","","","","","","","","20789229","2023-05-31","","NRAIL","","","","","Down Main/Fast","[from.trickster.expires]","NY 73703 63706"
"20638342","NEC2","35.0769","QF","","35.0769","2100","","MAP","","373229.0","563612.0","Greengates Level Crossing NE49 0HX","HFJ1","","","","","","","","","","","20638342","2012-05-01","","NRAIL","","","","","Down Main/Fast","MIMS-O///PH - Record automatically added from OMNICOM",""
"20790312","NEC2","36.0044","QF","","36.0044","2100","","MAP","","372308.0","563823.0","Winchester Tunnel NE49 0NF","HFJ1","","","","","","","","","","","20790312","2024-04-16","","NRAIL","","","","","Down Main/Fast","WTW - blunders.donor.newsprint","NY 72308 63823"
"20638343","NEC2","36.0088","QF","","36.0088","1100","","MAP","","372270.0","563833.0","West End of Whitchester Tunnel NE49 0NF","HFJ1","","","","","","","","","","","20638343","2014-10-23","","NRAIL","","","","","Up Main/Fast","Whitchester. Single gate, 859 lock.",""
"20789028","NEC2","36.0948","QF","","36.0948","1100","","MAP","","371495.0","563900.0","HW106 SIGNAL ACCESS POINT NE49 0EP","HFJ1","","","","","","","","","","","20789028","2023-05-31","","NRAIL","","","","","Up Main/Fast","Concrete walkways from top of steps to signal. [replying.prevented.charities]","NY 71495 63900"
"20178994","NEC2","38.0022","QF","","38.0022","2100","","MAP","","369139.0","563679.0","Jacksons NE49 0LF","HFJ1","","","","","","","","","","","20178994","2012-05-01","","NRAIL","","","","","Down Main/Fast","A69, public footpath to Birchfield Gate.",""
"20789468","NEC2","38.0374","QF","","38.0374","2100","","MAP","","368818.0","563649.0","HW109 Signal, A69, Featherstone CA8 7JR","HFJ1","","","","","","","","","","","20789468","2023-07-07","","NRAIL","","","","","Down Main/Fast","[those.elaborate.smuggled]","NY 68818 63649"
"20179126","NEC2","39.1276","QF","","39.1276","2100","","MAP","","366651.0","564549.0","Blenkinsop CA8 7JS","HFJ1","","","","","","","","","","","20179126","2012-05-01","","NRAIL","","","","","Down Main/Fast","A69 opposite Blenkinsop Castle road. Single gate.",""
"20180001","NEC2","40.0418","QF","","40.0418","1100","","MAP","","366034.0","565082.0","Blenkinsop R&G  LC CA8 7HP","HFJ1","","","","","","","","","","","20180001","2012-05-01","","NRAIL","","","","","Up Main/Fast","Access road opposite Greenhead Village Hall. Single gate. R & G = Miniature Red/Green Warning lights.",""
"20638352","NEC2","40.0902","QF","","40.0902","2100","","MAP","","365905.0","565507.0","Greenhead CA8 7HG","HFJ1","","","","","","","","","","","20638352","2012-05-01","","NRAIL","","","","","Down Main/Fast","Opposite west bound bus stop. Single gate, 859 lock.",""
"20179378","NEC2","40.1386","QF","","40.1386","1100","","MAP","","365799.0","565934.0","Thirlwell Castle CA8 7HL","HFJ1","","","","","","","","","","","20179378","2012-05-01","","NRAIL","","","","","Up Main/Fast","Gilsland to Greenhead Road.",""
"20179127","NEC2","41.0616","QF","","41.0616","2100","","MAP","","365233.0","566620.0","Baron House [Barrow House] LC CA8 7HX","HFJ1","","","","","","","","","","","20179127","2012-05-01","","NRAIL","","","","","Down Main/Fast","Gilsland to Greenhead Rd, signposted Burnt Walls.",""
"20179128","NEC2","41.1672","QF","","41.1672","2100","","MAP","","364290.0","566773.0","Gilsland East CA8 7EJ","HFJ1","","","","","","","","","","","20179128","2012-05-01","","NRAIL","","","","","Down Main/Fast","East Of Gilsland.",""
"20178995","NEC2","43.0946","QF","","43.0946","2100","","MAP","","362040.0","565575.0","Denton Farm LC CA8 7AF","HFJ1","","","","","","","","","","","20178995","2014-10-23","","NRAIL","","","","","Down Main/Fast","Gilsland Road.",""
"20179130","NEC2","46.011","QF","","46.011","1100","","MAP","","358769.0","563322.0","Beckstonegate Crossing CA8 2ND","HFJ1","","","","","","","","","","","20179130","2012-05-01","","NRAIL","","","","","Up Main/Fast","Low Row to Gilsland Road.",""
"20179131","NEC2","46.1342","QF","","46.1342","2100","","MAP","","357846.0","562700.0","Denton Hall CA8 2JA","HFJ1","","","","","","","","","","","20179131","2016-03-03","","NRAIL","","","","","Down Main/Fast","Dirt track off the A69",""
"20638373","NEC2","48.0572","QF","","48.0572","2100","","MAP","","356067.0","560984.0","Miltonrigg Crossing CA8 2NE","HFJ1","","","","","","","","","","","20638373","2012-05-01","","NRAIL","","","","","Down Main/Fast","Footpath through Miltonrigg Wood.",""
"20179133","NEC2","48.1122","QF","","48.1122","1100","","MAP","","355692.0","560656.0","Milton Footpath Level Crossing CA8 1JD","HFJ1","","","","","","","","","","","20179133","2012-05-01","","NRAIL","","","","","Up Main/Fast","Public footpatth Milton, to Shaw Brow.",""
"20789830","NEC2","49.1405","QF","","49.1405","1100","","MAP","","354246.0","559550.0","Brampton Fell. CA8 1BF","HFJ1","","","","","","","","","","","20789830","2023-10-11","","NRAIL","","","","","Up Main/Fast","[ghost.weary.salutes]","NY 54246 59550"
"20789469","NEC2","51.0066","QF","","51.0066","1100","","MAP","","353362.0","557797.0","Gelt Bridge CA8 9JJ","HFJ1","","","","","","","","","","","20789469","2023-07-07","","NRAIL","","","","","Up Main/Fast","[noun.loaning.interviewer]","NY 53362 57797"
"20638376","NEC2","51.0084","QF","","51.0084","2100","","MAP","","353360.0","557781.0","Brampton Fell Bridge 146 CA8 9JJ","HFJ1","","","","","","","","","","","20638376","2024-04-16","","NRAIL","","","","","Down Main/Fast","Single access gate to field on minor road between Bridge 147 & B6413 crossroads. WTW - decks.intensely.skin",""
"20789011","NEC2","51.055","QF","","51.055","2100","","MAP","","353268.0","557366.0","Gelt Viaduct CA8 9JJ","HFJ1","","","","","","","","","","","20789011","2023-07-06","","NRAIL","","","","","Down Main/Fast","Installation of GRP tread infills to steps and landings. [streetcar.zipped.pylons]","NY 53268 57366"
"20638377","NEC2","51.1036","QF","","51.1036","1100","","MAP","","352954.0","557072.0","Brampton Fell Bridge 148 CA8 9JJ","HFJ1","","","","","","","","","","","20638377","2012-05-01","","NRAIL","","","","","Up Main/Fast","Signposted Public Bridleway, Greenwell. Single gate, 859 lock.",""
"20790311","NEC2","51.1056","QF","","51.1056","2100","","MAP","","352935.0","557067.0","Bridge 148 <Cowrans Cut> CA8 9JJ","HFJ1","","","","","","","","","","","20790311","2024-04-16","","NRAIL","","","","","Down Main/Fast","WTW - lock.detonated.touches","NY 52935 57067"
"20790310","NEC2","52.0308","QF","","52.0308","2100","","MAP","","352044.0","556815.0","Bridge 149 CA8 9BU","HFJ1","","","","","","","","","","","20790310","2024-04-16","","NRAIL","","","","","Down Main/Fast","WTW - exclusive.method.staple","NY 52044 56815"
"20179134","NEC2","53.0731","QF","","53.0731","2100","","MAP","","350413.0","555891.0","Fenton, Bridge 152 CA8 9JZ","HFJ1","","","","","","","","","","","20179134","2012-05-01","","NRAIL","","","","","Down Main/Fast","Whin Hall Road, Fenton Village. Single gate, 859 lock.",""
"20789789","NEC2","54.0286","QF","","54.0286","2100","","MAP","","349415.0","555214.0","Heads Nook Bridge 153. CA8 9AW","HFJ1","","","","","","","","","","","20789789","2023-10-02","","NRAIL","","","","","Down Main/Fast","[blogs.grins.formed]","NY 49415 55214"
"20179362","NEC2","55.066","QF","","55.066","2100","","MAP","","347554.0","554966.0","SANDY LANE CA4 8NG","HFJ1","","","","","","","","","","","20179362","2018-11-19","","NRAIL","","","","","Down Main/Fast","Great Corby Village, 1st left at Quarry House.",""
"20790314","NEC2","56.0088","QF","","56.0088","1100","","MAP","","346557.0","554713.0","CG26 Signal, Steeles Bank CA4 8JW","HFJ1","","","","","","","","","","","20790314","2024-04-16","","NRAIL","","","","","Up Main/Fast","WTW - dare.convinced.client","NY 46557 54713"
"20638384","NEC2","56.1078","QF","","56.1078","2100","","MAP","","345729.0","555060.0","Wetheral CA4 8LD","HFJ1","","","","","","","","","","","20638384","2012-05-01","","NRAIL","","","","","Down Main/Fast","Hall Moor Court, Wetheral. Follow sign to Parklands.",""
"20789228","NEC2","57.0594","QF","","57.0594","2100","","MAP","","344569.0","555200.0","Bridge 160, Scotby Road, CA4 8EE","HFJ1","","","","","","","","","","","20789228","2023-05-31","","NRAIL","","","","","Down Main/Fast","[spreading.curated.metals]","NY 44569 55200"
"20784292","NEC2","57.1408","QF","","57.1408","2100","","MAP","","343831.0","555277.0","Scotby Old Station  CA4 8BZ","HFJ1","","","","","","","","","","","20784292","2020-07-07","","NRAIL","","","","","Down Main/Fast","Down Side opposite RRAP.","NY 43831 55277"
"20179184","NEC2","4.0352","QF","","4.0352","2100","","MAV","","418250.0","563564.0","Gas House Lane - Cowens Crossing NE21 4JG","HFJ1","","","","","","","","","ME00755Nw","","20179184","2025-07-25","","NRAIL","","","","","Down Main/Fast","Off Bridge St, Blaydon. Double gate.
",""
"20179868","NEC2","5.0088","QF","","5.0088","0","","MAV","","417063.0","564213.0","Addison AHB LC, Haugh Lane NE21 4SL","HFJ1","","","","","","","","","","","20179868","2012-05-01","","NRAIL","","","","","All/Multiple Tracks","Off B6317, towards Newburn Bridge.",""
"20179351","NEC2","6.0748","QF","","6.0748","2100","","MAV","","415041.0","565056.0","Boat House Crossing NE40 3QF","HFJ1","","","","","","","","","","","20179351","2012-05-01","","NRAIL","","","","","Down Main/Fast","Off Barmoor Lane, Ryton, towards Tyneside Golf Club, take right fork at Ravenswood. No parking on occupation road.",""
"20179869","NEC2","7.088","QF","","7.088","0","","MAV","","413338.0","565102.0","Clara Vale AHB LC NE40 3SU","HFJ1","","","","","","","","","","","20179869","2012-05-01","","NRAIL","","","","","All/Multiple Tracks","Signposted Ryton Golf Club, Off Stannerford Rd, Wylam. No parking on occupation road",""
"20179692","NEC2","8.077","QF","","8.077","0","","MAV","","411965.0","564481.0","Wylam Station & Level Crossing NE41 8HR","HFJ1","","","","","","","","","","","20179692","2012-05-01","","NRAIL","","","","","All/Multiple Tracks","Wylam Village.",""
"20179693","NEC2","10.1056","QF","","10.1056","0","","MAV","","408732.0","563461.0","Prudhoe NE42 6NR","HFJ1","","","","","","","","","","","20179693","2012-05-01","","NRAIL","","","","","All/Multiple Tracks","MIMS-S//DE/ - Access Point. Level Crossing. RT Document: ALARMS.",""
"20179999","NEC2","11.0858","QF","","11.0858","2100","","MAV","","407451.0","562891.0","Mickley R&G Level Crossing NE43 7DF","HFJ1","","","","","","","","","","","20179999","2012-05-01","","NRAIL","","","","","Down Main/Fast","Off A695 signposted Cherryburn, continue to bottom of Station Bank. R & G = Miniature Red/Green Warning lights.",""
"20614092","NEC2","13.022","QF","","13.022","2100","","MAV","","405417.0","561367.0","Stocksfield Station NE43 7HJ","HFJ1","","","","","","","","","","","20614092","2012-05-01","","NRAIL","","","","","Down Main/Fast","Off A695, opposite Stocksfield Convenience Stores.",""
"20180590","NEC2","13.0371","QF","","13.0371","2100","","MAV","","405301.0","561291.0","Stocksfield Station Yard, Bridge 57 NE43 7HJ","HFJ1","","","","","","","","","","","20180590","2018-11-19","","NRAIL","","","","","Down Main/Fast","Off A695, opposite Stocksfield Convenience Stores, turn left before Station Car Park. Single gate.",""
"20776496","NEC2","14.0132","QF","","14.0132","1100","","MAV","","403979.0","561387.0","Stocksfield NE43 7HW","HFJ1","","","","","","","","","ME00755Nw","","20776496","2022-09-26","","NRAIL","","","","","Up Main/Fast","Stocksfield     Showing as Pedestrian Access in Ellipse Confirmed as vehicle access - Amend in Ellipse",""
"20179575","NEC2","16.1056","QF","","16.1056","2100","","MAV","","400548.0","562887.0","Farnley Haugh NE44 6AA","HFJ1","","","","","","","","","","","20179575","2024-09-02","","NRAIL","","","","","Down Main/Fast","IMPORTANT ? STRICTLY no setting up of site cabins or storage of materials, multiple vehicles or associated plant on third party land without consultation and written agreement . ALL enquiries for utilisation must be directed in the first instance to Property Services at PropertyServicesLNEEM@networkrail.co.uk~
Off A695 at Farnley between Riding Mill at Corbridge. Single gate, 859 lock. Access is via Private land and road. No Tracked Vehicles to be taken down access road and no vehicles of 7.5t  and above to be used without permission of land owner. Contact Farnley Estates, John Rogers 07733 389474  or Neil Crow 07801 173128",""
"20179870","NEC2","18.0418","QF","","18.0418","0","","MAV","","398074.0","563700.0","Dilston AHB LC NE45 5QU","HFJ1","","","","","","","","","","","20179870","2012-05-01","","NRAIL","","","","","All/Multiple Tracks","On the B6321, west of Corbridge.",""
"20179185","NEC2","18.0792","QF","","18.0792","2100","","MAV","","397742.0","563776.0","Dilston Haughs NE45 5QY","HFJ1","","","","","","","","","","","20179185","2012-05-01","","NRAIL","","","","","Down Main/Fast","Access gate near Dilston Haughs Cottages on the A695.",""
"20179478","NEC2","18.1254","QF","","18.1254","2100","","MAV","","397331.0","563870.0","Devils Water NE45 5RA","HFJ1","","","","","","","","","","","20179478","2012-05-01","","NRAIL","","","","","Down Main/Fast","Dirt track off A695, west of Dilston Hill.",""
"20767141","NEC2","19.0748","QF","","19.0748","2100","","MAV","","396203.0","564018.0","Widehaugh LC NE46 1UW","HFJ1","","","","","","","","","","","20767141","2012-05-01","","NRAIL","","","","","Down Main/Fast","Dirt track off A695, just east of Hexham.",""
"20180526","NEC2","20.1166","QF","","20.1166","2100","","MAV","","394260.0","564187.0","Hexham Signal Box NE46 1EY","HFJ1","","","","","","","","","ME00755Nw","","20180526","2022-09-26","","NRAIL","","","","","Down Main/Fast","East of Hexham Station. Double gate, 859 lock.     Down Side - Amend in Ellipse",""
"120001630","NEC2","20.1166","QF","","20.1166","1900","","MAV","","394265.706","564184.96","Up Sidings","HFJ1","","","","","","","","","","","120001630","2025-09-18","","","","","","","Up Siding","RRAP/VEHICLE ACCESS POINT WITHIN UP SIDINGS YARD. ENTRY VIA DOUBLE LOCKED GATES THROUGH TYNE MILLS INDUSTRIAL ESTATE.              WHAT3WORDS FOR RRAP ///values.perfect.irony",""
"20179570","NEC2","21.055","QF","","21.055","2100","","MAV","","393384.0","564765.0","Bells Crossing NE46 3HH","HFJ1","","","","","","","","","","","20179570","2012-05-01","","NRAIL","","","","","Down Main/Fast","Off Tyne Green Road, near Burn Lane, Hexham. Single gate.",""
"20179187","NEC2","21.066","QF","","21.066","2100","","MAV","","393301.0","564822.0","Tyne Green NE46 3HG","HFJ1","","","","","","","","","","","20179187","2012-05-01","","NRAIL","","","","","Down Main/Fast","Tyne Green Road, Hexham. Single gate, 859 lock.",""
"20179345","NEC2","21.132","QF","","21.132","2100","","MAV","","392766.0","565110.0","Spital Crossing NE43 3HQ","HFJ1","","","","","","","","","","","20179345","2012-05-01","","NRAIL","","","","","Down Main/Fast","Accessed past West Boat from Bridge End, or Tyne Green Road, Hexham.",""
"20179445","NEC2","23.044","QF","","23.044","2100","","MAV","","390693.0","566238.0","Quality Crossing NE46 4SU","HFJ1","","","","","","","","","","","20179445","2012-05-01","","NRAIL","","","","","Down Main/Fast","Off Bridge End to Warden Road.",""
"20179871","NEC2","23.1166","QF","","23.1166","0","","MAV","","390208.0","566662.0","Warden AHB LC NE46 4SX","HFJ1","","","","","","","","","","","20179871","2012-05-01","","NRAIL","","","","","All/Multiple Tracks","Bridge End to Fourstones Road.",""
"20767142","NEC2","23.1496","QF","","23.1496","1100","","MAV","","390088.0","566940.0","Fourstones Farm NE46 4SX","HFJ1","","","","","","","","","","","20767142","2012-05-01","","NRAIL","","","","","Up Main/Fast","Approx 700 yards west of Warden LC.",""
"20179188","NEC2","23.1738","QF","","23.1738","1100","","MAV","","389989.0","567138.0","Moss Cottage NE46 4SX","HFJ1","","","","","","","","","","","20179188","2012-05-01","","NRAIL","","","","","Up Main/Fast","Approx 1/2 mile west of Warden AHB LC.",""
"20179366","NEC2","24.1364","QF","","24.1364","1100","","MAV","","388899.0","567716.0","Fourstones Station NE47 5DF","HFJ1","","","","","","","","","","","20179366","2012-05-01","","NRAIL","","","","","Up Main/Fast","Level Crossing. No parking on occupation road. Off B6319 at Fourstones, signposted Railway Inn.",""
"20179413","NEC2","25.0176","QF","","25.0176","1100","","MAV","","388395.0","567582.0","Crossgates Crossing NE47 5DR","HFJ1","","","","","","","","","","","20179413","2012-05-01","","NRAIL","","","","","Up Main/Fast","Level Crossing. No parking on occupation road. Off B6319 access road, opposite Buttbank House.",""
"20179384","NEC2","26.0374","QF","","26.0374","1100","","MAV","","386919.0","566644.0","Gooseholme Crossing NE47 5AD","HFJ1","","","","","","","","","","","20179384","2019-01-17","","NRAIL","","","","","Up Main/Fast","No parking on occupation road. Off B6319, signposted Gooseholme.  IMPORTANT: All NR staff and assigned contractors.  Site monitoring in progress regarding discharge of litter during and post works at this location. Ensure that all litter/drinks bottles/food cartons are bagged and fully removed from site at the end of each work detail.",""
"20179189","NEC2","27.077","QF","","27.077","1100","","MAV","","385689.0","565113.0","East Mill Hills Crossing NE47 6JS","HFJ1","","","","","","","","","","","20179189","2012-05-01","","NRAIL","","","","","Up Main/Fast","Off B6319, signposted Altonside. No parking on occupation road.",""
"20638439","NEC2","27.1386","QF","","27.1386","1100","","MAV","","385172.0","564893.0","West Mill Hills Crossing NE47 6JS","HFJ1","","","","","","","","","","","20638439","2012-05-01","","NRAIL","","","","","Up Main/Fast","Off B6319.",""
"20180528","NEC2","28.077","QF","","28.077","0","","MAV","","384212.0","564518.0","Haydon Bridge SBX NE47 6JW","HFJ1","","","","","","","","","ME00755Nw","","20180528","2022-09-26","","NRAIL","","","","","All/Multiple Tracks","MIMS-SO//kb/PH - Access Point. Signal Box/LC. B6319 Road, off A69     Should be 770yds - Amend in Ellipse",""
"20638323","NEC2","29.1056","QF","","29.1056","1100","","MAV","","382419.0","564038.0","Willow Gap Crossing NE47 6DX","HFJ1","","","","","","","","","","","20638323","2012-05-01","","NRAIL","","","","","Up Main/Fast","Just off the A69.",""
"20638449","NEC2","29.1584","QF","","29.1584","1100","","MAV","","381941.0","563994.0","Lipwood Crossing NE47 6DX","HFJ1","","","","","","","","","","","20638449","2012-05-01","","NRAIL","","","","","Up Main/Fast","Just off A69.",""
"20638451","NEC2","32.0484","QF","","32.0484","1100","","MAV","","378138.0","564480.0","Bardon Mill R&G Level Crossing NE47 7JA","HFJ1","","","","","","","","","","","20638451","2014-10-23","","NRAIL","","","","","Up Main/Fast","Just east of Bardon Mill Station. R & G = Miniature Red/Green Warning lights.",""
"20180530","NEC2","32.0792","QF","","32.0792","1100","","MAV","","377867.0","564502.0","Bardon Mill Signal Box NE47 7HY","HFJ1","","","","","","","","","","","20180530","2012-05-01","","NRAIL","","","","","Up Main/Fast","West end of Bardon Mill Station. Single gate, 222 lock.",""
"20638453","NEC2","33.088","QF","","33.088","1100","","MAV","","376273.0","564048.0","Haugh Gardens Level Crossing NE47 7ER","HFJ1","","","","","","","","","","","20638453","2014-10-23","","NRAIL","","","","","Up Main/Fast","Henshaw.  Access Point. Level Crossing. RT Document: ALARMS. No parking on occupation road",""
"20179374","NEC2","35.077","QF","","35.077","1100","","MAV","","373228.0","563612.0","Greengates Level Crossing NE49 0HX","HFJ1","","","","","","","","","","","20179374","2012-05-01","","NRAIL","","","","","Up Main/Fast","Between Whitchester and Melkridge. Single gate.",""
"20638458","NEC2","36.0198","QF","","36.0198","1100","","MAV","","372176.0","563863.0","300 Yds West of Whitchester Tunnel NE49 0NE","HFJ1","","","","","","","","","","","20638458","2012-05-01","","NRAIL","","","","","Up Main/Fast","Minor road between Haltwhistle and Melkridge. Double gate, 859 lock.",""
"20180532","NEC2","37.0374","QF","","37.0374","1100","","MAV","","370421.0","563799.0","Haltwhistle Station NE49 0AF","HFJ1","","","","","","","","","","","20180532","2012-05-01","","NRAIL","","","","","Up Main/Fast","At Haltwhistle, signposted station.",""
"20179125","NEC2","39.0968","QF","","39.0968","2100","","MAV","","366880.0","564382.0","Rose Cottage CA8 7JR","HFJ1","","","","","","","","","","","20179125","2012-05-01","","NRAIL","","","","","Down Main/Fast","A69 between Haltwhistle and Blenkinsop. Single gate.",""
"20638353","NEC2","41.011","QF","","41.011","1100","","MAV","","365568.0","566309.0","Long Byre AHB LC CA8 7HS","HFJ1","","","","","","","","","","","20638353","2012-05-01","","NRAIL","","","","","Up Main/Fast","Gilsland to Greenhead Rd, signposted Long Byre.",""
"20179552","NEC2","41.1242","QF","","41.1242","2100","","MAV","","364689.0","566766.0","Baron House UWC CA8 7EL","HFJ1","","","","","","","","","","","20179552","2018-11-19","","NRAIL","","","","","Down Main/Fast","Gilsland to Greenhead Road, signposted Barron House. Single gate.",""
"20638462","NEC2","42.0792","QF","","42.0792","2100","","MAV","","363609.0","566354.0","Gilsland Station CA8 7DN","HFJ1","","","","","","","","","","","20638462","2012-05-01","","NRAIL","","","","","Down Main/Fast","Opposite the Station Hotel, Gilsland. Single gate.",""
"20179872","NEC2","43.0506","QF","","43.0506","0","","MAV","","362404.0","565748.0","Denton School AHB LC CA8 7AE","HFJ1","","","","","","","","","","","20179872","2012-05-01","","NRAIL","","","","","All/Multiple Tracks","Gilsland Road.",""
"20179621","NEC2","43.143","QF","","43.143","2100","","MAV","","361639.0","565389.0","Denton Village LC CA8 7AG","HFJ1","","","","","","","","","","","20179621","2012-05-01","","NRAIL","","","","","Down Main/Fast","Low Row to Gilsland Road. 2 single gates.",""
"20179873","NEC2","44.0022","QF","","44.0022","1100","","MAV","","361346.0","565253.0","Upper Denton AHB LC CA8 7AG","HFJ1","","","","","","","","","","","20179873","2012-05-01","","NRAIL","","","","","Up Main/Fast","Low Row to Gilsland Road.",""
"20638464","NEC2","44.0396","QF","","44.0396","1100","","MAV","","361071.0","565055.0","Denton Main UWC CA8 2NA","HFJ1","","","","","","","","","","","20638464","2014-04-28","","NRAIL","","","","","Up Main/Fast","Low Row to Gilsland Road. Single gate. STRICTLY NO UNAUTHORISED ACCESS TO 3RD PARTY LAND WITHOUT CONSULTATION AND AGREEMENT OF LAND OWNER includes all work and survey work Mr A Donald Denton Mains Farm Tel: 01697 747336",""
"20638466","NEC2","44.0748","QF","","44.0748","1100","","MAV","","360823.0","564858.0","Upper Denton West CA8 2LZ","HFJ1","","","","","","","","","","","20638466","2014-04-28","","NRAIL","","","","","Up Main/Fast","Low Row to Gilsland Road. Single gate. STRICTLY NO UNAUTHORISED ACCESS TO 3RD PARTY LAND WITHOUT CONSULTATION AND AGREEMENT OF LAND OWNER includes all work and survey work Mr A Donald Denton Mains Farm Tel: 01697 747336",""
"20638467","NEC2","44.1452","QF","","44.1452","1100","","MAV","","360282.0","564514.0","Hightown Farm CA8 2LY","HFJ1","","","","","","","","","","","20638467","2023-11-07","","NRAIL","","","","","Up Main/Fast","[ riverbank.searcher.confining]","NY 60282 64514"
"20789929","NEC2","44.1452","QF","","44.1452","2100","","MAV","","360282.0","564514.0","Hightown Farm CA8 2LZ","HFJ1","","","","","","","","","","","20789929","2023-11-07","","NRAIL","","","","","Down Main/Fast","[thick.aboard.jukebox]","NY 60282 64514"
"20179622","NEC2","45.0825","QF","","45.0825","1100","","MAV","","359343.0","564062.0","Lane Head CA8 2NB UP","HFJ1","","","","","","","","","ME00755Nw","","20179622","2023-11-07","","NRAIL","","","","","Up Main/Fast","Low Row to Gilsland Road. Single gate.     Showing as Vehicle Access - Confirmed as vehicle access. [natural.masts.carefully]","NY 59351 64068"
"20789930","NEC2","45.0825","QF","","45.0825","2100","","MAV","","359343.0","564062.0","Lane Head CA8 2NB DOWN","HFJ1","","","","","","","","","ME00755Nw","","20789930","2023-11-07","","NRAIL","","","","","Down Main/Fast","Low Row to Gilsland Road. Single gate.     Showing as Vehicle Access - Confirmed as vehicle access. [natural.masts.carefully]","NY 59351 64068"
"20180534","NEC2","46.055","QF","","46.055","2100","","MAV","","358474.0","563048.0","Low Row Level Crossing CA8 2LG","HFJ1","","","","","","","","","","","20180534","2021-04-23","","NRAIL","","","","","Down Main/Fast","Off A69, signposted Low Row.Loading/offloading of plant and materials on the C1023 road is prohibited [to avoid damage to the grass verges] Strictly NO parking alongside the residential wall/grass verge on the DN side of level crossing.  This is due to reported damage/failure of the third party/highways asset following alleged damage by plant/vehicles parking adjacent to the wall.  Parking should be made further up at the end of the stone wall or within the designated parking area adjacent to the SBX entrance on the UP side",""
"20179864","NEC2","47.1477","QF","","47.1477","1100","","MAV","","356475.0","561631.0","Naworth AHB LC UP CA8 2QT","HFJ1","","","","","","","","","","","20179864","2023-11-07","","NRAIL","","","","","Up Main/Fast","A689 to A69, signposted Hallbankgate. [country.front.bulldozer]","NY 56487 61643"
"20789949","NEC2","47.1477","QF","","47.1477","2100","","MAV","","356475.0","561631.0","Naworth AHB LC DN CA8 2QT","HFJ1","","","","","","","","","","","20789949","2023-11-07","","NRAIL","","","","","Down Main/Fast","A689 to A69, signposted Hallbankgate. [country.front.bulldozer]","NY 56487 61643"
"20179694","NEC2","48.132","QF","","48.132","2100","","MAV","","355546.0","560552.0","Milton Level Crossing CA8 1HX","HFJ1","","","","","","","","","","","20179694","2012-05-01","","NRAIL","","","","","Down Main/Fast","A689.",""
"20180535","NEC2","49.0462","QF","","49.0462","1100","","MAV","","355005.0","559948.0","Brampton Station CA8 1JA","HFJ1","","","","","","","","","","","20180535","2012-05-01","","NRAIL","","","","","Up Main/Fast","Off A689, signposted Brampton Station. Single gate.",""
"20180536","NEC2","50.022","QF","","50.022","1100","","MAV","","353950.0","559115.0","Brampton Fell Level Crossing UP CA8 9LH","HFJ1","","","","","","","","","","","20180536","2023-11-07","","NRAIL","","","","","Up Main/Fast","B6413 Brampton to Castle Carrock Road. [fidgeted.gadget.between]","NY 52033 56812"
"20789950","NEC2","50.022","QF","","50.022","2100","","MAV","","353950.0","559115.0","Brampton Fell Level Crossing DN CA8 9LH","HFJ1","","","","","","","","","","","20789950","2023-11-07","","NRAIL","","","","","Down Main/Fast","B6413 Brampton to Castle Carrock Road. [fidgeted.gadget.between]","NY 52033 56812"
"20179352","NEC2","52.0748","QF","","52.0748","2100","","MAV","","351674.0","556658.0","Hardbank Cottages CA8 9LJ","HFJ1","","","","","","","","","","","20179352","2018-11-19","","NRAIL","","","","","Down Main/Fast","At Bridge 148 follow sign to Hardbank Gate, access at last cottage. Single gate.",""
"20179874","NEC2","52.1452","QF","","52.1452","1100","","MAV","","351047.0","556594.0","How Mill AHB LC CA8 9JU","HFJ1","","","","","","","","","","","20179874","2012-05-01","","NRAIL","","","","","Up Main/Fast","How Mill Village. Single gate.",""
"20638475","NEC2","54.0374","QF","","54.0374","1100","","MAV","","349349.0","555171.0","Old Heads Nook Station CA8 9AN","HFJ1","","","","","","","","","","","20638475","2012-05-01","","NRAIL","","","","","Up Main/Fast","Off A69 at Corby Mill signposted Heads Nook. Single gate,859 lock.",""
"20179875","NEC2","54.1364","QF","","54.1364","1100","","MAV","","348519.0","554889.0","Broadwath Level Crossing CA8 9BB","HFJ1","","","","","","","","","","","20179875","2012-05-01","","NRAIL","","","","","Up Main/Fast","Off A69 at Warwick Bridge, signposted Burnrigg & Cumwhinton.",""
"20179695","NEC2","55.1188","QF","","55.1188","2100","","MAV","","347128.0","554751.0","Corby Gates Level Crossing CA4 8LJ","HFJ1","","","","","","","","","","","20179695","2012-05-01","","NRAIL","","","","","Down Main/Fast","Off A69 to Great Corby.",""
"20179138","NEC2","56.1672","QF","","56.1672","2100","","MAV","","345189.0","555126.0","Scotby Level Crossing CA4 8EE","HFJ1","","","","","","","","","","","20179138","2012-05-01","","NRAIL","","","","","Down Main/Fast","Dirt track off Wetheral to Scotby Road.",""
"20638476","NEC2","57.1364","QF","","57.1364","1100","","MAV","","343871.0","555284.0","Scotby Old Station House CA4 8BB","HFJ1","","","","","","","","","","","20638476","2020-07-07","","NRAIL","","","","","Up Main/Fast","Park Road, Scotby. Single gate, 859 lock.",""
"20789992","NLF","0.0","QF","","0.0","3300","","MAR","","425102.0","559945.0","LOW FELL  RRAP NE11 0UE","HFJ1","","","","","","","","","","","20789992","2024-06-19","","NRAIL","","","","","Rev Goods","Off Station Approach","NZ 25102 59945"
"20774288","NLF","0.11","QF","","0.11","3900","","MAV","","424810.0","560926.3","Royal Mail Terminal NE11 0YY","HFJ1","","","","","","","","","","","20774288","2024-06-19","","NRAIL","","","","","Rev Siding","Access point with large expensive lockable gates with access for vehicles",""
"20783988","NLF","0.1408","QF","","0.1408","3900","","MAV","","424639.0","561083.0","Royal Mail Terminal NE11 0NN","HFJ1","","","","","","","","","","","20783988","2024-06-19","","NRAIL","","","","","Rev Siding","Access point off Earlway onto First Ave through double gate.","NZ 24639 61083"
"20179386","NOB3","12.1518","QF","","12.1518","0","","MAP","","504542.0","409092.0","BARNETBY SIDING","HFJ4","","","","","","","","","","","20179386","2013-02-08","","NV","","","","","All/Multiple Tracks","MIMS-SX//sc/MM - Access Point. Level Crossing. RT Document: ALARMS. Access on foot only. No vehicular access or parking.",""
"50143433","NOB3","14.022","QF","","14.022","1100","","MAP","","503950.0","407250.0","KETTLEBY BR 2","HFJ4","","","","","","","","","UP","","50143433","2023-05-31","","NRAIL","","","","","Up Main/Fast","ZIAR Ref No_270507_ Interim Reference No_HZ_8629 _Notes: On A1084 Brigg to Grimsby road, between Kettleby & Somerby. Sourced from APM Nottingham Emergency Manual. Issue 01 01/03/97. NO LIGHTS. RB 08/08/11",""
"20772710","NOB3","14.1672","QF","","14.1672","9999","","MAP","","504229.0","405906.0","NO 6 FP","HFJ4","","","","","","","","","","","20772710","2013-02-08","","NRAIL","","","","","Unknown","13/12/07 CREATING ASSETS - AS",""
"50143435","NOB3","15.0924","QF","","15.0924","9999","","MAP","","504719.0","405127.0","SOMERBY LC","HFJ4","","","","","","","","","","","50143435","2022-10-04","","NRAIL","","","","","Unknown","ZIAR Ref No_270505_ Interim Reference No_HZ_8625 _Notes: From Howsham go North on B1434 approx. 1/4 mile, walk along Bridleway to lineside. Sourced from APM Nottingham Emergency Manual. Issue 01 01/03/97. ",""
"20772711","NOB3","16.0374","QF","","16.0374","0","","MAP","","505350.0","404250.0","HOWSHAM STATION","HFJ4","","","","","","","","","UP/DOWN","","20772711","2013-02-08","","NRAIL","","","","","All/Multiple Tracks","13/12/07 CREATING ASSETS - AS. NO LIGHTS. RB 08/08/11",""
"20772566","NOB3","16.1298","QF","","16.1298","9999","","MAP","","505809.0","403506.0","KELSEY BECK FP","HFJ4","","","","","","","","","","","20772566","2023-05-31","","","","","","","Unknown","",""
"20772712","NOB3","17.1144","QF","","17.1144","0","","MAP","","506650.0","402350.0","FOLLEY LANE UWC","HFJ4","","","","","","","","","UP/DOWN","","20772712","2013-02-08","","NRAIL","","","","","All/Multiple Tracks","13/12/07 CREATING ASSETS - A. NO LIGHTS. RB 08/08/11",""
"20772713","NOB3","18.0044","QF","","18.0044","0","","MAP","","507050.0","401850.0","NORTH KELSEY LC","HFJ4","","","","","","","","","UP/DOWN","","20772713","2013-02-08","","NRAIL","","","","","All/Multiple Tracks","13/12/07 CREATING ASSETS - AS. FIXED STREET LIGHTS. RB 08/08/11",""
"20772714","NOB3","18.055","QF","","18.055","0","","MAP","","507250.0","401450.0","SMITHFIELD ROAD LC","HFJ4","","","","","","","","","UP/DOWN","","20772714","2013-02-08","","NRAIL","","","","","All/Multiple Tracks","13/12/07 CREATING ASSETS - AS. NO LIGHTS. RB 08/08/11",""
"20772715","NOB3","19.0858","QF","","19.0858","0","","MAP","","507950.0","399650.0","MOORTOWN LC","HFJ4","","","","","","","","","UP/DOWN","","20772715","2017-10-16","","NRAIL","","","","","All/Multiple Tracks","13/12/07 CREATING ASSETS - AS. NO LIGHTS. RB 08/08/11",""
"20772567","NOB3","19.1694","QF","","19.1694","9999","","MAP","","508357.0","399010.0","NO 16 FP","HFJ4","","","","","","","","","","","20772567","2022-10-04","","NRAIL","","","","","Unknown","",""
"20772716","NOB3","20.0946","QF","","20.0946","0","","MAP","","508950.0","398350.0","HOLTON GATEHOUSE","HFJ4","","","","","","","","","UP/DOWN","","20772716","2013-02-08","","NRAIL","","","","","All/Multiple Tracks","13/12/07 CREATED ASSET - AS. NO LIGHTS. RB 08/08/11",""
"50143439","NOB3","21.0242","QF","","21.0242","0","","MAP","","509350.0","397450.0","HOLTON LE MOOR LC","HFJ4","","","","","","","","","UP/DOWN","","50143439","2022-10-04","","NRAIL","","","","","All/Multiple Tracks","ZIAR Ref No_270501_ Interim Reference No_HZ_8612 _Notes: On A46 Grimsby to Lincoln road. Sourced from APM Nottingham Emergency Manual. Issue 01 01/03/97. FIXED STREET LIGHTS. RB 08/08/11",""
"50143440","NOB3","21.0726","QF","","21.0726","9999","","MAP","","509376.0","396949.0","NO 21 FP","HFJ4","","","","","","","","","","","50143440","2023-05-31","","NRAIL","","","","","Unknown","ZIAR Ref No_270500_ Interim Reference No_HZ_8611 _Notes: A46 Grimsby to Lincoln road, pass over Holton-Le-Moor LC, then after 1/2 mile turn left onto Farm Lane or On A46 Grimsby to Lincoln road & walk. Sourced from APM Nottingham Emergency Manual. Issue 01 01/03/97. ",""
"20772717","NOB3","22.0154","QF","","22.0154","0","","MAP","","509750.0","395950.0","CLAXBY GATEHOUSE","HFJ4","","","","","","","","","UP/DOWN","","20772717","2013-02-08","","NRAIL","","","","","All/Multiple Tracks","13/12/07 CREATED ASSET - AS. NO LIGHTS. RB 08/08/11",""
"50143442","NOB3","22.1738","QF","","22.1738","9999","","MAP","","510046.0","394492.0","CLAXBY PLATTS FP","HFJ4","","","","","","","","","","","50143442","2022-10-04","","NRAIL","","","","","Unknown","ZIAR Ref No_270498_ Interim Reference No_HZ_8608 _Notes: A46 Grimsby to Lincoln road, pass over Holton Le Moor LC, 3/4 mile turn left at minor crossroads & walk. Sourced from APM Nottingham Emergency Manual. Issue 01 01/03/97. ",""
"20772568","NOB3","23.0374","QF","","23.0374","9999","","MAP","","510140.0","394149.0","CLAXBY HOUSE FP","HFJ4","","","","","","","","","","","20772568","2023-05-31","","","","","","","Unknown","",""
"20772718","NOB3","23.0704","QF","","23.0704","0","","MAP","","510250.0","393950.0","MALIBYS UWC","HFJ4","","","","","","","","","UP/DOWN","","20772718","2011-09-15","","NRAIL","","","","","All/Multiple Tracks","13/12/07 CREATED ASSET - AS. NO LIGHTS. RB 08/08/11",""
"20772719","NOB3","23.1518","QF","","23.1518","0","","MAP","","510450.0","393150.0","CLAXBY & USSELBYS LC","HFJ4","","","","","","","","","UP/DOWN","","20772719","2011-09-15","","NRAIL","","","","","All/Multiple Tracks","13/12/07 CREATED ASSET - AS. NO LIGHTS RB 08/08/11",""
"20772720","NOB3","24.1012","QF","","24.1012","0","","MAP","","510750.0","392050.0","WALESBY LC","HFJ4","","","","","","","","","UP/DOWN","","20772720","2011-09-15","","NRAIL","","","","","All/Multiple Tracks","13/12/07 CREATED ASSET - AS. NO LIGHTS. RB 08/08/11",""
"50143445","NOB3","25.011","QF","","25.011","2100","","MAP","","510950.0","391250.0","NOVA SCOTIA BR 17","HFJ4","","","","","","","","","DOWN","","50143445","2023-05-31","","NRAIL","","","","","Down Main/Fast","ZIAR Ref No_270495_ Interim Reference No_HZ_8602 _Notes: From Market Rasen to Tealby Road B1203, 1 mile turn left onto minor road, 1/2 mile at crossroads, turn left. Sourced from APM Nottingham Emergency Manual. Issue 01 01/03/97. NO LIGHTS. RB 08/08/11",""
"20179108","NOB3","13.0","QF","","13.0","0","","MAV","","504420.0","408910.0","KETTLEBY PARK FARM NO.2","HFJ4","","","","","","","","","","","20179108","2013-02-08","","NV","","","","","All/Multiple Tracks","MIMS-SX//sc/MM - Access Point. Level Crossing. RT Document: ALARMS. No parking on occupation road",""
"20775061","NOC","10.0075","QF","","10.0075","2100","","MAP","","451249.0","438123.0","Church Fenton North Junction LS24 9US","HFJ6","","","","","","","","","Pedestrian","","20775061","2016-08-31","","NRAIL","","","","","Down Main/Fast","Pedestrian access onto the DOWN LEEDS from the end of the vehicular access road.","SE 51249 38123"
"20633759","NOC","10.1344","QF","","10.1344","1100","","MAP","","450960.0","436996.0","Church Fenton South LS24 9GZ","HFJ6","","","","","","","","","Pedestrian","","20633759","2015-02-04","","NRAIL","","","","","Up Main/Fast","MIMS-S//DE/ - ","SE 50960 36996"
"20775065","NOC","11.1346","QF","","11.1346","0","","MAP","","450692.0","435416.0","Little Fenton LC LS25 6HB","HFJ7","","","","","","","","","Pedestrian","","20775065","2015-02-04","","NRAIL","","","","","All/Multiple Tracks","","SE 50692 35416"
"20629278","NOC","12.1456","QF","","12.1456","2100","","MAP","","450624.0","433710.0","Sherburn Station LS25 6EW","HFJ7","","","","","","","","","","","20629278","2015-02-04","","NRAIL","","","","","Down Main/Fast","MIMS-SX//sc/DE -",""
"20775066","NOC","12.1462","QF","","12.1462","2100","","MAP","","450620.0","433705.0","Sherburn Station LS25 6DY","HFJ7","","","","","","","","","Pedestrian","","20775066","2015-02-04","","NRAIL","","","","","Down Main/Fast","","SE 50620 33705"
"20775067","NOC","12.1462","QF","","12.1462","1100","","MAP","","450626.0","433694.0","Sherburn In Elmet LS25 6EW","HFJ7","","","","","","","","","Pedestrian","","20775067","2015-02-05","","NRAIL","","","","","Up Main/Fast","","SE 50626 33694"
"20629261","NOC","12.1473","QF","","12.1473","1100","","MAP","","450623.0","433694.0","Sherburn LS25 6DY","HFJ7","","","","","","","","","","","20629261","2015-02-04","","NRAIL","","","","","Up Main/Fast","MIMS-SX//sc/DE -",""
"20629265","NOC","12.1502","QF","","12.1502","1100","","MAP","","450629.0","433668.0","Sherburn Station LC LS25 6EW","HFJ7","","","","","","","","","PEDESTRIAN","","20629265","2015-02-04","","NRAIL","","","","","Up Main/Fast","MIMS-SX//sc/DE -","SE 50629 33668"
"20179050","NOC","13.0075","QF","","13.0075","0","","MAP","","450610.0","433364.0","Footpath LS25 6EP","HFJ7","","","","","","","","","","","20179050","2015-02-04","","NRAIL","","","","","All/Multiple Tracks","MIMS-SX//SC/DE - Access Point. Level Crossing. RT Document: ALARMS. Access on foot only. No vehicular access or parking.",""
"20629289","NOC","13.0444","QF","","13.0444","1100","","MAP","","450597.0","433025.0","Sherburn LS25 6ES","HFJ7","","","","","","","","","PEDESTRIAN","","20629289","2015-02-04","","NRAIL","","","","","Up Main/Fast","MIMS-SX//SC/DE - Park on the public road","SE 50597 33025"
"20179051","NOC","13.1759","QF","","13.1759","0","","MAP","","450533.0","431832.0","Bramleys LS25 5BN","HFJ7","","","","","","","","","","","20179051","2015-02-04","","NRAIL","","","","","All/Multiple Tracks","MIMS-S//SC/ - Access Point. Level Crossing. RT Document: ALARMS. Access on foot only. No vehicular access or parking.",""
"20775070","NOC","14.0404","QF","","14.0404","1100","","MAP","","450469.0","431466.0","Common Lane","HFJ7","","","","","","","","","ME00755Nw","","20775070","2022-09-20","","NRAIL","","","","","Up Main/Fast","Mileage difference <showing 14m 374yds in Ellipse - Confirmed as 404yds> - Local Name Common Lane - Amend in Ellipse","SE 50469 31466"
"20629367","NOC","14.1651","QF","","14.1651","2100","","MAP","","450261.0","430342.0","Milford Junction Sidings LS25 5PP","HFJ7","","","","","","","","","","","20629367","2022-07-01","","NRAIL","","","","","Down Main/Fast","MIMS-S//SC/ - ","SE 50261 30342"
"20775075","NOC","17.1252","QF","","17.1252","1100","","MAP","","447488.0","427252.0","Fairburn Tunnel WF11 9GH","HFJ7","","","","","","","","","ME00755Nw","","20775075","2022-09-20","","NRAIL","","","","","Up Main/Fast","Mileage difference <showing as 17m 1188yds in Ellipse> - Confirmed as 1252yds - Amend in Ellipse","SE 47488 27252"
"20775078","NOC","19.0968","QF","","19.0968","2100","","MAP","","444663.0","426513.0","Sewage Beds WF10 2PP","HFJ7","","","","","","","","","ME00755Nw","","20775078","2022-09-20","","NRAIL","","","","","Down Main/Fast","Should be Pedestrian Access - Amend in Ellipse","SE 44663 26513"
"20785008","NOC","22.0045","QF","","22.0045","2100","","MAP","","440943.0","425261.0","Castleford Greenway OB 57A","HFJ7","","","","","","","","","","","20785008","2021-05-18","","NRAIL","","","","","Down Main/Fast","Access through the pedestrian palisade access gate directly to the access steps leading to Whitwood Junction and 2202   points / Up cess  What3Words Ref:  upper.graced.rural","SE 40943 25231"
"20785009","NOC","22.0045","QF","","22.0045","1100","","MAP","","440968.0","425220.0","Castleford Greenway OB 57A","HFJ7","","","","","","","","","","","20785009","2021-05-18","","NRAIL","","","","","Up Main/Fast","Access through the pedestrian palisade access gate directly to the access steps leading to Whitwood Junction and 2201   points / Up cess  What3Words Ref:  however.encourage.minder","SE 40968 25220"
"20771793","NOC","22.1212","QF","","22.1212","1100","","MAP","","440086.0","424632.0","Whitwood Lane WF10 5QF","HFJ7","","","","","","","","","PEDESTRIAN","","20771793","2022-04-25","","NRAIL","","","","","Up Main/Fast","Access through the pedestrian gate on Whitwood Lane leading directly to the access steps at U/B59. The access steps lead to the Up Normanton and are lit via an LED solar powered street light. What3Words Ref: remaking.corkscrew.powder","SE 40086 24632"
"20787008","NOC","22.1216","QF","","22.1216","2100","","MAP","","440077.0","424650.0","Whitwood Lane U/B 59","HFJ7","","","","","","","","","","","20787008","2022-03-10","","NRAIL","","","","","Down Main/Fast","Access through the pedestrian gate leading directly to the access steps. The access steps lead to the Down Normanton and are lit via a LED solar powered street light. What3Words Ref: traffic.irritable.trams","SE 40077 24650"
"20787129","NOC","10.0105","QF","","10.0118","2150","","MAR","","451236.0","438051.0","Church Fenton","HFJ6","","","","","","","","","","","20787129","2022-04-08","","NRAIL","","","","","","New RRV access point covering both Up and Dn Leeds, Rosehill 10.8m RRAP. Access through existing NWR access off Sandwath Lane, behind Church Fenton Station. This is for Project TRU E1 and will be temporary until project finish - Wakefield offtrack have agreed to take it on as Permanent after. Already installed with signage.                                                                                                         Please enter into Ellipse as D1 for now, Updated paperwork and ellipse changes will be sent at the time of project handover.              the actual Post Code is undefined, Therefore the nearest Post Code at the Church Fenton end of the access track has been quoted.      What3words : email.skis.amphibian","SE 51236 38051"
"20775062","NOC","10.09","QF","","10.09","2100","","MAV","","451047.0","437395.0","Church Fenton Cabin LS24 9QU","HFJ6","","","","","","","","","Vehicle","","20775062","2015-02-04","","NRAIL","","","","","Down Main/Fast","","SE 51047 37395"
"20180541","NOC","10.0924","QF","","10.0924","0","","MAV","","451048.0","437370.0","Church Fenton South LS24 9QU","HFJ6","","","","","","","","","","","20180541","2022-10-04","","NRAIL","","","","","All/Multiple Tracks","Access Point. Signal Box. Leave Leeds via A64 York Road, turn left into Tadcaster. A659. continue along road until junction with. A162. Towton Road continue until Barkston Ash Village. Turn left at end of village. Driving inton Church Fenton turn left before Rail Bridge and first right through gate and continue along old track bed to arriva at Church Fenton North Junction and Signalbox for Station drive over Rail Bridge and turn left into Station Car Park and Church Fenton South Junction.",""
"20180542","NOC","10.1371","QF","","10.1371","1100","","MAV","","450942.0","436975.0","Church Fenton South LS24 9GZ","HFJ6","","","","","","","","","VEHICLE","","20180542","2015-02-04","","NRAIL","","","","","Up Main/Fast","MIMS-S//DE/ - Access Point. Station.","SE 50942 36975"
"20633761","NOC","10.1543","QF","","10.1543","1100","","MAV","","450892.0","436826.0","CHURCH FENTON SOUTH LS24 9GZ","HFJ6","","","","","","","","","","","20633761","2015-02-04","","NRAIL","","","","","Up Main/Fast","MIMS-SX//DE/DE -",""
"20775063","NOC","10.1688","QF","","10.1688","1100","","MAV","","450863.0","436696.0","Church Fenton South LS24 9GZ","HFJ6","","","","","","","","","Vehicle","","20775063","2015-02-04","","NRAIL","","","","","Up Main/Fast","","SE 50863 36696"
"20633765","NOC","10.1745","QF","","10.1745","1100","","MAV","","450841.0","436649.0","CHURCH FENTON SOUTH LS24 9GZ","HFJ6","","","","","","","","","","","20633765","2015-02-04","","NRAIL","","","","","Up Main/Fast","MIMS-SX//DE/DE -",""
"20775064","NOC","11.043","QF","","11.043","1100","","MAV","","450759.0","436250.0","Boddy""s Farm LS24 9WE","HFJ7","","","","","","","","","Vehicle","","20775064","2015-02-04","","NRAIL","","","","","Up Main/Fast","","SE 50759 36250"
"20179769","NOC","12.1474","QF","","12.1474","2100","","MAV","","450623.0","433693.0","Sherburn Access Road LS25 6EW","HFJ7","","","","","","","","","VEHICLE","","20179769","2015-02-04","","NRAIL","","","","","Down Main/Fast","MIMS-SX//SC/DE - Access Point. Level Crossing. RT Document: ALARMS.","SE 50623 33693"
"20180543","NOC","12.1505","QF","","12.1505","1100","","MAV","","450622.0","433665.0","Sherburn In Elmet LS25 6EW","HFJ7","","","","","","","","","VEHICLE","","20180543","2015-02-04","","NRAIL","","","","","Up Main/Fast","MIMS-SX//SC/DE - Access Point. Station.","SE 50622 33665"
"20775069","NOC","13.114","QF","","13.114","0","","MAV","","450573.0","432389.0","Bramley""s Farm LS25 5BN","HFJ7","","","","","","","","","Vehicle","","20775069","2015-02-04","","NRAIL","","","","","All/Multiple Tracks","","SE 50573 32389"
"20775071","NOC","14.1308","QF","","14.1308","2500","","MAV","","450305.0","430655.0","Milford SB LS25 5DR","HFJ7","","","","","","","","","Vehicle","","20775071","2022-07-01","","NRAIL","","","","","Down Loop","","SE 50305 30655"
"20775073","NOC","15.058","QF","","15.058","2100","","MAV","","450137.0","429720.0","Monk Fryston LS25 5DX","HFJ7","","","","","","","","","Vehicle","","20775073","2022-07-01","","NRAIL","","","","","Down Main/Fast","","SE 50137 29720"
"20775074","NOC","15.1245","QF","","15.1245","1100","","MAV","","449966.0","429141.0","Hillam Gates LC LS25 5HB","HFJ7","","","","","","","","","Vehicle","","20775074","2015-02-04","","NRAIL","","","","","Up Main/Fast","","SE 49966 29141"
"20773305","NOC","16.132","QF","","16.132","2100","","MAV","","448900.0","427869.0","Burton Salmon LS25 5JQ","HFJ7","","","","","","","","","ME00755Nw","","20773305","2022-09-20","","NRAIL","","","","","Down Main/Fast"," Should be Down Normanton - Amend in Ellipse","SE 48900 27869"
"20775076","NOC","19.0022","QF","","19.0022","2100","","MAV","","445377.0","426865.0","New Fryston WF10 2QQ","HFJ7","","","","","","","","","Vehicle","","20775076","2015-02-04","","NRAIL","","","","","Down Main/Fast","","SE 45377 26865"
"20775077","NOC","19.0088","QF","","19.0088","2100","","MAV","","445384.0","426867.0","Fryston Yard WF10 2QQ","HFJ7","","","","","","","","","Vehicle","","20775077","2015-02-05","","NRAIL","","","","","Down Main/Fast","","SE 45384 26867"
"20773307","NOC","19.11","QF","","19.11","2100","","MAV","","444559.0","426451.0","Sewerage Works WF10 2PP","HFJ7","","","","","","","","","ME00755Nw","","20773307","2022-09-20","","NRAIL","","","","","Down Main/Fast"," Should be Vehicle Access - Amend in Ellipse","SE 44559 26451"
"20775079","NOC","19.1633","QF","","19.1633","2100","","MAV","","444121.0","426230.0","Wheeldon Road New Plant WF10 2SD","HFJ7","","","","","","","","","Vehicle","","20775079","2017-05-10","","NRAIL","","","","","Down Main/Fast","",""
"20625565","NOC","20.1671","QF","","20.1671","2100","","MAV","","442654.0","425491.0","Castleford Station WF10 1DP","HFJ7","","","","","","","","","ME00755Nw","","20625565","2022-09-20","","NRAIL","","","","","Down Main/Fast","MIMS-SX//SC/AB -      Should be Vehicle Access - Amend in Ellipse",""
"20180544","NOC","20.1738","QF","","20.1738","1100","","MAV","","442597.0","425470.0","Castleford Station WF10 1DP","HFJ7","","","","","","","","","ME00755Nw","","20180544","2022-09-20","","NRAIL","","","","","Up Main/Fast","Access Point. Signal Box. M62 ro Junction 31, A655 towards Castleford, across roundabout, continue straight on then turn right across roundabout, continue straight on then turn right before Level Crossing. After Zebra Crossing turn immediate left to back of Signalbox      Should be Up side - Amend in Ellipse","SE 42597 25470"
"20179764","NOC","21.0462","QF","","21.0462","1100","","MAV","","442131.0","425382.0","Castleford Gates WF10 5JU","HFJ7","","","","","","","","","ME00755Nw","","20179764","2022-09-20","","NRAIL","","","","","Up Main/Fast","MIMS-X///AB - Access Point. Level Crossing. RT Document: ALARMS.     Mileage should be 21m 21c Up - Amend in Ellipse",""
"20775081","NOC","21.0464","QF","","21.0464","2100","","MAV","","442167.0","425382.0","Castleford Gates LC WF10 5JU","HFJ7","","","","","","","","","Vehicle","","20775081","2022-03-30","","NRAIL","","","","","Down Main/Fast","","SE 42167 25382"
"20634242","NOC","21.1597","QF","","21.1597","2100","","MAV","","441142.0","425261.0","Whitwood Jn WF10 1QQ","HFJ7","","","","","","","","","","","20634242","2015-02-05","","NRAIL","","","","","Down Main/Fast","MIMS-SX//DE/AB -",""
"20775083","NOC","23.1152","QF","","23.1152","1100","","MAV","","438736.0","423891.0","Altofts Junction WF6 2XA","HFJ7","","","","","","","","","Vehicle","","20775083","2015-02-05","","NRAIL","","","","","Up Main/Fast","","SE 38736 23891"
"20179949","NOP1","0.0682","QF","","0.0682","9999","","MAV","","490111.0","411558.0","DAWES LANE LC","HFJ4","","","","","","","","","","","20179949","2013-02-08","","NV","","","","","Unknown","Access Point. Level Crossing. RT Document: ALARMS.",""
"20179505","NOP1","0.165","QF","","0.165","9999","","MAV","","490388.0","412171.0","WEIGH OFFICE UWC","HFJ4","","","","","","","","","","","20179505","2011-09-15","","NV","","","","","Unknown","Access Point. Level Crossing. RT Document: ALARMS. No parking on occupation road",""
"20787348","NUJ1","159.0391","QF","","159.0391","1100","","MAP","","436574.0","387793.0","BLAST LANE NUJ LINES","HFJ4","","","","","","","","","","","20787348","2023-05-31","","","","","","","Up Main/Fast","Access point located at end of Blast lane stores. What3words purple.sentences.little","SK 36574 87793"
"20772998","NUJ1","158.1694","QF","","158.1694","0","","MAV","","436189.0","387505.0","BERNARD STREET","HFJ4","","","","","","","","","","","20772998","2013-03-25","","NRAIL","","","","","All/Multiple Tracks","10/06/08 CREATING ASSET - AS. S2 5TG.",""
"20179475","OAJ","49.0488","QF","","49.0488","3300","","MAP","","435518.0","418816.0","Foot Crossing WF4 1SE","HFJ7","","","","","","","","","","","20179475","2015-02-05","","NRAIL","","","","","Rev Goods","MIMS-SX//SC/SC - Access Point. Level Crossing. RT Document: ALARMS. Access on foot only. No vehicular access or parking.",""
"20775084","OAJ","49.0545","QF","","49.0545","3100","","MAP","","435554.0","418764.0","Foot Crossing WF4 1SE","HFJ7","","","","","","","","","Pedestrian","","20775084","2015-02-05","","NRAIL","","","","","Rev Main/Fast","","SE 35554 18764"
"20632702","OSC","182.0288","QF","","182.0288","2100","","MAP","","435759.0","418727.0","Oakenshaw 1 WF4 1SD","HFJ7","","","","","","","","","PEDESTRIAN","","20632702","2015-02-05","","NRAIL","","","","","Down Main/Fast","MIMS-S//SC/ - ","SE 35759 18727"
"20632708","OSC","182.03","QF","","182.03","2100","","MAV","","435766.0","418736.0","Oakenshaw 2 WF4 1SD","HFJ7","","","","","","","","","","","20632708","2015-02-05","","JARVIS","","","","","Down Main/Fast","MIMS-S//SC/ - ",""
"20180800","OSC","182.077","QF","","182.077","1100","","MAV","","437375.0","421821.0","Doncaster Road","HFJ7","","","","","","","","","ME00755Nw","","20180800","2022-09-20","","NRAIL","","","","","Up Main/Fast","MIMS-X///MM - Access Point. Signal Box. Via road to Signalbox off A638 Doncaster- Wakefield - Not seen on SERCO -     Local Name - Doncaster Road - Amend in Ellipse","SE 37375 21821"
"20632895","OXO","0.0264","QF","","0.0264","3400","","MAP","","445787.0","374377.0","OXCROFT JN","HFJ4","","","","","","","","","","","20632895","2013-03-25","","JARVIS","","","","","Rev Single","S43 3DB.",""
"20771631","PED1","28.132","QF","","28.132","3100","","MAP","","425575.0","402841.0","PENNYS GARAGE","HFJ4","","","","","","","","","","","20771631","2013-03-25","","NRAIL","","","","","Rev Main/Fast","GN5887 NEW ASSETS CREATED FROM ELLIPSE 16/4/07 STC. S36 6PH.",""
"20180547","PED1","28.0814","QF","","28.0814","9999","","MAV","","425228.0","403146.0","PENISTONE STATION","HFJ4","","","","","","","","","","","20180547","2013-03-25","","NV","","","","","Unknown","Access Point. Signal Box. Via slip road off Oxspring Road. S36 6BF.",""
"20632285","PED1","28.132","QF","","28.132","1500","","MAV","","425575.0","402841.0","PENNYS GARAGE","HFJ4","","","","","","","","","","","20632285","2013-03-25","","JARVIS","","","","","Up Loop","S36 6PH.",""
"20771650","PED1","29.022","QF","","29.022","0","","MAV","","426140.0","402642.0","PENISTONE <BARNSLEY JN>","HFJ4","","","","","","","","","","","20771650","2013-03-25","","NRAIL","","","","","All/Multiple Tracks","GN6053 NEW ASSETS CREATED FROM ELLIPSE 17/4/07 STC. S36 8ZS.",""
"20179590","PED2","1.0088","QF","","1.0088","9999","","MAP","","427434.0","403605.0","CLAITHES LANE","HFJ4","","","","","","","","","","","20179590","2013-03-25","","NV","","","","","Unknown","Access Point. Level Crossing. RT Document: ALARMS. Access on foot only. No vehicular access or parking. S36 8YS.",""
"20179313","PED2","2.1386","QF","","2.1386","9999","","MAP","","429575.0","404968.0","SILKSTONE FALL WOOD 1","HFJ4","","","","","","","","","","","20179313","2013-03-25","","NV","","","","","Unknown","Access Point. Level Crossing. RT Document: ALARMS. Access on foot only. No vehicular access or parking. S75 4PP.",""
"20772135","PED2","3.11","QF","","3.11","0","","MAP","","430820.0","405257.0","SILKSTONE WOOD 1","HFJ4","","","","","","","","","","","20772135","2013-03-25","","NV","","","","","All/Multiple Tracks","GN7075 CREATING ASSETS 02/11/07 AS. S75 3TW.",""
"20771660","PED2","5.0","QF","","5.0","0","","MAP","","432679.0","406383.0","ST CATHERINES WAY POGMOOR","HFJ4","","","","","","","","","","","20771660","2013-03-25","","NRAIL","","","","","All/Multiple Tracks","GN6053 NEW ASSETS CREATED FROM ELLIPSE 17/4/07 STC. S75 2LB",""
"20771651","PED2","0.165","QF","","0.165","0","","MAV","","427261.0","403539.0","STORRS LANE","HFJ4","","","","","","","","","","","20771651","2013-03-25","","NRAIL","","","","","All/Multiple Tracks","GN6053 NEW ASSETS CREATED FROM ELLIPSE 17/4/07 STC. S36 8YS.",""
"20180548","PED2","2.0462","QF","","2.0462","0","","MAV","","429016.0","404335.0","SILKSTONE STATION","HFJ4","","","","","","","","","","","20180548","2013-03-25","","NV","","","","","All/Multiple Tracks","MIMS-S//de/ - Access Point. Station. S75 4RB",""
"20180550","PED2","3.1474","QF","","3.1474","0","","MAV","","431129.0","405401.0","DODWORTH","HFJ4","","","","","","","","","","","20180550","2013-03-25","","NV","","","","","All/Multiple Tracks","MIMS-S//de/ - Access Point. Signal Box/LC. In from St. Sepulchre Gate through Signalbox Car Park barrier locked with standard 222 lock - Not seen during MIMS site visit. S75 3JJ",""
"20771751","PED2","5.1144","QF","","5.1144","0","","MAV","","433695.0","406543.0","SUMMER LANE","HFJ4","","","","","","","","","","","20771751","2013-03-25","","NRAIL","","","","","All/Multiple Tracks","GN6067 NEW ASSETS CREATED FROM ELLIPSE 24/4/07 STC. S70 6DD.",""
"20179697","PED2","6.1298","QF","","6.1298","9999","","MAV","","434761.0","406328.0","JUMBLE LANE","HFJ4","","","","","","","","","","","20179697","2013-03-25","","NV","","","","","Unknown","Access Point. Level Crossing. RT Document: ALARMS. S70 1DE.",""
"20179109","PED5","16.0682","QF","","16.082","9999","","MAP","","448119.0","399540.0","FERRY BOAT LANE","HFJ4","","","","","","","","","","","20179109","2013-03-25","","NV","","","","","Unknown","Access Point. Level Crossing. RT Document: ALARMS. Access on foot only. No vehicular access or parking. S64 0EU.",""
"20773818","PED5","18.1243","QF","","18.1243","1100","","MAP","","451738.0","399434.0","CONISBROUGH TUNNEL","HFJ4","","","","","","","","","","","20773818","2013-03-25","","NRAIL","","","","","Up Main/Fast","29/09/09 ACCESS POINT CREATED - AS. DN12 3ES.",""
"20179893","PED5","17.0264","QF","","17.0264","9999","","MAV","","449307.0","399839.0","DENABY LC","HFJ4","","","","","","","","","","","20179893","2013-03-25","","NV","","","","","Unknown","Access Point. Level Crossing. RT Document: ALARMS. S64 0LB.",""
"20787349","PED5","17.1462","QF","","17.1462","1100","","MAV","","450398.0","399687.0","EARTH CENTRE","HFJ4","","","","","","","","","","","20787349","2022-10-04","","NRAIL","","","","","Up Main/Fast","What3words petal.wizards.longingly","SK 50398 99687"
"20180555","PED5","18.0352","QF","","18.0352","1100","","MAV","","450927.0","399457.0","CONISBORO RELAY ROOM","HFJ4","","","","","","","","","","","20180555","2013-03-25","","NV","","","","","Up Main/Fast","MIMS-S//DE/ - Access Point. Station. Off Doncaster Road A6023 to Station forecourt. Walk to line side. DN12 3DQ.",""
"20772569","PED5","19.0176","QF","","19.0176","0","","MAV","","452335.0","399685.0","CADEBY QUARRY","HFJ4","","","","","","","","","","","20772569","2022-10-04","","NRAIL","","","","","All/Multiple Tracks","DN12 3GD.",""
"20773296","PEF","2.0836","QF","","2.0836","3300","","MAV","","448225.4","424022.8","Ferrybridge SB WF11 8PL","HFJ7","","","","","","","","","NV","","20773296","2021-05-19","","NRAIL","","","","","Rev Goods","",""
"20180056","PEH","0.1122","QF","","0.1342","","","MA","","413567.0","416279.0","","HFJ6","","","","","","","","","","","20180056","2008-09-08","","NV","","","","","","",""
"120000289","PEH","0.1738","QF","","0.1738","3100","","MAP","","413272.0","415808.0","Lockwood Tunnel / Paddock Viaduct ","HFJ6","","","","","","","","","Pedestrian Access","","120000289","2025-01-14","","","","","","","Rev Main/Fast","Turn off Manchester Road (A62) onto Blackmoorfoot Road. and then onto Pear Street. Continue along Pear Street until reaching the junction with Crosland Road. At this junction, turn left onto Cross Street and drive along Cross Street to the end of the road. All vehicles to park up where possible along on Cross Street. Railway staff to then walk along the public footpath until reaching the pedestrian access gate. Limited vehicle parking is available on the road side around Cross Street. What3Words Ref:   united.during.shall",""
"20629587","PEH","1.0445","QF","","1.0445","3400","","MAP","","413270.0","415380.0","","HFJ6","","","","","","","","","","","20629587","2008-09-08","","JARVIS","","","","","Rev Single","MIMS-S//DE/ - ",""
"20775088","PEH","1.0462","QF","","1.0462","3100","","MAP","","413270.0","415368.0","Lockwood","HFJ6","","","","","","","","","Predestrian","","20775088","2013-03-14","","NRAIL","","","","","Rev Main/Fast","","SE 13270 15368"
"20629598","PEH","2.058","QF","","2.058","3400","","MAP","","413754.0","413850.0","Berry Brow Station","HFJ6","","","","","","","","","PEDESTRIAN","","20629598","2013-03-27","","NRAIL","","","","","Rev Single","MIMS-S//DE/ - ","SE 13754 13850"
"20180057","PEH","3.0666","QF","","3.0666","3400","","MAP","","414594.0","412433.0","Honley","HFJ6","","","","","","","","","PEDESTRIAN","","20180057","2013-03-27","","NRAIL","","","","","Rev Single","MIMS-S//DE/ - ","SE 14594 12433"
"20180558","PEH","3.0668","QF","","3.0668","3400","","MAP","","414595.0","412431.0","","HFJ6","","","","","","","","","","","20180558","2023-05-31","","NV","","","","","Rev Single","MIMS-S//DE/ - Access Point. Station. Take A616 in Honley. Fork left and then turn immediate left up Station Road. Station is opposite at top of road.",""
"20180058","PEH","4.053","QF","","4.053","3400","","MAP","","415342.0","411176.0","Brockholes Station platform","HFJ6","","","","","","","","","PEDESTRIAN","","20180058","2013-03-27","","NRAIL","","","","","Rev Single","MIMS-S//DE/ - ","SE 15342 11176"
"20179524","PEH","5.1562","QF","","5.1562","9999","","MAP","","417737.0","411091.0","","HFJ6","","","","","","","","","","","20179524","2008-09-08","","NV","","","","","Unknown","Access Point. Level Crossing. RT Document: ALARMS. Access on foot only. No vehicular access or parking.",""
"20775089","PEH","5.1585","QF","","5.1585","3100","","MAP","","417757.0","411086.0","Stocksmoor Jn","HFJ6","","","","","","","","","Predestrian","","20775089","2013-03-14","","NRAIL","","","","","Rev Main/Fast","","SE 17757 11086"
"20179401","PEH","6.0591","QF","","6.0591","2500","","MAP","","418414.0","410871.0","Stocksmoor Station Dn Platform","HFJ6","","","","","","","","","PEDESTRIAN","","20179401","2013-03-27","","NRAIL","","","","","Down Loop","MIMS-S//DE/ - Access Point. Level Crossing. RT Document: ALARMS. Access on foot only. No vehicular access or parking.","SE 18414 10871"
"20179402","PEH","6.143","QF","","6.143","9999","","MAP","","419098.0","410532.0","Shepley","HFJ6","","","","","","","","","PEDESTRIAN","","20179402","2013-03-27","","NRAIL","","","","","Unknown","Access Point. Level Crossing. RT Document: ALARMS. Access on foot only. No vehicular access or parking.","SE 19098 10532"
"20180059","PEH","7.0305","QF","","7.0305","1500","","MAP","","419629.0","410288.0","Shepley","HFJ6","","","","","","","","","PEDESTRIAN","","20180059","2013-03-27","","NRAIL","","","","","Up Loop","MIMS-S//DE/ - ","SE 19629 10288"
"20629640","PEH","7.0337","QF","","7.0337","2500","","MAP","","419657.0","410271.0","Shepley","HFJ6","","","","","","","","","PEDESTRIAN","","20629640","2013-03-27","","NRAIL","","","","","Down Loop","MIMS-S//DE/ - ","SE 19657 10271"
"20629663","PEH","7.1577","QF","","7.1577","3400","","MAP","","420769.0","410084.0","","HFJ6","","","","","","","","","","","20629663","2008-09-08","","JARVIS","","","","","Rev Single","MIMS-S//DE/ - ",""
"20179403","PEH","8.044","QF","","8.044","9999","","MAP","","421288.0","409852.0","","HFJ6","","","","","","","","","","","20179403","2008-09-08","","NV","","","","","Unknown","Access Point. Level Crossing. RT Document: ALARMS. Access on foot only. No vehicular access or parking.",""
"20775091","PEH","8.046","QF","","8.046","3100","","MAP","","421300.0","409846.0","Cumberworth LC","HFJ6","","","","","","","","","Predestrian","","20775091","2013-03-14","","NRAIL","","","","","Rev Main/Fast","","SE 21300 09846"
"20180060","PEH","9.0622","QF","","9.0622","3400","","MAP","","422399.0","408538.0","Denby Dale","HFJ6","","","","","","","","","PEDESTRIAN","","20180060","2013-03-27","","NRAIL","","","","","Rev Single","MIMS-S//DE/ - ","SE 22399 08538"
"20787428","PEH","10.141","QF","","10.141","3100","","MAP","","423554.0","406765.0","Gunthwaite No.1","HFJ6","","","","","","","","","","","20787428","2022-07-13","","NRAIL","","","","","Rev Main/Fast","Access through the pedestrian access gate, along the landing leading to the access steps. Access steps lead to the Penistone Single. Access point lit by solar powered street lighting.What3Words Ref: lions.spades.televise","SE 23540 06765"
"20179283","PEH","11.1298","QF","","11.1298","9999","","MAP","","423611.0","405418.0","","HFJ6","","","","","","","","","","","20179283","2008-09-08","","NV","","","","","Unknown","Access Point. Level Crossing. RT Document: ALARMS. Access on foot only. No vehicular access or parking.",""
"20775092","PEH","11.1315","QF","","11.1315","3100","","MAP","","423624.0","405410.0","Ingbirchworth LC","HFJ6","","","","","","","","","Predestrian","","20775092","2013-03-14","","NRAIL","","","","","Rev Main/Fast","","SE 23624 05410"
"20771652","PEH","11.1584","QF","","11.1584","0","","MAP","","423848.0","405301.0","Carr Head Farm LC","HFJ6","","","","","","","","","Predestrian","","20771652","2013-03-14","","NRAIL","","","","","All/Multiple Tracks","","SE 23848 05301"
"20771662","PEH","11.1584","QF","","11.1584","0","","MAP","","423848.0","405301.0","Carr Head Farm LC","HFJ6","","","","","","","","","Predestrian","","20771662","2013-03-14","","NRAIL","","","","","All/Multiple Tracks","","SE 23848 05301"
"20771661","PEH","12.1276","QF","","12.1276","0","","MAP","","424765.0","404396.0","WELLHOUSE LANE","HFJ4","","","","","","","","","","","20771661","2013-03-25","","NRAIL","","","","","All/Multiple Tracks","GN6053 NEW ASSETS CREATED FROM ELLIPSE 17/4/07 STC. S36 7EY.",""
"20180553","PEH","13.0682","QF","","13.0682","0","","MAP","","425060.0","403449.0","PENISTONE STATION","HFJ4","","","","","","","","","","","20180553","2013-03-25","","JARVIS","","","","","All/Multiple Tracks","MIMS-S//DE/ - Access Point. Station.",""
"20632265","PEH","13.0795","QF","","13.0795","3500","","MAP","","425085.0","403380.0","PENISTONE","HFJ4","","","","","","","","","","","20632265","2013-03-25","","JARVIS","","","","","Rev Loop","",""
"20775615","PEH","0.1072","QF","","0.1072","3100","","MAR","","413605.0","416304.0","Lockwood","HFJ6","","","","","","","","","Vehicle","","20775615","2013-12-09","","NRAIL","","","","","Rev Main/Fast","This is not a gated access point. MAR has dropdown bollards and concrete approaches and 10.8m wide track. Access to this MAR is from Gated access point off Longroyd Lane at Lockwood 000.1070 (Hazard Ref 20775087).","SE 13605 16304"
"20788128","PEH","4.0591","QF","","4.0591","3100","","MAR","","415385.0","411140.0","Brockholes Station RRAP","HFJ6","","","","","","","","","","","20788128","2022-10-12","","NRAIL","","","","","Rev Main/Fast","Access through the galvanised access gate, at Brockholes Station. The access gate leads directly to the RRAP located on the Penistone Single. Vehicle & RRV parking is restricted at this location, due to the land ownership. NOTE: The railway underbridge <PEH-27> on the South side of Brockholes Lane, near the station has a height restriction of 12"" 3""  What3Words Ref: beard.local.sends","SE 15385 11140"
"20789588","PEH","6.0657","QF","","6.0657","1500","","MAR","","418470.0","410851.0","Stocksmoor Station Yard RRAP","HFJ6","","","","","","","","","Road/Rail Access","","20789588","2023-08-01","","NRAIL","","","","","Up Loop","Access is located at Stocksmoor Station Car Park, through the vehicular gates leading into the railway yard / RRV storage area. The access road heading toward the Up Penistone leads to the 16.2m wide single track RRAP. Vehicle parking and RRV storage is available at this location.    What3Words Ref: invented.speak.thighs","SE 18470 10851"
"120000534","PEH","9.0609","QF","","9.0609","3100","","MAR","","442401.0","408549.0","Denby Dale Station ","HFJ6","","","","","","","","","RRV & Pedestrian Access","","120000534","2025-02-14","","","","","","","Rev Main/Fast","DRIVE INTO THE DENBY DALE STATION CAR PARK AND THE RRV ACCESS GATE IS LOCATED IN THE MIDDLE OF THE CAR PARK AREA.

ACCESS TO THE PENISTONE SINGLE LINE VIA A NEW 12.6M WIDE SINGLE TRACK TAPSTRAIL RRAP. THERE ARE CAR PARKING SPACES IN THE STATION CAR PARK BUT NUMBERS ARE MINIMAL AND RAIL STAFF TO BE COURTEOUS TO PASSENGERS USING THE STATION CAR PARK. THERE IS NO SPACE WITHIN THE CAR PARK AREA FOR STABLING RRV'S 

What3Words Ref: glow.superhero.reply               53°34′23″N , 001°39′47″W                                 Grid Reference: SE 224085
",""
"20775087","PEH","0.107","QF","","0.107","3100","","MAV","","413603.0","416303.0","Lockwood","HFJ6","","","","","","","","","Vehicle","","20775087","2013-03-14","","NRAIL","","","","","Rev Main/Fast","","SE 13603 16303"
"20788549","PEH","1.077","QF","","1.077","3100","","MAV","","413271.0","415055.0","DB Santasalo <Formerly Moventus Gears>","HFJ6","","","","","","","","","VEHICULAR ACCESS","","20788549","2022-12-07","","NRAIL","","","","","Rev Main/Fast","From Lockwood Station <On Swan Lane>, turn onto Howarth Lane and follow the road to the entrance of DB Santasalo <Formerly Moventus Gears>. During normal working hours and prior to entering the premises, all staff  must sign out the access gate key at the Security Reception and then sign back in at the end of the visit. The railway access gate is located at the far end of the yard area. NOTE: For access outside normal working hours, including weekends, requests must be made at least 3 days in advance of the required access date to the Security Manager Andi Smith on 0774 239 8885 & andi.smith@dbdantasalo.com and arrangements will be made. What3Words Ref: fame.wakes.bunk","SE 13271 15055"
"20180556","PEH","1.0806","QF","","1.0806","0","","MAV","","413276.0","415054.0","","HFJ6","","","","","","","","","","","20180556","2023-05-31","","NV","","","","","All/Multiple Tracks","MIMS-S//DE/ - Access Point. Station. Take A616 from Huddersfield. Turn right at Lockwood traffic lights. Station on right just after going under railway bridge.",""
"20180557","PEH","2.0243","QF","","2.0243","3400","","MAV","","413499.0","414025.0","Berry Brow","HFJ6","","","","","","","","","VEHICLE","","20180557","2013-03-27","","NRAIL","","","","","Rev Single","MIMS-S//DE/ - Access Point. Station.","SE 13499 14025"
"20180559","PEH","4.0591","QF","","4.0591","3400","","MAV","","415380.0","411135.0","Brockholes","HFJ6","","","","","","","","","VEHICLE","","20180559","2013-03-27","","NRAIL","","","","","Rev Single","MIMS-S//DE/ - Access Point. Station. Turn left in Brockholes. opposite Ford Pub. off A616 and keep going uphill. Station on left near Railway Bridge.","SE 15380 11135"
"20180494","PEH","6.0599","QF","","6.0599","1500","","MAV","","418429.0","410890.0","Stocksmoor Station","HFJ6","","","","","","","","","Vehicular","","20180494","2022-10-12","","NRAIL","","","","","Up Loop","Access through the vehicular palisade access gates, located in Stocksmoor Station Car Park and directly into the yard. The nearest line to the access is the Up Pensitone ann vehicle parking is suitable at this location.   What3Words Ref: tinny.pitching.complies","SE 18429 10890"
"20180495","PEH","7.0365","QF","","7.0365","0","","MAV","","419680.0","410270.0","Shepley","HFJ6","","","","","","","","","VEHICLE","","20180495","2013-03-27","","NRAIL","","","","","All/Multiple Tracks","MIMS-S//DE/ - Access Point. Station. Take A628 through Shepley village. road bears right., turn right just before railway bridge up to Station.","SE 19680 10270"
"20775090","PEH","7.1521","QF","","7.1521","3100","","MAV","","420720.0","410100.0","Clayton West Jn","HFJ6","","","","","","","","","Vehicle","","20775090","2013-03-14","","NRAIL","","","","","Rev Main/Fast","","SE 20720 10100"
"20629662","PEH","7.1561","QF","","7.1561","3400","","MAV","","420755.0","410087.0","","HFJ6","","","","","","","","","","","20629662","2008-09-08","","JARVIS","","","","","Rev Single","MIMS-S//DE/ - ",""
"20180496","PEH","9.0609","QF","","9.0609","3100","","MAV","","422401.0","408549.0","Denby Dale Station ","HFJ6","","","","","","","","","RRV & Pedestrian Access","","20180496","2025-02-17","","NRAIL","","","","","Rev Main/Fast","MIMS-S//DE/ - Access Point. Station. 
Proceeding into Denby Dale in an Easterly direction on A636, Wakefield Road, just after passing under viaduct turn left up a slope into builders merchants yard and station car park.

ACCESS TO THE PENISTONE SINGLE LINE VIA A NEW 12.6M WIDE SINGLE TRACK TAPSTRAIL RRAP. THERE ARE CAR PARKING SPACES IN THE STATION CAR PARK BUT NUMBERS ARE MINIMAL AND RAIL STAFF TO BE COURTEOUS TO PASSENGERS USING THE STATION CAR PARK. THERE IS NO SPACE WITHIN THE CAR PARK AREA FOR STABLING RRV'S 

What3Words Ref: glow.superhero.reply               53°34′23″N , 001°39′47″W                                 Grid Reference: SE 224085
","SE 22397 08548"
"20774332","PHC","0.1567","QF","","0.1567","3300","","MAP","","506584.0","426834.0","Dairycoates LC HU3 2RS","HFJ7","","","","","","","","","","","20774332","2015-02-05","","NRAIL","","","","","Rev Goods","Off A1166 0nto Freightliner Road continue to LC. TA078287",""
"20632367","POC1","0.0655","QF","","0.0655","1300","","MAV","","446219.0","523156.0","Bungalow Access/Cowpen TS23 1NG","HFJ1","","","","","","","","","ME00755Nw","","20632367","2024-08-20","","NRAIL","","","","","Up Goods","MIMS-S//KB/ - ",""
"20180497","POC1","1.0099","QF","","1.0099","2300","","MAV","","447329.0","522937.0","Belasis Lane SBX TS23 4EA","HFJ1","","","","","","","","","","","20180497","2012-05-01","","NRAIL","","","","","Down Goods","MIMS-S//KB/ - Access Point. Signal Box. Off Belasis Lane, Billingham-on-Tees",""
"20787608","POC2","3.055","QF","","3.055","3300","","MAP","","450453.0","521471.0","PORT CLARENCE GF TS2 1SE","HFJ1","","","","","","","","","","","20787608","2022-09-27","","NRAIL","","","","","Rev Goods","Access point at Port Clarence ground frame. [noble.wires.speak]","NZ 50453 21471"
"20179053","POC2","4.1452","QF","","4.1452","3300","","MAV","","450521.0","521328.0","Seal Sands TS2 1FB","HFJ1","","","","","","","","","","","20179053","2012-05-01","","NRAIL","","","","","Rev Goods","MIMS-S//KB/ - Access Point. Level Crossing. RT Document: ALARMS. No parking on occupation road. MAINTAINER=ENRON",""
"20179054","POC2","4.1485","QF","","4.1485","3300","","MAV","","450526.0","521326.0","Seal Sands TS2 1FB","HFJ1","","","","","","","","","","","20179054","2012-05-01","","NRAIL","","","","","Rev Goods","MIMS-S//KB/ - Access Point. Level Crossing. RT Document: ALARMS. No parking on occupation road. MAINTAINER=ENRON",""
"20787728","PSE","143.1046","QF","","143.1046","0","","MAP","","453265.0","365371.0","Pleasley Vale","HFJ4","","","","","","","","","Pedestrian","","20787728","2022-09-12","","NRAIL","","","","","All/Multiple Tracks","Access is via Pleasley Vale FPC accessed off Littlewood Lane.   What3Words : collision.merely.mailing","SK 53265 65371"
"20615923","PSE","145.0132","QF","","145.0132","2100","","MAP","","453363.0","367730.0","SHIREBROOK STATION","HFJ4","","","","","","","","","","","20615923","2013-03-25","","JARVIS","","","","","Down Main/Fast","NG20 8TB.",""
"20180499","PSE","145.0299","QF","","145.0299","1100","","MAP","","453321.0","367878.0","SHIREBROOK SB","HFJ4","","","","","","","","","","","20180499","2013-03-25","","NV","","","","","Up Main/Fast","MIMS-S//PH/ - Access Point. Signal Box. Off Carter Lane Shirebrook. NG20 8SU.",""
"20615950","PSE","147.0289","QF","","147.0289","1100","","MAP","","452880.0","370915.0","LANGWITH WHALEY THORNS","HFJ4","","","","","","","","","","","20615950","2013-03-25","","JARVIS","","","","","Up Main/Fast","MIMS-S//PH/ - Not seen during MIMS site visit. NG20 9DE.",""
"20615951","PSE","147.0289","QF","","147.0289","2100","","MAP","","452880.0","370915.0","LANGWITH WHALEY THORNS","HFJ4","","","","","","","","","","","20615951","2013-03-25","","JARVIS","","","","","Down Main/Fast","NG20 9DE.",""
"120000150","PSE","149.0642","QF","","149.0642","1100","","MAP","","452378.0","374430.0","Creswell","HFJ4","","","","","","","","","Pedestrian Access Point","","120000150","2025-04-30","","","","","","","Up Main/Fast","what 3 words: panels.empty.coconuts",""
"20615976","PSE","149.1254","QF","","149.1254","2100","","MAP","","452407.0","374977.0","SHEFFIELD ROAD","HFJ4","","","","","","","","","","","20615976","2013-03-25","","JARVIS","","","","","Down Main/Fast","S80 4HN.",""
"120000149","PSE","150.1232","QF","","150.1232","1100","","MAP","","453423.0","376185.0","Whitwell Stn","HFJ4","","","","","","","","","Pedestrian Access Point","","120000149","2025-04-30","","","","","","","Up Main/Fast","what 3 words: support.scrubber.speech",""
"20179228","PSE","151.0528","QF","","151.0528","0","","MAP","","454144.0","376815.0","KINGSWAY HODTHORPE","HFJ4","","","","","","","","","","","20179228","2013-03-25","","JARVIS","","","","","All/Multiple Tracks","MIMS-S//PH/ - Access Point. Level Crossing. RT Document: ALARMS. Access on foot only. No vehicular access or parking. - Not seen during MIMS site visit. S80 4UZ.",""
"20772143","PSE","152.055","QF","","152.055","0","","MAP","","455066.0","378156.0","A619 BRIDGE 74","HFJ4","","","","","","","","","","","20772143","2013-03-25","","NRAIL","","","","","All/Multiple Tracks","GN7075 CREATING ASSETS 02/11/07 AS. S80 3DT.",""
"20771665","PSE","152.1166","QF","","152.1166","0","","MAP","","455373.0","378628.0","DARFOULDS","HFJ4","","","","","","","","","","","20771665","2013-03-25","","NRAIL","","","","","All/Multiple Tracks","GN6053 NEW ASSETS CREATED FROM ELLIPSE 17/4/07 STC. S80 3DT.",""
"20771664","PSE","153.0484","QF","","153.0484","0","","MAP","","455883.0","379471.0","RHODESIA BR76","HFJ4","","","","","","","","","","","20771664","2013-03-25","","NRAIL","","","","","All/Multiple Tracks","GN6053 NEW ASSETS CREATED FROM ELLIPSE 17/4/07 STC. S80 3DN.",""
"20787350","PSE","153.099","QF","","153.099","2100","","MAP","","456131.0","379917.0","WOODEND TAIL LAMP CAMERA","HFJ4","","","","","","","","","","","20787350","2022-10-04","","NRAIL","","","","","Down Main/Fast","Steetley Lane, Rhodesia What3words proof.rental.yappy","SK 56131 79917"
"20771663","PSE","154.0088","QF","","154.0088","0","","MAP","","456569.0","380498.0","TRANKER LANE","HFJ4","","","","","","","","","","","20771663","2013-03-25","","NRAIL","","","","","All/Multiple Tracks","GN6053 NEW ASSETS CREATED FROM ELLIPSE 17/4/07 STC. S80 3LG.",""
"20178940","PSE","143.1034","QF","","143.1034","0","","MAV","","453273.0","365354.0","PLEASEY VALE","HFJ4","","","","","","","","","","","20178940","2013-03-25","","NV","","","","","All/Multiple Tracks","MIMS-S//PH/ - Access Point. Level Crossing. - Not seen during MIMS site visit. NG19 8RR.",""
"20771755","PSE","146.0572","QF","","146.0572","0","","MAV","","452677.0","369594.0","LANGWITH MALTINGS","HFJ4","","","","","","","","","","","20771755","2013-03-25","","NRAIL","","","","","All/Multiple Tracks","GN6067 NEW ASSETS CREATED FROM ELLIPSE 24/4/07 STC. NG20 9DU.",""
"20179625","PSE","147.1584","QF","","147.1584","0","","MAV","","452693.0","372092.0","NORWOOD LC","HFJ4","","","","","","","","","","","20179625","2013-03-25","","NV","","","","","All/Multiple Tracks","MIMS-S//PH/ - Access Point. Level Crossing. RT Document: ALARMS. - Not seen during MIMS site visit. NG20 9JA.",""
"20771754","PSE","149.0814","QF","","149.0814","0","","MAV","","452352.0","374581.0","CRESSWELL SIGNAL BOX","HFJ4","","","","","","","","","","","20771754","2013-03-25","","NRAIL","","","","","All/Multiple Tracks","GN6067 NEW ASSETS CREATED FROM ELLIPSE 24/4/07 STC. S80 4HH.",""
"20771753","PSE","153.1474","QF","","153.1474","0","","MAV","","456328.0","380267.0","WOODEND JN","HFJ4","","","","","","","","","","","20771753","2013-03-25","","NRAIL","","","","","All/Multiple Tracks","GN6067 NEW ASSETS CREATED FROM ELLIPSE 24/4/07 STC. S80 3HG.",""
"20180502","PYE1","106.0733","QF","","106.0733","2300","","MAV","","520529.0","414904.0","FORMER SIGNAL BOX","HFJ4","","","","","","","","","Vehicle","","20180502","2025-04-30","","NRAIL","","","","","Down Goods","Access Point. Former Signal Box. From A180 signposted A1173 and South Marsh Industiral Estate, pass over Kiln Lane Level Crossing. 1 mile T-Junction, turn right or from Immingham via Kings Road and Queens Road. At East Gate security box 1/4 mile Robinson Road Level Crossing turn left along cinder track.",""
"20774800","PYE2","0.018","QF","","0.018","2300","","MAP","","","","IMMINGHAM EAST JN SB","HFJ4","","","","","","","","","","","20774800","2013-02-08","","NRAIL","","","","","Down Goods","NEW ACCESS POINT AT IMMINGHAM EAST JN SIGNAL BOX VIA THE TOKEN EXCHANGE POINT.",""
"20632077","PYE2","0.1121","QF","","0.1121","3100","","MAP","","521324.0","414184.0","KILN LANE","HFJ4","","","","","","","","","","","20632077","2013-02-08","","NRAIL","","","","","Rev Main/Fast","MIMS-S//de/ - To REB building",""
"20632078","PYE2","0.1134","QF","","0.1134","3100","","MAP","","521331.0","414174.0","KILN LANE","HFJ4","","","","","","","","","","","20632078","2013-02-08","","NRAIL","","","","","Rev Main/Fast","MIMS-S//de/ - ",""
"20772867","PYE2","3.0792","QF","","3.0792","3100","","MAP","","524609.0","411178.0","WOAD LANE POWER BOX","HFJ4","","","","","","","","","","","20772867","2013-02-08","","NRAIL","","","","","Rev Main/Fast","25/02/08 - CREATING ASSET - AS",""
"20632080","PYE2","0.1145","QF","","0.1145","3100","","MAV","","521337.0","414166.0","KILN LANE","HFJ4","","","","","","","","","","","20632080","2013-02-08","","NRAIL","","","","","Rev Main/Fast","MIMS-S//de/ - ",""
"20179911","PYE2","0.1188","QF","","0.1188","9999","","MAV","","521361.0","414135.0","KILN LANE LC","HFJ4","","","","","","","","","","","20179911","2013-02-08","","NRAIL","","","","","Unknown","Access Point. Level Crossing. RT Document: ALARMS.",""
"20179966","PYE2","1.0594","QF","","1.0594","9999","","MAV","","522048.0","413329.0","MARSH LANE LC","HFJ4","","","","","","","","","","","20179966","2013-02-08","","NRAIL","","","","","Unknown","Access Point. Level Crossing. RT Document: ALARMS. ALSO MARSH LANE LEVEL XING.",""
"20179055","PYE2","3.0462","QF","","3.0462","9999","","MAV","","524353.0","411329.0","UNKNOWN UWC","HFJ4","","","","","","","","","","","20179055","2013-02-08","","NRAIL","","","","","Unknown","Access Point. Level Crossing. RT Document: ALARMS. No parking on occupation road",""
"20179945","PYE2","3.0748","QF","","3.0748","9999","","MAV","","524572.0","411192.0","WOAD LANE LC","HFJ4","","","","","","","","","","","20179945","2013-02-08","","NRAIL","","","","","Unknown","Access Point. Level Crossing. RT Document: ALARMS.",""
"20772866","PYE2","3.0792","QF","","3.0792","3100","","MAV","","524609.0","411178.0","WOAD LANE","HFJ4","","","","","","","","","","","20772866","2013-02-08","","NRAIL","","","","","Rev Main/Fast","25/02/08 CREATING ASSET - AS",""
"20179654","PYE2","4.0396","QF","","4.0396","9999","","MAV","","525392.0","410980.0","PYEWIPE RD LC","HFJ4","","","","","","","","","","","20179654","2013-02-08","","NRAIL","","","","","Unknown","Access Point. Level Crossing. RT Document: ALARMS.",""
"20179056","REB2","0.1385","QF","","0.1385","3100","","MAP","","435617.0","493652.0","Castle Hills Inner Jn DL7 8UU","HFJ7","","","","","","","","","","","20179056","2015-02-05","","NRAIL","","","","","Rev Main/Fast","Left under Railway bridge out of Romanby, Access on foot only. No vehicular access or parking. SE356936.",""
"20179947","REB2","1.1073","QF","","1.1073","3100","","MAP","","434569.0","492844.0","Yafforth AOCL LC DL7 0PF","HFJ7","","","","","","","","","","","20179947","2015-02-05","","NRAIL","","","","","Rev Main/Fast","A684 from Northallerton, turn right at Warlaby. SE345928.",""
"20178996","REB2","2.0616","QF","","2.0616","3100","","MAP","","433524.0","492308.0","Ainderby Pond DL7 9QA","HFJ7","","","","","","","","","","","20178996","2015-02-05","","NRAIL","","","","","Rev Main/Fast","Behind church at Ainderby Steeple Foot access. Track access on foot only. No vehicular access or parking. SE335923",""
"20179057","REB2","2.077","QF","","2.077","3100","","MAP","","433384.0","492297.0","Ainderby Steeple LC DL7 9QA","HFJ7","","","","","","","","","","","20179057","2015-02-05","","NRAIL","","","","","Rev Main/Fast","Ainderby Steeple LC. Access on foot only. No vehicular access or parking. SE333922",""
"20179713","REB2","2.0968","QF","","2.0968","3100","","MAP","","433204.0","492297.0","Ainderby Gates TOG LC DL7 9QH","HFJ7","","","","","","","","","","","20179713","2015-02-05","","NRAIL","","","","","Rev Main/Fast","A684 onto Thrintoft Lane at Ainderby Steeple. SE332922.",""
"20179922","REB2","4.1322","QF","","4.1322","3100","","MAP","","429916.0","491206.0","Ham Hill AOCL LC DL7 0RH","HFJ7","","","","","","","","","","","20179922","2015-02-05","","NRAIL","","","","","Rev Main/Fast","Exit A684 onto Hamhill Lane for Scruton. SE299912",""
"20179628","REB2","5.1376","QF","","5.1376","3100","","MAP","","428697.0","490080.0","Leeming Bar TOG LC DL7 9AN","HFJ7","","","","","","","","","","","20179628","2015-02-05","","NRAIL","","","","","Rev Main/Fast","Exit A684 at Leeming Bar North onto Leases Road. SE286900.",""
"20179904","REB2","6.0734","QF","","6.0734","3100","","MAP","","428041.0","489311.0","Aiskew AOCL LC A684 DL8 1DZ","HFJ7","","","","","","","","","","","20179904","2015-02-05","","NRAIL","","","","","Rev Main/Fast","A1onto A684 to LC at Aiskew. SE280893.",""
"20179058","REB2","7.0089","QF","","7.0089","3100","","MAP","","427493.0","488458.0","Chicken Farm UWC DL8 1BW","HFJ7","","","","","","","","","","","20179058","2015-02-05","","NRAIL","","","","","Rev Main/Fast","Off Woodstock On Bund lane Aiskew. SE274884.",""
"20179007","REB2","7.0405","QF","","7.0405","3100","","MAP","","427286.0","488258.0","Bedale DL8 1ZL","HFJ7","","","","","","","","","","","20179007","2015-02-05","","NRAIL","","","","","Rev Main/Fast","Off Otterbeck Way Bedale, Access on foot only. No vehicular access or parking. SE272882.",""
"20179629","REB2","7.0917","QF","","7.0917","3100","","MAP","","426869.0","488297.0","Bedale MGH LC DL8 1LR","HFJ7","","","","","","","","","","","20179629","2015-02-05","","NRAIL","","","","","Rev Main/Fast","On A684 At Bedale. SE268882.",""
"20180504","REB2","7.0925","QF","","7.0925","3100","","MAP","","426864.0","488303.0","Bedale DL8 1LR","HFJ7","","","","","","","","","","","20180504","2015-02-05","","NRAIL","","","","","Rev Main/Fast","On A684 At Bedale. SE268883.",""
"20179020","REB2","7.1298","QF","","7.1298","3100","","MAP","","426736.0","488621.0","Esso Aiskew Bank Farm LC DL8 1AU","HFJ7","","","","","","","","","","","20179020","2015-02-05","","NRAIL","","","","","Rev Main/Fast","Track from Aiskew Bank Farm off Back Road Aiskew. SE267886.",""
"20179344","REB2","9.0712","QF","","9.0712","3100","","MAP","","424382.0","489221.0","Crakehall DL8 1TU","HFJ7","","","","","","","","","","","20179344","2015-10-21","","OP","","","","","Rev Main/Fast","New Village Farm Great Crakehall, Access on foot only. No vehicular access or parking. SE243892.",""
"20179021","REB2","10.0023","QF","","10.0023","3100","","MAP","","423384.0","489209.0","Dysuns Mudfield Farm 2 UWC DL8 1RW","HFJ7","","","","","","","","","","","20179021","2015-02-05","","NRAIL","","","","","Rev Main/Fast","Off Back Lane Great Crakehall onto Ruddings Lane, turn left at West Pasture Farm, continue to Mudfields Farm on to LC. SE233892.",""
"20179022","REB2","10.0888","QF","","10.0888","3100","","MAP","","422600.0","489302.0","Grange Farm Newton Grange UWC DL8 1RY","HFJ7","","","","","","","","","","","20179022","2015-02-05","","NRAIL","","","","","Rev Main/Fast","Through Bedale and 1st left for Newton Le Willows onto Sinks Lane LC, off to right after 1.5 Mls. SE226893",""
"20179023","REB2","10.1394","QF","","10.1394","3100","","MAP","","422143.0","489360.0","Fox Park Farm UWC DL8 1SA","HFJ7","","","","","","","","","","","20179023","2015-02-05","","NRAIL","","","","","Rev Main/Fast","Through Bedale and 1st left for Newton Le Willows, onto Sinks Lane LC off to right after 1.75Mls. SE221893.",""
"20179024","REB2","10.143","QF","","10.143","3100","","MAP","","422112.0","489361.0","Fox Park Farm 2 UWC DL8 1SA","HFJ7","","","","","","","","","","","20179024","2015-02-05","","NRAIL","","","","","Rev Main/Fast","Through Bedale and 1st left for Newton Le Willows, onto Sinks Lane LC off to right after 1.75Mls. SE221893.",""
"20179025","REB2","13.1474","QF","","13.1474","3100","","MAP","","417360.0","490173.0","Loadmans/ Sewage Works UWC DL8 5RJ","HFJ7","","","","","","","","","","","20179025","2015-02-05","","NRAIL","","","","","Rev Main/Fast","Off A684 at Constable Burton North Lane, under railway bridge and turn left to Wood Hall and LC. SE173901.",""
"20179339","REB2","16.1526","QF","","16.1526","3100","","MAP","","412642.0","490098.0","Harmby Caravan Site UWC DL8 5NX","HFJ7","","","","","","","","","","","20179339","2015-02-05","","NRAIL","","","","","Rev Main/Fast","On A684 LC is RHS of the road west of Harmby. SE126900.",""
"20179343","REB2","17.0119","QF","","17.0119","3100","","MAP","","412353.0","490238.0","Caravan Site/Yorkshire Dales LC DL8 5NU","HFJ7","","","","","","","","","","","20179343","2015-02-05","","NRAIL","","","","","Rev Main/Fast","Off A684 RHS near Leyburn Business Park. SE123902.",""
"20179026","REB2","17.0677","QF","","17.0677","3100","","MAP","","411852.0","490299.0","Petere Blacks/Leyburn Station UWC DL8 5ET","HFJ7","","","","","","","","","","","20179026","2015-02-05","","NRAIL","","","","","Rev Main/Fast","Behind Cliffe Cottages and disused Sewage Works On A684 Harmby Road nr to Layburn Station. SE118902.",""
"20179342","REB2","17.1738","QF","","17.1738","3100","","MAP","","410859.0","490288.0","Leyburn DL8 5BN","HFJ7","","","","","","","","","","","20179342","2015-02-05","","NRAIL","","","","","Rev Main/Fast","Harmby Road at Leyburn Station . Level Crossing. Access on foot only. No vehicular access or parking. SE108902.",""
"20179341","REB2","18.0145","QF","","18.0145","3100","","MAP","","410730.0","490314.0","Leyburn Cemetery UWC DL8 5DG","HFJ7","","","","","","","","","","","20179341","2015-02-05","","NRAIL","","","","","Rev Main/Fast","Travel west from Leyburn on A6108 for Wensley, turn off for Cemetery and UWC before road passes over the railway. SE107903.",""
"20179649","REB2","19.1443","QF","","19.1443","3100","","MAP","","408067.0","490589.0","Wensley TOG LC DL8 4AE","HFJ7","","","","","","","","","","","20179649","2015-02-05","","NRAIL","","","","","Rev Main/Fast","Turn off A684 at Wensley, continue to old Station and LC. SE080905.",""
"20179027","REB2","21.0506","QF","","21.0506","3100","","MAP","","405721.0","491205.0","Redmire DL8 4NL","HFJ7","","","","","","","","","","","20179027","2015-02-05","","NRAIL","","","","","Rev Main/Fast","Off East Lane Redmire Level Crossing. Access on foot only. No vehicular access or parking. SE057912",""
"20179323","REB2","22.0044","QF","","22.0044","3100","","MAP","","404571.0","491521.0","Redmire DL8 4ER","HFJ7","","","","","","","","","","","20179323","2015-02-05","","NRAIL","","","","","Rev Main/Fast","Redmire Station Level Crossing. Access on foot only. No vehicular access or parking. SE045915.",""
"20179626","REB2","2.1505","QF","","2.1505","3100","","MAV","","432706.0","492225.0","Ainderby Station LC DL7 9TQ","HFJ7","","","","","","","","","","","20179626","2015-02-05","","NRAIL","","","","","Rev Main/Fast","Off A684 onto Station Lane at Ainderby. SE327922.",""
"20179627","REB2","4.056","QF","","4.056","3100","","MAV","","430440.0","491668.0","Scruton TOG LC DL7 0QN","HFJ7","","","","","","","","","","","20179627","2015-02-05","","NRAIL","","","","","Rev Main/Fast","Exit A64 onto Station Lane for Scruton. SE304916.",""
"20179630","REB2","9.1191","QF","","9.1191","3100","","MAV","","423923.0","489213.0","Crakehall TOG LC DL8 1TS","HFJ7","","","","","","","","","","","20179630","2015-10-21","","OP","","","","","Rev Main/Fast","Left off A64 onto Back Lane at Great Crakehall. SE239892.",""
"20179674","REB2","13.0372","QF","","13.0372","3100","","MAV","","418416.0","490074.0","Finghall Lane TOG LC DL8 5LZ","HFJ7","","","","","","","","","","","20179674","2015-02-05","","NRAIL","","","","","Rev Main/Fast","Off A684 for Finghall onto Chapel Lane. SE184900.",""
"20787749","ROT","20.0321","QF","","20.0321","2900","","MAP","","456691.0","523656.0","ROT STEPS","HFJ1","","","","","","","","","","","20787749","2022-09-13","","NRAIL","","","","","Down Siding","Redcar Ore Arrival  - ROT Steps","NZ 56691 23656"
"20179549","RUB2","3.1584","QF","","3.1584","9999","","MAP","","464348.0","361173.0","BILSTHORPE COLLIERY","HFJ4","","","","","","","","","","","20179549","2013-03-25","","NRAIL","","","","","Unknown","Access Point. Level Crossing. RT Document: ALARMS. Access on foot only. No vehicular access or parking. NG22 8UB.",""
"20179548","RUB2","2.0066","QF","","2.0066","9999","","MAV","","461394.0","360863.0","BILSTHORPE COLLIERY","HFJ4","","","","","","","","","","","20179548","2013-03-25","","NRAIL","","","","","Unknown","Access Point. Level Crossing. RT Document: ALARMS. No parking on occupation road. NG22 8TN.",""
"20775093","SBF","205.162","QF","","205.162","1100","","MAP","","415028.0","437442.0","Shipley South Jn","HFJ6","","","","","","","","","Predestrian","","20775093","2013-03-14","","NRAIL","","","","","Up Main/Fast","","SE 15028 37442"
"20630315","SBF","205.1635","QF","","205.1635","1100","","MAP","","415024.0","437432.0","","HFJ6","","","","","","","","","","","20630315","2008-09-08","","JARVIS","","","","","Up Main/Fast","MIMS-S//DE/ - ",""
"20630317","SBF","205.1662","QF","","205.1662","1200","","MAP","","415012.0","437410.0","","HFJ6","","","","","","","","","","","20630317","2008-09-08","","JARVIS","","","","","Up Slow","MIMS-S//DE/ - ",""
"20630319","SBF","205.1669","QF","","205.1669","1100","","MAP","","415008.0","437404.0","","HFJ6","","","","","","","","","","","20630319","2008-09-08","","JARVIS","","","","","Up Main/Fast","MIMS-S//DE/ - ",""
"20775094","SBF","206.004","QF","","206.004","3901","","MAP","","414940.0","437299.0","Shipley Office Depot","HFJ6","","","","","","","","","Predestrian","","20775094","2013-03-14","","NRAIL","","","","","","","SE 14940 37299"
"20630375","SBF","206.1433","QF","","206.1433","1100","","MAP","","415268.0","436109.0","Frizinghall Station","HFJ6","","","","","","","","","PEDESTRIAN","","20630375","2013-03-27","","NRAIL","","","","","Up Main/Fast","MIMS-S//DE/ - ","SE 15268 36109"
"20630376","SBF","206.1488","QF","","206.1488","1100","","MAP","","415283.0","436082.0","","HFJ6","","","","","","","","","","","20630376","2008-09-08","","JARVIS","","","","","Up Main/Fast","MIMS-S//DE/ - ",""
"20630377","SBF","206.1578","QF","","206.1578","2100","","MAP","","415327.0","435990.0","Frizinghall Station","HFJ6","","","","","","","","","PEDESTRIAN","","20630377","2013-03-27","","NRAIL","","","","","Down Main/Fast","MIMS-S//DE/ - ","SE 15327 35990"
"20630378","SBF","206.1581","QF","","206.1581","2100","","MAP","","415318.0","436004.0","","HFJ6","","","","","","","","","","","20630378","2008-09-08","","JARVIS","","","","","Down Main/Fast","MIMS-S//DE/ - ",""
"20775097","SBF","206.1602","QF","","206.1602","2100","","MAP","","415337.0","435967.0","Frizinghall Station","HFJ6","","","","","","","","","Predestrian","","20775097","2013-03-14","","NRAIL","","","","","Down Main/Fast","","SE 15337 35967"
"20630379","SBF","206.1606","QF","","206.1606","2100","","MAP","","415328.0","435984.0","","HFJ6","","","","","","","","","","","20630379","2008-09-08","","JARVIS","","","","","Down Main/Fast","MIMS-S//DE/ - ",""
"20630304","SBF","208.1096","QF","","208.1096","3601","","MAP","","416381.0","433444.0","Bradford Forster Sqr","HFJ6","","","","","","","","","PEDESTRIAN","","20630304","2013-03-27","","NRAIL","","","","","","MIMS-S//DE/ - ","SE 16381 33444"
"20630305","SBF","208.1096","QF","","208.1096","3603","","MAP","","416381.0","433444.0","Bradford Forster Sqr","HFJ6","","","","","","","","","PEDESTRIAN","","20630305","2013-03-27","","NRAIL","","","","","","MIMS-S//PH/ - ","SE 16381 33444"
"20788352","SBF","206.0044","QF","","206.0044","1900","","MAR","","414920.0","437274.0","CROSSLEY SIDINGS RRAP","HFJ6","","","","","","","","","RRV ACCESS","","20788352","2022-11-01","","NRAIL","","","","","Up Siding","Access through the main entrance gates at Shipley P.Way depot, continue along the tarmac road towards the main building that leads to the secondary palisade access gates. Through these gates leads directly to the RRAP and the nearest lines are Crossley Sidings followed by the Up Forster Square. Vehicle & RRV parking is suitable at this location.  What3Words Ref:  motion.beast.admire","SE 14920 37274"
"20783687","SBF","207.055","QF","","207.055","2100","","MAR","","415615.0","435399.0","Frizinghall Skoda Garage RRAP","HFJ6","","","","","","","","","Road-Rail Vehicle","","20783687","2022-10-18","","NRAIL","","","","","Down Main/Fast","Access to the railway access gates is via Sidings Close, located directly off the junction with Canal Road <A6037>, Frizinghall. Through these gates leads directly to the RRAP and the nearest line is the Down Forster Square. Vehicle & RRV parking is suitable on the railway side of the access gates.    What3Words Ref:  supper.salt.froze","SE 15615 35399"
"20630313","SBF","205.1515","QF","","205.1515","2100","","MAV","","415090.0","437524.0","","HFJ6","","","","","","","","","","","20630313","2023-05-31","","JARVIS","","","","","Down Main/Fast","MIMS-S//DE/ - ",""
"20630314","SBF","205.1554","QF","","205.1554","2100","","MAV","","415067.0","437495.0","","HFJ6","","","","","","","","","","","20630314","2008-09-08","","JARVIS","","","","","Down Main/Fast","MIMS-S//DE/ - ",""
"20775095","SBF","206.0268","QF","","206.0268","3901","","MAV","","414890.0","437096.0","Scrap Metal Depot <Crossley Evans>","HFJ6","","","","","","","","","Vehicle","","20775095","2013-03-14","","NRAIL","","","","","","","SE 14890 37096"
"20775096","SBF","206.1574","QF","","206.1574","2100","","MAV","","415336.0","435998.0","Frizinghall Station","HFJ6","","","","","","","","","Vehicle","","20775096","2013-03-14","","NRAIL","","","","","Down Main/Fast","","SE 15336 35998"
"20180506","SBF","206.1576","QF","","206.1576","2100","","MAV","","415316.0","436009.0","","HFJ6","","","","","","","","","","","20180506","2008-09-08","","NV","","","","","Down Main/Fast","MIMS-S//DE/ - Access Point. Station. Off Canal Road, Bradford.",""
"20775098","SBF","207.0558","QF","","207.0558","2100","","MAV","","415608.0","435395.0","Car Sales <Old M6 Cash & Carry>","HFJ6","","","","","","","","","Vehicle","","20775098","2013-03-14","","NRAIL","","","","","Down Main/Fast","","SE 15608 35395"
"20775099","SBF","207.1658","QF","","207.1658","2100","","MAV","","416022.0","434480.0","Football Ground","HFJ6","","","","","","","","","Vehicle","","20775099","2013-03-14","","NRAIL","","","","","Down Main/Fast","","SE 16022 34480"
"20775100","SBF","208.0733","QF","","208.0733","3600","","MAV","","416239.0","433753.0","Retail Park support road","HFJ6","","","","","","","","","Vehicle","","20775100","2025-01-13","","NRAIL","","","","","Rev Terminal/Bay","New vehicle access point on retail park support road at 208m 733yds. Access point in cess of platform 0 line. Access point relocated from 208m 770yds","SE 16250 33718"
"20180507","SBF","208.121","QF","","208.121","9999","","MAV","","416416.0","433353.0","","HFJ6","","","","","","","","","","","20180507","2008-09-08","","NV","","","","","Unknown","Access Point. Station. From Forster Square or Cheapside.",""
"20632668","SCD","0.011","QF","","0.011","3300","","MAP","","490273.0","411375.0","GRANT RAIL YARD","HFJ4","","","","","","","","","","","20632668","2013-02-08","","NRAIL","","","","","Rev Goods","MIMS-S//SC/ - ACCESS THROUGH GRANT RAIL YARD",""
"20632669","SCD","0.0112","QF","","0.0112","3300","","MAV","","490272.0","411376.0","GRANT RAIL YARD","HFJ4","","","","","","","","","","","20632669","2013-02-08","","NRAIL","","","","","Rev Goods","MIMS-S//SC/ - ACCESS THROUGH GRANT RAIL YARD",""
"20625036","SEC","0.0101","QF","","0.0101","3300","","MAV","","461436.0","431418.0","Selby West Jn YO8 9DW","HFJ7","","","","","","","","","","","20625036","2015-02-05","","NRAIL","","","","","Rev Goods","MIMS-X///SC -",""
"20625053","SEC","0.0101","QF","","0.0101","3300","","MAV","","461436.0","431418.0","Access Driveway YO8 9DW","HFJ7","","","","","","","","","","","20625053","2015-02-05","","NRAIL","","","","","Rev Goods","MIMS-X///SC -",""
"20631358","SEC","0.0101","QF","","0.0101","3300","","MAV","","461436.0","431418.0","Selby Canal Junction YO8 9DW","HFJ7","","","","","","","","","","","20631358","2015-02-05","","NRAIL","","","","","Rev Goods","MIMS-X///SC -",""
"20775101","SEC","0.0726","QF","","0.0726","3300","","MAV","","461128.0","431865.0","Selby Canal Jn YO8 9TY","HFJ7","","","","","","","","","Vehicle","","20775101","2015-02-05","","NRAIL","","","","","Rev Goods","","SE 61128 31865"
"20771669","SHB","164.088","QF","","164.088","0","","MAP","","436332.0","394361.0","STATION ROAD BR16","HFJ4","","","","","","","","","","","20771669","2013-03-25","","NRAIL","","","","","All/Multiple Tracks","GN6053 NEW ASSETS CREATED FROM ELLIPSE 17/4/07 STC. S35 9YR.",""
"20179591","SHB","164.1144","QF","","164.1144","9999","","MAP","","436232.0","394580.0","ECCLESFIELD WEST","HFJ4","","","","","","","","","","","20179591","2013-03-25","","NV","","","","","Unknown","Access Point. Level Crossing. RT Document: ALARMS. Access on foot only. No vehicular access or parking. S35 9XH.",""
"20771670","SHB","165.0132","QF","","165.0132","0","","MAP","","436109.0","395251.0","NETHER LANE BR19","HFJ4","","","","","","","","","","","20771670","2013-03-25","","NRAIL","","","","","All/Multiple Tracks","GN6053 NEW ASSETS CREATED FROM ELLIPSE 17/4/07 STC. S35 1QN.",""
"20633778","SHB","165.1496","QF","","165.1496","2100","","MAP","","435522.0","396335.0","CHAPELTOWN ASDA CAR PARK","HFJ4","","","","","","","","","","","20633778","2013-03-25","","JARVIS","","","","","Down Main/Fast","S35 2UN.",""
"20633779","SHB","165.1496","QF","","165.1496","1100","","MAP","","435522.0","396335.0","CHAPELTOWN ASDA CAR PARK","HFJ4","","","","","","","","","","","20633779","2013-03-25","","JARVIS","","","","","Up Main/Fast","S35 2UN.",""
"20772144","SHB","166.055","QF","","166.055","0","","MAP","","435428.0","397058.0","THORNCLIFE ROAD","HFJ4","","","","","","","","","","","20772144","2013-03-25","","NRAIL","","","","","All/Multiple Tracks","GN7075 CREATING ASSETS 02/11/07 AS. S35 2TB.",""
"20771672","SHB","167.0528","QF","","167.0528","0","","MAP","","436096.0","398498.0","BLACK LANE","HFJ4","","","","","","","","","","","20771672","2013-03-25","","NRAIL","","","","","All/Multiple Tracks","GN6053 NEW ASSETS CREATED FROM ELLIPSE 17/4/07 STC. S74 0EE.",""
"20180515","SHB","167.143","QF","","167.143","0","","MAP","","436690.0","399067.0","SKIERS SPRING","HFJ4","","","","","","","","","","","20180515","2015-12-15","","NV","","","","","All/Multiple Tracks","MIMS-X///SC - Access Point. Signal Box. Via Broad Carr Lane - Not seen on SERCO. S74 0EB.",""
"20771673","SHB","168.0968","QF","","168.0968","0","","MAP","","437528.0","399905.0","HOYLAND BR44","HFJ4","","","","","","","","","","","20771673","2013-03-25","","NRAIL","","","","","All/Multiple Tracks","GN6053 NEW ASSETS CREATED FROM ELLIPSE 17/4/07 STC. S74 9DD.",""
"20771674","SHB","169.1298","QF","","169.1298","0","","MAP","","438778.0","401329.0","HEMINGFIELD BR52","HFJ4","","","","","","","","","","","20771674","2013-03-25","","NRAIL","","","","","All/Multiple Tracks","GN6053 NEW ASSETS CREATED FROM ELLIPSE 17/4/07 STC. S73 0QG.",""
"20787352","SHB","170.0462","QF","","170.0462","1100","","MAP","","439041.0","402087.0","HEMINGFIELD ROAD BR 55","HFJ4","","","","","","","","","","","20787352","2022-10-04","","NRAIL","","","","","Up Main/Fast","Hemingfield Road, Barnsley What3words parsnips.learns.flattens","SE 39041 02087"
"20771675","SHB","170.1606","QF","","170.1606","0","","MAP","","438359.0","402857.0","WOMBWELL BR58","HFJ4","","","","","","","","","","","20771675","2013-03-25","","NRAIL","","","","","All/Multiple Tracks","GN6053 NEW ASSETS CREATED FROM ELLIPSE 17/4/07 STC. S73 8UF.",""
"20771676","SHB","171.0462","QF","","171.0462","0","","MAP","","437938.0","403233.0","SMITHLEY LANE BR61","HFJ4","","","","","","","","","","","20771676","2013-03-25","","NRAIL","","","","","All/Multiple Tracks","GN6053 NEW ASSETS CREATED FROM ELLIPSE 17/4/07 STC. S73 8UF.",""
"20771678","SHB","172.1342","QF","","172.1342","0","","MAP","","436945.0","405269.0","HUNNINGLEY LANE","HFJ4","","","","","","","","","","","20771678","2013-03-25","","NRAIL","","","","","All/Multiple Tracks","GN6053 NEW ASSETS CREATED FROM ELLIPSE 17/4/07 STC. S70 3DZ.",""
"20771679","SHB","173.066","QF","","173.066","0","","MAP","","436265.0","405907.0","OAKES LANE/PIT LANE","HFJ4","","","","","","","","","","","20771679","2013-03-25","","NRAIL","","","","","All/Multiple Tracks","GN6053 NEW ASSETS CREATED FROM ELLIPSE 17/4/07 STC. S70 3RN.",""
"20771653","SHB","162.0484","QF","","162.0484","0","","MAV","","438856.0","391928.0","WINCOBANK GAS TANKS","HFJ4","","","","","","","","","","","20771653","2013-03-25","","NRAIL","","","","","All/Multiple Tracks","GN6053 NEW ASSETS CREATED FROM ELLIPSE 17/4/07 STC. S9 1LR.",""
"20787351","SHB","164.0264","QF","","164.0264","2100","","MAV","","436757.0","394004.0","BUTTERTHWAITE LANE BR 13","HFJ4","","","","","","","","","","","20787351","2022-10-04","","NRAIL","","","","","Down Main/Fast","Butterthwaite Lane, Ecclesfield What3words brings.guitar.sharp","SK 36757 94004"
"20772145","SHB","167.143","QF","","167.143","0","","MAV","","436690.0","399067.0","SKIERS SPRING","HFJ4","","","","","","","","","","","20772145","2015-12-15","","NRAIL","","","","","All/Multiple Tracks","GN7075 CREATING ASSETS 02/11/07 AS. S74 0EB  .***NO PARKING AT ANYTIME WITHOUT OWNERS CONSENT*** - Contact: Joan Braham 01226 742898",""
"20771654","SHB","171.11","QF","","171.11","0","","MAV","","437502.0","403620.0","SWAITHE VIADUCT","HFJ4","","","","","","","","","","","20771654","2013-03-25","","NRAIL","","","","","All/Multiple Tracks","GN6053 NEW ASSETS CREATED FROM ELLIPSE 17/4/07 STC. S70 3QF.",""
"20775103","SHG","14.0268","QF","","14.0268","1300","","MAV","","451297.0","431848.0","Norden Barn LC LS25 5DL","HFJ7","","","","","","","","","Vehicle","","20775103","2015-12-04","","NRAIL","","","","","Up Goods","","SE 51297 31848"
"20789870","SKS1","221.1545","QF","","221.1545","3100","","MAP","","399324.0","451293.0","East Castle Street, Skipton","HFJ6","","","","","","","","","PEDESTRIAN ACCESS","","20789870","2023-10-31","","NRAIL","","","","","Rev Main/Fast","Turn off Keighley Road <A6131> onto Castle Street. Follow Castle Street for approx 350m until reaching the cross roads with Brougham Street. Go straight ahead onto East Castle Street and drive under UB 9 where the pedestrian access gate is located.  Staff to access through the pedestrian access gate, up the access steps leading directly to the Rylstone Branch. Access point is lit by solar powered street lighting. Limited vehicle parking is available on the road side. What3Words Ref: violinist.baked.bakers","SD 99324 51293"
"20775104","SKS1","221.0814","QF","","221.0814","3100","","MAV","","399787.0","451768.0","Brougham Street School","HFJ6","","","","","","","","","Vehicle","","20775104","2013-03-14","","NRAIL","","","","","Rev Main/Fast","","SD 99787 51768"
"20624902","SKS1","222.1189","QF","","222.1189","3300","","MAV","","398437.0","451323.0","","HFJ6","","","","","","","","","","","20624902","2008-09-08","","JARVIS","","","","","Rev Goods","MIMS-SX//KB/SC - Not seen on SERCO -",""
"20775105","SKS1","222.1275","QF","","222.1275","3100","","MAV","","398352.0","451345.0","Skipton","HFJ6","","","","","","","","","Vehicle","","20775105","2013-03-14","","NRAIL","","","","","Rev Main/Fast","","SD 98352 51345"
"20775106","SKS2","0.0264","QF","","0.0264","3100","","MAP","","400033.0","453020.0","SKIPTON ROAD UB 1","HFJ6","","","","","","","","","Predestrian","","20775106","2022-11-01","","NRAIL","","","","","Rev Main/Fast","Access gate secured via 859 railway padlock, leading to concrete access steps onto trackside. The steps are located to the immediate side of SKS2-1 Skipton Road railway bridge on the high mileage side. The nearest line to the access point is the Rylstone Branch and is bi-directional. Vehicle parking is available at this location on the vergeway, although restricted for space if several vehicles require parking.  What3Words Ref: helpers.stunt.sprinkle","SE 00033 53020"
"20788353","SKS2","1.055","QF","","1.055","3100","","MAP","","398527.0","453989.0","HAGG FARM UB5","HFJ6","","","","","","","","","PEDESTRIAN ACCESS","","20788353","2022-11-01","","NRAIL","","","","","Rev Main/Fast","Access to the pedestrian access gate is located off Brackenley Lane, Skipton, along the farm road leading to Hagg Farm. Access through the gate and the access steps lead directly to the Rylstone Branch.  Vehicle parking is restricted at this location, due ti the narrow width of the farm road.. What3Words Ref: tenure.foggy.bagels","SD 98527 53989"
"20775108","SKS2","1.1382","QF","","1.1382","3100","","MAP","","398060.0","454562.0","None-Go-By Farm LC","HFJ6","","","","","","","","","Predestrian","","20775108","2013-03-14","","NRAIL","","","","","Rev Main/Fast","","SD 98060 54562"
"20178997","SKS2","1.1386","QF","","1.1386","9999","","MAP","","398058.0","454566.0","","HFJ6","","","","","","","","","","","20178997","2008-09-08","","NV","","","","","Unknown","Access Point. Foot access. TRACK ACCESS ON FOOT ONLY. NO VEHICULAR ACCESS OR PARKING",""
"20787049","SKS2","2.0908","QF","","2.0908","3100","","MAP","","397440.0","455570.0","SANDY BECK BAR OB 17","HFJ6","","","","","","","","","PEDESTRIAN ACCESS","","20787049","2024-07-17","","NRAIL","","","","","Rev Main/Fast","Access through the pedestrian gate leading directly to the access steps from B6265. The access steps lead to the Rylstone Branch and are lit via an LED solar powered street light. Vehicle parking is available in the road layby approx 100m from the access point. What 3 words: thickens.allowable.smoothly. [fabric.selection.benched]","SD 97440 55570"
"20775110","SKS2","4.1297","QF","","4.1297","3102","","MAP","","396687.0","458680.0","Rylstone <Duck Pond bridge>","HFJ6","","","","","","","","","Predestrian","","20775110","2013-03-14","","NRAIL","","","","","","","SD 96687 58680"
"20787292","SKS2","5.154","QF","","5.154","3100","","MAP","","397342.3","460064.5","New Lathe, Swinden Lane, Cracoe","HFJ6","","","","","","","","","","","20787292","2022-05-31","","NRAIL","","","","","Rev Main/Fast","From the B6265 [Rylstone to Cracoe road] on entering Cracoe, a farm track leads to Bridge 29. Access gate is on left after passing under the bridge.","SD 97342 60064"
"20775112","SKS2","6.1108","QF","","6.1108","3101","","MAP","","398182.0","461037.0","Rylstone Quarry","HFJ6","","","","","","","","","Predestrian","","20775112","2013-03-14","","NRAIL","","","","","","","SD 98182 61037"
"20775107","SKS2","0.1443","QF","","0.1443","3100","","MAV","","399173.0","453483.0","Brackenley Lane <Golf Course>","HFJ6","","","","","","","","","Vehicle","","20775107","2022-01-25","","NRAIL","","","","","Rev Main/Fast","Access through the vehicular access gate, just off the layby in close proximity to UB 5 - SKS2 <Brackenley Lane>                                                                    PLEASE NOTE: THIS AREA IS FOR PEDESTRIAN ACCESS & VEHICLE PARKING AND NOT TO BE USED AS AN RRV OR MATERIALS OFFLOAD & STORAGE POINT","SD 99168 53470"
"20179582","SKS2","2.044","QF","","2.044","3100","","MAV","","397716.0","455214.0","Crook Rise LC","HFJ6","","","","","","","","","Vehicle","","20179582","2013-03-14","","NRAIL","","","","","Rev Main/Fast","","SD 97716 55214"
"20775109","SKS2","3.0366","QF","","3.0366","3101","","MAV","","396976.0","456545.0","Scalehouse LC","HFJ6","","","","","","","","","Vehicle","","20775109","2013-03-14","","NRAIL","","","","","","","SD 96976 56545"
"20179680","SKS2","5.0374","QF","","5.0374","9999","","MAV","","396613.0","459411.0","","HFJ6","","","","","","","","","","","20179680","2008-09-08","","NV","","","","","Unknown","Access Point. Level Crossing. RT Document: ALARMS.",""
"20775111","SKS2","5.0377","QF","","5.0377","3100","","MAV","","396613.0","459419.0","Rylstone LC","HFJ6","","","","","","","","","Vehicle","","20775111","2013-03-14","","NRAIL","","","","","Rev Main/Fast","","SD 96613 59419"
"20775484","SKW1","222.0499","QF","","222.0499","1100","","MAP","","396905.0","451372.0","Broughgton Road OB 2","HFJ6","","","","","","","","","PEDESTRIAN","","20775484","2013-10-23","","NRAIL","","","","","Up Main/Fast","New pedestrian access from Broughton Road leading directly to the trackside.",""
"20180518","SKW1","224.1728","QF","","224.1728","1100","","MAP","","393222.0","453578.0","Gargrave","HFJ6","","","","","","","","","PEDESTRIAN","","20180518","2013-03-27","","NRAIL","","","","","Up Main/Fast","Access Point. Station. A65 from Skipton towards Kendal. On entering Gargrave Road bends sharp left followed by sharp left then sharp bend right. Turn left to Station and Broughton; passing over river bridge and past church on left. Station approx. 100 yards further on right.","SD 93222 53578"
"20626347","SKW1","224.1735","QF","","224.1735","2100","","MAP","","393216.0","453579.0","Gargrave","HFJ6","","","","","","","","","PEDESTRIAN","","20626347","2013-03-27","","NRAIL","","","","","Down Main/Fast","MIMS-SX//KB/MM -","SD 93216 53579"
"20775115","SKW1","225.1267","QF","","225.1267","2100","","MAP","","392042.3","453757.3","New Brighton Caravan Park","HFJ6","","","","","","","","","Predestrian","","20775115","2022-05-31","","NRAIL","","","","","Down Main/Fast","Exiting Gargraave on Marton Roadpass under the railway bridge, immediately left is the lane to New Brighton cottages. The Access Gate is on the left as this lane is entered. What3words : untruth.shed.senior","SD 92042 53757"
"20775116","SKW1","226.1362","QF","","226.1362","1100","","MAP","","391053.0","455039.0","Coniston Cold road bridge ","HFJ6","","","","","","","","","Predestrian","","20775116","2013-03-14","","NRAIL","","","","","Up Main/Fast","","SD 91053 55039"
"20775117","SKW1","227.1018","QF","","227.1018","1100","","MAP","","390396.0","456091.0","Bell Busk Viaduct","HFJ6","","","","","","","","","Predestrian","","20775117","2013-03-14","","NRAIL","","","","","Up Main/Fast","","SD 90396 56091"
"20775118","SKW1","227.1446","QF","","227.1446","1100","","MAP","","390193.0","456424.0","Bell Busk Tudor House Old Station","HFJ6","","","","","","","","","Predestrian","","20775118","2013-03-14","","NRAIL","","","","","Up Main/Fast","","SD 90193 56424"
"20775119","SKW1","228.033","QF","","228.033","1100","","MAP","","389731.0","456788.0","Bell Busk","HFJ6","","","","","","","","","Predestrian","","20775119","2013-03-14","","NRAIL","","","","","Up Main/Fast","","SD 89731 56788"
"20775120","SKW1","229.0307","QF","","229.0307","2100","","MAP","","388226.0","457148.0","Val Caton""s Farm","HFJ6","","","","","","","","","Predestrian","","20775120","2013-03-14","","NRAIL","","","","","Down Main/Fast","","SD 88226 57148"
"20775744","SKW1","225.0164","QF","","225.0164","0","","MAR","","393044.0","453601.0","GARGRAVE STONEYARD RRAP","HFJ6","","","","","","","","","Road-Rail Vehicle","","20775744","2014-02-18","","NRAIL","","","","","All/Multiple Tracks","New 10.8M wide double track RRAP installed with Drop Down Bollards and concrete approaches","SD 93044 53601"
"20775113","SKW1","222.1092","QF","","222.1092","0","","MAV","","396454.0","451676.0","Niffany LC","HFJ6","","","","","","","","","Vehicle","","20775113","2013-03-14","","NRAIL","","","","","All/Multiple Tracks","","SD 96454 51676"
"20179139","SKW1","222.11","QF","","222.11","0","","MAV","","396451.0","451682.0","","HFJ6","","","","","","","","","","","20179139","2008-09-08","","NV","","","","","All/Multiple Tracks","MIMS-X///MM - Access Point. Level Crossing. RT Document: ALARMS. No parking on occupation road",""
"20775114","SKW1","225.022","QF","","225.022","1100","","MAV","","393055.0","453600.0","Gargrave Stone Yard","HFJ6","","","","","","","","","Vehicle","","20775114","2013-03-14","","NRAIL","","","","","Up Main/Fast","","SD 93055 53600"
"20771757","SMJ1","166.165","QF","","166.165","0","","MAV","","446173.0","398999.0","SWINTON STATION","HFJ4","","","","","","","","","","","20771757","2013-03-25","","NRAIL","","","","","All/Multiple Tracks","GN6067 NEW ASSETS CREATED FROM ELLIPSE 24/4/07 STC. S64 8TY.",""
"20772147","SMJ1","167.0","QF","","167.0","0","","MAV","","446169.0","399094.0","SWINTON RELAY ROOM","HFJ4","","","","","","","","","","","20772147","2013-03-25","","NRAIL","","","","","All/Multiple Tracks","GN7075 CREATING ASSETS 02/11/07 AS. S64 8AS.",""
"20787353","SMJ1","167.0374","QF","","167.0374","2100","","MAV","","446151.0","399436.0","WHITELEE ROAD / SWINTON CURVE","HFJ4","","","","","","","","","","","20787353","2022-10-04","","NRAIL","","","","","Down Main/Fast","What3words exits.grills.rural","SK 46151 99436"
"20771758","SMJ1","167.1452","QF","","167.1452","0","","MAV","","445807.0","400346.0","WATH ROAD 1","HFJ4","","","","","","","","","","","20771758","2013-03-25","","NRAIL","","","","","All/Multiple Tracks","GN6067 NEW ASSETS CREATED FROM ELLIPSE 24/4/07 STC. S63 5AD.",""
"20771759","SMJ1","167.1716","QF","","167.1716","0","","MAV","","445689.0","400553.0","WATH ROAD 2 DEARNE JCN","HFJ4","","","","","","","","","","","20771759","2013-03-25","","NRAIL","","","","","All/Multiple Tracks","GN6067 NEW ASSETS CREATED FROM ELLIPSE 24/4/07 STC. S63 5NB.",""
"20790291","SMJ2","0.0814","QF","","0.0814","1100","","MAP","","448429.0","427170.0","Mastermans LC LS25 5JH","HFJ7","","","","","","","","","","","20790291","2024-04-16","","NRAIL","","","","","Up Main/Fast","What3Words : clips.recap.rumble","SE 48429 27170"
"20179028","SMJ2","0.099","QF","","0.099","9999","","MAP","","448411.0","427004.0","Burton Salmon WF11 9EF","HFJ7","","","","","","","","","","","20179028","2015-02-05","","NV","","","","","Unknown","Access Point. Level Crossing. RT Document: ALARMS. Access on foot only. No vehicular access or parking.",""
"20773301","SMJ2","1.0066","QF","","1.0066","1100","","MAP","","448398.0","426242.0","Footbridge - WF11 9EG","HFJ7","","","","","","","","","ME00755Nw","","20773301","2022-09-20","","NRAIL","","","","","Up Main/Fast","KEY FROM FERRYBRIDGE SB     Mileage should be 1m 66yds - Amend in Ellipse","SE 48398 26242"
"20775125","SMJ2","1.1056","QF","","1.1056","2100","","MAP","","448135.0","425392.0","Ferryhill Power Station Lockout WF11 8UL","HFJ7","","","","","","","","","Pedestrian","","20775125","2022-07-01","","NRAIL","","","","","Down Main/Fast","Brotherton River Bridge Lockout - To reach the access point you need to drive through Ferrybridge PowerStation.","SE 48135 25392"
"20775127","SMJ2","2.0594","QF","","2.0594","2100","","MAP","","448198.0","424190.0","Ferrybridge WF11 8PL","HFJ7","","","","","","","","","Pedestrian","","20775127","2015-02-05","","NRAIL","","","","","Down Main/Fast","","SE 48198 24190"
"20773302","SMJ2","2.154","QF","","2.154","1100","","MAP","","448016.9","423441.7","Sowergate Lane WF11 0BN","HFJ7","","","","","","","","","NV","","20773302","2021-05-19","","NRAIL","","","","","Up Main/Fast"," ",""
"20771442","SMJ2","3.044","QF","","3.044","2100","","MAP","","447604.0","423005.0","Overbridge No 20 WF8 2LA","HFJ7","","","","","","","","","","","20771442","2015-02-05","","NRAIL","","","","","Down Main/Fast","A645, Knottingley Road",""
"20629397","SMJ2","5.1166","QF","","5.1166","1100","","MAP","","445738.0","419984.0","East Hardwick Road Bridge WF8 3SF","HFJ7","","","","","","","","","ME00755Nw","","20629397","2022-09-21","","NRAIL","","","","","Up Main/Fast","Should be Up Side - Amend in Ellipse","SE 45738 19984"
"20773303","SMJ2","7.0484","QF","","7.0484","1100","","MAP","","445439.3","417433.1","Rigg Lane WF8 3EG","HFJ7","","","","","","","","","NV","","20773303","2021-05-19","","NRAIL","","","","","Up Main/Fast"," ",""
"20775132","SMJ2","7.053","QF","","7.053","1100","","MAP","","445432.0","417390.0","Rigg Lane WF8 3EG","HFJ7","","","","","","","","","Pedestrian","","20775132","2015-02-05","","NRAIL","","","","","Up Main/Fast","","SE 45432 17390"
"20775135","SMJ2","9.1508","QF","","9.1508","2100","","MAP","","445045.0","413326.0"," Royd Moor","HFJ7","","","","","","","","","ME00755Nw","","20775135","2022-09-21","","NRAIL","","","","","Down Main/Fast","Local Name Royd Moor - Amend in Ellipse","SE 45045 13326"
"20775121","SMJ2","0.066","QF","","0.066","1100","","MAV","","448448.0","427283.0","Mastermans LS25 5JW","HFJ7","","","","","","","","","ME00755Nw","","20775121","2022-09-20","","NRAIL","","","","","Up Main/Fast","Mileage difference <showing as 0m 674yds in Ellipse> - Comfirmed as 660yds - Amend in Ellipse","SE 48448 27283"
"20775122","SMJ2","0.0778","QF","","0.0778","1100","","MAV","","448434.0","427179.0","Mastermans LC LS25 5JW","HFJ7","","","","","","","","","Vehicle","","20775122","2022-07-01","","NRAIL","","","","","Up Main/Fast","","SE 48434 27179"
"20771443","SMJ2","1.073","QF","","1.073","1100","","MAV","","448291.0","425646.0","Brotherton Bridge No 9 WF11 9HL","HFJ7","","","","","","","","","","","20771443","2015-02-05","","NRAIL","","","","","Up Main/Fast","Track off Low Street",""
"20775126","SMJ2","2.0136","QF","","2.0136","1100","","MAV","","448097.0","424662.0","Ferrybridge New Gate WF11 8NG","HFJ7","","","","","","","","","ME00755Nw","","20775126","2022-09-21","","NRAIL","","","","","Up Main/Fast","Mileage difference <showing as 2m 124yds in Ellipse> - Confirmed as 136yds - Amend in Ellipse","SE 48097 24662"
"20180463","SMJ2","2.023","QF","","2.023","1100","","MAV","","448116.0","424574.0","Ferrybridge SB WF11 8NG","HFJ7","","","","","","","","","ME00755Nw","","20180463","2022-09-21","","NRAIL","","","","","Up Main/Fast","MIMS-S//PH/ - Access Point. Signal Box. Track leading from Stranglands Lane immediately east of railway bridge     Mileage difference <showing as 2m 213yds in Ellipse> - Confirmed as 230yds - Amend in Ellipse","SE 48116 24574"
"20611160","SMJ2","2.0904","QF","","2.0904","2100","","MAV","","448229.0","423971.0","Ferrybridge South Junction WF11 8PL","HFJ7","","","","","","","","","ME00755Nw","","20611160","2022-09-21","","NRAIL","","","","","Down Main/Fast","MIMS-S//PH/ -     Should be Ferrybridge South Jn - Amend in Ellipse","SE 48229 23971"
"20775130","SMJ2","4.0532","QF","","4.0532","2100","","MAV","","446210.0","422040.0","Pontefract Baghill Station WF8 1RB","HFJ7","","","","","","","","","Vehicle","","20775130","2015-02-05","","NRAIL","","","","","Down Main/Fast","","SE 46210 22040"
"20771441","SMJ2","6.1604","QF","","6.1604","2100","","MAV","","445469.0","418015.0","Low Ackworth WF7 7EZ","HFJ7","","","","","","","","","","","20771441","2015-02-05","","NRAIL","","","","","Down Main/Fast","Station Road, Access gate is approx 25 yards from running lines.",""
"20771439","SMJ2","8.01","QF","","8.01","2100","","MAV","","445250.0","416191.0","Ackworth Moor Top WF9 1AY","HFJ7","","","","","","","","","","","20771439","2022-07-01","","NRAIL","","","","","Down Main/Fast","Off A638, Moor House","SE 45250 16191"
"20771763","SMJ2","10.132","QF","","10.132","0","","MAV","","445713.0","412053.0","OFF MINSTHORPE LANE WF9 2PD","HFJ7","","","","","","","","","","","20771763","2015-02-05","","NRAIL","","","","","All/Multiple Tracks","GN6067 NEW ASSETS CREATED FROM ELLIPSE 24/4/07 STC",""
"20775136","SMJ2","10.154","QF","","10.154","1100","","MAV","","445815.0","411879.0","Moorthorpe WF9 2PD","HFJ4","","","","","","","","","Vehicle","","20775136","2015-02-05","","NRAIL","","","","","Up Main/Fast","","SE 45815 11879"
"20180465","SMJ2","11.0638","QF","","11.0638","0","","MAV","","446108.0","411155.0","MOORTHORPE STATION","HFJ4","","","","","","","","","","","20180465","2013-03-25","","NV","","","","","All/Multiple Tracks","MIMS-S//de/ - Access Point. Station. M1 to Jn 42 for Wakefield, A638 Wakefield to Doncaster, turn right at roundabout. B6474. down to crossroads, turn right at crossroads over two railway bridges, turn left stn 150 yds on left Not Seen on site visit. WF9 3TA.",""
"20180466","SMJ2","11.0761","QF","","11.0761","2500","","MAV","","446132.0","411046.0","MOORTHORPE STATION JN","HFJ4","","","","","","","","","","","20180466","2013-03-25","","NV","","","","","Down Loop","MIMS-S//de/ - Access Point. Signal Box. Barnsley Road. WF9 3AT.",""
"20771762","SMJ2","12.0308","QF","","12.0308","0","","MAV","","446250.0","409861.0","FRICKLEY COLLERY BR JN","HFJ4","","","","","","","","","","","20771762","2013-03-25","","NRAIL","","","","","All/Multiple Tracks","GN6067 NEW ASSETS CREATED FROM ELLIPSE 24/4/07 STC. WF9 2NB.",""
"20771761","SMJ2","13.1012","QF","","13.1012","0","","MAV","","446183.0","407608.0","CHURCHFIELD ROAD","HFJ4","","","","","","","","","","","20771761","2013-03-25","","NRAIL","","","","","All/Multiple Tracks","GN6067 NEW ASSETS CREATED FROM ELLIPSE 24/4/07 STC. DN5 7BZ.",""
"20180467","SMJ2","13.1396","QF","","13.1396","0","","MAV","","446163.0","407262.0","STOTFOLD ROAD BRIDGE 61","HFJ4","","","","","","","","","","","20180467","2013-03-25","","NV","","","","","All/Multiple Tracks","MIMS-S//de/ - Access Point. Station. Not Seen on site visit. DN5 7BZ.",""
"20771760","SMJ2","15.0154","QF","","15.0154","0","","MAV","","445827.0","405211.0","HICKLETON","HFJ4","","","","","","","","","","","20771760","2013-03-25","","NRAIL","","","","","All/Multiple Tracks","GN6067 NEW ASSETS CREATED FROM ELLIPSE 24/4/07 STC. S63 0SW.",""
"20771756","SMJ2","15.055","QF","","15.055","0","","MAV","","445745.0","404849.0","WHITELEE ROAD SWINTON","HFJ4","","","","","","","","","","","20771756","2013-03-25","","NRAIL","","","","","All/Multiple Tracks","GN6067 NEW ASSETS CREATED FROM ELLIPSE 24/4/07 STC. S63 0JF.",""
"20180470","SMJ2","16.1232","QF","","16.1232","9999","","MAV","","445755.0","402642.0","BOLTON-ON-DEARNE","HFJ4","","","","","","","","","","","20180470","2013-03-25","","NRAIL","","","","","Unknown","Access Point. Station. Lowfield Road to Station Front. Walk to line side. S63 8NY.",""
"20775137","SMJ3","15.0276","QF","","15.0276","1100","","MAV","","450223.0","429995.0","Monk Fryston [Train Spotters Bridge] LS25 5DD","HFJ7","","","","","","","","","Vehicle","","20775137","2022-07-01","","NRAIL","","","","","Up Main/Fast","","SE 50223 29995"
"20775138","SMJ3","15.1252","QF","","15.1252","1100","","MAV","","449966.0","429141.0","Hillam Gates LC LS25 5HB","HFJ7","","","","","","","","","Vehicle","","20775138","2015-02-05","","NRAIL","","","","","Up Main/Fast","","SE 49966 29141"
"20771444","SMJ3","16.15","QF","","16.15","1100","","MAV","","448763.0","427801.0","Burton Salmon LS25 5JQ","HFJ7","","","","","","","","","VEHICLE","","20771444","2015-02-05","","NRAIL","","","","","Up Main/Fast","Gate is at end of Ledgate Lane","SE 48763 27801"
"20180022","SOT","0.055","QF","","0.055","3300","","MAV","","451346.0","527978.0","Graythorpe LC TS25 2BQ","HFJ1","","","","","","","","","","","20180022","2012-05-01","","NRAIL","","","","","Rev Goods","MIMS-S//KB/ - Access Point. Level Crossing. RT Document: ALARMS. No parking on occupation road - Not seen during MIMS site visit -",""
"20633035","SPC9","146.0352","QF","","146.0352","2100","","MAP","","438830.0","371348.0","CHESTERFIELD FISH DOCK","HFJ4","","","","","","","","","","","20633035","2022-10-04","","NRAIL","","","","","Down Main/Fast","S41 7UB.",""
"20771764","SPC9","146.0264","QF","","146.0264","0","","MAV","","438816.0","371268.0","CHESTERFIELD YARD","HFJ4","","","","","","","","","","","20771764","2013-03-25","","NRAIL","","","","","All/Multiple Tracks","GN6067 NEW ASSETS CREATED FROM ELLIPSE 24/4/07 STC. S41 0FJ.",""
"20633056","SPC9","146.0907","QF","","146.0907","2100","","MAV","","438892.0","371851.0","HOLE IN WALL BRIDGE 88","HFJ4","","","","","","","","","","","20633056","2013-03-25","","JARVIS","","","","","Down Main/Fast","MIMS-SX//sc/KB - Not seen on SERCO. S41 7UW.",""
"20179237","SPD4","99.0814","QF","","99.0814","9999","","MAP","","479918.0","387947.0","BOLEFIELDS","HFJ4","","","","","","","","","","","20179237","2013-03-25","","NRAIL","","","","","Unknown","Access Point. Level Crossing. RT Document: ALARMS. Access on foot only. No vehicular access or parking. DN22 9EH.",""
"20787355","SPD4","100.0792","QF","","100.0792","2100","","MAP","","478886.0","389081.0","RAMPER ROAD","HFJ4","","","","","","","","","","","20787355","2022-10-04","","NRAIL","","","","","Down Main/Fast","What3words hires.enforced.obliging","SK 78886 89081"
"20772161","SPD4","101.0154","QF","","101.0154","0","","MAP","","478484.0","390028.0","SELBYS LC","HFJ4","","","","","","","","","","","20772161","2013-03-25","","NRAIL","","","","","All/Multiple Tracks","GN7075 CREATING ASSETS 02/11/07 AS. DN10 4PX.",""
"20787356","SPD4","101.1188","QF","","101.1188","2100","","MAP","","478132.0","390876.0","TETHERINGRASS LANE / SELBYS","HFJ4","","","","","","","","","","","20787356","2022-10-04","","NRAIL","","","","","Down Main/Fast","What3words audio.suppose.joystick","SK 78132 90876"
"120000151","SPD4","103.0968","QF","","103.0968","1100","","MAP","","477656.0","393864.0","Br91","HFJ4","","","","","","","","","Pedestrian Access Point","","120000151","2025-04-30","","","","","","","Up Main/Fast","what 3 words: breezes.tour.merely",""
"20774078","SPD4","103.1584","QF","","103.1584","2100","","MAP","","477627.7","394399.7","MISTERTON BR92","HFJ4","","","","","","","","","","","20774078","2021-05-18","","NRAIL","","","","","Down Main/Fast","06/09/10 CREATING ASSET - AS. DN10 4DQ.",""
"20787357","SPD4","104.0352","QF","","104.0352","1100","","MAP","","477574.0","394880.0","SOSS LANE BR 94","HFJ4","","","","","","","","","","","20787357","2022-10-04","","NRAIL","","","","","Up Main/Fast","What3words producers.multiple.supreme","SK 77574 94880"
"20179141","SPD4","104.0704","QF","","104.0704","9999","","MAP","","477526.0","395178.0","MISTERTON","HFJ4","","","","","","","","","","","20179141","2013-03-25","","NV","","","","","Unknown","Access Point. Level Crossing. RT Document: ALARMS. Access on foot only. No vehicular access or parking. DN10 4DQ.",""
"20179142","SPD4","104.1034","QF","","104.1034","9999","","MAP","","477479.0","395474.0","IDLE FOOT","HFJ4","","","","","","","","","","","20179142","2013-03-25","","NV","","","","","Unknown","Access Point. Level Crossing. RT Document: ALARMS. Access on foot only. No vehicular access or parking. DN10 4BB.",""
"20179143","SPD4","105.0704","QF","","105.0704","9999","","MAP","","477226.0","396775.0","TINDALL BANK","HFJ4","","","","","","","","","","","20179143","2013-03-25","","NV","","","","","Unknown","Access Point. Level Crossing. RT Document: ALARMS. Access on foot only. No vehicular access or parking. DN9 2NW.",""
"20179144","SPD4","107.0792","QF","","107.0792","9999","","MAP","","474415.0","398261.0","THINHOLME","HFJ4","","","","","","","","","","","20179144","2013-03-25","","NV","","","","","Unknown","Access Point. Level Crossing. RT Document: ALARMS. Access on foot only. No vehicular access or parking. DN9 2ET.",""
"20787354","SPD4","100.0132","QF","","100.0132","1100","","MAV","","479140.0","388508.0","MARSH LANE / SAUNDBY","HFJ4","","","","","","","","","","","20787354","2022-10-04","","NRAIL","","","","","Up Main/Fast","Marsh Lane, Saundby, Bole, Bassetlaw. What3words resurgent.seasick.sorters","SK 79140 88508"
"20180474","SPD4","100.1716","QF","","100.1716","9999","","MAV","","478555.0","389863.0","BECKINGHAM LC","HFJ4","","","","","","","","","","","20180474","2013-03-25","","NV","","","","","Unknown","Access Point. Signal Box/LC. Turn right off A631 from Gainsborough at first roundabout passed the Railway Bridge then first right into Station Road. Entrance off Old Trent Road. DN10 4PX.",""
"20179140","SPD4","102.1144","QF","","102.1144","9999","","MAV","","477752.0","392396.0","WALKERINGHAMS","HFJ4","","","","","","","","","","","20179140","2013-03-25","","NV","","","","","Unknown","Access Point. Level Crossing. RT Document: ALARMS. No parking on occupation road. DN10 4JW.",""
"20179679","SPD4","104.1452","QF","","104.1452","9999","","MAV","","477416.0","395873.0","NORTH CARR","HFJ4","","","","","","","","","","","20179679","2013-03-25","","NV","","","","","Unknown","Access Point. Level Crossing. RT Document: ALARMS. DN10 4BB.",""
"20179699","SPD4","105.1276","QF","","105.1276","9999","","MAV","","476946.0","397213.0","HAXEY","HFJ4","","","","","","","","","","","20179699","2013-03-25","","NV","","","","","Unknown","Access Point. Level Crossing. RT Document: ALARMS. DN9 2NL.",""
"20179226","SPD4","106.1738","QF","","106.1738","9999","","MAV","","475143.0","398074.0","LANGHOLME","HFJ4","","","","","","","","","","","20179226","2013-03-25","","NV","","","","","Unknown","Access Point. Level Crossing. RT Document: ALARMS. No parking on occupation road. DN9 2ET.",""
"20788510","SPW","1.0748","QF","","1.0748","3300","","MAP","","507073.0","429528.0","Walton Street Junction HU3 6LJ","HFJ7","","","","","","","","","","","20788510","2022-11-29","","NRAIL","","","","","Rev Goods","[values.audit.pull]","TA 07073 29528"
"120000291","SSK1","27.096","QF","","27.096","2100","","MAP","","466033.0","521196.0"," WINDSOR ROAD/BUILDERS YARD","HFJ1","","","","","","","","","","","120000291","2025-02-12","","","","","","","Down Main/Fast","W3W diets.unwraps.educates
GPS NZ 66033 21196
ELLIPSE ASSET REF 000019866031",""
"20638312","SSK1","27.147","QF","","27.147","1300","","MAP","","466051.0","520762.0","Bridge, Marske Mill Lane, Saltburn TS12 1HY","HFJ1","","","","","","","","","ME00755Nw","","20638312","2022-10-13","","NRAIL","","","","","Up Goods","MIMS-O///PH - Record automatically added from OMNICOM",""
"20776749","SSK1","28.0","QF","","28.0","3300","","MAP","","466034.0","520476.0","Hob Hill, Saltburn TS12 1NA","HFJ1","","","","","","","","","","","20776749","2022-11-14","","NRAIL","","","","","Rev Goods","Access at Hob Hill Crescent. [universal.curvy.dumpy]","NZ 66034 20477"
"20776785","SSK1","28.0814","QF","","28.0814","3300","","MAP","","466279.0","519787.0","Skelton Bypass TS12 2WB","HFJ1","","","","","","","","","","","20776785","2015-02-13","","NRAIL","","","","","Rev Goods","Bridge 4A, Down Cess.  Pedestrian Access only.",""
"20776748","SSK1","29.0044","QF","","29.0044","3300","","MAP","","466965.0","519197.0","Hollybush Bridge 6 TS12 3YT","HFJ1","","","","","","","","","","","20776748","2015-01-13","","NRAIL","","","","","Rev Goods","Access at Bridge Up Cess.",""
"20179029","SSK1","29.0594","QF","","29.0594","0","","MAP","","467356.0","518881.0","North Skelton TS12 2BA","HFJ1","","","","","","","","","","","20179029","2012-05-01","","NRAIL","","","","","All/Multiple Tracks","MIMS-S//DE/ - NOT FOUND ON STAGE1 SITE VISIT Access Point. Level Crossing. RT Document: ALARMS. Access on foot only. No vehicular access or parking.",""
"120000631","SSK1","29.1254","QF","","29.1254","3300","","MAP","","467836.0","518534.0","EAST PASTURES SKELTON","HFJ1","","","","","","","","","PEDESTRIAN","","120000631","2025-07-08","","","","","","","Rev Goods","",""
"20178958","SSK1","30.0396","QF","","30.0396","0","","MAP","","468543.0","518811.0","Botton TS12 2TU","HFJ1","","","","","","","","","ME00755Nw","","20178958","2022-09-26","","NRAIL","","","","","All/Multiple Tracks","MIMS-S//DE/ - NOT FOUND ON STAGE1 SITE VISIT Access Point. Foot access. TRACK ACCESS ON FOOT ONLY. NO VEHICULAR ACCESS OR PARKING",""
"20788628","SSK1","30.0748","QF","","30.0748","1300","","MAP","","468610.0","519123.0","Lumpsey Pitt/Bridge 12 Brotton, TS12 2XT","HFJ1","","","","","","","","","","","20788628","2022-12-21","","NRAIL","","","","","Up Goods","[stirs.among.kidney]","NZ 68610 19123"
"20179280","SSK1","31.0132","QF","","31.0132","0","","MAP","","468507.0","520158.0","Botton TS12 2AZ","HFJ1","","","","","","","","","ME00755Nw","","20179280","2022-09-26","","NRAIL","","","","","All/Multiple Tracks","MIMS-S//DE/ - NOT FOUND ON STAGE1 SITE VISIT Access Point. Level Crossing. RT Document: ALARMS. Access on foot only. No vehicular access or parking.",""
"20179030","SSK1","31.033","QF","","31.033","0","","MAP","","468449.0","520329.0","Botton TS12 2TU","HFJ1","","","","","","","","","ME00755Nw","","20179030","2022-09-26","","NRAIL","","","","","All/Multiple Tracks","MIMS-S//DE/ - NOT FOUND ON STAGE1 SITE VISIT Access Point. Level Crossing. RT Document: ALARMS. Access on foot only. No vehicular access or parking.",""
"20179031","SSK1","32.1408","QF","","32.1408","0","","MAP","","469805.0","521243.0","Low Farm TS12 2QX","HFJ1","","","","","","","","","ME00755Nw","","20179031","2022-09-26","","NRAIL","","","","","All/Multiple Tracks","MIMS-S//DE/ - NOT FOUND ON STAGE1 SITE VISIT Access Point. Level Crossing. RT Document: ALARMS. Access on foot only. No vehicular access or parking.",""
"120000632","SSK1","28.1254","QF","","28.1254","3300","","MAV","","466576.0","519516.0","GORDEN GELL SKELTON","HFJ1","","","","","","","","","GORDEN GELLS VEHICLE ACCESS","","120000632","2025-07-04","","","","","","","Rev Goods","Ellipse Asset No 000019907670
refusals.unheated.tigers",""
"20179418","SSK1","29.011","QF","","29.011","0","","MAV","","467012.0","519159.0","Skelton Industrial Est, Single SSK1/29.5 TS12 2XZ","HFJ1","","","","","","","","","","","20179418","2012-05-01","","NRAIL","","","","","All/Multiple Tracks","MIMS-S//DE/ - NOT FOUND ON STAGE1 SITE VISIT Access Point. Level Crossing. RT Document: ALARMS. No parking on occupation road. Site of old Accom. Crossing. Gate onto track on Down side. Road to gate from BR 6.",""
"20180476","SSK1","33.1518","QF","","33.1518","0","","MAV","","470162.0","519610.0","Crag Hall SBX TS13 4EA","HFJ1","","","","","","","","","","","20180476","2012-05-01","","NRAIL","","","","","All/Multiple Tracks","MIMS-S//DE/ - NOT FOUND ON STAGE1 SITE VISIT Access Point. Signal Box. North Skelton Road A173 turn left at traffic lights in Carlin How into B.S.C. Skinningrove drive along side of sidings to box",""
"20638224","STF","0.0102","QF","","0.0102","2100","","MAP","","443004.0","522078.0","Norton on Tees West TS20 1SP","HFJ1","","","","","","","","","ME00755Nw","","20638224","2022-09-29","","NRAIL","","","","","Down Main/Fast","MIMS-O///PH - Record automatically added from OMNICOM",""
"20784708","STF","0.1672","QF","","0.1672","2100","","MAP","","441670.0","522257.0","A177 Durham Road, TS21 3LR","HFJ1","","","","","","","","","","","20784708","2021-01-05","","NRAIL","","","","","Down Main/Fast","The A177 has a 50mph speed limit with no pavement or off-road parking for vehicles.  DO NOT park or congregate in the vicinity of the two properties located on the southern approach to the bridge [Hostile resident]",""
"20178959","STF","1.1672","QF","","1.1672","2100","","MAP","","440091.0","522446.0","WHITWELL, TS21 3LB","HFJ1","","","","","","","","","ME00755Nw","","20178959","2022-09-26","","NRAIL","","","","","Down Main/Fast","Access Point. Foot access. TRACK ACCESS ON FOOT ONLY. NO VEHICULAR ACCESS OR PARKING",""
"20178960","STF","2.1342","QF","","2.1342","9999","","MAP","","438880.0","522937.0","Holmsley Farm TS21 1DR","HFJ1","","","","","","","","","","","20178960","2012-05-01","","NRAIL","","","","","Unknown","Access Point. Foot access. TRACK ACCESS ON FOOT ONLY. NO VEHICULAR ACCESS OR PARKING",""
"20782067","STF","3.044","QF","","3.044","1100","","MAP","","438169.0","523232.0","WHITTON TS21 3HZ","HFJ1","","","","","","","","","","","20782067","2018-02-14","","NRAIL","","","","","Up Main/Fast","Gated access leading down to steps onto the track TS21 3HZ",""
"20178961","STF","5.0374","QF","","5.0374","9999","","MAP","","435132.0","524160.0","Stillington Moor House UWC TS21 1NJ","HFJ1","","","","","","","","","","","20178961","2012-05-01","","NRAIL","","","","","Unknown","Access Point. Foot access. TRACK ACCESS ON FOOT ONLY. NO VEHICULAR ACCESS OR PARKING",""
"20179555","STF","5.1232","QF","","5.1232","9999","","MAP","","434645.0","524765.0","Foxton TS21 2HE","HFJ1","","","","","","","","","","","20179555","2012-05-01","","NRAIL","","","","","Unknown","Access Point. Level Crossing. RT Document: ALARMS. Access on foot only. No vehicular access or parking.",""
"20179534","STF","5.1628","QF","","5.1628","9999","","MAP","","434439.0","525062.0","Foxton TS21 2HE","HFJ1","","","","","","","","","","","20179534","2012-05-01","","NRAIL","","","","","Unknown","Access Point. Level Crossing. RT Document: ALARMS. Access on foot only. No vehicular access or parking.",""
"20638252","STF","7.0257","QF","","7.0257","2100","","MAP","","433186.0","526550.0","Mordon Village TS21 2JU","HFJ1","","","","","","","","","ME00755Nw","","20638252","2022-09-29","","NRAIL","","","","","Down Main/Fast","MIMS-O///PH - Record automatically added from OMNICOM",""
"20776747","STF","8.0616","QF","","8.0616","2100","","MAP","","433030.0","528408.0","Sedgefield Old Station TS21 2EP","HFJ1","","","","","","","","","ME00755Nw","","20776747","2023-11-24","","NRAIL","","","","","Down Main/Fast","Access from Bridge 23.",""
"20179828","STF","0.0726","QF","","0.0726","0","","MAV","","442525.0","522333.0","Norton on Tees West TS19 9LT","HFJ1","","","","","","","","","","","20179828","2012-05-01","","NRAIL","","","","","All/Multiple Tracks","MIMS-S//JM/ - Access Point. Signal Box/LC. Off Juction Road and turn into Blakeston Lane - Not seen during MIMS site visit -",""
"20638392","STF","5.0246","QF","","5.0246","2100","","MAV","","435222.0","524084.0","Stillington Junction TS21 1NJ","HFJ1","","","","","","","","","ME00755Nw","","20638392","2022-09-29","","NRAIL","","","","","Down Main/Fast","MIMS-O///PH - Record automatically added from OMNICOM",""
"20784148","STF","6.033","QF","","6.033","9999","","MAV","","434199.0","525409.0","Bog Hall Farm UWC TS21 2HE","HFJ1","","","","","","","","","ME00755Nw","","20784148","2023-11-24","","NRAIL","","","","","Unknown","Access Point. Level Crossing. RT Document: ALARMS. No parking on occupation road",""
"20776746","STF","6.1474","QF","","6.1474","2100","","MAV","","433544.0","526219.0","Bread and Beer TS21 2HB","HFJ1","","","","","","","","","","","20776746","2015-01-08","","NRAIL","","","","","Down Main/Fast","Access from Sedgefield Back Road.",""
"20782068","STF","9.1043","QF","","9.1043","2100","","MAV","","432366.0","530248.0","A1 Bridge [Linger and Die] DL17 9AA","HFJ1","","","","","","","","","","","20782068","2022-09-08","","NRAIL","","","","","Down Main/Fast","Through 4 gates to get to A1 Bridge for access to track DL17 9AA",""
"20663648","STF","10.1253","QF","","10.1253","1100","","MAV","","430750.0","530891.0","Ferryhill DL17 0DU","HFJ1","","","","","","","","","","","20663648","2022-09-08","","NRAIL","","","","","Up Main/Fast","Ferryhill. Access Point. Signal Box. Off Mainsforth Road, Ferryhill. ",""
"20775140","TCW1","171.0918","QF","","171.0918","0","","MAP","","460775.0","427883.0","Hagg Bush LC YO8 8LE","HFJ7","","","","","","","","","ME00755Nw","","20775140","2022-09-21","","NRAIL","","","","","All/Multiple Tracks","Mileage difference <showing as 171m 946yds in Ellipse> - Confirmed as 918yds - Amend in Ellipse","SE 60775 27883"
"20179596","TCW1","171.143","QF","","171.143","0","","MAP","","460856.0","428343.0","Webster Wood","HFJ7","","","","","","","","","ME00755Nw","","20179596","2022-09-21","","NRAIL","","","","","All/Multiple Tracks","MIMS-X///MM - Access Point. Level Crossing. RT Document: ALARMS. Access on foot only. No vehicular access or parking. - Not seen on SERCO -    Should be Webster Wood Local Name - Amend in Ellipse",""
"20776132","TCW1","172.044","QF","","172.044","2100","","MAP","","460977.0","429037.0","Henwick Hall LC YO8 8LD","HFJ7","","","","","","","","","","","20776132","2015-02-05","","NRAIL","","","","","Down Main/Fast","",""
"20614054","TCW1","173.0044","QF","","173.0044","1100","","MAP","","461191.0","430264.0","Brayton Level Crossing YO8 9XN","HFJ7","","","","","","","","","","","20614054","2015-02-05","","NRAIL","","","","","Up Main/Fast","S//ph/ - ",""
"20775143","TCW1","173.1068","QF","","173.1068","1100","","MAP","","461372.0","431181.0","Selby Canal Jn YO8 9AL","HFJ7","","","","","","","","","Pedestrian","","20775143","2015-02-05","","NRAIL","","","","","Up Main/Fast","","SE 61372 31181"
"20179631","TCW1","170.154","QF","","170.154","0","","MAV","","460594.0","426858.0","Burn Lane LC YO8 8LF","HFJ7","","","","","","","","","VEHICLE","","20179631","2015-02-05","","NRAIL","","","","","All/Multiple Tracks","MIMS-X///MM - Access Point. Level Crossing. RT Document: ALARMS.","SE 60594 26858"
"20179700","TCW1","172.044","QF","","172.044","1100","","MAX","","460977.0","429038.0","Henwick Hall LC YO8 8LD","HFJ7","","","","","","","","","ME00755Nw","","20179700","2022-09-21","","NRAIL","","","","","Up Main/Fast","Access Point. Level Crossing. RT Document: ALARMS.   Should be up and Down - Amend in Ellipse","SE 60977 29038"
"20787849","TCW1","172.044","QF","","172.044","2100","","MAX","","460977.0","429038.0","Henwick Hall LC YO8 8LD","HFJ7","","","","","","","","","ME00755Nw","","20787849","2022-09-21","","NRAIL","","","","","Down Main/Fast","Access Point. Level Crossing. RT Document: ALARMS.   Should be up and Down - Amend in Ellipse","SE 60977 29038"
"20772167","TJC1","146.143","QF","","146.143","0","","MAP","","438911.0","372332.0","BRIMINGTON ROAD BRIDGE 69","HFJ4","","","","","","","","","","","20772167","2013-03-25","","NRAIL","","","","","All/Multiple Tracks","GN7075 CREATING ASSETS 02/11/07 AS. S41 0ST.",""
"20772168","TJC1","147.0374","QF","","147.0374","0","","MAP","","438850.0","372970.0","LOCKERFORD LANE","HFJ4","","","","","","","","","","","20772168","2013-03-25","","NRAIL","","","","","All/Multiple Tracks","GN7075 CREATING ASSETS 02/11/07 AS. S41 0SS.",""
"20765378","TJC1","148.097","QF","","148.097","1100","","MAP","","437701.0","374732.0","Sheepbridge U/B 9A","HFJ4","","","","","","","","","","","20765378","2022-10-04","","NRAIL","","","","","Up Main/Fast","S41 9HH.",""
"20765379","TJC1","148.119","QF","","148.119","2100","","MAP","","437606.0","374909.0","Sheepbridge U/B 10","HFJ4","","","","","","","","","","","20765379","2022-10-04","","NRAIL","","","","","Down Main/Fast","S41 9DX.",""
"20787359","TJC1","148.1562","QF","","148.1562","2100","","MAP","","437518.0","375235.0","BROOMHOUSE FOOTBRIDGE BR 10A","HFJ4","","","","","","","","","","","20787359","2022-10-04","","NRAIL","","","","","Down Main/Fast","What3words major.polite.scary","SK 37518 75235"
"20779688","TJC1","149.1452","QF","","149.1452","1100","","MAP","","437506.0","376625.0","Unstone Viaduct","HFJ4","","","","","","","","","","","20779688","2017-02-06","","NRAIL","","","","","Up Main/Fast","New Access Point","SK 37506 76625"
"20772169","TJC1","149.1694","QF","","149.1694","0","","MAP","","437473.0","376903.0","MILL LANE UNSTONE BR 15","HFJ4","","","","","","","","","","","20772169","2013-03-25","","NRAIL","","","","","All/Multiple Tracks","GN7075 CREATING ASSETS 02/11/07 AS. S18 4DX.",""
"20765381","TJC1","150.1555","QF","","150.1555","2100","","MAP","","436381.0","377890.0","Dronfield O/B 21","HFJ4","","","","","","","","","","","20765381","2013-03-25","","","","","","","Down Main/Fast","S18 1YP.",""
"20772171","TJC1","151.0638","QF","","151.0638","0","","MAP","","435709.0","378267.0","SHEFFIELD RD BR 24","HFJ4","","","","","","","","","","","20772171","2013-03-25","","NRAIL","","","","","All/Multiple Tracks","GN7075 CREATING ASSETS 02/11/07 AS. S18 2XL.",""
"20787361","TJC1","154.099","QF","","154.099","2100","","MAP","","432522.0","381790.0","ABBEY GARDENS","HFJ4","","","","","","","","","","","20787361","2023-05-31","","NRAIL","","","","","Down Main/Fast","What3words search.using.shack","SK 32522 81790"
"20772175","TJC1","154.1562","QF","","154.1562","0","","MAP","","432859.0","382191.0","ABBEY LANE BRIDGE","HFJ4","","","","","","","","","","","20772175","2013-03-25","","NRAIL","","","","","All/Multiple Tracks","GN7075 CREATING ASSETS 02/11/07 AS. S8 0BZ.",""
"20772177","TJC1","156.132","QF","","156.132","0","","MAP","","434745.0","384556.0","LITTLE LONDON ROAD","HFJ4","","","","","","","","","","","20772177","2013-03-25","","NRAIL","","","","","All/Multiple Tracks","GN7075 CREATING ASSETS 02/11/07 AS. S8 0RG.",""
"20772179","TJC1","157.0066","QF","","157.0066","0","","MAP","","435039.0","384892.0","SAXON ROAD HEELEY","HFJ4","","","","","","","","","","","20772179","2013-03-25","","NRAIL","","","","","All/Multiple Tracks","GN7075 CREATING ASSETS 02/11/07 AS. S2 4HT.",""
"20180282","TJC1","157.066","QF","","157.066","0","","MAP","","435351.0","385326.0","COMET QUEENS ROAD","HFJ4","","","","","","","","","","","20180282","2013-03-25","","NV","","","","","All/Multiple Tracks","MIMS-X///KB - SOUTH WEST SIDE OF RAILWAY - Not seen on SERCO. S2 3EP.",""
"20180480","TJC1","158.0396","QF","","158.0396","0","","MAP","","435920.0","386495.0","FARM ROAD MACDONALDS","HFJ4","","","","","","","","","","","20180480","2013-03-25","","NV","","","","","All/Multiple Tracks","MIMS-X///MM - Access Point. Station. Sheaf Street to station forecourt. - Not seen on SERCO. S2 2TP.",""
"20772181","TJC1","159.0396","QF","","159.0396","0","","MAP","","436515.0","387869.0","BLAST LANE DEPOT","HFJ4","","","","","","","","","","","20772181","2013-03-25","","NV","","","","","All/Multiple Tracks","GN7075 CREATING ASSETS 02/11/07 AS. S4 7TA.",""
"20180481","TJC1","159.0748","QF","","159.0748","0","","MAP","","436657.0","388157.0","ATTERCLIFFE OLD STATION","HFJ4","","","","","","","","","","","20180481","2013-03-25","","NV","","","","","All/Multiple Tracks","MIMS-X///KB - Access Point. Station. Off Attercliffe Road to Leveson Street. Walk to line side via station access. - Not seen on SERCO. S4 7YU.",""
"20772182","TJC1","160.022","QF","","160.022","0","","MAP","","437279.0","389096.0","MILL RACE DOWN SIDE","HFJ4","","","","","","","","","","","20772182","2013-03-25","","NRAIL","","","","","All/Multiple Tracks","GN7075 CREATING ASSETS 02/11/07 AS. S4 7QQ.",""
"20787358","TJC1","147.0418","QF","","147.0418","2100","","MAV","","438843.0","373010.0","LOCKOFORD LANE DOUBLE GATES","HFJ4","","","","","","","","","","","20787358","2022-10-04","","NRAIL","","","","","Down Main/Fast","What3words senses.belly.polite","SK 38843 73010"
"20771766","TJC1","148.0","QF","","148.0","0","","MAV","","438212.0","374017.0","SHEEP BRIDGE OLD STATION","HFJ4","","","","","","","","","","","20771766","2013-03-25","","NRAIL","","","","","All/Multiple Tracks","GN6067 NEW ASSETS CREATED FROM ELLIPSE 24/4/07 STC. S41 9AW.",""
"20787360","TJC1","149.0924","QF","","149.0924","1100","","MAV","","437679.0","376241.0","WHITTINGTON LANE","HFJ4","","","","","","","","","","","20787360","2022-10-04","","NRAIL","","","","","Up Main/Fast","Access point at end of Whittington lane What3words keys.boats.link","SK 37679 76241"
"20771768","TJC1","150.0638","QF","","150.0638","0","","MAV","","437036.0","377375.0","BARNES LIFTING UNSTONE","HFJ4","","","","","","","","","","","20771768","2013-03-25","","NRAIL","","","","","All/Multiple Tracks","GN6067 NEW ASSETS CREATED FROM ELLIPSE 24/4/07 STC. S18 4AQ.",""
"20771644","TJC1","151.0814","QF","","151.0814","0","","MAV","","435568.0","378346.0","DRONFIELD STATION CAR PARK","HFJ4","","","","","","","","","","","20771644","2013-03-25","","NRAIL","","","","","All/Multiple Tracks","GN5887 NEW ASSETS CREATED FROM ELLIPSE 17/4/07 STC. S18 1SF.",""
"20771769","TJC1","152.0286","QF","","152.0286","0","","MAV","","434846.0","379176.0","WREAKES LANE","HFJ4","","","","","","","","","","","20771769","2013-03-25","","NRAIL","","","","","All/Multiple Tracks","GN6067 NEW ASSETS CREATED FROM ELLIPSE 24/4/07 STC. S18 2GE.",""
"20771770","TJC1","154.022","QF","","154.022","0","","MAV","","432411.0","381134.0","TWENTYWELL LANE","HFJ4","","","","","","","","","","","20771770","2013-03-25","","NRAIL","","","","","All/Multiple Tracks","GN6067 NEW ASSETS CREATED FROM ELLIPSE 24/4/07 STC. S17 4QD.",""
"20771771","TJC1","155.1276","QF","","155.1276","0","","MAV","","433721.0","383224.0","BUNNY RUN","HFJ4","","","","","","","","","","","20771771","2013-03-25","","NRAIL","","","","","All/Multiple Tracks","GN6067 NEW ASSETS CREATED FROM ELLIPSE 24/4/07 STC. S7 2PY.",""
"20771773","TJC1","156.1408","QF","","156.1408","0","","MAV","","434800.0","384611.0","WINDSOR ROAD","HFJ4","","","","","","","","","","","20771773","2013-03-25","","NRAIL","","","","","All/Multiple Tracks","GN6067 NEW ASSETS CREATED FROM ELLIPSE 24/4/07 STC. S8 8UB.",""
"20771772","TJC1","157.143","QF","","157.143","0","","MAV","","435805.0","385855.0","CHARLOTTE ROAD","HFJ4","","","","","","","","","","","20771772","2013-03-25","","NRAIL","","","","","All/Multiple Tracks","GN6067 NEW ASSETS CREATED FROM ELLIPSE 24/4/07 STC. S2 4ER.",""
"20771774","TJC1","160.0352","QF","","160.0352","0","","MAV","","437336.0","389206.0","MILL RACE UP SIDE","HFJ4","","","","","","","","","","","20771774","2013-03-25","","NRAIL","","","","","All/Multiple Tracks","GN6067 NEW ASSETS CREATED FROM ELLIPSE 24/4/07 STC. S9 2SN.",""
"20772185","TJC2","160.0792","QF","","160.0792","0","","MAV","","437532.0","389563.0","BRIGHTSIDE SIDINGS","HFJ4","","","","","","","","","","","20772185","2013-03-25","","NRAIL","","","","","All/Multiple Tracks","GN7075 CREATING ASSETS 02/11/07 AS. S9 2RS.",""
"20771775","TJC2","160.1056","QF","","160.1056","0","","MAV","","437684.0","389741.0","DOWN GATE DRIVE","HFJ4","","","","","","","","","","","20771775","2013-03-25","","NRAIL","","","","","All/Multiple Tracks","GN6067 NEW ASSETS CREATED FROM ELLIPSE 24/4/07 STC. S9 2RQ.",""
"20771776","TJC2","161.0044","QF","","161.0044","0","","MAV","","438137.0","390249.0","FORGE MASTERS","HFJ4","","","","","","","","","","","20771776","2013-03-25","","NRAIL","","","","","All/Multiple Tracks","GN6067 NEW ASSETS CREATED FROM ELLIPSE 24/4/07 STC. S4 8AS.",""
"20180482","TJC2","161.0594","QF","","161.0594","1100","","MAV","","438475.0","390624.0","BRIGHTSIDE OLD STATION","HFJ4","","","","","","","","","","","20180482","2013-03-25","","NV","","","","","Up Main/Fast","MIMS-X///MM - Access Point. Station. Meadowhall Road up side of Crown Inn to gate. Access to line side for vehicles from Brightside to Wincobank Junction. S9 1BE.",""
"20772190","TJC2","162.0044","QF","","162.0044","0","","MAV","","439209.0","391444.0","MEADOWHALL BRIDGE 11","HFJ4","","","","","","","","","","","20772190","2013-03-25","","NRAIL","","","","","All/Multiple Tracks","GN7075 CREATING ASSETS 02/11/07 AS. S9 1EQ.",""
"20771777","TJC2","162.0396","QF","","162.0396","0","","MAV","","439426.0","391687.0","TINSLEY VIADUCT","HFJ4","","","","","","","","","","","20771777","2013-03-25","","NRAIL","","","","","All/Multiple Tracks","GN6067 NEW ASSETS CREATED FROM ELLIPSE 24/4/07 STC. S9 1HF.",""
"20179825","TJC2","163.0946","QF","","163.0946","0","","MAV","","441341.0","392470.0","HOLMES LC","HFJ4","","","","","","","","","","","20179825","2013-03-25","","NV","","","","","All/Multiple Tracks","MIMS-X///KM - Access Point. Level Crossing. RT Document: ALARMS. S61 1DA.",""
"20179032","TJC3","178.1716","QF","","178.1716","0","","MAP","","436266.0","413964.0"," Notton FPS","HFJ7","","","","","","","","","ME00755Nw","","20179032","2022-09-21","","NRAIL","","","","","All/Multiple Tracks","MIMS-X///KB - Access Point. Level Crossing. RT Document: ALARMS. Access on foot only. No vehicular access or parking. - Not seen on SERCO -       Local Name - Notton FPS - Amend in Ellipse",""
"20789969","TJC3","184.139","QF","","184.139","1100","","MAP","","437798.0","422247.0","Newland Lane O/B 215","HFJ6","","","","","","","","","Pedestrian","","20789969","2023-11-13","","NRAIL","","","","","Up Main/Fast","In Normanton, turn off Wakefield Road <A6131> onto Newland Lane. Follow Newland Lane for approx 800m until reaching the overbridge where the pedestrian access gate is located.  Staff to access through the pedestrian access gate, down the access steps leading directly to the Up L&Y. The access point is lit by solar powered street lighting. Vehicle parking is available on the road side.  What3Words Ref:   recall.claim.letter","SE 37798 22247"
"20788332","TJC3","186.068","QF","","186.068","2100","","MAP","","439052.0","424488.0","Pope Street UB 220","HFJ6","","","","","","","","","Pedestrian","","20788332","2022-10-31","","NRAIL","","","","","Down Main/Fast","Pedstrian access gate located immediately on the Wakefield side of Under bridge 220 - Pope Street. The nearest line to the access gate is the Down Midland. Vehicle parking is restricted at this location due to the residential houses and main highway.  What3Words Ref:  taxpayers.piper.artist","SE 39052 24488"
"20786648","TJC3","187.0391","QF","","187.0391","2100","","MAP","","439537.0","425782.0","CD961 Signal - Pinders Green","HFJ6","","","","","","","","","","","20786648","2022-01-05","","NRAIL","","","","","Down Main/Fast","Follow the dirt access road located at the end of Pinders Green Walk Estate for approx 160m until reaching the pedestrian access gate located in the boundary fence. Access steps lead from the pedestrian access gate to the Down cess.   What3Words Ref: speaker.climbing.worksheet","SE 39537 25782"
"20788168","TJC3","188.011","QF","","188.011","1100","","MAP","","439096.0","426955.0","Church Lane UB 227","HFJ6","","","","","","","","","","","20788168","2022-10-17","","NRAIL","","","","","Up Main/Fast","Pedstrian access gate located immediately to the side of Under bridge 227 - Church Lane. The nearest line to the access gate is the Up Midland. Vehicle parking is restricted at this location due to the residential houses and narrow highway. What3Words Ref: unite.quintet.including","SE 39000 26900"
"20775150","TJC3","189.0316","QF","","189.0316","1100","","MAP","","437774.0","428180.0","Fleet Lane LS26 8AB","HFJ6","","","","","","","","","Pedestrian","","20775150","2015-02-05","","NRAIL","","","","","Up Main/Fast","","SE 37774 28180"
"20788108","TJC3","189.1474","QF","","189.1474","1100","","MAP","","437014.0","428922.0","Rose Eshald Lane UB 236","HFJ6","","","","","","","","","Pedestrian","","20788108","2022-10-10","","NRAIL","","","","","Up Main/Fast","Access through the pedestrian access gate, up the acces steps and GRP walkway leading directly to the Up Midland cess. Access point lit by solar powered street lighting.  What3Words Ref:   sung.always.pill","SE 37014 28922"
"20180489","TJC3","190.0001","QF","","190.0001","0","","MAP","","436807.0","429088.0","Woodlesford LS26 8RA","HFJ6","","","","","","","","","","","20180489","2015-02-05","","NRAIL","","","","","All/Multiple Tracks","MIMS-SX//DE/KN - Access Point. Station. -",""
"20775151","TJC3","190.0004","QF","","190.0004","2100","","MAP","","436804.0","429090.0","Woodlesford Station LS26 8RA","HFJ6","","","","","","","","","Predestrian","","20775151","2015-02-05","","NRAIL","","","","","Down Main/Fast","","SE 36804 29090"
"20784668","TJC3","191.0478","QF","","191.0478","2100","","MAP","","435059.0","429949.0","Bullough Lane U/B 244","HFJ6","","","","","","","","","","","20784668","2020-12-21","","NRAIL","","","","","Down Main/Fast","What3Words Ref: flying.walks.snap                             Access steps and landing leading to the new railway palisade access gate. Steps then leads directly to the Down cess <NOTE: To access vehicles to these steps, railway staff must be in possession of the 3rd party padlock keys at the Woodlesford Locks & Rothwell Country Park entrance gate/barrier>. Foot access to these steps is available at all times.","SE 35059 29949"
"20788351","TJC3","192.0528","QF","","192.0528","1100","","MAP","","433359.0","430106.0","COKE OVENS UB246","HFJ6","","","","","","","","","PEDESTRIAN ACCESS","","20788351","2022-11-01","","NRAIL","","","","","Up Main/Fast","Drive along Pontefract Road <B6481> and turn off onto Haigh Park Road, located between the ARLA & Royal Mail industrial units. Drive along Haigh Park Road, underneath UB 246 and the pedestrian accessgate is located on the left side <high mileage side of the TJC3 line>. The nearest line to the access gate is the Up Midland. Vehicle parking is available at this location. What3Words Ref: fairly.activism.bands","SE 33359 30106"
"20778957","TJC3","192.0535","QF","","192.0535","1900","","MAP","","433357.0","430101.0","Coke Ovens U/B 246","HFJ6","","","","","","","","","","","20778957","2016-03-16","","NRAIL","","","","","Up Siding","New pedestrian access point.","SE 33357 30101"
"20771799","TJC3","193.0895","QF","","193.0895","1300","","MAP","","431574.0","430831.0","Pepper Road LS10 2NP","HFJ6","","","","","","","","","","","20771799","2015-02-05","","NRAIL","","","","","Up Goods","Access gate & steps at Pepper Road O/B 250.",""
"20775155","TJC3","193.0904","QF","","193.0904","1300","","MAP","","431574.0","430850.0","Pepper Road LS10 2NP","HFJ6","","","","","","","","","Pedestrian","","20775155","2022-09-22","","NRAIL","","","","","Up Goods","","SE 31574 30850"
"20785989","TJC3","193.1509","QF","","193.1509","1300","","MAP","","431105.0","431128.0","Balm Road Freightliner","HFJ6","","","","","","","","","Pedestrian","","20785989","2021-09-22","","NRAIL","","","","","Up Goods","Access through the main entrance at Freightliner Midland Road Depot and the access gate is located in the railway boundary fence leading to the Hunslet West Shunt Neck Siding.  What3Words Ref: combining.mime.dinner","SE 31105 31128"
"20775157","TJC3","194.0134","QF","","194.0134","2900","","MAP","","430803.0","431308.0","Hunslet Station Junction LS10 2BE","HFJ6","","","","","","","","","Pedestrian","","20775157","2022-09-22","","NRAIL","","","","","Down Siding","","SE 30803 31308"
"20787899","TJC3","194.0814","QF","","194.0814","2100","","MAP","","430459.0","431849.0","New Craven Gate Industrial Estate","HFJ6","","","","","","","","","Pedestrian","","20787899","2022-09-22","","NRAIL","","","","","Down Main/Fast","Access through the pedestrian access gate, to the top landing. This leads to the access steps. Access steps lead to the Down Midland cess. Access point lit by solar powered street lighting.  What3words Ref : twin.pouch.battle","SE 30459 31849"
"20789608","TJC3","195.0224","QF","","195.0224","1100","","MAP","","429584.0","432335.0","Jack Lane, Holbeck","HFJ6","","","","","","","","","Pedestrian","","20789608","2023-08-08","","NRAIL","","","","","Up Main/Fast","Access Stairs to gain access to the Up Midlands from Jack lane. Access palasade gate with a 859 key entry, opposite the road junction Nineveh Road/Jack Lane with Marshall Street. Access stair case is a Kite stair case suitable for pedestrian access.  What3Words - dated.prices.cowboy .","SE 29584 32335"
"20774200","TJC3","196.0037","QF","","196.0037","1150","","MAP","","428609.2","433332.8","Armley TSL 25KV Substation LS12 2DR","HFJ6","","","","","","","","","","","20774200","2022-06-07","","NRAIL","","","","","","Steel palisade gates on Armley Road.","SE 28609 33333"
"20774210","TJC3","197.0","QF","","197.0","1100","","MAP","","426920.0","434402.0","Kirkstall Feeder Station 25KV Substation LS04 2AL","HFJ6","","","","","","","","","","","20774210","2018-09-03","","NRAIL","","","","","Up Main/Fast","Redcote Lane, LS04 2AL <SE26895 34475>. Location is actually on post code boundary and also sows as LS12 2PG.","SE 26920 34402"
"20786408","TJC3","198.0451","QF","","198.0451","1100","","MAP","","425935.0","435607.0","KIRKSTALL BRIDGE ROAD","HFJ6","","","","","","","","","Vehicle","","20786408","2021-11-10","","NRAIL","","","","","Up Main/Fast","Access through the jointly used pedestrian access gate on Bridge Road <between the River Aire and the Railway lines>, walk down the narrow walkway leading to the railway pedestrian access gate, which in turn leads to the Up Shipley Main.  What3Words Ref: rate.defeat.lifted","SE 25935 35607"
"120000947","TJC3","199.055","QF","","199.055","1100","","MAP","","424672.0","436627.0","Kirkstall Forge Station","HFJ6","","","","","","","","","Pedestrian","","120000947","2025-04-10","","","","","","","Up Main/Fast","Kirkstall Forge station is accessed from the A65 Abbey Road by following Great Exhibition Way from the traffic lights.",""
"20774201","TJC3","202.008","QF","","202.008","0","","MAP","","","","Apperley TSL 25KV Substation LS19 6LA","HFJ6","","","","","","","","","","","20774201","2015-02-05","","NRAIL","","","","","All/Multiple Tracks","Calverley Lane, LS19 6LE (SE 22190 37054)",""
"120001506","TJC3","202.0082","QF","","202.0085","1100","","MAP","","419245.0","438514.0","Apperley Bridge Platform 1 Access","HFJ6","","","","","","","","","Maintainers Access Gate to rear of platform","","120001506","2025-08-20","","","","","","","Up Main/Fast","Newly installed maintainers access gates at Platform 1 Apperley Bridge Station within confines of extended platform.",""
"120001374","TJC3","203.0927","QF","","203.0927","2100","","MAP","","418381.0","438723.0","Thackley Tunnel","HFJ6","","","","","","","","","Pedestrian access to drainage system only","","120001374","2025-07-17","","","","","","","Down Main/Fast","The pedestrian access point provides direct entry to the Thackley Tunnel eastern portal drainage channel and the crest drainage inlet chamber only. Note: This access does not provide access to the railway tracks, only to the drainage system.  What3Words Ref: money.rich.influencing",""
"20774209","TJC3","204.0801","QF","","204.0801","9999","","MAP","","","","Shipley TSL 25KV Substation BD18 1QG","HFJ6","","","","","","","","","","","20774209","2015-02-05","","NRAIL","","","","","Unknown","Walker Place,  (SE 15664 37934)",""
"120001509","TJC3","205.0076","QF","","205.0076","1100","","MAP","","414946.0","437579.0","Shipley Station Platform 1","HFJ6","","","","","","","","","Maintainers Access Gate to rear of platform","","120001509","2025-08-20","","","","","","","Up Main/Fast","Newly installed maintainers access gate due to extended platfrom",""
"20783647","TJC3","205.0998","QF","","205.0998","1100","","MAP","","415449.0","437847.0","Shipley Dock Lane","HFJ6","","","","","","","","","Pedestrian","","20783647","2019-10-14","","NRAIL","","","","","Up Main/Fast","Access Point is a steel palisade gate in a short section of palisade fencing between a long stone wall and housing. The location is also GUE2 mileage 003.0826.","SE 15449 37847"
"20788528","TJC3","205.1177","QF","","205.1177","1100","","MAP","","415332.0","437764.0","Dock Lane, Shipley East Jcn","HFJ6","","","","","","","","","Pedestrian","","20788528","2022-11-29","","NRAIL","","","","","Up Main/Fast","Access through the pedestrian access gate located at the side of UB 45 [Dock Lane], up the access steps and GRP walkway leading directly to the Up Shipley Main cess. Access point lit by solar powered street lighting. Vehicle parking is limited, but available on the area in front of the gates.  What3Words Ref: jaws.regard.chimp","SE 15332 37764"
"20630093","TJC3","205.1542","QF","","205.1542","1100","","MAP","","415042.0","437571.0","Shipley West Jn BD17 7BT","HFJ6","","","","","","","","","PEDESTRIAN","","20630093","2015-02-05","","NRAIL","","","","","Up Main/Fast","MIMS-SX//KB/KB -","SE 15042 37571"
"20630096","TJC3","205.1581","QF","","205.1581","2100","","MAP","","415008.0","437559.0","Shipley West Jn BD17 7BL","HFJ6","","","","","","","","","PEDESTRIAN","","20630096","2015-02-05","","NRAIL","","","","","Down Main/Fast","MIMS-SX//KB/KB -","SE 15008 37559"
"20630097","TJC3","205.1612","QF","","205.1612","2100","","MAP","","414979.0","437559.0","Shipley West Jn BD17 7BL","HFJ6","","","","","","","","","PEDESTRIAN","","20630097","2015-02-05","","NRAIL","","","","","Down Main/Fast","MIMS-SX//KB/KB -","SE 14979 37559"
"20630098","TJC3","205.1648","QF","","205.1648","1100","","MAP","","414945.0","437568.0","Shipley West Jn BD17 7BL","HFJ6","","","","","","","","","PEDESTRIAN","","20630098","2015-02-05","","NRAIL","","","","","Up Main/Fast","MIMS-SX//KB/KB -","SE 14945 37568"
"20630145","TJC3","206.0479","QF","","206.0479","2100","","MAP","","414455.0","437778.0","Saltaire Crossover BD18 3HT","HFJ6","","","","","","","","","PEDESTRIAN","","20630145","2015-02-05","","NRAIL","","","","","Down Main/Fast","MIMS-S//KB/ -","SE 14455 37778"
"20630151","TJC3","206.0561","QF","","206.0561","2100","","MAP","","414388.0","437813.0","Saltaire Crossover BD18 3HT","HFJ6","","","","","","","","","PEDESTRIAN","","20630151","2015-02-05","","NRAIL","","","","","Down Main/Fast","MIMS-S//KB/ -","SE 14388 37813"
"20775169","TJC3","206.1094","QF","","206.1094","1100","","MAP","","413952.0","438028.0","Saltaire BD18 3LD","HFJ6","","","","","","","","","Pedestrian","","20775169","2015-02-05","","NRAIL","","","","","Up Main/Fast","","SE 13952 38028"
"20630161","TJC3","206.1096","QF","","206.1096","1100","","MAP","","413949.0","438027.0","Saltaire BD18 3LD","HFJ6","","","","","","","","","","","20630161","2015-02-05","","NRAIL","","","","","Up Main/Fast","MIMS-SX//KB/KB - 55/50 Access key, Non Standard",""
"20630166","TJC3","206.1156","QF","","206.1156","1100","","MAP","","413897.0","438047.0","Saltaire BD18 3LD","HFJ6","","","","","","","","","PEDESTRIAN","","20630166","2015-02-05","","NRAIL","","","","","Up Main/Fast","MIMS-SX//KB/KB -","SE 13897 38047"
"20630167","TJC3","206.118","QF","","206.118","2100","","MAP","","413876.0","438049.0","Saltaire BD18 4PS","HFJ6","","","","","","","","","","","20630167","2015-02-05","","NRAIL","","","","","Down Main/Fast","MIMS-SX//KB/KB -",""
"20775170","TJC3","206.1182","QF","","206.1182","2100","","MAP","","413874.0","438046.0","Saltaire BD18 4PS","HFJ6","","","","","","","","","Pedestrian","","20775170","2015-02-05","","NRAIL","","","","","Down Main/Fast","","SE 13874 38046"
"20775172","TJC3","207.0605","QF","","207.0605","0","","MAP","","412794.0","438049.0","Hirstwood LC BD18 4BR","HFJ6","","","","","","","","","Pedestrian","","20775172","2015-02-05","","NRAIL","","","","","All/Multiple Tracks","","SE 12794 38049"
"20179406","TJC3","207.0616","QF","","207.0616","0","","MAP","","412785.0","438050.0","Salltaire BD18 4BR","HFJ6","","","","","","","","","","","20179406","2015-02-05","","NRAIL","","","","","All/Multiple Tracks","MIMS-X///KB - Access Point. Level Crossing. RT Document: ALARMS. Access on foot only. No vehicular access or parking.",""
"20775173","TJC3","208.004","QF","","208.004","2100","","MAP","","411733.0","438240.0","Dowley Gap railway Bridge BD16 1TS","HFJ6","","","","","","","","","Pedestrian","","20775173","2015-02-05","","NRAIL","","","","","Down Main/Fast","","SE 11733 38240"
"20630005","TJC3","208.1488","QF","","208.1488","1100","","MAP","","410814.0","439170.0","Bingley BD16 2NA","HFJ6","","","","","","","","","PEDESTRIAN","","20630005","2015-02-05","","NRAIL","","","","","Up Main/Fast","MIMS-S//KB/ - ","SE 10814 39170"
"20774213","TJC3","209.0","QF","","209.0","9999","","MAP","","","","Bingley Feeder Station 25KV Substation BD16 2RD","HFJ6","","","","","","","","","","","20774213","2015-02-05","","NRAIL","","","","","Unknown","Keighley Road, BD16 2RW <SE 10519 39527>",""
"20775176","TJC3","209.1048","QF","","209.1048","1100","","MAP","","410318.0","440253.0","Crossflatts Station BD16 2AA","HFJ6","","","","","","","","","Pedestrian","","20775176","2015-02-05","","NRAIL","","","","","Up Main/Fast","","SE 10318 40253"
"20629954","TJC3","209.107","QF","","209.107","1100","","MAP","","410304.0","440266.0","Crossflatts BD16 2AA","HFJ6","","","","","","","","","","","20629954","2015-02-05","","NRAIL","","","","","Up Main/Fast","MIMS-SX//KB/KB -",""
"20775177","TJC3","209.1082","QF","","209.1082","2100","","MAP","","410293.0","440272.0","Crossflatts Station BD16 2AA","HFJ6","","","","","","","","","Pedestrian","","20775177","2015-02-05","","NRAIL","","","","","Down Main/Fast","","SE 10293 40272"
"20629955","TJC3","209.1104","QF","","209.1104","2100","","MAP","","410283.0","440289.0","Crossflatts BD16 2AA","HFJ6","","","","","","","","","","","20629955","2015-02-05","","NRAIL","","","","","Down Main/Fast","MIMS-SX//KB/KB -",""
"20776791","TJC3","211.0703","QF","","211.0703","1100","","MAP","","407696.0","441412.0","Gas Works Road, Thwaite","HFJ6","","","","","","","","","","","20776791","2015-02-27","","NRAIL","","","","","Up Main/Fast","NEW PEDESTRIAN STAFF ACCESS POINT","SE 07696 41412"
"20630043","TJC3","212.0197","QF","","212.0197","2100","","MAP","","406604.0","441289.0","Keighley Station BD21 4HP","HFJ6","","","","","","","","","PEDESTRIAN","","20630043","2015-02-05","","NRAIL","","","","","Down Main/Fast","MIMS-SX//KB/KB -","SE 06604 41289"
"20775179","TJC3","212.0208","QF","","212.0208","1100","","MAP","","406598.0","441300.0","Keighley Station BD21 4HP","HFJ6","","","","","","","","","Pedestrian","","20775179","2015-02-05","","NRAIL","","","","","Up Main/Fast","","SE 06598 41300"
"20630049","TJC3","212.0238","QF","","212.0238","2100","","MAP","","406572.0","441309.0","Keighley Station BD21 4HP","HFJ6","","","","","","","","","PEDESTRIAN","","20630049","2015-02-05","","NRAIL","","","","","Down Main/Fast","MIMS-S//KB/ - ","SE 06572 41309"
"20775181","TJC3","212.0295","QF","","212.0295","1100","","MAP","","406531.0","441344.0","Keighley BD21 4HP","HFJ6","","","","","","","","","Pedestrian","","20775181","2015-02-05","","NRAIL","","","","","Up Main/Fast","","SE 06531 41344"
"20630044","TJC3","212.0296","QF","","212.0296","1100","","MAP","","406531.0","441344.0","Keighley BD21 4HP","HFJ6","","","","","","","","","","","20630044","2015-02-05","","NRAIL","","","","","Up Main/Fast","MIMS-S//KB/ - ",""
"20789168","TJC3","213.0286","QF","","213.0286","2100","","MAP","","405816.0","442767.0","GOTTS UWC","HFJ6","","","","","","","","","PEDESTRIAN ACCESS","","20789168","2023-03-29","","NRAIL","","","","","Down Main/Fast","Access through the access gate, located off Royd Street. Access gates lead directly to the Down cess. Limited parking is only available on Royd Street / Cemetery Lane.  What3Words Ref:   bump.ideas.edges","SE 05816 42767"
"20789169","TJC3","213.0286","QF","","213.0286","1100","","MAP","","405837.0","442771.0","GOTTS UWC","HFJ6","","","","","","","","","PEDESTRIAN ACCESS","","20789169","2023-03-29","","NRAIL","","","","","Up Main/Fast","Access point is located off Royd Street. Walk over Cemetery Footbridge TJC3-74 to the Up side. Pedestrian access gate leads directly to the Up cess and the TOWS switch. Limited parking is only available on Royd Street / Cemetery Lane <Down side>. What3Words Ref:   transit.reef.drip","SE 05837 42771"
"20775183","TJC3","213.1134","QF","","213.1134","0","","MAP","","405268.0","443251.0","Stotts LC BD20 6DL","HFJ6","","","","","","","","","Pedestrian","","20775183","2015-02-05","","NRAIL","","","","","All/Multiple Tracks","","SE 05268 43251"
"20179318","TJC3","213.1142","QF","","213.1142","0","","MAP","","405261.0","443256.0","Thompsons BD20 6DL","HFJ6","","","","","","","","","","","20179318","2015-02-05","","NRAIL","","","","","All/Multiple Tracks","MIMS-X///KB - Access Point. Level Crossing. RT Document: ALARMS. Access on foot only. No vehicular access or parking.",""
"20179644","TJC3","214.0132","QF","","214.0132","0","","MAP","","404747.0","443703.0","Thompsons BD20 6HH","HFJ6","","","","","","","","","","","20179644","2015-02-05","","NRAIL","","","","","All/Multiple Tracks","MIMS-X///MM - Access Point. Level Crossing. RT Document: ALARMS. Access on foot only. No vehicular access or parking. - Not seen on SERCO -",""
"20629977","TJC3","215.0065","QF","","215.0065","1100","","MAP","","403754.0","444865.0","Steeton And Silsden BD20 6RY","HFJ6","","","","","","","","","PEDESTRIAN","","20629977","2015-02-05","","NRAIL","","","","","Up Main/Fast","MIMS-SX//KB/KB -","SE 03754 44865"
"20774204","TJC3","215.0088","QF","","215.0088","9999","","MAP","","","","Steeton TSL 25KV Substation BD20 6RY","HFJ6","","","","","","","","","","","20774204","2015-02-05","","NRAIL","","","","","Unknown","Off Station Road, (through wood yard) BD20 6SA <SE 03639 44949>",""
"20629982","TJC3","215.0097","QF","","215.0097","2100","","MAP","","403722.0","444873.0","Steeton And Silsden BD20 6RY","HFJ6","","","","","","","","","PEDESTRIAN","","20629982","2015-02-05","","NRAIL","","","","","Down Main/Fast","MIMS-SX//KB/KB -","SE 03722 44873"
"20629983","TJC3","215.0148","QF","","215.0148","2100","","MAP","","403677.0","444894.0","Steeton and Silsden BD20 6TT","HFJ6","","","","","","","","","PEDESTRIAN","","20629983","2015-02-05","","NRAIL","","","","","Down Main/Fast","MIMS-SX//KB/KB -","SE 03677 44894"
"20179320","TJC3","215.1034","QF","","215.1034","0","","MAP","","402889.0","445047.0","Eastburn BD20 6RG","HFJ6","","","","","","","","","","","20179320","2015-02-05","","NRAIL","","","","","All/Multiple Tracks","Access Point. Level Crossing. RT Document: ALARMS. Access on foot only. No vehicular access or parking.",""
"20178962","TJC3","215.1233","QF","","215.1233","0","","MAP","","402709.0","445071.0","Eastburn BD20 6RG","HFJ6","","","","","","","","","","","20178962","2015-02-05","","NRAIL","","","","","All/Multiple Tracks","MIMS-X///KB - Access Point. Foot access. TRACK ACCESS ON FOOT ONLY. NO VEHICULAR ACCESS OR PARKING",""
"20179355","TJC3","217.1705","QF","","217.1705","0","","MAP","","399504.0","446403.0","Flosh LC BD20 8JS","HFJ6","","","","","","","","","PEDESTRIAN","","20179355","2015-02-05","","NRAIL","","","","","All/Multiple Tracks","MIMS-X///KB - Access Point. Level Crossing. RT Document: ALARMS. Access on foot only. No vehicular access or parking.","SD 99504 46403"
"20775186","TJC3","218.0324","QF","","218.0324","2100","","MAP","","398751.0","448205.0","Harper""s Bridge [BR83] BD20 8PE","HFJ6","","","","","","","","","Pedestrian","","20775186","2015-02-05","","NRAIL","","","","","Down Main/Fast","","SD 98751 48205"
"20629919","TJC3","218.0448","QF","","218.0448","1100","","MAP","","399311.0","446818.0","Cononley Station BD20 8LN","HFJ6","","","","","","","","","PEDESTRIAN","","20629919","2015-02-05","","NRAIL","","","","","Up Main/Fast","MIMS-SX//KB/KB -","SD 99311 46818"
"20629920","TJC3","218.0456","QF","","218.0456","2100","","MAP","","399304.0","446825.0","Cononley Station BD20 8LN","HFJ6","","","","","","","","","PEDESTRIAN","","20629920","2015-02-05","","NRAIL","","","","","Down Main/Fast","MIMS-SX//KB/KB -","SD 99304 46825"
"20629936","TJC3","218.0481","QF","","218.0481","1100","","MAP","","399290.0","446842.0","Cononley LC BD20 8LN","HFJ6","","","","","","","","","PEDESTRIAN","","20629936","2023-05-31","","NRAIL","","","","","Up Main/Fast","MIMS-SX//KB/KB -","SD 99290 46842"
"20629937","TJC3","218.0481","QF","","218.0481","2100","","MAP","","399290.0","446842.0","Cononley LC BD20 8LN","HFJ6","","","","","","","","","PEDESTRIAN","","20629937","2023-05-31","","NRAIL","","","","","Down Main/Fast","MIMS-SX//KB/KB -","SD 99290 46842"
"20775187","TJC3","218.0824","QF","","218.0824","0","","MAP","","399178.0","447136.0","Cross Hills LC BD20 8NF","HFJ6","","","","","","","","","Pedestrian","","20775187","2015-02-05","","NRAIL","","","","","All/Multiple Tracks","","SD 99178 47136"
"20179356","TJC3","218.0836","QF","","218.0836","9999","","MAP","","399174.0","447147.0","Cross Hills BD20 8NF","HFJ6","","","","","","","","","","","20179356","2015-02-05","","NRAIL","","","","","Unknown","Access Point. Level Crossing. RT Document: ALARMS. Access on foot only. No vehicular access or parking.",""
"20775188","TJC3","218.0994","QF","","218.0994","0","","MAP","","399118.0","447281.0","Baxter Wood LC BD20 8ND - CLOSED","HFJ6","","","","","","","","","Pedestrian","","20775188","2023-05-31","","NRAIL","","","","","All/Multiple Tracks","Baxter Wood LC officially closed 23/06/2016 and is to be removed from the track. NO access forthwith.","SD 99118 47281"
"20786868","TJC3","219.0325","QF","","219.0325","2100","","MAP","","398734.0","448211.0","Harpers Bridge, Swire Lane","HFJ6","","","","","","","","","","","20786868","2022-02-08","","NRAIL","","","","","Down Main/Fast","Access through the pedestrian access gate on Swire Lane, walk down the access steps leading to the railway TOWS warning system and the Down cess. These steps are fitted with PIR detection LED solar lit street lights for access during darkness.   What3Words Ref: deposits.interview.mascot","SD 98734 48211"
"20179558","TJC3","219.0572","QF","","219.0572","9999","","MAP","","398690.0","448425.0","Snaygill BD20 8PE","HFJ6","","","","","","","","","","","20179558","2015-02-05","","NRAIL","","","","","Unknown","Access Point. Level Crossing. RT Document: ALARMS. Access on foot only. No vehicular access or parking.",""
"20775190","TJC3","219.0582","QF","","219.0582","0","","MAP","","398686.0","448431.0","Snaygill BD20 8PE","HFJ6","","","","","","","","","Pedestrian","","20775190","2015-02-05","","NRAIL","","","","","All/Multiple Tracks","","SD 98686 48431"
"20179395","TJC3","220.0528","QF","","220.0528","9999","","MAP","","398718.0","449979.0","Snaygill BD23 2UR","HFJ6","","","","","","","","","","","20179395","2015-02-05","","NRAIL","","","","","Unknown","Access Point. Level Crossing. RT Document: ALARMS. Access on foot only. No vehicular access or parking.",""
"20775191","TJC3","220.0556","QF","","220.0556","0","","MAP","","398723.0","450006.0","Snaygill LC BD23 2UR","HFJ6","","","","","","","","","Pedestrian","","20775191","2015-02-05","","NRAIL","","","","","All/Multiple Tracks","","SD 98723 50006"
"20774203","TJC3","221.0186","QF","","221.0186","9999","","MAP","","","","Skipton TSL 25KV Substation BD23 2AG","HFJ6","","","","","","","","","","","20774203","2015-02-05","","NRAIL","","","","","Unknown","Craven Street, BD23 2AG, (through TESCO car park) (SD 98706 51305).","SD 98706 51305"
"20775193","TJC3","221.0308","QF","","221.0308","3601","","MAP","","398573.0","451312.0","Skipton Station Depot at Tesco BD23 2AG","HFJ6","","","","","","","","","Pedestrian","","20775193","2015-02-05","","NRAIL","","","","","","","SD 98573 51312"
"20626358","TJC3","221.0479","QF","","221.0479","1100","","MAP","","398425.0","451365.0","Skipton Station BD23 1RT","HFJ6","","","","","","","","","PEDESTRIAN","","20626358","2015-02-05","","NRAIL","","","","","Up Main/Fast","MIMS-SX//KB/KB - Not seen on SERCO -","SD 98425 51365"
"20626362","TJC3","221.0515","QF","","221.0515","1100","","MAP","","398392.0","451372.0","Skipton BD23 1RT","HFJ6","","","","","","","","","PEDESTRIAN","","20626362","2015-02-05","","NRAIL","","","","","Up Main/Fast","MIMS-SX//KB/KN -","SD 98392 51372"
"20789869","TJC3","221.0748","QF","","221.0748","2200","","MAP","","398161.0","451350.0","THE SIDINGS INDUSTRIAL ESTATE","HFJ6","","","","","","","","","PEDESTRIAN ACCESS","","20789869","2023-10-31","","NRAIL","","","","","Down Slow","From Broughton Road <A6069>, Skipton, turn off Carleton New Road, crossing over the railway bridge <TJC3-90> and follow for approx 400m . From Carleton New Road turn into Engine Shed Lane and follow this road for approx 700m until reaching the turning for The Sidings. Follow The Sidings until the end of the public road and the pedestrian access gate is located immediately on the left hand side . Staff to access through the pedestrian access gate and follow the walkway leading directly to the Down Shipley Slow. Vehicle parking is very limited on the road side during normal working hours. What3Words Ref:cobras.kickers.resorting","SD 98032 51268"
"20775743","TJC3","185.0691","QF","","185.0691","0","","MAR","","438288.0","423078.0","ALTOFTS RRAP","HFJ6","","","","","","","","","Road-Rail Vehicle","","20775743","2014-02-18","","NRAIL","","","","","All/Multiple Tracks","New 10.8M wide double track RRAP installed with Drop Down Bollards and concrete approaches","SE 38288 23078"
"20775613","TJC3","192.0787","QF","","192.0787","2800","","MAR","","433141.0","430165.0","Stourton Junction LS10 1AZ","HFJ6","","","","","","","","","Vehicle","","20775613","2015-02-05","","NRAIL","","","","","Down Other/Eng/Car","This is not a gated access point. MAR has dropdown bollards and concrete approaches and new 10.8m wide track. Access to this MAR is from Gated access point off Pontefract Road, B6481 (Hazard Ref 20775153).","SE 33141 30165"
"20782467","TJC3","195.1708","QF","","195.1708","1150","","MAR","","428607.0","433332.0","Armley Road, Leeds Vehicular Access Point & RRAP","HFJ6","","","","","","","","","Road-Rail Vehicle","","20782467","2023-03-14","","NRAIL","","","","","","Railway vehicular access through the 4m wide palisade access gate located on Armley Road [what3words Ref :body.organs.press] . A hardcore road then leads to vehicle parking and the loading/unloading & secure area for RRV""s & OTP. Access to the LineSide & the New RRAP is through the 5m wide palisade gates [what3words Ref :quest.teach.parade] . The railway access road leads to beyond Armley Jcn & the LEH1 lines on the high mileage side & leads to ARMCO Barrier on the low mileage side. A new 12.6m wide twin track interlocking, Rosehill RRAP with removable bollards is adjacent to the 5m gates. All railway access gates secured with 859 key padlocks. RRAP encroachment protection has been installed  at this location, remove before using RRAP - This MUST be replaced once work has been competed.","SE 28607 33332"
"20775740","TJC3","195.1743","QF","","195.1743","0","","MAR","","428614.0","433243.0","ARMLEY GYRATORY RRAP","HFJ6","","","","","","","","","Road-Rail Vehicle","","20775740","2014-02-18","","NRAIL","","","","","All/Multiple Tracks","New 10.8M wide double track RRAP installed with Drop Down Bollards and concrete approaches","SE 28614 33243"
"20775742","TJC3","198.0268","QF","","198.0268","0","","MAR","","425994.0","435445.0","KIRKSTALL JAGUAR GARAGE RRAP","HFJ6","","","","","","","","","Road-Rail Vehicle","","20775742","2014-02-18","","NRAIL","","","","","All/Multiple Tracks","New 10.8M wide double track RRAP installed with Drop Down Bollards and concrete approaches","SE 25994 35445"
"20775741","TJC3","201.051","QF","","201.051","0","","MAR","","421720.0","437447.0","CALVERLEY RRAP","HFJ6","","","","","","","","","Road-Rail Vehicle","","20775741","2014-08-08","","NRAIL","","","","","All/Multiple Tracks","New 10.8M wide double track RRAP installed with Drop Down Bollards and concrete approaches","SE 21820 37447"
"20784912","TJC3","220.1474","QF","","220.1474","1100","","MAR","","398792.0","450855.0","Skipton South Junction","HFJ6","","","","","","","","","Road/Rail Vehicles","","20784912","2022-11-01","","NRAIL","","","","","Up Main/Fast","Access through the vehicular palisade access gates [220m1729y] at the rear of Tescos supermarket car park that leads directly into the railway access yard. Follow the railway access road on the low mileage side that leads to the 12.6m wide twin track Rosehill Interlocking RRAP.  What3Words Ref: walking.employers.chip","SD 98792 50855"
"20771778","TJC3","163.0","QF","","163.0","0","","MAV","","442860.0","394040.0","BARBOT IND EST MANGHAM WAY","HFJ4","","","","","","","","","","","20771778","2013-03-25","","NRAIL","","","","","All/Multiple Tracks","GN6067 NEW ASSETS CREATED FROM ELLIPSE 24/4/07 STC. S61 4RQ.",""
"20771779","TJC3","163.0814","QF","","163.0814","0","","MAV","","443452.0","394486.0","ROTHERHAM RD PARKGATE BR147","HFJ4","","","","","","","","","","","20771779","2013-03-25","","NRAIL","","","","","All/Multiple Tracks","GN6067 NEW ASSETS CREATED FROM ELLIPSE 24/4/07 STC. S62 6LH.",""
"20771780","TJC3","164.0","QF","","164.0","0","","MAV","","444136.0","395006.0","ALDWARKE ROAD BR149","HFJ4","","","","","","","","","","","20771780","2013-03-25","","NRAIL","","","","","All/Multiple Tracks","GN6067 NEW ASSETS CREATED FROM ELLIPSE 24/4/07 STC. S62 6LF.",""
"20771781","TJC3","164.1452","QF","","164.1452","0","","MAV","","445091.0","395929.0","ALDWARKE JN","HFJ4","","","","","","","","","","","20771781","2013-03-25","","NRAIL","","","","","All/Multiple Tracks","GN6067 NEW ASSETS CREATED FROM ELLIPSE 24/4/07 STC. S62 5HS.",""
"20771782","TJC3","165.121","QF","","165.121","0","","MAV","","445915.0","397041.0","KILNHURST GLASS HOUSE LANE","HFJ4","","","","","","","","","","","20771782","2013-03-25","","NRAIL","","","","","All/Multiple Tracks","GN6067 NEW ASSETS CREATED FROM ELLIPSE 24/4/07 STC. S64 5TE.",""
"20772219","TJC3","165.1298","QF","","165.1298","0","","MAV","","445953.0","397111.0","KILNHURST GLASS HOUSE LANE","HFJ4","","","","","","","","","","","20772219","2013-03-25","","NRAIL","","","","","All/Multiple Tracks","GN7075 CREATING ASSETS 02/11/07 AS. S64 5TE.",""
"20775144","TJC3","177.06","QF","","177.06","3300","","MAV","","437401.0","411625.0","Royston BRSA Club S71 4BA","HFJ7","","","","","","","","","Vehicle","","20775144","2015-02-05","","NRAIL","","","","","Rev Goods","","SE 37401 11625"
"20786348","TJC3","180.143","QF","","180.143","3300","","MAV","","435151.0","416700.0","Walton WF2 6PS","HFJ7","","","","","","","","","","","20786348","2021-11-03","","NRAIL","","","","","Rev Goods","New access gate off Common Lane","SE 35151 16700"
"20788328","TJC3","185.0069","QF","","185.0069","2100","","MAV","","437997.0","422596.0","Ashfield Ave Normanton","HFJ6","","","","","","","","","Vehicular","","20788328","2022-10-31","","NRAIL","","","","","Down Main/Fast","Access through Ashfield Avenue, located immediately off Altofts Road, Normanton. Travel along the tarmac road until reaching the vehicular palisade access gates at the end of the housing estate <185m 03ch>. The access road beyond the palisade gates lead to the Former Goosehill Jcn <184m 66ch>. The nearest line to the access gate is the Down L&Y. Vehicle parking is suitable throughout this location EXCEPT on the housing estate side of the access gates.  What3Words Ref:  translated.meal.holly","SE 37997 22596"
"20632731","TJC3","185.0544","QF","","185.0544","1100","","MAV","","438228.0","422958.0","Normanton WF6 2XA","HFJ6","","","","","","","","","","","20632731","2015-02-05","","NRAIL","","","","","Up Main/Fast","MIMS-SX//DE/KN - ",""
"20775146","TJC3","185.0622","QF","","185.0622","1100","","MAV","","438267.0","423018.0","Normanton WF6 2XA","HFJ6","","","","","","","","","Vehicle","","20775146","2015-02-05","","NRAIL","","","","","Up Main/Fast","","SE 38267 23018"
"20180487","TJC3","186.0","QF","","186.0","0","","MAV","","438757.0","423940.0","Altofts Jn WF6 2XA","HFJ6","","","","","","","","","VEHICLE","","20180487","2015-02-05","","NRAIL","","","","","All/Multiple Tracks","Access Point. Signal Box. M62 to Junction 31, A655 towards Normanton. Turn right at first set of traffic lights - turn right at second set of traffic lights - turn right before bridge and turn immediately left. Follow track to signal box.","SE 38757 23940"
"20775147","TJC3","187.0097","QF","","187.0097","2100","","MAV","","439500.9","425471.5","Methley Farm LS26 9BE","HFJ6","","","","","","","","","Vehicle","","20775147","2022-05-31","","NRAIL","","","","","Down Main/Fast","A track leads from Pinders Green Walk, parallel with the railway. Steel palisade gates are approx 550 yds from the start of the track.","SE 39501 25471"
"20775148","TJC3","187.0746","QF","","187.0746","1100","","MAV","","439524.0","426075.0","Methley Jn LS26 9BU","HFJ6","","","","","","","","","Vehicle","","20775148","2015-02-05","","NRAIL","","","","","Up Main/Fast","","SE 39524 26075"
"20625023","TJC3","187.0762","QF","","187.0762","1100","","MAV","","439524.0","426075.0","Methley Viaduct LS26 9BU","HFJ6","","","","","","","","","","","20625023","2015-02-05","","NRAIL","","","","","Up Main/Fast","MIMS-SX//PH/MM - ACCESS TO TRACK, GATE - Not seen on SERCO - Not seen on SERCO -",""
"20178947","TJC3","187.0814","QF","","187.0814","0","","MAV","","439518.0","426115.0","METHLEY JUNCTION SIGNAL BOX LS26 9BU","HFJ6","","","","","","","","","","","20178947","2015-02-05","","NRAIL","","","","","All/Multiple Tracks","Private Road. ACCESS ACROSS TRACKS",""
"20180488","TJC3","187.0814","QF","","187.0814","0","","MAV","","439518.0","426115.0","Methley Jn LS26 9BU","HFJ6","","","","","","","","","","","20180488","2015-02-05","","NRAIL","","","","","All/Multiple Tracks","Access Point. Signal Box. M62 to Junction 30, A642 south towards Wakefield. Turn first left for Methley, at end of road go under railway bridge and then turn immediate right. Embankment up to lineside.",""
"20180003","TJC3","188.0659","QF","","188.0659","0","","MAV","","438712.0","427293.0","Methley North LS26 9ES","HFJ6","","","","","","","","","","","20180003","2015-02-05","","NRAIL","","","","","All/Multiple Tracks","MIMS-X///KN - Access Point. Level Crossing. RT Document: ALARMS. No parking on occupation road",""
"20786508","TJC3","188.0677","QF","","188.0677","1100","","MAV","","438704.9","427307.7","Station Road, Methley Leeds","HFJ6","","","","","","","","","Access Point","","20786508","2022-05-31","","NRAIL","","","","","Up Main/Fast","PLEASE NOTE: THIS AREA IS FOR VEHICLE PARKING ONLY AND NOT TO BE USED AS AN RRV OR MATERIALS OFFLOAD & STORAGE POINT.    What3Words Ref: firework.pavilions.automatic","SE 38705 27308"
"20775149","TJC3","188.068","QF","","188.068","0","","MAV","","438697.0","427308.0","Methley North LC LS26 9ES","HFJ6","","","","","","","","","Vehicle","","20775149","2015-02-05","","NRAIL","","","","","All/Multiple Tracks","","SE 38697 27308"
"20631464","TJC3","189.1675","QF","","189.1675","2100","","MAV","","436864.0","429030.0","Woodlesford LS26 8RA","HFJ6","","","","","","","","","VEHICLE","","20631464","2015-02-05","","NRAIL","","","","","Down Main/Fast","MIMS-SX//DE/KN - Wooden Gate To Carpark - Not seen on SERCO -","SE 36864 29030"
"20787328","TJC3","190.1372","QF","","190.1372","2100","","MAV","","423974.8","436780.5","Pollard Lane","HFJ6","","","","","","","","","","","20787328","2022-06-08","","NRAIL","","","","","Down Main/Fast","Access is on right prior to O/B 27. Steel palisade gates allow access East of O/B 27 towards Kirkstall Forge. What3words : firms.leaned.firms","SE 23975 36780"
"20775152","TJC3","191.0427","QF","","191.0427","1100","","MAV","","435100.9","429973.1","Woodlesford Locks LS26 8PJ","HFJ6","","","","","","","","","Vehicle","","20775152","2022-06-07","","NRAIL","","","","","Up Main/Fast","Off Bullough Lane from Woodlesford. Left after passing Fishpond Lock track loops up to a bridge. Steel pallisade gates are to left before bridge. What3words : stick.garden.preoccupied","SE 35101 29973"
"20775153","TJC3","192.0907","QF","","192.0907","2800","","MAV","","433027.6","430171.2","B6481 Pontefract Road","HFJ6","","","","","","","","","Vehicle","","20775153","2022-06-07","","NRAIL","","","","","Down Other/Eng/Car","Steel pallisade gates on Left after passing under railway bridge [TJC3 / 247]. What3words : cube.remain.discouraged","SE 33028 30171"
"20788188","TJC3","192.114","QF","","192.114","2800","","MAV","","432840.0","430252.0","Valley Farm Road <AWM>","HFJ6","","","","","","","","","Vehicular","","20788188","2022-10-17","","NRAIL","","","","","Down Other/Eng/Car","From the A639 Roundabout, turn onto Leodis Way towards the Freightliner Terminal. Continue along Leodis Way that leads onto Valley Farm Road and to the far end of the industrial estate. The end of the road leads into Associated Waste Management <AWM> and directly to the railway access gates.   What3Words Ref:   helps.outfit.admits","SE 32840 30252"
"20775154","TJC3","193.0363","QF","","193.0363","1300","","MAV","","432004.0","430608.0","Stourton LS10 1SF","HFJ6","","","","","","","","","Vehicle","","20775154","2015-02-05","","NRAIL","","","","","Up Goods","","SE 32004 30608"
"20180490","TJC3","193.0396","QF","","193.0396","0","","MAV","","431968.4","430639.5","A639 WAKEFIELD ROAD, STOURTON","HFJ6","","","","","","","","","","","20180490","2022-06-07","","NRAIL","","","","","All/Multiple Tracks","Access Point. Signal Box. Vehicles off Wakefield Road. A61, turn left immediately before passing railway bridge. Signalbox is a Portakabin at the the bottom of the drive.   What3words 07/06/2022 signal.offers.value","SE 31968 30640"
"20785988","TJC3","193.143","QF","","193.143","2908","","MAV","","431133.6","431048.7","Balm Road LS10 2BJ","HFJ6","","","","","","","","","Vehicle","","20785988","2022-06-07","","NRAIL","","","","","","Heading South over Bridge253 turn left into Telford Terrace and continue round left to steel palisade gates. What3words : smashes.toward.fears","SE 31134 31049"
"20775156","TJC3","193.145","QF","","193.145","2900","","MAV","","431123.0","431067.0","Balm Road LS10 2HU","HFJ6","","","","","","","","","Vehicle","","20775156","2022-09-22","","NRAIL","","","","","Down Siding","","SE 31123 31067"
"20775158","TJC3","195.0194","QF","","195.0194","3800","","MAV","","429584.0","432274.0","Old Training Yard LS11 9NW","HFJ6","","","","","","","","","Vehicle","","20775158","2023-08-08","","NRAIL","","","","","Rev Other/Eng/Car","Steel palisade gate within palisade fence at the end of Elland Terrace, Approach from Jack Lane, New Princess Street in to Holbeck Moor Road [One-way]. What3words Ref : plug.older.part","SE 29584 32274"
"120000946","TJC3","195.029","QF","","195.029","1100","","MAV","","424857.0","436496.0","Kirkstall Forge","HFJ6","","","","","","","","","Vehicle","","120000946","2025-04-10","","","","","","","Up Main/Fast","Kirkstall Forge station is accessed from the A65 Abbey Road following Great Exhibition Way from the traffic lights. The access gates are at the eastern end of the station car park.",""
"20775159","TJC3","195.0458","QF","","195.0458","3800","","MAV","","429333.4","432429.9","Holbeck Depot LS11 9QG","HFJ6","","","","","","","","","Vehicle","","20775159","2022-06-07","","NRAIL","","","","","Rev Other/Eng/Car","Steel access gates to Holbeck Depot on Nineveh Road.  What3words :economies.such.hails","SE 29333 32430"
"20775160","TJC3","195.0876","QF","","195.0876","3800","","MAV","","429269.0","432803.0","Whitehall Triangle LS11 9UD","HFJ6","","","","","","","","","Vehicle","","20775160","2023-08-08","","NRAIL","","","","","Rev Other/Eng/Car","Access is steel palisade gate on Water Lane adjacent to Railway Bridge ELN Bridge4.What3Words : feeds.deeply.little","SE 29269 32803"
"20775161","TJC3","195.112","QF","","195.112","3900","","MAV","","429043.0","432946.0","Whitehall Road Goods Yard [Car Wash] LS12 1BT","HFJ6","","","","","","","","","Vehicle","","20775161","2022-09-22","","NRAIL","","","","","Rev Siding","","SE 29043 32946"
"20775162","TJC3","195.1708","QF","","195.1708","2100","","MAV","","428640.0","433225.0","Armley Giratory LS12 2UE","HFJ6","","","","","","","","","Vehicle","","20775162","2023-03-14","","NRAIL","","","","","Down Main/Fast","Gated access point off Canal Street [what3words :easy.risen.feel] leads to Down Main cess. [what3words : rots.knots.healers]","SE 28640 33225"
"20787310","TJC3","196.0076","QF","","196.0076","2100","","MAV","","428537.3","433286.6","Canal Street","HFJ6","","","","","","","","","","","20787310","2022-06-07","","NRAIL","","","","","Down Main/Fast","Steel pallisade gates accesed from Canal Street, Armley. Serves RRAP at 195.1743.  What3words : common.broker.slice","SE 28537 33287"
"20775163","TJC3","196.0763","QF","","196.0763","2150","","MAV","","428026.0","433653.0","Farnell""s [Very Far End of Car Park] LS12 2PL","HFJ6","","","","","","","","","Vehicle","","20775163","2015-02-05","","NRAIL","","","","","","","SE 28026 33653"
"20775164","TJC3","197.0534","QF","","197.0534","1100","","MAV","","426878.3","434445.3","Redcoat Lane [Golfball] LS4 2AL","HFJ6","","","","","","","","","Vehicle","","20775164","2022-06-07","","NRAIL","","","","","Up Main/Fast","Redcoat Lane off the A65 Kirkstall Road leads to a carpark overflow acces gate, through which is the NR Steel pallisade access gate.","SE 26878 34445"
"20775165","TJC3","198.025","QF","","198.025","2100","","MAV","","425986.0","435427.0","Wyther Lane Industrial Estate LS5 3BT","HFJ6","","","","","","","","","Vehicle","","20775165","2015-02-05","","NRAIL","","","","","Down Main/Fast","","SE 25986 35427"
"20788212","TJC3","198.044","QF","","198.1606","2100","","MAV","","425893.0","435606.0","Leeds and Bradford Road <B6157>","HFJ6","","","","","","","","","Vehicle access","","20788212","2022-10-21","","NRAIL","","","","","Down Main/Fast","Palisade vehicular access gates are located immediately off Leeds and Bradford Road <B6157>, Kirkstall, close to the traffic lights at the junction with Bridge Road <B6157>. Once through the access gates, the track road leads down the slope and along the Down side / cess ending close to Under bridge 25 - Kirkstall Forge Viaduct <198m 73ch>. Vehicle parking is suitable throughout this location, although passing any stationary vehicles will be difficult due to the narrow with of the access road. The nearest line to the access gates is the Down Shipley Main. What3Words Ref:       door.nerve.wink","SE 25893 35606"
"20786388","TJC3","198.0451","QF","","198.0451","1100","","MAV","","425935.0","435607.0","KIRKSTALL BRIDGE ROAD","HFJ6","","","","","","","","","Vehicle","","20786388","2021-11-10","","NRAIL","","","","","Up Main/Fast","TJC3/24S cannot be used by vehicles over 1t GVW.","SE 25935 35607"
"20787329","TJC3","199.1372","QF","","199.1372","2100","","MAV","","423974.8","436780.5","Pollard Lane","HFJ6","","","","","","","","","","","20787329","2022-06-08","","NRAIL","","","","","Down Main/Fast","Access is on Right hand side of Pollard Lane prior to O/B27. Steel palisade gates allow access to railway East of Pollard Lane towards Kirstall forge. What3words : firms.leaned.firms","SE 23975 36780"
"20775166","TJC3","199.1402","QF","","199.1402","2100","","MAV","","423945.8","436796.7","Myers Drive LS13 1GH","HFJ6","","","","","","","","","Vehicle","","20775166","2025-06-10","","NRAIL","","","","","Down Main/Fast","Access from Pollard Lane into Myers Drive at the Abbey Inn. Steel palisade gates allow access to West side of Pollard Lane O/B 27. This access point provides continuous vehicle access between Pollard Lane bridge 199m1386yards and Eastern portal of Thackley Tunnel 203. 924yards.     What3words : teeth.trains.ranged","SE 23946 36797"
"20775167","TJC3","200.162","QF","","200.162","2100","","MAV","","422211.0","437111.0","Calverley Lane LS13 1NP","HFJ6","","","","","","","","","Vehicle","","20775167","2015-02-05","","NRAIL","","","","","Down Main/Fast","","SE 22211 37111"
"20775168","TJC3","205.075","QF","","205.075","2100","","MAV","","415664.0","437940.0","Shipley West Jn BD18 1QE","HFJ6","","","","","","","","","Vehicle","","20775168","2015-02-05","","NRAIL","","","","","Down Main/Fast","","SE 15664 37940"
"20630226","TJC3","205.076","QF","","205.076","2100","","MAV","","415639.0","437956.0","Shipley West Jn BD18 1QE","HFJ6","","","","","","","","","","","20630226","2015-02-05","","NRAIL","","","","","Down Main/Fast","MIMS-SX//DE/KB - Not seen on SERCO -",""
"20630104","TJC3","205.1664","QF","","205.1664","2100","","MAV","","414931.0","437564.0","Shipley West Jn BD17 7BL","HFJ6","","","","","","","","","VEHICLE","","20630104","2015-02-05","","NRAIL","","","","","Down Main/Fast","MIMS-SX//KB/KB - Not seen on SERCO -","SE 14931 37564"
"20180491","TJC3","206.1122","QF","","206.1122","0","","MAV","","413926.0","438034.0","Saltaire BD18 3LD","HFJ6","","","","","","","","","","","20180491","2015-02-05","","NRAIL","","","","","All/Multiple Tracks","MIMS-X///KB - Access Point. Station. - Not seen on SERCO -",""
"20775171","TJC3","207.0379","QF","","207.0379","2100","","MAV","","413006.0","438048.8","Hirst Wood Industrial Estate BD18 4BU","HFJ6","","","","","","","","","Vehicle","","20775171","2022-06-08","","NRAIL","","","","","Down Main/Fast","Heading West on Hirst Wood Road, access to Hirst Wood Industrial Estate opposite No.68 leads down to steel palisade gates. What3words : query.bath.purple","SE 13006 38049"
"20770973","TJC3","207.1612","QF","","207.1612","2100","","MAV","","411892.3","438160.0","Dowley Gap BD16 1TP","HFJ6","","","","","","","","","VEHICLE","","20770973","2022-06-08","","NRAIL","","","","","Down Main/Fast","Access through Bingley HWRC on Dowley Gap Lane. A gate at the NW corner allows access to a track parallel to the railway. Steel palisade gates are a short distsance along this track. What3words : depending.trouser.partners","SE 11892 38160"
"20775174","TJC3","208.0816","QF","","208.0816","2100","","MAV","","411180.0","438679.0","Healey Lane BD16 1DX","HFJ6","","","","","","","","","Vehicle","","20775174","2015-02-05","","NRAIL","","","","","Down Main/Fast","","SE 11180 38679"
"20630003","TJC3","208.1452","QF","","208.1452","2100","","MAV","","410830.0","439141.0","Bingley BD16 2NA","HFJ6","","","","","","","","","VEHICLE","","20630003","2015-02-05","","NRAIL","","","","","Down Main/Fast","MIMS-S//KB/ - ","SE 10830 39141"
"20180492","TJC3","208.1496","QF","","208.1496","0","","MAV","","410810.0","439176.0","Bingley BD16 2NA","HFJ6","","","","","","","","","","","20180492","2015-02-05","","NRAIL","","","","","All/Multiple Tracks","MIMS-X///KB - Access Point. Station. Wellington Street, Bingley. Turn right at main traffic lights in Bingley town centre. First right into station. - Not seen on SERCO -",""
"20770971","TJC3","209.0173","QF","","209.0173","2100","","MAV","","410634.0","439528.0","White Horse [Bingley] BD16 2RD","HFJ6","","","","","","","","","VEHICLE","","20770971","2022-06-08","","NRAIL","","","","","Down Main/Fast","The crossing is rendered defunct by the building of Bingley Relief Road. The gate on the south side of the railway now acts as an access point. There is no access from the north side of the railway.","SE 10634 39528"
"20775175","TJC3","209.0935","QF","","209.0935","2100","","MAV","","410370.0","440160.0","Crossflatts Station BD16 2RZ","HFJ6","","","","","","","","","Vehicle","","20775175","2015-02-05","","NRAIL","","","","","Down Main/Fast","","SE 10370 40160"
"20180493","TJC3","209.099","QF","","209.099","0","","MAV","","410351.0","440211.0","Crossflatts BD16 2RZ","HFJ6","","","","","","","","","","","20180493","2015-02-05","","NRAIL","","","","","All/Multiple Tracks","MIMS-X///KB - Access Point. Station. Adjacent to A650 Bingley-Keighley road at Crossflatts Bridge. - Not seen on SERCO -",""
"20629966","TJC3","209.1355","QF","","209.1355","1100","","MAV","","410112.0","440441.0","Crossflatts BD16 2HD","HFJ6","","","","","","","","","","","20629966","2015-02-05","","NRAIL","","","","","Up Main/Fast","MIMS-S//KB/ - ",""
"20770972","TJC3","209.1599","QF","","209.1599","1100","","MAV","","409927.0","440566.0","Sir Fred Hoyle Way, Crossflatts","HFJ6","","","","","","","","","VEHICLE","","20770972","2022-10-31","","NRAIL","","","","","Up Main/Fast","Railway vehicular access gates are located immediately off the Airevalley Road <A650> layby <209m 72ch>, to the West of Crossflatts railway station. Once through the access gates, the track road continues on both sides of the access gates, along the Up side / cess ending at 209m 62ch <Low mileage> and 210m 23ch <High mileage>  Vehicle parking is suitable throughout this location, although passing any stationary vehicles will be difficult due to the narrow with of the access road. The nearest line to the access gates is the Up Shipley Main. NO PARKING on the layby at anytime. Gate locked with 859 key. ONLY ACCESSABLE OFF A650 WESTBOUND. What3Words Ref:  locker.breakaway.corals","SE 09927 40556"
"20775178","TJC3","210.097","QF","","210.097","1100","","MAV","","408951.0","440888.0","Marley BD16 2DN","HFJ6","","","","","","","","","Vehicle","","20775178","2022-06-08","","NRAIL","","","","","Up Main/Fast","On turning to Marley Farm from the A650 Aire Valley Road, the access gate is a 6 Bar steel gate immediately on the left prior to the railway bridge. What3words : grounding.trifle.dose","SE 08951 40888"
"20180425","TJC3","212.0132","QF","","212.0132","0","","MAV","","406658.0","441265.0","Keighley BD21 4HP","HFJ6","","","","","","","","","","","20180425","2015-02-05","","NRAIL","","","","","All/Multiple Tracks","MIMS-X///MM - Access Point. Station. Situated on Station Bridge, Bradford Road, Keighley, left at roundabout. Signposted bypass/City Centre, on Bradford/Skipton Road to City Centre. - Not seen on SERCO -",""
"20630048","TJC3","212.0238","QF","","212.0238","1100","","MAV","","406572.0","441309.0","Keighley Station BD21 4HP","HFJ6","","","","","","","","","VEHICLE","","20630048","2015-02-05","","NRAIL","","","","","Up Main/Fast","MIMS-SX//KB/MM - Not seen on SERCO -","SE 06572 41309"
"20775180","TJC3","212.0241","QF","","212.0241","1100","","MAV","","406574.0","441313.0","Keighley Station BD21 4HP","HFJ6","","","","","","","","","Vehicle","","20775180","2015-02-05","","NRAIL","","","","","Up Main/Fast","","SE 06574 41313"
"20630061","TJC3","212.031","QF","","212.031","2100","","MAV","","406500.0","441331.0","Keighley Depot BD21 3RW","HFJ6","","","","","","","","","VEHICLE","","20630061","2015-02-05","","NRAIL","","","","","Down Main/Fast","MIMS-SX//KB/KB -","SE 06500 41331"
"20773678","TJC3","212.0423","QF","","212.0423","0","","MAV","","406445.0","441421.0","Keighley ASDA BD21 3RU","HFJ6","","","","","","","","","","","20773678","2015-02-05","","NRAIL","","","","","All/Multiple Tracks","The new gates are in the existing upside Network Rail boundary fence. - Post Code: BD21 3RU - Map Reference: SE064414",""
"20775182","TJC3","212.044","QF","","212.044","1100","","MAV","","406438.0","441437.0","Asda Car Park BD21 3ER","HFJ6","","","","","","","","","Vehicle","","20775182","2015-02-05","","NRAIL","","","","","Up Main/Fast","","SE 06438 41437"
"20629972","TJC3","214.1645","QF","","214.1645","1100","","MAV","","403898.0","444790.0","Steeton And Silsden BD20 6RZ","HFJ6","","","","","","","","","VEHICLE","","20629972","2015-02-05","","NRAIL","","","","","Up Main/Fast","MIMS-SX//KB/MM - Not seen on SERCO -","SE 03898 44790"
"20180426","TJC3","215.0088","QF","","215.0088","9999","","MAV","","403731.0","444873.0","Steeton BD20 6RY","HFJ6","","","","","","","","","","","20180426","2015-02-05","","NRAIL","","","","","Unknown","Access Point. Station. Turn right at traffic lights in Steeton.",""
"20775184","TJC3","215.122","QF","","215.122","2100","","MAV","","402719.0","445066.0","Eastburn LC BD20 6RG","HFJ6","","","","","","","","","Vehicle","","20775184","2015-02-05","","NRAIL","","","","","Down Main/Fast","","SE 02719 45066"
"20775185","TJC3","216.0226","QF","","216.0226","2100","","MAV","","402024.0","445161.0","Wilson""s / Raw""s LC BD20 8UZ","HFJ6","","","","","","","","","Vehicle","","20775185","2015-02-05","","NRAIL","","","","","Down Main/Fast","","SE 02024 45161"
"20179832","TJC3","216.1152","QF","","216.1152","1100","","MAV","","401187.5","445280.6","Kildwick LC A6068 Skipton Road","HFJ6","","","","","","","","","VEHICLE","","20179832","2022-06-08","","NRAIL","","","","","Up Main/Fast","Heading South from Kildwick on the A6068 Skipton Road, the access is a 7 bar steel gate immediately to the right prior to the level crossing. What3words : costumes.bonds.decently","SE 01187 45281"
"20180427","TJC3","218.044","QF","","218.044","9999","","MAV","","399307.0","446816.0","Cononley Station BD20 8LN","HFJ6","","","","","","","","","VEHICLE","","20180427","2015-02-05","","NRAIL","","","","","Unknown","Access Point. Station.","SD 99307 46816"
"20179839","TJC3","218.0462","QF","","218.0462","9999","","MAV","","399302.0","446822.0","Cononley LC BD20 8LN","HFJ6","","","","","","","","","VEHICLE","","20179839","2015-02-05","","NRAIL","","","","","Unknown","Access Point. Level Crossing. RT Document: ALARMS.","SD 99302 46822"
"20179358","TJC3","218.1144","QF","","218.1144","9999","","MAV","","399070.0","447407.0","Shady Lane LC BD20 8NH","HFJ6","","","","","","","","","VEHICLE","","20179358","2015-02-05","","NRAIL","","","","","Unknown","Access Point. Level Crossing. RT Document: ALARMS. No parking on occupation road","SD 99070 47407"
"20775189","TJC3","218.132","QF","","218.132","2100","","MAV","","399008.0","447556.0","Petty""s No1 LC BD20 8NH","HFJ6","","","","","","","","","Vehicle","","20775189","2015-02-05","","NRAIL","","","","","Down Main/Fast","","SD 99008 47556"
"20775192","TJC3","220.1052","QF","","220.1052","1100","","MAV","","398784.0","450455.0","Bold Venture Garage BD23 2QX","HFJ6","","","","","","","","","Vehicle","","20775192","2015-02-05","","NRAIL","","","","","Up Main/Fast","","SD 98784 50455"
"20784911","TJC3","220.1445","QF","","220.1458","1100","","MAV","","398798.0","450826.0","Skipton South Junction","HFJ6","","","","","","","","","","","20784911","2021-03-15","","NRAIL","","","","","Up Main/Fast","Access through the vehicular palisade access gates at the rear of Tescos supermarket car park that leads directly into the railway access yard. Follow the railway access road on the low mileage side that leads to the 12.6m wide twin track Rosehill Interlocking RRAP.  What3Words Ref: question.gradually.pilots","SD 98798 50826"
"20629838","TJC3","220.1724","QF","","220.1724","1100","","MAV","","398778.0","451060.0","Skipton South Jn BD23 2AG","HFJ6","","","","","","","","","VEHICLE","","20629838","2015-02-05","","NRAIL","","","","","Up Main/Fast","MIMS-SX//KB/KB -","SD 98778 51060"
"20629854","TJC3","221.0158","QF","","221.0158","1100","","MAV","","398668.0","451213.0","Skipton South Jn BD23 2AG","HFJ6","","","","","","","","","VEHICLE","","20629854","2015-02-05","","NRAIL","","","","","Up Main/Fast","MIMS-S//KB/ - ","SD 98668 51213"
"20180428","TJC3","221.0462","QF","","221.0462","9999","","MAV","","398430.0","451372.0","Skipton Station BD23 1RT","HFJ6","","","","","","","","","VEHICLE","","20180428","2015-02-05","","NRAIL","","","","","Unknown","Access Point. Station.","SD 98430 51372"
"20775194","TJC3","221.0623","QF","","221.0623","3901","","MAV","","398294.0","451400.0","Station Car Park [EWS train prepairers] BD23 1RT","HFJ6","","","","","","","","","Vehicle","","20775194","2015-02-05","","NRAIL","","","","","","","SD 98294 51400"
"20626404","TJC3","221.0786","QF","","221.0786","1800","","MAV","","398138.0","451381.0","Skipton Middle Jn BD23 1RX","HFJ6","","","","","","","","","VEHICLE","","20626404","2015-02-05","","NRAIL","","","","","Up Other/Eng/Car","MIMS-SX//KB/KB - Not seen on SERCO -","SD 98138 51381"
"20626436","TJC3","221.1087","QF","","221.1087","2200","","MAV","","397877.0","451266.0","Skipton BD23 1TB","HFJ6","","","","","","","","","","","20626436","2015-02-05","","NRAIL","","","","","Down Slow","MIMS-SX//KB/KB -",""
"20775195","TJC3","221.1094","QF","","221.1094","2200","","MAV","","397889.0","451251.0","Skipton Middle Jn BD23 1TB","HFJ6","","","","","","","","","Vehicle","","20775195","2015-02-05","","NRAIL","","","","","Down Slow","","SD 97889 51251"
"20614200","TJG2","3.1068","QF","","3.1068","1100","","MAP","","478642.0","425707.0","Saltmarshe Station DN14 7TW","HFJ7","","","","","","","","","","","20614200","2015-02-05","","NRAIL","","","","","Up Main/Fast","MIMS-S//PH/ - ",""
"20775207","TJG2","5.0032","QF","","5.0032","1100","","MAP","","476643.0","424703.0","Goole Swing Bridge East End DN14 7RP","HFJ7","","","","","","","","","Pedestrian","","20775207","2022-07-01","","NRAIL","","","","","Up Main/Fast","","SE 76643 24703"
"20773282","TJG2","5.0572","QF","","5.0572","2100","","MAP","","476148.0","0.0","Hook Road BR6 DN14 5LE","HFJ7","","","","","","","","","NV","","20773282","2021-05-19","","NRAIL","","","","","Down Main/Fast"," ",""
"20180064","TJG2","6.0989","QF","","6.1064","1100","","MAP","","474564.0","423860.0","Goole - Netto Car Park DN14 5EZ","HFJ7","","","","","","","","","NV","","20180064","2015-02-11","","NRAIL","","","","","Up Main/Fast"," ","SE 74564 23860"
"20614150","TJG2","6.1059","QF","","6.1059","2100","","MAP","","474423.0","423766.0","Goole Boothferry Road DN14 5DD","HFJ7","","","","","","","","","","","20614150","2022-03-30","","NRAIL","","","","","Down Main/Fast","MIMS-S//DE/ - ",""
"20790290","TJG2","7.132","QF","","7.132","1100","","MAP","","473127.0","422451.0","Britannia Road Dutch River Bridge DN14 6ET","HFJ7","","","","","","","","","","","20790290","2024-04-16","","NRAIL","","","","","Up Main/Fast","What3Words surcharge.keys.suspect","SE 73134 22477"
"20788088","TJG2","7.1503","QF","","7.1503","1100","","MAP","","473091.0","422289.0","Dutch River Bridge UP DN14 8SW","HFJ7","","","","","","","","","","","20788088","2022-10-06","","NRAIL","","","","","Up Main/Fast","[crisis.voucher.outboard]","SE 73091 22289"
"20773283","TJG2","7.1672","QF","","7.1672","2100","","MAP","","473052.7","422139.9","Dutch River BR13 DN DN14 8BN","HFJ7","","","","","","","","","NV","","20773283","2022-10-07","","NRAIL","","","","","Down Main/Fast"," ","SE 73053 22140"
"20790390","TJG2","10.0423","QF","","10.0423","1100","","MAP","","471203.0","418981.0","Creykes Crossing DN14 8PU","HFJ7","","","","","","","","","","","20790390","2024-04-23","","","","","","","Up Main/Fast","What3Words : hunk.cost.submits","SE 71203 18981"
"20179151","TJG2","12.1056","QF","","12.1056","0","","MAP","","469182.0","415769.0","Marsh Lane LC DN8 4PF","HFJ7","","","","","","","","","PEDESTRIAN","","20179151","2015-02-05","","NRAIL","","","","","All/Multiple Tracks","MIMS-S//DE/ - Access Point. Level Crossing. RT Document: ALARMS. Access on foot only. No vehicular access or parking.","SE 69182 15769"
"20179452","TJG2","13.0022","QF","","13.0022","0","","MAP","","468857.0","415190.0","Marsh Lane Level Xing DN8 4SR","HFJ7","","","","","","","","","","","20179452","2015-02-05","","NRAIL","","","","","All/Multiple Tracks","MIMS-S//DE/ - Access Point. Level Crossing. RT Document: ALARMS. Access on foot only. No vehicular access or parking.",""
"20775196","TJG2","0.034","QF","","0.034","2100","","MAV","","483180.0","428760.0","Gilberdyke LC HU15 2TL","HFJ7","","","","","","","","","Vehicle","","20775196","2015-02-05","","NRAIL","","","","","Down Main/Fast","","SE 83180 28760"
"20179393","TJG2","0.0352","QF","","0.0352","0","","MAV","","483181.0","428761.0","Gilberdyke Level Xing HU15 2TL","HFJ7","","","","","","","","","","","20179393","2015-02-05","","NRAIL","","","","","All/Multiple Tracks","MIMS-S//DE/ - Access Point. Level Crossing. RT Document: ALARMS.",""
"20179145","TJG2","0.1672","QF","","0.1672","0","","MAV","","482140.0","428163.0","Mill Lane DN14 7XS","HFJ7","","","","","","","","","","","20179145","2015-02-05","","NRAIL","","","","","All/Multiple Tracks","MIMS-S//DE/ - Access Point. Level Crossing. RT Document: ALARMS. No parking on occupation road",""
"20179632","TJG2","1.0924","QF","","1.0924","0","","MAV","","481382.0","427631.0","Green Oak Goit MCB-OD DN14 7XR","HFJ7","","","","","","","","","","","20179632","2018-11-20","","NRAIL","","","","","All/Multiple Tracks","MIMS-S//DE/ - Access Point. Level Crossing. RT Document: ALARMS.",""
"20773279","TJG2","2.0374","QF","","2.0374","1100","","MAV","","480479.2","426994.4","Northside Farm UWC","HFJ7","","","","","","","","","ME00755Nw","","20773279","2022-09-21","","NRAIL","","","","","Up Main/Fast"," Missing from Ellipse - Local Name should be Northside Farm UWC - Add to Ellipse",""
"20775201","TJG2","2.1216","QF","","2.1216","1100","","MAV","","479846.0","426550.0","North Linton Farm LC DN14 7TU","HFJ7","","","","","","","","","Vehicle","","20775201","2022-07-01","","NRAIL","","","","","Up Main/Fast","","SE 79846 26550"
"20775202","TJG2","2.166","QF","","2.166","1100","","MAV","","479516.0","426316.0","Balkmore Lane LC DN14 7TU","HFJ7","","","","","","","","","Vehicle","","20775202","2015-02-05","","NRAIL","","","","","Up Main/Fast","","SE 79516 26316"
"20179702","TJG2","3.11","QF","","3.11","0","","MAV","","478617.0","425688.0","Saltmarshe LC DN14 7TW","HFJ7","","","","","","","","","VEHICLE","","20179702","2015-02-05","","NRAIL","","","","","All/Multiple Tracks","MIMS-S//DE/ - Access Point. Level Crossing. RT Document: ALARMS.","SE 78617 25688"
"20775204","TJG2","4.069","QF","","4.069","0","","MAV","","477597.0","424971.0","Kilpin Lane LC DN14 7RP","HFJ7","","","","","","","","","Vehicle","","20775204","2015-02-05","","NRAIL","","","","","All/Multiple Tracks","","SE 77597 24971"
"20775206","TJG2","4.146","QF","","4.146","2100","","MAV","","476943.0","424725.0","Skelton Dock DN14 7RP","HFJ7","","","","","","","","","Vehicle","","20775206","2015-02-05","","NRAIL","","","","","Down Main/Fast","","SE 76943 24725"
"20180432","TJG2","5.0032","QF","","5.0032","2100","","MAV","","476551.0","424707.0","Goole Swing Bridge DN14 5LE","HFJ7","","","","","","","","","ME00755Nw","","20180432","2022-09-21","","NRAIL","","","","","Down Main/Fast","MIMS-S//DE/ - Access Point. Signal Box. East side access by minor road leading south from A614 at Howden via sign posted Skelton. ALWAYS OBTAIN PERMISSION FROM SIGNALMAN ON LINESIDE TELEPHONE BEFORE WALKING ON DOWNSIDE SPAN    Mileage should be 5m 32yds Down Side - Amend in Ellipse",""
"20180433","TJG2","6.0813","QF","","6.0813","1900","","MAV","","474624.0","423915.0","Goole Station Yard DN14 5EZ","HFJ7","","","","","","","","","","","20180433","2015-02-05","","NRAIL","","","","","Up Siding","MIMS-S//DE/ - Access Point. Station.",""
"20179703","TJG2","6.11","QF","","6.11","0","","MAV","","474386.0","423739.0","Goole Station Car Park DN14 6BB","HFJ7","","","","","","","","","","","20179703","2015-02-05","","NRAIL","","","","","All/Multiple Tracks","MIMS-S//DE/ - Access Point. Level Crossing. RT Document: ALARMS.",""
"20614164","TJG2","6.1626","QF","","6.1626","1900","","MAV","","473967.0","423431.0","Goole Potters Junction DN14 6SZ","HFJ7","","","","","","","","","","","20614164","2015-02-05","","NRAIL","","","","","Up Siding","MIMS-S//DE/ - via access gate combination lock",""
"20614178","TJG2","7.008","QF","","7.008","2100","","MAV","","473056.0","422137.0","Goole Potters Jn DN14 6SZ","HFJ7","","","","","","","","","VEHICLE","","20614178","2015-02-05","","NRAIL","","","","","Down Main/Fast","MIMS-S//DE/ - via access gate combination lock","SE 73056 22137"
"20179149","TJG2","9.077","QF","","9.077","0","","MAV","","471922.0","420057.0","Hook Moor LC DN14 8PR","HFJ7","","","","","","","","","VEHICLE","","20179149","2015-02-05","","NRAIL","","","","","All/Multiple Tracks","MIMS-S//DE/ - Access Point. Level Crossing. RT Document: ALARMS. No parking on occupation road","SE 71922 20057"
"20180004","TJG2","10.0462","QF","","10.0462","0","","MAV","","471184.0","418951.0","Creykes Level Xing DN14 8PX","HFJ7","","","","","","","","","","","20180004","2015-02-05","","NRAIL","","","","","All/Multiple Tracks","MIMS-S//DE/ - Access Point. Level Crossing. RT Document: ALARMS. No parking on occupation road",""
"20179150","TJG2","11.0088","QF","","11.0088","0","","MAV","","470479.0","417900.0","Tennents Xing DN8 4JX","HFJ7","","","","","","","","","","","20179150","2015-02-05","","NRAIL","","","","","All/Multiple Tracks","MIMS-S//DE/ - Access Point. Level Crossing. RT Document: ALARMS. No parking on occupation road",""
"20179876","TJG2","12.0704","QF","","12.0704","0","","MAV","","469341.0","416055.0","Thorne Moor Ends LC DN8 4JU","HFJ7","","","","","","","","","VEHICLE","","20179876","2015-02-05","","NRAIL","","","","","All/Multiple Tracks","MIMS-S//DE/ - Access Point. Level Crossing. RT Document: ALARMS.","SE 69341 16055"
"20775199","TJG2","1.092","QF","","1.092","0","","MAX","","481387.0","427633.0","Green Oak Goit MCB-OD DN14 7XR","HFJ7","","","","","","","","","Vehicle","","20775199","2022-03-30","","NRAIL","","","","","All/Multiple Tracks","","SE 81387 27633"
"20179146","TJG2","2.165","QF","","2.165","0","","MAX","","479523.0","426326.0","Baulkholme UWC","HFJ7","","","","","","","","","ME00755Nw","","20179146","2022-09-21","","NRAIL","","","","","All/Multiple Tracks","MIMS-S//DE/ - Access Point. Level Crossing. RT Document: ALARMS. No parking on occupation road    Local Name should be Baulkholme UWC - Up side - Amend in Ellipse",""
"20775218","TJG2","10.043","QF","","10.043","0","","MAX","","471195.0","418983.0","Creykes LC DN14 8PX","HFJ7","","","","","","","","","Vehicle","","20775218","2022-08-31","","NRAIL","","","","","All/Multiple Tracks","Access rights allowed down the tracks on both sides but no right to parking. No parking available on site and when you stop the landowner will report you. Difficult neighbour","SE 71195 18983"
"20179971","TYB1","70.0352","QF","","70.0352","0","","MAV","","478565.0","381709.0","LEVERTON LC","HFJ4","","","","","","","","","","","20179971","2013-03-25","","NV","","","","","All/Multiple Tracks","MIMS-X///MM - Access Point. Level Crossing. RT Document: ALARMS. - Not seen on SERCO. DN22 0DN.",""
"20179544","TYB1","71.011","QF","","71.011","0","","MAV","","479769.0","381006.0","NEWINGS LANE","HFJ4","","","","","","","","","","","20179544","2013-03-25","","NV","","","","","All/Multiple Tracks","MIMS-X///MM - Access Point. Level Crossing. RT Document: ALARMS. No parking on occupation road - Not seen on SERCO. DN22 0ES.",""
"20179952","TYB1","71.0484","QF","","71.0484","0","","MAV","","480067.0","380831.0","WEST BRECKS","HFJ4","","","","","","","","","","","20179952","2013-03-25","","NV","","","","","All/Multiple Tracks","MIMS-X///MM - Access Point. Level Crossing. RT Document: ALARMS. - Not seen on SERCO. DN22 0ES.",""
"20179284","TYB1","71.1276","QF","","71.1276","0","","MAV","","480693.0","380464.0","COW PASTURE LANE","HFJ4","","","","","","","","","","","20179284","2013-03-25","","NV","","","","","All/Multiple Tracks","MIMS-X///MM - Access Point. Level Crossing. RT Document: ALARMS. No parking on occupation road. DN22 0DW.",""
"20180065","WAG1","48.143","QF","","48.143","2100","","MAP","","434948.0","419277.0","Bellevue WF1 5DE","HFJ7","","","","","","","","","","","20180065","2015-02-05","","NV","","","","","Down Main/Fast","MIMS-S//KB/ - Not seen during MIMS site visit -",""
"20775225","WAG1","49.077","QF","","49.077","2100","","MAP","","435729.0","418721.0","Crofton West Jn WF4 1SD","HFJ7","","","","","","","","","Pedestrian","","20775225","2015-02-05","","NRAIL","","","","","Down Main/Fast","","SE 35729 18721"
"20775226","WAG1","50.0337","QF","","50.0337","1100","","MAP","","436860.0","418911.0","Redbeck Café / Crofton Road Bridge WF4 1RU","HFJ7","","","","","","","","","Pedestrian","","20775226","2015-02-05","","NRAIL","","","","","Up Main/Fast","","SE 36860 18911"
"20775227","WAG1","51.0442","QF","","51.0442","2100","","MAP","","438351.0","419632.0","Cow Lane Steps WF4 1RU","HFJ7","","","","","","","","","ME00755Nw","","20775227","2022-09-21","","NRAIL","","","","","Down Main/Fast","Should be on the down - Amend in Ellipse","SE 38351 19632"
"20775228","WAG1","51.1408","QF","","51.1408","0","","MAP","","439168.0","419965.0","Sharlston LC WF7 6DH","HFJ7","","","","","","","","","ME00755Nw","","20775228","2022-09-21","","NRAIL","","","","","All/Multiple Tracks","Mileage difference <showing as 51m 1414yds in Ellipse> - Confirmed as 1408yds - Amend in Ellipse","SE 39168 19965"
"20775229","WAG1","51.156","QF","","51.156","0","","MAP","","439297.0","420019.0","Gin Lane LC WF7 6DH","HFJ7","","","","","","","","","ME00755Nw","","20775229","2022-09-21","","NRAIL","","","","","All/Multiple Tracks","Local name Gin Lane - Amend in Ellipse","SE 39297 20019"
"20625641","WAG1","52.0286","QF","","52.0286","2100","","MAP","","439729.0","420134.0","Streethouse Station WF7 6DD","HFJ7","","","","","","","","","PEDESTRIAN","","20625641","2015-02-05","","NRAIL","","","","","Down Main/Fast","MIMS-X///MM -","SE 39729 20134"
"20625643","WAG1","52.0318","QF","","52.0318","1100","","MAP","","439758.0","420131.0","Streethouse Station WF7 6DD","HFJ7","","","","","","","","","PEDESTRIAN","","20625643","2015-02-05","","NRAIL","","","","","Up Main/Fast","MIMS-X///MM -","SE 39758 20131"
"20625663","WAG1","53.1566","QF","","53.1566","1100","","MAP","","442485.0","420482.0","Featherstone Level Xing WF7 5DQ","HFJ7","","","","","","","","","","","20625663","2015-02-05","","NRAIL","","","","","Up Main/Fast","MIMS-X///MM -",""
"20179489","WAG1","54.068","QF","","54.068","0","","MAP","","443163.0","420900.0","Half Penny Lane WF7 6LE","HFJ7","","","","","","","","","","","20179489","2015-02-05","","NRAIL","","","","","All/Multiple Tracks","MIMS-X///MM - OUT OF MILEAGE ON STAGE 1 SITE VISIT ACESS POINT <LEVEL CROSSING> rt DOCUMENT ALARMS. ACCESS ON FOOT ONLY NO VEHICULAR ACCESS OR PARKING",""
"20625678","WAG1","55.1431","QF","","55.1431","2100","","MAP","","445077.0","422169.0","Pontefract Tanshelf Station WF8 4QE","HFJ7","","","","","","","","","PEDESTRIAN","","20625678","2015-02-05","","NRAIL","","","","","Down Main/Fast","Access to Up and Down lines from platform ends. Vehicle parking at station.","SE 45077 22169"
"20625700","WAG1","56.0896","QF","","56.0896","1100","","MAP","","446054.0","422710.0","Pontefract Monkhill Station WF8 2NS","HFJ7","","","","","","","","","PEDESTRIAN","","20625700","2015-02-05","","NRAIL","","","","","Up Main/Fast","Pedestrian access to track and Relay Room from platform ends. Vehicle parking at station.","SE 46054 22710"
"20775236","WAG1","57.031","QF","","57.031","2100","","MAP","","447006.0","423216.0","FE6375 Signal WF8 2PY","HFJ7","","","","","","","","","Pedestrian","","20775236","2022-07-01","","NRAIL","","","","","Down Main/Fast","","SE 47006 23216"
"20771465","WAG1","58.044","QF","","58.044","2100","","MAP","","448656.0","423584.0","Knottingley West Jn WF11 8RW","HFJ7","","","","","","","","","PEDESTRIAN","","20771465","2015-02-05","","NRAIL","","","","","Down Main/Fast","Pedestrian access down steps adjacent to O/Bridge 41 A645-Pontefract Road to Down Cess. Railway 859 Key required. Limited vehicle parking is available on opposite side of road","SE 48656 23584"
"20610875","WAG1","58.076","QF","","58.076","2100","","MAP","","448948.0","423591.0","Knottingley Station WF11 8RL","HFJ7","","","","","","","","","","","20610875","2015-02-05","","NRAIL","","","","","Down Main/Fast","Knottingley Station, access to Up and Down Cess from platform ends. Vehicle parking available at station.",""
"20633502","WAG1","59.0125","QF","","59.0125","1100","","MAP","","449966.0","423551.0","England Lane LC Access Gate WF11 0JB","HFJ7","","","","","","","","","PEDESTRIAN","","20633502","2015-02-05","","NRAIL","","","","","Up Main/Fast","MIMS-SX//DE/KN -","SE 49966 23551"
"20179677","WAG1","59.0132","QF","","59.0132","0","","MAP","","449977.0","423548.0","England Lane LC WF11 0JB","HFJ7","","","","","","","","","ME00755Nw","","20179677","2022-09-21","","NRAIL","","","","","All/Multiple Tracks","Position NP=Both sides. RRV access available. Limited parking on roadside.   Pedestrian Access - Amend in Ellipse","SE 49977 23548"
"20179033","WAG1","59.0924","QF","","59.0924","0","","MAP","","450679.0","423373.0","Broomhill Foot LC WF11 0DS","HFJ7","","","","","","","","","PEDESTRIAN","","20179033","2015-02-05","","NRAIL","","","","","All/Multiple Tracks","Position NP=Access from both sides. - Access Point. Level Crossing. RT Document: ALARMS. Access on foot only. No vehicular access. Very limited parking in nearby residential streets.","SE 50679 23373"
"20180442","WAG1","62.1262","QF","","62.1262","1100","","MAP","","455631.0","422849.0","Whitley Station DN14 0WL","HFJ7","","","","","","","","","","","20180442","2015-02-05","","NRAIL","","","","","Up Main/Fast","MIMS-SX//DE/KN - Access Point. Station.",""
"20179415","WAG1","64.011","QF","","64.011","1100","","MAP","","457830.0","422821.0","Ma Bailey""s / Eggborough Ings LC DN14 0QA","HFJ7","","","","","","","","","ME00755Nw","","20179415","2022-09-21","","NRAIL","","","","","Up Main/Fast","Access Point. Level Crossing. RT Document: ALARMS. Access on foot only     Local name Eggborough Ings LC DN14 0QA - Access both sides - Amend in Ellipse","SE 57830 22821"
"20787850","WAG1","64.011","QF","","64.011","2100","","MAP","","457830.0","422821.0","Ma Bailey""s / Eggborough Ings LC DN14 0QA","HFJ7","","","","","","","","","ME00755Nw","","20787850","2022-09-21","","NRAIL","","","","","Down Main/Fast","Access Point. Level Crossing. RT Document: ALARMS. Access on foot only     Local name Eggborough Ings LC DN14 0QA - Access both sides - Amend in Ellipse","SE 57830 22821"
"20625787","WAG1","64.0876","QF","","64.0876","1100","","MAP","","458532.0","422815.0","Hensall Station DN14 0QN","HFJ7","","","","","","","","","","","20625787","2015-02-05","","NRAIL","","","","","Up Main/Fast","MIMS-SX//DE/KN -",""
"20625789","WAG1","64.0885","QF","","64.0885","2100","","MAP","","458540.0","422815.0","Hensall Station DN14 0QN","HFJ7","","","","","","","","","","","20625789","2015-02-05","","NRAIL","","","","","Down Main/Fast","MIMS-S//de/ - ",""
"20179039","WAG1","67.143","QF","","67.143","0","","MAP","","463765.0","422140.0","Marina Avenue LC / School Shortcut DN14 9LD","HFJ7","","","","","","","","","PEDESTRIAN","","20179039","2015-02-05","","NRAIL","","","","","All/Multiple Tracks","Access Point. Level Crossing. RT Document: ALARMS. Access on foot only. No vehicular access or parking.","SE 63765 22140"
"20775264","WAG1","68.0","QF","","68.0","3100","","MAP","","464034.0","422243.0","Foot Crossing","HFJ7","","","","","","","","","ME00755Nw","","20775264","2022-09-21","","NRAIL","","","","","Rev Main/Fast","Local name ""Foot Crossing"" in Ellipse - Amend in Ellipse","SE 64034 22243"
"20179529","WAG1","68.0284","QF","","68.0284","3100","","MAP","","464295.0","422303.0","Snaith Station DN14 9HY","HFJ7","","","","","","","","","PEDESTRIAN","","20179529","2015-02-05","","NRAIL","","","","","Rev Main/Fast","MIMS-SX//PH/SC - Access Point. Level Crossing. RT Document: ALARMS. Access on foot only. No vehicular access or parking.","SE 64295 22303"
"20775266","WAG1","68.0646","QF","","68.0646","3100","","MAP","","464623.0","422331.0","George St LC DN14 9HZ","HFJ7","","","","","","","","","Pedestrian","","20775266","2015-02-05","","NRAIL","","","","","Rev Main/Fast","","SE 64623 22331"
"20179001","WAG1","70.088","QF","","70.088","9999","","MAP","","467997.0","422005.0","Mill Lane LC DN14 8ND","HFJ7","","","","","","","","","PEDESTRIAN","","20179001","2015-02-05","","NRAIL","","","","","Unknown","Access Point. Level Crossing. RT Document: ALARMS. Access on foot only. No vehicular access or parking.","SE 67997 22005"
"20775221","WAG1","47.154","QF","","47.154","1100","","MAV","","434053.0","420407.0","Cobra Siding/Old SB WF1 5PE","HFJ7","","","","","","","","","Pedestrian","","20775221","2019-04-17","","NRAIL","","","","","Up Main/Fast","","SE 34053 20407"
"20775222","WAG1","48.03","QF","","48.03","1100","","MAV","","434415.0","420161.0","Cobra Sidings WF1 5PW","HFJ7","","","","","","","","","Vehicle","","20775222","2015-02-05","","NRAIL","","","","","Up Main/Fast","","SE 34415 20161"
"20775223","WAG1","48.0726","QF","","48.0726","2100","","MAV","","434609.0","419839.0","Calder Bridge Jn WF1 5DE","HFJ7","","","","","","","","","Vehicle","","20775223","2015-02-05","","NRAIL","","","","","Down Main/Fast","","SE 34609 19839"
"20633629","WAG1","48.1455","QF","","48.1455","2100","","MAV","","434962.0","419259.0","Oakenshaw WF1 5DE","HFJ7","","","","","","","","","","","20633629","2015-02-05","","NRAIL","","","","","Down Main/Fast","MIMS-S//KB/ - ",""
"20179507","WAG1","50.0586","QF","","50.0586","0","","MAV","","437029.0","419066.0","Crofton Old Station LC WF4 1RU","HFJ7","","","","","","","","","VEHICLE","","20179507","2015-02-05","","NRAIL","","","","","All/Multiple Tracks","MIMS-X///MM - Out of Mileage for Stage 1 Site Visit. Access Point. Level Crossing. RT Document: ALARMS. No parking on occupation road","SE 37029 19066"
"20179887","WAG1","52.0242","QF","","52.0242","2100","","MAV","","439689.0","420127.0","Streethouse LC WF7 6DD","HFJ7","","","","","","","","","VEHICLE","","20179887","2015-02-05","","NRAIL","","","","","Down Main/Fast","MIMS-X///MM - Access Point. Level Crossing. RT Document: ALARMS.","SE 39689 20127"
"20179650","WAG1","52.0588","QF","","52.0588","0","","MAV","","440004.0","420163.0","Red Lane WF7 6BZ","HFJ7","","","","","","","","","","","20179650","2015-02-05","","NRAIL","","","","","All/Multiple Tracks","MIMS-X///MM -. Access Point. Level Crossing. RT Document: ALARMS.",""
"20625652","WAG1","53.0902","QF","","53.0902","1100","","MAV","","441887.0","420372.0","Red Lane WF7 6BZ","HFJ7","","","","","","","","","","","20625652","2015-02-05","","NRAIL","","","","","Up Main/Fast","MIMA-X///MM-",""
"20625658","WAG1","53.1342","QF","","53.1342","1100","","MAV","","442291.0","420423.0","Featherstone Station WF7 6EG","HFJ7","","","","","","","","","","","20625658","2015-02-05","","NRAIL","","","","","Up Main/Fast","MIMS-X///MM - Side of track from Featherstone Station",""
"20179303","WAG1","54.0318","QF","","54.0318","0","","MAV","","442886.0","420717.0","Sportsfield LC WF7 6LB","HFJ7","","","","","","","","","VEHICLE","","20179303","2015-02-05","","NRAIL","","","","","All/Multiple Tracks","MIMS-X///MM - ACCESS POINT <LEVEL CROSSING> RT DOCUMENTATION ALARMS NO PARKING ON OCCUPATION ROA. OCCUPATION XING WITH WICKETS","SE 42886 20717"
"20625674","WAG1","55.1271","QF","","55.1271","1100","","MAV","","444966.0","422071.0","Pontefract Tanshelf WF8 4DB","HFJ7","","","","","","","","","VEHICLE","","20625674","2015-02-05","","NRAIL","","","","","Up Main/Fast","MIMS-SX//DE/MM--NOT SEEN ON SERCO","SE 44966 22071"
"20771462","WAG1","56.0792","QF","","56.0792","1100","","MAV","","445970.0","422671.0","Pontefract West Jn WF8 2NS","HFJ7","","","","","","","","","VEHICLE","","20771462","2015-02-05","","NRAIL","","","","","Up Main/Fast","Vehicle access to Up Cess at Pontefract West Junction through gate to vehicular track formed along Up Cess from Pontefract Monkhill Station. 221 Key required. Good access to track for any road vehicle. RRV access possible.","SE 45970 22671"
"20180438","WAG1","56.1056","QF","","56.1056","1100","","MAV","","446184.0","422782.0","Pontefract Monkhill WF8 2NS","HFJ7","","","","","","","","","","","20180438","2015-02-05","","NRAIL","","","","","Up Main/Fast","Vehicle access to Up Cess from yard area to East of station. Railway 859 Key required. Good access to Cess for any road vehicle. RRV access possible.",""
"20771464","WAG1","57.1","QF","","57.1","2100","","MAV","","447568.0","423499.0","Pontefract M""Hill Goods Jn WF8 2PY","HFJ7","","","","","","","","","VEHICLE","","20771464","2015-02-05","","NRAIL","","","","","Down Main/Fast","Access from track adjacent to railway, off Stumpcross Lane, track contiues through access gate along Downside cess of PEF to Ferrybridge South Junction. Railway 859 key required, gates and lock coated in anti vandal grease.","SE 47568 23499"
"20771466","WAG1","58.052","QF","","58.052","2100","","MAV","","448729.0","423587.0","KNOTTINGLEY STATION WF11 8RW","HFJ7","","","","","","","","","","","20771466","2015-02-05","","NRAIL","","","","","Down Main/Fast","Vehicular access to Down Cess. Railway 859 key required for gate. Vehicle parking is available in station carpark area. RRV access is available.",""
"20179881","WAG1","59.0561","QF","","59.0561","0","","MAV","","450357.0","423453.0","Womersley Road Level Crossing WF11 8AD","HFJ7","","","","","","","","","ME00755Nw","","20179881","2022-09-21","","NRAIL","","","","","All/Multiple Tracks","Position NP=Access from both sides. Access Point at Level Crossing. RRV access possible.   Local Name Womersley Road Knottingley Level Crossing WF11 8AD - Amend in Ellipse",""
"20179034","WAG1","59.154","QF","","59.154","0","","MAV","","451226.0","423238.0","Blackburn Lane WF11 8BN","HFJ7","","","","","","","","","","","20179034","2015-02-05","","NRAIL","","","","","All/Multiple Tracks","Access from both sides, from Womersley Road to the South and Weeland Road, A645, via Common Lane (public track) to the North. RRV access possible. No parking or passing on narrow lane.",""
"20179035","WAG1","60.0374","QF","","60.0374","0","","MAV","","451753.0","423107.0","Southmoor Lane Level Crossing WF11 8BN","HFJ7","","","","","","","","","","","20179035","2015-02-05","","NRAIL","","","","","All/Multiple Tracks","Access from both sides, RRV access possible. No Parking available on occupation road (public track).",""
"20775244","WAG1","60.088","QF","","60.088","0","","MAV","","452259.0","423077.0","Common Lane LC WF11 0AJ","HFJ7","","","","","","","","","ME00755Nw","","20775244","2022-09-21","","NRAIL","","","","","All/Multiple Tracks","Mileage difference <showing as 60m 800yds in Ellipse - confirmed as 880yds> - Amend in Ellipse","SE 52259 23077"
"20633540","WAG1","61.0181","QF","","61.0181","0","","MAV","","453116.0","423331.0","Sudforth Lane Level Crossing DN14 0TB","HFJ7","","","","","","","","","ME00755Nw","","20633540","2022-09-21","","NRAIL","","","","","All/Multiple Tracks","Access available from both sides. Access at both level crossing and signal box for RRV possible. Parking available on roadside.      Showing as Pedestrian Access in Ellipse - confirmed as Vehicle access - Amend in Ellipse",""
"20179036","WAG1","61.1554","QF","","61.1554","0","","MAV","","454348.0","423097.0","Thornfield Lane LC DN14 0TE","HFJ7","","","","","","","","","VEHICLE","","20179036","2015-02-05","","NRAIL","","","","","All/Multiple Tracks","MIMS-SX//DE/KN - Access Point <Level crossing> RT Document: ALARMS. No parking on occupation raod. Not seen on SERCO","SE 54348 23097"
"20775247","WAG1","62.024","QF","","62.024","2100","","MAV","","454748.0","423019.0","Southfield Lane LC DN14 0TE","HFJ7","","","","","","","","","ME00755Nw","","20775247","2022-09-21","","NRAIL","","","","","Down Main/Fast","Mileage difference <showing as 62m 220yds in Ellipse> - Amend in Ellipse","SE 54748 23019"
"20779347","WAG1","62.1221","QF","","62.1221","1100","","MAV","","455664.0","422847.0","Whitley Station Car Park DN14 0WL","HFJ7","","","","","","","","","","","20779347","2016-10-20","","NRAIL","","","","","Up Main/Fast","Whitley station car park",""
"20775252","WAG1","63.0","QF","","63.0","2100","","MAV","","456234.0","422853.0","Whitley Bridge / Eggborough Junction DN14 0UH","HFJ7","","","","","","","","","Vehicle","","20775252","2015-02-05","","NRAIL","","","","","Down Main/Fast","","SE 56234 22853"
"20775253","WAG1","63.0432","QF","","63.0432","1100","","MAV","","456515.0","422832.0","Low Eggborough LC DN14 0PU","HFJ7","","","","","","","","","Vehicle","","20775253","2015-02-05","","NRAIL","","","","","Up Main/Fast","","SE 56515 22832"
"20179651","WAG1","63.0748","QF","","63.0748","0","","MAV","","456804.0","422833.0","High Eggborough Level Xing DN14 0PT","HFJ7","","","","","","","","","","","20179651","2015-02-05","","NRAIL","","","","","All/Multiple Tracks","MIMS-X///KN - Access Point. Level Crossing. RT Document: ALARMS. - Not seen on SERCO -",""
"20179958","WAG1","64.033","QF","","64.033","0","","MAV","","458020.0","422819.0","Snaith & Ponte Highway LC DN14 0QE","HFJ7","","","","","","","","","VEHICLE","","20179958","2015-02-05","","NRAIL","","","","","All/Multiple Tracks","MIMS-X///KN - Access Point. Level Crossing. RT Document: ALARMS. - Not seen on SERCO -","SE 58020 22819"
"20180444","WAG1","64.0858","QF","","64.0858","0","","MAV","","458515.0","422815.0","Hensall Level Xing DN14 0QN","HFJ7","","","","","","","","","","","20180444","2015-02-05","","NRAIL","","","","","All/Multiple Tracks","MIMS-S//DE/ - Access Point. Station.",""
"20179653","WAG1","64.1716","QF","","64.1716","9999","","MAV","","459296.0","422807.0","Heck Lane Level Xing DN14 0RD","HFJ7","","","","","","","","","","","20179653","2015-02-05","","NRAIL","","","","","Unknown","Access Point. Level Crossing. RT Document: ALARMS.",""
"20179657","WAG1","65.088","QF","","65.088","2100","","MAV","","460143.0","422726.0","Heck Ings Level Xing","HFJ7","","","","","","","","","","","20179657","2015-02-05","","NRAIL","","","","","Down Main/Fast","MIMS-SX//DE/KN - Access Point. Level Crossing. RT Document: ALARMS. - Not seen on SERCO -",""
"20773284","WAG1","65.1452","QF","","65.1452","2100","","MAV","","460636.0","422581.0","Drax Jn DN14 0XD","HFJ7","","","","","","","","","VEHICLE","","20773284","2015-02-05","","NRAIL","","","","","Down Main/Fast"," ","SE 60636 22581"
"20179913","WAG1","66.1122","QF","","66.1122","3100","","MAV","","461896.0","422235.0","Gowdall Level Xing DN14 0AW","HFJ7","","","","","","","","","","","20179913","2015-02-05","","NRAIL","","","","","Rev Main/Fast","Access Point. Level Crossing. RT Document: ALARMS.",""
"20179912","WAG1","66.1452","QF","","66.1452","3100","","MAV","","462192.0","422184.0","Field Lane DN14 0AS","HFJ7","","","","","","","","","","","20179912","2015-02-05","","NRAIL","","","","","Rev Main/Fast","Access Point. Level Crossing. RT Document: ALARMS.",""
"20179038","WAG1","67.0396","QF","","67.0396","3100","","MAV","","462827.0","422079.0","Gowdall Bank UWC","HFJ7","","","","","","","","","ME00755Nw","","20179038","2022-09-21","","NRAIL","","","","","Rev Main/Fast","Access Point. Level Crossing. RT Document: ALARMS. No parking on occupation road     Local Name - Gowdall Bank UWC - Amend in Ellipse",""
"20775263","WAG1","67.0844","QF","","67.0844","3100","","MAV","","463233.0","422033.0","Dorr Lane UWC","HFJ7","","","","","","","","","ME00755Nw","","20775263","2022-09-21","","NRAIL","","","","","Rev Main/Fast","Missing from Ellipse - confirmed as access - Local name Dorr Lane UWC - Amend in Ellipse","SE 63233 22033"
"20179877","WAG1","68.0132","QF","","68.0132","3100","","MAV","","464160.0","422274.0","Snaith Station LC","HFJ7","","","","","","","","","ME00755Nw","","20179877","2022-09-21","","NRAIL","","","","","Rev Main/Fast","Access Point. Level Crossing. RT Document: ALARMS.    Local name ""Foot Crossing"" in Ellipse - Local Name should be Snaith Station LC - Amend in Ellipse",""
"20775267","WAG1","68.1342","QF","","68.1342","3100","","MAV","","465239.0","422200.0","West Cowick LC DN14 9DH","HFJ7","","","","","","","","","Vehicle","","20775267","2015-02-05","","NRAIL","","","","","Rev Main/Fast","","SE 65239 22200"
"20180017","WAG1","69.1056","QF","","69.1056","9999","","MAV","","466559.0","422010.0","East Cowick LC DN14 9DD","HFJ7","","","","","","","","","VEHICLE","","20180017","2015-02-05","","NRAIL","","","","","Unknown","Access Point. Level Crossing. RT Document: ALARMS.","SE 66559 22010"
"20179957","WAG1","70.0374","QF","","70.0374","9999","","MAV","","467542.0","422083.0","Snaith Road LC DN14 8NA","HFJ7","","","","","","","","","VEHICLE","","20179957","2015-02-05","","NRAIL","","","","","Unknown","Access Point. Level Crossing. RT Document: ALARMS.","SE 67542 22083"
"20180446","WAG1","70.165","QF","","70.165","9999","","MAV","","468692.0","421888.0","Rawcliffe Station DN14 8NQ","HFJ7","","","","","","","","","VEHICLE","","20180446","2015-02-05","","NRAIL","","","","","Unknown","Access Point. Station.","SE 68692 21888"
"20179965","WAG1","70.1716","QF","","70.1716","9999","","MAV","","468752.0","421878.0","Rawcliffe Station LC DN14 8NQ","HFJ7","","","","","","","","","VEHICLE","","20179965","2015-02-05","","NRAIL","","","","","Unknown","Access Point. Level Crossing. RT Document: ALARMS.","SE 68752 21878"
"20775268","WAG1","71.1474","QF","","71.1474","3100","","MAV","","470116.0","421645.0","Dobella LC DN14 8SN","HFJ7","","","","","","","","","Vehicle","","20775268","2015-02-05","","NRAIL","","","","","Rev Main/Fast","","SE 70116 21645"
"20775269","WAG1","72.0572","QF","","72.0572","3100","","MAV","","470899.0","421613.0","Rawcliffe Bridge DN14 8SN","HFJ7","","","","","","","","","Vehicle","","20775269","2015-02-05","","NRAIL","","","","","Rev Main/Fast","","SE 70899 21613"
"20775258","WAG1","64.1642","QF","","64.1642","0","","MAX","","459229.0","422805.0","Heck Lane LC DN14 0RD","HFJ7","","","","","","","","","Vehicle","","20775258","2022-03-30","","NRAIL","","","","","All/Multiple Tracks","","SE 59229 22805"
"20775259","WAG1","65.0875","QF","","65.0875","2100","","MAX","","460129.0","422728.0","Heck Ings LC DN14 0XD","HFJ7","","","","","","","","","Vehicle","","20775259","2022-03-30","","NRAIL","","","","","Down Main/Fast","","SE 60129 22728"
"20775260","WAG1","66.1124","QF","","66.1124","3100","","MAX","","461899.0","422234.0","Gowdall Lane LC DN14 0AW","HFJ7","","","","","","","","","Vehicle","","20775260","2022-03-30","","NRAIL","","","","","Rev Main/Fast","","SE 61899 22234"
"20775261","WAG1","66.1448","QF","","66.1448","3100","","MAX","","462189.0","422183.0","Field Lane LC DN14 0AS","HFJ7","","","","","","","","","Vehicle","","20775261","2022-03-30","","NRAIL","","","","","Rev Main/Fast","","SE 62189 22183"
"20775265","WAG1","68.021","QF","","68.021","3100","","MAX","","464229.0","422286.0","Snaith Station LC DN14 9HP","HFJ7","","","","","","","","","Vehicle","","20775265","2022-03-30","","NRAIL","","","","","Rev Main/Fast","","SE 64229 22286"
"20775270","WAG2","0.0","QF","","0.0","3101","","MAV","","473787.0","423300.0","Potters Grange Junction DN14 8GA","HFJ7","","","","","","","","","Vehicle","","20775270","2015-02-05","","NRAIL","","","","","","","SE 73787 23300"
"20775271","WAG2","0.1408","QF","","0.1408","3102","","MAV","","472861.0","422432.0","Goole Junction DN14 8GA","HFJ7","","","","","","","","","Vehicle","","20775271","2015-02-05","","NRAIL","","","","","","","SE 72861 22432"
"20787750","WCI","0.011","QF","","0.011","3300","","MAV","","455946.0","522901.0","SHELL JUNCTION TS6 7RT","HFJ1","","","","","","","","","","","20787750","2022-09-13","","NRAIL","","","","","Rev Goods","Off Tees Dock Road access gate off Fire Road direct onto ICI Line / Down Goods at Shell Jn","NZ 55946 22901"
"20772205","WKC","1.1474","QF","","1.1474","0","","MAP","","457199.0","367643.0","BRIDGE 5 BROOM HILL LANE","HFJ4","","","","","","","","","","","20772205","2013-03-25","","NRAIL","","","","","All/Multiple Tracks","GN7075 CREATING ASSETS 02/11/07 AS. NG20 0PZ",""
"20771783","WKC","0.1166","QF","","0.1166","0","","MAV","","","","JACKSONS","HFJ4","","","","","","","","","","","20771783","2013-03-25","","NRAIL","","","","","All/Multiple Tracks","GN6067 NEW ASSETS CREATED FROM ELLIPSE 24/4/07 STC. NG20 9QU.",""
"20179551","WKC","2.044","QF","","2.044","0","","MAV","","457435.0","368219.0","ASSARTS FARM","HFJ4","","","","","","","","","","","20179551","2013-03-25","","JARVIS","","","","","All/Multiple Tracks","MIMS-S//PH/ - NOT SEEN ON SITE VISIT- Access Point. Level Crossing. RT Document: ALARMS. No parking on occupation road NOT SEEN ON SITE VISIT. NG20 9QU.",""
"20771784","WKC","2.1386","QF","","2.1386","0","","MAV","","457968.0","368882.0","MEDAN VALE","HFJ4","","","","","","","","","","","20771784","2013-03-25","","NRAIL","","","","","All/Multiple Tracks","GN6067 NEW ASSETS CREATED FROM ELLIPSE 24/4/07 STC. NG20 0RE.",""
"20772207","WME","0.088","QF","","0.088","0","","MAP","","438185.0","388470.0","SHIRLAND LANE","HFJ4","","","","","","","","","","","20772207","2013-03-25","","NRAIL","","","","","All/Multiple Tracks","GN7075 CREATING ASSETS 02/11/07 AS. S9 3FE.",""
"20772208","WME","2.066","QF","","2.066","0","","MAP","","439674.0","390942.0","SHEFFIELD ROAD TINSLEY","HFJ4","","","","","","","","","","","20772208","2013-03-25","","NRAIL","","","","","All/Multiple Tracks","GN7075 CREATING ASSETS 02/11/07 AS. S9 1EA.",""
"20788990","WME","2.1573","QF","","2.1573","3300","","MAP","","440156.0","391554.0","Sheffield Road <A6178>","HFJ4","","","","","","","","","Pedestrian","","20788990","2023-03-06","","NRAIL","","","","","Rev Goods","Access off Blackburn Meadows Way/Sheffield Road <A6178> through 5 bar timber gate along tarmac track to pedestrian access gate within steel palisade fencing. Parking available at end of tarmac track .   What3words Ref : sheets.alone.crash","SK 40156 91554"
"20772211","WME","5.044","QF","","5.044","0","","MAP","","442808.0","393719.0","FIELD WAY","HFJ4","","","","","","","","","","","20772211","2013-03-25","","NRAIL","","","","","All/Multiple Tracks","GN7075 CREATING ASSETS 02/11/07 AS. S60 1QG.",""
"20771785","WME","0.0","QF","","0.0","0","","MAV","","437721.0","387878.0","JESSLE STREET","HFJ4","","","","","","","","","","","20771785","2013-03-25","","NRAIL","","","","","All/Multiple Tracks","GN6067 NEW ASSETS CREATED FROM ELLIPSE 24/4/07 STC. S9 3HY.",""
"20180283","WME","4.033","QF","","4.0594","9999","","MAV","","442060.0","392241.0","BRINSWORTH STREET ROTHERHAM","HFJ4","","","","","","","","","","","20180283","2013-03-25","","NV","","","","","Unknown","NORTH SIDE OF RAILWAY. S60 1AB.",""
"20771786","WME","4.088","QF","","4.088","0","","MAV","","442413.0","392564.0","BOOTHS SCRAP YARD","HFJ4","","","","","","","","","","","20771786","2013-03-25","","NRAIL","","","","","All/Multiple Tracks","GN6067 NEW ASSETS CREATED FROM ELLIPSE 24/4/07 STC. S60 1EJ.",""
"20771787","WME","5.044","QF","","5.044","0","","MAV","","442808.0","393719.0","FIELD WAY","HFJ4","","","","","","","","","","","20771787","2013-03-25","","NRAIL","","","","","All/Multiple Tracks","GN6067 NEW ASSETS CREATED FROM ELLIPSE 24/4/07 STC. S60 1QG.",""
"20771788","WME","5.154","QF","","5.154","0","","MAV","","443678.0","394187.0","STONEROW WAY","HFJ4","","","","","","","","","","","20771788","2013-03-25","","NRAIL","","","","","All/Multiple Tracks","GN6067 NEW ASSETS CREATED FROM ELLIPSE 24/4/07 STC. S60 1TG.",""
"20782108","WME","6.0","QF","","6.0","1100","","MAV","","443829.0","394325.0","Parkgate/Stonerow Way","HFJ4","","","","","","","","","","","20782108","2018-02-20","","NRAIL","","","","","Up Main/Fast","Authorised access point for Up and Down Tinsley lines North of the Parkgate tram stop compund. Double palisade gates accessing open area adjacent to lineside. Suitable for vehicles.","SK 43829 94325"
"20771789","WME","6.1738","QF","","6.1738","0","","MAV","","444820.0","395590.0","ALDWARKE","HFJ4","","","","","","","","","","","20771789","2013-03-25","","NRAIL","","","","","All/Multiple Tracks","GN6067 NEW ASSETS CREATED FROM ELLIPSE 24/4/07 STC. S62 6BA.",""
"20179408","WME","8.0066","QF","","8.0066","9999","","MAV","","446181.0","396578.0","THRYBERGH JUNCTION","HFJ4","","","","","","","","","","","20179408","2013-03-25","","NV","","","","","Unknown","Access Point. Level Crossing. RT Document: ALARMS. No parking on occupation road. S64 5TJ.",""
"20772223","WME","9.143","QF","","9.143","0","","MAV","","446604.0","399289.0","MEXBOROUGH JN","HFJ4","","","","","","","","","","","20772223","2013-03-25","","NRAIL","","","","","All/Multiple Tracks","GN7075 CREATING ASSETS 02/11/07 AS. S64 8AH.",""
"20615071","WSB","0.0068","QF","","0.0068","1100","","MAP","","427556.0","584626.0","West Sleekburn Jcn NE22 7LQ","HFJ1","","","","","","","","","ME00755Nw","","20615071","2022-09-29","","NRAIL","","","","","Up Main/Fast","MIMS-S//KB/ -",""
"20782247","WSB","2.1145","QF","","2.1145","3100","","MAP","","430796.0","583341.0","Cambios Battleship Wharf NE24 1QJ","HFJ1","","","","","","","","","","","20782247","2018-05-11","","NRAIL","","","","","Rev Main/Fast","Parking available opposite the access gate at the LC",""
"20787388","WSB","3.0396","QF","","3.0396","3100","","MAP","","431307.0","582581.0","North Blyth NE24 1SD","HFJ1","","","","","","","","","","","20787388","2022-06-29","","NRAIL","","","","","Rev Main/Fast","","NZ 31307 82581"
"20179310","WSB","0.0352","QF","","0.0352","0","","MAV","","427729.0","584866.0","West Sleekburn Industrial Estate NE22 7LQ","HFJ1","","","","","","","","","","","20179310","2012-05-01","","NRAIL","","","","","All/Multiple Tracks","MIMS-S//KB/ - Access Point. Level Crossing. RT Document: ALARMS. No parking on occupation road. NOT SEEN ON STAGE 1 VISIT",""
"20179711","WSB","0.0682","QF","","0.0682","0","","MAV","","428029.0","584956.0","Winning NE22 7LQ","HFJ1","","","","","","","","","","","20179711","2012-05-01","","NRAIL","","","","","All/Multiple Tracks","MIMS-S//KB/ - Access Point.Signal Box/LC. RT Document: ALARMS. NOT SEEN ON STAGE 1 VISIT",""
"20179003","WSB","0.1168","QF","","0.1168","0","","MAV","","428464.0","585036.0","School Corner LC NE22 7BX","HFJ1","","","","","","","","","","","20179003","2024-08-28","","NRAIL","","","","","All/Multiple Tracks","MIMS-S//KB/ - Access Point. Level Crossing. RT Document: ALARMS. No parking on occupation road NOT SEEN ON STAGE 1 VISIT. [goose.rags.zoom]","NZ 28464 85036"
"20179704","WSB","1.066","QF","","1.066","0","","MAV","","429526.0","584693.0","Freemans NE24 1RZ","HFJ1","","","","","","","","","","","20179704","2012-05-01","","NRAIL","","","","","All/Multiple Tracks","MIMS-S//KB/ - Access Point. Signal Box/LC. On Cambois Road. RT Document: ALARMS. NOT SEEN ON STAGE 1 VISIT",""
"20179633","WSB","2.022","QF","","2.022","0","","MAV","","430446.0","584116.0","Cambois NE24 1RB","HFJ1","","","","","","","","","","","20179633","2012-05-01","","NRAIL","","","","","All/Multiple Tracks","MIMS-S//KB/ - Access Point. Level Crossing. RT Document: ALARMS. NOT SEEN ON MIMS SITE VISIT",""
"20788928","WWK","0.0132","QF","","0.0132","3100","","MAP","","433167.0","420176.0","Wakefield Westgate South Jcn","HFJ6","","","","","","","","","Pedestrian access","","20788928","2023-02-21","","NRAIL","","","","","Rev Main/Fast","Enter through the main entrance to the Trinity Business Park, located off Waldorf Way and take the 1st turning at the roundabout onto Fox Way. Follow Fox Way to the end of the road until reaching the palisade pedestrian access gate. There is limited vehicle parking at this location. The access steps are lit by a solar powered street light. What3Words Ref: allows.tribe.slices","SE 33167 20176"
"20771801","WWK","0.0421","QF","","0.0421","3100","","MAP","","433441.0","420151.0","Wakefield Westgate Curve","HFJ6","","","","","","","","","","","20771801","2022-07-26","","NRAIL","","","","","Rev Main/Fast","Access through the pedestrian access gate located in the boundary fence at the far end of Trinity Business Park, off Turner Way. Access steps lit via a solar powered street light lead to the cess at the low mileage side. What3Words Ref: slug.marked.sugar","SE 33441 20151"
"20638226","YMS","1.11","QF","","1.11","2100","","MAP","","460328.0","454222.0","Bootham Stray AHB LC YO30 6EZ","HFJ7","","","","","","","","","","","20638226","2024-05-28","","NRAIL","","","","","Down Main/Fast","Travel into York from A1237 Ring Road, exit at roundabout onto B1363 Wiggington Road, continue to LC. SE603542.",""
"20790509","YMS","1.11","QF","","1.11","1100","","MAP","","460328.0","454222.0","Bootham Stray AHB LC YO30 6EZ","HFJ7","","","","","","","","","","","20790509","2024-05-28","","NRAIL","","","","","Up Main/Fast","Travel into York from A1237 Ring Road, exit at roundabout onto B1363 Wiggington Road, continue to LC. SE603542.",""
"20179294","YMS","1.154","QF","","1.154","2100","","MAP","","460354.0","454584.0","Bootham Stray UWC YO32 4TY","HFJ7","","","","","","","","","ME00755Nw","","20179294","2022-09-21","","NRAIL","","","","","Down Main/Fast","Out of York on B1363 Wiggington Rd, turn right onto Farm Track 350 yds past Bootham Stray AHB LC. SE603545.     Both roads - Amend in Ellipse",""
"20787851","YMS","1.154","QF","","1.154","1100","","MAP","","460354.0","454584.0","Bootham Stray UWC YO32 4TY","HFJ7","","","","","","","","","ME00755Nw","","20787851","2022-09-21","","NRAIL","","","","","Up Main/Fast","Out of York on B1363 Wiggington Rd, turn right onto Farm Track 350 yds past Bootham Stray AHB LC. SE603545.     Both roads - Amend in Ellipse",""
"20638229","YMS","3.063","QF","","3.063","2100","","MAP","","460833.0","456904.0","Haxby Road CCTV LC YO32 3HQ","HFJ7","","","","","","","","","ME00755Nw","","20638229","2022-09-21","","NRAIL","","","","","Down Main/Fast","Exit A1237 on N Ring Road, turn onto Haxby Road, continue to Crossing. SE608569.     Both roads - Amend in Ellipse",""
"20787852","YMS","3.063","QF","","3.063","1100","","MAP","","460833.0","456904.0","Haxby Road CCTV LC YO32 3HQ","HFJ7","","","","","","","","","ME00755Nw","","20787852","2022-09-21","","NRAIL","","","","","Up Main/Fast","Exit A1237 on N Ring Road, turn onto Haxby Road, continue to Crossing. SE608569.     Both roads - Amend in Ellipse",""
"20179293","YMS","3.099","QF","","3.099","2100","","MAP","","460955.0","457209.0","Farmstead Rise UWC YO32 3LL","HFJ7","","","","","","","","","","","20179293","2015-02-05","","NRAIL","","","","","Down Main/Fast","A1237 onto Haxby Rd, 2nd right onto Farmstead Rise UWC. Access gate is between houses on RHS, single gate 859 Lock. SE609572.",""
"20638236","YMS","4.039","QF","","4.039","2100","","MAP","","461364.0","458186.0","Haxby Station CCTV LC YO32 3NE","HFJ7","","","","","","","","","ME00755Nw","","20638236","2022-09-21","","NRAIL","","","","","Down Main/Fast","Exit A1237 on N Ring Road, turn onto Haxby Road then right at the roundabout onto Station Road, continue to Crossing. SE613581.     Both roads - Amend in Ellipse",""
"20787868","YMS","4.039","QF","","4.039","1100","","MAP","","461364.0","458186.0","Haxby Station CCTV LC YO32 3NE","HFJ7","","","","","","","","","ME00755Nw","","20787868","2022-09-21","","NRAIL","","","","","Up Main/Fast","Exit A1237 on N Ring Road, turn onto Haxby Road then right at the roundabout onto Station Road, continue to Crossing. SE613581.     Both roads - Amend in Ellipse",""
"20178963","YMS","5.0589","QF","","5.0589","1100","","MAP","","462201.0","459753.0","Oakbutts UWS LC, Strensall YO32 5AR","HFJ7","","","","","","","","","ME00755Nw","","20178963","2022-09-21","","NRAIL","","","","","Up Main/Fast","On Towthorpe Rd between Haxby & Strensall, at the sharp bend turn onto farm track to Oakbutts Farm, continue to LC. SE622597.     Both roads - Amend in Ellipse",""
"20787869","YMS","5.0589","QF","","5.0589","2100","","MAP","","462201.0","459753.0","Oakbutts UWS LC, Strensall YO32 5AR","HFJ7","","","","","","","","","ME00755Nw","","20787869","2022-09-21","","NRAIL","","","","","Down Main/Fast","On Towthorpe Rd between Haxby & Strensall, at the sharp bend turn onto farm track to Oakbutts Farm, continue to LC. SE622597.     Both roads - Amend in Ellipse",""
"20638244","YMS","6.0007","QF","","6.0007","1100","","MAP","","463082.0","460371.0","Strensall No 1 CCTV, York Road YO32 5ZH","HFJ7","","","","","","","","","ME00755Nw","","20638244","2022-09-21","","NRAIL","","","","","Up Main/Fast","Continue on Strensall Road from A1237 Ring Road, turn over Strensall roundabout and take 3rd left onto Moor Lane, continue to LC. SE630603.     Both roads - Amend in Ellipse",""
"20787870","YMS","6.0007","QF","","6.0007","2100","","MAP","","463082.0","460371.0","Strensall No 1 CCTV, York Road YO32 5ZH","HFJ7","","","","","","","","","ME00755Nw","","20787870","2022-09-21","","NRAIL","","","","","Down Main/Fast","Continue on Strensall Road from A1237 Ring Road, turn over Strensall roundabout and take 3rd left onto Moor Lane, continue to LC. SE630603.     Both roads - Amend in Ellipse",""
"20638248","YMS","6.0237","QF","","6.0237","1100","","MAP","","463254.0","460490.0","Strensall No 2 CCTV, Moor Lane YO32 5RR","HFJ7","","","","","","","","","ME00755Nw","","20638248","2022-09-21","","NRAIL","","","","","Up Main/Fast","Continue on Strensall Road from A1237 Ring Road, continue to LC. SE632604.   Both roads - Amend in Ellipse",""
"20787871","YMS","6.0237","QF","","6.0237","2100","","MAP","","463254.0","460490.0","Strensall No 2 CCTV, Moor Lane YO32 5RR","HFJ7","","","","","","","","","ME00755Nw","","20787871","2022-09-21","","NRAIL","","","","","Down Main/Fast","Continue on Strensall Road from A1237 Ring Road, continue to LC. SE632604.   Both roads - Amend in Ellipse",""
"20638250","YMS","6.1056","QF","","6.1056","1100","","MAP","","463871.0","460916.0","Strensall Station MCB LC & Signal Box YO32 5YE","HFJ7","","","","","","","","","ME00755Nw","","20638250","2022-09-21","","NRAIL","","","","","Up Main/Fast","Continue on Strensall Road from A1237 Ring Road, turn left onto Lords Moor Lane, at the Golf Course Club House continue to LC. SE638609.     Both roads - Amend in Ellipse",""
"20787872","YMS","6.1056","QF","","6.1056","2100","","MAP","","463871.0","460916.0","Strensall Station MCB LC & Signal Box YO32 5YE","HFJ7","","","","","","","","","ME00755Nw","","20787872","2022-09-21","","NRAIL","","","","","Down Main/Fast","Continue on Strensall Road from A1237 Ring Road, turn left onto Lords Moor Lane, at the Golf Course Club House continue to LC. SE638609.     Both roads - Amend in Ellipse",""
"120000406","YMS","7.0151","QF","","7.0151","2100","","MAP","","464513.0","461365.0","RIVERSDALE FARM MASS ACCESS","HFJ7","","","","","","","","","ACCESS POINT","","120000406","2025-07-09","","","","","","","Down Main/Fast","",""
"20179327","YMS","7.0419","QF","","7.0419","1100","","MAP","","464723.0","461490.0","Wallbutts UWS YO32 5BY","HFJ7","","","","","","","","","ME00755Nw","","20179327","2022-09-21","","NRAIL","","","","","Up Main/Fast","From Strensall on Flaxton Road, past the Golf Course Club House over the Cattle Grid and immediate left next to Moorside Caravan Park. SE647614.     Both roads - Amend in Ellipse",""
"20787873","YMS","7.0419","QF","","7.0419","2100","","MAP","","464723.0","461490.0","Wallbutts UWS YO32 5BY","HFJ7","","","","","","","","","ME00755Nw","","20787873","2022-09-21","","NRAIL","","","","","Down Main/Fast","From Strensall on Flaxton Road, past the Golf Course Club House over the Cattle Grid and immediate left next to Moorside Caravan Park. SE647614.     Both roads - Amend in Ellipse",""
"20179714","YMS","7.1143","QF","","7.1143","1100","","MAP","","465295.0","461822.0","Common Road MGH LC, Strensall Common YO60 7QY","HFJ7","","","","","","","","","ME00755Nw","","20179714","2022-09-21","","NRAIL","","","","","Up Main/Fast","From Strensall on Flaxton Road, past the Golf Course Club House to the LC at the sharp RH bend. SE652618.     Both roads - Amend in Ellipse",""
"20787874","YMS","7.1143","QF","","7.1143","2100","","MAP","","465295.0","461822.0","Common Road MGH LC, Strensall Common YO60 7QY","HFJ7","","","","","","","","","ME00755Nw","","20787874","2022-09-21","","NRAIL","","","","","Down Main/Fast","From Strensall on Flaxton Road, past the Golf Course Club House to the LC at the sharp RH bend. SE652618.     Both roads - Amend in Ellipse",""
"20179337","YMS","8.0626","QF","","8.0626","2100","","MAP","","466226.0","462470.0","Flaxton Moor UWW, Smiths Lane YO60 7QZ","HFJ7","","","","","","","","","ME00755Nw","","20179337","2022-09-21","","NRAIL","","","","","Down Main/Fast","From Strensall on Flaxton Road over Strensall Common and the narrow bridge, turn left onto Cross Lane, Smiths La is opposite side of LC. SE662624.     Both roads - Amend in Ellipse",""
"20638257","YMS","9.0467","QF","","9.0467","1100","","MAP","","467363.0","463339.0","Flaxton AHB LC, Rice Lane YO60 7PZ","HFJ7","","","","","","","","","","","20638257","2015-02-05","","NRAIL","","","","","Up Main/Fast","Exit Flaxton Rd from A64, continue onto Rice Lane and LC. SE673633.",""
"20179338","YMS","9.1504","QF","","9.1504","2100","","MAP","","468191.0","463786.0","Thornton Foot FPS, Thornton Le Clay YO60 7QA","HFJ7","","","","","","","","","ME00755Nw","","20179338","2022-09-21","","NRAIL","","","","","Down Main/Fast","Follow footpath sign from Low Sreet, Thornton Le Clay. No Vehicular Access or Parking. SE681637.     Both roads - Amend in Ellipse",""
"20787875","YMS","9.1504","QF","","9.1504","1100","","MAP","","468191.0","463786.0","Thornton Foot FPS, Thornton Le Clay YO60 7QA","HFJ7","","","","","","","","","ME00755Nw","","20787875","2022-09-21","","NRAIL","","","","","Up Main/Fast","Follow footpath sign from Low Sreet, Thornton Le Clay. No Vehicular Access or Parking. SE681637.     Both roads - Amend in Ellipse",""
"20179360","YMS","10.043","QF","","10.043","2100","","MAP","","468817.0","463810.0","Thornton Gates FPW, Thornton Le Clay YO60 7QH","HFJ7","","","","","","","","","ME00755Nw","","20179360","2022-09-21","","NRAIL","","","","","Down Main/Fast","Follow public bridle way from Foston Lodge, Foston. SE688638     Both roads - Amend in Ellipse",""
"20787876","YMS","10.043","QF","","10.043","1100","","MAP","","468817.0","463810.0","Thornton Gates FPW, Thornton Le Clay YO60 7QH","HFJ7","","","","","","","","","ME00755Nw","","20787876","2022-09-21","","NRAIL","","","","","Up Main/Fast","Follow public bridle way from Foston Lodge, Foston. SE688638     Both roads - Amend in Ellipse",""
"20179361","YMS","10.1082","QF","","10.1082","2100","","MAP","","469391.0","463963.0","Blue Coat Farm FPS LC, Foston YO60 7QH","HFJ7","","","","","","","","","ME00755Nw","","20179361","2022-09-21","","NRAIL","","","","","Down Main/Fast","Off Foston Lane from Foston, turn right to Blue Coats Farm, follow sign for footpath. No Vehicular Access or Parking. SE639639.     Both roads - Amend in Ellipse",""
"20787877","YMS","10.1082","QF","","10.1082","1100","","MAP","","469391.0","463963.0","Blue Coat Farm FPS LC, Foston YO60 7QH","HFJ7","","","","","","","","","ME00755Nw","","20787877","2022-09-21","","NRAIL","","","","","Up Main/Fast","Off Foston Lane from Foston, turn right to Blue Coats Farm, follow sign for footpath. No Vehicular Access or Parking. SE639639.     Both roads - Amend in Ellipse",""
"20179584","YMS","10.1618","QF","","10.1618","1100","","MAP","","469814.0","464207.0","Foston Gates UWB LC, Foston Lane YO60 7QH","HFJ7","","","","","","","","","ME00755Nw","","20179584","2022-09-21","","NRAIL","","","","","Up Main/Fast","East on A64 take 1st exit on Dual Carriageway section, onto Foston Lane at Barton Le Willows. SE698642      Both roads - Amend in Ellipse",""
"20787878","YMS","10.1618","QF","","10.1618","2100","","MAP","","469814.0","464207.0","Foston Gates UWB LC, Foston Lane YO60 7QH","HFJ7","","","","","","","","","ME00755Nw","","20787878","2022-09-21","","NRAIL","","","","","Down Main/Fast","East on A64 take 1st exit on Dual Carriageway section, onto Foston Lane at Barton Le Willows. SE698642      Both roads - Amend in Ellipse",""
"20179464","YMS","11.0682","QF","","11.0682","1100","","MAP","","470522.0","464409.0","Barton Hill Foot Crossing YO60 7JX","HFJ7","","","","","","","","","ME00755Nw","","20179464","2022-09-21","","NRAIL","","","","","Up Main/Fast","Follow footpath signposted near Foston Church. No Vehicular Access or Parking. SE705644.      Both roads - Amend in Ellipse",""
"20787879","YMS","11.0682","QF","","11.0682","2100","","MAP","","470522.0","464409.0","Barton Hill Foot Crossing YO60 7JX","HFJ7","","","","","","","","","ME00755Nw","","20787879","2022-09-21","","NRAIL","","","","","Down Main/Fast","Follow footpath signposted near Foston Church. No Vehicular Access or Parking. SE705644.      Both roads - Amend in Ellipse",""
"20180071","YMS","11.1056","QF","","11.1056","1100","","MAP","","471033.0","464191.0","Barton Hill MBW LC & Signal Box YO60 7JZ","HFJ7","","","","","","","","","","","20180071","2015-02-05","","NRAIL","","","","","Up Main/Fast","Exit A64 bottom of Barton Hill on dual carriageway, turn right to Barton Hill, continue to LC. SE710641.",""
"20179154","YMS","12.1423","QF","","12.1423","1100","","MAP","","472665.0","463676.0","Crambe Grange FPS YO60 7PG","HFJ7","","","","","","","","","ME00755Nw","","20179154","2022-09-21","","NRAIL","","","","","Up Main/Fast","Follow footpath from Riders Lane Howsham, at Crambe Grange Farm. No Vehicular Access or Parking. SE726636.      Both roads - Amend in Ellipse",""
"20787880","YMS","12.1423","QF","","12.1423","2100","","MAP","","472665.0","463676.0","Crambe Grange FPS YO60 7PG","HFJ7","","","","","","","","","ME00755Nw","","20787880","2022-09-21","","NRAIL","","","","","Down Main/Fast","Follow footpath from Riders Lane Howsham, at Crambe Grange Farm. No Vehicular Access or Parking. SE726636.      Both roads - Amend in Ellipse",""
"20179086","YMS","13.0118","QF","","13.0118","1100","","MAP","","473076.0","463715.0","Riders Lane Farm FPS, Howsham YO60 7PQ","HFJ7","","","","","","","","","","","20179086","2015-02-05","","NRAIL","","","","","Up Main/Fast","Follow footpath from Riders Lane Howsham, at Riders Lane Farm. No Vehicular Access or Parking. SE730637.",""
"20179722","YMS","13.0616","QF","","13.0616","2100","","MAP","","473501.0","463892.0","Howsham Gates MGH LC, Riders Lane YO60 7PQ","HFJ7","","","","","","","","","ME00755Nw","","20179722","2022-09-21","","NRAIL","","","","","Down Main/Fast","Exit A64 for Kirkham Priory, turn right at X Roads continue to LC. SE735638.   Both roads - Amend in Ellipse",""
"20787881","YMS","13.0616","QF","","13.0616","1100","","MAP","","473501.0","463892.0","Howsham Gates MGH LC, Riders Lane YO60 7PQ","HFJ7","","","","","","","","","ME00755Nw","","20787881","2022-09-21","","NRAIL","","","","","Up Main/Fast","Exit A64 for Kirkham Priory, turn right at X Roads continue to LC. SE735638.   Both roads - Amend in Ellipse",""
"20638272","YMS","15.0014","QF","","15.0014","2100","","MAP","","473328.0","465728.0","Kirkham Abbey MGW LC & Signal Box YO60 7JS","HFJ7","","","","","","","","","","","20638272","2015-02-05","","NRAIL","","","","","Down Main/Fast","Turn right onto Shepardfields Lane, off A64 dual carriageway at top of Whitwell Hill, signposted Kirkham Priory, continue to LC. SE733657.",""
"20778860","YMS","16.033","QF","","16.033","1100","","MAP","","473865.0","467321.0","CRAMBECK YO60 7EL","HFJ7","","","","","","","","","","","20778860","2016-02-16","","NRAIL","","","","","Up Main/Fast","Access point for pedestrians at Crambeck. Low mileage to right. No mobile phone signal coverage GSMR phone required","SE 73846 67287"
"20638409","YMS","19.1174","QF","","19.1174","1100","","MAP","","477220.0","469623.0","High Farm UWC, off Ruffin Lane, Malton YO60 7JA","HFJ7","","","","","","","","","","","20638409","2023-05-28","","NRAIL","","","","","Up Main/Fast","*** UPDATE - No access through High Farm Malton due to access agreement expiring and land owner refusing access to all Network Rail staff. Exit A64 for Kirkham Priory, 1st left after Priory onto Ruffin Lane then 2nd left onto Menethorpe Lane, High Farm is on the Left after 1.5 Miles. Continue through the farm then 1st left to LC. SE772696.",""
"20179089","YMS","20.0157","QF","","20.0157","1100","","MAP","","477604.0","470179.0","New Cutt UWC, Malton Golf Course YO17 6YD","HFJ7","","","","","","","","","","","20179089","2015-02-05","","NRAIL","","","","","Up Main/Fast","Exit A64 for Kirkham Priory, 1st left after Priory onto Ruffin Lane then 2nd left onto Menethorpe Lane, High Farm is on the Left after 1.5 Miles, continue on the road through the farm to New Cutt. SE776701.",""
"20180073","YMS","21.0132","QF","","21.0132","2100","","MAP","","478585.0","471319.0","Malton Station Car Park YO17 9RE","HFJ7","","","","","","","","","","","20180073","2015-02-05","","NRAIL","","","","","Down Main/Fast","Exit B1248 and follow signs for Station onto Railway Street in Malton Town centre. Continue to Station. SE785713.",""
"20180074","YMS","21.0594","QF","","21.0594","1100","","MAP","","479004.0","471386.0","Malton MCB LC & Signal Box YO17 9DR","HFJ7","","","","","","","","","","","20180074","2015-02-05","","NRAIL","","","","","Up Main/Fast","Continue on B1248 Beverley Rd through Malton Town Centre, over the LC and turn right into S/B car park. SE790713.",""
"20638413","YMS","21.111","QF","","21.111","1100","","MAP","","479449.0","471530.0","Wallgates UWC, Wallgates Lane YO17 9HZ","HFJ7","","","","","","","","","","","20638413","2015-02-05","","NRAIL","","","","","Up Main/Fast","Over LC onto Commercial St B1248 then left onto Wallgates Lane opposite the Union Hotel. SE794715.",""
"20638414","YMS","21.1538","QF","","21.1538","1100","","MAP","","479729.0","471799.0","Mill Garth UWC YO17 8EL","HFJ7","","","","","","","","","ME00755Nw","","20638414","2022-09-21","","NRAIL","","","","","Up Main/Fast","From Malton on Scarborough Road B1248, 1st left after the bridge over the old railway, through the Dog Kennel Compound to the LC. SE797717.     Vehicle Access Also - Amend in Ellipse",""
"20179090","YMS","22.1012","QF","","22.1012","1100","","MAP","","480575.0","472515.0","Villa Farm Harton Parks UWC YO17 8EF","HFJ7","","","","","","","","","ME00755Nw","","20179090","2022-09-21","","NRAIL","","","","","Up Main/Fast","Off Scarborough Rd At Villa Farm, short farm track to LC. SE805225.     Vehicle Access Also - Amend in Ellipse",""
"20638417","YMS","23.0947","QF","","23.0947","1100","","MAP","","481888.0","473311.0","Marr House Farm UWC YO17 8EE","HFJ7","","","","","","","","","ME00755Nw","","20638417","2022-09-21","","NRAIL","","","","","Up Main/Fast","Travelling East, 1st Left on A64 at end of Malton Bypass, follow Farm Track to the Junction and turn left to LC. SE818733.     Vehicle Access Also - Amend in Ellipse",""
"20179091","YMS","24.0312","QF","","24.0312","1100","","MAP","","482668.0","473984.0","Scagglethorpe Grange UWC YO17 8EE","HFJ7","","","","","","","","","ME00755Nw","","20179091","2022-09-21","","NRAIL","","","","","Up Main/Fast","Heading East On A64, after Scagglethorpe turn off left onto Scagglethorpe Lane, continue To LC. SE814729.     Vehicle Access Also - Amend in Ellipse",""
"20179092","YMS","24.0761","QF","","24.0761","1100","","MAP","","482996.0","474232.0","Manor Farm UWC YO17 8EY","HFJ7","","","","","","","","","ME00755Nw","","20179092","2022-09-21","","NRAIL","","","","","Up Main/Fast","Heading East On A64, after Scagglethorpe turn off left onto Scagglethorpe Lane, then right to Moor Farm and LC. SE829742.     Vehicle Access Also - Amend in Ellipse",""
"20638419","YMS","24.117","QF","","24.117","1100","","MAP","","483301.0","474448.0","Kilbys UWC YO17 8EY","HFJ7","","","","","","","","","ME00755Nw","","20638419","2022-09-21","","NRAIL","","","","","Up Main/Fast","Heading east On A64, after Scagglethorpe turn off left onto Scagglethorpe Lane then right afterAucuba Farm. SE833744.     Vehicle Access Also - Amend in Ellipse",""
"20179093","YMS","24.1582","QF","","24.1582","1100","","MAP","","483609.0","474664.0","Lilac Farm/Westmoor Gates UWC YO17 8JX","HFJ7","","","","","","","","","ME00755Nw","","20179093","2022-09-21","","NRAIL","","","","","Up Main/Fast","Off A64 turn left down Farm Track at West Field continue to LC. SE833746.     Vehicle Access Also - Amend in Ellipse",""
"20179094","YMS","25.0462","QF","","25.0462","2100","","MAP","","484086.0","475007.0","Breckney Lane FPS, Rillington YO17 8JX","HFJ7","","","","","","","","","","","20179094","2015-02-05","","NRAIL","","","","","Down Main/Fast","Travel through from A64 Rillington, over Rillington LC, turn first left onto Breckney Lane, continue to LC 300 yds on left. SE840750.",""
"20179980","YMS","25.0924","QF","","25.0924","1100","","MAP","","484423.0","475258.0","Rillington AHB, Low Moorgate Lane YO17 8JX","HFJ7","","","","","","","","","","","20179980","2015-02-05","","NRAIL","","","","","Up Main/Fast","East on A64, turn left at Rillington on Low Moorgate Lane, continue to LC. SE844752.",""
"20783447","YMS","26.0418","QF","","26.0418","2100","","MAP","","485455.0","475904.0","High Scampston YO17 8NG","HFJ7","","","","","","","","","","","20783447","2019-08-12","","NRAIL","","","","","Down Main/Fast","There is a small gate on the Dn side of the level crossing which provides access to the trackside. There is also a parking area available for at least one vehicle, just a short distance from the crossing.",""
"20783448","YMS","26.1188","QF","","26.1188","2100","","MAP","","485998.0","476215.0","Low Scampston YO17 8NH","HFJ7","","","","","","","","","","","20783448","2019-08-12","","NRAIL","","","","","Down Main/Fast","There is a small gate on the Dn side of the level crossing which provides access to the trackside.",""
"20787890","YMS","27.088","QF","","27.088","1100","","MAP","","487256.0","476648.0","Knapton AHB LC YO17 6RL","HFJ7","","","","","","","","","ME00755Nw","","20787890","2022-11-08","","NRAIL","","","","","Up Main/Fast","A64 turn off onto B1258 at West Knapton, parking on left of LC Up Side.[editor.unzipped.crouching]","SE 87256 76648"
"20788388","YMS","27.088","QF","","27.088","2100","","MAP","","487256.0","476648.0","Knapton AHB LC YO17 6RL","HFJ7","","","","","","","","","ME00755Nw","","20788388","2022-11-08","","NRAIL","","","","","Down Main/Fast","A64 turn off onto B1258 at West Knapton, parking on left of LC Down Side.[editor.unzipped.crouching]","SE 87256 76648"
"20638441","YMS","27.1641","QF","","27.1641","1100","","MAP","","487916.0","476869.0","Elm Tree Farm UWC YO17 6RL","HFJ7","","","","","","","","","ME00755Nw","","20638441","2022-09-21","","NRAIL","","","","","Up Main/Fast","A64 turn off onto B1258 at West Knapton, then turn right before reaching The Mill, onto access rd for Knapton generator Station. Continue 0.5 Miles to LC. SE879768.     Vehicle Access Also - Amend in Ellipse",""
"20638313","YMS","28.0371","QF","","28.0371","1100","","MAP","","488341.0","477013.0","Wilkinsons UWC, Knapton YO17 8JF","HFJ7","","","","","","","","","","","20638313","2015-02-05","","NRAIL","","","","","Up Main/Fast","A64 turn off onto B1258 at West Knapton, then turn right before reaching The Mill, onto access rd for Knapton Generator Station. Continue 0.75 Miles to LC. SE883770.",""
"20179099","YMS","29.1639","QF","","29.1639","1100","","MAP","","491018.0","477688.0","Sand Lane UWC YO17 8SJ","HFJ7","","","","","","","","","ME00755Nw","","20179099","2022-09-21","","NRAIL","","","","","Up Main/Fast","Heading east turn left off A64 after West Heslerton onto Sand Lane. Turn right at end of lane and follow farm tracks to LC. SE910776.     Both roads - Amend in Ellipse",""
"20787892","YMS","29.1639","QF","","29.1639","2100","","MAP","","491018.0","477688.0","Sand Lane UWC YO17 8SJ","HFJ7","","","","","","","","","ME00755Nw","","20787892","2022-09-21","","NRAIL","","","","","Down Main/Fast","Heading east turn left off A64 after West Heslerton onto Sand Lane. Turn right at end of lane and follow farm tracks to LC. SE910776.     Both roads - Amend in Ellipse",""
"20179977","YMS","31.0","QF","","31.0","1100","","MAP","","492722.0","477898.0","East Heslerton AHB LC YO17 8RR","HFJ7","","","","","","","","","","","20179977","2015-02-05","","NRAIL","","","","","Up Main/Fast","Turn Off A64 on Carr Lane at East Heslerton, signposted East Heslerton Carr. SE927778.",""
"20179100","YMS","31.1232","QF","","31.1232","1100","","MAP","","493847.0","477957.0","Cousins UWC YO17 8RR","HFJ7","","","","","","","","","","","20179100","2015-02-05","","NRAIL","","","","","Up Main/Fast","Heading east turn left off A64 on farm track, 1st left after Boothbys Garage & Grange Farm. Track is not suitable for vehicles with low ground Clearance. SE938779.",""
"20638450","YMS","32.02","QF","","32.02","1100","","MAP","","494514.0","477988.0","Grange Farm UWC YO17 8PS","HFJ7","","","","","","","","","","","20638450","2015-02-05","","NRAIL","","","","","Up Main/Fast","Heading east turn left off A64 on farm track near to Sherburn Lodge & opposite West Field Farm Not suitable for Vehicles with Low Ground Clearance. SE945779.",""
"20785968","YMS","32.1474","QF","","32.1474","1100","","MAP","","495668.0","478135.0","Weaverthorpe W1 Upside YO17 8PS","HFJ7","","","","","","","","","","","20785968","2021-08-20","","NRAIL","","","","","Up Main/Fast","Access on St Hilda""s Street. Sherburn. Weaverthorpe LC","SE 95668 78135"
"20785969","YMS","32.1474","QF","","32.1474","2100","","MAP","","495668.0","478135.0","Weaverthorpe W15 Downside YO17 8PS","HFJ7","","","","","","","","","ME00755Nw","","20785969","2022-09-21","","NRAIL","","","","","Down Main/Fast","Access on St Hilda""s Street. Sherburn. Weaverthorpe LC     Mileage difference <showing as 32m 1496yds in Ellipse - Confirmed as 1474yds> - Amend in Ellipse","SE 95668 78135"
"20179101","YMS","33.1364","QF","","33.1364","1100","","MAP","","497156.0","478367.0","Ganton Hall UWC YO12 4PD","HFJ7","","","","","","","","","ME00755Nw","","20179101","2022-09-21","","NRAIL","","","","","Up Main/Fast","Heading east turn off A64 left at BT Telephone Exchange Building and Small telecoms Mast. SE971783.      Showing as Vehicle Access in Ellipse - confirmed as pedestrian access on down - Amend in Ellipse",""
"20179227","YMS","34.0184","QF","","34.0184","2100","","MAP","","497674.0","478494.0","Long Plantation UWC YO12 4PA","HFJ7","","","","","","","","","","","20179227","2015-02-05","","NRAIL","","","","","Down Main/Fast","Heading east turn left off A64 at Ganton, follow sign for golf course & continue over Ganton Hall AHB L/C. Turn !st Left after farm & follow farm track To LC. Unsuitable for vehicles with Low Ground Clearance. SE976784.",""
"20179102","YMS","35.0502","QF","","35.0502","1100","","MAP","","499491.0","479033.0","Binnington UWC YO12 4SW","HFJ7","","","","","","","","","ME00755Nw","","20179102","2022-09-21","","NRAIL","","","","","Up Main/Fast","Travel east on A64, 1st left on to Binnington Carr Lane after Ganton Golf Course. SE994790     Vehicle Access Also - Amend in Ellipse",""
"20179103","YMS","35.152","QF","","35.152","1100","","MAP","","500274.0","479522.0","Willerby Carr UWC, Willerby Carr Lane YO12 4SP","HFJ7","","","","","","","","","ME00755Nw","","20179103","2022-09-21","","NRAIL","","","","","Up Main/Fast","Turn left at Staxton Traffic Lights for Willerby then immediate left onto Wains Lane, continue past Pig Farm To LC. TA002795.     Vehicle Access Also - Amend in Ellipse",""
"20179104","YMS","36.088","QF","","36.088","1100","","MAP","","500866.0","480364.0","Robinsons Bottom Plantation UWC YO12 4SG","HFJ7","","","","","","","","","ME00755Nw","","20179104","2022-09-21","","NRAIL","","","","","Up Main/Fast","Turn left at Staxton Traffic Lights for Willerby then immediate left onto Wains Lane, right onto Willerby Carr Lane continue to LC. TA008803.     Vehicle Access Also - Amend in Ellipse",""
"20179106","YMS","38.0438","QF","","38.0438","1100","","MAP","","502382.0","482719.0","Pasture Lane FPG LC, Seamer YO12 4PY","HFJ7","","","","","","","","","","","20179106","2015-02-05","","NRAIL","","","","","Up Main/Fast","Off A64 at roundabout Seamer onto B1261, turn right onto Chew La then right onto Pasture Lane. Continue to LC. TA023827.",""
"20638347","YMS","38.1014","QF","","38.1014","1100","","MAP","","502711.0","483143.0","Meads Lane UWW, Seamer YO12 4QA","HFJ7","","","","","","","","","ME00755Nw","","20638347","2022-09-21","","NRAIL","","","","","Up Main/Fast","Turn onto Crab Lane off B1261 in Seamer, continue to Meads Lane and LC. TA027831.     Vehicle Access Also - Amend in Ellipse",""
"20179107","YMS","38.1316","QF","","38.1316","2100","","MAP","","502884.0","483352.0","Long Lane No 1 FPW, Seamer YO12 4QA","HFJ7","","","","","","","","","ME00755Nw","","20179107","2022-09-21","","NRAIL","","","","","Down Main/Fast","Off A64 at roundabout Seamer onto B1261, turn right onto Chew La, left onto Pasture Lane and right onto Long Lane, continue to LC. TA028833    Should be on down road - Amend in Ellipse",""
"20180456","YMS","38.1386","QF","","38.1386","1100","","MAP","","502928.0","483401.0","Seamer West Track & REB Room YO12 4UG","HFJ7","","","","","","","","","","","20180456","2015-02-05","","NRAIL","","","","","Up Main/Fast","Exit left at Morrisons Roundabout at Seamer then turn left to single Man Access gate. TA029834.",""
"20773038","YMS","38.1587","QF","","38.1587","1100","","MAP","","503040.0","483538.0","Seamer, Morrisons Roundabout YO11 3YN","HFJ7","","","","","","","","","","","20773038","2015-02-05","","NRAIL","","","","","Up Main/Fast","Exit left at Morrisons Roundabout at Seamer then straight on to single Access gate, 859 Lock. TA030835.",""
"20638349","YMS","39.0379","QF","","39.0379","2100","","MAP","","503289.0","483983.0","Seamer Station & FPS LC YO12 4QA","HFJ7","","","","","","","","","","","20638349","2015-02-05","","NRAIL","","","","","Down Main/Fast","Turn off A64 at Seamer Crossgates roundabout, follow B1261 and signs for Station. TA032839.",""
"20180457","YMS","39.0384","QF","","39.0384","1100","","MAP","","503321.0","484078.0","Seamer Station & Signal Box YO12 4LU","HFJ7","","","","","","","","","ME00755Nw","","20180457","2022-09-21","","NRAIL","","","","","Up Main/Fast","Exit left at Morrisons Roundabout at Seamer then follow tarmac lane to Signal Box.      Pedestrian access only - Amend in Ellipse",""
"20787028","YMS","39.0418","QF","","39.0418","1100","","MAP","","503305.0","484015.0","Seamer SB YO12 4UG","HFJ7","","","","","","","","","","","20787028","2022-03-22","","NRAIL","","","","","Up Main/Fast","New gate required to access FTN TEH SAMA. Located below over bridge 19A [Cayton Low Road]","TA 03305 84015"
"20795810","YMS","40.056","QF","","40.056","1100","","MAP","","503281.0","485691.0","OIVERS MOUNT FISHING PONDS YO12 4LW","HFJ7","","","","","","","","","","","20795810","2024-10-02","","NRAIL","","","","","Up Main/Fast","supply.flies.silent","TA 03275 85682"
"20180458","YMS","41.002","QF","","41.002","2100","","MAP","","503311.0","486797.0","Falsgrave Carpetright YO12 4LU","HFJ7","","","","","","","","","ME00755Nw","","20180458","2022-09-21","","NRAIL","","","","","Down Main/Fast","Off A64 behind Carpetright, PC World & Currys. TA0333862.     Vehicle Access Also - Amend in Ellipse",""
"20180452","YMS","15.0066","QF","","15.0066","1100","","MAR","","473244.0","465807.0","Kirkham Abbey YO60 0JS","HFJ7","","","","","","","","","","","20180452","2015-02-05","","NRAIL","","","","","Up Main/Fast","Turn right onto Onhams Lane off A64, dual carriageway at the top of Whitwell Hill, signposted Kirkham Priory, continue over LC & turn first left. Continue through single gate to compound, single gate and 859 Lock. Note RR Access On Canted Track >50mm. SE73658.",""
"20774335","YMS","18.0596","QF","","18.0596","2100","","MAR","","476427.0","467703.0","Huttons Ambo River Bridge, Water Lane YO60 7HQ","HFJ7","","","","","","","","","ME00755Nw","","20774335","2022-09-21","","NRAIL","","","","","Down Main/Fast","Off A64 to Huttons Ambo, straight on at the Crossroads in Huttons Ambo onto Water Lane and Single Gate 859 Lock. Access to Compound and wooden deck for Road Rail Access. SE764677.     Mileage difference <showing as 18m 440yds in Ellipse - Confirmed as 596yds>, also on both roads - Amend in Ellipse",""
"20787882","YMS","18.0596","QF","","18.0596","1100","","MAR","","476427.0","467703.0","Huttons Ambo River Bridge, Water Lane YO60 7HQ","HFJ7","","","","","","","","","ME00755Nw","","20787882","2022-09-21","","NRAIL","","","","","Up Main/Fast","Off A64 to Huttons Ambo, straight on at the Crossroads in Huttons Ambo onto Water Lane and Single Gate 859 Lock. Access to Compound and wooden deck for Road Rail Access. SE764677.     Mileage difference <showing as 18m 440yds in Ellipse - Confirmed as 596yds>, also on both roads - Amend in Ellipse",""
"20787990","YMS","34.0782","QF","","34.0782","2100","","MAR","","498211.0","478601.0","GANTON YARD RRAP YO12 4NX","HFJ7","","","","","","","","","","","20787990","2022-09-28","","NRAIL","","","","","Down Main/Fast","[described.watches.indirect]","SE 98211 78601"
"20180070","YMS","9.0453","QF","","9.0453","2100","","MAV","","467408.0","463365.0","Flaxton AHB YO60 7PZ","HFJ7","","","","","","","","","","","20180070","2015-02-05","","NRAIL","","","","","Down Main/Fast","Turn off A64 to Flaxton, follow Rice lane to LC Flaxton AHB. LC has limited parking on both approaches to the crossing. SE674633.",""
"20179878","YMS","9.046","QF","","9.046","1100","","MAV","","467357.0","463337.0","Flaxton AHB LC, Rice Lane YO60 7PZ","HFJ7","","","","","","","","","","","20179878","2015-02-05","","NRAIL","","","","","Up Main/Fast","Exit Flaxton Rd from A64, continue onto Rice Lane and LC. Park in ungated compound LHS of LC. SE673633.",""
"20179709","YMS","11.1038","QF","","11.1038","2100","","MAV","","470827.0","464318.0","Barton Hill MBW LC & SB YO60 7JZ","HFJ7","","","","","","","","","","","20179709","2015-02-05","","NRAIL","","","","","Down Main/Fast","Exit A64 at the bottom of Barton Hill on dual cariageway. turn right to Barton Hill. Park in compound RHS. Single gate 859 Lock. SE708643.",""
"20179153","YMS","12.0702","QF","","12.0702","1100","","MAV","","472019.0","463866.0","Plain Moor UWB LC, Steelmoor Lane YO60 7PF","HFJ7","","","","","","","","","","","20179153","2015-02-05","","NRAIL","","","","","Up Main/Fast","1st exit right on Dual Carriageway section of A64 to Barton Le Willows. Turn onto Steelmoor Lane, contiinue over X roads to LC. Parking on ungated area on Approach to LC for 2 vehicles. SE720638.",""
"20605567","YMS","21.0122","QF","","21.0122","2100","","MAV","","478581.0","471326.0","Malton Station Car Park YO17 9RE","HFJ7","","","","","","","","","","","20605567","2015-02-05","","NRAIL","","","","","Down Main/Fast","Exit B1248 and follow signs for Station onto Railway Street in Malton Town centre. Continue to Station and Car Park. SE785713.",""
"20179710","YMS","21.0488","QF","","21.0488","1100","","MAV","","478902.0","471365.0","Sig Box Car Park, Up Side Station Access YO17 9RA","HFJ7","","","","","","","","","","","20179710","2015-02-05","","NRAIL","","","","","Up Main/Fast","Through Car Park at Signal Box to Single Gate 859 lock. Park On access Road. SE789713.",""
"20605569","YMS","21.0588","QF","","21.0588","1100","","MAV","","479002.0","471385.0","Malton MCB LC & Signal Box YO17 9DR","HFJ7","","","","","","","","","","","20605569","2015-02-05","","NRAIL","","","","","Up Main/Fast","Continuue on B1248 through Malton Town Centre over LC & turn rght into S/Box Car Park. SE790713.",""
"20787883","YMS","21.1538","QF","","21.1538","1100","","MAV","","479729.0","471799.0","Mill Garth UWC YO17 8EL","HFJ7","","","","","","","","","ME00755Nw","","20787883","2022-09-21","","NRAIL","","","","","Up Main/Fast","From Malton on Scarborough Road B1248, 1st left after the bridge over the old railway, through the Dog Kennel Compound to the LC. SE797717.     Vehicle Access Also - Amend in Ellipse",""
"20787884","YMS","22.1012","QF","","22.1012","1100","","MAV","","480575.0","472515.0","Villa Farm Harton Parks UWC YO17 8EF","HFJ7","","","","","","","","","ME00755Nw","","20787884","2022-09-21","","NRAIL","","","","","Up Main/Fast","Off Scarborough Rd At Villa Farm, short farm track to LC. SE805225.     Vehicle Access Also - Amend in Ellipse",""
"20787885","YMS","23.0947","QF","","23.0947","1100","","MAV","","481888.0","473311.0","Marr House Farm UWC YO17 8EE","HFJ7","","","","","","","","","ME00755Nw","","20787885","2022-09-21","","NRAIL","","","","","Up Main/Fast","Travelling East, 1st Left on A64 at end of Malton Bypass, follow Farm Track to the Junction and turn left to LC. SE818733.     Vehicle Access Also - Amend in Ellipse",""
"20787886","YMS","24.0312","QF","","24.0312","1100","","MAV","","482668.0","473984.0","Scagglethorpe Grange UWC YO17 8EE","HFJ7","","","","","","","","","ME00755Nw","","20787886","2022-09-21","","NRAIL","","","","","Up Main/Fast","Heading East On A64, after Scagglethorpe turn off left onto Scagglethorpe Lane, continue To LC. SE814729.     Vehicle Access Also - Amend in Ellipse",""
"20787887","YMS","24.0761","QF","","24.0761","1100","","MAV","","482996.0","474232.0","Manor Farm UWC YO17 8EY","HFJ7","","","","","","","","","ME00755Nw","","20787887","2022-09-21","","NRAIL","","","","","Up Main/Fast","Heading East On A64, after Scagglethorpe turn off left onto Scagglethorpe Lane, then right to Moor Farm and LC. SE829742.     Vehicle Access Also - Amend in Ellipse",""
"20787888","YMS","24.117","QF","","24.117","1100","","MAV","","483301.0","474448.0","Kilbys UWC YO17 8EY","HFJ7","","","","","","","","","ME00755Nw","","20787888","2022-09-21","","NRAIL","","","","","Up Main/Fast","Heading east On A64, after Scagglethorpe turn off left onto Scagglethorpe Lane then right afterAucuba Farm. SE833744.     Vehicle Access Also - Amend in Ellipse",""
"20787889","YMS","24.1582","QF","","24.1582","1100","","MAV","","483609.0","474664.0","Lilac Farm/Westmoor Gates UWC YO17 8JX","HFJ7","","","","","","","","","ME00755Nw","","20787889","2022-09-21","","NRAIL","","","","","Up Main/Fast","Off A64 turn left down Farm Track at West Field continue to LC. SE833746.     Vehicle Access Also - Amend in Ellipse",""
"20180075","YMS","27.088","QF","","27.088","1100","","MAV","","487273.0","476656.0","Knapton AHB LC YO17 6RL","HFJ7","","","","","","","","","ME00755Nw","","20180075","2022-09-21","","NRAIL","","","","","Up Main/Fast","A64 turn off onto B1258 at West Knapton, parking on left of LC Up Side. SE872766.    Pedestrian access also - Amend in Ellipse",""
"20787891","YMS","27.1641","QF","","27.1641","1100","","MAV","","487916.0","476869.0","Elm Tree Farm UWC YO17 6RL","HFJ7","","","","","","","","","ME00755Nw","","20787891","2022-09-21","","NRAIL","","","","","Up Main/Fast","A64 turn off onto B1258 at West Knapton, then turn right before reaching The Mill, onto access rd for Knapton generator Station. Continue 0.5 Miles to LC. SE879768.     Vehicle Access Also - Amend in Ellipse",""
"20179916","YMS","29.0704","QF","","29.0704","1100","","MAV","","489547.0","477408.0","Heslerton AHB LC YO17 8SJ","HFJ7","","","","","","","","","","","20179916","2015-02-05","","NRAIL","","","","","Up Main/Fast","Turn off A64 onto Station Road at West Heslerton signposted Yeddingham, continue to LC, turn left before LC into NWR compound. Double Gates 859 Lock.",""
"20179985","YMS","30.1144","QF","","30.1144","2100","","MAV","","492147.0","477828.0","West Heslerton AHB LC, West Lane YO17 8RS","HFJ7","","","","","","","","","","","20179985","2025-03-07","","NRAIL","","","","","Down Main/Fast","Turn off A64 onto West Lane East Heslerton. Parking over LC on Dn Side. SE921778",""
"20180455","YMS","32.1474","QF","","32.1474","1100","","MAV","","495668.0","478138.0","Weaverthorpe MGW, St Hildas St, Sherburn YO17 8PS","HFJ7","","","","","","","","","","","20180455","2015-02-05","","NRAIL","","","","","Up Main/Fast","Heading east on A64, turn off left at Sherburn Traffic Lights onto St Hildas Street. Continue to LC, park in Yard on Left through single access gate with 859 Lock, or in yard behind Signalbox. SE956781.",""
"20179879","YMS","34.0748","QF","","34.0748","1100","","MAV","","498175.0","478614.0","Ganton AHB Golf Course YO12 4PB","HFJ7","","","","","","","","","ME00755Nw","","20179879","2022-09-21","","NRAIL","","","","","Up Main/Fast","Heading east turn left off A64 at Ganton, follow sign for golf course, continue over the LC & turn right into the NWR Compound. Double Gates & 859 Lock. SE981786.     Also on down road - Amend in Ellipse",""
"20787893","YMS","34.0748","QF","","34.0748","2100","","MAV","","498175.0","478614.0","Ganton AHB Golf Course YO12 4PB","HFJ7","","","","","","","","","ME00755Nw","","20787893","2022-09-21","","NRAIL","","","","","Down Main/Fast","Heading east turn left off A64 at Ganton, follow sign for golf course, continue over the LC & turn right into the NWR Compound. Double Gates & 859 Lock. SE981786.     Also on down road - Amend in Ellipse",""
"20787894","YMS","35.0502","QF","","35.0502","1100","","MAV","","499491.0","479033.0","Binnington UWC YO12 4SW","HFJ7","","","","","","","","","ME00755Nw","","20787894","2022-09-21","","NRAIL","","","","","Up Main/Fast","Travel east on A64, 1st left on to Binnington Carr Lane after Ganton Golf Course. SE994790     Vehicle Access Also - Amend in Ellipse",""
"20787895","YMS","35.152","QF","","35.152","1100","","MAV","","500274.0","479522.0","Willerby Carr UWC, Willerby Carr Lane YO12 4SP","HFJ7","","","","","","","","","ME00755Nw","","20787895","2022-09-21","","NRAIL","","","","","Up Main/Fast","Turn left at Staxton Traffic Lights for Willerby then immediate left onto Wains Lane, continue past Pig Farm To LC. TA002795.     Vehicle Access Also - Amend in Ellipse",""
"20787896","YMS","36.088","QF","","36.088","1100","","MAV","","500866.0","480364.0","Robinsons Bottom Plantation UWC YO12 4SG","HFJ7","","","","","","","","","ME00755Nw","","20787896","2022-09-21","","NRAIL","","","","","Up Main/Fast","Turn left at Staxton Traffic Lights for Willerby then immediate left onto Wains Lane, right onto Willerby Carr Lane continue to LC. TA008803.     Vehicle Access Also - Amend in Ellipse",""
"20787897","YMS","38.1014","QF","","38.1014","1100","","MAV","","502711.0","483143.0","Meads Lane UWW, Seamer YO12 4QA","HFJ7","","","","","","","","","ME00755Nw","","20787897","2022-09-21","","NRAIL","","","","","Up Main/Fast","Turn onto Crab Lane off B1261 in Seamer, continue to Meads Lane and LC. TA027831.     Vehicle Access Also - Amend in Ellipse",""
"20605570","YMS","39.0488","QF","","39.0488","2100","","MAV","","503321.0","484078.0","Seamer Station Car Park YO12 4JH","HFJ7","","","","","","","","","","","20605570","2015-02-05","","NRAIL","","","","","Down Main/Fast","Off B1261 onto Station Road, single Access gate 859 Lock at rear of Station Car Park.",""
"20787898","YMS","41.002","QF","","41.002","2100","","MAV","","503311.0","486797.0","Falsgrave Carpetright YO12 4LU","HFJ7","","","","","","","","","ME00755Nw","","20787898","2022-09-21","","NRAIL","","","","","Down Main/Fast","Off A64 behind Carpetright, PC World & Currys. TA0333862.     Vehicle Access Also - Amend in Ellipse",""
"20638460","YMS","41.0522","QF","","41.0522","2100","","MAV","","503324.0","487054.0","Faslgrave Turntable YO12 4EP","HFJ7","","","","","","","","","","","20638460","2015-02-05","","NRAIL","","","","","Down Main/Fast","Access off A64 in Scarborough between Howdens Joinery Co & Peugeot Garage Double Access Gates, 859 Lock -Behind Howdens Joinery-.",""
"20180459","YMS","41.1641","QF","","41.1641","3601","","MAV","","503812.0","488136.0","Scarborough Station / Falsgrave Sig Box YO11 1TX","HFJ7","","","","","","","","","","","20180459","2015-02-05","","NRAIL","","","","","","At junction of A654 & A165 in Town Centre, keep right & just before the Station, turn right into the LH entrance archway to Car Park platform 1 & S/Box.",""
