"Hazard ID","ELR","Start Mileage","Zonecode","BRS","End Mileage","Track ID","IDENTIFIER","Item Code","MAP","Easting","Northing","Local Name","Subzone","Status","Verified","Parent ID","Parent GRP","Photograph File","Position","Condition","Condition Date","Purpose/Usage","Line No","Intermim Ref No","Last Updated","Last Updater","Maintainer","Year of Birth","Year of Death","Verification Stage","Verification Date","Track Description","Additional Information","OS GRID REF"
"70260052","ACR","56.049","QK","","56.049","2100","","MAP","","601379.0","142006.0","Ashford-Carriage Sidings","HKJ6","","","","","","","","","","","70260052","2020-11-04","","BBRM","","","","","Down Main/Fast","Risk Rating 3, Hazard Rating 3,Score 9.",""
"110147175","ACR","56.14","QK","","56.14","9999","","MAP","","","","WILLESBOROUGH SUBSTATION","HKJ6","","","","","","","","","","","110147175","2011-05-16","","NRAIL","","","","","Unknown","Address:Hythe Rd, Ashford:TN24 0DZ Details: Gate at site of old LC",""
"70260054","ACR","56.1452","QK","","56.1452","2100","","MAP","","602149.0","141966.0","Ashford-Carriage Sidings","HKJ6","","","","","","","","","","","70260054","2008-09-08","","BBRM","","","","","Down Main/Fast","Risk Rating 3, Hazard Rating 2,Score 6",""
"70200802","ACR","56.1595","QK","","56.1595","1100","","MAP","","602208.0","142084.0","Ashford/Wye-Osbourne Road Bridge 1859B","HKJ6","","","","","","","","","","","70200802","2008-09-08","","BBRM","","","","","Up Main/Fast","Risk Rating 4, Hazard Rating 3,Score 12",""
"70260055","ACR","56.1606","QK","","56.1606","2100","","MAP","","602211.0","142094.0","Ashford-Carriage Sidings","HKJ6","","","","","","","","","","","70260055","2008-09-08","","BBRM","","","","","Down Main/Fast","Risk Rating 3, Hazard Rating 3,Score 9",""
"70200803","ACR","57.0247","QK","","57.0247","2100","","MAP","","602312.0","142446.0","Ashford/Wye-Hythe Road Bridge 1860","HKJ6","","","","","","","","","","","70200803","2008-09-08","","BBRM","","","","","Down Main/Fast","Risk Rating 6, Hazard Rating 3,Score 18",""
"70260056","ACR","58.0044","QK","","58.0044","1100","","MAP","","602804.0","143770.0","Ashford/Wye-Willesborough Rd Bridge 1864/1864A","HKJ6","","","","","","","","","","","70260056","2008-09-08","","BBRM","","","","","Up Main/Fast","Risk Rating 3, Hazard Rating 3,Score 9",""
"110147069","ACR","58.0286","QK","","58.0286","2100","","MAP","","602908.0","143962.0","KENNINGTON TPH ASHFORD TP HUT","HKJ6","","","","","","","","","","","110147069","2022-08-19","","NRAIL","","","","","Down Main/Fast","Address:Willesborough Rd, Ashford:TN24 9SD Details: Network Rail Gate, off Willesborough Road, Bridge No 1864A @ 58m 03c Then along cess to site",""
"110181642","ACR","58.0814","QK","","58.0814","2100","","MAP","","603180.0","144364.0","CRADLE BRIDGE","HKJ6","","","","","","","","","","","110181642","2022-11-11","","NRAIL","","","","","Down Main/Fast","",""
"110181482","ACR","58.0814","QK","","58.0814","1100","","MAP","","603180.0","144364.0","CRADLE BRIDGE","HKJ6","","","","","","","","","","","110181482","2022-11-11","","NRAIL","","","","","Up Main/Fast","",""
"110181635","ACR","58.1166","QK","","58.1166","2100","","MAP","","603352.0","144636.0","BOLLEAUX","HKJ6","","","","","","","","","","","110181635","2022-11-11","","NRAIL","","","","","Down Main/Fast","",""
"110181475","ACR","58.1166","QK","","58.1166","1100","","MAP","","603352.0","144636.0","BOLLEAUX","HKJ6","","","","","","","","","","","110181475","2022-11-11","","NRAIL","","","","","Up Main/Fast","",""
"110181488","ACR","58.1364","QK","","58.1364","1100","","MAP","","604449.0","144790.0","EAST MOUNTAIN","HKJ6","","","","","","","","","","","110181488","2022-11-11","","NRAIL","","","","","Up Main/Fast","",""
"110181648","ACR","58.1364","QK","","58.1364","2100","","MAP","","604449.0","144790.0","EAST MOUNTAIN","HKJ6","","","","","","","","","","","110181648","2022-11-11","","NRAIL","","","","","Down Main/Fast","",""
"110181490","ACR","59.0088","QK","","59.0088","1100","","MAP","","603685.0","145163.0","GOLDEN BALL","HKJ6","","","","","","","","","","","110181490","2022-11-11","","NRAIL","","","","","Up Main/Fast","",""
"110181650","ACR","59.0088","QK","","59.0088","2100","","MAP","","603685.0","145163.0","GOLDEN BALL","HKJ6","","","","","","","","","","","110181650","2022-11-11","","NRAIL","","","","","Down Main/Fast","",""
"110181521","ACR","59.044","QK","","59.044","1100","","MAP","","603858.0","145435.0","WILMINGTON FARM","HKJ6","","","","","","","","","","","110181521","2022-11-11","","NRAIL","","","","","Up Main/Fast","",""
"110181681","ACR","59.044","QK","","59.044","2100","","MAP","","603858.0","145435.0","WILMINGTON FARM","HKJ6","","","","","","","","","","","110181681","2022-11-11","","NRAIL","","","","","Down Main/Fast","",""
"110181510","ACR","59.1034","QK","","59.1034","1100","","MAP","","604148.0","145894.0","SPRING GROVE","HKJ6","","","","","","","","","","","110181510","2022-11-11","","NRAIL","","","","","Up Main/Fast","",""
"110181670","ACR","59.1034","QK","","59.1034","2100","","MAP","","604148.0","145894.0","SPRING GROVE","HKJ6","","","","","","","","","","","110181670","2022-11-11","","NRAIL","","","","","Down Main/Fast","",""
"110147005","ACR","59.132","QK","","59.132","0","","MAP","","604349.0","146224.0","WYE SUBSTATION","HKJ6","","","","","","","",""," Kenton incident report","","110147005","2023-10-31","","NRAIL","","","","","All/Multiple Tracks","Address:Harville Rd, Wye:TN25 5EY Details: Wye Station, Level Crossing, @ 60m 28c Then along cess to site.",""
"110147006","ACR","59.1453","QK","","59.1453","0","","MAP","","604144.0","145910.0","WYE SUBSTATION","HKJ6","","","","","","","","","","","110147006","2023-10-31","","NRAIL","","","","","All/Multiple Tracks","Address:Harville Rd, Wye:TN25 5EY Details: Wye Station, Level Crossing, @ 60m 28c Then along cess to site.",""
"110181492","ACR","60.0132","QK","","60.0132","1100","","MAP","","604570.0","146560.0","HARVILLE FARM","HKJ6","","","","","","","","","","","110181492","2022-11-11","","NRAIL","","","","","Up Main/Fast","",""
"110181652","ACR","60.0132","QK","","60.0132","2100","","MAP","","604570.0","146560.0","HARVILLE FARM","HKJ6","","","","","","","","","","","110181652","2022-11-11","","NRAIL","","","","","Down Main/Fast","",""
"110181522","ACR","60.0616","QK","","60.0616","1100","","MAP","","604803.0","146936.0","WYE","HKJ6","","","","","","","","","","","110181522","2022-11-11","","NRAIL","","","","","Up Main/Fast","",""
"110181682","ACR","60.0616","QK","","60.0616","2100","","MAP","","604803.0","146936.0","WYE","HKJ6","","","","","","","","","","","110181682","2022-11-11","","NRAIL","","","","","Down Main/Fast","",""
"70200804","ACR","60.0775","QK","","60.0775","2100","","MAP","","604865.0","147069.0","Wye-Signal Box","HKJ6","","","","","","","","","","","70200804","2008-09-08","","BBRM","","","","","Down Main/Fast","Risk Rating 3, Hazard Rating 3,Score 9",""
"110181509","ACR","60.1628","QK","","60.1628","1100","","MAP","","605152.0","147789.0","SPARROW BRIDGE","HKJ6","","","","","","","","","","","110181509","2022-11-11","","NRAIL","","","","","Up Main/Fast","",""
"110181669","ACR","60.1628","QK","","60.1628","2100","","MAP","","605152.0","147789.0","SPARROW BRIDGE","HKJ6","","","","","","","","","","","110181669","2022-11-11","","NRAIL","","","","","Down Main/Fast","",""
"110147068","ACR","61.0721","QK","","61.0721","9999","","MAP","","605510.0","148611.0","BILTING TPH WYE TP HUT","HKJ6","","","","","","","","","","","110147068","2023-10-31","","NRAIL","","","","","Unknown","Address:Canterbury Rd, Bilting, Ashford:TN25 5EW Details: Bilting Occupation Crossing, @ 61m 64.5c near Wye Then along cess to site.",""
"110181634","ACR","61.0836","QK","","61.0836","2100","","MAP","","605485.0","148613.0","BILTING GRANGE","HKJ6","","","","","","","","","","","110181634","2022-11-11","","NRAIL","","","","","Down Main/Fast","",""
"110181474","ACR","61.0836","QK","","61.0836","1100","","MAP","","605485.0","148613.0","BILTING GRANGE","HKJ6","","","","","","","","","","","110181474","2022-11-11","","NRAIL","","","","","Up Main/Fast","",""
"110181633","ACR","61.143","QK","","61.143","2100","","MAP","","605701.0","149108.0","BILTING","HKJ6","","","","","","","","","","","110181633","2022-11-11","","NRAIL","","","","","Down Main/Fast","",""
"110181473","ACR","61.143","QK","","61.143","1100","","MAP","","605701.0","149108.0","BILTING","HKJ6","","","","","","","","","","","110181473","2022-11-11","","NRAIL","","","","","Up Main/Fast","",""
"110181637","ACR","61.154","QK","","61.154","2100","","MAP","","605747.0","149197.0","BUCKWELL","HKJ6","","","","","","","","","","","110181637","2022-11-11","","NRAIL","","","","","Down Main/Fast","",""
"110181477","ACR","61.154","QK","","61.154","1100","","MAP","","605747.0","149197.0","BUCKWELL","HKJ6","","","","","","","","","","","110181477","2022-11-11","","NRAIL","","","","","Up Main/Fast","",""
"70260057","ACR","62.1716","QK","","62.1716","1100","","MAP","","606775.0","150636.0","Wye-Godmersham Road  Bridge 1883","HKJ6","","","","","","","","","","","70260057","2008-09-08","","BBRM","","","","","Up Main/Fast","Risk Rating 4, Hazard Rating 3,Score 12",""
"110147179","ACR","63.0132","QK","","63.0132","1100","","MAP","","606864.0","150769.0","GODMERSHAM SUBSTATION","HKJ6","","","","","","","","","","","110147179","2023-10-31","","NRAIL","","","","","Up Main/Fast","Address:Eggerton Lane, Godmersham:CT4 7DR Details: Network Rail Gate, off Eggarton Lane, Godmersham Up steps and over lines to site.  Please note the stairs are not suitable for carrying a stressing kit as they are not wide enough.",""
"70200806","ACR","63.1238","QK","","63.1238","2100","","MAP","","607494.0","151561.0","Wye/Chilham-Pope Street Bridge 1886","HKJ6","","","","","","","","","","","70200806","2008-09-08","","BBRM","","","","","Down Main/Fast","Risk Rating 4, Hazard Rating 2,Score 8",""
"110158907","ACR","64.0726","QK","","64.0726","1100","","MAP","","607520.0","152665.0","Sandy Lane Bridge 1889","HKJ6","","","","","","","","","","","110158907","2017-11-09","","NRAIL","","","","","Up Main/Fast","","TR 07520 52665"
"70200807","ACR","64.1301","QK","","64.1301","2100","","MAP","","607486.0","153184.0","Chilham TP Hut","HKJ6","","","","","","","","","","","70200807","2011-05-17","","BBRM","","","","","Down Main/Fast","Address:Ashford Rd, Chilham:CT4 7DG Details: Network Rail Gate, off Ashford Road, Chilham @ 64m 59c Then pathway to site. ~ Risk Rating 6, Hazard Rating 3,Score 18",""
"110158906","ACR","64.1374","QK","","64.1374","2100","","MAP","","607503.0","153253.0","Wye/Chilham-Chilham CSR Mast","HKJ6","","","","","","","","","","","110158906","2017-04-03","","BBRM","","","","","Down Main/Fast","Risk Rating 6, Hazard Rating 2,Score 12",""
"110158909","ACR","64.1661","QK","","64.1661","2100","","MAP","","607628.0","153504.0","Chilham Mill Level Crossing CE","HKJ6","","","","","","","","","","","110158909","2017-04-03","","NRAIL","","","","","Down Main/Fast","","TR 07628 53504"
"110162206","ACR","64.1661","QK","","64.1661","1100","","MAP","","607628.0","153504.0","Chilham Mill Level Crossing LE","HKJ6","","","","","","","","","","","110162206","2017-11-09","","NRAIL","","","","","Up Main/Fast","","TR 07628 53504"
"110181479","ACR","64.1672","QK","","64.1672","1100","","MAP","","607622.0","153496.0","CHILHAM MILL","HKJ6","","","","","","","","","","","110181479","2022-11-11","","NRAIL","","","","","Up Main/Fast","",""
"110181639","ACR","64.1672","QK","","64.1672","2100","","MAP","","607622.0","153496.0","CHILHAM MILL","HKJ6","","","","","","","","","","","110181639","2022-11-11","","NRAIL","","","","","Down Main/Fast","",""
"110158908","ACR","64.1683","QK","","64.1683","1100","","MAP","","607628.0","153504.0","Chilham Mill Level Crossing CE","HKJ6","","","","","","","","","","","110158908","2017-04-03","","NRAIL","","","","","Up Main/Fast","","TR 07628 53504"
"110158910","ACR","64.1683","QK","","64.1683","2100","","MAP","","607628.0","153504.0","Chilham Mill Level Crossing LE","HKJ6","","","","","","","","","","","110158910","2017-04-03","","NRAIL","","","","","Down Main/Fast","","TR 07628 53504"
"110158911","ACR","65.087","QK","","65.087","2100","","MAP","","608342.0","154001.0","Chilham Road Level Crossing LE","HKJ6","","","","","","","","","","","110158911","2017-04-03","","NRAIL","","","","","Down Main/Fast","","TR 08342 54001"
"70200808","ACR","65.087","QK","","65.087","1100","","MAP","","608354.0","153998.0","Chilham Road Level Crossing CE","HKJ6","","","","","","","","","","","70200808","2017-04-03","","NRAIL","","","","","Up Main/Fast","","TR 08354 53998"
"110181640","ACR","65.088","QK","","65.088","2100","","MAP","","608340.0","154001.0","CHILHAM ROAD","HKJ6","","","","","","","","","","","110181640","2022-11-11","","NRAIL","","","","","Down Main/Fast","",""
"110181480","ACR","65.088","QK","","65.088","1100","","MAP","","608340.0","154001.0","CHILHAM ROAD","HKJ6","","","","","","","","","","","110181480","2022-11-11","","NRAIL","","","","","Up Main/Fast","",""
"110158913","ACR","65.089","QK","","65.089","1100","","MAP","","608349.0","153996.0","Chilham Road Level Crossing LE","HKJ6","","","","","","","","","","","110158913","2017-04-03","","NRAIL","","","","","Up Main/Fast","","TR 08349 53996"
"110181506","ACR","66.0374","QK","","66.0374","1100","","MAP","","609326.0","154589.0","SHALMSFORD STREET","HKJ6","","","","","","","","","","","110181506","2022-11-11","","NRAIL","","","","","Up Main/Fast","",""
"110181666","ACR","66.0374","QK","","66.0374","2100","","MAP","","609326.0","154589.0","SHALMSFORD STREET","HKJ6","","","","","","","","","","","110181666","2022-11-11","","NRAIL","","","","","Down Main/Fast","",""
"70260058","ACR","66.0682","QK","","66.0682","2100","","MAP","","609569.0","154733.0","Chilham/Chartham-Shalmsford St Bridge 1898","HKJ6","","","","","","","","","","","70260058","2008-09-08","","BBRM","","","","","Down Main/Fast","Risk Rating 4, Hazard Rating 3,Score 12",""
"110147066","ACR","66.0718","QK","","66.0718","9999","","MAP","","609344.0","154581.0","CHARTHAM SOUTH SUBSTATION","HKJ6","","","","","","","","","","","110147066","2023-10-31","","NRAIL","","","","","Unknown","Address:Shalmsford Street, Chartham:CT4 7PW Details: Network Rail Gate, off Bridge No 1898 Shalmsford Street, near Chartham, @ 66m 33c  Then to site.",""
"110181644","ACR","66.1342","QK","","66.1342","2100","","MAP","","610113.0","154988.0","DEANERY","HKJ6","","","","","","","","","","","110181644","2022-11-11","","NRAIL","","","","","Down Main/Fast","",""
"110181484","ACR","66.1342","QK","","66.1342","1100","","MAP","","610113.0","154988.0","DEANERY","HKJ6","","","","","","","","","","","110181484","2022-11-11","","NRAIL","","","","","Up Main/Fast","",""
"110181485","ACR","66.1733","QK","","66.1733","1100","","MAP","","610447.0","155130.0","DIBLEYS <Riverside> Footpath Crossing","HKJ6","","","","","","","","","","","110181485","2023-05-03","","NRAIL","","","","","Up Main/Fast","Dibleys Footpath Crossing, CT4 7JS. New Pedestrian Access Gate on UP Side of Crossing, to access infrastructure country end of the Crossing",""
"110181645","ACR","66.1738","QK","","66.1738","2100","","MAP","","610448.0","155134.0","DIBLEYS","HKJ6","","","","","","","","","","","110181645","2022-11-11","","NRAIL","","","","","Down Main/Fast","",""
"110181638","ACR","67.022","QK","","67.022","2100","","MAP","","610655.0","155211.0","CHARTHAM","HKJ6","","","","","","","","","","","110181638","2022-11-11","","NRAIL","","","","","Down Main/Fast","",""
"110181478","ACR","67.022","QK","","67.022","1100","","MAP","","610655.0","155211.0","CHARTHAM","HKJ6","","","","","","","","","","","110181478","2022-11-11","","NRAIL","","","","","Up Main/Fast","",""
"110181494","ACR","67.1034","QK","","67.1034","1100","","MAP","","611346.0","155481.0","HORTON","HKJ6","","","","","","","","","","","110181494","2022-11-11","","NRAIL","","","","","Up Main/Fast","",""
"110181654","ACR","67.1034","QK","","67.1034","2100","","MAP","","611346.0","155481.0","HORTON","HKJ6","","","","","","","","","","","110181654","2022-11-11","","NRAIL","","","","","Down Main/Fast","",""
"110155897","ACR","67.1056","QK","","67.1056","2100","","MAP","","611362.0","155491.0","Horton","HKJ6","","","","","","","","","","","110155897","2016-06-02","","NRAIL","","","","","Down Main/Fast","","TR 11362 55491"
"110147070","ACR","67.1504","QK","","67.1504","9999","","MAP","","611686.0","155762.0","MILTON TPH CHARTHAM TP HUT","HKJ6","","","","","","","","","","","110147070","2023-10-31","","NRAIL","","","","","Unknown","Address:Ashford Rd, Chartham:CT4 7HN Details: Footpath, off A28 Ashford Road, near Chartham Then to foot crossing Dog Kennel @ 67m 69c and to site",""
"110181646","ACR","67.1518","QK","","67.1518","2100","","MAP","","611691.0","155757.0","DOG KENNEL","HKJ6","","","","","","","","","","","110181646","2022-11-11","","NRAIL","","","","","Down Main/Fast","",""
"110181486","ACR","67.1518","QK","","67.1518","1100","","MAP","","611691.0","155757.0","DOG KENNEL","HKJ6","","","","","","","","","","","110181486","2022-11-11","","NRAIL","","","","","Up Main/Fast","",""
"110181516","ACR","68.1342","QK","","68.1342","1100","","MAP","","612609.0","156865.0","TONFORD","HKJ6","","","","","","","","","","","110181516","2022-11-11","","NRAIL","","","","","Up Main/Fast","",""
"110181676","ACR","68.1342","QK","","68.1342","2100","","MAP","","612609.0","156865.0","TONFORD","HKJ6","","","","","","","","","","","110181676","2022-11-11","","NRAIL","","","","","Down Main/Fast","",""
"110181520","ACR","69.066","QK","","69.066","1100","","MAP","","613486.0","157307.0","WHITEHALL","HKJ6","","","","","","","","","","","110181520","2022-11-11","","NRAIL","","","","","Up Main/Fast","",""
"110181680","ACR","69.066","QK","","69.066","2100","","MAP","","613486.0","157307.0","WHITEHALL","HKJ6","","","","","","","","","","","110181680","2022-11-11","","NRAIL","","","","","Down Main/Fast","",""
"110147073","ACR","69.0986","QK","","69.0986","9999","","MAP","","613689.0","157481.0","CANTERBURY SUBSTATION","HKJ6","","","","","","","","","","","110147073","2023-10-31","","NRAIL","","","","","Unknown","Address:Whitehall Rd, Canterbury:CT2 8PY Details: Network Rail Gate, off Whitehall Lane, at Bridge No 259/1903, @ 69m 45c Cross over West Line, then up uneven pathway to site.",""
"70130412","ACR","69.1005","QK","","69.1005","1100","","MAP","","613755.0","157472.0","Canterbury West-Whitehall Road - Bridge 259 / 1903","HKJ6","","","","","","","","","","","70130412","2008-09-08","","BBRM","","","","","Up Main/Fast","Risk Rating 10, Hazard Rating 2,Score 20",""
"110181511","ACR","70.033","QK","","70.033","1100","","MAP","","614418.0","158201.0","ST DUNSTANS","HKJ6","","","","","","","","","","","110181511","2022-11-11","","NRAIL","","","","","Up Main/Fast","",""
"110181671","ACR","70.033","QK","","70.033","2100","","MAP","","614418.0","158201.0","ST DUNSTANS","HKJ6","","","","","","","","","","","110181671","2022-11-11","","NRAIL","","","","","Down Main/Fast","",""
"110155895","ACR","70.033","QK","","70.033","2100","","MAP","","614418.0","158201.0","St Dunstans LS","HKJ6","","","","","","","","","","","110155895","2016-06-02","","NRAIL","","","","","Down Main/Fast","","TR 14418 58201"
"110155896","ACR","70.0352","QK","","70.0352","2100","","MAP","","614429.0","155218.0","St Dunstans CS","HKJ6","","","","","","","","","","","110155896","2016-06-02","","NRAIL","","","","","Down Main/Fast","","TR 14429 58218"
"110142359","ACR","70.0528","QK","","70.0528","2100","","MAP","","614522.0","158350.0","Canterbury West ECRO","HKJ6","","","","","","","","","","","110142359","2008-09-08","","NRAIL","","","","","Down Main/Fast","Score 15",""
"110181512","ACR","70.1188","QK","","70.1188","1100","","MAP","","614882.0","158833.0","ST STEPHENS","HKJ6","","","","","","","","","","","110181512","2022-11-11","","NRAIL","","","","","Up Main/Fast","",""
"70260059","ACR","70.1188","QK","","70.1188","2100","","MAP","","614883.0","158833.0","Canterbury West-St Stephens crossing","HKJ6","","","","","","","","","","","70260059","2008-09-08","","BBRM","","","","","Down Main/Fast","Risk Rating 4, Hazard Rating 2,Score 8",""
"110181672","ACR","70.1188","QK","","70.1188","2100","","MAP","","614882.0","158833.0","ST STEPHENS","HKJ6","","","","","","","","","","","110181672","2022-11-11","","NRAIL","","","","","Down Main/Fast","",""
"110181793","ACR","70.1188","QK","","70.1188","2300","","MAP","","614882.0","158833.0","ST STEPHENS","HKJ6","","","","","","","","","","","110181793","2022-11-11","","NRAIL","","","","","Down Goods","",""
"110181849","ACR","70.1188","QK","","70.1188","1900","","MAP","","614882.0","158833.0","ST STEPHENS","HKJ6","","","","","","","","","","","110181849","2022-11-11","","NRAIL","","","","","Up Siding","",""
"70130411","ACR","70.121","QK","","70.121","1100","","MAP","","614897.0","158848.0","Canterbury West-St Stephens Crossing","HKJ6","","","","","","","","","","","70130411","2008-09-08","","BBRM","","","","","Up Main/Fast","Risk Rating 4, Hazard Rating 2,Score 8",""
"110147011","ACR","71.0096","QK","","71.0096","9999","","MAP","","615356.0","159258.0","CANTERBURY WEST TPH TP HUT","HKJ6","","","","","","","","","","","110147011","2023-10-31","","NRAIL","","","","","Unknown","Address:Farleigh Rd, Canterbury:CT2 7QE Details: Park Alley Accommodation Crossing, @ 71m 06c Then along cess to site.",""
"110181500","ACR","71.0132","QK","","71.0132","1100","","MAP","","615368.0","159255.0","PARK ALLEY","HKJ6","","","","","","","","","","","110181500","2022-11-11","","NRAIL","","","","","Up Main/Fast","",""
"110181660","ACR","71.0132","QK","","71.0132","2100","","MAP","","615368.0","159255.0","PARK ALLEY","HKJ6","","","","","","","","","","","110181660","2022-11-11","","NRAIL","","","","","Down Main/Fast","",""
"110181489","ACR","71.0616","QK","","71.0616","1100","","MAP","","615706.0","159541.0","FOLLY FARM","HKJ6","","","","","","","","","","","110181489","2022-11-11","","NRAIL","","","","","Up Main/Fast","",""
"110181649","ACR","71.0616","QK","","71.0616","2100","","MAP","","615706.0","159541.0","FOLLY FARM","HKJ6","","","","","","","","","","","110181649","2022-11-11","","NRAIL","","","","","Down Main/Fast","",""
"110181503","ACR","71.1298","QK","","71.1298","1100","","MAP","","616215.0","159895.0","SAND PIT","HKJ6","","","","","","","","","","","110181503","2022-11-11","","NRAIL","","","","","Up Main/Fast","",""
"110181663","ACR","71.1298","QK","","71.1298","2100","","MAP","","616215.0","159895.0","SAND PIT","HKJ6","","","","","","","","","","","110181663","2022-11-11","","NRAIL","","","","","Down Main/Fast","",""
"70130410","ACR","71.1675","QK","","71.1675","1100","","MAP","","616541.0","160011.0","Canterbury West-Broad Oak AHB","HKJ6","","","","","","","","","","","70130410","2008-09-08","","BBRM","","","","","Up Main/Fast","Risk Rating 3, Hazard Rating 2,Score 6",""
"110181636","ACR","71.1694","QK","","71.1694","2100","","MAP","","616557.0","160015.0","BROAD OAK","HKJ6","","","","","","","","","","","110181636","2022-11-11","","NRAIL","","","","","Down Main/Fast","",""
"110181476","ACR","71.1694","QK","","71.1694","1100","","MAP","","616557.0","160015.0","BROAD OAK","HKJ6","","","","","","","","","","","110181476","2022-11-11","","NRAIL","","","","","Up Main/Fast","",""
"110147010","ACR","72.1012","QK","","72.1012","9999","","MAP","","617513.0","160310.0","STURRY S/S SUBSTATION","HKJ6","","","","","","","","","","","110147010","2023-10-31","","NRAIL","","","","","Unknown","Address:The Hamele, Sturry:CT2 0BL Details: Network Rail Gate at Milnor Court Accommdation Crossing @ 72m 47.5c then along cess to site.",""
"110181496","ACR","72.1056","QK","","72.1056","1100","","MAP","","617535.0","160324.0","MILNER COURT","HKJ6","","","","","","","","","","","110181496","2022-11-11","","NRAIL","","","","","Up Main/Fast","",""
"110181656","ACR","72.1056","QK","","72.1056","2100","","MAP","","617535.0","160324.0","MILNER COURT","HKJ6","","","","","","","","","","","110181656","2022-11-11","","NRAIL","","","","","Down Main/Fast","",""
"110181514","ACR","72.1254","QK","","72.1254","1100","","MAP","","617707.0","160379.0","STURRY","HKJ6","","","","","","","","","","","110181514","2022-11-11","","NRAIL","","","","","Up Main/Fast","",""
"110181674","ACR","72.1254","QK","","72.1254","2100","","MAP","","617707.0","160379.0","STURRY","HKJ6","","","","","","","","","","","110181674","2022-11-11","","NRAIL","","","","","Down Main/Fast","",""
"70130409","ACR","72.1255","QK","","72.1255","1100","","MAP","","617709.0","160379.0","Sturry Gate Box","HKJ6","","","","","","","","","","","70130409","2008-09-08","","BBRM","","","","","Up Main/Fast","Risk Rating 4, Hazard Rating 2,Score 8",""
"110181515","ACR","72.165","QK","","72.165","1100","","MAP","","618052.0","160489.0","STURRY FOOTPATH","HKJ6","","","","","","","","","","","110181515","2022-11-11","","NRAIL","","","","","Up Main/Fast","",""
"110181675","ACR","72.165","QK","","72.165","2100","","MAP","","618052.0","160489.0","STURRY FOOTPATH","HKJ6","","","","","","","","","","","110181675","2022-11-11","","NRAIL","","","","","Down Main/Fast","",""
"110183553","ACR","73.1716","QK","","73.1716","1100","","MAP","","619554.0","161041.0","Westbere foot crossing","HKJ6","","","","","","","","","","","110183553","2023-05-31","","NRAIL","","","","","Up Main/Fast","Westbere foot crossing, off Walnut Tree Lane CT2 0HG at 73m 78ch",""
"110147067","ACR","74.0224","QK","","74.0224","9999","","MAP","","619898.0","161118.0","WESTBERE TPH STURRY TP HUT","HKJ6","","","","","","","","","","","110147067","2023-10-31","","NRAIL","","","","","Unknown","Address:Walnut Tree Lane, Westbere:CT2 0HE Details: Off A28 Staines Hill,Sturry. Then down Westbere Lane, & into Walnut Tree Lane. Then to foot crossing Westbere @ 73m 78c to 74m 10c",""
"110181519","ACR","74.0264","QK","","74.0264","1100","","MAP","","619891.0","161135.0","WESTBERE","HKJ6","","","","","","","","","","","110181519","2022-11-11","","NRAIL","","","","","Up Main/Fast","",""
"110181679","ACR","74.0264","QK","","74.0264","2100","","MAP","","619891.0","161135.0","WESTBERE","HKJ6","","","","","","","","","","","110181679","2022-11-11","","NRAIL","","","","","Down Main/Fast","",""
"110181493","ACR","74.1122","QK","","74.1122","1100","","MAP","","620584.0","161503.0","HOPLANDS","HKJ6","","","","","","","","","","","110181493","2022-11-11","","NRAIL","","","","","Up Main/Fast","",""
"110181653","ACR","74.1122","QK","","74.1122","2100","","MAP","","620584.0","161503.0","HOPLANDS","HKJ6","","","","","","","","","","","110181653","2022-11-11","","NRAIL","","","","","Down Main/Fast","",""
"110147008","ACR","75.1175","QK","","75.1175","9999","","MAP","","622107.0","162195.0","CHISLET COLLIERY SUBSTATION","HKJ6","","","","","","","","","","","110147008","2023-10-31","","NRAIL","","","","","Unknown","Address:Clar Way, Canterbury:CT3 4JQ Details: Port Farm Lane, off Island Road, UpStreet, To Foot Crossing @ 76m 06c  then along cess to site.",""
"110181501","ACR","76.0132","QK","","76.0132","1100","","MAP","","622655.0","162520.0","PORT FARM","HKJ6","","","","","","","","","","","110181501","2022-11-11","","NRAIL","","","","","Up Main/Fast","",""
"110181661","ACR","76.0132","QK","","76.0132","2100","","MAP","","622655.0","162520.0","PORT FARM","HKJ6","","","","","","","","","","","110181661","2022-11-11","","NRAIL","","","","","Down Main/Fast","",""
"110181508","ACR","76.0858","QK","","76.0858","1100","","MAP","","623094.0","163017.0","SHIPS MEADOW","HKJ6","","","","","","","","","","","110181508","2022-11-11","","NRAIL","","","","","Up Main/Fast","",""
"110181668","ACR","76.0858","QK","","76.0858","2100","","MAP","","623094.0","163017.0","SHIPS MEADOW","HKJ6","","","","","","","","","","","110181668","2022-11-11","","NRAIL","","","","","Down Main/Fast","",""
"110179759","ACR","76.132","QK","","76.132","2100","","MAP","","622662.0","162524.0","Port Farm Crossing","HKJ6","","","","","","","","","Pedestrian","","110179759","2022-08-25","","NRAIL","","","","","Down Main/Fast","Clar Way, Canterbury:CT3 4JQ. Port Farm Lane, off Island Road,up street to foot crossing @ 76m 06ch",""
"110181491","ACR","76.1364","QK","","76.1364","1100","","MAP","","623505.0","163215.0","GROVE FERRY","HKJ6","","","","","","","","","","","110181491","2022-11-11","","NRAIL","","","","","Up Main/Fast","",""
"110181651","ACR","76.1364","QK","","76.1364","2100","","MAP","","623505.0","163215.0","GROVE FERRY","HKJ6","","","","","","","","","","","110181651","2022-11-11","","NRAIL","","","","","Down Main/Fast","",""
"70260060","ACR","76.1364","QK","","76.1364","2100","","MAP","","623506.0","163216.0","Grove Ferry AHB","HKJ6","","","","","","","","","","","70260060","2022-12-02","","BBRM","","","","","Down Main/Fast","Risk Rating 2, Hazard Rating 2,Score 4   Endangered species have been found under the road crossing.Caution should be excercised when working in this area",""
"110181517","ACR","77.0572","QK","","77.0572","1100","","MAP","","624299.0","163567.0","WALL END","HKJ6","","","","","","","","","","","110181517","2022-11-11","","NRAIL","","","","","Up Main/Fast","",""
"110181677","ACR","77.0572","QK","","77.0572","2100","","MAP","","624299.0","163567.0","WALL END","HKJ6","","","","","","","","","","","110181677","2022-11-11","","NRAIL","","","","","Down Main/Fast","",""
"110180686","ACR","77.1672","QK","","77.1672","1100","","MAP","","625123.0","164143.0","Cater","HKJ6","","","","","","","","","","","110180686","2022-10-26","","NRAIL","","","","","Up Main/Fast","Accommodation Crossing Type UWCT",""
"110180741","ACR","77.1672","QK","","77.1672","2100","","MAP","","625123.0","164143.0","Cater","HKJ6","","","","","","","","","","","110180741","2022-10-26","","NRAIL","","","","","Down Main/Fast","Accommodation Crossing Type UWCT",""
"110181643","ACR","78.0044","QK","","78.0044","2100","","MAP","","625213.0","164223.0","CUT END","HKJ6","","","","","","","","","","","110181643","2022-11-11","","NRAIL","","","","","Down Main/Fast","",""
"110181483","ACR","78.0044","QK","","78.0044","1100","","MAP","","625213.0","164223.0","CUT END","HKJ6","","","","","","","","","","","110181483","2022-11-11","","NRAIL","","","","","Up Main/Fast","",""
"110181504","ACR","78.0814","QK","","78.0814","1100","","MAP","","625817.0","164577.0","SARRE BRIDGE","HKJ6","","","","","","","","","","","110181504","2022-11-11","","NRAIL","","","","","Up Main/Fast","",""
"110181664","ACR","78.0814","QK","","78.0814","2100","","MAP","","625817.0","164577.0","SARRE BRIDGE","HKJ6","","","","","","","","","","","110181664","2022-11-11","","NRAIL","","","","","Down Main/Fast","",""
"110147007","ACR","78.143","QK","","78.143","9999","","MAP","","626388.0","164665.0","SARRE SUBSTATION","HKJ6","","","","","","","","","","","110147007","2023-10-31","","NRAIL","","","","","Unknown","Address:Mile Rd, Sarre:CT7 0JR Details: Mile Drove Occupation Crossing, Sarre  @ 79m 08c then along cess to site.",""
"110181495","ACR","79.0132","QK","","79.0132","1100","","MAP","","629791.0","164599.0","MILE DROVE","HKJ6","","","","","","","","","","","110181495","2022-11-11","","NRAIL","","","","","Up Main/Fast","",""
"110181655","ACR","79.0132","QK","","79.0132","2100","","MAP","","629791.0","164599.0","MILE DROVE","HKJ6","","","","","","","","","","","110181655","2022-11-11","","NRAIL","","","","","Down Main/Fast","",""
"70130408","ACR","79.0687","QK","","79.0687","1100","","MAP","","627293.0","164524.0","Monkton-Gore Street Bridge","HKJ6","","","","","","","","","","","70130408","2008-09-08","","BBRM","","","","","Up Main/Fast","Risk Rating 2, Hazard Rating 2,Score 4",""
"110181498","ACR","79.0792","QK","","79.0792","1100","","MAP","","627388.0","164509.0","MONKTON COURT","HKJ6","","","","","","","","","","","110181498","2022-11-11","","NRAIL","","","","","Up Main/Fast","",""
"110181658","ACR","79.0792","QK","","79.0792","2100","","MAP","","627388.0","164509.0","MONKTON COURT","HKJ6","","","","","","","","","","","110181658","2022-11-11","","NRAIL","","","","","Down Main/Fast","",""
"110181499","ACR","79.1562","QK","","79.1562","1100","","MAP","","628084.0","164402.0","MONKTON PARSONAGE","HKJ6","","","","","","","","","","","110181499","2023-12-04","","NRAIL","","","","","Up Main/Fast","no parking available at this site due to employees receiving abuse in recent visits.",""
"110181659","ACR","79.1562","QK","","79.1562","2100","","MAP","","628084.0","164402.0","MONKTON PARSONAGE","HKJ6","","","","","","","","","","","110181659","2022-11-11","","NRAIL","","","","","Down Main/Fast","",""
"110181513","ACR","80.055","QK","","80.055","1100","","MAP","","628761.0","164229.0","STANNARDS","HKJ6","","","","","","","","","","","110181513","2022-11-11","","NRAIL","","","","","Up Main/Fast","",""
"110181673","ACR","80.055","QK","","80.055","2100","","MAP","","628761.0","164229.0","STANNARDS","HKJ6","","","","","","","","","","","110181673","2022-11-11","","NRAIL","","","","","Down Main/Fast","",""
"110147071","ACR","80.0616","QK","","80.0616","9999","","MAP","","628765.0","164324.0","MONKTON TPH MINSTER TP HUT","HKJ6","","","","","","","","","","","110147071","2023-10-31","","NRAIL","","","","","Unknown","Address:Monkton Street, Monkton:CT12 4JD Details: Stannards Crossing, off The Street, Monkton. @ 80m 25c then along cess to site.",""
"110181518","ACR","80.0968","QK","","80.0968","1100","","MAP","","629139.0","164242.0","WALTERS HALL","HKJ6","","","","","","","","","","","110181518","2022-11-11","","NRAIL","","","","","Up Main/Fast","",""
"110181678","ACR","80.0968","QK","","80.0968","2100","","MAP","","629139.0","164242.0","WALTERS HALL","HKJ6","","","","","","","","","","","110181678","2022-11-11","","NRAIL","","","","","Down Main/Fast","",""
"110181507","ACR","80.132","QK","","80.132","1100","","MAP","","629456.0","164207.0","SHERIFFS COURT","HKJ6","","","","","","","","","","","110181507","2022-11-11","","NRAIL","","","","","Up Main/Fast","",""
"110181667","ACR","80.132","QK","","80.132","2100","","MAP","","629456.0","164207.0","SHERIFFS COURT","HKJ6","","","","","","","","","","","110181667","2023-12-04","","NRAIL","","","","","Down Main/Fast","no parking available at this site due to employees receiving abuse in recent visits.",""
"110180687","ACR","81.0528","QK","","81.0528","1100","","MAP","","630344.0","164632.0","Hopes","HKJ6","","","","","","","","","","","110180687","2022-10-26","","NRAIL","","","","","Up Main/Fast","Accommodation Crossing Type UWS",""
"110180742","ACR","81.0528","QK","","81.0528","2100","","MAP","","630344.0","164632.0","Hopes","HKJ6","","","","","","","","","","","110180742","2022-10-26","","NRAIL","","","","","Down Main/Fast","Accommodation Crossing Type UWS",""
"110142360","ACR","81.1254","QK","","81.1254","2100","","MAP","","631008.0","164130.0","Minster Level Crossing LE","HKJ6","","","","","","","","","","","110142360","2017-04-03","","NRAIL","","","","","Down Main/Fast","Score 7",""
"110158912","ACR","81.1266","QK","","81.1266","1100","","MAP","","631036.0","164124.0","Minster Level Crossing LE","HKJ6","","","","","","","","","","","110158912","2017-04-03","","NRAIL","","","","","Up Main/Fast","","TR 31036 64124"
"110181497","ACR","81.1276","QK","","81.1276","1100","","MAP","","631027.0","164128.0","MINSTER","HKJ6","","","","","","","","","","","110181497","2022-11-11","","NRAIL","","","","","Up Main/Fast","",""
"110181657","ACR","81.1276","QK","","81.1276","2100","","MAP","","631027.0","164128.0","MINSTER","HKJ6","","","","","","","","","","","110181657","2022-11-11","","NRAIL","","","","","Down Main/Fast","",""
"110179756","ACR","81.154","QK","","81.154","1100","","MAP","","631354.0","164334.0","Cheesmans Close","HKJ6","","","","","","","","","Pedestrian","","110179756","2022-08-25","","NRAIL","","","","","Up Main/Fast","Farm Rd, Minster:CT12 4HD Details: Network Rail Gate, off Cheesmans Close, near Minster Station @ 81m 70c then along cess to site",""
"110181487","ACR","82.0","QK","","82.0","1100","","MAP","","613469.0","164107.0","DURLOCK MAIN","HKJ6","","","","","","","","","","","110181487","2022-11-11","","NRAIL","","","","","Up Main/Fast","",""
"110181647","ACR","82.0","QK","","82.0","2100","","MAP","","613469.0","164107.0","DURLOCK MAIN","HKJ6","","","","","","","","","","","110181647","2022-11-11","","NRAIL","","","","","Down Main/Fast","",""
"110181502","ACR","82.077","QK","","82.077","1100","","MAP","","632173.0","164072.0","ROUGH","HKJ6","","","","","","","","","","","110181502","2022-11-11","","NRAIL","","","","","Up Main/Fast","",""
"110181662","ACR","82.077","QK","","82.077","2100","","MAP","","632173.0","164072.0","ROUGH","HKJ6","","","","","","","","","","","110181662","2022-11-11","","NRAIL","","","","","Down Main/Fast","",""
"110181505","ACR","83.022","QK","","83.022","1100","","MAP","","633278.0","164033.0","SEVENSCORE","HKJ6","","","","","","","","","","","110181505","2022-11-11","","NRAIL","","","","","Up Main/Fast","",""
"110181665","ACR","83.022","QK","","83.022","2100","","MAP","","633278.0","164033.0","SEVENSCORE","HKJ6","","","","","","","","","","","110181665","2022-11-11","","NRAIL","","","","","Down Main/Fast","",""
"70130407","ACR","83.0228","QK","","83.0228","1100","","MAP","","633286.0","164034.0","Minster/Ramsgate-Sevenscore AHB","HKJ6","","","","","","","","","","","70130407","2008-09-08","","BBRM","","","","","Up Main/Fast","Risk Rating 4, Hazard Rating 2,Score 8",""
"70200809","ACR","83.0955","QK","","83.0955","2100","","MAP","","633920.0","164240.0","Cliffsend TPH Ramsgate TP Hut","HKJ6","","","","","","","","","","","70200809","2011-05-17","","NRAIL","","","","","Down Main/Fast","Address:Cottington Rd, Cliffsend:CT12 5JN Details: Off Cottington Road, Cliffsend, Network Rail Gate, 83m 43c and then up steps to site~ Risk Rating 2, Hazard Rating 2,Score 4",""
"70130406","ACR","84.0086","QK","","84.0086","1100","","MAP","","634619.0","164649.0","Minster/Ramsgate-Cliffsend AHB","HKJ6","","","","","","","","","","","70130406","2008-09-08","","BBRM","","","","","Up Main/Fast","Risk Rating 6, Hazard Rating 2,Score 12",""
"110181641","ACR","84.0088","QK","","84.0088","2100","","MAP","","634630.0","164649.0","CLIFFSEND","HKJ6","","","","","","","","","","","110181641","2022-11-11","","NRAIL","","","","","Down Main/Fast","",""
"110181481","ACR","84.0088","QK","","84.0088","1100","","MAP","","634630.0","164649.0","CLIFFSEND","HKJ6","","","","","","","","","","","110181481","2022-11-11","","NRAIL","","","","","Up Main/Fast","",""
"110183431","ACR","84.0098","QK","","84.0098","1100","","MAP","","634632.0","164638.0","CLIFFSEND AHB C/S","HKJ6","","","","","","","","","","","110183431","2023-10-31","","NRAIL","","","","","Up Main/Fast","AUTHORISED ACCESS POINT - PEDESTRIAN",""
"70200810","ACR","84.1127","QK","","84.1127","1100","","MAP","","635438.0","165129.0","Minster/Ramsgate-Bridge 1959B","HKJ6","","","","","","","","","","","70200810","2008-09-08","","BBRM","","","","","Up Main/Fast","",""
"70260062","ACR","85.0473","QK","","85.0473","2100","","MAP","","636374.0","165470.0","Ramsgate Substation","HKJ6","","","","","","","","","","","70260062","2017-09-28","","NRAIL","","","","","Down Main/Fast","Address:Manston Rd, Ramsgate:CT11 0PE Details: Network Rail Gate at bridge at sidings, and then along cess to site~ Risk Rating 6, Hazard Rating 2,Score 12",""
"70200811","ACR","85.074","QK","","85.074","2100","","MAP","","636620.0","165533.0","Minster/Ramsgate-Manston Road","HKJ6","","","","","","","","","","","70200811","2008-09-08","","BBRM","","","","","Down Main/Fast","Risk Rating 10, Hazard Rating 2,Score 20, 20 Steps Down",""
"110178641","ACR","60.0623","QK","","60.0623","1100","","MAPE","","604787.0","146951.0","WYE STATION PLAT 1","HKJ6","","","","","","","","","","","110178641","2022-08-05","","NRAIL","","","","","Up Main/Fast","ACCESS POINT - PLATFORM END - UNGATED",""
"110178642","ACR","60.0625","QK","","60.0625","2100","","MAPE","","604796.0","146949.0","WYE STATION PLAT 2","HKJ6","","","","","","","","","","","110178642","2022-08-05","","NRAIL","","","","","Down Main/Fast","ACCESS POINT - PLATFORM END - UNGATED",""
"110178640","ACR","60.076","QK","","60.076","1100","","MAPE","","604846.0","147062.0","WYE STATION PLAT 1","HKJ6","","","","","","","","","","","110178640","2022-08-05","","NRAIL","","","","","Up Main/Fast","ACCESS POINT - PLATFORM END - GATED",""
"110178643","ACR","60.076","QK","","60.076","2100","","MAPE","","604854.0","147058.0","WYE STATION PLAT 2","HKJ6","","","","","","","","","","","110178643","2022-08-05","","NRAIL","","","","","Down Main/Fast","ACCESS POINT - PLATFORM END - UNGATED",""
"110178458","ACR","65.014","QK","","65.014","2100","","MAPE","","607761.0","153660.0","CHILHAM STATION PLAT 2","HKJ6","","","","","","","","","","","110178458","2022-08-05","","NRAIL","","","","","Down Main/Fast","ACCESS POINT - PLATFORM END - UNGATED",""
"110178456","ACR","65.0142","QK","","65.0142","1100","","MAPE","","607756.0","153665.0","CHILHAM STATION PLAT 1","HKJ6","","","","","","","","","","","110178456","2022-08-05","","NRAIL","","","","","Up Main/Fast","ACCESS POINT - PLATFORM END - UNGATED",""
"110178455","ACR","65.0232","QK","","65.0232","1100","","MAPE","","607834.0","153706.0","CHILHAM STATION PLAT 1","HKJ6","","","","","","","","","","","110178455","2022-08-05","","NRAIL","","","","","Up Main/Fast","ACCESS POINT - PLATFORM END - UNGATED",""
"110178457","ACR","65.0232","QK","","65.0232","2100","","MAPE","","607828.0","153713.0","CHILHAM STATION PLAT 2","HKJ6","","","","","","","","","","","110178457","2022-08-05","","NRAIL","","","","","Down Main/Fast","ACCESS POINT - PLATFORM END - GATED",""
"110178445","ACR","67.025","QK","","67.025","2100","","MAPE","","610685.0","155213.0","CHARTHAM STATION PLAT 2","HKJ6","","","","","","","","","","","110178445","2022-08-05","","NRAIL","","","","","Down Main/Fast","ACCESS POINT - PLATFORM END - GATED",""
"110178443","ACR","67.0251","QK","","67.0251","1100","","MAPE","","610689.0","155206.0","CHARTHAM STATION PLAT 1","HKJ6","","","","","","","","","","","110178443","2022-08-05","","NRAIL","","","","","Up Main/Fast","ACCESS POINT - PLATFORM END - UNGATED",""
"110178446","ACR","67.0379","QK","","67.0379","2100","","MAPE","","610789.0","155273.0","CHARTHAM STATION PLAT 2","HKJ6","","","","","","","","","","","110178446","2022-08-05","","NRAIL","","","","","Down Main/Fast","ACCESS POINT - PLATFORM END - GATED",""
"110178444","ACR","67.0396","QK","","67.0396","1100","","MAPE","","610817.0","155241.0","CHARTHAM STATION PLAT 1","HKJ6","","","","","","","","","","","110178444","2022-08-05","","NRAIL","","","","","Up Main/Fast","ACCESS POINT - PLATFORM END - GATED",""
"110178439","ACR","70.0498","QK","","70.0498","1100","","MAPE","","614529.0","158313.0","CANTERBURY WEST STATION PLAT 1","HKJ6","","","","","","","","","","","110178439","2022-08-05","","NRAIL","","","","","Up Main/Fast","ACCESS POINT - PLATFORM END - UNGATED",""
"110178441","ACR","70.0507","QK","","70.0507","2100","","MAPE","","614518.0","158329.0","CANTERBURY WEST STATION PLAT 2","HKJ6","","","","","","","","","","","110178441","2022-08-05","","NRAIL","","","","","Down Main/Fast","ACCESS POINT - PLATFORM END - GATED",""
"110178440","ACR","70.0682","QK","","70.0682","1100","","MAPE","","614626.0","158449.0","CANTERBURY WEST STATION PLAT 1","HKJ6","","","","","","","","","","","110178440","2022-08-05","","NRAIL","","","","","Up Main/Fast","ACCESS POINT - PLATFORM END - GATED",""
"110178442","ACR","70.0685","QK","","70.0685","2100","","MAPE","","614613.0","158459.0","CANTERBURY WEST STATION PLAT 2","HKJ6","","","","","","","","","","","110178442","2022-08-05","","NRAIL","","","","","Down Main/Fast","ACCESS POINT - PLATFORM END - GATED",""
"110178615","ACR","72.1126","QK","","72.1126","1100","","MAPE","","617601.0","160331.0","STURRY STATION PLAT 1","HKJ6","","","","","","","","","","","110178615","2022-08-05","","NRAIL","","","","","Up Main/Fast","ACCESS POINT - PLATFORM END - UNGATED",""
"110178614","ACR","72.1257","QK","","72.1257","1100","","MAPE","","617717.0","160363.0","STURRY STATION PLAT 1","HKJ6","","","","","","","","","","","110178614","2022-08-05","","NRAIL","","","","","Up Main/Fast","ACCESS POINT - PLATFORM END - GATED",""
"110178617","ACR","72.1287","QK","","72.1287","2100","","MAPE","","617741.0","160379.0","STURRY STATION PLAT 2","HKJ6","","","","","","","","","","","110178617","2022-08-05","","NRAIL","","","","","Down Main/Fast","ACCESS POINT - PLATFORM END - GATED",""
"110178616","ACR","72.1419","QK","","72.1419","2100","","MAPE","","617857.0","160410.0","STURRY STATION PLAT 2","HKJ6","","","","","","","","","","","110178616","2022-08-05","","NRAIL","","","","","Down Main/Fast","ACCESS POINT - PLATFORM END - GATED",""
"110178459","ACR","74.1217","QK","","74.1217","1100","","MAPE","","620657.0","161553.0","CHISLET COLLIERY STAFF HALT 1","HKJ6","","","","","","","","","","","110178459","2022-08-05","","NRAIL","","","","","Up Main/Fast","ACCESS POINT - PLATFORM END - UNGATED",""
"110178461","ACR","74.1217","QK","","74.1217","2100","","MAPE","","620653.0","161562.0","CHISLET COLLIERY STAFF HALT 2","HKJ6","","","","","","","","","","","110178461","2022-08-05","","NRAIL","","","","","Down Main/Fast","ACCESS POINT - PLATFORM END - UNGATED",""
"110178462","ACR","74.1315","QK","","74.1315","2100","","MAPE","","620732.0","161601.0","CHISLET COLLIERY STAFF HALT 2","HKJ6","","","","","","","","","","","110178462","2022-08-05","","NRAIL","","","","","Down Main/Fast","ACCESS POINT - PLATFORM END - UNGATED",""
"110178460","ACR","74.1316","QK","","74.1316","1100","","MAPE","","620736.0","161594.0","CHISLET COLLIERY STAFF HALT 1","HKJ6","","","","","","","","","","","110178460","2022-08-05","","NRAIL","","","","","Up Main/Fast","ACCESS POINT - PLATFORM END - UNGATED",""
"110178550","ACR","81.1302","QK","","81.1302","2100","","MAPE","","631051.0","164105.0","MINSTER STATION PLAT 2","HKJ6","","","","","","","","","","","110178550","2022-08-05","","NRAIL","","","","","Down Main/Fast","ACCESS POINT - PLATFORM END - UNGATED",""
"110178548","ACR","81.1337","QK","","81.1337","3100","","MAPE","","631083.0","164113.0","MINSTER STATION PLAT 1","HKJ6","","","","","","","","","","","110178548","2022-08-05","","NRAIL","","","","","Rev Main/Fast","ACCESS POINT - PLATFORM END - GATED",""
"110178549","ACR","81.1483","QK","","81.1483","2100","","MAPE","","631212.0","164093.0","MINSTER STATION PLAT 2","HKJ6","","","","","","","","","","","110178549","2022-08-05","","NRAIL","","","","","Down Main/Fast","ACCESS POINT - PLATFORM END - GATED",""
"110178547","ACR","81.1539","QK","","81.1539","3100","","MAPE","","631263.0","164096.0","MINSTER STATION PLAT 1","HKJ6","","","","","","","","","","","110178547","2022-08-05","","NRAIL","","","","","Rev Main/Fast","ACCESS POINT - PLATFORM END - GATED",""
"110183414","ACR","83.121","QK","","83.121","2100","","MAPE","","634105.0","164352.0","THANET PARKWAY STATION","HKJ6","","","","","","","","","","","110183414","2023-03-31","","NRAIL","","","","","Down Main/Fast","Stepped Access and Gate provided at London end of Platform to access Thanet Parkway Station and Railway infrastructure",""
"110183416","ACR","83.121","QK","","83.121","1100","","MAPE","","634109.0","164345.0","THANET PARKWAY STATION","HKJ6","","","","","","","","","","","110183416","2023-03-31","","NRAIL","","","","","Up Main/Fast","Stepped Access and Gate provided at London end of Platform to access Thanet Parkway Station and Railway infrastructure",""
"110183415","ACR","83.1474","QK","","83.1474","1100","","MAPE","","634324.0","164471.0","THANET PARKWAY STATION","HKJ6","","","","","","","","","","","110183415","2023-06-22","","NRAIL","","","","","Up Main/Fast","Stepped Access and Gate provided at Country end of Platform to access Thanet Parkway Station and Railway infrastructure",""
"110183413","ACR","83.1474","QK","","83.1474","2100","","MAPE","","634320.0","164478.0","THANET PARKWAY STATION","HKJ6","","","","","","","","","","","110183413","2023-03-31","","NRAIL","","","","","Down Main/Fast","Stepped Access and Gate provided at Country end of Platform to access Thanet Parkway Station and Railway infrastructure.",""
"110178572","ACR","85.1343","QK","","85.1343","0","","MAPE","","637158.0","165666.0","RAMSGATE STN PLAT 3 & 4","HKJ6","","","","","","","","","","","110178572","2022-08-05","","NRAIL","","","","","All/Multiple Tracks","ACCESS POINT - PLATFORM END - GATED",""
"110178570","ACR","85.1345","QK","","85.1345","0","","MAPE","","637153.0","165681.0","RAMSGATE STN PLAT 1 & 2","HKJ6","","","","","","","","","","","110178570","2022-08-05","","NRAIL","","","","","All/Multiple Tracks","ACCESS POINT - PLATFORM END - GATED",""
"110183520","ACR","56.066","QK","","56.066","1100","","MAR","","601565.0","141932.0","HITACHI DEPOT RRV","HKJ6","","","","","","","","","","","110183520","2023-10-31","","NRAIL","","","","","Up Main/Fast","AUTHORISED ACCESS POINT - ROAD/RAIL VEH",""
"110142358","ACR","58.0","QK","","58.0","1100","","MAR","","602783.0","143736.0","Batchelors RRV","HKJ6","","","","","","","","","","","110142358","2017-09-28","","NRAIL","","","","","Up Main/Fast","The access to this NR Vehicular access point is through the food factory""s staff carpark which is still deemed as a food preparation area. This factory has a local agreement with NR which requires all staff using the access to phone in advance and to be briefed by the local MPC on all site rules including the signing in at security and specifically the restrictions on the delivery and pick up of machines.",""
"70260053","ACR","56.1276","QK","","56.1276","2100","","MAV","","602032.0","141857.0","Ashford-Carriage Sidings","HKJ6","","","","","","","","","","","70260053","2008-09-08","","BBRM","","","","","Down Main/Fast","Risk Rating 3, Hazard Rating 3,Score 9",""
"70200812","ACR","60.0991","QK","","60.0991","2100","","MAV","","604937.0","147252.0","Wye-Signalbox car park","HKJ6","","","","","","","","","","","70200812","2017-09-28","","BBRM","","","","","Down Main/Fast","Risk Rating 3, Hazard Rating 2,Score 6",""
"70130437","ACR","70.062","QK","","70.062","0","","MAV","","614570.0","158419.0","Canterbury West-BBRML Yard","HKJ6","","","","","","","","","","","70130437","2008-09-08","","BBRM","","","","","All/Multiple Tracks","Risk Rating 3, Hazard Rating 3,Score 9",""
"110183498","ACR","70.0748","QK","","70.0748","1100","","MAV","","614638.0","158507.0","CANTERBURY WEST SIGNAL BOX","HKJ6","","","","","","","","","","","110183498","2023-10-31","","NRAIL","","","","","Up Main/Fast","AUTHORISED ACCESS POINT - VEHICLE",""
"110183501","ACR","76.1474","QK","","76.1474","1100","","MAV","","623512.0","163240.0","GROVE FERRY AHB C/S","HKJ6","","","","","","","","","","","110183501","2023-10-31","","NRAIL","","","","","Up Main/Fast","AUTHORISED ACCESS POINT - VEHICLE",""
"110147009","ACR","77.0374","QK","","77.0374","9999","","MAV","","623485.0","163219.0","GROVE FERRY TPH STURRY TP HUT","HKJ6","","","","","","","","","","","110147009","2023-10-31","","NRAIL","","","","","Unknown","Address:Grove Ferry Hill, Upstreet:CT3 4DF Details: Network Rail Gate at Grove Ferry Level Crossing, @ 76m 52c then along rough vehicle track to 76m 74c then along cess to site.",""
"70130436","ACR","81.1265","QK","","81.1265","1100","","MAV","","631018.0","164129.0","Minster-Station Rear","HKJ6","","","","","","","","","","","70130436","2017-09-28","","BBRM","","","","","Up Main/Fast","Risk Rating 2, Hazard Rating 2,Score 4",""
"70260061","ACR","81.1342","QK","","81.1342","2100","","MAV","","631088.0","164126.0","Minster-Signalbox","HKJ6","","","","","","","","","","","70260061","2017-09-28","","BBRM","","","","","Down Main/Fast","Risk Rating 4, Hazard Rating 2,Score 8",""
"110183502","ACR","81.1474","QK","","81.1474","2100","","MAV","","631276.0","164107.0","MINSTER - DOUBLE GATES","HKJ6","","","","","","","","","","","110183502","2023-10-31","","NRAIL","","","","","Down Main/Fast","AUTHORISED ACCESS POINT - VEHICLE",""
"110147072","ACR","81.1672","QK","","81.1672","9999","","MAV","","631371.0","164133.0","MINSTER SUBSTATION","HKJ6","","","","","","","","","","","110147072","2023-10-31","","NRAIL","","","","","Unknown","Address:Farm Rd, Minster:CT12 4HD Details: Network Rail Gate, off Cheesmans Close, near Minster Station @ 81m 70c then along cess to site",""
"110183503","ACR","85.0462","QK","","85.0462","2100","","MAV","","636374.0","165513.0","RAMSGATE SUBSTATION","HKJ6","","","","","","","","","","","110183503","2023-10-31","","NRAIL","","","","","Down Main/Fast","AUTHORISED ACCESS POINT - VEHICLE",""
"110180811","AGW","0.099","QK","","0.099","3300","","MAP","","540333.0","178235.0","ANGERSTEIN FOOTPATH","HKJ4","","","","","","","","","","","110180811","2022-10-31","","NRAIL","","","","","Rev Goods","",""
"110142361","AGW","0.0155","QK","","0.0155","3300","","MAR","","540554.0","178045.0","POLICE CAR COMPOUND","HKJ4","","","","","","","","","","","110142361","2020-09-21","","NRAIL","","","","","Rev Goods","Score 1","TQ 40554 78045"
"70119384","APL","64.1276","QK","","64.1276","9999","","MAP","","597478.0","129560.0","APPLEDORE","HKJ6","","","","","","","","","AC","","70119384","2023-05-31","","BBRM","","","","","Unknown","",""
"110181796","APL","65.0066","QK","","65.0066","3300","","MAP","","597537.0","129086.0","ASHLEYS","HKJ6","","","","","","","","","","","110181796","2022-11-11","","NRAIL","","","","","Rev Goods","",""
"110181800","APL","65.0352","QK","","65.0352","3300","","MAP","","597687.0","128872.0","BODYS NO.1","HKJ6","","","","","","","","","","","110181800","2022-11-11","","NRAIL","","","","","Rev Goods","",""
"110181801","APL","65.0924","QK","","65.0924","3300","","MAP","","597991.0","128446.0","BODYS NO.2","HKJ6","","","","","","","","","","","110181801","2022-11-11","","NRAIL","","","","","Rev Goods","",""
"110181802","APL","65.1056","QK","","65.1056","3300","","MAP","","598062.0","128347.0","BODYS NO.3","HKJ6","","","","","","","","","","","110181802","2022-11-11","","NRAIL","","","","","Rev Goods","",""
"110181803","APL","65.1276","QK","","65.1276","3300","","MAP","","598182.0","128181.0","BODYS NO.4","HKJ6","","","","","","","","","","","110181803","2022-11-11","","NRAIL","","","","","Rev Goods","",""
"110181825","APL","65.1628","QK","","65.1628","3300","","MAP","","598383.0","127944.0","SNARGATE","HKJ6","","","","","","","","","","","110181825","2022-11-11","","NRAIL","","","","","Rev Goods","",""
"110181828","APL","66.022","QK","","66.022","3300","","MAP","","598616.0","127713.0","WELSTEADS","HKJ6","","","","","","","","","","","110181828","2022-11-11","","NRAIL","","","","","Rev Goods","",""
"110181813","APL","66.066","QK","","66.066","3300","","MAP","","598897.0","127448.0","GROVE LANE","HKJ6","","","","","","","","","","","110181813","2022-11-11","","NRAIL","","","","","Rev Goods","",""
"110181523","APL","66.11","QK","","66.11","1100","","MAP","","599170.0","127171.0","BOWDELL","HKJ6","","","","","","","","","","","110181523","2022-11-11","","NRAIL","","","","","Up Main/Fast","",""
"110181683","APL","66.11","QK","","66.11","2100","","MAP","","599170.0","127171.0","BOWDELL","HKJ6","","","","","","","","","","","110181683","2022-11-11","","NRAIL","","","","","Down Main/Fast","",""
"110181816","APL","66.1562","QK","","66.1562","3300","","MAP","","599415.0","126816.0","KING STREET","HKJ6","","","","","","","","","","","110181816","2022-11-11","","NRAIL","","","","","Rev Goods","",""
"110181814","APL","67.0286","QK","","67.0286","3300","","MAP","","599670.0","126446.0","HOBBS","HKJ6","","","","","","","","","","","110181814","2022-11-11","","NRAIL","","","","","Rev Goods","",""
"110181804","APL","67.044","QK","","67.044","3300","","MAP","","599767.0","126342.0","BROOKLAND","HKJ6","","","","","","","","","","","110181804","2022-11-11","","NRAIL","","","","","Rev Goods","",""
"110181799","APL","67.099","QK","","67.099","3300","","MAP","","600072.0","125934.0","BOARMANS","HKJ6","","","","","","","","","","","110181799","2022-11-11","","NRAIL","","","","","Rev Goods","",""
"110181827","APL","67.1298","QK","","67.1298","3300","","MAP","","600242.0","125705.0","TILLERY","HKJ6","","","","","","","","","","","110181827","2022-11-11","","NRAIL","","","","","Rev Goods","",""
"110181808","APL","67.1562","QK","","67.1562","3300","","MAP","","600378.0","125520.0","FIELDERS","HKJ6","","","","","","","","","","","110181808","2022-11-11","","NRAIL","","","","","Rev Goods","",""
"110181820","APL","68.033","QK","","68.033","3300","","MAP","","600673.0","125132.0","MOUNTAIN","HKJ6","","","","","","","","","","","110181820","2022-11-11","","NRAIL","","","","","Rev Goods","",""
"110181822","APL","68.0792","QK","","68.0792","3300","","MAP","","600972.0","124838.0","PAINES NO.2","HKJ6","","","","","","","","","","","110181822","2022-11-11","","NRAIL","","","","","Rev Goods","",""
"110181823","APL","68.1012","QK","","68.1012","3300","","MAP","","601126.0","124712.0","PAINES NO.3","HKJ6","","","","","","","","","","","110181823","2022-11-11","","NRAIL","","","","","Rev Goods","",""
"110181807","APL","68.1496","QK","","68.1496","3300","","MAP","","601473.0","124429.0","COLDHARBOUR","HKJ6","","","","","","","","","","","110181807","2022-11-11","","NRAIL","","","","","Rev Goods","",""
"110181815","APL","69.011","QK","","69.011","3300","","MAP","","601740.0","124211.0","HUGHES","HKJ6","","","","","","","","","","","110181815","2022-11-11","","NRAIL","","","","","Rev Goods","",""
"110181824","APL","69.0792","QK","","69.0792","3300","","MAP","","602231.0","123809.0","PIPERS NO. 2","HKJ6","","","","","","","","","","","110181824","2022-11-11","","NRAIL","","","","","Rev Goods","",""
"110181819","APL","69.1012","QK","","69.1012","3300","","MAP","","602388.0","123680.0","MIDLEY","HKJ6","","","","","","","","","","","110181819","2022-11-11","","NRAIL","","","","","Rev Goods","",""
"110181810","APL","69.1232","QK","","69.1232","3300","","MAP","","602540.0","123555.0","GILLETTS NO.1","HKJ6","","","","","","","","","","","110181810","2022-11-11","","NRAIL","","","","","Rev Goods","",""
"110181806","APL","70.0308","QK","","70.0308","3300","","MAP","","603131.0","123063.0","CHAPEL BANK","HKJ6","","","","","","","","","","","110181806","2022-11-11","","NRAIL","","","","","Rev Goods","",""
"110181811","APL","70.055","QK","","70.055","3300","","MAP","","603302.0","122922.0","GILLETTS NO.2","HKJ6","","","","","","","","","","","110181811","2022-11-11","","NRAIL","","","","","Rev Goods","",""
"110181821","APL","70.0572","QK","","70.0572","3300","","MAP","","603317.0","122910.0","PAINE","HKJ6","","","","","","","","","","","110181821","2022-11-11","","NRAIL","","","","","Rev Goods","",""
"110181826","APL","70.0858","QK","","70.0858","3300","","MAP","","603511.0","122750.0","SWAMP","HKJ6","","","","","","","","","","","110181826","2022-11-11","","NRAIL","","","","","Rev Goods","",""
"110181812","APL","70.1122","QK","","70.1122","3300","","MAP","","603698.0","122596.0","GILLETTS NO.3","HKJ6","","","","","","","","","","","110181812","2022-11-11","","NRAIL","","","","","Rev Goods","",""
"110181797","APL","70.1408","QK","","70.1408","3300","","MAP","","603901.0","122430.0","BASS","HKJ6","","","","","","","","","","","110181797","2022-11-11","","NRAIL","","","","","Rev Goods","",""
"110181805","APL","71.0044","QK","","71.0044","3300","","MAP","","604178.0","122200.0","CALDECOT","HKJ6","","","","","","","","","","","110181805","2022-11-11","","NRAIL","","","","","Rev Goods","",""
"110181818","APL","71.1122","QK","","71.1122","3300","","MAP","","604939.0","121571.0","LYDD TOWN","HKJ6","","","","","","","","","","","110181818","2022-11-11","","NRAIL","","","","","Rev Goods","",""
"110181817","APL","72.0616","QK","","72.0616","3300","","MAP","","604583.0","121864.0","LYDD FOOTPATH","HKJ6","","","","","","","","","","","110181817","2022-11-11","","NRAIL","","","","","Rev Goods","",""
"110181798","APL","72.088","QK","","72.088","3300","","MAP","","606037.0","120702.0","BLACKLOCKS","HKJ6","","","","","","","","","","","110181798","2022-11-11","","NRAIL","","","","","Rev Goods","",""
"110181809","APL","73.0286","QK","","73.0286","3300","","MAP","","606861.0","120054.0","FOLKESTONE WATER WORKS ","HKJ6","","","","","","","","","","","110181809","2022-11-11","","NRAIL","","","","","Rev Goods","",""
"70201706","ATH","56.0352","QK","","56.0352","3400","","MAP","","601282.0","142094.0","Ashford","HKJ6","","","","","","","","","","","70201706","2008-09-08","","BBRM","","","","","Rev Single","Risk Rating 10, Hazard Rating 2,Score 20, 4 Steps Up",""
"70201392","ATH","56.0437","QK","","56.0437","3400","","MAP","","601342.0","142044.0","Ashford","HKJ6","","","","","","","","","","","70201392","2008-09-08","","BBRM","","","","","Rev Single","Risk Rating 10, Hazard Rating 2,Score 20, 19 Steps Up",""
"70201442","ATH","56.0551","QK","","56.0551","1806","","MAP","","601420.0","141976.0","Ashford-Back of Old Signalbox","HKJ6","","","","","","","","","","","70201442","2008-09-08","","BBRM","","","","","","Risk Rating 10, Hazard Rating 2,Score 20, 11 Steps Up",""
"110181525","ATH","56.1694","QK","","56.1694","1100","","MAP","","601552.0","140947.0","ASHFORD UDC1","HKJ6","","","","","","","","","","","110181525","2022-11-11","","NRAIL","","","","","Up Main/Fast","",""
"110181685","ATH","56.1694","QK","","56.1694","2100","","MAP","","601552.0","140947.0","ASHFORD UDC1","HKJ6","","","","","","","","","","","110181685","2022-11-11","","NRAIL","","","","","Down Main/Fast","",""
"110181526","ATH","57.1276","QK","","57.1276","1100","","MAP","","601642.0","139724.0","EAST STOUR","HKJ6","","","","","","","","","","","110181526","2022-11-11","","NRAIL","","","","","Up Main/Fast","",""
"110181686","ATH","57.1276","QK","","57.1276","2100","","MAP","","601642.0","139724.0","EAST STOUR","HKJ6","","","","","","","","","","","110181686","2022-11-11","","NRAIL","","","","","Down Main/Fast","",""
"110142362","ATH","58.1012","QK","","58.1012","1100","","MAP","","601690.0","138359.0","Ashford/Brenzett Rd A2070 Bridge 1817","HKJ6","","","","","","","","","","","110142362","2008-09-08","","NRAIL","","","","","Up Main/Fast","Score 43",""
"110181533","ATH","58.1694","QK","","58.1694","1100","","MAP","","601572.0","137747.0","STEEDS LANE","HKJ6","","","","","","","","","","","110181533","2022-11-11","","NRAIL","","","","","Up Main/Fast","",""
"110181693","ATH","58.1694","QK","","58.1694","2100","","MAP","","601572.0","137747.0","STEEDS LANE","HKJ6","","","","","","","","","","","110181693","2022-11-11","","NRAIL","","","","","Down Main/Fast","",""
"110181527","ATH","59.077","QK","","59.077","1100","","MAP","","601423.0","136996.0","GOLDEN WOOD","HKJ6","","","","","","","","","","","110181527","2022-11-11","","NRAIL","","","","","Up Main/Fast","",""
"110181687","ATH","59.077","QK","","59.077","2100","","MAP","","601423.0","136996.0","GOLDEN WOOD","HKJ6","","","","","","","","","","","110181687","2022-11-11","","NRAIL","","","","","Down Main/Fast","",""
"110181529","ATH","59.154","QK","","59.154","1100","","MAP","","601285.0","136304.0","HARDINGE BRIDGE","HKJ6","","","","","","","","","","","110181529","2022-11-11","","NRAIL","","","","","Up Main/Fast","",""
"110181689","ATH","59.154","QK","","59.154","2100","","MAP","","601285.0","136304.0","HARDINGE BRIDGE","HKJ6","","","","","","","","","","","110181689","2022-11-11","","NRAIL","","","","","Down Main/Fast","",""
"70201589","ATH","60.0726","QK","","60.0726","2100","","MAP","","601063.0","135472.0","Ashford/Ham Street","HKJ6","","","","","","","","","","","70201589","2008-09-08","","BBRM","","","","","Down Main/Fast","",""
"110181532","ATH","61.077","QK","","61.077","1100","","MAP","","600258.0","134033.0","PACKING WOOD","HKJ6","","","","","","","","","","","110181532","2022-11-11","","NRAIL","","","","","Up Main/Fast","",""
"110181692","ATH","61.077","QK","","61.077","2100","","MAP","","600258.0","134033.0","PACKING WOOD","HKJ6","","","","","","","","","","","110181692","2022-11-11","","NRAIL","","","","","Down Main/Fast","",""
"110181531","ATH","62.0616","QK","","62.0616","1100","","MAP","","599506.0","132770.0","MOORES","HKJ6","","","","","","","","","","","110181531","2022-11-11","","NRAIL","","","","","Up Main/Fast","",""
"110181691","ATH","62.0616","QK","","62.0616","2100","","MAP","","599506.0","132770.0","MOORES","HKJ6","","","","","","","","","","","110181691","2022-11-11","","NRAIL","","","","","Down Main/Fast","",""
"110181534","ATH","62.132","QK","","62.132","1100","","MAP","","599073.0","132296.0","WAREHORNE","HKJ6","","","","","","","","","","","110181534","2022-11-11","","NRAIL","","","","","Up Main/Fast","",""
"110181694","ATH","62.132","QK","","62.132","2100","","MAP","","599073.0","132296.0","WAREHORNE","HKJ6","","","","","","","","","","","110181694","2022-11-11","","NRAIL","","","","","Down Main/Fast","",""
"110181528","ATH","62.1716","QK","","62.1716","1100","","MAP","","598815.0","132040.0","GOODMANS","HKJ6","","","","","","","","","","","110181528","2022-11-11","","NRAIL","","","","","Up Main/Fast","",""
"110181688","ATH","62.1716","QK","","62.1716","2100","","MAP","","598815.0","132040.0","GOODMANS","HKJ6","","","","","","","","","","","110181688","2022-11-11","","NRAIL","","","","","Down Main/Fast","",""
"110181530","ATH","63.1452","QK","","63.1452","1100","","MAP","","598133.0","130860.0","KENARDINGTON","HKJ6","","","","","","","","","","","110181530","2022-11-11","","NRAIL","","","","","Up Main/Fast","",""
"110181690","ATH","63.1452","QK","","63.1452","2100","","MAP","","598133.0","130860.0","KENARDINGTON","HKJ6","","","","","","","","","","","110181690","2022-11-11","","NRAIL","","","","","Down Main/Fast","",""
"110183433","ATH","63.1606","QK","","63.1606","2100","","MAP","","598120.0","130868.0","KENARDINGTON LEVEL CROSSING","HKJ6","","","","","","","","","","","110183433","2023-10-31","","NRAIL","","","","","Down Main/Fast","AUTHORISED ACCESS POINT-PEDESTRIAN",""
"110183432","ATH","63.1606","QK","","63.1606","1100","","MAP","","598120.0","130868.0","KENARDINGTON LEVEL CROSSING","HKJ6","","","","","","","","","","","110183432","2023-10-31","","NRAIL","","","","","Up Main/Fast","AUTHPROSED ACCESS POINT-PEDESTRIAN",""
"110181524","ATH","64.099","QK","","64.099","1100","","MAP","","597597.0","129800.0","APPLEDORE","HKJ6","","","","","","","","","","","110181524","2022-11-11","","NRAIL","","","","","Up Main/Fast","",""
"110181684","ATH","64.099","QK","","64.099","2100","","MAP","","597597.0","129800.0","APPLEDORE","HKJ6","","","","","","","","","","","110181684","2022-11-11","","NRAIL","","","","","Down Main/Fast","",""
"70201680","ATH","64.1027","QK","","64.1027","2100","","MAP","","597583.0","129770.0","Appledore","HKJ6","","","","","","","","","","","70201680","2008-09-08","","BBRM","","","","","Down Main/Fast","",""
"110181847","ATH","64.154","QK","","64.154","3400","","MAP","","597372.0","129349.0","WILSON","HKJ6","","","","","","","","","","","110181847","2022-11-11","","NRAIL","","","","","Rev Single","",""
"110181838","ATH","65.0242","QK","","65.0242","3400","","MAP","","597181.0","128972.0","FLEET","HKJ6","","","","","","","","","","","110181838","2022-11-11","","NRAIL","","","","","Rev Single","",""
"110181833","ATH","65.0506","QK","","65.0506","3400","","MAP","","597073.0","128757.0","BODYS","HKJ6","","","","","","","","","","","110181833","2022-11-11","","NRAIL","","","","","Rev Single","",""
"110181845","ATH","65.0792","QK","","65.0792","3400","","MAP","","596595.0","128523.0","WATERHOUSE","HKJ6","","","","","","","","","","","110181845","2022-11-11","","NRAIL","","","","","Rev Single","",""
"110181834","ATH","65.1672","QK","","65.1672","3400","","MAP","","596592.0","127805.0","CATS TAIL","HKJ6","","","","","","","","","","","110181834","2022-11-11","","NRAIL","","","","","Rev Single","",""
"110181844","ATH","66.044","QK","","66.044","3400","","MAP","","596374.0","127374.0","SWALLOW TAIL BRIDGE","HKJ6","","","","","","","","","","","110181844","2022-11-11","","NRAIL","","","","","Rev Single","",""
"110183434","ATH","66.1034","QK","","66.1034","2100","","MAP","","","","BECKETTS LEVEL CROSSING","HKJ6","","","","","","","","","","","110183434","2023-05-31","","NRAIL","","","","","Down Main/Fast","AUTHORISED ACCESS POINT-PEDESTRIAN",""
"110181831","ATH","66.1034","QK","","66.1034","3400","","MAP","","596130.0","126889.0","BECKETTS","HKJ6","","","","","","","","","","","110181831","2022-11-11","","NRAIL","","","","","Rev Single","",""
"110181832","ATH","67.0154","QK","","67.0154","3400","","MAP","","595768.0","126170.0","BECKETTS FOOTPATH","HKJ6","","","","","","","","","","","110181832","2022-11-11","","NRAIL","","","","","Rev Single","",""
"110181846","ATH","67.1342","QK","","67.1342","3400","","MAP","","595284.0","125198.0","WILLOW HOUSE","HKJ6","","","","","","","","","","","110181846","2022-11-11","","NRAIL","","","","","Rev Single","",""
"110181830","ATH","68.1694","QK","","68.1694","3400","","MAP","","594530.0","123418.0","BARTS","HKJ6","","","","","","","","","","","110181830","2022-11-11","","NRAIL","","","","","Rev Single","",""
"110181836","ATH","69.0638","QK","","69.0638","3400","","MAP","","594248.0","122840.0","DARTNALL","HKJ6","","","","","","","","","","","110181836","2022-11-11","","NRAIL","","","","","Rev Single","",""
"110181829","ATH","69.0726","QK","","69.0726","3400","","MAP","","594205.0","122772.0","BAKERS","HKJ6","","","","","","","","","","","110181829","2022-11-11","","NRAIL","","","","","Rev Single","",""
"110183435","ATH","69.0858","QK","","69.0858","3400","","MAP","","594194.0","122726.0","STAR CROSSING - APPLEDORE-RYE","HKJ6","","","","","","","","","","","110183435","2023-10-31","","NRAIL","","","","","Rev Single","AUTHORISED ACCESS POINT - PEDESTRIAN",""
"110181843","ATH","69.088","QK","","69.088","3400","","MAP","","594128.0","122654.0","STAR","HKJ6","","","","","","","","","","","110181843","2022-11-11","","NRAIL","","","","","Rev Single","",""
"110181841","ATH","69.1166","QK","","69.1166","3400","","MAP","","593988.0","122433.0","PLAYDEN","HKJ6","","","","","","","","","","","110181841","2022-11-11","","NRAIL","","","","","Rev Single","",""
"110181840","ATH","69.1716","QK","","69.1716","3400","","MAP","","593721.0","122008.0","PEAR TREE","HKJ6","","","","","","","","","","","110181840","2022-11-11","","NRAIL","","","","","Rev Single","",""
"110181837","ATH","70.0418","QK","","70.0418","3400","","MAP","","593481.0","121660.0","EAST GULDEFORD","HKJ6","","","","","","","","","","","110181837","2022-11-11","","NRAIL","","","","","Rev Single","",""
"110181835","ATH","70.0858","QK","","70.0858","3400","","MAP","","593201.0","121372.0","COOKES","HKJ6","","","","","","","","","","","110181835","2022-11-11","","NRAIL","","","","","Rev Single","",""
"110181839","ATH","71.011","QK","","71.011","3400","","MAP","","592413.0","120891.0","MIDDLE SALTS","HKJ6","","","","","","","","","","","110181839","2022-11-11","","NRAIL","","","","","Rev Single","",""
"110181842","ATH","71.0528","QK","","71.0528","3400","","MAP","","592081.0","120703.0","RYE - GROVE ROAD","HKJ6","","","","","","","","","","","110181842","2022-11-11","","NRAIL","","","","","Rev Single","",""
"110155900","ATH","71.0528","QK","","71.0528","2100","","MAP","","592081.0","120703.0","GROVE RD CROSSING RYE DN SIDE","HKJ6","","","","","","","","","","","110155900","2016-06-02","","NRAIL","","","","","Down Main/Fast","","TQ 92081 20703"
"110155901","ATH","71.0528","QK","","71.0528","1100","","MAP","","592081.0","120703.0","GROVE RD CROSSING RYE UP SIDE","HKJ6","","","","","","","","","","","110155901","2016-06-02","","NRAIL","","","","","Up Main/Fast","","TQ 92081 20703"
"110183436","ATH","71.055","QK","","71.055","2100","","MAP","","592148.0","120712.0","RYE STATION CAR PARK - PEDESTRIAN","HKJ6","","","","","","","","","","","110183436","2023-10-31","","NRAIL","","","","","Down Main/Fast","AUTHORISED ACCESS POINT - PEDESTRIAN",""
"110155902","ATH","71.055","QK","","71.055","1100","","MAP","","592064.0","120692.0","RYE STATION CAR PARK","HKJ6","","","","","","","","","","","110155902","2016-06-02","","NRAIL","","","","","Up Main/Fast","","TQ 92064 20692"
"110180683","ATH","71.0968","QK","","71.0968","3400","","MAP","","591779.0","120438.0","Rye - Ferry Road","HKJ6","","","","","","","","","","","110180683","2022-10-26","","NRAIL","","","","","Rev Single","Public Highway Crossing Type CCTV",""
"110180681","ATH","71.1166","QK","","71.1166","3400","","MAP","","591658.0","120301.0","Mill Bridge No.1","HKJ5","","","","","","","","","","","110180681","2022-10-26","","NRAIL","","","","","Rev Single","Public Footpath Crossing Type FPW",""
"110180682","ATH","71.1188","QK","","71.1188","3400","","MAP","","591658.0","120301.0","Mill Bridge No.2","HKJ5","","","","","","","","","","","110180682","2022-10-26","","NRAIL","","","","","Rev Single","Public Footpath Crossing Type FPW",""
"110180672","ATH","72.0968","QK","","72.0968","3400","","MAP","","590712.0","119228.0","Cadborough Farm","HKJ5","","","","","","","","","","","110180672","2022-10-26","","NRAIL","","","","","Rev Single","Accommodation Crossing Type UWC",""
"110180685","ATH","73.0374","QK","","73.0374","3400","","MAP","","590008.0","118432.0","Winchelsea","HKJ5","","","","","","","","","","","110180685","2022-10-26","","NRAIL","","","","","Rev Single","Public Highway Crossing Type AOCLB",""
"110180678","ATH","73.1606","QK","","73.1606","3400","","MAP","","589015.0","117951.0","Mair No. 2","HKJ5","","","","","","","","","","","110180678","2022-10-26","","NRAIL","","","","","Rev Single","Accommodation Crossing Type UWCT",""
"110180673","ATH","74.077","QK","","74.077","3400","","MAP","","588176.0","117825.0","Channel Bridge","HKJ5","","","","","","","","","","","110180673","2022-10-26","","NRAIL","","","","","Rev Single","Public Footpath Crossing Type FPS",""
"110180677","ATH","74.088","QK","","74.088","3400","","MAP","","588080.0","117810.0","Jurys No. 1","HKJ5","","","","","","","","","","","110180677","2022-10-26","","NRAIL","","","","","Rev Single","Public Footpath Crossing Type FPS",""
"110180675","ATH","74.1144","QK","","74.1144","3400","","MAP","","587842.0","117774.0","Corke","HKJ5","","","","","","","","","","","110180675","2022-10-26","","NRAIL","","","","","Rev Single","Accommodation Crossing Type UWC",""
"110180679","ATH","75.0462","QK","","75.0462","3400","","MAP","","586866.0","117627.0","Merrick No.2","HKJ5","","","","","","","","","","","110180679","2022-10-26","","NRAIL","","","","","Rev Single","Accommodation Crossing Type UWCT",""
"110180680","ATH","75.0968","QK","","75.0968","3400","","MAP","","586408.0","117558.0","Merrick No.3","HKJ5","","","","","","","","","","","110180680","2022-10-26","","NRAIL","","","","","Rev Single","Accommodation Crossing Type UWCT",""
"110180684","ATH","75.1562","QK","","75.1562","3400","","MAP","","585871.0","117477.0","Snailham","HKJ5","","","","","","","","","","","110180684","2022-10-26","","NRAIL","","","","","Rev Single","Accommodation Crossing Type UWCT",""
"110180674","ATH","76.1034","QK","","76.1034","3400","","MAP","","584756.0","117309.0","Coopers","HKJ5","","","","","","","","","","","110180674","2022-10-26","","NRAIL","","","","","Rev Single","Accommodation Crossing Type UWCT",""
"70201988","ATH","77.0984","QK","","77.0984","3400","","MAP","","583541.0","116454.0","Doleham","HKJ5","","","","","","","","","","","70201988","2008-09-08","","BBRM","","","","","Rev Single","Risk Rating 4, Hazard Rating 2,Score 8, 2 Steps Down",""
"110180676","ATH","77.132","QK","","77.132","3400","","MAP","","583489.0","116164.0","Doleham","HKJ5","","","","","","","","","","","110180676","2022-10-26","","NRAIL","","","","","Rev Single","Public Footpath Crossing Type FPS",""
"70202015","ATH","78.1402","QK","","78.1402","3400","","MAP","","583825.0","114559.0","Three Oaks","HKJ5","","","","","","","","","","","70202015","2008-09-08","","BBRM","","","","","Rev Single","",""
"110179011","ATH","79.0792","QK","","79.0792","3400","","MAP","","583909.0","113497.0","ROCK LANE","HKJ5","","","","","","","","","","","110179011","2022-08-15","","NRAIL","","","","","Rev Single"," AUTHORISED ACCESS POINT  -  PEDESTRIAN",""
"70202024","ATH","79.0802","QK","","79.0802","3400","","MAP","","583932.0","113548.0","Three Oaks/Ore","HKJ5","","","","","","","","","","","70202024","2008-09-08","","BBRM","","","","","Rev Single","Risk Rating 2, Hazard Rating 2,Score 4, 8 Steps Up",""
"110146943","ATH","81.0946","QK","","81.0946","9999","","MAP","","582457.0","110681.0","ORE SUBSTATION","HKJ5","","","","","","","","","","","110146943","2022-08-05","","NRAIL","","","","","Unknown","Address:Broomgrove Rd, Ore:TN34 3TR      Details:Network Rail Gate, off Parker Road, off Hughenden Road, Ore. Through ex yard to site         TQ825107",""
"70202174","ATH","81.1506","QK","","81.1506","2100","","MAP","","582073.0","110349.0","Ore/Hastings","HKJ5","","","","","","","","","","","70202174","2008-09-08","","BBRM","","","","","Down Main/Fast","Risk Rating 10, Hazard Rating 2,Score 20, 18 Steps Down",""
"110178113","ATH","61.1118","QK","","61.1118","2100","","MAPE","","600114.0","133748.0","HAM STREET STATION PLAT 2","HKJ6","","","","","","","","","","","110178113","2022-08-05","","NRAIL","","","","","Down Main/Fast","ACCESS POINT - PLATFORM END - GATED",""
"110178112","ATH","61.1126","QK","","61.1126","1100","","MAPE","","600081.0","133758.0","HAM STREET STATION PLAT 1","HKJ6","","","","","","","","","","","110178112","2022-08-05","","NRAIL","","","","","Up Main/Fast","ACCESS POINT - PLATFORM END - UNGATED",""
"110178114","ATH","61.1231","QK","","61.1231","1100","","MAPE","","600033.0","133675.0","HAM STREET STN:PLT 1","HKJ6","","","","","","","","","","","110178114","2022-08-04","","NRAIL","","","","","Up Main/Fast"," ",""
"110178115","ATH","61.134","QK","","61.134","2100","","MAPE","","599989.0","133586.0","HAM STREET STN:PLT 2","HKJ6","","","","","","","","","","","110178115","2022-08-04","","NRAIL","","","","","Down Main/Fast"," ",""
"110178116","ATH","64.1107","QK","","64.1107","1100","","MAPE","","597537.0","129710.0","APPLEDORE STN:PLT 1","HKJ6","","","","","","","","","","","110178116","2022-08-04","","NRAIL","","","","","Up Main/Fast"," ",""
"110178118","ATH","64.1195","QK","","64.1195","1100","","MAPE","","597498.0","129640.0","APPLEDORE STN:PLT 1","HKJ6","","","","","","","","","","","110178118","2022-08-04","","NRAIL","","","","","Up Main/Fast"," ",""
"110178117","ATH","64.1199","QK","","64.1199","2100","","MAPE","","597503.0","129633.0","APPLEDORE STN:PLT 2","HKJ6","","","","","","","","","","","110178117","2022-08-04","","NRAIL","","","","","Down Main/Fast"," ",""
"110178119","ATH","64.1294","QK","","64.1294","2100","","MAPE","","597465.0","129554.0","APPLEDORE STN:PLT 2","HKJ6","","","","","","","","","","","110178119","2022-08-04","","NRAIL","","","","","Down Main/Fast"," ",""
"110178122","ATH","71.0685","QK","","71.0685","2100","","MAPE","","591976.0","120605.0","RYE STN:PLT 2","HKJ6","","","","","","","","","","","110178122","2022-08-04","","NRAIL","","","","","Down Main/Fast"," ",""
"110178120","ATH","71.0726","QK","","71.0726","1100","","MAPE","","591929.0","120603.0","RYE STN:PLT 1","HKJ6","","","","","","","","","","","110178120","2022-08-04","","NRAIL","","","","","Up Main/Fast"," ",""
"110178123","ATH","71.0772","QK","","71.0772","2100","","MAPE","","591915.0","120554.0","RYE STN:PLT 2","HKJ6","","","","","","","","","","","110178123","2022-08-04","","NRAIL","","","","","Down Main/Fast"," ",""
"110178121","ATH","71.0832","QK","","71.0832","1100","","MAPE","","591863.0","120531.0","RYE STN:PLT 1","HKJ6","","","","","","","","","","","110178121","2022-08-04","","NRAIL","","","","","Up Main/Fast"," ",""
"110176650","ATH","73.0473","QK","","73.0473","3400","","MAPE","","589944.0","118368.0","WINCHELSEA","HKJ5","","","","","","","","","","","110176650","2022-08-05","","NRAIL","","","","","Rev Single","WINCHELSEA - Ungated",""
"110176596","ATH","73.0562","QK","","73.0562","3400","","MAPE","","589882.0","118315.0","WINCHELSEA","HKJ5","","","","","","","","","","","110176596","2022-08-05","","NRAIL","","","","","Rev Single","WINCHELSEA - Ungated",""
"110176542","ATH","77.1013","QK","","77.1013","3400","","MAPE","","583531.0","116429.0","DOLEHAM STATION PLAT 1","HKJ5","","","","","","","","","","","110176542","2022-08-05","","NRAIL","","","","","Rev Single","DOLEHAM STATION PLAT 1 - Ungated",""
"110176612","ATH","77.1052","QK","","77.1052","3400","","MAPE","","583519.0","116396.0","DOLEHAM STATION PLAT 1","HKJ5","","","","","","","","","","","110176612","2022-08-05","","NRAIL","","","","","Rev Single","DOLEHAM STATION PLAT 1 - Ungated",""
"110176583","ATH","78.1403","QK","","78.1403","3400","","MAPE","","583825.0","114559.0","THREE OAKS STATION PLAT 1","HKJ5","","","","","","","","","","","110176583","2022-08-05","","NRAIL","","","","","Rev Single","THREE OAKS STATION PLAT 1 - Ungated",""
"110176659","ATH","78.1534","QK","","78.1534","3400","","MAPE","","583889.0","114456.0","THREE OAKS STATION PLAT 1","HKJ5","","","","","","","","","","","110176659","2022-08-05","","NRAIL","","","","","Rev Single","THREE OAKS STATION PLAT 1 - Ungated",""
"110176635","ATH","81.0812","QK","","81.0812","1100","","MAPE","","582566.0","110738.0","ORE STATION PLAT 1","HKJ5","","","","","","","","","","","110176635","2022-08-05","","NRAIL","","","","","Up Main/Fast","ORE STATION PLAT 1 - Ungated",""
"110176636","ATH","81.0816","QK","","81.0816","2100","","MAPE","","582566.0","110738.0","ORE STATION PLAT 2","HKJ5","","","","","","","","","","","110176636","2022-08-05","","NRAIL","","","","","Down Main/Fast","ORE STATION PLAT 2 - Ungated",""
"110176567","ATH","81.0926","QK","","81.0926","1100","","MAPE","","582473.0","110690.0","ORE STATION PLAT 1","HKJ5","","","","","","","","","","","110176567","2022-08-05","","NRAIL","","","","","Up Main/Fast","ORE STATION PLAT 1 - Ungated",""
"110176568","ATH","81.0932","QK","","81.0932","2100","","MAPE","","582468.0","110687.0","ORE STATION PLAT 2","HKJ5","","","","","","","","","","","110176568","2022-08-05","","NRAIL","","","","","Down Main/Fast","ORE STATION PLAT 2 - Ungated",""
"110176890","ATH","82.0575","QK","","82.0575","3102","","MAPE","","581585.0","109769.0","HASTINGS STATION PLAT 2","HKJ5","","","","","","","","","","","110176890","2022-08-05","","NRAIL","","","","","","HASTINGS STATION PLAT 2 - Ungated",""
"110176624","ATH","82.058","QK","","82.058","3601","","MAPE","","581895.0","110127.0","HASTINGS STATION PLAT 1","HKJ5","","","","","","","","","","","110176624","2022-08-05","","NRAIL","","","","","","HASTINGS STATION PLAT 1 - Ungated",""
"110176891","ATH","82.0591","QK","","82.0591","3103","","MAPE","","581573.0","109761.0","HASTINGS STATION PLAT 3","HKJ5","","","","","","","","","","","110176891","2022-08-05","","NRAIL","","","","","","HASTINGS STATION PLAT 3 - Ungated",""
"110176892","ATH","82.0591","QK","","82.0591","3504","","MAPE","","581573.0","109761.0","HASTINGS STATION PLAT 4","HKJ5","","","","","","","","","","","110176892","2022-08-05","","NRAIL","","","","","","HASTINGS STATION PLAT 4 - Ungated",""
"110183521","ATH","56.0722","QK","","56.0722","2100","","MAR","","601485.0","141757.0","ASHFORD CED - RRV ACCESS","HKJ6","","","","","","","","","","","110183521","2023-10-31","","NRAIL","","","","","Down Main/Fast","AUTHORISED ACCESS POINT - ROAD/RAIL VEH",""
"110142216","ATH","81.0858","QK","","81.0858","1100","","MAR","","582529.0","110719.0","Ore Siding RRV","HKJ5","","","","","","","","","","","110142216","2008-09-08","","NRAIL","","","","","Up Main/Fast","Staff who have occasion to use this access point please note: 1>Locked access to the former sidings is shared with the land owner and comprises a chain and two padlocks - one for landpwner and an abloy for NR. The gates should be secured with access from either padlock possible at all times. 2>Reptile exclusion fencing installed across the former sidings is to be left intact. Access to substation building can be gained by simply lowering the required section for the duration of the works.",""
"70202254","ATH","82.0439","QK","","82.0439","2901","","MAR","","581666.0","109848.0","Hastings Down Sidings","HKJ5","","","","","","","","","","","70202254","2008-10-20","","BBRM","","","","","","Risk Rating 6, Hazard Rating 2,Score 12",""
"70201488","ATH","56.0722","QK","","56.0722","2100","","MAV","","601484.0","141834.0","Ashford","HKJ6","","","","","","","","","","","70201488","2017-09-28","","BBRM","","","","","Down Main/Fast","Risk Rating 3, Hazard Rating 2,Score 6",""
"110183497","ATH","70.0418","QK","","70.0418","3400","","MAV","","593473.0","121675.0","EAST GUILDFORD CROSSING VEHICULAR","HKJ6","","","","","","","","","","","110183497","2023-10-31","","NRAIL","","","","","Rev Single","AUTHORISED ACCESS POINT - VEHICLE",""
"70201775","ATH","70.0426","QK","","70.0426","3400","","MAV","","593477.0","121655.0","Appledore/Rye","HKJ6","","","","","","","","","","","70201775","2017-09-28","","BBRM","","","","","Rev Single","Risk Rating 4, Hazard Rating 2,Score 8",""
"110179033","ATL","4.0154","QK","","4.0154","1100","","MA","","533100.0","176203.0","Grove tunnel mouth london end","HKJ5","","","","","","","","","Staff Access","","110179033","2022-08-15","","NRAIL","","","","","Up Main/Fast","No Access/Egress found in HD <Custom Access used as verified/Assessed by Site visit>",""
"110179029","ATL","4.1034","QK","","4.1034","1100","","MA","","532179.0","175773.0","Cambria road","HKJ5","","","","","","","","","Staff Access","","110179029","2022-08-15","","NRAIL","","","","","Up Main/Fast","No Access/Egress found in HD <Custom Access used as verified/Assessed by Site visit>",""
"70260065","ATL","5.1232","QK","","5.1232","1100","","MAP","","530681.0","175538.0","Shepherds Lane Jnc - Bythorn St","HKJ5","","","","","","","","","","","70260065","2008-09-08","","BBRM","","","","","Up Main/Fast","Risk Rating 6, Hazard Rating 2,Score 12",""
"110177461","ATL","6.1056","QK","","6.1056","1100","","MAP","","529455.0","176104.0","LARKHILL RISE","HKJ5","","","","","","","","","","","110177461","2023-05-31","","NRAIL","","","","","Up Main/Fast","CREATED AFTER ACCESS POINT VALIDATION DATA ANALYSIS",""
"110176505","ATL","4.042","QK","","4.042","2100","","MAPE","","533198.0","176241.0","DENMARK HILL STATION PLAT 2","HKJ5","","","","","","","","","","","110176505","2022-08-05","","NRAIL","","","","","Down Main/Fast","DENMARK HILL STATION PLAT 2 - Ungated",""
"110176467","ATL","4.0422","QK","","4.0422","1100","","MAPE","","532876.0","176110.0","DENMARK HILL STATION PLAT 1","HKJ5","","","","","","","","","","","110176467","2022-08-05","","NRAIL","","","","","Up Main/Fast","DENMARK HILL STATION PLAT 1 - Ungated",""
"110176504","ATL","4.0521","QK","","4.0521","1100","","MAPE","","532796.0","176070.0","DENMARK HILL STATION PLAT 1","HKJ5","","","","","","","","","","","110176504","2022-08-05","","NRAIL","","","","","Up Main/Fast","DENMARK HILL STATION PLAT 1 - Gated",""
"110176468","ATL","4.0594","QK","","4.0594","2100","","MAPE","","532736.0","176040.0","DENMARK HILL STATION PLAT 2","HKJ5","","","","","","","","","","","110176468","2022-08-05","","NRAIL","","","","","Down Main/Fast","DENMARK HILL STATION PLAT 2 - Ungated",""
"110176463","ATL","6.0401","QK","","6.0401","1100","","MAPE","","529882.0","175668.0","CLAPHAM HIGH STREET STATION PL","HKJ5","","","","","","","","","","","110176463","2022-08-05","","NRAIL","","","","","Up Main/Fast","CLAPHAM HIGH STREET STATION PL - Ungated",""
"110176464","ATL","6.0403","QK","","6.0403","2100","","MAPE","","529882.0","175668.0","CLAPHAM HIGH STREET STATION PL","HKJ5","","","","","","","","","","","110176464","2022-08-05","","NRAIL","","","","","Down Main/Fast","CLAPHAM HIGH STREET STATION PL - Ungated",""
"110176500","ATL","6.0474","QK","","6.0474","1100","","MAPE","","529829.0","175710.0","CLAPHAM HIGH STREET STATION PL","HKJ5","","","","","","","","","","","110176500","2022-08-05","","NRAIL","","","","","Up Main/Fast","CLAPHAM HIGH STREET STATION PL - Gated",""
"110176501","ATL","6.0501","QK","","6.0501","2100","","MAPE","","529809.0","175727.0","CLAPHAM HIGH STREET STATION PL","HKJ5","","","","","","","","","","","110176501","2022-08-05","","NRAIL","","","","","Down Main/Fast","CLAPHAM HIGH STREET STATION PL - Gated",""
"110176486","ATL","6.1083","QK","","6.1083","2100","","MAPE","","529442.0","176124.0","WANDSWORTH ROAD STATION PLAT 2","HKJ5","","","","","","","","","","","110176486","2022-08-05","","NRAIL","","","","","Down Main/Fast","WANDSWORTH ROAD STATION PLAT 2 - Ungated",""
"110176523","ATL","6.1191","QK","","6.1191","1100","","MAPE","","529390.0","176205.0","WANDSWORTH ROAD STATION PLAT 1","HKJ5","","","","","","","","","","","110176523","2022-08-05","","NRAIL","","","","","Up Main/Fast","WANDSWORTH ROAD STATION PLAT 1 - Ungated",""
"110176524","ATL","6.1215","QK","","6.1215","2100","","MAPE","","529378.0","176223.0","WANDSWORTH ROAD STATION PLAT 2","HKJ5","","","","","","","","","","","110176524","2022-08-05","","NRAIL","","","","","Down Main/Fast","WANDSWORTH ROAD STATION PLAT 2 - Ungated",""
"70260064","ATL","3.123","QK","","3.123","1100","","MAV","","533806.0","176200.0","LINWOOD CLOSE","HKJ5","","","","","","","","","","","70260064","2022-08-09","","BBRM","","","","","Up Main/Fast","Risk Rating 3, Hazard Rating 2,Score 6",""
"110177460","ATL","5.1672","QK","","5.1672","1100","","MAV","","530280.0","175481.0","BYTHORNE STREET","HKJ5","","","","","","","","","","","110177460","2023-05-31","","NRAIL","","","","","Up Main/Fast","CREATED AFTER ACCESS POINT VALIDATION DATA ANALYSIS",""
"70108945","BBJ","10.044","QK","","10.044","2100","","MAP","","534998.0","168766.0","Crystal Palace/Birkbeck-Warwick Road","HKJ5","","","","","","","","","AC","","70108945","2022-04-21","","NRAIL","","","","","Down Main/Fast","Risk Rating 6, Hazard Rating 2,Score 12",""
"110176458","BBJ","10.0489","QK","","10.0489","3400","","MAPE","","535254.0","168924.0","BIRKBECK STATION [SINGLE PLATF","HKJ5","","","","","","","","","","","110176458","2022-08-05","","NRAIL","","","","","Rev Single","BIRKBECK STATION [SINGLE PLATF - Ungated",""
"110176495","BBJ","10.0653","QK","","10.0653","3400","","MAPE","","535370.0","169019.0","BIRKBECK STATION [SINGLE PLATF","HKJ5","","","","","","","","","","","110176495","2022-08-05","","NRAIL","","","","","Rev Single","BIRKBECK STATION [SINGLE PLATF - Ungated",""
"110164870","BEX","7.0414","QK","","7.0414","1100","","MA","","539995.0","176122.0","KIDBROOKE TUNNEL NORTH:2046","HKJ4","","","","","","","","","","","110164870","2022-08-09","","","","","","","Up Main/Fast"," ",""
"70260069","BEX","11.0527","QK","","11.0527","1100","","MA","","546377.0","176087.0","WELLING STATION:2048","HKJ4","","","","","","","","","","","70260069","2022-08-09","","BBRM","","","","","Up Main/Fast","Risk Rating 6, Hazard Rating 2,Score 12",""
"70210556","BEX","5.1207","QK","","5.1207","2100","","MAP","","537657.0","176209.0","ELVERSON ROAD","HKJ4","","","","","","","","","","","70210556","2022-08-09","","NRAIL","","","","","Down Main/Fast","Risk Rating 10, Hazard Rating 2,Score 20, 18 Steps Up","TQ 37657 76209"
"110142363","BEX","5.143","QK","","5.143","2100","","MAP","","537786.0","176111.0","Leathwell Road","HKJ4","","","","","","","","","","","110142363","2018-08-03","","NRAIL","","","","","Down Main/Fast","Score 66",""
"110164886","BEX","6.0088","QK","","6.0088","2100","","MAP","","538124.0","175937.0","LEWISHAM ECRO","HKJ4","","","","","","","","","","","110164886","2023-05-31","","","","","","","Down Main/Fast"," ",""
"70260067","BEX","7.0357","QK","","7.0357","1100","","MAP","","539951.0","176094.0","POND ROAD","HKJ4","","","","","","","","","","","70260067","2022-08-09","","BBRM","","","","","Up Main/Fast","Risk Rating 6, Hazard Rating 2,Score 12","TQ 39951 76094"
"70260068","BEX","10.1694","QK","","10.1694","2100","","MAP","","545528.0","175790.0","MONTROSE AVENUE","HKJ4","","","","","","","","","","","70260068","2022-08-09","","BBRM","","","","","Down Main/Fast","Risk Rating 6, Hazard Rating 2,Score 12",""
"110142366","BEX","12.0001","QK","","12.0001","1100","","MAP","","547117.0","176010.0","Clifton Road - Welling","HKJ4","","","","","","","","","","","110142366","2018-08-02","","NRAIL","","","","","Up Main/Fast","Score 5","TQ 47117 76010"
"110142367","BEX","12.0517","QK","","12.0517","1100","","MAP","","547590.0","176013.0","Gipsy Road - Welling","HKJ4","","","","","","","","","","","110142367","2018-08-03","","NRAIL","","","","","Up Main/Fast","Score 55","TQ 47590 76013"
"70260070","BEX","15.0125","QK","","15.0125","1100","","MAP","","552039.0","176160.0","HOWBURY LANE BRIDGE","HKJ4","","","","","","","","","","","70260070","2022-08-09","","BBRM","","","","","Up Main/Fast","Risk Rating 6, Hazard Rating 2,Score 12","TQ 52039 76160"
"110173231","BEX","5.1735","QK","","5.1735","2100","","MAPE","","538026.0","175971.0","LEWISHAM STN PLT 4","HKJ4","","","","","","","","","","","110173231","2022-08-09","","NRAIL","","","","","Down Main/Fast"," ",""
"110173232","BEX","5.1736","QK","","5.1736","1100","","MAPE","","538027.0","175971.0","LEWISHAM STN PLT 3","HKJ4","","","","","","","","","","","110173232","2022-08-09","","NRAIL","","","","","Up Main/Fast"," ",""
"110173233","BEX","6.0249","QK","","6.0249","2100","","MAPE","","538268.0","175907.0","LEWISHAM STN PLT 4","HKJ4","","","","","","","","","","","110173233","2022-08-09","","NRAIL","","","","","Down Main/Fast"," ",""
"110173234","BEX","6.025","QK","","6.025","1100","","MAPE","","538069.0","175954.0","LEWISHAM STN PLT 3","HKJ4","","","","","","","","","","","110173234","2022-08-09","","NRAIL","","","","","Up Main/Fast"," ",""
"110173205","BEX","6.1455","QK","","6.1455","2100","","MAPE","","539364.0","175965.0","BLACKHEATH STN PLT 2","HKJ4","","","","","","","","","","","110173205","2022-08-09","","NRAIL","","","","","Down Main/Fast"," ",""
"110173235","BEX","6.1466","QK","","6.1466","1100","","MAPE","","539374.0","175967.0","BLACKHEATH STN PLT 1","HKJ4","","","","","","","","","","","110173235","2022-08-09","","NRAIL","","","","","Up Main/Fast"," ",""
"110173207","BEX","6.1744","QK","","6.1744","2100","","MAPE","","539624.0","176004.0","BLACKHEATH STN PLT 2","HKJ4","","","","","","","","","","","110173207","2022-08-09","","NRAIL","","","","","Down Main/Fast"," ",""
"110173206","BEX","6.1744","QK","","6.1744","1100","","MAPE","","539624.0","176004.0","BLACKHEATH STN PLT 1","HKJ4","","","","","","","","","","","110173206","2022-08-09","","NRAIL","","","","","Up Main/Fast"," ",""
"110173208","BEX","7.1527","QK","","7.1527","2100","","MAPE","","540893.0","175666.0","KIDBROOKE STN PLT 2","HKJ4","","","","","","","","","","","110173208","2022-08-09","","NRAIL","","","","","Down Main/Fast"," ",""
"110173236","BEX","7.1529","QK","","7.1529","1100","","MAPE","","540984.0","175665.0","KIDBROOKE STN PLT 1","HKJ4","","","","","","","","","","","110173236","2022-08-09","","NRAIL","","","","","Up Main/Fast"," ",""
"110173237","BEX","8.0031","QK","","8.0031","2100","","MAPE","","541104.0","175548.0","KIDBROOKE STN PLT 2","HKJ4","","","","","","","","","","","110173237","2022-08-09","","NRAIL","","","","","Down Main/Fast"," ",""
"110173238","BEX","8.0036","QK","","8.0036","1100","","MAPE","","541108.0","175546.0","KIDBROOKE STN PLT 1","HKJ4","","","","","","","","","","","110173238","2022-08-09","","NRAIL","","","","","Up Main/Fast"," ",""
"110173239","BEX","9.0113","QK","","9.0113","2100","","MAPE","","542608.0","174939.0","ELTHAM STN PLT 2","HKJ4","","","","","","","","","","","110173239","2022-08-09","","NRAIL","","","","","Down Main/Fast"," ",""
"110173240","BEX","9.0114","QK","","9.0114","1100","","MAPE","","542609.0","174938.0","ELTHAM STN PLT 1","HKJ4","","","","","","","","","","","110173240","2022-08-09","","NRAIL","","","","","Up Main/Fast"," ",""
"110173209","BEX","9.0396","QK","","9.0396","2100","","MAPE","","542860.0","174992.0","ELTHAM STN PLT 2","HKJ4","","","","","","","","","","","110173209","2022-08-09","","NRAIL","","","","","Down Main/Fast"," ",""
"110173210","BEX","9.0396","QK","","9.0396","1100","","MAPE","","542860.0","174992.0","ELTHAM STN PLT 1","HKJ4","","","","","","","","","","","110173210","2022-08-09","","NRAIL","","","","","Up Main/Fast"," ",""
"110173305","BEX","10.0433","QK","","10.0433","2100","","MAPE","","544446.0","175386.0","FALCONWOOD STN PLT 2","HKJ4","","","","","","","","","","","110173305","2022-08-09","","NRAIL","","","","","Down Main/Fast"," ",""
"110173306","BEX","10.0434","QK","","10.0434","1100","","MAPE","","544447.0","175385.0","FALCONWOOD STN PLT 1","HKJ4","","","","","","","","","","","110173306","2022-08-09","","NRAIL","","","","","Up Main/Fast"," ",""
"110173308","BEX","10.0699","QK","","10.0699","2100","","MAPE","","544694.0","175447.0","FALCONWOOD STN PLT 2","HKJ4","","","","","","","","","","","110173308","2022-08-09","","NRAIL","","","","","Down Main/Fast"," ",""
"110173307","BEX","10.0699","QK","","10.0699","1100","","MAPE","","544694.0","175447.0","FALCONWOOD STN PLT 1","HKJ4","","","","","","","","","","","110173307","2022-08-09","","NRAIL","","","","","Up Main/Fast"," ",""
"110173370","BEX","11.0515","QK","","11.0515","2100","","MAPE","","545988.0","176049.0","WELLING STN PLT 2","HKJ4","","","","","","","","","","","110173370","2022-08-09","","NRAIL","","","","","Down Main/Fast"," ",""
"110173371","BEX","11.0525","QK","","11.0525","1100","","MAPE","","545997.0","176051.0","WELLING STN PLT 1","HKJ4","","","","","","","","","","","110173371","2022-08-09","","NRAIL","","","","","Up Main/Fast"," ",""
"110173310","BEX","11.0779","QK","","11.0779","2100","","MAPE","","546224.0","176096.0","WELLING STN PLT 2","HKJ4","","","","","","","","","","","110173310","2022-08-09","","NRAIL","","","","","Down Main/Fast"," ",""
"110173309","BEX","11.0786","QK","","11.0786","1100","","MAPE","","546230.0","176096.0","WELLING STN PLT 1","HKJ4","","","","","","","","","","","110173309","2022-08-09","","NRAIL","","","","","Up Main/Fast"," ",""
"110173312","BEX","12.1136","QK","","12.1136","1100","","MAPE","","548155.0","176006.0","BEXLEYHEATH STN PLT 1","HKJ4","","","","","","","","","","","110173312","2022-08-09","","NRAIL","","","","","Up Main/Fast"," ",""
"110173311","BEX","12.115","QK","","12.115","2100","","MAPE","","547209.0","176024.0","BEXLEYHEATH STN PLT 2","HKJ4","","","","","","","","","","","110173311","2022-08-09","","NRAIL","","","","","Down Main/Fast"," ",""
"110173368","BEX","12.1355","QK","","12.1355","2100","","MAPE","","548355.0","175999.0","BEXLEYHEATH STN PLT 2","HKJ4","","","","","","","","","","","110173368","2022-08-09","","NRAIL","","","","","Down Main/Fast"," ",""
"110173369","BEX","12.1414","QK","","12.1414","1100","","MAPE","","548409.0","176001.0","BEXLEYHEATH STN PLT 1","HKJ4","","","","","","","","","","","110173369","2022-08-09","","NRAIL","","","","","Up Main/Fast"," ",""
"110173313","BEX","13.1461","QK","","13.1461","2100","","MAPE","","550041.0","176217.0","BARNEHURST STN PLT 2","HKJ4","","","","","","","","","","","110173313","2022-08-09","","NRAIL","","","","","Down Main/Fast"," ",""
"110173314","BEX","13.1463","QK","","13.1463","1100","","MAPE","","550043.0","176215.0","BARNEHURST STN PLT 1","HKJ4","","","","","","","","","","","110173314","2022-08-09","","NRAIL","","","","","Up Main/Fast"," ",""
"110173315","BEX","13.1717","QK","","13.1717","2100","","MAPE","","550274.0","176209.0","BARNEHURST STN PLT 2","HKJ4","","","","","","","","","","","110173315","2022-08-09","","NRAIL","","","","","Down Main/Fast"," ",""
"110173316","BEX","13.1724","QK","","13.1724","1100","","MAPE","","550281.0","176208.0","BARNEHURST STN PLT 1","HKJ4","","","","","","","","","","","110173316","2022-08-09","","NRAIL","","","","","Up Main/Fast"," ",""
"110153291","BEX","11.0797","QK","","11.0797","2100","","MAR","","546242.0","176105.0","WELLING - RRV ACCESS","HKJ4","","","","","","","","","","","110153291","2020-12-09","","NRAIL","","","","","Down Main/Fast"," ","TQ 46242 76105"
"110142364","BEX","6.1463","QK","","6.1463","2100","","MAV","","539370.0","175972.0","Blackheath Station","HKJ4","","","","","","","","","","","110142364","2020-09-21","","NRAIL","","","","","Down Main/Fast","Score 8","TQ 39370 75972"
"110146817","BEX","9.0044","QK","","9.0044","1100","","MAV","","542333.0","174838.0","Eltham Well Hall substation","HKJ4","","","","","","","","","","","110146817","2020-12-09","","NRAIL","","","","","Up Main/Fast","Address:Rochester Way, Eltham:SE9 6ER Details: off Pullman Place, Eltham, @ 8m 70c. OS grid ref TQ424 749","TQ 42333 74838"
"110142365","BEX","9.0778","QK","","9.0778","1100","","MAV","","543205.0","175051.0","Glenesk Road","HKJ4","","","","","","","","","","","110142365","2020-09-21","","NRAIL","","","","","Up Main/Fast","Score 8","TQ 43205 75051"
"110146816","BEX","12.0654","QK","","12.0654","1100","","MAV","","547715.0","175987.0","Bexleyheath substation","HKJ4","","","","","","","","","","","110146816","2020-12-09","","NRAIL","","","","","Up Main/Fast","Address:Station Rd, Bexleyheath:DA7 4AB Details: Fox Hollow Drive then through new gates to site. OS grid ref TQ484 760","TQ 47715 75987"
"110146819","BEX","13.1606","QK","","13.1606","1100","","MAV","","550174.0","176214.0","Barnehurst TP Hut","HKJ4","","","","","","","","","","","110146819","2022-08-09","","NRAIL","","","","","Up Main/Fast","Address:Merewood Rd, Barnehurst:DA7 6PP Details: Barnhurst Station, then along up side platform to Network Rail Gate @ 13m 71c and site. OS grid ref TQ502 763.",""
"110181539","BME2","82.0748","QK","","82.0748","1100","","MAP","","631710.0","163418.0","CRICKET","HKJ6","","","","","","","","","","","110181539","2022-11-11","","NRAIL","","","","","Up Main/Fast","",""
"110181699","BME2","82.0748","QK","","82.0748","2100","","MAP","","631710.0","163418.0","CRICKET","HKJ6","","","","","","","","","","","110181699","2022-11-11","","NRAIL","","","","","Down Main/Fast","",""
"110147077","BME2","83.1298","QK","","83.1298","9999","","MAP","","632744.0","161585.0","RICHBOROUGH TPH SANDWICH TP HUT","HKJ6","","","","","","","","","","","110147077","2023-10-31","","NRAIL","","","","","Unknown","Address:Ramsgate Rd, Minster:CT13 9ST Details: Richborough Castle Crossing, @ 84m 48c then along cess to site. ",""
"110181545","BME2","84.1056","QK","","84.1056","1100","","MAP","","632579.0","160240.0","RICHBOROUGH CASTLE","HKJ6","","","","","","","","","","","110181545","2022-11-11","","NRAIL","","","","","Up Main/Fast","",""
"110181705","BME2","84.1056","QK","","84.1056","2100","","MAP","","632579.0","160240.0","RICHBOROUGH CASTLE","HKJ6","","","","","","","","","","","110181705","2022-11-11","","NRAIL","","","","","Down Main/Fast","",""
"110181543","BME2","85.0154","QK","","85.0154","1100","","MAP","","632167.0","159577.0","LONG SALTS","HKJ6","","","","","","","","","","","110181543","2022-11-11","","NRAIL","","","","","Up Main/Fast","",""
"110181703","BME2","85.0154","QK","","85.0154","2100","","MAP","","632167.0","159577.0","LONG SALTS","HKJ6","","","","","","","","","","","110181703","2022-11-11","","NRAIL","","","","","Down Main/Fast","",""
"70130413","BME2","85.0507","QK","","85.0507","2100","","MAP","","632138.0","159258.0","Richborough AHB","HKJ6","","","","","","","","","","","70130413","2008-09-08","","BBRM","","","","","Down Main/Fast","Risk Rating 2, Hazard Rating 2,Score 4",""
"70260071","BME2","85.0507","QK","","85.0507","1100","","MAP","","632138.0","159258.0","Richborough AHB","HKJ6","","","","","","","","","","","70260071","2008-09-08","","BBRM","","","","","Up Main/Fast","Risk Rating 2, Hazard Rating 2,Score 4",""
"110181546","BME2","85.0528","QK","","85.0528","1100","","MAP","","632140.0","159239.0","RICHBOROUGH","HKJ6","","","","","","","","","","","110181546","2022-11-11","","NRAIL","","","","","Up Main/Fast","",""
"110181706","BME2","85.0528","QK","","85.0528","2100","","MAP","","632140.0","159239.0","RICHBOROUGH","HKJ6","","","","","","","","","","","110181706","2022-11-11","","NRAIL","","","","","Down Main/Fast","",""
"110147078","BME2","85.093","QK","","85.093","9999","","MAP","","632246.0","158874.0","SANDWICH SUBSTATION","HKJ6","","","","","","","","","","","110147078","2023-10-31","","NRAIL","","","","","Unknown","Address:Richborough Rd, Sandwich:CT13 9JG Details: Off Richborough Level Crosssing <AHB>, @ 85m 24c then along cess to site ",""
"110181535","BME2","85.132","QK","","85.132","1100","","MAP","","632391.0","158561.0","ASH ROAD","HKJ6","","","","","","","","","","","110181535","2022-11-11","","NRAIL","","","","","Up Main/Fast","",""
"110181695","BME2","85.132","QK","","85.132","2100","","MAP","","632391.0","158561.0","ASH ROAD","HKJ6","","","","","","","","","","","110181695","2022-11-11","","NRAIL","","","","","Down Main/Fast","",""
"70130414","BME2","86.025","QK","","86.025","0","","MAP","","632711.0","158021.0","Woodnesborough Crossing","HKJ6","","","","","","","","","AC","","70130414","2008-09-08","","BBRM","","","","","All/Multiple Tracks","Risk Rating 4, Hazard Rating 2,Score 8",""
"110181550","BME2","86.0264","QK","","86.0264","1100","","MAP","","632719.0","158011.0","WOODNESBOROUGH","HKJ6","","","","","","","","","","","110181550","2022-11-11","","NRAIL","","","","","Up Main/Fast","",""
"110181710","BME2","86.0264","QK","","86.0264","2100","","MAP","","632719.0","158011.0","WOODNESBOROUGH","HKJ6","","","","","","","","","","","110181710","2022-11-11","","NRAIL","","","","","Down Main/Fast","",""
"120000008","BME2","86.0264","QK","","86.0264","2100","","MAP","","632738.0","158009.0","Woodnesborough Level Xing Lighting Column","HKJ6","","","","","","","","","Access for Lighting column","","120000008","2025-02-20","","","","","","","Down Main/Fast","Woodnesborough Level Xing.
Alterations to existing fence, access gate and access walkway for new 12M high mast lighting column.",""
"70130415","BME2","86.0836","QK","","86.0836","0","","MAP","","633122.0","157681.0","Sandwich-Signalbox","HKJ6","","","","","","","","","AC","","70130415","2008-09-08","","BBRM","","","","","All/Multiple Tracks","Risk Rating 3, Hazard Rating 3,Score 9",""
"110181547","BME2","86.0836","QK","","86.0836","1100","","MAP","","633121.0","157681.0","SANDWICH","HKJ6","","","","","","","","","","","110181547","2022-11-11","","NRAIL","","","","","Up Main/Fast","",""
"110181707","BME2","86.0836","QK","","86.0836","2100","","MAP","","633121.0","157681.0","SANDWICH","HKJ6","","","","","","","","","","","110181707","2022-11-11","","NRAIL","","","","","Down Main/Fast","",""
"110183437","BME2","86.1012","QK","","86.1012","2100","","MAP","","633274.0","157621.0","POPULAR AVENUE - SANDWICH","HKJ6","","","","","","","","","","","110183437","2023-10-31","","NRAIL","","","","","Down Main/Fast","AUTHORISED ACCESS POINT - PEDESTRIAN",""
"110181549","BME2","87.0418","QK","","87.0418","1100","","MAP","","634197.0","157086.0","SIN GREEN","HKJ6","","","","","","","","","","","110181549","2022-11-11","","NRAIL","","","","","Up Main/Fast","",""
"110181709","BME2","87.0418","QK","","87.0418","2100","","MAP","","634197.0","157086.0","SIN GREEN","HKJ6","","","","","","","","","","","110181709","2022-11-11","","NRAIL","","","","","Down Main/Fast","",""
"110147079","BME2","87.0572","QK","","87.0572","9999","","MAP","","634191.0","157092.0","WORTH TPH SANDWICH TP HUT","HKJ6","","","","","","","","","","","110147079","2023-10-31","","NRAIL","","","","","Unknown","Address:Goretop Lane, Sandwich:CT13 9NX Details: Blue Pigeon Crossing, off Goretop Lane, Worth. @ 87m 46c  then along cess to site. ",""
"110181536","BME2","87.1012","QK","","87.1012","1100","","MAP","","634652.0","156793.0","BLUE PIGEONS","HKJ6","","","","","","","","","","","110181536","2022-11-11","","NRAIL","","","","","Up Main/Fast","",""
"110181696","BME2","87.1012","QK","","87.1012","2100","","MAP","","634652.0","156793.0","BLUE PIGEONS","HKJ6","","","","","","","","","","","110181696","2022-11-11","","NRAIL","","","","","Down Main/Fast","",""
"110181541","BME2","87.154","QK","","87.154","1100","","MAP","","634968.0","156431.0","GORE TOP","HKJ6","","","","","","","","","","","110181541","2022-11-11","","NRAIL","","","","","Up Main/Fast","",""
"110181701","BME2","87.154","QK","","87.154","2100","","MAP","","634968.0","156431.0","GORE TOP","HKJ6","","","","","","","","","","","110181701","2022-11-11","","NRAIL","","","","","Down Main/Fast","",""
"110181548","BME2","89.0132","QK","","89.0132","1100","","MAP","","636060.0","154837.0","SHOLDEN FOOTPATH","HKJ6","","","","","","","","","","","110181548","2022-11-11","","NRAIL","","","","","Up Main/Fast","",""
"110181708","BME2","89.0132","QK","","89.0132","2100","","MAP","","636060.0","154837.0","SHOLDEN FOOTPATH","HKJ6","","","","","","","","","","","110181708","2022-11-11","","NRAIL","","","","","Down Main/Fast","",""
"110147074","BME2","89.0144","QK","","89.0144","9999","","MAP","","636047.0","154834.0","BETTESHANGER SUBSTATION","HKJ6","","","","","","","","","","","110147074","2023-10-31","","NRAIL","","","","","Unknown","Address:Golf Rd, Deal:CT14 6RB Details: Off Northwall Level Crosssing, Deal @ 90m 09c then along cess to site",""
"110181544","BME2","90.0198","QK","","90.0198","1100","","MAP","","637000.0","153457.0","NORTH WALL","HKJ6","","","","","","","","","","","110181544","2022-11-11","","NRAIL","","","","","Up Main/Fast","",""
"110181704","BME2","90.0198","QK","","90.0198","2100","","MAP","","637000.0","153457.0","NORTH WALL","HKJ6","","","","","","","","","","","110181704","2022-11-11","","NRAIL","","","","","Down Main/Fast","",""
"70130416","BME2","90.0914","QK","","90.0914","1100","","MAP","","637318.0","152889.0","Deal-Middle Road Crossing","HKJ6","","","","","","","","","AC","","70130416","2008-09-08","","BBRM","","","","","Up Main/Fast","Risk Rating 6, Hazard Rating 2,Score 12",""
"110183438","BME2","90.0924","QK","","90.0924","1100","","MAP","","637319.0","152863.0","DEAL SIGNAL BOX","HKJ6","","","","","","","","","","","110183438","2023-10-31","","NRAIL","","","","","Up Main/Fast","AUTHORISED ACCESS POINT - PEDESTRIAN",""
"110181540","BME2","90.0946","QK","","90.0946","1100","","MAP","","637328.0","152861.0","DEAL","HKJ6","","","","","","","","","","","110181540","2022-11-11","","NRAIL","","","","","Up Main/Fast","",""
"110181700","BME2","90.0946","QK","","90.0946","2100","","MAP","","637328.0","152861.0","DEAL","HKJ6","","","","","","","","","","","110181700","2022-11-11","","NRAIL","","","","","Down Main/Fast","",""
"110142368","BME2","90.1232","QK","","90.1232","1100","","MAP","","637403.0","152613.0","Deal Sidings","HKJ6","","","","","","","","","","","110142368","2008-09-08","","NRAIL","","","","","Up Main/Fast","Score 6",""
"110147075","BME2","90.1364","QK","","90.1364","9999","","MAP","","637414.0","152522.0","DEAL TPH TP HUT","HKJ6","","","","","","","","","","","110147075","2023-10-31","","NRAIL","","","","","Unknown","Address:Mill Rd, Deal:CT14 7AJ Details: Network Rail Gate, off Down side Approach Road, Deal Station @ 90m 56c then along Dover end of down side platform, and along down cess to site.",""
"70260074","BME2","91.0132","QK","","91.0132","1100","","MAP","","637404.0","152018.0","Deal-Ravenscourt Road","HKJ6","","","","","","","","","","","70260074","2008-09-08","","BBRM","","","","","Up Main/Fast","Risk Rating 6, Hazard Rating 2,Score 12",""
"70130417","BME2","91.1178","QK","","91.1178","2100","","MAP","","637022.0","151155.0","Deal-Cornwall Road","HKJ6","","","","","","","","","AC","","70130417","2008-09-08","","BBRM","","","","","Down Main/Fast","Risk Rating 6, Hazard Rating 2,Score 12",""
"70232870","BME2","91.1233","QK","","91.1233","2100","","MAP","","636990.0","151116.0","Somerset Road","HKJ6","","","","","","","","","","","70232870","2008-09-08","","BBRM","","","","","Down Main/Fast","",""
"110179761","BME2","92.0748","QK","","92.0748","2100","","MAP","","636381.0","150086.0","Coldblow LC","HKJ6","","","","","","","","","Pedestrian","","110179761","2022-08-25","","NRAIL","","","","","Down Main/Fast","Coldblow Level Crossing, CT14 7RH at 92m 34ch",""
"110147076","BME2","92.1046","QK","","92.1046","9999","","MAP","","636105.0","149843.0","WALMER SUBSTATION","HKJ6","","","","","","","","","","","110147076","2023-10-31","","NRAIL","","","","","Unknown","Address:Coldblow, Walmer:CT14 7RH Details: Off Coldblow Level Crosssing @ 92m 34c then along cess to site",""
"110181538","BME2","92.1188","QK","","92.1188","1100","","MAP","","636079.0","149841.0","COLD BLOW.","HKJ6","","","","","","","","","","","110181538","2022-11-11","","NRAIL","","","","","Up Main/Fast","",""
"110181698","BME2","92.1188","QK","","92.1188","2100","","MAP","","636079.0","149841.0","COLD BLOW.","HKJ6","","","","","","","","","","","110181698","2022-11-11","","NRAIL","","","","","Down Main/Fast","",""
"110181537","BME2","93.0","QK","","93.0","1100","","MAP","","635800.0","149398.0","COLD BLOW FARM FOOTPATH","HKJ6","","","","","","","","","","","110181537","2022-11-11","","NRAIL","","","","","Up Main/Fast","",""
"110181697","BME2","93.0","QK","","93.0","2100","","MAP","","635800.0","149398.0","COLD BLOW FARM FOOTPATH","HKJ6","","","","","","","","","","","110181697","2022-11-11","","NRAIL","","","","","Down Main/Fast","",""
"70260075","BME2","93.0946","QK","","93.0946","1100","","MAP","","635340.0","148667.0","Ringwould-Ripple Road Bridge","HKJ6","","","","","","","","","","","70260075","2008-09-08","","BBRM","","","","","Up Main/Fast","Risk Rating 2, Hazard Rating 2,Score 4",""
"70232905","BME2","93.0955","QK","","93.0955","1100","","MAP","","635335.0","148660.0","Ripple Court","HKJ6","","","","","","","","","","","70232905","2008-09-08","","BBRM","","","","","Up Main/Fast","",""
"110181542","BME2","93.1738","QK","","93.1738","1100","","MAP","","634926.0","148073.0","HANGMAN""S LANE","HKJ6","","","","","","","","","","","110181542","2022-11-11","","NRAIL","","","","","Up Main/Fast","",""
"110181702","BME2","93.1738","QK","","93.1738","2100","","MAP","","634926.0","148073.0","HANGMAN""S LANE","HKJ6","","","","","","","","","","","110181702","2022-11-11","","NRAIL","","","","","Down Main/Fast","",""
"110147080","BME2","94.055","QK","","94.055","9999","","MAP","","634621.0","147646.0","MARTIN MILL TP HUT","HKJ6","","","","","","","","","","","110147080","2023-10-31","","NRAIL","","","","","Unknown","Address:Ringwould Rd, Martin Mill:CT15 5JS Details: Network Rail Gate, off Ringwould Road, Martin Mill. Bridge No 2001 @ 94m 38c  then along rough footpath on top of bank, and along down cess to site.",""
"110183439","BME2","94.0814","QK","","94.0814","2100","","MAP","","634521.0","147407.0","RINGWOULD ROAD","HKJ6","","","","","","","","","","","110183439","2023-10-31","","NRAIL","","","","","Down Main/Fast","AUTHORISED ACCESS POINT - PEDESTRIAN",""
"110179872","BME2","94.0836","QK","","94.0836","2100","","MAP","","634315.0","147254.0","Martin Hill Bridge No 2001","HKJ6","","","","","","","","","Pedestrian","","110179872","2022-09-08","","NRAIL","","","","","Down Main/Fast","Ringwould Road, CT5 5JS. Network Rail gate Bridge No 2001 at 94m 38ch, along rough footpath on top of bank and along the down cess",""
"70260076","BME2","94.1408","QK","","94.1408","1100","","MAP","","634333.0","146915.0","Deal/Martin Mill-Bridge 2001","HKJ6","","","","","","","","","","","70260076","2008-09-08","","BBRM","","","","","Up Main/Fast","Risk Rating 2, Hazard Rating 2,Score 4",""
"70130418","BME2","95.1128","QK","","95.1128","2100","","MAP","","633611.0","145771.0","Martin Mill-Solton Lane","HKJ6","","","","","","","","","AC","","70130418","2008-09-08","","BBRM","","","","","Down Main/Fast","Risk Rating 2, Hazard Rating 2,Score 4",""
"110147081","BME2","96.0055","QK","","96.0055","9999","","MAP","","633244.0","145247.0","GUSTON SUBSTATION","HKJ6","","","","","","","","","","","110147081","2023-10-31","","NRAIL","","","","","Unknown","Address:The Lane, Guston:CT15 5JE Details: Network Rail Gate, off Guston Bridge No 854 @ 96m 38c then along cess to site",""
"70260077","BME2","96.0858","QK","","96.0858","2100","","MAP","","632877.0","144623.0","Guston <Dover>","HKJ6","","","","","","","","","","","70260077","2008-09-08","","BBRM","","","","","Down Main/Fast","Risk Rating 2, Hazard Rating 2,Score 4",""
"70190382","BME2","97.1254","QK","","97.1254","2100","","MAP","","631662.0","142962.0","DOVER EAST TPH TP HUT","HKJ6","","","","","","","","","","","70190382","2011-05-17","","NRAIL","","","","","Down Main/Fast","Address:Danes Court, Buckland, Dover:CT16 2QQ Details: Network Rail Gate, off Roman Road, Dover. Bridge No 851 @ 97m 62c then along cess to site ~ Risk Rating 6, Hazard Rating 2,Score 12",""
"110183392","BME2","97.1364","QK","","97.1364","1100","","MAP","","631949.0","142968.0","Bridge No 851","HKJ6","","","","","","","","","","","110183392","2023-03-28","","NRAIL","","","","","Up Main/Fast","Danes Court, CT16 2QQ, Off RoMAN Road, Dover Bridge 851 @ 97m62ch",""
"70232995","BME2","98.0041","QK","","98.0041","2100","","MAP","","631320.0","142772.0","East Dover-Bridge 850","HKJ6","","","","","","","","","","","70232995","2008-09-08","","BBRM","","","","","Down Main/Fast","",""
"70233000","BME2","98.0855","QK","","98.0855","1100","","MAP","","630708.0","143148.0","Guston Bridge-854","HKJ6","","","","","","","","","","","70233000","2008-09-08","","BBRM","","","","","Up Main/Fast","",""
"70260078","BME2","98.099","QK","","98.099","2100","","MAP","","630600.0","143205.0","Martin Mill/Dover-Astley Avenue Bridge 847","HKJ6","","","","","","","","","","","70260078","2008-09-08","","BBRM","","","","","Down Main/Fast","Risk Rating 3, Hazard Rating 2,Score 6",""
"70233004","BME2","98.1059","QK","","98.1059","2100","","MAP","","630537.0","143212.0","Buckland Junction","HKJ6","","","","","","","","","","","70233004","2008-09-08","","BBRM","","","","","Down Main/Fast","",""
"70260079","BME2","98.1078","QK","","98.1078","9999","","MAP","","630520.0","143212.0","Martin Mill/Dover-Winnant Way Bridge 847","HKJ6","","","","","","","","","","","70260079","2008-09-08","","BBRM","","","","","Unknown","Risk Rating 6, Hazard Rating 2,Score 12",""
"110178579","BME2","86.0805","QK","","86.0805","1100","","MAPE","","633174.0","157645.0","SANDWICH STATION PLAT 1","HKJ6","","","","","","","","","","","110178579","2022-08-05","","NRAIL","","","","","Up Main/Fast","ACCESS POINT - PLATFORM END - GATED",""
"110178581","BME2","86.0929","QK","","86.0929","2100","","MAPE","","633192.0","157636.0","SANDWICH STATION PLAT 2","HKJ6","","","","","","","","","","","110178581","2025-02-20","","NRAIL","","","","","Down Main/Fast","ACCESS POINT - PLATFORM END - GATED",""
"110178580","BME2","86.1059","QK","","86.1059","1100","","MAPE","","633296.0","157572.0","SANDWICH STATION PLAT 1","HKJ6","","","","","","","","","","","110178580","2022-08-05","","NRAIL","","","","","Up Main/Fast","ACCESS POINT - PLATFORM END - GATED",""
"110178582","BME2","86.1086","QK","","86.1086","2100","","MAPE","","633310.0","157619.0","SANDWICH STATION PLAT 2","HKJ6","","","","","","","","","","","110178582","2022-08-05","","NRAIL","","","","","Down Main/Fast","ACCESS POINT - PLATFORM END - GATED",""
"110178469","BME2","90.1126","QK","","90.1126","2100","","MAPE","","637386.0","152709.0","DEAL STATION PLAT 2","HKJ6","","","","","","","","","","","110178469","2022-08-05","","NRAIL","","","","","Down Main/Fast","ACCESS POINT - PLATFORM END - GATED",""
"110178467","BME2","90.1136","QK","","90.1136","1100","","MAPE","","637374.0","152695.0","DEAL STATION PLAT 1","HKJ6","","","","","","","","","","","110178467","2022-08-05","","NRAIL","","","","","Up Main/Fast","ACCESS POINT - PLATFORM END - GATED",""
"110178468","BME2","90.1332","QK","","90.1332","1100","","MAPE","","637427.0","152525.0","DEAL STATION PLAT 1","HKJ6","","","","","","","","","","","110178468","2022-08-05","","NRAIL","","","","","Up Main/Fast","ACCESS POINT - PLATFORM END - GATED",""
"110178470","BME2","90.1334","QK","","90.1334","2100","","MAPE","","637415.0","152520.0","DEAL STATION PLAT 2","HKJ6","","","","","","","","","","","110178470","2022-08-05","","NRAIL","","","","","Down Main/Fast","ACCESS POINT - PLATFORM END - GATED",""
"110178625","BME2","92.0494","QK","","92.0494","1100","","MAPE","","636443.0","150363.0","WALMER STATION PLAT 1","HKJ6","","","","","","","","","","","110178625","2022-08-05","","NRAIL","","","","","Up Main/Fast","ACCESS POINT - PLATFORM END - GATED",""
"110178626","BME2","92.0494","QK","","92.0494","2100","","MAPE","","636436.0","150366.0","WALMER STATION PLAT 2","HKJ6","","","","","","","","","","","110178626","2022-08-05","","NRAIL","","","","","Down Main/Fast","ACCESS POINT - PLATFORM END - GATED",""
"110178624","BME2","92.0669","QK","","92.0669","1100","","MAPE","","636349.0","150232.0","WALMER STATION PLAT 1","HKJ6","","","","","","","","","","","110178624","2022-08-05","","NRAIL","","","","","Up Main/Fast","ACCESS POINT - PLATFORM END - GATED",""
"110178627","BME2","92.0678","QK","","92.0678","2100","","MAPE","","636315.0","150243.0","WALMER STATION PLAT 2","HKJ6","","","","","","","","","","","110178627","2022-08-05","","NRAIL","","","","","Down Main/Fast","ACCESS POINT - PLATFORM END - GATED",""
"110178541","BME2","95.0018","QK","","95.0018","2100","","MAPE","","634150.0","146630.0","MARTIN MILL STATION PLAT 2","HKJ6","","","","","","","","","","","110178541","2022-08-05","","NRAIL","","","","","Down Main/Fast","ACCESS POINT - PLATFORM END - GATED",""
"110178539","BME2","95.0019","QK","","95.0019","1100","","MAPE","","634144.0","146634.0","MARTIN MILL STATION PLAT 1","HKJ6","","","","","","","","","","","110178539","2022-08-05","","NRAIL","","","","","Up Main/Fast","ACCESS POINT - PLATFORM END - GATED",""
"110178542","BME2","95.0195","QK","","95.0195","2100","","MAPE","","634051.0","146501.0","MARTIN MILL STATION PLAT 2","HKJ6","","","","","","","","","","","110178542","2022-08-05","","NRAIL","","","","","Down Main/Fast","ACCESS POINT - PLATFORM END - GATED",""
"110178540","BME2","95.0197","QK","","95.0197","1100","","MAPE","","634057.0","146496.0","MARTIN MILL STATION PLAT 1","HKJ6","","","","","","","","","","","110178540","2022-08-05","","NRAIL","","","","","Up Main/Fast","ACCESS POINT - PLATFORM END - GATED",""
"110183538","BME2","90.1166","QK","","90.1166","2900","","MAR","","637367.0","152612.0","DEAL SIDINGS RRV","HKJ6","","","","","","","","","","","110183538","2023-10-31","","NRAIL","","","","","Down Siding","AUTHORISED ACCESS POINT - ROAD/RAIL VEH",""
"110183539","BME2","98.1078","QK","","98.1078","2100","","MAR","","630499.0","143223.0","WINNANT WAY RRV","HKJ6","","","","","","","","","","","110183539","2023-10-31","","NRAIL","","","","","Down Main/Fast","AUTHORISED ACCESS POINT - ROAD/RAIL VEH",""
"70232651","BME2","85.1317","QK","","85.1317","2100","","MAV","","632391.0","158564.0","Ash Road LX","HKJ6","","","","","","","","","","","70232651","2017-09-28","","BBRM","","","","","Down Main/Fast","",""
"70260072","BME2","85.132","QK","","85.132","2100","","MAV","","632392.0","158561.0","Richborough-Ash Road crossing","HKJ6","","","","","","","","","","","70260072","2008-09-08","","BBRM","","","","","Down Main/Fast","Risk Rating 4, Hazard Rating 2,Score 8",""
"70260073","BME2","86.1012","QK","","86.1012","2100","","MAV","","633263.0","157603.0","Sandwich-Popular Avenue","HKJ6","","","","","","","","","","","70260073","2008-09-08","","BBRM","","","","","Down Main/Fast","Risk Rating 4, Hazard Rating 2,Score 8",""
"110183505","BME2","90.1232","QK","","90.1232","2100","","MAV","","637372.0","152601.0","DEAL SIDINGS","HKJ6","","","","","","","","","","","110183505","2023-10-31","","NRAIL","","","","","Down Main/Fast","AUTHORISED ACCESS POINT - VEHICLE",""
"70217358","BMJ","0.1497","QK","","0.1497","1100","","MAP","","531783.0","180134.0","Blackfriars/Elephant & Cas-Blackfriars Dolben St","HKJ4","","","","","","","","","","","70217358","2022-08-09","","BBRM","","","","","Up Main/Fast","Risk Rating 10, Hazard Rating 2,Score 20","TQ 31783 80134"
"110142369","BMJ","0.1593","QK","","0.1593","3100","","MAP","","531893.0","180083.0","James Forbes House","HKJ4","","","","","","","","","","","110142369","2016-01-04","","NRAIL","","","","","Rev Main/Fast","Score 66","TQ 31893 80083"
"70260080","BMJ","0.1738","QK","","0.1738","2200","","MAP","","532054.0","180075.0","Ewer Street-Gambia St SE1","HKJ4","","","","","","","","","","","70260080","2022-08-09","","BBRM","","","","","Down Slow","Risk Rating 1, Hazard Rating 3,Score 3","TQ 32054 80075"
"110153292","BMJ","1.0101","QK","","1.0101","2100","","MAR","","532161.0","180093.0","EWER STREET","HKJ4","","","","","","","","","","","110153292","2021-05-26","","NRAIL","","","","","Down Main/Fast"," ","TQ 32161 80093"
"110146850","BNG","8.1589","QK","","8.1589","3400","","MAP","","540793.0","171952.0","GROVE PARK STATION L/E","HKJ4","","","","","","","","","","","110146850","2018-08-03","","NRAIL","","","","","Rev Single","Address:Amblecote Meadows, Grove Park:SE12 9TW Details: Pullman Mews. OS grid ref TQ408 720","TQ 40793 71952"
"70260081","BNG","9.1025","QK","","9.1025","2100","","MAP","","540831.0","171170.0","NEW STREET HILL","HKJ4","","","","","","","","","","","70260081","2022-08-09","","BBRM","","","","","Down Main/Fast","Risk Rating 6, Hazard Rating 2,Score 12","TQ 40831 71170"
"110173251","BNG","8.166","QK","","8.166","3400","","MAPE","","541212.0","175488.0","GROVE PARK STN PLT 1","HKJ4","","","","","","","","","","","110173251","2022-08-09","","NRAIL","","","","","Rev Single"," ",""
"110173204","BNG","9.0131","QK","","9.0131","3400","","MAPE","","542264.0","174942.0","GROVE PARK STN PLT 1","HKJ4","","","","","","","","","","","110173204","2022-08-09","","NRAIL","","","","","Rev Single"," ",""
"110173252","BNG","10.0161","QK","","10.0161","1100","","MAPE","","544214.0","175324.0","SUNDRIDGE PARK STN PLT 1","HKJ4","","","","","","","","","","","110173252","2022-08-09","","NRAIL","","","","","Up Main/Fast"," ",""
"110173253","BNG","10.0161","QK","","10.0161","2100","","MAPE","","544214.0","175324.0","SUNDRIDGE PARK STN PLT 2","HKJ4","","","","","","","","","","","110173253","2022-08-09","","NRAIL","","","","","Down Main/Fast"," ",""
"110173202","BNG","10.0391","QK","","10.0391","1100","","MAPE","","544417.0","175376.0","SUNDRIDGE PARK STN PLT 1","HKJ4","","","","","","","","","","","110173202","2022-08-09","","NRAIL","","","","","Up Main/Fast"," ",""
"110173203","BNG","10.0393","QK","","10.0393","2100","","MAPE","","544415.0","175376.0","SUNDRIDGE PARK STN PLT 2","HKJ4","","","","","","","","","","","110173203","2022-08-09","","NRAIL","","","","","Down Main/Fast"," ",""
"110173254","BNG","10.0798","QK","","10.0798","0","","MAPE","","544783.0","175470.0","BROMLEY NORTH STN PLT 1 & 2","HKJ4","","","","","","","","","","","110173254","2022-08-09","","NRAIL","","","","","All/Multiple Tracks"," ",""
"110153293","BNG","9.0377","QK","","9.0377","2100","","MAR","","540926.0","171750.0","BARING ROAD","HKJ4","","","","","","","","","","","110153293","2018-08-01","","NRAIL","","","","","Down Main/Fast"," ","TQ 40926 71750"
"110142370","BNG","9.0089","QK","","9.0089","3400","","MAV","","540800.0","171960.0","Grove Park Station","HKJ4","","","","","","","","","","","110142370","2018-08-03","","NRAIL","","","","","Rev Single","Score 15","TQ 40800 71960"
"70130350","BNG","10.074","QK","","10.074","1100","","MAV","","540502.0","169887.0","Bromley North Car Park","HKJ4","","","","","","","","","AC","","70130350","2022-08-09","","BBRM","","","","","Up Main/Fast","Risk Rating 10, Hazard Rating 2,Score 20","TQ 40502 69887"
"110179298","BSF","1.135","QK","","1.135","1100","","MA","","529275.0","176403.0","Cabbage Patch Sub station Drivers walk way","HKJ5","","","","","","","","","Track Access","","110179298","2022-08-15","","NRAIL","","","","","Up Main/Fast","Authorised Access Point",""
"70260082","BSF","1.0682","QK","","1.0682","1100","","MAP","","529082.0","176953.0","Stewarts Lane-Portslade Rd","HKJ5","","","","","","","","","","","70260082","2008-09-08","","BBRM","","","","","Up Main/Fast","Risk Rating 3, Hazard Rating 2,Score 6",""
"110179297","BSF","1.11","QK","","1.11","2802","","MAR","","529202.0","176623.0","Cabbage Patch","HKJ5","","","","","","","","","RRV Access","","110179297","2022-08-15","","NRAIL","","","","",""," AUTHORISED ACCESS POINT  -  ROAD/RAIL VEH",""
"110179299","BSP1","1.054","QK","","1.054","1802","","MA","","528990.0","177100.0","Stewarts Lane/Bradmead road","HKJ5","","","","","","","","","Staff Access","","110179299","2023-06-23","","NRAIL","","","","","","Authorised Access Point.  WHAT3WORDS///ONLINE.MASON.GRAVY.","TQ 28990 77100"
"110179955","BSP1","1.0516","QK","","1.0696","3400","","MAP","","529002.0","177102.0","6165 - BATTERSEA PIER REB","HKJ5","","","","","","","","","AC","","110179955","2023-06-23","","NRAIL","","","","","Rev Single","WHAT 3 WORDS ///DARKER.FORMS.RENT.    BATTERSEA REVERSIBLE.    ACCESS VIA PEDESTRIAN OR VEHICLE ACCESS. 7M OF CONCRETE, TURN RIGHT TARMAC/DIRT TO AN ACCESS GATE. 9.5M OF DIRT/RUBBISH FOLLOWED BY 143M YELLOW WAFFLE BOARD, 11 METAL STEPS UP TO GSMR SITE.  ACCESS IS TRACKSIDE, NO ADDITIONAL LIGHTING.","TQ 29002 77102"
"110155465","BSP1","1.0374","QK","","1.0374","3400","","MAR","","528940.0","177208.0","Battersea Yard QVC 2","HKJ5","","","","","","","","","AC","","110155465","2018-11-07","","NRAIL","","","","","Rev Single","Until urgent remedial works are carried out the use of this RRV access point is prohibited.","TQ 28940 77208"
"70130290","BTC","7.0544","QK","","7.0544","1100","","MAP","","539952.0","176095.0","FALTHORPE ROAD","HKJ4","","","","","","","","","AC","","70130290","2022-08-09","","BBRM","","","","","Up Main/Fast","Risk Rating 10, Hazard Rating 2,Score 20, 31 Steps Down","TQ 40085 76215"
"110187575","BTC","7.0638","QK","","7.0638","1100","","MAP","","540142.0","176278.0","MORDEN MEWS BLACKHEATH","HKJ4","","","","","","","","","","","110187575","2024-05-23","","NRAIL","","","","","Up Main/Fast","",""
"70260083","BTC","8.0815","QK","","8.0815","2100","","MAP","","540557.0","177975.0","Charlton-Angerstein Yard","HKJ4","","","","","","","","","","","70260083","2022-08-09","","BBRM","","","","","Down Main/Fast","Risk Rating 3, Hazard Rating 2,Score 6","TQ 40557 77975"
"110164874","BTH1","2.0487","QK","","2.0487","2100","","MA","","535281.0","177509.0","OLD KENT ROAD:6203","HKJ4","","","","","","","","","","","110164874","2022-08-09","","","","","","","Down Main/Fast"," ",""
"110164904","BTH1","2.0564","QK","","2.0564","1100","","MAP","","535263.0","177442.0","WHITE POST STREET","HKJ4","","","","","","","","","","","110164904","2023-05-31","","","","","","","Up Main/Fast"," ",""
"110173452","BTH1","1.1278","QK","","1.1278","3100","","MAPE","","535166.0","178368.0","SOUTH BERMONDSEY STN PLT 2","HKJ4","","","","","","","","","","","110173452","2022-08-09","","NRAIL","","","","","Rev Main/Fast"," ",""
"110173453","BTH1","1.1456","QK","","1.1456","1100","","MAPE","","535233.0","178221.0","SOUTH BERMONDSEY STN PLT 1","HKJ4","","","","","","","","","","","110173453","2022-08-09","","NRAIL","","","","","Up Main/Fast"," ",""
"110173454","BTH1","2.1182","QK","","2.1182","2100","","MAPE","","535072.0","176914.0","QUEENS ROAD PECKHAM STN PLT 2","HKJ4","","","","","","","","","","","110173454","2022-08-09","","NRAIL","","","","","Down Main/Fast"," ",""
"110173455","BTH1","2.1182","QK","","2.1182","1100","","MAPE","","535072.0","176914.0","QUEENS ROAD PECKHAM STN PLT 1","HKJ4","","","","","","","","","","","110173455","2022-08-09","","NRAIL","","","","","Up Main/Fast"," ",""
"110173457","BTH1","3.0685","QK","","3.0685","2100","","MAPE","","534194.0","176306.0","PECKHAM RYE STN PLT 2","HKJ4","","","","","","","","","","","110173457","2022-08-09","","NRAIL","","","","","Down Main/Fast"," ",""
"110173456","BTH1","3.0685","QK","","3.0685","1100","","MAPE","","534194.0","176306.0","PECKHAM RYE STN PLT 1","HKJ4","","","","","","","","","","","110173456","2022-08-09","","NRAIL","","","","","Up Main/Fast"," ",""
"110173458","BTH1","3.0878","QK","","3.0878","1100","","MAPE","","534033.0","176233.0","PECKHAM RYE STN PLT 1","HKJ4","","","","","","","","","","","110173458","2022-08-09","","NRAIL","","","","","Up Main/Fast"," ",""
"110173459","BTH1","3.0878","QK","","3.0878","2100","","MAPE","","534033.0","176233.0","PECKHAM RYE STN PLT 2","HKJ4","","","","","","","","","","","110173459","2022-08-09","","NRAIL","","","","","Down Main/Fast"," ",""
"110173460","BTH1","4.0391","QK","","4.0391","2100","","MAPE","","533456.0","175378.0","EAST DULWICH STN PLT 2","HKJ4","","","","","","","","","","","110173460","2022-08-09","","NRAIL","","","","","Down Main/Fast"," ",""
"110173461","BTH1","4.0401","QK","","4.0401","1100","","MAPE","","533452.0","175369.0","EAST DULWICH STN PLT 1","HKJ4","","","","","","","","","","","110173461","2022-08-09","","NRAIL","","","","","Up Main/Fast"," ",""
"110173462","BTH1","4.0566","QK","","4.0566","2100","","MAPE","","533386.0","175236.0","EAST DULWICH STN PLT 2","HKJ4","","","","","","","","","","","110173462","2022-08-09","","NRAIL","","","","","Down Main/Fast"," ",""
"110173463","BTH1","4.057","QK","","4.057","1100","","MAPE","","533557.0","175663.0","EAST DULWICH STN PLT 1","HKJ4","","","","","","","","","","","110173463","2022-08-09","","NRAIL","","","","","Up Main/Fast"," ",""
"110153294","BTH1","3.1154","QK","","3.1154","1100","","MAR","","533783.0","176189.0","LINWOOD CLOSE RRV","HKJ4","","","","","","","","","","","110153294","2018-08-03","","NRAIL","","","","","Up Main/Fast"," ","TQ 33783 76189"
"70260084","BTH1","3.1032","QK","","3.1032","2100","","MAV","","533897.0","176192.0","LYNDHURST WAY","HKJ4","","","","","","","","","","","70260084","2022-08-09","","BBRM","","","","","Down Main/Fast","Risk Rating 3, Hazard Rating 2,Score 6","TQ 33897 76192"
"110179026","CAT","3.0286","QK","","3.0286","1100","","MA","","531149.0","175464.0","Brixton Station","HKJ5","","","","","","","","","Staff access","","110179026","2022-08-15","","NRAIL","","","","","Up Main/Fast","No Access/Egress found in HD <Custom Access used as verified/Assessed by Site visit>",""
"110179037","CAT","3.1452","QK","","3.1452","2100","","MA","","532167.0","175789.0","CAMBRIA JUNCTION","HKJ5","","","","","","","","","","","110179037","2022-08-15","","NRAIL","","","","","Down Main/Fast","No Access/Egress found in HD <Custom Access used as verified/Assessed by Site visit>",""
"110179041","CAT","4.0945","QK","","4.0945","2100","","MA","","533203.0","176247.0","MCNEIL ROAD","HKJ5","","","","","","","","","","","110179041","2022-08-15","","NRAIL","","","","","Down Main/Fast","No Access/Egress found in HD <Custom Access used as verified/Assessed by Site visit>",""
"110179039","CAT","4.154","QK","","4.154","2100","","MA","","533661.0","176232.0","EVELINA ROAD","HKJ5","","","","","","","","","","","110179039","2022-08-15","","NRAIL","","","","","Down Main/Fast","No Access/Egress found in HD <Custom Access used as verified/Assessed by Site visit>",""
"110179042","CAT","5.011","QK","","5.011","1100","","MA","","","","OAKDALE ROAD RRV","HKJ5","","","","","","","","","RRV Access","","110179042","2022-07-27","","NRAIL","","","","","Up Main/Fast","No Access/Egress found in HD <Custom Access used as verified/Assessed by Site visit>",""
"110179028","CAT","5.1143","QK","","5.1143","2100","","MA","","534874.0","176207.0","Kirkwood road","HKJ5","","","","","","","","","Staff Access","","110179028","2022-08-15","","NRAIL","","","","","Down Main/Fast","No Access/Egress found in HD <Custom Access used as verified/Assessed by Site visit>",""
"110179045","CAT","6.121","QK","","6.121","2100","","MA","","536133.0","175276.0","ST. NORBERT ROAD","HKJ5","","","","","","","","","Pedestrian","","110179045","2022-08-15","","NRAIL","","","","","Down Main/Fast","No Access/Egress found in HD <Custom Access used as verified/Assessed by Site visit>",""
"110179025","CAT","7.0726","QK","","7.0726","1100","","MA","","536963.0","174490.0","Bexhill road","HKJ5","","","","","","","","","Staff access","","110179025","2022-08-15","","NRAIL","","","","","Up Main/Fast","No Access/Egress found in HD <Custom Access used as verified/Assessed by Site visit>",""
"110179027","CAT","8.088","QK","","8.088","2100","","MA","","537424.0","172931.0","Fordmill road","HKJ5","","","","","","","","","","","110179027","2022-08-15","","NRAIL","","","","","Down Main/Fast","No Access/Egress found in HD <Custom Access used as verified/Assessed by Site visit>",""
"110179024","CAT","9.0","QK","","9.0","2500","","MA","","537380.1","172284.0","Bellingham Gate BR1 key needed","HKJ5","","","","","","","","","","","110179024","2022-07-27","","NRAIL","","","","","Down Loop","No Access/Egress found in HD <Custom Access used as verified/Assessed by Site visit> BR1 key required to open gate.",""
"110179044","CAT","10.143","QK","","10.143","1100","","MA","","538994.0","169652.0","Shortlands Jn Sub-Station","HKJ5","","","","","","","","","Pedestrian","","110179044","2022-08-15","","NRAIL","","","","","Up Main/Fast","No Access/Egress found in HD <Custom Access used as verified/Assessed by Site visit>",""
"110177459","CAT","3.0704","QK","","3.0704","2100","","MAP","","531528.0","175548.0","BARRINGTON RD","HKJ5","","","","","","","","","","","110177459","2023-05-31","","NRAIL","","","","","Down Main/Fast","CREATED AFTER ACCESS POINT VALIDATION DATA ANALYSIS",""
"70260085","CAT","3.1452","QK","","3.1452","2100","","MAP","","532036.0","175739.0","Cambria Rd Jn","HKJ5","","","","","","","","","","","70260085","2022-04-21","","BBRM","","","","","Down Main/Fast","Access Country side of Cambria Jn - steps down Risk Rating 3, Hazard Rating 2,Score 6     BRS PREVIOUSLY 4080",""
"70260086","CAT","4.088","QK","","4.088","2100","","MAP","","533146.0","176235.0","Denmark Hill/Peckham Rye-McNeil Rd","HKJ5","","","","","","","","","","","70260086","2022-04-21","","BBRM","","","","","Down Main/Fast","Risk Rating 6, Hazard Rating 2,Score 12 **Pedestrian access only not to be used for RRVs**",""
"110177455","CAT","4.1254","QK","","4.1254","1100","","MAP","","533458.0","176261.0","LYNDHURST WAY","HKJ5","","","","","","","","","","","110177455","2023-05-31","","NRAIL","","","","","Up Main/Fast","CREATED AFTER ACCESS POINT VALIDATION DATA ANALYSIS",""
"110146822","CAT","4.1716","QK","","4.1716","9999","","MAP","","533887.0","176212.0","Peckham Rye TP Hut","HKJ5","","","","","","","","","","","110146822","2022-08-09","","NRAIL","","","","","Unknown","Address:Lyndhurst Way, Peckham:SE15 5AH Details: off Linwood Close, @ 3m 51c then into site. OS grid ref TQ337 762",""
"70260088","CAT","5.154","QK","","5.154","2100","","MAP","","535166.0","176049.0","Peckham Rye/Nunhead-Evelina Rd","HKJ5","","","","","","","","","","","70260088","2022-04-21","","NRAIL","","","","","Down Main/Fast","Risk Rating 10, Hazard Rating 5,Score 50,   BRS PREVIOUSLY 4080",""
"110142406","CAT","6.1188","QK","","6.1188","2100","","MAP","","535743.0","175909.0","NUNHEAD SUBSTATION","HKJ5","","","","","","","","","","","110142406","2022-04-21","","NRAIL","","","","","Down Main/Fast","Address:Drakefell Rd, Nunhead:SE14 5SJ        Details:Network Rail gate, off St Asaph Rd, Nunhead @ 6m22c then into site      TQ357759",""
"70202596","CAT","6.1342","QK","","6.1342","1100","","MAP","","536224.0","175187.0","Nunhead/Crofton Park-St Norbert Road","HKJ5","","","","","","","","","","","70202596","2013-09-10","","","","","","","Up Main/Fast","Risk Rating 6, Hazard Rating 2,Score 12",""
"70202599","CAT","7.0286","QK","","7.0286","1100","","MAP","","536600.0","174672.0","CROFTON PARK - MARNOCK ROAD","HKJ5","","","","","","","","","","","70202599","2022-04-21","","","","","","","Up Main/Fast","Risk Rating 10, Hazard Rating 2,Score 20",""
"110147043","CAT","7.0462","QK","","7.0462","9999","","MAP","","546735.0","174600.0","CROFTON PARK TPH TP HUT","HKJ5","","","","","","","","","","","110147043","2022-08-05","","NRAIL","","","","","Unknown","Address:Chudleigh Rd, Ladywell:SE4 1ED        Details:Crofton Rd Station, then along down side platform C/E then along cess to site          TQ365747",""
"110147058","CAT","9.0836","QK","","9.0836","9999","","MAP","","537964.0","171495.0","BECKENHAM HILL TPH TP HUT","HKJ5","","","","","","","","","","","110147058","2022-08-05","","NRAIL","","","","","Unknown","Address:Beckenham Hill Rd, Beckenham:SE6 3AH       Details:Beckenham Hill Station, then along down side platform L/E then along cess to site         TQ380714",""
"110142372","CAT","10.0638","QK","","10.0638","2100","","MAP","","538644.0","170271.0","Ravensbourne","HKJ5","","","","","","","","","","","110142372","2022-04-21","","NRAIL","","","","","Down Main/Fast","Score 7, BRS PREVIOUSLY 4081",""
"110177456","CAT","10.1232","QK","","10.1232","1100","","MAP","","538869.0","169775.0","DOWNS HILL ROAD","HKJ5","","","","","","","","","","","110177456","2023-05-31","","NRAIL","","","","","Up Main/Fast","CREATED AFTER ACCESS POINT VALIDATION DATA ANAYLSIS",""
"110176470","CAT","4.0387","QK","","4.0387","2100","","MAPE","","532735.0","176051.0","DENMARK HILL STATION PLAT 4","HKJ5","","","","","","","","","","","110176470","2022-08-05","","NRAIL","","","","","Down Main/Fast","DENMARK HILL STATION PLAT 4 - Ungated",""
"110176507","CAT","4.0418","QK","","4.0418","2100","","MAPE","","532759.0","176064.0","DENMARK HILL STATION PLAT 4","HKJ5","","","","","","","","","","","110176507","2022-08-05","","NRAIL","","","","","Down Main/Fast","DENMARK HILL STATION PLAT 4 - Ungated",""
"110176469","CAT","4.0418","QK","","4.0418","1100","","MAPE","","532759.0","176064.0","DENMARK HILL STATION PLAT 3","HKJ5","","","","","","","","","","","110176469","2022-08-05","","NRAIL","","","","","Up Main/Fast","DENMARK HILL STATION PLAT 3 - Ungated",""
"110176506","CAT","4.0594","QK","","4.0594","1100","","MAPE","","532903.0","176138.0","DENMARK HILL STATION PLAT 3","HKJ5","","","","","","","","","","","110176506","2022-08-05","","NRAIL","","","","","Up Main/Fast","DENMARK HILL STATION PLAT 3 - Ungated",""
"110176481","CAT","5.0178","QK","","5.0178","2100","","MAPE","","534068.0","176274.0","PECKHAM RYE STATION PLAT 4","HKJ5","","","","","","","","","","","110176481","2022-08-05","","NRAIL","","","","","Down Main/Fast","PECKHAM RYE STATION PLAT 4 - Ungated",""
"110176480","CAT","5.0208","QK","","5.0208","1100","","MAPE","","534090.0","176287.0","PECKHAM RYE STATION PLAT 3","HKJ5","","","","","","","","","","","110176480","2022-08-05","","NRAIL","","","","","Up Main/Fast","PECKHAM RYE STATION PLAT 3 - Ungated",""
"110176518","CAT","5.0373","QK","","5.0373","2100","","MAPE","","534211.0","176359.0","PECKHAM RYE STATION PLAT 4","HKJ5","","","","","","","","","","","110176518","2022-08-05","","NRAIL","","","","","Down Main/Fast","PECKHAM RYE STATION PLAT 4 - Ungated",""
"110176517","CAT","5.0408","QK","","5.0408","1100","","MAPE","","534208.0","176372.0","PECKHAM RYE STATION PLAT 3","HKJ5","","","","","","","","","","","110176517","2022-08-05","","NRAIL","","","","","Up Main/Fast","PECKHAM RYE STATION PLAT 3 - Ungated",""
"110176478","CAT","5.1581","QK","","5.1581","1100","","MAPE","","535228.0","176032.0","NUNHEAD STATION PLAT 1","HKJ5","","","","","","","","","","","110176478","2022-08-05","","NRAIL","","","","","Up Main/Fast","NUNHEAD STATION PLAT 1 - Gated",""
"110176515","CAT","5.1597","QK","","5.1597","1100","","MAPE","","535242.0","176029.0","NUNHEAD STATION PLAT 1","HKJ5","","","","","","","","","","","110176515","2022-08-05","","NRAIL","","","","","Up Main/Fast","NUNHEAD STATION PLAT 1 - Ungated",""
"110176479","CAT","5.1615","QK","","5.1615","1100","","MAPE","","535259.0","176026.0","NUNHEAD STATION PLAT 2","HKJ5","","","","","","","","","","","110176479","2022-08-05","","NRAIL","","","","","Up Main/Fast","NUNHEAD STATION PLAT 2 - Ungated",""
"110176516","CAT","6.0033","QK","","6.0033","1100","","MAPE","","535419.0","176000.0","NUNHEAD STATION PLAT 2","HKJ5","","","","","","","","","","","110176516","2022-08-05","","NRAIL","","","","","Up Main/Fast","NUNHEAD STATION PLAT 2 - Gated",""
"110176502","CAT","7.0328","QK","","7.0328","1100","","MAPE","","536627.0","174655.0","CROFTON PARK STATION PLAT 1","HKJ5","","","","","","","","","","","110176502","2022-08-05","","NRAIL","","","","","Up Main/Fast","CROFTON PARK STATION PLAT 1 - Gated",""
"110176503","CAT","7.0337","QK","","7.0337","2100","","MAPE","","536634.0","174651.0","CROFTON PARK STATION PLAT 2","HKJ5","","","","","","","","","","","110176503","2022-08-05","","NRAIL","","","","","Down Main/Fast","CROFTON PARK STATION PLAT 2 - Gated",""
"110176466","CAT","7.0343","QK","","7.0343","2100","","MAPE","","536639.0","174649.0","CROFTON PARK STATION PLAT 2","HKJ5","","","","","","","","","","","110176466","2022-08-05","","NRAIL","","","","","Down Main/Fast","CROFTON PARK STATION PLAT 2 - Ungated",""
"110176465","CAT","7.0346","QK","","7.0346","1100","","MAPE","","536639.0","174649.0","CROFTON PARK STATION PLAT 1","HKJ5","","","","","","","","","","","110176465","2022-08-05","","NRAIL","","","","","Up Main/Fast","CROFTON PARK STATION PLAT 1 - Ungated",""
"110176461","CAT","7.175","QK","","7.175","1100","","MAPE","","536516.0","174737.0","CATFORD STATION PLAT 1","HKJ5","","","","","","","","","","","110176461","2022-08-05","","NRAIL","","","","","Up Main/Fast","CATFORD STATION PLAT 1 - Ungated",""
"110176462","CAT","7.1753","QK","","7.1753","2100","","MAPE","","537295.0","173704.0","CATFORD STATION PLAT 2","HKJ5","","","","","","","","","","","110176462","2022-08-05","","NRAIL","","","","","Down Main/Fast","CATFORD STATION PLAT 2 - Ungated",""
"110176498","CAT","8.017","QK","","8.017","1100","","MAPE","","537291.0","173683.0","CATFORD STATION PLAT 1","HKJ5","","","","","","","","","","","110176498","2022-08-05","","NRAIL","","","","","Up Main/Fast","CATFORD STATION PLAT 1 - Ungated",""
"110176499","CAT","8.0172","QK","","8.0172","2100","","MAPE","","537264.0","173544.0","CATFORD STATION PLAT 2","HKJ5","","","","","","","","","","","110176499","2022-08-05","","NRAIL","","","","","Down Main/Fast","CATFORD STATION PLAT 2 - Ungated",""
"110176457","CAT","8.1507","QK","","8.1507","2100","","MAPE","","537715.0","172447.0","BELLINGHAM STATION PLAT 2","HKJ5","","","","","","","","","","","110176457","2022-08-05","","NRAIL","","","","","Down Main/Fast","BELLINGHAM STATION PLAT 2 - Ungated",""
"110176456","CAT","8.1515","QK","","8.1515","1100","","MAPE","","537721.0","172440.0","BELLINGHAM STATION PLAT 1","HKJ5","","","","","","","","","","","110176456","2022-08-05","","NRAIL","","","","","Up Main/Fast","BELLINGHAM STATION PLAT 1 - Ungated",""
"110176493","CAT","8.1692","QK","","8.1692","1100","","MAPE","","537782.0","172289.0","BELLINGHAM STATION PLAT 1","HKJ5","","","","","","","","","","","110176493","2022-08-05","","NRAIL","","","","","Up Main/Fast","BELLINGHAM STATION PLAT 1 - Ungated",""
"110176494","CAT","8.1693","QK","","8.1693","2100","","MAPE","","537782.0","172289.0","BELLINGHAM STATION PLAT 2","HKJ5","","","","","","","","","","","110176494","2022-08-05","","NRAIL","","","","","Down Main/Fast","BELLINGHAM STATION PLAT 2 - Ungated",""
"110176452","CAT","9.0898","QK","","9.0898","2100","","MAPE","","537996.0","171437.0","BECKENHAM HILL STATION PLAT 2","HKJ5","","","","","","","","","","","110176452","2022-08-05","","NRAIL","","","","","Down Main/Fast","BECKENHAM HILL STATION PLAT 2 - Ungated",""
"110176489","CAT","9.1084","QK","","9.1084","1100","","MAPE","","538098.0","171300.0","BECKENHAM HILL STATION PLAT 1","HKJ5","","","","","","","","","","","110176489","2022-08-05","","NRAIL","","","","","Up Main/Fast","BECKENHAM HILL STATION PLAT 1 - Ungated",""
"110176490","CAT","9.1084","QK","","9.1084","2100","","MAPE","","538098.0","171300.0","BECKENHAM HILL STATION PLAT 2","HKJ5","","","","","","","","","","","110176490","2022-08-05","","NRAIL","","","","","Down Main/Fast","BECKENHAM HILL STATION PLAT 2 - Ungated",""
"110176386","CAT","10.0673","QK","","10.0673","2100","","MAPE","","538652.0","170240.0","RAVENSBOURNE STATION PLAT 2","HKJ5","","","","","","","","","","","110176386","2022-08-05","","NRAIL","","","","","Down Main/Fast","RAVENSBOURNE STATION PLAT 2 Gated",""
"110176385","CAT","10.0681","QK","","10.0681","1100","","MAPE","","538665.0","170233.0","RAVENSBOURNE STATION PLAT 1","HKJ5","","","","","","","","","","","110176385","2022-08-05","","NRAIL","","","","","Up Main/Fast","RAVENSBOURNE STATION PLAT 1 Gated",""
"110176434","CAT","10.084","QK","","10.084","1100","","MAPE","","538529.0","170758.0","RAVENSBOURNE STATION PLAT 1","HKJ5","","","","","","","","","","","110176434","2022-08-05","","NRAIL","","","","","Up Main/Fast","RAVENSBOURNE STATION PLAT 1 Gated",""
"110176435","CAT","10.0853","QK","","10.0853","2100","","MAPE","","538713.0","170092.0","RAVENSBOURNE STATION PLAT 2","HKJ5","","","","","","","","","","","110176435","2022-08-05","","NRAIL","","","","","Down Main/Fast","RAVENSBOURNE STATION PLAT 2 Gated",""
"110179294","CAT","6.0132","QK","","6.0132","1100","","MAR","","535490.0","175936.0","Nunhead Jn <Oakdale Rd>","HKJ5","","","","","","","","","RRV Access","","110179294","2022-08-01","","NRAIL","","","","","Up Main/Fast","Authorised Access Point - Road-Rail Machines",""
"110179292","CAT","8.121","QK","","8.121","2100","","MAR","","537588.0","172679.0","BELLINGHAM - RRV ACCESS","HKJ5","","","","","","","","","RRV Access","","110179292","2022-08-15","","NRAIL","","","","","Down Main/Fast"," AUTHORISED ACCESS POINT  -  ROAD/RAIL VEH",""
"110147062","CAT","9.0225","QK","","9.0225","9999","","MAR","","537855.0","172029.0","BELLINGHAM SIDINGS TRACK FEEDER HUT","HKJ5","","","","","","","","","","","110147062","2022-08-05","","NRAIL","","","","","Unknown","Address: Alleford Court, Bromley Rd, London:SE6 2XL    Details:Off Bellingham Road, Network Rail gate, then to site        TQ379721",""
"70202608","CAT","6.011","QK","","6.011","1100","","MAV","","535505.0","175985.0","Nunhead/Crofton Park-Oakdale Rd","HKJ5","","","","","","","","","","","70202608","2022-04-21","","","","","","","Up Main/Fast","Risk Rating 6, Hazard Rating 2,Score 12",""
"110179300","CAT","6.0132","QK","","6.0132","2100","","MAV","","535496.0","175955.0","NUNHEAD RRAP","HKJ5","","","","","","","","","","","110179300","2022-08-15","","NRAIL","","","","","Down Main/Fast"," AUTHORISED ACCESS POINT  -  ROAD/RAIL VEH",""
"110146833","CAT","6.1326","QK","","6.1326","1100","","MAV","","536201.0","175183.0","Brockley substation","HKJ5","","","","","","","","","","","110146833","2020-03-23","","NRAIL","","","","","Up Main/Fast","Address:Norbert Rd Street, Nunhead:SE4 2PT Details: Adjacent to Skipton House, off Turnham Road, Brockley. OS grid ref TQ361753.  Substation access point can be used to access track","TQ 36201 75183"
"70260090","CAT","8.0374","QK","","8.0374","2100","","MAV","","537289.0","173206.0","Catford/Bellingham-Wooden gates","HKJ5","","","","","","","","","","","70260090","2022-04-21","","NRAIL","","","","","Down Main/Fast","Risk Rating 10, Hazard Rating 2,Score 20, BRS PREVIOUSLY 4081",""
"110177457","CAT","8.1232","QK","","8.1232","2100","","MAV","","537591.0","172666.0","FRANTHORNE WAY RRV","HKJ5","","","","","","","","","","","110177457","2023-05-31","","NRAIL","","","","","Down Main/Fast","CREATED AFTER ACCESS POINT VALIDATION DATA ANALYSIS",""
"70202609","CAT","8.1238","QK","","8.1238","2100","","MAV","","537594.0","172662.0","Catford/Bellingham","HKJ5","","","","","","","","","","","70202609","2008-09-08","","","","","","","Down Main/Fast","Risk Rating 10, Hazard Rating 2,Score 20",""
"110177458","CAT","10.066","QK","","10.066","2100","","MAV","","538523.0","170773.0","RAVENSBOURNE-PLATFORM REAR ACCESS","HKJ5","","","","","","","","","","","110177458","2023-05-31","","NRAIL","","","","","Down Main/Fast","CREATED AFTER ACCESS POINT VALIDATION DATA ANALYSIS",""
"70202606","CAT","10.0676","QK","","10.0676","1100","","MAV","","538654.0","170238.0","Ravensbourne","HKJ5","","","","","","","","","","","70202606","2008-09-08","","","","","","","Up Main/Fast","Risk Rating 10, Hazard Rating 2,Score 20",""
"70260091","CBM","0.0509","QK","","0.0509","2100","","MAP","","532493.0","180413.0","CLINK STREET","HKJ4","","","","","","","","","","","70260091","2022-08-09","","BBRM","","","","","Down Main/Fast","Risk Rating 3, Hazard Rating 2,Score 6","TQ 32493 80413"
"110146823","CBM","0.0544","QK","","0.0544","2100","","MAP","","532533.0","180369.0","CANNON STREET STATION","HKJ4","","","","","","","","","","","110146823","2018-08-01","","NRAIL","","","","","Down Main/Fast","Address:King Mill Street, London:EC4R 9HA Details: Off Clink Street, Southwark. OS grid ref TQ328 806","TQ 32533 80369"
"110173465","CBM","0.0292","QK","","0.0292","3601","","MAPE","","532542.0","180600.0","CANNON STREET STN PLT 1","HKJ4","","","","","","","","","","","110173465","2022-08-09","","NRAIL","","","","",""," ",""
"110173464","CBM","0.0292","QK","","0.0292","0","","MAPE","","532542.0","180600.0","CANNON STREET STN PLT 2 & 3","HKJ4","","","","","","","","","","","110173464","2022-08-09","","NRAIL","","","","","All/Multiple Tracks"," ",""
"110173466","CBM","0.0326","QK","","0.0326","0","","MAPE","","532533.0","180571.0","CANNON STREET STN PLT 4 & 5","HKJ4","","","","","","","","","","","110173466","2022-08-09","","NRAIL","","","","","All/Multiple Tracks"," ",""
"110173467","CBM","0.0327","QK","","0.0327","0","","MAPE","","532533.0","180571.0","CANNON STREET STN PLT 6 & 7","HKJ4","","","","","","","","","","","110173467","2022-08-09","","NRAIL","","","","","All/Multiple Tracks"," ",""
"70260092","CSM1","11.132","QK","","11.132","3400","","MAP","","543762.0","168829.0","Chislehurst/St Mary Cray-Gosshill Road","HKJ5","","","","","","","","","","","70260092","2008-09-08","","BBRM","","","","","Rev Single","Risk Rating 6, Hazard Rating 2,Score 12",""
"70119415","CSM2","11.0902","QK","","11.0902","1400","","MAP","","543428.0","169041.0","Chislehurst Substation","HKJ5","","","","","","","","","AC","","70119415","2022-04-21","","BBRM","","","","","Up Single","Risk Rating 10, Hazard Rating 2,Score 20, 48 Steps Up, BRS 4090",""
"110179301","CSM2","11.1342","QK","","11.1342","1400","","MAR","","543633.0","168723.0","HAWKWOOD - RRV ACCESS","HKJ5","","","","","","","","","","","110179301","2022-08-15","","NRAIL","","","","","Up Single"," AUTHORISED ACCESS POINT  -  ROAD/RAIL VEH",""
"110142374","CSM2","11.132","QK","","11.132","1100","","MAV","","543619.0","168709.0","The Piggeries","HKJ5","","","","","","","","","","","110142374","2008-09-08","","NRAIL","","","","","Up Main/Fast","Score 6",""
"70119416","CSM3","11.1522","QK","","11.1522","1500","","MAP","","543714.0","168627.0","Chislehurst Sub-Little Thrift Footbridge 82B","HKJ5","","","","","","","","","AC","","70119416","2008-09-08","","BBRM","","","","","Up Loop","Risk Rating 6, Hazard Rating 2,Score 20",""
"110146834","DEL","0.0188","QK","","0.0188","3111","","MAP","","533139.0","179940.0","London Bridge TPH TP Hut","HKJ4","","","","","","","","","","","110146834","2024-01-22","","NRAIL","","","","","","Address:Bermondsey Street, London:SE1 2ES Details: London Bridge Station Access Road to Signal Box. OS grid ref TQ332 799.  Signal Box access is eithera long Platform 15, through swing gate & down ramp, trun right to entrance door or from keypad access door <or telecom> from ST Thomas Street into arh 75, then by lift on stair accent to signal box","TQ 33139 79940"
"70260099","DEL","0.0352","QK","","0.0352","1100","","MAP","","531666.0","181525.0","Farringdon/City Thameslink","HKJ4","","","","","","","","","","","70260099","2024-01-16","","BBRM","","","","","Up Main/Fast","Risk Rating 3, Hazard Rating 2,Score 6",""
"110146825","DEL","0.0456","QK","","0.0456","9999","","MAP","","","","St Pauls North substation","HKJ4","","","","","","","","","","","110146825","2024-01-22","","NRAIL","","","","","Unknown","Address:Snow Hill, Farringdon:EC1A 9BW Details: City Thameslink Station, then along north side platform to Blackfriars end and site. OS grid ref TQ317 815",""
"110162917","DEL","0.0919","QK","","0.0919","3111","","MAP","","","","Tanner Street","HKJ4","","","","","","","","","","","110162917","2024-01-22","","NRAIL","","","","","","""Staircase Access Point
Tanner Street London SE1 3PL""",""
"110154774","DEL","0.1504","QK","","0.1504","3111","","MAP","","","","Enid Street access staircase","HKJ4","","","","","","","","","","","110154774","2024-01-22","","NRAIL","","","","","","Access point via staircase on Enid Street at Railway Arch 67-68 Enid St London SE16 3R",""
"110162915","DEL","0.1509","QK","","0.1509","3111","","MAP","","","","Enid Street","HKJ4","","","","","","","","","","","110162915","2024-01-22","","NRAIL","","","","","","""Staircase Access Point
91 Enid Street, LONDON, SE1 4AW""",""
"110146829","DEL","1.0066","QK","","1.0066","9999","","MAP","","","","Southwark substation","HKJ4","","","","","","","","","","","110146829","2024-01-22","","NRAIL","","","","","Unknown","Address:Southwark Street, Southwark:SE1 0UR Details: Dolben St. OS grid ref TQ317 802",""
"110149732","DEL","1.0291","QK","","1.0291","3100","","MAP","","532363.0","180105.0","O""Meara Street","HKJ4","","","","","","","","","Pedestrian","","110149732","2024-01-22","","NRAIL","","","","","Rev Main/Fast","Pedestrian access point.  Not track side.  Used to access points heating equipment.",""
"70130791","DEL","1.0418","QK","","1.0418","1100","","MAP","","534512.0","178977.0"," ","HKJ4","","","","","","","","","AC","","70130791","2024-01-16","","AMEC","","","","","Up Main/Fast","From Up Side Station Platform. 1200 yards from station.",""
"110142371","DEL","1.11","QK","","1.11","2100","","MAP","","535083.0","178496.0","Glass Factory","HKJ4","","","","","","","","","","","110142371","2024-01-22","","NRAIL","","","","","Down Main/Fast","Score 64",""
"70130792","DEL","1.1342","QK","","1.1342","9999","","MAP","","535218.0","178513.0"," ","HKJ4","","","","","","","","","AC","","70130792","2024-01-16","","AMEC","","","","","Unknown"," ",""
"110154734","DEL","1.1343","QK","","1.1343","3102","","MAP","","","","UP CANNON STREET","HKJ4","","","","","","","","","","","110154734","2024-01-22","","NRAIL","","","","","","Access point via locked gate within the hoardin",""
"70130790","DEL","1.143","QK","","1.143","1100","","MAP","","535280.0","178463.0"," ","HKJ4","","","","","","","","","AC","","70130790","2024-01-16","","AMEC","","","","","Up Main/Fast"," ",""
"70109017","DEL","1.1474","QK","","1.1474","1200","","MAP","","535310.0","178437.0"," ","HKJ4","","","","","","","","","AC","","70109017","2024-01-16","","AMEC","","","","","Up Slow"," ",""
"110162916","DEL","1.1477","QK","","1.1477","1200","","MAP","","","","RRAP 2","HKJ4","","","","","","","","","","","110162916","2024-01-22","","NRAIL","","","","","Up Slow","""Staircase Access Point
Bolina Road, LONDON, SE16 2ST""",""
"110166781","DEL","1.153","QK","","1.153","2100","","MAP","","","","Silwood Street","HKJ4","","","","","","","","","","","110166781","2024-01-22","","NRAIL","","","","","Down Main/Fast","""Staircase access point located at REB LB193 
Railway Arch 64, Silwood Street, LONDON, SE16 2SW""",""
"110166776","DEL","2.0346","QK","","2.0346","1200","","MAP","","","","Bricklayers Arms","HKJ4","","","","","","","","","","","110166776","2024-01-22","","NRAIL","","","","","Up Slow","""Staircase Access Point
Surrey Canal road, SE14 5ST""",""
"110162918","DEL","2.0367","QK","","2.0367","1200","","MAP","","","","Bricklayers Arms","HKJ4","","","","","","","","","","","110162918","2024-01-22","","NRAIL","","","","","Up Slow","""Staircase Access Point
Surrey Canal road, SE14 5ST""",""
"110146828","DEL","2.044","QK","","2.044","9999","","MAP","","","","Walworth TPH Elephant & Castle TP Hut","HKJ4","","","","","","","","","","","110146828","2024-01-22","","NRAIL","","","","","Unknown","Address:John Raskin Street, Walworth:SE17 3UQ. OS grid ref TQ323 778",""
"70130789","DEL","2.0572","QK","","2.0572","1100","","MAP","","535776.0","177814.0"," ","HKJ4","","","","","","","","","AC","","70130789","2024-01-16","","AMEC","","","","","Up Main/Fast"," ",""
"70109018","DEL","2.0594","QK","","2.0594","1200","","MAP","","535785.0","177796.0"," ","HKJ4","","","","","","","","","AC","","70109018","2024-01-16","","AMEC","","","","","Up Slow"," ",""
"110146832","DEL","2.125","QK","","2.125","9999","","MAP","","","","New Cross Gate TP Hut","HKJ4","","","","","","","","","","","110146832","2024-01-22","","NRAIL","","","","","Unknown","Address:Sterling Gardens, New Cross Gate:SE14 6DU Details: New Cross Gate Station, then along platform No 2 L/E and then walk in wideway to site. OS grid ref TQ360 774",""
"70130788","DEL","2.1276","QK","","2.1276","2100","","MAP","","536075.0","177251.0"," ","HKJ4","","","","","","","","","AC","","70130788","2024-01-16","","AMEC","","","","","Down Main/Fast","From Down Local Platform, London End - 350 yards north west of New Cross Gate Station.",""
"70260127","DEL","3.0044","QK","","3.0044","1100","","MAP","","532207.0","176698.0","Elephant & Castle/Loughborough JnKnatchbull Rd","HKJ4","","","","","","","","","","","70260127","2024-01-17","","BBRM","","","","","Up Main/Fast","Risk Rating 6, Hazard Rating 2,Score 12         ACCESS POINT OUT OF USE",""
"70260128","DEL","3.0154","QK","","3.0154","1100","","MAP","","532221.0","176732.0","Elephant & Castle/Loughborough JnMcDowell Rd","HKJ4","","","","","","","","","","","70260128","2024-01-17","","BBRM","","","","","Up Main/Fast","Risk Rating 6, Hazard Rating 2,Score 12","TQ 32221 76732"
"70130701","DEL","3.11","QK","","3.11","2100","","MAP","","533834.0","176193.0"," ","HKJ4","","","","","","","","","AC","","70130701","2024-01-16","","BBRM","","","","","Down Main/Fast"," ",""
"70130702","DEL","3.11","QK","","3.11","1100","","MAP","","533834.0","176193.0"," ","HKJ4","","","","","","","","","AC","","70130702","2024-01-16","","BBRM","","","","","Up Main/Fast"," ",""
"110162906","DEL","4.0397","QK","","4.0397","2101","","MAP","","","","Canal Approach","HKJ4","","","","","","","","","","","110162906","2024-01-22","","NRAIL","","","","","","""Staircase Access Point
Parkside Business Estate, Blackhorse Road, LONDON, SE8 5HZ""",""
"70260240","DEL","4.096","QK","","4.096","1100","","MAP","","536484.0","177559.0","London Bridge/New Cross-Milton Ct Rd S & T cabin","HKJ4","","","","","","","","","","","70260240","2024-01-17","","BBRM","","","","","Up Main/Fast","Risk Rating 3, Hazard Rating 2,Score 6","TQ 36484 77559"
"110146852","DEL","4.0974","QK","","4.0974","9999","","MAP","","","","New Cross TP Hut","HKJ4","","","","","","","","","","","110146852","2024-01-22","","NRAIL","","","","","Unknown","Address:St. Edward Street, Deptford:SE14 6BY Details: Ralt St. OS grid ref TQ365 775",""
"70210565","DEL","5.1477","QK","","5.1477","2200","","MAP","","537757.0","176040.0","St Johns/Hither Green","HKJ4","","","","","","","","","","","70210565","2024-01-16","","BBRM","","","","","Down Slow","Risk Rating 10, Hazard Rating 2,Score 20, 37 Steps Up",""
"110146818","DEL","5.1608","QK","","5.1608","2100","","MAP","","537932.0","176038.0","Lewisham substation","HKJ4","","","","","","","","","","","110146818","2024-01-22","","NRAIL","","","","","Down Main/Fast","Address:Thurston Rd, Lewisham:SE8 4LF Details: Thurston Rd. OS grid ref TQ379 761","TQ 37932 76038"
"70119475","DEL","6.0858","QK","","6.0858","2100","","MAP","","538074.0","175216.0","Morley Rd","HKJ4","","","","","","","","","AC","","70119475","2024-01-16","","BBRM","","","","","Down Main/Fast","Risk Rating 10, Hazard Rating 2,Score 20, 32 Steps Up",""
"110146846","DEL","7.0044","QK","","7.0044","9999","","MAP","","","","Penge B substation","HKJ4","","","","","","","","","","","110146846","2024-01-22","","NRAIL","","","","","Unknown","Address:Bredhurst Close, Penge:SE26 5JQ Details: Penge East Station, L/E of down side platform No 2, ~ then along cess and up bank to Down Sydenham Spur line and cross line to site. OS grid ref TQ352 708",""
"110146848","DEL","7.0044","QK","","7.0044","9999","","MAP","","","","Penge A substation","HKJ4","","","","","","","","","","","110146848","2024-01-22","","NRAIL","","","","","Unknown","Address:Bredhurst Close, Penge:SE26 5JQ Details: Penge East Station, L/E of down side platform No 2, ~ then along cess and up bank to Down Sydenham Spur line and cross line to site. OS grid ref TQ352 708",""
"70130289","DEL","7.037","QK","","7.037","1100","","MAP","","539958.0","176119.0"," ","HKJ4","","","","","","","","","AC","","70130289","2024-01-16","","BBRM","","","","","Up Main/Fast","Single metal Gate",""
"110146821","DEL","7.0407","QK","","7.0407","9999","","MAP","","","","Blackheath TP Hut","HKJ4","","","","","","","","","","","110146821","2024-01-22","","NRAIL","","","","","Unknown","Address:Fulthrop Rd, Blackheath:SE3 0SG Details: Off Fulthorp Road, Bridge No 567 to cess and site. OS grid ref TQ400 762",""
"70260101","DEL","7.099","QK","","7.099","2100","","MAP","","539655.0","174283.0","Hither Green-Manor Road","HKJ4","","","","","","","","","","","70260101","2024-01-17","","BBRM","","","","","Down Main/Fast","Risk Rating 3, Hazard Rating 2,Score 6",""
"70204653","DEL","7.1041","QK","","7.1041","1100","","MAP","","541155.0","178395.0","Charlton-Access from car park to platform","HKJ4","","","","","","","","","","","70204653","2024-01-16","","BBRM","","","","","Up Main/Fast","Risk Rating 10, Hazard Rating 2,Score 20",""
"70204654","DEL","7.1053","QK","","7.1053","2100","","MAP","","541165.0","178398.0","Charlton-Access from car park to platform","HKJ4","","","","","","","","","","","70204654","2024-01-16","","BBRM","","","","","Down Main/Fast","Risk Rating 10, Hazard Rating 2,Score 20",""
"70119447","DEL","7.1191","QK","","7.1191","1100","","MAP","","","","St Mildreds BD - Best way""s","HKJ4","","","","","","","","","AC","","70119447","2024-01-16","","BBRM","","","","","Up Main/Fast","Risk Rating 10, Hazard Rating 2,Score 20",""
"110142447","DEL","7.121","QK","","7.121","2100","","MAP","","539481.0","173715.0","St. Mildreds - Best Ways","HKJ4","","","","","","","","","","","110142447","2024-01-22","","NRAIL","","","","","Down Main/Fast","Score 60",""
"110146812","DEL","8.1205","QK","","8.1205","9999","","MAP","","","","Lee TPH TP Hut","HKJ4","","","","","","","","","","","110146812","2024-01-22","","NRAIL","","","","","Unknown","Address:Sidcup Rd, Eltham:SE9 5HZ Details: Mottingham Station @ 9m 40c then along cess to site. OS grid ref TQ413 738",""
"70109026","DEL","9.1364","QK","","9.1364","1100","","MAP","","536787.0","170142.0"," ","HKJ4","","","","","","","","","AC","","70109026","2024-01-16","","AMEC","","","","","Up Main/Fast","Road access to large single gate at end of Waitrose car park to track level.",""
"110146815","DEL","10.1023","QK","","10.1023","9999","","MAP","","","","Falconwood TPH TP Hut","HKJ4","","","","","","","","","","","110146815","2024-01-22","","NRAIL","","","","","Unknown","Address:Northumberland Avenue, Falconwood:DA16 2PY Details: Falconwood Station, then along platform to C/E @ 10m 27c then along cess to site. OS grid ref TQ450 755",""
"110178811","DEL","11.0551","QK","","11.0551","0","","MAP","","513373.0","103335.0","West Worthing - Tarring Rd Level Xing - South St","HKJ2","","","","","","","","","AC","","110178811","2024-01-23","","NRAIL","","","","","All/Multiple Tracks","Risk Rating 6, Hazard Rating 2, Score 12. This access point is a level crossing,  be aware of underfoot condition <cattle grids> and road traffic",""
"110146844","DEL","11.1176","QK","","11.1176","9999","","MAP","","","","Abbey Wood TPH TP Hut","HKJ4","","","","","","","","","","","110146844","2024-01-22","","NRAIL","","","","","Unknown","Address:Harrow Manor Way, Abbeywood:SE2 9RZ Details: Abbey Wood Station @ 11m 43c then along cess to site. OS grid ref TQ474 791",""
"110146814","DEL","11.143","QK","","11.143","9999","","MAP","","","","Sidcup TPH TP Hut","HKJ4","","","","","","","","","","","110146814","2024-01-22","","NRAIL","","","","","Unknown","Address:Station Rd, Sidcup:DA15 7AB Details: Sidcup Station @ 11m 73c then along cess to site. OS grid ref TQ462 727",""
"110146841","DEL","12.1519","QK","","12.1519","1100","","MAP","","549381.0","179174.0","Belvedere substation","HKJ4","","","","","","","","","","","110146841","2024-01-22","","NRAIL","","","","","Up Main/Fast","Address:Station Rd, Belvedere:DA17 6JL Details: off Dylon Road, near Belvedere station @ 12m 70c and then into site. OS grid ref TQ496 792","TQ 49381 79174"
"110171573","DEL","13.0533","QK","","13.0533","2200","","MAP","","","","Petts Wood TPH","HKJ5","","","","","","","","","","","110171573","2021-06-23","","","","","","","Down Slow","New pedestrian access point on TLP2/2200.~
~
This pedestrian access wasn""t installed, as the cable route didn""t require it and there""s an existing access point closeby.",""
"110146845","DEL","14.0181","QK","","14.0181","9999","","MAP","","","","Erith TPH TP Hut","HKJ4","","","","","","","","","","","110146845","2024-01-22","","NRAIL","","","","","Unknown","Address:Cricket Close, Erith:DA8 1AE Details: Erith Station @ 11m 18c then along up side platform~ to site. OS grid ref TQ512 782",""
"70130821","DEL","14.088","QK","","14.088","2100","","MAP","","530405.0","160054.0","Stoats Nest Road off A23, Reedham Sidings","HKJ3","","","","","","","","","AC","","70130821","2024-01-16","","AMEC","","","","","Down Main/Fast","Risk Rating 6, Hazard Rating 2, Score 12, Steps Dn",""
"110146847","DEL","14.0904","QK","","14.0904","9999","","MAP","","","","St Mary Cray substation","HKJ4","","","","","","","","","","","110146847","2024-01-22","","NRAIL","","","","","Unknown","Address:Ravensbury Rd, St. Mary Cray:BR5 2NJ Details: St Mary Cray Station, then along platform Nos 3& 4 L/E then along cess to site. OS grid ref TQ464 683",""
"110146809","DEL","14.1745","QK","","14.1745","9999","","MAP","","","","Crayford TPH TP Hut","HKJ4","","","","","","","","","","","110146809","2024-01-22","","NRAIL","","","","","Unknown","Address:Lower Station Rd, Crayford:DA1 4HR Details: Crayford Station @ 15m 25c then along cess to site. OS grid ref TQ512 743",""
"70260140","DEL","15.0","QK","","15.0","2100","","MAP","","551858.0","177122.0","Slade Green-Peareswood Rd","HKJ4","","","","","","","","","","","70260140","2024-01-17","","BBRM","","","","","Down Main/Fast","Risk Rating 6, Hazard Rating 2,Score 12",""
"70119488","DEL","15.0154","QK","","15.0154","1100","","MAP","","552073.0","176174.0","Barnehurst/Dartford-Steep mud bank up to track","HKJ4","","","","","","","","","AC","","70119488","2024-01-16","","BBRM","","","","","Up Main/Fast","Risk Rating 10, Hazard Rating 2,Score 20",""
"110146842","DEL","15.0918","QK","","15.0918","2900","","MAP","","552340.0","176439.0","Slade Green substation","HKJ4","","","","","","","","","","","110146842","2024-01-22","","NRAIL","","","","","Down Siding","Address:Moat Lane, Slade Green:DA8 2NQ Details: off Depot Road, Slade Green Depot, @ 15m 40c and then into site through gate in roadway. OS grid ref TQ524 765","TQ 52340 76439"
"70260106","DEL","16.048","QK","","16.048","1100","","MAP","","553003.0","174753.0","Crayford/Dartford-Crayford Spur ""B"" Jc","HKJ4","","","","","","","","","","","70260106","2024-01-17","","BBRM","","","","","Up Main/Fast","Risk Rating 6, Hazard Rating 2,Score 12","TQ 53003 74753"
"110146811","DEL","16.099","QK","","16.099","9999","","MAP","","","","Dartford substation","HKJ4","","","","","","","","","","","110146811","2024-01-22","","NRAIL","","","","","Unknown","Address:Shepherds Lane, Dartford:DA1 2HA Details: off Gainsborough Avenue and Alley Way, at Bridge No 817 @ 16m 40c then down pathway to site. OS grid ref TQ534 741",""
"70109251","DEL","16.1386","QK","","16.1386","1100","","MAP","","528949.0","156692.0","Pretty Lane - Up Fast Quarry","HKJ3","","","","","","","","","REDUNDANT ACCESS","","70109251","2024-01-16","","AMEC","","","","","Up Main/Fast","NHD RECORD REMOVAL!!   Single gate next to bridge in Pretty Lane. Down long slope to steep wooden steps to track level. Risk Rating 6, Hazard Rating 2, Score 12, 32 Steps Dn",""
"70260108","DEL","16.1401","QK","","16.1401","1100","","MAP","","553823.0","174584.0","Dartford-Anne of Cleeves Rd","HKJ4","","","","","","","","","","","70260108","2024-01-17","","BBRM","","","","","Up Main/Fast","Risk Rating 6, Hazard Rating 2,Score 12","TQ 53823 74584"
"110146813","DEL","17.1749","QK","","17.1749","9999","","MAP","","","","Littlebrook TPH Dartford TP Hut","HKJ4","","","","","","","","","","","110146813","2024-01-22","","NRAIL","","","","","Unknown","Address:Dartford Tunnel Approach, Dartford:DA1 5DW Details: Off Cooton Lane, near Stone Crossing Station @ 18m 39c then along cess to site. OS grid ref TQ556 746",""
"70260111","DEL","18.066","QK","","18.066","1100","","MAP","","556158.0","174901.0","Stone Crossing-Dogs Home","HKJ4","","","","","","","","","","","70260111","2024-01-17","","BBRM","","","","","Up Main/Fast","Risk Rating 6, Hazard Rating 2,Score 12",""
"70260112","DEL","18.165","QK","","18.165","1100","","MAP","","557062.0","174915.0","Stone Crossing-Elizabeth St","HKJ4","","","","","","","","","","","70260112","2024-01-17","","BBRM","","","","","Up Main/Fast","Risk Rating 6, Hazard Rating 2,Score 12",""
"70261277","DEL","19.0836","QK","","19.0836","2100","","MAP","","500482.0","104150.0","Ford River Bridge","HKJ2","","","","","","","","","NP","","70261277","2024-01-17","","NRAIL","","","","","Down Main/Fast","Remove from NHD and Ellipse, this access is no longer operations, hazardous steps and conrail. Additioanlly restriced access due to prohibition use issued by EA.              Risk Rating 2, Hazard Rating 2, Score 4 - Access adjacent to river bank <1.2 metre embankment up to track> - No lighting - No third party permissions","TQ 00500 04150"
"110148968","DEL","21.1144","QK","","21.1144","2100","","MAP","","168.0","511.0","Vineyard, Dorking","HKJ2","","","","","","","","","","","110148968","2024-01-22","","NRAIL","","","","","Down Main/Fast","Access off Bradley Lane <13 steps up to track> - No lighting",""
"110142742","DEL","22.0212","QK","","22.0212","1500","","MAP","","561960.0","174098.0","Up North Kent Line Connection access point","HKJ4","","","","","","","","","","","110142742","2024-01-22","","NRAIL","","","","","Up Loop","New access point onto Up North Kent Line Connection, provided by the CTRL project as part of the new connection between the North Kent Line and High speed 1. Joint access with High Speed 1, directly onto NR controlled infrastructure.",""
"110146804","DEL","22.055","QK","","22.055","9999","","MAP","","","","Ebbsfleet substation","HKJ4","","","","","","","","","","","110146804","2024-01-22","","NRAIL","","","","","Unknown","Address:Thames Way, Northfleet:DA10 1EB. OS grid ref TQ613 742",""
"110146806","DEL","22.055","QK","","22.055","9999","","MAP","","","","Northfleet substation","HKJ4","","","","","","","","","","","110146806","2024-01-22","","NRAIL","","","","","Unknown","Address:Springhead Rd, Northfleet:DA11 9QY Details: Ebbsfleet Ind. Est. right at next roundabout, CTRL gate. OS grid ref TQ622 738",""
"70203512","DEL","23.1525","QK","","23.1525","2100","","MAP","","564496.0","174019.0","Gravesend car park","HKJ4","","","","","","","","","","","70203512","2024-01-16","","BBRM","","","","","Down Main/Fast","Risk Rating 10, Hazard Rating 2,Score 20",""
"110161746","DEL","24.0682","QK","","24.0682","1200","","MAP","","528623.0","144828.0","Denehurst","HKJ2","","","","","","","","","","","110161746","2024-01-22","","NRAIL","","","","","Up Slow","","TQ 28623 44828"
"110161625","DEL","24.0682","QK","","24.0682","2100","","MAP","","528623.0","144828.0","Denehurst","HKJ2","","","","","","","","","","","110161625","2024-01-22","","NRAIL","","","","","Down Main/Fast","","TQ 28623 44828"
"70208027","DEL","27.1232","QK","","27.1232","1100","","MAP","","566865.0","167582.0","COBHAMBURY TPH SOLE STREET TP HUT","HKJ6","","","","","","","","","","","70208027","2024-01-16","","NRAIL","","","","","Up Main/Fast","Address:Batts Rd, Cobhambury:DA12 3AB Details: Take Left turn off Gold Street, Cobhambury, Network Rail Gate, by Bridge No 121 @ 27m 55c then into site~ Risk Rating 2, Hazard Rating 2,Score 4, Steps Down",""
"110142393","DEL","28.0","QK","","28.0","1100","","MAP","","570985.0","173275.0","Higham Station LE","HKJ4","","","","","","","","","","","110142393","2024-01-22","","NRAIL","","","","","Up Main/Fast","Score 30",""
"70130296","DEL","28.0332","QK","","28.0332","1100","","MAP","","557284.0","147524.0","Hildenborough/Tonbridge-Eldon Farm","HKJ5","","","","","","","","","AC","","70130296","2024-01-16","","BBRM","","","","","Up Main/Fast","Risk Rating 6, Hazard Rating 2,Score 12",""
"70130297","DEL","28.0344","QK","","28.0344","1100","","MAP","","557292.0","147517.0","Hildenborough/Tonbridge-Eldon Farm","HKJ5","","","","","","","","","AC","","70130297","2024-01-16","","BBRM","","","","","Up Main/Fast","Risk Rating 6, Hazard Rating 2,Score 12",""
"110146810","DEL","28.0496","QK","","28.0496","1100","","MAP","","571284.0","172932.0","Higham substation","HKJ4","","","","","","","","","","","110146810","2024-01-22","","NRAIL","","","","","Up Main/Fast","Address:Canal Rd, Higham:ME3 7JZ Details: off Chalk Road, Higham, @ 28m 23c, then along cess to site. OS grid ref TQ712 731","TQ 71284 72932"
"70260118","DEL","29.098","QK","","29.098","1100","","MAP","","572624.0","171382.0","Higham/Strood-Between Tunnels","HKJ4","","","","","","","","","","","70260118","2024-01-17","","BBRM","","","","","Up Main/Fast","Risk Rating 6, Hazard Rating 2,Score 12",""
"70260119","DEL","29.0985","QK","","29.0985","2100","","MAP","","572626.0","171378.0","Higham/Strood-Between Tunnels","HKJ4","","","","","","","","","","","70260119","2024-01-17","","BBRM","","","","","Down Main/Fast","Risk Rating 2, Hazard Rating 2,Score 4",""
"70197687","DEL","30.0924","QK","","30.0924","1100","","MAP","","559349.0","144846.0","Tonbridge/High Brooms-A21 slip road","HKJ5","","","","","","","","","","","70197687","2024-01-16","","BBRM","","","","","Up Main/Fast","Risk Rating 3, Hazard Rating 2,Score 6",""
"110142425","DEL","30.0924","QK","","30.0924","2100","","MAP","","559349.0","144846.0","Tonbridge/High Brooms-A21 Slip Road Down","HKJ5","","","","","","","","","","","110142425","2024-01-22","","NRAIL","","","","","Down Main/Fast","Score 65",""
"70130419","DEL","30.1694","QK","","30.1694","9999","","MAP","","574086.0","169656.0"," ","HKJ4","","","","","","","","","AC","","70130419","2024-01-16","","BBRM","","","","","Unknown"," ",""
"70260120","DEL","30.1694","QK","","30.1694","1100","","MAP","","574086.0","169656.0","Strood","HKJ4","","","","","","","","","","","70260120","2024-01-17","","BBRM","","","","","Up Main/Fast","Risk Rating 3, Hazard Rating 2,Score 6",""
"70130420","DEL","31.0106","QK","","31.0106","9999","","MAP","","574111.0","169496.0"," ","HKJ4","","","","","","","","","","","70130420","2024-01-16","","BBRM","","","","","Unknown"," ",""
"70260121","DEL","31.011","QK","","31.011","1100","","MAP","","574112.0","169500.0","Strood-BBRML Compound <outer>","HKJ4","","","","","","","","","","","70260121","2024-01-17","","BBRM","","","","","Up Main/Fast","Risk Rating 3, Hazard Rating 3,Score 9",""
"70260122","DEL","31.011","QK","","31.011","1100","","MAP","","574112.0","169500.0","Strood-BBRML Compound <inner>","HKJ4","","","","","","","","","","","70260122","2024-01-17","","BBRM","","","","","Up Main/Fast","Risk Rating 3, Hazard Rating 2,Score 6",""
"70193610","DEL","31.0224","QK","","31.0224","1100","","MAP","","574074.0","169404.0","Strood-Station Rd","HKJ4","","","","","","","","","","","70193610","2024-01-16","","BBRM","","","","","Up Main/Fast","Risk Rating 6, Hazard Rating 2,Score 12",""
"70130421","DEL","31.0374","QK","","31.0374","1500","","MAP","","573980.0","169300.0","Strood-Station Road","HKJ4","","","","","","","","","AC","","70130421","2024-01-16","","BBRM","","","","","Up Loop","Risk Rating 6, Hazard Rating 2,Score 12",""
"110142395","DEL","31.0374","QK","","31.0374","1100","","MAP","","573984.0","169300.0","Strood Station 31m17ch","HKJ4","","","","","","","","","","","110142395","2024-01-22","","NRAIL","","","","","Up Main/Fast","Score 47",""
"70260187","DEL","33.0946","QK","","33.0946","2100","","MAP","","558881.0","140433.0","High Brooms/Tunbridge Wells-Grosvenor Rd","HKJ5","","","","","","","","","","","70260187","2024-01-17","","BBRM","","","","","Down Main/Fast","Risk Rating 3, Hazard Rating 2,Score 6",""
"70260147","DEL","35.1364","QK","","35.1364","2100","","MAP","","570472.0","163436.0","Halling High St bridge","HKJ6","","","","","","","","","","","70260147","2024-01-17","","BBRM","","","","","Down Main/Fast","Risk Rating 10, Hazard Rating 2,Score 20",""
"110178813","DEL","43.1197","QK","","43.1197","2100","","MAP","","535160.0","116681.0","Streat Lane","HKJ2","","","","","","","","","","","110178813","2024-01-23","","NRAIL","","","","","Down Main/Fast","Risk Rating 2, Hazard Rating 2, Score 4 - Access via Streat Lane <15 Steps up to track> - No lighting","TQ 35160 16681"
"110142437","DEL","44.1408","QK","","44.1408","1100","","MAP","","590704.0","163850.0","Sittingbourne Signal Box ","HKJ6","","","","","","","","","","","110142437","2024-01-22","","NRAIL","","","","","Up Main/Fast","Score 1",""
"110171111","DEL","45.0624","QK","","45.0624","0","","MAP","","508277.0","124731.0","Honeysuckle Walk, Billingshurst","HKJ2","","","","","","","","","","","110171111","2024-01-22","","","","","","","All/Multiple Tracks","",""
"70260177","DEL","55.1562","QK","","55.1562","2100","","MAP","","598184.0","146150.0","Hothfield-Station Rd","HKJ6","","","","","","","","","","","70260177","2024-01-17","","BBRM","","","","","Down Main/Fast","Risk Rating 3, Hazard Rating 3,Score 9",""
"110155649","DEL","56.1199","QK","","56.1199","0","","MAP","","","","NEWHAVEN HARBOUR LEVEL CROSSING","HKJ2","","","","","","","","","","","110155649","2024-01-22","","NRAIL","","","","","All/Multiple Tracks","This access point is a level crossing,  be aware of underfoot condition <cattle grids> and road traffic",""
"70260277","DEL","59.0176","QK","","59.0176","1100","","MAP","","605032.0","139312.0","Ashford/Smeeth","HKJ6","","","","","","","","","","","70260277","2024-01-17","","BBRM","","","","","Up Main/Fast","Risk Rating 2, Hazard Rating 3, Score 6",""
"70130334","DEL","60.1166","QK","","60.1166","1100","","MAP","","578761.0","109130.0","Crowhurst/West St. Leonards-Filsham Rd Bridge 137","HKJ5","","","","","","","","","AC","","70130334","2024-01-16","","BBRM","","","","","Up Main/Fast","Risk Rating 3, Hazard Rating 2,Score 6",""
"70215848","DEL","62.0455","QK","","62.0455","2100","","MAP","","615340.0","157118.0","Canterbury East-Bridge 269","HKJ6","","","","","","","","","","","70215848","2024-01-16","","BBRM","","","","","Down Main/Fast","Risk Rating 3, Hazard Rating 2,Score 6",""
"70200805","DEL","63.0129","QK","","63.0129","1100","","MAP","","606873.0","150760.0","Wye/Chilham","HKJ6","","","","","","","","","","","70200805","2024-01-16","","BBRM","","","","","Up Main/Fast","Risk Rating 2, Hazard Rating 2,Score 4, 28 Steps Up",""
"70260294","DEL","67.0022","QK","","67.0022","1100","","MAP","","617370.0","137051.0","Continental Jn-Bargrove Bridge 472","HKJ6","","","","","","","","","","","70260294","2024-01-17","","BBRM","","","","","Up Main/Fast","Risk Rating 3, Hazard Rating 3,Score 9",""
"70312662","DEL","67.0022","QK","","67.0044","1100","","MAP","","617370.0","137051.0","Hythe Road Overbridge, Newington","HKJ6","","","","","","","","","","","70312662","2024-01-17","","BBRM","","","","","Up Main/Fast","information from Mowlem Project Manager Graham Davenport. LIMITED CLEAREANCE.",""
"70312663","DEL","67.0022","QK","","67.0044","1100","","MAP","","617370.0","137051.0","Hythe Road Overbridge, Newington","HKJ6","","","","","","","","","","","70312663","2024-01-17","","BBRM","","","","","Up Main/Fast","information from Mowlem Project Manager Graham Davenport. LIMITED CLEAREANCE.",""
"110147169","DEL","67.0044","QK","","67.0044","9999","","MAP","","","","CONTINENTAL JCN SUBSTATION","HKJ6","","","","","","","","","","","110147169","2024-01-22","","NRAIL","","","","","Unknown","Address:Blackhouse Hill, Frogholt:CT18 8AT Details: Dollands Moor Yard, Main Gate, then along footpath/cess to Folkestone end of yard and site.",""
"70312661","DEL","67.0066","QK","","67.0066","1100","","MAP","","617410.0","137055.0","Hythe Road Overbridge, Newington","HKJ6","","","","","","","","","","","70312661","2024-01-17","","BBRM","","","","","Up Main/Fast","information from Mowlem Project Manager Graham Davenport.",""
"70216296","DEL","73.0407","QK","","73.0407","1100","","MAP","","626651.0","145890.0","Lydden Bridge","HKJ6","","","","","","","","","","","70216296","2024-01-16","","BBRM","","","","","Up Main/Fast","Risk Rating 2, Hazard Rating 2,Score 4",""
"110176453","DEL","8.1006","QK","","8.1006","3600","","MAPE","","537179.0","169877.0","BECKENHAM JUNCTION STATION PLA","HKJ5","","","","","","","","","","","110176453","2024-01-22","","NRAIL","","","","","Rev Terminal/Bay","BECKENHAM JUNCTION STATION PLA - Ungated",""
"110176454","DEL","8.1037","QK","","8.1037","1100","","MAPE","","537208.0","149874.0","BECKENHAM JUNCTION STATION PLA","HKJ5","","","","","","","","","","","110176454","2024-01-22","","NRAIL","","","","","Up Main/Fast","BECKENHAM JUNCTION STATION PLA - Ungated",""
"110176601","DEL","8.107","QK","","8.107","3600","","MAPE","","","","BECKENHAM JUNCTION STATION PL4","HKJ5","","","","","","","","","","","110176601","2024-01-22","","NRAIL","","","","","Rev Terminal/Bay","BECKENHAM JUNCTION STATION PL4 - Ungated",""
"110176455","DEL","8.1071","QK","","8.1071","2100","","MAPE","","537238.0","169869.0","BECKENHAM JUNCTION STATION PLA","HKJ5","","","","","","","","","","","110176455","2024-01-22","","NRAIL","","","","","Down Main/Fast","BECKENHAM JUNCTION STATION PLA - Ungated",""
"110176491","DEL","8.125","QK","","8.125","3600","","MAPE","","536380.0","169830.0","BECKENHAM JUNCTION STATION PLA","HKJ5","","","","","","","","","","","110176491","2024-01-22","","NRAIL","","","","","Rev Terminal/Bay","BECKENHAM JUNCTION STATION PLA - Gated",""
"70260100","DEL","0.0315","QK","","0.0315","1901","","MAR","","531657.0","181564.0","SMITHFIELD NO2 SIDINGS- RRV AC","HKJ4","","","","","","","","","","","70260100","2024-01-16","","NRAIL","","","","","","RRAP is banned for use by Road Rail Plant.  If Road Rail Plant are used at this RRAP appropriate risk assessment should be undertaken due to proximity of 3rd rail.  The RRAP is banned for pedestrian use unless under isolation.                             ","TQ 31657 81564"
"110153301","DEL","2.0882","QK","","2.0882","1500","","MAR","","535901.0","177560.0","NEW CROSS GATE LONDON 70","HKJ4","","","","","","","","","","","110153301","2024-01-22","","NRAIL","","","","","Up Loop"," ","TQ 35901 77560"
"70260139","DEL","10.1386","QK","","10.1386","0","","MAR","","546050.0","178926.0","ABBEY WOOD - CHURCH MANOR WAY","HKJ4","","","","","","","","","","","70260139","2024-01-17","","BBRM","","","","","All/Multiple Tracks","Risk Rating 6, Hazard Rating 2,Score 12",""
"110153312","DEL","15.0186","QK","","15.0186","2100","","MAR","","551982.0","177003.0","[PEARESWOOD ROAD] - SLADE GREEN RD","HKJ4","","","","","","","","","","","110153312","2024-01-22","","NRAIL","","","","","Down Main/Fast"," ","TQ 51982 77003"
"110163731","DEL","26.1265","QK","","26.1265","2500","","MAR","","528760.0","141078.0","Gatwick RRV","HKJ2","","","","","","","","","","","110163731","2024-01-22","","NRAIL","","","","","Down Loop","Gatwick RRV, access via car rental car park, Lower Forecourt / Coach road. Vehicle access street lighting from car park / no third party permission / Left hand side / 20m gravel and track.","TQ 28760 41078"
"110153298","DEL","31.0502","QK","","31.0502","2100","","MAR","","573944.0","169248.0","STROOD - RRV ACCESS","HKJ4","","","","","","","","","","","110153298","2024-01-22","","NRAIL","","","","","Down Main/Fast"," ","TQ 73958 69229"
"70130361","DEL","57.1166","QK","","57.1166","1100","","MAR","","576156.0","112846.0","Crowhurst/West St. Leonards-P/W Access","HKJ5","","","","","","","","","AC","","70130361","2024-01-16","","BBRM","","","","","Up Main/Fast","Risk Rating 2, Hazard Rating 2,Score 4",""
"70109139","DEL","58.1007","QK","","58.1007","3400","","MAR","","547639.0","99446.0","Seaford RRAP","HKJ2","","","","","","","","","","","70109139","2024-01-30","","NRAIL","","","","","Rev Single","Access via St Crispians <Level> - No lighting","TV 47600 99400"
"110142421","DEL","58.121","QK","","58.121","2100","","MAR","","600423.0","142572.0","Maidstone Relief RRV","HKJ6","","","","","","","","","","","110142421","2024-01-22","","NRAIL","","","","","Down Main/Fast","Score 13",""
"70260125","DEL","0.1137","QK","","0.1137","1100","","MAV","","531668.0","180368.0","Blackfriars/Elephant & Cas-Blackfriars Rd Relay Rm","HKJ4","","","","","","","","","","","70260125","2024-01-17","","BBRM","","","","","Up Main/Fast","Risk Rating 2, Hazard Rating 2,Score 4","TQ 31668 80368"
"110142442","DEL","1.0462","QK","","1.0462","2100","","MAV","","532158.0","180072.0","Ewer Street","HKJ4","","","","","","","","","","","110142442","2024-01-22","","NRAIL","","","","","Down Main/Fast","Score 36",""
"70233987","DEL","6.0656","QK","","6.0656","1100","","MAV","","537989.0","175402.0","ParkBridge Relay Room","HKJ4","","","","","","","","","","","70233987","2024-01-16","","BBRM","","","","","Up Main/Fast"," ",""
"110146851","DEL","7.0122","QK","","7.0122","1100","","MAV","","538892.0","174499.0","Hither Green substation","HKJ4","","","","","","","","","","","110146851","2024-01-22","","NRAIL","","","","","Up Main/Fast","Address:Orchid Close, Hither Green:SE13 5LW Details: Nightingale Rd. OS grid ref TQ389 746","TQ 38892 74499"
"110146820","DEL","9.0583","QK","","9.0583","9999","","MAV","","","","Bromley North Intertrip TP Hut","HKJ4","","","","","","","","","","","110146820","2024-01-22","","NRAIL","","","","","Unknown","Address:Plaistow Lane, Bromley:BR1 3TR Details: Bromley North station. OS grid ref TQ407 702",""
"110146838","DEL","9.136","QK","","9.136","3400","","MAV","","536796.0","170151.0","New Beckenham Sidings Track Feeder Hut","HKJ4","","","","","","","","","","","110146838","2024-01-22","","NRAIL","","","","","Rev Single","Address:Bridge Rd, Beckenham:BR3 1AU Details: Waitrose Supermarket car park at Beckenham Junction station. OS grid ref TQ367 702","TQ 36796 70151"
"70203516","DEL","10.0473","QK","","10.0473","1100","","MAV","","543782.0","173064.0"," ","HKJ4","","","","","","","","","","","70203516","2024-01-16","","BBRM","","","","","Up Main/Fast"," ","TQ 43782 73064"
"70204663","DEL","14.0379","QK","","14.0379","2100","","MAV","","551105.0","178128.0","Erith-Metal gate from station car park","HKJ4","","","","","","","","","","","70204663","2024-01-16","","BBRM","","","","","Down Main/Fast","Risk Rating 6, Hazard Rating 2,Score 483",""
"70203517","DEL","15.033","QK","","15.033","1100","","MAV","","551367.0","174322.0","Crayford Station-Car Park","HKJ4","","","","","","","","","","","70203517","2024-01-16","","","","","","","Up Main/Fast","Risk Rating 6, Hazard Rating 2,Score 12","TQ 51367 74322"
"110146801","DEL","31.0506","QK","","31.0506","9999","","MAV","","","","Strood:QC PSF substation","HKJ4","","","","","","","","","","","110146801","2024-01-22","","NRAIL","","","","","Unknown","Address:Station Road, Strood:ME2 4BA Details: Network Rail Gate, inside Strood station car park, at 31m 21c, then cross over lines and along cess to site. OS grid ref TQ739 692",""
"70203888","DEL","33.015","QK","","33.015","3300","","MAV","","578773.0","174309.0","Sharnal Street-Radcliffe Highway","HKJ4","","","","","","","","","","","70203888","2024-01-16","","BBRM","","","","","Rev Goods","Risk Rating 2, Hazard Rating 2,Score 8",""
"70203921","DEL","36.173","QK","","36.173","3300","","MAV","","584336.0","175594.0","Stoke LX","HKJ4","","","","","","","","","","","70203921","2024-01-16","","BBRM","","","","","Rev Goods","Risk Rating 2, Hazard Rating 2,Score 4",""
"70130739","DEL","45.1153","QK","","45.1153","2100","","MAV","","538067.0","115422.0","East Chiltington Farm Crossing","HKJ2","","","","","","","","","","","70130739","2024-01-16","","NRAIL","","","","","Down Main/Fast","Risk Rating 2, Hazard Rating 2, Score 4",""
"70199339","DEL","56.1227","QK","","56.1227","0","","MAV","","544983.0","100864.0","Newhaven Harbour","HKJ2","","","","","","","","","","","70199339","2024-01-16","","NRAIL","","","","","All/Multiple Tracks","Risk Rating 3, Hazard Rating 2, Score 6",""
"110187252","DEL","58.101","QK","","58.101","3400","","MAV","","547648.0","99456.0","ST CRISPIANS","HKJ2","","","","","","","","","","","110187252","2024-05-07","","NRAIL","","","","","Rev Single","Authorised Access Point - Vehicle <MAV>.  What3Words:// instructs.dispose.congratulations.  Access via St Crispians, East Blatchington. Grid Ref: TV476994","TV 47648 99456"
"110151807","ELL1","5.1174","QK","","5.1174","0","","MAP","","","","Sorrell Close access point","HKJ4","","","","","","","","","Access Point","","110151807","2014-12-19","","","","","","","All/Multiple Tracks","Authorised Access Point - Pedestrian - Via Sorrel Close housing estate.~
Coords: 536098.301 177322.892 <TQ 360773>",""
"110151824","ELL1","5.1207","QK","","5.1207","1100","","MAP","","","","J Sainsbury Road Rail Access","HKJ4","","","","","","","","","Access Point","","110151824","2014-12-20","","","","","","","Up Main/Fast","Authorised Access Point - Pedestrian- Via Sainsbury""s.~
Coords: 536075.884 177215.867 <TQ 360772>",""
"110173491","ELL1","6.0056","QK","","6.0056","2100","","MAPE","","536190.0","177003.0","NEW CROSS GATE STN PLT 1","HKJ4","","","","","","","","","","","110173491","2022-08-09","","NRAIL","","","","","Down Main/Fast","",""
"110151833","ELL1","5.1529","QK","","5.1529","2100","","MAV","","","","New Cross Gate station access point","HKJ4","","","","","","","","","Access Point","","110151833","2014-12-20","","","","","","","Down Main/Fast","Authorised Access Point - Vehicle",""
"70198705","FDM","52.0514","QK","","52.0514","2100","","MAP","","602101.0","160719.0","Faversham-Bridge 234","HKJ6","","","","","","","","","","","70198705","2008-09-08","","BBRM","","","","","Down Main/Fast","Risk Rating 10, Hazard Rating 2,Score 20",""
"70198710","FDM","52.1566","QK","","52.1566","2100","","MAP","","602898.0","160185.0","Faversham/Selling-London Rd","HKJ6","","","","","","","","","","","70198710","2008-09-08","","BBRM","","","","","Down Main/Fast","Risk Rating 6, Hazard Rating 2,Score 12",""
"110147082","FDM","53.1056","QK","","53.1056","9999","","MAP","","603543.0","159208.0","BRENLEY TPH FAVERSHAM TP HUT","HKJ6","","","","","","","","","","","110147082","2023-10-31","","NRAIL","","","","","Unknown","Address:Brenley Lane, Brenley, Faversham:ME13 9LU Details: Clockhouse Level Crossing <AHB> near Faversham, @ 53m 49.5c and then along cess to site.",""
"110181552","FDM","53.1122","QK","","53.1122","1100","","MAP","","603557.0","159210.0","CLOCK HOUSE","HKJ6","","","","","","","","","","","110181552","2022-11-11","","NRAIL","","","","","Up Main/Fast","",""
"110181712","FDM","53.1122","QK","","53.1122","2100","","MAP","","603557.0","159210.0","CLOCK HOUSE","HKJ6","","","","","","","","","","","110181712","2022-11-11","","NRAIL","","","","","Down Main/Fast","",""
"70216009","FDM","53.1139","QK","","53.1139","1100","","MAP","","603561.0","159196.0","Clockhouse Level Crossing","HKJ6","","","","","","","","","","","70216009","2017-04-03","","NRAIL","","","","","Up Main/Fast","Risk Rating 4, Hazard Rating 2,Score 8",""
"70216011","FDM","54.0042","QK","","54.0042","2100","","MAP","","603851.0","158673.0","Faversham/Selling-Brenley Bridge","HKJ6","","","","","","","","","","","70216011","2008-09-08","","BBRM","","","","","Down Main/Fast","Risk Rating 6, Hazard Rating 2,Score 12",""
"110181714","FDM","54.0924","QK","","54.0924","2100","","MAP","","604410.0","158087.0","DANE COURT","HKJ6","","","","","","","","","","","110181714","2022-11-11","","NRAIL","","","","","Down Main/Fast","",""
"110181554","FDM","54.0924","QK","","54.0924","1100","","MAP","","604410.0","158087.0","DANE COURT","HKJ6","","","","","","","","","","","110181554","2022-11-11","","NRAIL","","","","","Up Main/Fast","",""
"110181713","FDM","54.1144","QK","","54.1144","2100","","MAP","","604549.0","157942.0","CROUCH LANE","HKJ6","","","","","","","","","","","110181713","2022-11-11","","NRAIL","","","","","Down Main/Fast","",""
"110181553","FDM","54.1144","QK","","54.1144","1100","","MAP","","604549.0","157942.0","CROUCH LANE","HKJ6","","","","","","","","","","","110181553","2022-11-11","","NRAIL","","","","","Up Main/Fast","",""
"70216013","FDM","55.0464","QK","","55.0464","1100","","MAP","","605234.0","157230.0","Selling-Crouch Lane","HKJ6","","","","","","","","","","","70216013","2008-09-08","","BBRM","","","","","Up Main/Fast","Risk Rating 4, Hazard Rating 2,Score 8",""
"70216015","FDM","55.165","QK","","55.165","2100","","MAP","","607471.0","156190.0","Selling-Gores Court Bridge","HKJ6","","","","","","","","","","","70216015","2014-06-17","","NRAIL","","","","","Down Main/Fast","Access via Farm track",""
"110147176","FDM","56.1188","QK","","56.1188","9999","","MAP","","606871.0","156205.0","ENSINGE TPH SELLING TP HUT","HKJ6","","","","","","","","","","","110147176","2023-10-31","","NRAIL","","","","","Unknown","Address:Lower Ensden Rd, Selling:CT4 8BA Details: Through Ensden Farm, off Lower Ensden Road, Then along farm track to Bridge No 246, then through Network Rail Gate, and along cess to site. Please be advised that with effect from 12.4.17 until further notice Ensden Farm Access Point FDM 56m 70c <Bridge 246> has been closed temporarily to Network Rail staff and their contractors unless expressly agreed with IMDM Ashford. This access continues to be available in the event of an emergency or in response to a train performance affecting failure.",""
"110150790","FDM","56.1562","QK","","56.1562","2100","","MAP","","607452.0","156203.0","Lower Ensden Farm","HKJ6","","","","","","","","","AC","","110150790","2017-06-19","","NRAIL","","","","","Down Main/Fast","Please be advised that with effect from 12.4.17 until further notice Ensden Farm Access Point FDM 56m 70c <Bridge 246> has been closed temporarily to Network Rail staff and their contractors unless expressly agreed with IMDM Ashford. This access continues to be available in the event of an emergency or in response to a train performance affecting failure.",""
"70130400","FDM","58.0198","QK","","58.0198","1100","","MAP","","609393.0","155853.0","Chartham North Substation","HKJ6","","","","","","","","","AC","","70130400","2011-05-17","","NRAIL","","","","","Up Main/Fast","Address:Hatch Lane, Chartham:CT4 7PF Details: Off Ashford Road, Chartham, then through Mansfield Farm Depot, Network Rail Gate, then up to cess and site.~ Risk Rating 3, Hazard Rating 2,Score 6, 10 Steps Up",""
"110181551","FDM","58.143","QK","","58.143","1100","","MAP","","610493.0","155699.0","CHARTHAM HATCH","HKJ6","","","","","","","","","","","110181551","2022-11-11","","NRAIL","","","","","Up Main/Fast","",""
"110181711","FDM","58.143","QK","","58.143","2100","","MAP","","610493.0","155699.0","CHARTHAM HATCH","HKJ6","","","","","","","","","","","110181711","2022-11-11","","NRAIL","","","","","Down Main/Fast","",""
"70216017","FDM","58.1435","QK","","58.1435","1100","","MAP","","610498.0","155700.0","Chartham Hatch-AHB","HKJ6","","","","","","","","","","","70216017","2017-09-28","","BBRM","","","","","Up Main/Fast","Risk Rating 2, Hazard Rating 2,Score 4",""
"110181715","FDM","59.0198","QK","","59.0198","2100","","MAP","","610933.0","155890.0","LANG DANE FOOTPATH","HKJ6","","","","","","","","","","","110181715","2022-11-11","","NRAIL","","","","","Down Main/Fast","",""
"110181555","FDM","59.0198","QK","","59.0198","1100","","MAP","","610933.0","155890.0","LANG DANE FOOTPATH","HKJ6","","","","","","","","","","","110181555","2022-11-11","","NRAIL","","","","","Up Main/Fast","",""
"70130401","FDM","59.0777","QK","","59.0777","1100","","MAP","","611308.0","156264.0","Chartham-How Field Lane","HKJ6","","","","","","","","","AC","","70130401","2008-09-08","","BBRM","","","","","Up Main/Fast","Risk Rating 3, Hazard Rating 2,Score 20",""
"110147181","FDM","59.0959","QK","","59.0959","9999","","MAP","","611282.0","156243.0","HOWFIELD TPH CANTERBURY  EAST TP HUT","HKJ6","","","","","","","","","","","110147181","2023-10-31","","NRAIL","","","","","Unknown","Address:Howfield Lane, Chartham Hatch:CT4 7HQ Details: Network Rail Gate, off Howfield Lane, near Canterbury, Then up to cess at Bridge No 251 @ 59m 34.5c and then along cess to site.",""
"110142376","FDM","60.0198","QK","","60.0198","1100","","MAP","","612015.0","157078.0","Tonford Lane Bridge 254","HKJ6","","","","","","","","","","","110142376","2008-09-08","","NRAIL","","","","","Up Main/Fast","Score 10",""
"110181717","FDM","60.0946","QK","","60.0946","2100","","MAP","","612632.0","157347.0","TONFORD ""B""","HKJ6","","","","","","","","","","","110181717","2022-11-11","","NRAIL","","","","","Down Main/Fast","",""
"110181557","FDM","60.0946","QK","","60.0946","1100","","MAP","","612632.0","157347.0","TONFORD ""B""","HKJ6","","","","","","","","","","","110181557","2022-11-11","","NRAIL","","","","","Up Main/Fast","",""
"110142377","FDM","60.1298","QK","","60.1298","2100","","MAP","","612953.0","157352.0","Whitehall Bridge 257","HKJ6","","","","","","","","","","","110142377","2008-09-08","","NRAIL","","","","","Down Main/Fast","Score 86",""
"70193631","FDM","61.1358","QK","","61.1358","1100","","MAP","","614583.0","157291.0","Canterbury East","HKJ6","","","","","","","","","","","70193631","2008-09-08","","BBRM","","","","","Up Main/Fast","Risk Rating 6, Hazard Rating 2,Score 12",""
"110151734","FDM","61.154","QK","","61.154","2100","","MAP","","614896.0","157194.0","Canterbury East Signal Box","HKJ6","","","","","","","","","","","110151734","2014-12-17","","NRAIL","","","","","Down Main/Fast","",""
"70215876","FDM","62.1357","QK","","62.1357","2100","","MAP","","616139.0","157261.0","Canterbury East-Bridge 271","HKJ6","","","","","","","","","","","70215876","2008-09-08","","BBRM","","","","","Down Main/Fast","Risk Rating 6, Hazard Rating 2,Score 12",""
"110147083","FDM","62.1738","QK","","62.1738","9999","","MAP","","616469.0","157159.0","LITTLE BARTON TPH BEKESBOURNE TP HUT","HKJ6","","","","","","","","","","","110147083","2023-10-31","","NRAIL","","","","","Unknown","Address:Spring Lane, Canterbury:CT1 1SN Details: Off Pilgrims Way, Canterbury. Bridge No 271 @ 62m 61c and then along cess to site.",""
"110153248","FDM","63.1606","QK","","63.1606","2100","","MAP","","617873.0","156661.0","COWHOUSE BRIDGE","HKJ6","","","","","","","","","","","110153248","2015-07-22","","NRAIL","","","","","Down Main/Fast","Address:Bekesbourne Lane, canterbury:CT4 5DU No site lighting",""
"110155899","FDM","63.165","QK","","63.165","2100","","MAP","","617908.0","156643.0","HOATH FARM ACCESS","HKJ6","","","","","","","","","","","110155899","2016-06-02","","NRAIL","","","","","Down Main/Fast","","TR 17908 56643"
"70130403","FDM","64.1386","QK","","64.1386","1100","","MAP","","619098.0","155988.0","Bekesbourne Sub Station","HKJ6","","","","","","","","","","","70130403","2011-05-17","","NRAIL","","","","","Up Main/Fast","Address:Station Rd, Bekesbourne:CT4 5EP Details: Network Rail Gate, off Station Approach Road, then into site. ~ Risk Rating 3, Hazard Rating 2,Score 6",""
"110183440","FDM","64.1475","QK","","64.1475","1100","","MAP","","618965.0","156023.0","BEKESBOURNE LANE","HKJ6","","","","","","","","","","","110183440","2023-10-31","","NRAIL","","","","","Up Main/Fast","AUTHORISED ACCESS POINT - PEDESTRIAN",""
"110183441","FDM","65.0176","QK","","65.0176","1100","","MAP","","630802.0","142354.0","SCHOOL LANE","HKJ6","","","","","","","","","","","110183441","2023-10-31","","NRAIL","","","","","Up Main/Fast","AUTHORISED ACCESS POINT - PEDESTRIAN",""
"70215964","FDM","65.0667","QK","","65.0667","2100","","MAP","","619991.0","155656.0","Bekesbourne Bridge 281","HKJ6","","","","","","","","","","","70215964","2008-09-08","","BBRM","","","","","Down Main/Fast","Risk Rating 4, Hazard Rating 2,Score 8, 17 Steps Down",""
"70130404","FDM","65.0682","QK","","65.0682","2100","","MAP","","620004.0","155651.0","Bekesbourne-Aerodrome Road","HKJ6","","","","","","","","","AC","","70130404","2008-09-08","","BBRM","","","","","Down Main/Fast","Risk Rating 4, Hazard Rating 2,Score 8",""
"70260093","FDM","66.0352","QK","","66.0352","2100","","MAP","","621230.0","155197.0","Bekesbourne/Adisham-Bramling Rd Bridge 284","HKJ6","","","","","","","","","","","70260093","2008-09-08","","BBRM","","","","","Down Main/Fast","Risk Rating 2, Hazard Rating 2,Score 4",""
"110147084","FDM","66.0858","QK","","66.0858","9999","","MAP","","621667.0","155007.0","BRAMLING TPH ADISHAM TP HUT","HKJ6","","","","","","","","","","","110147084","2023-10-31","","NRAIL","","","","","Unknown","Address:Bramling Rd West, Adisham:CT3 3LJ Details: Network Rail Gate, off Bramling Road, near Adisham, at Bridge No 285 @ 66m 17c and then along cess to site.",""
"70130405","FDM","68.0352","QK","","68.0352","1100","","MAP","","623835.0","153425.0","Adisham Sub Station","HKJ6","","","","","","","","","","","70130405","2011-05-17","","NRAIL","","","","","Up Main/Fast","Address:Station Rd, Aylesham:CT3 3JA Details: Off Rattling Road, Bridge No 292 @ 68m 29c then along side field / footpath to gate at site. ~ Risk Rating 3, Hazard Rating 2,Score 6",""
"110147085","FDM","69.1474","QK","","69.1474","9999","","MAP","","624701.0","150850.0","SNOWDOWN TP HUT","HKJ6","","","","","","","","","","","110147085","2023-10-31","","NRAIL","","","","","Unknown","Address:Holt Street, Snowdown:CT15 4JL Details: Snowdown Station, Along down side platform to C/E and then along cess to site.",""
"70216170","FDM","69.16","QK","","69.16","2100","","MAP","","624666.0","150845.0","Snowdown-Signalbox","HKJ6","","","","","","","","","","","70216170","2008-09-08","","BBRM","","","","","Down Main/Fast","Risk Rating 10, Hazard Rating 2,Score 20",""
"70260094","FDM","70.0638","QK","","70.0638","2100","","MAP","","625023.0","150209.0","Snowdown-Rubberies Bridge","HKJ6","","","","","","","","","","","70260094","2008-09-08","","BBRM","","","","","Down Main/Fast","Risk Rating 2, Hazard Rating 2,Score 4",""
"110181716","FDM","70.1232","QK","","70.1232","2100","","MAP","","625213.0","149700.0","SOLES FARM","HKJ6","","","","","","","","","","","110181716","2022-11-11","","NRAIL","","","","","Down Main/Fast","",""
"110181556","FDM","70.1232","QK","","70.1232","1100","","MAP","","625213.0","149700.0","SOLES FARM","HKJ6","","","","","","","","","","","110181556","2022-11-11","","NRAIL","","","","","Up Main/Fast","",""
"110147086","FDM","71.1034","QK","","71.1034","2100","","MAP","","625827.0","148233.0","SHEPHERDS WELL SUBSTATION","HKJ6","","","","","","","","","","","110147086","2024-03-21","","NRAIL","","","","","Down Main/Fast","Address:Moorwell Drive, Shepherds Well:CT15 7PE Details: Network Rail Gate, off Station Approach Road, then along yard road to site.",""
"70260095","FDM","71.1276","QK","","71.1276","2100","","MAP","","625792.0","148156.0","Shepherds Well-Station Goods Yard","HKJ6","","","","","","","","","","","70260095","2017-09-28","","BBRM","","","","","Down Main/Fast","Risk Rating 6, Hazard Rating 2,Score 12",""
"110147087","FDM","73.0627","QK","","73.0627","9999","","MAP","","626949.0","145584.0","LYDDEN TPH KEARSNEY TP HUT","HKJ6","","","","","","","","","","","110147087","2023-10-31","","NRAIL","","","","","Unknown","Address:Church Lane, Lydden:CT15 7JS Details: Network Rail Gate, off The Close, off Stonehall Road, Lydden, and then along cess to site.",""
"70216312","FDM","73.0887","QK","","73.0887","1100","","MAP","","626962.0","145585.0","Lydden-The Old Close <Station site>","HKJ6","","","","","","","","","","","70216312","2008-09-08","","BBRM","","","","","Up Main/Fast","Risk Rating 6, Hazard Rating 2,Score 12",""
"70260096","FDM","74.0748","QK","","74.0748","2100","","MAP","","628021.0","144560.0","Temple Ewell-Robertson's ""A"" Bridge","HKJ6","","","","","","","","","","","70260096","2008-09-08","","BBRM","","","","","Down Main/Fast","Risk Rating 3, Hazard Rating 2,Score 6",""
"110147088","FDM","75.0066","QK","","75.0066","9999","","MAP","","628846.0","144047.0","KEARSNEY SUBSTATION","HKJ6","","","","","","","","","","","110147088","2023-10-31","","NRAIL","","","","","Unknown","Address:Temple Ewell, Kearsney:CT16 3DB Details: Kearsney Station, then along down side platform L/E and then into site.",""
"70260097","FDM","75.1738","QK","","75.1738","2100","","MAP","","630062.0","143096.0","Dover-Crabble Rd","HKJ6","","","","","","","","","","","70260097","2008-09-08","","BBRM","","","","","Down Main/Fast","Risk Rating 6, Hazard Rating 2,Score 12",""
"110147089","FDM","76.0418","QK","","76.0418","9999","","MAP","","630320.0","142803.0","BUCKLAND JUNC TPH  KEARSNEY TP HUT","HKJ6","","","","","","","","","","","110147089","2023-10-31","","NRAIL","","","","","Unknown","Address:Crabble Hill, Buckland, Dover:CT17 0RY Details: Network Rail Gate, off Crabble Road, River. At Bridge No 313 @ 76m 02c and then along cess to site.",""
"70216390","FDM","76.0683","QK","","76.0683","2100","","MAP","","630485.0","142632.0","Buckland Jn-Bunkers Hill","HKJ6","","","","","","","","","","","70216390","2008-09-08","","BBRM","","","","","Down Main/Fast","Risk Rating 6, Hazard Rating 2,Score 12",""
"110183442","FDM","76.1122","QK","","76.1122","2100","","MAP","","630817.0","142366.0","COOMBE VALLEY - DOVER","HKJ6","","","","","","","","","","","110183442","2023-10-31","","NRAIL","","","","","Down Main/Fast","AUTHORISED ACCESS POINT - PEDESTRIAN",""
"70216394","FDM","76.1132","QK","","76.1132","2100","","MAP","","630793.0","142360.0","Buckland Jn-Combe Valley Rd","HKJ6","","","","","","","","","","","70216394","2008-09-08","","BBRM","","","","","Down Main/Fast","Risk Rating 6, Hazard Rating 2,Score 12",""
"70216486","FDM","77.033","QK","","77.033","1100","","MAP","","631053.0","141655.0","Dover Yard 2","HKJ6","","","","","","","","","","","70216486","2015-10-22","","NRAIL","","","","","Up Main/Fast","Risk Rating 6, Hazard Rating 2,Score 12",""
"110142380","FDM","77.0396","QK","","77.0396","1100","","MAP","","631324.0","141594.0","Dover Pway Yard","HKJ6","","","","","","","","","","","110142380","2017-09-28","","NRAIL","","","","","Up Main/Fast","Score 6",""
"110142381","FDM","77.0406","QK","","77.0406","1803","","MAP","","631270.0","141804.0","Dover Priory Carriage Siding 1","HKJ6","","","","","","","","","","","110142381","2017-09-28","","NRAIL","","","","","","Score 3",""
"110142382","FDM","77.0418","QK","","77.0418","1802","","MAP","","631330.0","141574.0","Dover Priory Carriage Siding 2","HKJ6","","","","","","","","","","","110142382","2017-09-28","","NRAIL","","","","","","Score 3",""
"110142383","FDM","77.054","QK","","77.054","1803","","MAP","","631362.0","141467.0","Dover Priory Carriage Siding 3","HKJ6","","","","","","","","","","","110142383","2017-09-28","","NRAIL","","","","","","Score 3",""
"110178585","FDM","55.0294","QK","","55.0294","2100","","MAPE","","605143.0","157358.0","SELLING STATION PLAT 2","HKJ6","","","","","","","","","","","110178585","2022-08-05","","NRAIL","","","","","Down Main/Fast","ACCESS POINT - PLATFORM END - UNGATED",""
"110178583","FDM","55.0307","QK","","55.0307","1100","","MAPE","","605123.0","157311.0","SELLING STATION PLAT 1","HKJ6","","","","","","","","","","","110178583","2022-08-05","","NRAIL","","","","","Up Main/Fast","ACCESS POINT - PLATFORM END - UNGATED",""
"110178586","FDM","55.0476","QK","","55.0476","2100","","MAPE","","605241.0","157221.0","SELLING STATION PLAT 2","HKJ6","","","","","","","","","","","110178586","2022-08-05","","NRAIL","","","","","Down Main/Fast","ACCESS POINT - PLATFORM END - GATED",""
"110178584","FDM","55.0486","QK","","55.0486","1100","","MAPE","","605240.0","157208.0","SELLING STATION PLAT 1","HKJ6","","","","","","","","","","","110178584","2022-08-05","","NRAIL","","","","","Up Main/Fast","ACCESS POINT - PLATFORM END - GATED",""
"110178437","FDM","61.1321","QK","","61.1321","2100","","MAPE","","614553.0","157306.0","CANTERBURY EAST STATION PLAT 2","HKJ6","","","","","","","","","","","110178437","2022-08-05","","NRAIL","","","","","Down Main/Fast","ACCESS POINT - PLATFORM END - GATED",""
"110178435","FDM","61.1326","QK","","61.1326","1100","","MAPE","","614555.0","157296.0","CANTERBURY EAST STATION PLAT 1","HKJ6","","","","","","","","","","","110178435","2022-08-05","","NRAIL","","","","","Up Main/Fast","ACCESS POINT - PLATFORM END - GATED",""
"110178438","FDM","61.1503","QK","","61.1503","2100","","MAPE","","614711.0","157256.0","CANTERBURY EAST STATION PLAT 2","HKJ6","","","","","","","","","","","110178438","2022-08-05","","NRAIL","","","","","Down Main/Fast","ACCESS POINT - PLATFORM END - GATED",""
"110178436","FDM","61.1507","QK","","61.1507","1100","","MAPE","","614712.0","157247.0","CANTERBURY EAST STATION PLAT 1","HKJ6","","","","","","","","","","","110178436","2022-08-05","","NRAIL","","","","","Up Main/Fast","ACCESS POINT - PLATFORM END - GATED",""
"110178423","FDM","64.1195","QK","","64.1195","1100","","MAPE","","618929.0","156033.0","BEKESBOURNE STATION PLAT 1","HKJ6","","","","","","","","","","","110178423","2022-08-05","","NRAIL","","","","","Up Main/Fast","ACCESS POINT - PLATFORM END - GATED",""
"110178425","FDM","64.1195","QK","","64.1195","2100","","MAPE","","618932.0","156040.0","BEKESBOURNE STATION PLAT 2","HKJ6","","","","","","","","","","","110178425","2022-08-05","","NRAIL","","","","","Down Main/Fast","ACCESS POINT - PLATFORM END - GATED",""
"110178424","FDM","64.1397","QK","","64.1397","1100","","MAPE","","619100.0","155963.0","BEKESBOURNE STATION PLAT 1","HKJ6","","","","","","","","","","","110178424","2022-08-05","","NRAIL","","","","","Up Main/Fast","ACCESS POINT - PLATFORM END - GATED",""
"110178426","FDM","64.1397","QK","","64.1397","2100","","MAPE","","619103.0","155971.0","BEKESBOURNE STATION PLAT 2","HKJ6","","","","","","","","","","","110178426","2022-08-05","","NRAIL","","","","","Down Main/Fast","ACCESS POINT - PLATFORM END - GATED",""
"110178414","FDM","67.121","QK","","67.121","2100","","MAPE","","623285.0","154066.0","ADISHAM STATION PLAT 2","HKJ6","","","","","","","","","","","110178414","2022-08-05","","NRAIL","","","","","Down Main/Fast","ACCESS POINT - PLATFORM END - GATED",""
"110178411","FDM","67.1257","QK","","67.1257","1100","","MAPE","","623308.0","154029.0","ADISHAM STATION PLAT 1","HKJ6","","","","","","","","","","","110178411","2022-08-05","","NRAIL","","","","","Up Main/Fast","ACCESS POINT - PLATFORM END - GATED",""
"110178413","FDM","67.138","QK","","67.138","2100","","MAPE","","623391.0","153953.0","ADISHAM STATION PLAT 2","HKJ6","","","","","","","","","","","110178413","2022-08-05","","NRAIL","","","","","Down Main/Fast","ACCESS POINT - PLATFORM END - UNGATED",""
"110178412","FDM","67.1431","QK","","67.1431","1100","","MAPE","","623432.0","153928.0","ADISHAM STATION PLAT 1","HKJ6","","","","","","","","","","","110178412","2022-08-05","","NRAIL","","","","","Up Main/Fast","ACCESS POINT - PLATFORM END - UNGATED",""
"110178420","FDM","68.1377","QK","","68.1377","1100","","MAPE","","624188.0","152577.0","AYLESHAM STATION PLAT 1","HKJ6","","","","","","","","","","","110178420","2022-08-05","","NRAIL","","","","","Up Main/Fast","ACCESS POINT - PLATFORM END - GATED",""
"110178422","FDM","68.1377","QK","","68.1377","2100","","MAPE","","624159.0","152577.0","AYLESHAM STATION PLAT 2","HKJ6","","","","","","","","","","","110178422","2022-08-05","","NRAIL","","","","","Down Main/Fast","ACCESS POINT - PLATFORM END - GATED",""
"110178421","FDM","68.1387","QK","","68.1387","2100","","MAPE","","624162.0","152569.0","AYLESHAM STATION PLAT 2","HKJ6","","","","","","","","","","","110178421","2022-08-05","","NRAIL","","","","","Down Main/Fast","ACCESS POINT - PLATFORM END - GATED",""
"110178419","FDM","68.158","QK","","68.158","1100","","MAPE","","624222.0","152406.0","AYLESHAM STATION PLAT 1","HKJ6","","","","","","","","","","","110178419","2022-08-05","","NRAIL","","","","","Up Main/Fast","ACCESS POINT - PLATFORM END - GATED",""
"110178608","FDM","69.1231","QK","","69.1231","2100","","MAPE","","624521.0","151145.0","SNOWDOWN STATION PLAT 2","HKJ6","","","","","","","","","","","110178608","2022-08-05","","NRAIL","","","","","Down Main/Fast","ACCESS POINT - PLATFORM END - UNGATED",""
"110178606","FDM","69.1235","QK","","69.1235","1100","","MAPE","","624516.0","151140.0","SNOWDOWN STATION PLAT 1","HKJ6","","","","","","","","","","","110178606","2022-08-05","","NRAIL","","","","","Up Main/Fast","ACCESS POINT - PLATFORM END - UNGATED",""
"110178609","FDM","69.1423","QK","","69.1423","2100","","MAPE","","618100.0","150702.0","SNOWDOWN STATION PLAT 2","HKJ6","","","","","","","","","","","110178609","2022-08-05","","NRAIL","","","","","Down Main/Fast","ACCESS POINT - PLATFORM END - GATED",""
"110178607","FDM","69.1424","QK","","69.1424","1100","","MAPE","","624575.0","150976.0","SNOWDOWN STATION PLAT 1","HKJ6","","","","","","","","","","","110178607","2022-08-05","","NRAIL","","","","","Up Main/Fast","ACCESS POINT - PLATFORM END - GATED",""
"110178592","FDM","71.1206","QK","","71.1206","1100","","MAPE","","625753.0","148209.0","SHEPHERDS WELL STATION PLAT 1","HKJ6","","","","","","","","","","","110178592","2022-08-05","","NRAIL","","","","","Up Main/Fast","ACCESS POINT - PLATFORM END - UNGATED",""
"110178594","FDM","71.1219","QK","","71.1219","2100","","MAPE","","625764.0","148201.0","SHEPHERDS WELL STATION PLAT 2","HKJ6","","","","","","","","","","","110178594","2022-08-05","","NRAIL","","","","","Down Main/Fast","ACCESS POINT - PLATFORM END - UNGATED",""
"110178593","FDM","71.1386","QK","","71.1386","1100","","MAPE","","619528.0","139344.0","SHEPHERDS WELL STATION PLAT 1","HKJ6","","","","","","","","","","","110178593","2022-08-05","","NRAIL","","","","","Up Main/Fast","ACCESS POINT - PLATFORM END - UNGATED",""
"110178595","FDM","71.1415","QK","","71.1415","2100","","MAPE","","625834.0","148037.0","SHEPHERDS WELL STATION PLAT 2","HKJ6","","","","","","","","","","","110178595","2022-08-05","","NRAIL","","","","","Down Main/Fast","ACCESS POINT - PLATFORM END - UNGATED",""
"110178509","FDM","75.0073","QK","","75.0073","1100","","MAPE","","628866.0","144054.0","KEARSNEY STATION PLAT 1","HKJ6","","","","","","","","","","","110178509","2022-08-05","","NRAIL","","","","","Up Main/Fast","ACCESS POINT - PLATFORM END - GATED",""
"110178511","FDM","75.0095","QK","","75.0095","2100","","MAPE","","628886.0","144047.0","KEARSNEY STATION PLAT 2","HKJ6","","","","","","","","","","","110178511","2022-08-05","","NRAIL","","","","","Down Main/Fast","ACCESS POINT - PLATFORM END - GATED",""
"110178510","FDM","75.0254","QK","","75.0254","1100","","MAPE","","628993.0","143942.0","KEARSNEY STATION PLAT 1","HKJ6","","","","","","","","","","","110178510","2022-08-05","","NRAIL","","","","","Up Main/Fast","ACCESS POINT - PLATFORM END - GATED",""
"110178512","FDM","75.027","QK","","75.027","2100","","MAPE","","629010.0","143939.0","KEARSNEY STATION PLAT 2","HKJ6","","","","","","","","","","","110178512","2022-08-05","","NRAIL","","","","","Down Main/Fast","ACCESS POINT - PLATFORM END - GATED",""
"110178471","FDM","77.0386","QK","","77.0386","3101","","MAPE","","631331.0","141652.0","DOVER PRIORY STATION PLAT 1","HKJ6","","","","","","","","","","","110178471","2022-08-05","","NRAIL","","","","","","ACCESS POINT - PLATFORM END - UNGATED",""
"110178472","FDM","77.0394","QK","","77.0394","3102","","MAPE","","631326.0","141613.0","DOVER PRIORY STATION PLAT 2","HKJ6","","","","","","","","","","","110178472","2022-08-05","","NRAIL","","","","","","ACCESS POINT - PLATFORM END - UNGATED",""
"110178474","FDM","77.0421","QK","","77.0421","3203","","MAPE","","631328.0","141588.0","DOVER PRIORY STATION PLAT 3","HKJ6","","","","","","","","","","","110178474","2022-08-05","","NRAIL","","","","","","ACCESS POINT - PLATFORM END - GATED",""
"110178473","FDM","77.0619","QK","","77.0619","3203","","MAPE","","631358.0","141407.0","DOVER PRIORY STATION PLAT 2 & 3","HKJ6","","","","","","","","","","","110178473","2022-08-05","","NRAIL","","","","","","ACCESS POINT - PLATFORM END - GATED",""
"110178475","FDM","77.0626","QK","","77.0626","3203","","MAPE","","631368.0","141405.0","DOVER PRIORY STATION PLAT 3","HKJ6","","","","","","","","","","","110178475","2022-08-05","",".NRAIL","","","","","","ACCESS POINT - PLATFORM END - GATED",""
"110183526","FDM","61.1716","QK","","61.1716","2100","","MAR","","614904.0","157175.0","CANTERBURY EAST STATION CAR PARK","HKJ6","","","","","","","","","","","110183526","2023-10-31","","NRAIL","","","","","Down Main/Fast","AUTHORISED ACCESS POINT - ROAD/RAIL VEH",""
"110183529","FDM","67.154","QK","","67.154","0","","MAR","","623512.0","153877.0","ADISHAM RRV","HKJ6","","","","","","","","","","","110183529","2023-10-31","","NRAIL","","","","","All/Multiple Tracks","AUTHORISED ACCESS POINT - ROAD/RAIL VEH",""
"110183531","FDM","71.1056","QK","","71.1056","2900","","MAR","","625769.0","148219.0","SHEPHERDSWELL  GOODS YARD RRV","HKJ6","","","","","","","","","","","110183531","2023-10-31","","NRAIL","","","","","Down Siding","AUTHORISED ACCESS POINT - ROAD/RAIL VEH",""
"110183537","FDM","77.1584","QK","","77.165","0","","MAR","","631679.0","140529.0","DOVER WESTERN DOCKS <HAWKSBURY ST> - RRV","HKJ6","","","","","","","","","","","110183537","2023-10-31","","NRAIL","","","","","All/Multiple Tracks","AUTHORISED ACCESS POINT - ROAD/RAIL VEH",""
"110166506","FDM","54.1122","QK","","54.1122","0","","MAV","","604532.0","157953.0","Gushmere Court Farm","HKJ6","","","","","","","","","","","110166506","2023-10-31","","","","","","","All/Multiple Tracks","NR vehicles parking on farmers land. Parking available only on request from farmer. Pls call Josh Berry 07977279869.",""
"110142375","FDM","55.0242","QK","","55.0242","2100","","MAV","","605106.0","157362.0","Selling Sub Station","HKJ6","","","","","","","","","","","110142375","2017-09-28","","NRAIL","","","","","Down Main/Fast","Address:Crouch Lane, Selling:ME13 9PX Details: Network Rail Gate, off Crouch Lane, Selling. then into site.""~ Score 24",""
"70216019","FDM","58.1435","QK","","58.1435","2100","","MAV","","610498.0","155700.0","Chartham Hatch-AHB","HKJ6","","","","","","","","","","","70216019","2008-09-08","","BBRM","","","","","Down Main/Fast","Risk Rating 2, Hazard Rating 2,Score 4",""
"70130435","FDM","61.1512","QK","","61.1512","1100","","MAV","","614718.0","157249.0","Canterbury East-The Goods Yard","HKJ6","","","","","","","","","","","70130435","2017-09-28","","BBRM","","","","","Up Main/Fast","Risk Rating 3, Hazard Rating 2,Score 6",""
"110151735","FDM","61.1716","QK","","61.1716","2100","","MAV","","614902.0","157200.0","Canterbury East Station Car Park","HKJ6","","","","","","","","","","","110151735","2023-10-31","","NRAIL","","","","","Down Main/Fast","",""
"70215936","FDM","64.1115","QK","","64.1115","1100","","MAV","","618866.0","156074.0","Bekesbourne","HKJ6","","","","","","","","","","","70215936","2008-09-08","","BBRM","","","","","Up Main/Fast","Risk Rating 3, Hazard Rating 2,Score 6",""
"70216419","FDM","77.0022","QK","","77.0022","2100","","MAV","","631202.0","141932.0","Dover","HKJ6","","","","","","","","","","","70216419","2008-09-08","","BBRM","","","","","Down Main/Fast","Risk Rating 10, Hazard Rating 3,Score 30, 6 Steps Down",""
"110142384","FDM","77.165","QK","","77.165","2100","","MAV","","631623.0","140623.0","Dover West Docks Freight Clearance Depot","HKJ6","","","","","","","","","","","110142384","2017-09-28","","NRAIL","","","","","Down Main/Fast","Score 13",""
"110181719","FFH2","71.0638","QK","","71.0638","2100","","MAP","","623495.0","136713.0","FOLLY ROAD","HKJ6","","","","","","","","","","","110181719","2022-11-11","","NRAIL","","","","","Down Main/Fast","",""
"110181559","FFH2","71.0638","QK","","71.0638","1100","","MAP","","623495.0","136713.0","FOLLY ROAD","HKJ6","","","","","","","","","","","110181559","2022-11-11","","NRAIL","","","","","Up Main/Fast","",""
"110142385","FFH2","71.0638","QK","","71.0638","1100","","MAP","","623495.0","136713.0","Folly Road Level Crossing","HKJ6","","","","","","","","","","","110142385","2008-09-08","","NRAIL","","","","","Up Main/Fast","Score 11",""
"110142386","FFH2","71.066","QK","","71.066","1100","","MAP","","623488.0","136694.0","Tram Road","HKJ6","","","","","","","","","","","110142386","2008-09-08","","NRAIL","","","","","Up Main/Fast","Score 12",""
"110181718","FFH2","71.1012","QK","","71.1012","2100","","MAP","","623365.0","136692.0","EAST CLIFF","HKJ6","","","","","","","","","","","110181718","2022-11-11","","NRAIL","","","","","Down Main/Fast","",""
"110181558","FFH2","71.1012","QK","","71.1012","1100","","MAP","","623365.0","136692.0","EAST CLIFF","HKJ6","","","","","","","","","","","110181558","2022-11-11","","NRAIL","","","","","Up Main/Fast","",""
"110147064","FJS","23.1364","QK","","23.1364","9999","","MAP","","","","HOOK GREEN RD SUBSTATION","HKJ5","","","","","","","","","","","110147064","2011-05-04","","NRAIL","","","","","Unknown","Address: Hook Green Rd, Hook Green:DA13 9LY        TQ602703",""
"70260098","FLL2","1.1452","QK","","1.1452","9999","","MAV","","528606.0","176533.0","Longhedge Jn","HKJ5","","","","","","","","","","","70260098","2008-09-08","","BBRM","","","","","Unknown","Risk Rating 3, Hazard Rating 3,Score 9",""
"110146826","FTL","0.0154","QK","","0.0154","1100","","MAP","","531700.0","181800.0","Farringdon substation","HKJ4","","","","","","","","","","","110146826","2025-02-10","","NRAIL","","","","","Up Main/Fast","Address:Cow Cross Street, Farringdon, London:EC1M 6DW Details: Farringdon Station, off South bound platform, then along cess / walkway to site. OS grid ref TQ317 818",""
"110146824","FTL","0.077","QK","","0.077","1100","","MAP","","531613.0","181768.0","APOTHECARY STREET","HKJ4","","","","","","","","","","","110146824","2022-08-09","","NRAIL","","","","","Up Main/Fast","Address:Ludgate Hill, Blackfrairs:EC4M 7JU Details: City Thameslink Station. OS grid ref TQ317 811",""
"110146827","FTL","0.0848","QK","","0.0848","1100","","MAP","","531693.0","181076.0","Ludgate Cellars substation","HKJ4","","","","","","","","","","","110146827","2022-08-09","","NRAIL","","","","","Up Main/Fast","Address:Blackfriars Lane, Blackfriars:EC4V 6EB. OS grid ref TQ317 810",""
"110173410","FTL","0.0439","QK","","0.0439","2100","","MAPE","","531678.0","181446.0","CITY THAMESLINK PLT 2","HKJ4","","","","","","","","","","","110173410","2022-08-09","","NRAIL","","","","","Down Main/Fast"," ",""
"110173411","FTL","0.0439","QK","","0.0439","3101","","MAPE","","531678.0","181446.0","CITY THAMESLINK PLT 1","HKJ4","","","","","","","","","","","110173411","2022-08-09","","NRAIL","","","","",""," ",""
"110173413","FTL","0.0739","QK","","0.0739","3101","","MAPE","","531690.0","181175.0","CITY THAMESLINK PLT 1","HKJ4","","","","","","","","","","","110173413","2022-08-09","","NRAIL","","","","",""," ",""
"110173412","FTL","0.0739","QK","","0.0739","3102","","MAPE","","531690.0","181175.0","CITY THAMESLINK PLT 2","HKJ4","","","","","","","","","","","110173412","2022-08-09","","NRAIL","","","","",""," ",""
"110184076","FTL","0.0154","QK","","0.0154","1902","","MAR","","531607.0","181673.0","SMITHFIELD SIDINGS RRAP","HKJ4","","","","","","","","","","","110184076","2023-06-22","","NRAIL","","","","","","MoL SMITHFIELDS RRAP",""
"110173177","HDR","10.0164","QK","","10.0164","1100","","MA","","546281.0","173092.0","GREEN LANE","HKJ4","","","","","","","","","","","110173177","2022-08-09","","NRAIL","","","","","Up Main/Fast","Steps leading from the access gate to trackside have various tripping hazards, due to rotting boards. Also loose hand rail. Steps require rebuilding. As of 09th April 2021 these steps are unsafe to use and should not be included when planning work <SSOWPs",""
"110164876","HDR","12.0078","QK","","12.0078","2100","","MA","","546587.0","172652.0","SIDCUP STATION:6352","HKJ4","","","","","","","","","","","110164876","2022-08-09","","","","","","","Down Main/Fast"," ",""
"110164889","HDR","13.1496","QK","","13.1496","1100","","MA","","549370.0","173433.0","BEXLEY STATION:2051","HKJ4","","","","","","","","","","","110164889","2022-08-09","","","","","","","Up Main/Fast"," ",""
"110164873","HDR","18.0765","QK","","18.0765","1100","","MA","","556253.0","174902.0","NEW TOWN <DARTFORD>:2044","HKJ4","","","","","","","","","","","110164873","2022-08-09","","","","","","","Up Main/Fast"," ",""
"110146805","HDR","24.1416","QK","","24.1416","2100","","MA","","565959.0","173965.0","SWANSCOMBE:2160","HKJ4","","","","","","","","","","","110146805","2022-08-09","","NRAIL","","","","","Down Main/Fast","Address:High Street, Swanscombe:DA10 0NL Details: Swanscombe Station, then walk along platform to L/E, then along cess to site. OS grid ref TQ602 748",""
"110164900","HDR","24.1682","QK","","24.1682","2100","","MA","","566191.0","174037.0","GRAVESEND EAST:2161","HKJ4","","","","","","","","","","","110164900","2022-08-09","","","","","","","Down Main/Fast"," ",""
"70130291","HDR","8.1","QK","","8.1","1100","","MAP","","541206.0","173882.0","SIDCUP ROAD DUTCH HOUSE BRIDGE","HKJ4","","","","","","","","","AC","","70130291","2018-08-03","","BBRM","","","","","Up Main/Fast","Risk Rating 10, Hazard Rating 2,Score 20","TQ 41206 73882"
"110142388","HDR","9.077","QK","","9.077","1100","","MAP","","546281.0","173261.0","Mottingham Station","HKJ4","","","","","","","","","","","110142388","2022-08-09","","NRAIL","","","","","Up Main/Fast","Score 14",""
"110146808","HDR","10.0163","QK","","10.0163","1100","","MAP","","546281.0","173092.0","NEW ELTHAM PUMPING STATION","HKJ4","","","","","","","","","","","110146808","2022-08-09","","NRAIL","","","","","Up Main/Fast","Address:Green Lane, New Eltham:SE9 2DZ Details: L/E of Car Park, or New Eltham Stn L/E of platform @ 10m 22c then along cess to site. OS grid ref TQ435 731","TQ 43634 73092"
"70260103","HDR","10.0616","QK","","10.0616","1100","","MAP","","546281.0","173054.0","NEW ELTHAM UP PLATFORM","HKJ4","","","","","","","","","","","70260103","2022-08-09","","BBRM","","","","","Up Main/Fast","Risk Rating 6, Hazard Rating 2,Score 12",""
"70260102","HDR","11.0874","QK","","11.0874","2100","","MAP","","546281.0","173472.0","SIDCUP ROAD FOOTBRIDGE","HKJ4","","","","","","","","","","","70260102","2022-08-09","","BBRM","","","","","Down Main/Fast","Risk Rating 10, Hazard Rating 2,Score 20","TQ 41885 73472"
"70260104","HDR","12.0064","QK","","12.0064","2100","","MAP","","546574.0","172667.0","SIDCUP STATION CAR PARK","HKJ4","","","","","","","","","","","70260104","2022-08-09","","BBRM","","","","","Down Main/Fast","Risk Rating 6, Hazard Rating 2,Score 12","TQ 46574 72667"
"110146807","HDR","13.0369","QK","","13.0369","1100","","MAP","","548440.0","172995.0","Albany Park substation","HKJ4","","","","","","","","","","","110146807","2018-08-01","","NRAIL","","","","","Up Main/Fast","Address:Alton Close, Bexley:DA5 3QJ Details: Albany Park Station, then walk along platform to C/E, then along cess to site. OS grid ref TQ484 730","TQ 48440 72995"
"110142389","HDR","14.099","QK","","14.099","1100","","MAP","","550405.0","173924.0","Crayford A2 Overbridge","HKJ4","","","","","","","","","","","110142389","2020-12-09","","NRAIL","","","","","Up Main/Fast","Score 18",""
"70260105","HDR","15.1581","QK","","15.1581","1100","","MAP","","552409.0","174693.0","Crayford/Dartford-Gable Close","HKJ4","","","","","","","","","","","70260105","2022-08-09","","BBRM","","","","","Up Main/Fast","Risk Rating 6, Hazard Rating 2,Score12","TQ 52409 74693"
"110178352","HDR","16.04","QK","","16.04","1100","","MAP","","","","CRAYFORD SPUR B","HKJ4","","","","","","","","","","","110178352","2022-08-09","","NRAIL","","","","","Up Main/Fast"," ",""
"110178251","HDR","16.048","QK","","16.048","1100","","MAP","","","","CRAYFORD SPUR B","HKJ4","","","","","","","","","","","110178251","2022-08-09","","NRAIL","","","","","Up Main/Fast"," ",""
"70260107","HDR","16.0896","QK","","16.0896","2100","","MAP","","553380.0","174707.0","KING EDWARDS STREET","HKJ4","","","","","","","","","","","70260107","2022-08-09","","BBRM","","","","","Down Main/Fast","Risk Rating 6, Hazard Rating 2,Score 12","TQ 53380 74707"
"110164895","HDR","17.0132","QK","","17.0132","1100","","MAP","","554238.0","174428.0","DARTFORD - PWAY COMPOUND","HKJ4","","","","","","","","","","","110164895","2023-05-31","","","","","","","Up Main/Fast"," ",""
"110164896","HDR","17.0528","QK","","17.0528","1100","","MAP","","554586.0","174358.0","DARTFORD UP SIDINGS","HKJ4","","","","","","","","","","","110164896","2023-05-31","","","","","","","Up Main/Fast"," ",""
"70203508","HDR","17.0531","QK","","17.0531","3101","","MAP","","554592.0","174334.0","DARTFORD-FULWICH ROAD","HKJ4","","","","","","","","","","","70203508","2022-08-09","","","","","","","","Risk Rating 6, Hazard Rating 2,Score 12","TQ 54592 74334"
"70260109","HDR","17.0543","QK","","17.0543","2100","","MAP","","554597.0","174383.0","DARTFORD-SIGNALBOX COMPOUND","HKJ4","","","","","","","","","","","70260109","2022-08-09","","BBRM","","","","","Down Main/Fast","Risk Rating 3, Hazard Rating 2,Score 6","TQ 54597 74383"
"70260110","HDR","17.07","QK","","17.07","2100","","MAP","","554743.0","174383.0","DARTFORD DOWN SIDINGS","HKJ4","","","","","","","","","","","70260110","2022-08-09","","BBRM","","","","","Down Main/Fast","Risk Rating 6, Hazard Rating 2,Score 12","TQ 54743 74383"
"110142390","HDR","17.1531","QK","","17.1531","1100","","MAP","","555494.0","174487.0","Bow Arrow lane","HKJ4","","","","","","","","","","","110142390","2018-08-01","","NRAIL","","","","","Up Main/Fast","Score 10","TQ 55494 74487"
"70203509","HDR","19.0286","QK","","19.0286","1100","","MAP","","557446.0","174921.0","Stone Crossing Substation","HKJ4","","","","","","","","","","","70203509","2022-08-09","","NRAIL","","","","","Up Main/Fast","Risk Rating 6, Hazard Rating 2,Score 12  Address:St.Marys Road, Swanscombe:DA9 9AP Details: off Church Hill, Stone Crossing at 19m 15c then into site. OS grid ref TQ574 749.",""
"110180836","HDR","19.0308","QK","","19.0308","2100","","MAP","","557443.0","174921.0","STONE","HKJ4","","","","","","","","","","","110180836","2022-10-31","","NRAIL","","","","","Down Main/Fast","",""
"110180815","HDR","19.0308","QK","","19.0308","1100","","MAP","","557443.0","174921.0","STONE","HKJ4","","","","","","","","","","","110180815","2022-10-31","","NRAIL","","","","","Up Main/Fast","",""
"110142391","HDR","20.0974","QK","","20.0974","1100","","MAP","","559644.0","174839.0","Knockhall Road Bridge 834","HKJ4","","","","","","","","","","","110142391","2016-01-04","","NRAIL","","","","","Up Main/Fast","Score 0","TQ 59644 74839"
"70260113","HDR","22.0374","QK","","22.0374","2100","","MAP","","562061.0","173992.0","SOUTH KENT AVENUE - NORTHFLEET","HKJ4","","","","","","","","","","","70260113","2022-08-09","","BBRM","","","","","Down Main/Fast","Risk Rating 6, Hazard Rating 2,Score 12","TQ 62061 73992"
"110142743","HDR","22.0418","QK","","22.0418","2100","","MAP","","562133.0","173907.0","DN NORTH KENT LINE CONNECTION","HKJ4","","","","","","","","","","","110142743","2022-08-09","","NRAIL","","","","","Down Main/Fast","New pedestrian access point onto Down North Kent Line Connection from High Speed 1 turn back sidings, provided by the CTRL project as part of the new connection between the north kent Line and High speed 1. Joint access with high Speed 1 onto High Speed 1",""
"70260114","HDR","23.1125","QK","","23.1125","2100","","MAP","","564146.0","173911.0","GRAVESEND TP HUT","HKJ4","","","","","","","","","","","70260114","2022-08-09","","NRAIL","","","","","Down Main/Fast","Risk Rating 6, Hazard Rating 2,Score 12  Address: St.James Road, Gravesend:DA11 0HF Details: Gravesend Station, then walk along platform to L/E, then along cess to site. OS grid ref TQ642 739","TQ 64146 73911"
"70203513","HDR","23.1518","QK","","23.1518","2100","","MAP","","564498.0","174019.0","GRAVESEND","HKJ4","","","","","","","","","","","70203513","2022-08-09","","BBRM","","","","","Down Main/Fast","Risk Rating 6, Hazard Rating 2,Score 12",""
"110142392","HDR","24.121","QK","","24.121","1100","","MAP","","565787.0","173890.0","Raphael Road","HKJ4","","","","","","","","","","","110142392","2018-08-03","","NRAIL","","","","","Up Main/Fast","Score 81",""
"70260115","HDR","24.132","QK","","24.132","1100","","MAP","","565879.0","173932.0","MILTON ROAD - GRAVESEND","HKJ4","","","","","","","","","","","70260115","2022-08-09","","BBRM","","","","","Up Main/Fast","Risk Rating 6, Hazard Rating 2,Score 12",""
"70260116","HDR","25.0","QK","","25.0","2100","","MAP","","566193.0","174051.0","NORFOLK ROAD","HKJ4","","","","","","","","","","","70260116","2022-08-09","","BBRM","","","","","Down Main/Fast","Risk Rating 3, Hazard Rating 2,Score 6","TQ 66193 74051"
"70260117","HDR","25.011","QK","","25.011","2100","","MAP","","566387.0","174080.0","DENTON SUBSTATION","HKJ4","","","","","","","","","","","70260117","2022-08-09","","NRAIL","","","","","Down Main/Fast","Risk Rating 6, Hazard Rating 2,Score 12 Address: Wharf Road, Gravesend:DA12 2PL Details: off Norfolk Road, Denton, at 25m 08c, then along cess to site. OS grid ref TQ665 741","TQ 66387 74080"
"110180816","HDR","25.1452","QK","","25.1452","1100","","MAP","","567573.0","173941.0","TREES","HKJ4","","","","","","","","","","","110180816","2022-10-31","","NRAIL","","","","","Up Main/Fast","",""
"110180837","HDR","25.1452","QK","","25.1452","2100","","MAP","","567573.0","173941.0","TREES","HKJ4","","","","","","","","","","","110180837","2022-10-31","","NRAIL","","","","","Down Main/Fast","",""
"110180813","HDR","26.044","QK","","26.044","1100","","MAP","","568252.0","174840.0","MILTON RANGE","HKJ4","","","","","","","","","","","110180813","2022-10-31","","NRAIL","","","","","Up Main/Fast","",""
"110180834","HDR","26.044","QK","","26.044","2100","","MAP","","568252.0","174840.0","MILTON RANGE","HKJ4","","","","","","","","","","","110180834","2022-10-31","","NRAIL","","","","","Down Main/Fast","",""
"110146803","HDR","26.1089","QK","","26.1089","2100","","MAP","","568841.0","173761.0","URALITE TPH HOO JUNCTION TP HU","HKJ4","","","","","","","","","","","110146803","2018-08-06","","NRAIL","","","","","Down Main/Fast","Address:Farm Rd, Gravesend:DA12 3HU Details: Off Queen""s Farm Road, Hoo Junction, near Higham, @ 27m 01c. OS grid ref TQ694 737","TQ 68841 73761"
"110180835","HDR","27.0022","QK","","27.0022","2100","","MAP","","569467.0","173661.0","SHORNEMEAD","HKJ4","","","","","","","","","","","110180835","2022-10-31","","NRAIL","","","","","Down Main/Fast","",""
"110180814","HDR","27.0022","QK","","27.0022","1100","","MAP","","569467.0","173661.0","SHORNEMEAD","HKJ4","","","","","","","","","","","110180814","2022-10-31","","NRAIL","","","","","Up Main/Fast","",""
"70196353","HDR","27.0066","QK","","27.0066","1100","","MAP","","569809.0","173612.0","HIGHAM STATION LE","HKJ4","","","","","","","","","","","70196353","2018-08-03","","BBRM","","","","","Up Main/Fast"," ",""
"110180812","HDR","27.099","QK","","27.099","1100","","MAP","","570342.0","173532.0","HOLLANDS NO.1","HKJ4","","","","","","","","","","","110180812","2022-10-31","","NRAIL","","","","","Up Main/Fast","",""
"110180833","HDR","27.099","QK","","27.099","2100","","MAP","","570342.0","173532.0","HOLLANDS NO.1","HKJ4","","","","","","","","","","","110180833","2022-10-31","","NRAIL","","","","","Down Main/Fast","",""
"110146802","HDR","29.109","QK","","29.109","2100","","MAP","","572739.0","171348.0","BOMBHOLE - DILLYWOOD LANE","HKJ4","","","","","","","","","","","110146802","2018-08-01","","NRAIL","","","","","Down Main/Fast","Address:Dillywood Lane, Higham:ME3 7ND Details: Off Dillywood Lane, Farm Gate, near Strood. OS grid ref TQ 727 713","TQ 72739 71348"
"70260123","HDR","31.011","QK","","31.011","2100","","MAP","","574112.0","169500.0","STROOD DOWN","HKJ4","","","","","","","","","","","70260123","2022-08-09","","BBRM","","","","","Down Main/Fast","Risk Rating 3, Hazard Rating 2,Score 6",""
"70260124","HDR","31.0704","QK","","31.0704","2100","","MAP","","573997.0","169014.0","Strood-Station car park","HKJ6","","","","","","","","","","","70260124","2008-09-08","","BBRM","","","","","Down Main/Fast","Risk Rating 6, Hazard Rating 2,Score 12",""
"110173226","HDR","7.0191","QK","","7.0191","2100","","MAPE","","538969.0","174493.0","HITHER GREEN STN PLT 6","HKJ4","","","","","","","","","","","110173226","2022-08-09","","NRAIL","","","","","Down Main/Fast"," ",""
"110173271","HDR","7.0237","QK","","7.0237","1100","","MAPE","","539002.0","174467.0","HITHER GREEN STN PLT 5","HKJ4","","","","","","","","","","","110173271","2022-08-09","","NRAIL","","","","","Up Main/Fast"," ",""
"110173272","HDR","7.0461","QK","","7.0461","2100","","MAPE","","539181.0","174370.0","HITHER GREEN STN PLT 6","HKJ4","","","","","","","","","","","110173272","2022-08-09","","NRAIL","","","","","Down Main/Fast"," ",""
"110173227","HDR","7.0506","QK","","7.0506","1100","","MAPE","","539220.0","174355.0","HITHER GREEN STN PLT 5","HKJ4","","","","","","","","","","","110173227","2022-08-09","","NRAIL","","","","","Up Main/Fast"," ",""
"110173273","HDR","7.1342","QK","","7.1342","2100","","MAPE","","539974.0","174237.0","LEE STN PLT 2","HKJ4","","","","","","","","","","","110173273","2022-08-09","","NRAIL","","","","","Down Main/Fast"," ",""
"110173228","HDR","7.1364","QK","","7.1364","1100","","MAPE","","539994.0","174235.0","LEE STN PLT 1","HKJ4","","","","","","","","","","","110173228","2022-08-09","","NRAIL","","","","","Up Main/Fast"," ",""
"110173274","HDR","7.1605","QK","","7.1605","2100","","MAPE","","540212.0","174204.0","LEE STN PLT 2","HKJ4","","","","","","","","","","","110173274","2022-08-09","","NRAIL","","","","","Down Main/Fast"," ",""
"110173275","HDR","7.1609","QK","","7.1609","1100","","MAPE","","540126.0","174204.0","LEE STN PLT 1","HKJ4","","","","","","","","","","","110173275","2022-08-09","","NRAIL","","","","","Up Main/Fast"," ",""
"110173229","HDR","9.0719","QK","","9.0719","2100","","MAPE","","546281.0","173271.0","MOTTINGHAM STN PLT 2","HKJ4","","","","","","","","","","","110173229","2022-08-09","","NRAIL","","","","","Down Main/Fast"," ",""
"110173230","HDR","9.0729","QK","","9.0729","1100","","MAPE","","546281.0","173269.0","MOTTINGHAM STN PLT 1","HKJ4","","","","","","","","","","","110173230","2022-08-09","","NRAIL","","","","","Up Main/Fast"," ",""
"110173276","HDR","10.0527","QK","","10.0527","2100","","MAPE","","546281.0","173065.0","NEW ELTHAM STN PLT 2","HKJ4","","","","","","","","","","","110173276","2022-08-09","","NRAIL","","","","","Down Main/Fast"," ",""
"110173277","HDR","10.0542","QK","","10.0542","1100","","MAPE","","546281.0","173063.0","NEW ELTHAM STN PLT 1","HKJ4","","","","","","","","","","","110173277","2022-08-09","","NRAIL","","","","","Up Main/Fast"," ",""
"110173342","HDR","11.1498","QK","","11.1498","1100","","MAPE","","546281.0","172656.0","SIDCUP STN PLT 1","HKJ4","","","","","","","","","","","110173342","2022-08-09","","NRAIL","","","","","Up Main/Fast"," ",""
"110173343","HDR","11.1499","QK","","11.1499","2100","","MAPE","","546281.0","172656.0","SIDCUP STN PLT 2","HKJ4","","","","","","","","","","","110173343","2022-08-09","","NRAIL","","","","","Down Main/Fast"," ",""
"110173344","HDR","12.0016","QK","","12.0016","1100","","MAPE","","546530.0","172650.0","SIDCUP STN PLT 1","HKJ4","","","","","","","","","","","110173344","2022-08-09","","NRAIL","","","","","Up Main/Fast"," ",""
"110173345","HDR","12.0018","QK","","12.0018","2100","","MAPE","","546528.0","172650.0","SIDCUP STN PLT 2","HKJ4","","","","","","","","","","","110173345","2022-08-09","","NRAIL","","","","","Down Main/Fast"," ",""
"110173346","HDR","12.1349","QK","","12.1349","2100","","MAPE","","547739.0","172829.0","ALBANY PARK STN PLT 2","HKJ4","","","","","","","","","","","110173346","2022-08-09","","NRAIL","","","","","Down Main/Fast"," ",""
"110173347","HDR","12.138","QK","","12.138","1100","","MAPE","","546642.0","172656.0","ALBANY PARK STN PLT 1","HKJ4","","","","","","","","","","","110173347","2022-08-09","","NRAIL","","","","","Up Main/Fast"," ",""
"110173348","HDR","12.16","QK","","12.16","2100","","MAPE","","546530.0","172650.0","ALBANY PARK STN PLT 2","HKJ4","","","","","","","","","","","110173348","2022-08-09","","NRAIL","","","","","Down Main/Fast"," ",""
"110173349","HDR","12.1646","QK","","12.1646","1100","","MAPE","","548008.0","172879.0","ALBANY PARK STN PLT 1","HKJ4","","","","","","","","","","","110173349","2022-08-09","","NRAIL","","","","","Up Main/Fast"," ",""
"110173350","HDR","13.1319","QK","","13.1319","1100","","MAPE","","549223.0","173368.0","BEXLEY STN PLT 1","HKJ4","","","","","","","","","","","110173350","2022-08-09","","NRAIL","","","","","Up Main/Fast"," ",""
"110173351","HDR","13.132","QK","","13.132","2100","","MAPE","","548225.0","172940.0","BEXLEY STN PLT 2","HKJ4","","","","","","","","","","","110173351","2022-08-09","","NRAIL","","","","","Down Main/Fast"," ",""
"110173352","HDR","13.1597","QK","","13.1597","1100","","MAPE","","549454.0","173472.0","BEXLEY STN PLT 1","HKJ4","","","","","","","","","","","110173352","2022-08-09","","NRAIL","","","","","Up Main/Fast"," ",""
"110173353","HDR","13.1603","QK","","13.1603","2100","","MAPE","","549459.0","174474.0","BEXLEY STN PLT 2","HKJ4","","","","","","","","","","","110173353","2022-08-09","","NRAIL","","","","","Down Main/Fast"," ",""
"110173354","HDR","15.0381","QK","","15.0381","1100","","MAPE","","551372.0","174339.0","CRAYFORD STN PLT 1","HKJ4","","","","","","","","","","","110173354","2022-08-09","","NRAIL","","","","","Up Main/Fast"," ",""
"110173355","HDR","15.0396","QK","","15.0396","2100","","MAPE","","551385.0","174334.0","CRAYFORD STN PLT 2","HKJ4","","","","","","","","","","","110173355","2022-08-09","","NRAIL","","","","","Down Main/Fast"," ",""
"110173341","HDR","15.0656","QK","","15.0656","1100","","MAPE","","551603.0","174437.0","CRAYFORD STN PLT 1","HKJ4","","","","","","","","","","","110173341","2022-08-09","","NRAIL","","","","","Up Main/Fast"," ",""
"110173340","HDR","15.0672","QK","","15.0672","2100","","MAPE","","551616.0","174443.0","CRAYFORD STN PLT 2","HKJ4","","","","","","","","","","","110173340","2022-08-09","","NRAIL","","","","","Down Main/Fast"," ",""
"110173372","HDR","17.0111","QK","","17.0111","0","","MAPE","","554222.0","174438.0","DARTFORD STN PLT 3 & 4","HKJ4","","","","","","","","","","","110173372","2022-08-09","","NRAIL","","","","","All/Multiple Tracks"," ",""
"110173339","HDR","17.0174","QK","","17.0174","0","","MAPE","","554271.0","174408.0","DARTFORD STN PLT 1 & 2","HKJ4","","","","","","","","","","","110173339","2022-08-09","","NRAIL","","","","","All/Multiple Tracks"," ",""
"110173373","HDR","17.0395","QK","","17.0395","0","","MAPE","","554465.0","174359.0","DARTFORD STN PLT 3 & 4","HKJ4","","","","","","","","","","","110173373","2022-08-09","","NRAIL","","","","","All/Multiple Tracks"," ",""
"110173374","HDR","17.0459","QK","","17.0459","0","","MAPE","","554523.0","174355.0","DARTFORD STN PLT 1 & 2","HKJ4","","","","","","","","","","","110173374","2022-08-09","","NRAIL","","","","","All/Multiple Tracks"," ",""
"110173338","HDR","18.1746","QK","","18.1746","2100","","MAPE","","557149.0","174916.0","STONE CROSSING STN PLT 2","HKJ4","","","","","","","","","","","110173338","2022-08-09","","NRAIL","","","","","Down Main/Fast"," ",""
"110173337","HDR","19.001","QK","","19.001","1100","","MAPE","","557162.0","174916.0","STONE CROSSING STN PLT 1","HKJ4","","","","","","","","","","","110173337","2022-08-09","","NRAIL","","","","","Up Main/Fast"," ",""
"110173336","HDR","19.0289","QK","","19.0289","1100","","MAPE","","557446.0","174921.0","STONE CROSSING STN PLT 1","HKJ4","","","","","","","","","","","110173336","2022-08-09","","NRAIL","","","","","Up Main/Fast"," ",""
"110173335","HDR","19.0294","QK","","19.0294","2100","","MAPE","","557430.0","174920.0","STONE CROSSING STN PLT 2","HKJ4","","","","","","","","","","","110173335","2022-08-09","","NRAIL","","","","","Down Main/Fast"," ",""
"110173334","HDR","19.139","QK","","19.139","1100","","MAPE","","557289.0","174918.0","GREENHITHE STN PLT 1","HKJ4","","","","","","","","","","","110173334","2022-08-09","","NRAIL","","","","","Up Main/Fast"," ",""
"110173333","HDR","19.1391","QK","","19.1391","2100","","MAPE","","558426.0","174877.0","GREENHITHE STN PLT 2","HKJ4","","","","","","","","","","","110173333","2022-08-09","","NRAIL","","","","","Down Main/Fast"," ",""
"110173376","HDR","19.1661","QK","","19.1661","1100","","MAPE","","558667.0","174818.0","GREENHITHE STN PLT 1","HKJ4","","","","","","","","","","","110173376","2022-08-09","","NRAIL","","","","","Up Main/Fast"," ",""
"110173375","HDR","19.1661","QK","","19.1661","2100","","MAPE","","558667.0","174818.0","GREENHITHE STN PLT 2","HKJ4","","","","","","","","","","","110173375","2022-08-09","","NRAIL","","","","","Down Main/Fast"," ",""
"110173331","HDR","21.0228","QK","","21.0228","1100","","MAPE","","560571.0","174770.0","SWANSCOMBE STN PLT 1","HKJ4","","","","","","","","","","","110173331","2022-08-09","","NRAIL","","","","","Up Main/Fast"," ",""
"110173332","HDR","21.0238","QK","","21.0238","2100","","MAPE","","560579.0","174769.0","SWANSCOMBE STN PLT 2","HKJ4","","","","","","","","","","","110173332","2022-08-09","","NRAIL","","","","","Down Main/Fast"," ",""
"110173377","HDR","21.0524","QK","","21.0524","1100","","MAPE","","560842.0","174744.0","SWANSCOMBE STN PLT 1","HKJ4","","","","","","","","","","","110173377","2022-08-09","","NRAIL","","","","","Up Main/Fast"," ",""
"110173378","HDR","21.0526","QK","","21.0526","2100","","MAPE","","560844.0","174744.0","SWANSCOMBE STN PLT 2","HKJ4","","","","","","","","","","","110173378","2022-08-09","","NRAIL","","","","","Down Main/Fast"," ",""
"110173330","HDR","21.129","QK","","21.129","1100","","MAPE","","560480.0","174777.0","NORTHFLEET STN PLT 1","HKJ4","","","","","","","","","","","110173330","2022-08-09","","NRAIL","","","","","Up Main/Fast"," ",""
"110173329","HDR","21.1366","QK","","21.1366","2100","","MAPE","","561555.0","174471.0","NORTHFLEET STN PLT 2","HKJ4","","","","","","","","","","","110173329","2022-08-09","","NRAIL","","","","","Down Main/Fast"," ",""
"110173380","HDR","21.1558","QK","","21.1558","1100","","MAPE","","561696.0","174366.0","NORTHFLEET STN PLT 1","HKJ4","","","","","","","","","","","110173380","2022-08-09","","NRAIL","","","","","Up Main/Fast"," ",""
"110173379","HDR","21.164","QK","","21.164","2100","","MAPE","","560512.0","174775.0","NORTHFLEET STN PLT 2","HKJ4","","","","","","","","","","","110173379","2022-08-09","","NRAIL","","","","","Down Main/Fast"," ",""
"110173381","HDR","23.1462","QK","","23.1462","3101","","MAPE","","564438.0","174010.0","GRAVESEND PLT 1","HKJ4","","","","","","","","","","","110173381","2022-08-09","","NRAIL","","","","",""," ",""
"110173364","HDR","23.1474","QK","","23.1474","2100","","MAPE","","564450.0","174012.0","GRAVESEND PLT 2","HKJ4","","","","","","","","","","","110173364","2022-08-09","","NRAIL","","","","","Down Main/Fast"," ",""
"110173365","HDR","23.1482","QK","","23.1482","3600","","MAPE","","564457.0","174014.0","GRAVESEND PLT 0","HKJ4","","","","","","","","","","","110173365","2022-08-09","","NRAIL","","","","","Rev Terminal/Bay"," ",""
"110173366","HDR","23.1735","QK","","23.1735","2100","","MAPE","","564687.0","174022.0","GRAVESEND PLT 2","HKJ4","","","","","","","","","","","110173366","2022-08-09","","NRAIL","","","","","Down Main/Fast"," ",""
"110173328","HDR","27.0154","QK","","27.0154","2100","","MAPE","","569586.0","173644.0","HOO JCN STAFF HALT PLT 2","HKJ4","","","","","","","","","","","110173328","2022-08-09","","NRAIL","","","","","Down Main/Fast"," ",""
"110173383","HDR","27.0174","QK","","27.0174","2100","","MAPE","","569604.0","173641.0","HOO JCN STAFF HALT PLT 2","HKJ4","","","","","","","","","","","110173383","2022-08-09","","NRAIL","","","","","Down Main/Fast"," ",""
"110173325","HDR","27.0536","QK","","27.0536","1100","","MAPE","","569932.0","173593.0","HOO JCN STAFF HALT PLT 1","HKJ4","","","","","","","","","","","110173325","2022-08-09","","NRAIL","","","","","Up Main/Fast"," ",""
"110173326","HDR","27.0564","QK","","27.0564","1100","","MAPE","","569957.0","173589.0","HOO JCN STAFF HALT PLT 1","HKJ4","","","","","","","","","","","110173326","2022-08-09","","NRAIL","","","","","Up Main/Fast"," ",""
"110173327","HDR","28.0797","QK","","28.0797","2100","","MAPE","","571467.0","172731.0","HIGHAM STN PLT 2","HKJ4","","","","","","","","","","","110173327","2022-08-09","","NRAIL","","","","","Down Main/Fast"," ",""
"110173324","HDR","28.0801","QK","","28.0801","1100","","MAPE","","571469.0","172729.0","HIGHAM STN PLT 1","HKJ4","","","","","","","","","","","110173324","2022-08-09","","NRAIL","","","","","Up Main/Fast"," ",""
"110173323","HDR","28.1066","QK","","28.1066","2100","","MAPE","","571631.0","172548.0","HIGHAM STN PLT 2","HKJ4","","","","","","","","","","","110173323","2022-08-09","","NRAIL","","","","","Down Main/Fast"," ",""
"110173322","HDR","28.1071","QK","","28.1071","1100","","MAPE","","571634.0","172544.0","HIGHAM STN PLT 1","HKJ4","","","","","","","","","","","110173322","2022-08-09","","NRAIL","","","","","Up Main/Fast"," ",""
"110173385","HDR","31.0045","QK","","31.0045","2100","","MAPE","","574114.0","169559.0","STROOD STN PLT 1","HKJ4","","","","","","","","","","","110173385","2022-08-09","","NRAIL","","","","","Down Main/Fast"," ",""
"110173382","HDR","31.0047","QK","","31.0047","1100","","MAPE","","574114.0","169557.0","STROOD STN PLT 2","HKJ4","","","","","","","","","","","110173382","2022-08-09","","NRAIL","","","","","Up Main/Fast"," ",""
"110173384","HDR","31.0333","QK","","31.0333","1100","","MAPE","","574007.0","169329.0","STROOD STN PLT 2","HKJ4","","","","","","","","","","","110173384","2022-08-09","","NRAIL","","","","","Up Main/Fast"," ",""
"110173321","HDR","31.034","QK","","31.034","2100","","MAPE","","574113.0","169569.0","STROOD STN PLT 1","HKJ4","","","","","","","","","","","110173321","2022-08-09","","NRAIL","","","","","Down Main/Fast"," ",""
"110142387","HDR","7.0704","QK","","7.0704","1100","","MAR","","539393.0","174320.0","HITHER GREEN - RRV ACCESS","HKJ4","","","","","","","","","","","110142387","2020-12-09","","NRAIL","","","","","Up Main/Fast","Score 8","TQ 39393 74320"
"110153295","HDR","10.0483","QK","","10.0483","1100","","MAR","","546281.0","173064.0","NEW ELTHAM RRV","HKJ4","","","","","","","","","","","110153295","2022-08-09","","NRAIL","","","","","Up Main/Fast"," ","TQ 43782 73064"
"110153296","HDR","15.0423","QK","","15.0423","1100","","MAR","","551367.0","174322.0","CRAYFORD STATION RRV","HKJ4","","","","","","","","","","","110153296","2020-12-09","","NRAIL","","","","","Up Main/Fast"," ","TQ 51367 74322"
"110153297","HDR","17.0545","QK","","17.0545","2100","","MAR","","554601.0","174368.0","DARTFORD SIGNAL BOX RRV","HKJ4","","","","","","","","","","","110153297","2020-12-09","","NRAIL","","","","","Down Main/Fast"," ","TQ 54601 74368"
"70203520","HDR","22.1654","QK","","22.1654","2100","","MAR","","563099.0","173557.0","DUDLEY ROAD RRV","HKJ4","","","","","","","","","","","70203520","2022-08-09","","BBRM","","","","","Down Main/Fast","Risk Rating 6, Hazard Rating 2,Score 12","TQ 63099 73557"
"110153308","HDR","25.014","QK","","25.014","2100","","MAR","","566387.0","174080.0","DENTON - GRAVESEND RRV","HKJ4","","","","","","","","","","","110153308","2018-08-02","","NRAIL","","","","","Down Main/Fast"," ","TQ 66387 74080"
"110153315","HDR","27.0616","QK","","27.0616","1901","","MAR","","570004.0","173582.0","HOO JUNCTION RRV","HKJ4","","","","","","","","","","","110153315","2022-08-09","","NRAIL","","","","",""," ","TQ 70126 73624"
"70203515","HDR","8.1188","QK","","8.1188","1100","","MAV","","541340.0","173772.0","LEE/MOTTINGHAM-QUAGGY RIVER AC","HKJ4","","","","","","","","","","","70203515","2022-08-09","","BBRM","","","","","Up Main/Fast","Risk Rating 10, Hazard Rating 2,Score 20","TQ 41340 73772"
"70203518","HDR","17.0142","QK","","17.0142","1900","","MAV","","554236.0","174407.0","DARTFORD-GATE OPP P.WAY COMPOU","HKJ4","","","","","","","","","","","70203518","2022-08-09","","","","","","","Up Siding","Risk Rating 6, Hazard Rating 2,Score 12","TQ 54236 74407"
"70203519","HDR","17.0543","QK","","17.0543","2100","","MAV","","554597.0","174383.0","DARTFORD SIGNAL BOX","HKJ4","","","","","","","","","","","70203519","2022-08-09","","","","","","","Down Main/Fast","Risk Rating 6, Hazard Rating 2,Score 12","TQ 54597 74383"
"70193572","HDR","28.0242","QK","","28.0242","1100","","MAV","","569809.0","173612.0","HOO JUNCTION","HKJ4","","","","","","","","","","","70193572","2021-05-26","","BBRM","","","","","Up Main/Fast"," ",""
"110142394","HDR","28.1188","QK","","28.1188","1100","","MAV","","571687.0","172451.0","Higham Tunnel LE","HKJ4","","","","","","","","","","","110142394","2021-05-26","","NRAIL","","","","","Up Main/Fast","Score 31","TQ 71687 72451"
"110142396","HDR","31.0484","QK","","31.0484","2100","","MAV","","573944.0","169248.0","STROOD STATION RRV","HKJ4","","","","","","","","","","","110142396","2018-08-06","","NRAIL","","","","","Down Main/Fast","Score 13","TQ 73944 69248"
"110164890","HHH","0.1098","QK","","0.1098","1200","","MA","","531689.0","180409.0","BLACKFRIARS CORE NODE:BFJC","HKJ4","","","","","","","","","FTN Node","","110164890","2025-02-10","","","","","","","Up Slow"," Access to the FTN Node is via Blackfriars Ramp hazard ID 110153299 ",""
"110179023","HHH","3.1379","QK","","3.1379","1100","","MA","","531930.0","175546.0","Shakespeare road access holborn lines","HKJ5","","","","","","","","","","","110179023","2022-08-15","","NRAIL","","","","","Up Main/Fast","No Access/Egress found in HD <Custom Access used as verified/Assessed by Site visit>",""
"110186632","HHH","1.0186","QK","","1.0186","1200","","MAP","","531949.0","179667.0","RUSHWORTH STREET","HKJ4","","","","","","","","","","","110186632","2024-03-20","","NRAIL","","","","","Up Slow","PEDESTRIAN ACCESS OFF RUSHWORTH STREET",""
"70260126","HHH","2.054","QK","","2.054","2200","","MAP","","532337.0","177814.0","JOHN RUSKIN STREET","HKJ4","","","","","","","","","","","70260126","2022-08-09","","BBRM","","","","","Down Slow","Risk Rating 3, Hazard Rating 2,Score 6","TQ 32337 77814"
"110146989","HHH","3.0902","QK","","3.0902","9999","","MAP","","531914.0","175983.0","LOUGHBOROUGH JCTN SUBSTATION","HKJ5","","","","","","","","","","","110146989","2022-08-05","","NRAIL","","","","","Unknown","Address: Coldharbour Lane, Brixton:SE5 9DL       Details:Off platform London end           TQ319759",""
"110146932","HHH","4.0748","QK","","4.0748","9999","","MAP","","531891.0","174561.0","HERNE HILL TPH TP HUT","HKJ5","","","","","","","","","","","110146932","2022-08-05","","NRAIL","","","","","Unknown","Address:Milkwood Rd, Herne Hill:SE24 0HA     Details:Herne Hill Station, L/E of No 1 Platform, @ 3m71c Network Rail gate, then along cess to site       TQ319745",""
"110173414","HHH","0.0655","QK","","0.0655","2100","","MAPE","","531720.0","180833.0","BLACKFRIARS STN PLT 1","HKJ4","","","","","","","","","","","110173414","2022-08-09","","NRAIL","","","","","Down Main/Fast"," ",""
"110173425","HHH","0.0715","QK","","0.0715","1100","","MAPE","","531726.0","180776.0","BLACKFRIARS STN PLT 2","HKJ4","","","","","","","","","","","110173425","2022-08-09","","NRAIL","","","","","Up Main/Fast"," ",""
"110173424","HHH","0.0961","QK","","0.0961","2100","","MAPE","","531721.0","180542.0","BLACKFRIARS STN PLT 1","HKJ4","","","","","","","","","","","110173424","2022-08-09","","NRAIL","","","","","Down Main/Fast"," ",""
"110173423","HHH","0.0966","QK","","0.0966","1100","","MAPE","","531721.0","180538.0","BLACKFRIARS STN PLT 2 & 3","HKJ4","","","","","","","","","","","110173423","2022-08-09","","NRAIL","","","","","Up Main/Fast"," ",""
"110173422","HHH","0.0968","QK","","0.0968","1200","","MAPE","","531721.0","180536.0","BLACKFRIARS STN PLT 4","HKJ4","","","","","","","","","","","110173422","2022-08-09","","NRAIL","","","","","Up Slow"," ",""
"110173417","HHH","1.0933","QK","","1.0933","1100","","MAPE","","532095.0","179016.0","ELEPHANT & CASTLE STN PLT 3","HKJ4","","","","","","","","","","","110173417","2022-08-09","","NRAIL","","","","","Up Main/Fast"," ",""
"110173416","HHH","1.0934","QK","","1.0934","2200","","MAPE","","532095.0","179016.0","ELEPHANT & CASTLE STN PLT 2","HKJ4","","","","","","","","","","","110173416","2022-08-09","","NRAIL","","","","","Down Slow"," ",""
"110173415","HHH","1.0942","QK","","1.0942","1200","","MAPE","","532094.0","179008.0","ELEPHANT & CASTLE STN PLT 1","HKJ4","","","","","","","","","","","110173415","2022-08-09","","NRAIL","","","","","Up Slow"," ",""
"110173418","HHH","1.0942","QK","","1.0942","2100","","MAPE","","532094.0","179008.0","ELEPHANT & CASTLE STN PLT 4","HKJ4","","","","","","","","","","","110173418","2022-08-09","","NRAIL","","","","","Down Main/Fast"," ",""
"110173419","HHH","1.111","QK","","1.111","1200","","MAPE","","531921.0","179733.0","ELEPHANT & CASTLE STN PLT 1","HKJ4","","","","","","","","","","","110173419","2022-08-09","","NRAIL","","","","","Up Slow"," ",""
"110173420","HHH","1.1111","QK","","1.1111","2200","","MAPE","","532066.0","178855.0","ELEPHANT & CASTLE STN PLT 2 &","HKJ4","","","","","","","","","","","110173420","2022-08-09","","NRAIL","","","","","Down Slow"," ",""
"110173421","HHH","1.113","QK","","1.113","2100","","MAPE","","531921.0","179731.0","ELEPHANT & CASTLE STN PLT 4","HKJ4","","","","","","","","","","","110173421","2022-08-09","","NRAIL","","","","","Down Main/Fast"," ",""
"110176477","HHH","3.0943","QK","","3.0943","2100","","MAPE","","531916.0","175945.0","LOUGHBORO JUNCTION STATION PLA","HKJ5","","","","","","","","","","","110176477","2022-08-05","","NRAIL","","","","","Down Main/Fast","LOUGHBORO JUNCTION STATION PLA - Ungated",""
"110176476","HHH","3.0945","QK","","3.0945","1100","","MAPE","","531916.0","175945.0","LOUGHBORO JUNCTION STATION PLA","HKJ5","","","","","","","","","","","110176476","2022-08-05","","NRAIL","","","","","Up Main/Fast","LOUGHBORO JUNCTION STATION PLA - Ungated",""
"110176514","HHH","3.112","QK","","3.112","2100","","MAPE","","532168.0","176647.0","LOUGHBORO JUNCTION STATION PLA","HKJ5","","","","","","","","","","","110176514","2022-08-05","","NRAIL","","","","","Down Main/Fast","LOUGHBORO JUNCTION STATION PLA - Ungated",""
"110176513","HHH","3.1156","QK","","3.1156","1100","","MAPE","","531935.0","175750.0","LOUGHBORO JUNCTION STATION PLA","HKJ5","","","","","","","","","","","110176513","2022-08-05","","NRAIL","","","","","Up Main/Fast","LOUGHBORO JUNCTION STATION PLA - Ungated",""
"110176471","HHH","3.1593","QK","","3.1593","2100","","MAPE","","531927.0","175352.0","HERNE HILL STATION PLAT 4","HKJ5","","","","","","","","","","","110176471","2022-08-05","","NRAIL","","","","","Down Main/Fast","HERNE HILL STATION PLAT 4 - Ungated",""
"110176450","HHH","4.066","QK","","4.066","1100","","MAPE","","531885.0","175143.0","HERNE HILL STATION PLAT 1/2","HKJ5","","","","","","","","","","","110176450","2022-08-05","","NRAIL","","","","","Up Main/Fast","HERNE HILL STATION PLAT 1/2 - Gated",""
"110176451","HHH","4.0708","QK","","4.0708","2100","","MAPE","","531891.0","174561.0","HERNE HILL STATION PLAT 3","HKJ5","","","","","","","","","","","110176451","2022-08-05","","NRAIL","","","","","Down Main/Fast","HERNE HILL STATION PLAT 3 - Gated",""
"110176508","HHH","4.0896","QK","","4.0896","2100","","MAPE","","","","HERNE HILL STATION PLAT 4","HKJ5","","","","","","","","","","","110176508","2022-02-03","","NRAIL","","","","","Down Main/Fast","HERNE HILL STATION PLAT 4 - Gated",""
"110153299","HHH","0.1137","QK","","0.1137","1100","","MAR","","531668.0","180368.0","BLACKFRIARS RAMP","HKJ4","","","","","","","","","","","110153299","2016-01-04","","NRAIL","","","","","Up Main/Fast"," ","TQ 31668 80368"
"110153300","HHH","3.0005","QK","","3.0005","1200","","MAR","","532221.0","176732.0","MCDOWELL ROAD- RRV ACCESS","HKJ4","","","","","","","","","","","110153300","2018-08-03","","NRAIL","","","","","Up Slow"," ","TQ 32221 76732"
"110179022","HHH","4.0396","QK","","4.0396","1100","","MAR","","531845.0","174833.0","Herne Hill Depot RRV Access","HKJ5","","","","","","","","","RRV and Staff Acces","","110179022","2023-05-31","","NRAIL","","","","","Up Main/Fast"," AUTHORISED ACCESS POINT  -  ROAD/RAIL VEH",""
"110179302","HHH","4.0418","QK","","4.0418","1100","","MAR","","531852.0","174819.0","HERNE HILL - RRV ACCESS","HKJ5","","","","","","","","","","","110179302","2022-08-15","","NRAIL","","","","","Up Main/Fast"," AUTHORISED ACCESS POINT  -  ROAD/RAIL VEH",""
"110183443","HSE","0.0182","QK","","0.0182","1100","","MAP","","631629.0","140306.0","DOVER FREIGHT CLEARANCE DEPOT","HKJ6","","","","","","","","","","","110183443","2023-10-31","","NRAIL","","","","","Up Main/Fast","AUTHORISED ACCESS POINT - PEDESTRIAN",""
"110183444","HSE","0.0244","QK","","0.0244","2100","","MAP","","631633.0","140388.0","DOVER SUBSTATION","HKJ6","","","","","","","","","","","110183444","2023-10-31","","NRAIL","","","","","Down Main/Fast","AUTHORISED ACCESS POINT - PEDESTRIAN",""
"110147090","HSE","0.0352","QK","","0.0352","9999","","MAP","","631627.0","140304.0","DOVER SUBSTATION","HKJ6","","","","","","","","","","","110147090","2023-10-31","","NRAIL","","","","","Unknown","Address:Bullwark Street, Dover:CT17 9TZ Details: Off Bulwark Street, Dover, Network Rail Gate, at back of sub station.",""
"110142397","HSE","0.0264","QK","","0.0264","1100","","MAV","","631682.0","140373.0","Dover Town Yard","HKJ6","","","","","","","","","","","110142397","2017-09-28","","NRAIL","","","","","Up Main/Fast","Score 13",""
"110187577","HTG","28.088","QK","","28.088","3300","","MA","","571650.0","174397.0","CHURCH LANE UWC","HKJ4","","","","","","","","","","","110187577","2024-05-23","","NRAIL","","","","","Rev Goods","A NEW ACCESS GATE HAS BEEN INSTALLED AT CHURCH LANE UWC TO ALLOW ACCESS TO CLIFFE GROUND FRAME","TQ 71650 74397"
"110164901","HTG","31.0162","QK","","31.0162","3300","","MA","","575792.0","174976.0","HIGH HALSTOW:2163","HKJ4","","","","","","","","","","","110164901","2022-08-09","","","","","","","Rev Goods"," ",""
"110164892","HTG","27.1254","QK","","27.1298","3300","","MAP","","570532.0","173873.0","CANNAL ROAD","HKJ4","","","","","","","","","","","110164892","2025-02-10","","","","","","","Rev Goods"," It has been identified that the walkway at Canal Road Bridge, between 27m 57ch and  27m 59ch on the Grain Branch, (HTG), has partly collapsed and there is a risk of falling approximately 20ft to the ground / road underneath. ",""
"110180822","HTG","28.0154","QK","","28.0154","3300","","MAP","","571057.0","174148.0","KINGS","HKJ4","","","","","","","","","","","110180822","2022-10-31","","NRAIL","","","","","Rev Goods","",""
"110180818","HTG","28.088","QK","","28.088","3300","","MAP","","571648.0","174397.0","CHURCH LANE","HKJ4","","","","","","","","","","","110180818","2022-10-31","","NRAIL","","","","","Rev Goods","",""
"110182373","HTG","32.0132","QK","","32.0132","3300","","MAP","","577344.7","175106.6","Wybourne Level Crossing","HKJ4","","","","","","","","","","","110182373","2023-05-31","","","","","","","Rev Goods","A new acces gate was installed at the london end of the level crossing",""
"110180831","HTG","32.0132","QK","","32.0132","3300","","MAP","","577356.0","175099.0","WYBOURNE","HKJ4","","","","","","","","","","","110180831","2022-10-31","","NRAIL","","","","","Rev Goods","",""
"110180820","HTG","32.0176","QK","","32.0176","3300","","MAP","","577396.0","175085.0","HIGH HALSTOW","HKJ4","","","","","","","","","","","110180820","2022-10-31","","NRAIL","","","","","Rev Goods","",""
"110180826","HTG","32.1034","QK","","32.1034","3300","","MAP","","578082.0","174717.0","SOLOMONS","HKJ4","","","","","","","","","","","110180826","2022-10-31","","NRAIL","","","","","Rev Goods","",""
"110180829","HTG","34.0902","QK","","34.0902","3300","","MAP","","580913.0","173729.0","WHITEHALL","HKJ4","","","","","","","","","","","110180829","2022-10-31","","NRAIL","","","","","Rev Goods","",""
"110180821","HTG","35.055","QK","","35.055","3300","","MAP","","582093.0","174242.0","JACOBS NO.1","HKJ4","","","","","","","","","","","110180821","2022-10-31","","NRAIL","","","","","Rev Goods","",""
"110180828","HTG","35.1408","QK","","35.1408","3300","","MAP","","582681.0","174732.0","STOKE CREEK","HKJ4","","","","","","","","","","","110180828","2022-10-31","","NRAIL","","","","","Rev Goods","",""
"110180825","HTG","36.044","QK","","36.044","3300","","MAP","","583220.0","175238.0","RECREATION","HKJ4","","","","","","","","","","","110180825","2022-10-31","","NRAIL","","","","","Rev Goods","",""
"110180823","HTG","36.0572","QK","","36.0572","3300","","MAP","","583320.0","175289.0","MIDDLE STOKE","HKJ4","","","","","","","","","","","110180823","2022-10-31","","NRAIL","","","","","Rev Goods","",""
"110180824","HTG","36.0726","QK","","36.0726","3300","","MAP","","583411.0","175339.0","MUGGERIDGE","HKJ4","","","","","","","","","","","110180824","2022-10-31","","NRAIL","","","","","Rev Goods","",""
"110180830","HTG","36.1232","QK","","36.1232","3300","","MAP","","583873.0","175462.0","WICK NO.1","HKJ4","","","","","","","","","","","110180830","2022-10-31","","NRAIL","","","","","Rev Goods","",""
"110180838","HTG","36.1694","QK","","36.1694","2100","","MAP","","584302.0","175584.0","STOKE","HKJ4","","","","","","","","","","","110180838","2022-10-31","","NRAIL","","","","","Down Main/Fast","",""
"110180827","HTG","36.1694","QK","","36.1694","1100","","MAP","","584302.0","175584.0","STOKE","HKJ4","","","","","","","","","","","110180827","2022-10-31","","NRAIL","","","","","Up Main/Fast","",""
"110180817","HTG","37.0836","QK","","37.0836","3300","","MAP","","585113.0","175716.0","CHALK WALK","HKJ4","","","","","","","","","","","110180817","2022-10-31","","NRAIL","","","","","Rev Goods","",""
"110180819","HTG","38.0484","QK","","38.0484","3300","","MAP","","586281.0","175312.0","GRAIN","HKJ4","","","","","","","","","","","110180819","2022-10-31","","NRAIL","","","","","Rev Goods","",""
"70260129","HTG","38.0518","QK","","38.0518","3300","","MAP","","586308.0","175289.0","Grain Crossing","HKJ4","","","","","","","","","","","70260129","2022-08-09","","BBRM","","","","","Rev Goods","Risk Rating 2, Hazard Rating 2,Score 4","TQ 86308 75289"
"110178353","HTG","36.16","QK","","36.16","3300","","MAR","","","","STOKE LEVEL CROSSING","HKJ4","","","","","","","","","","","110178353","2022-08-09","","NRAIL","","","","","Rev Goods"," ",""
"110178252","HTG","36.1694","QK","","36.1694","3300","","MAR","","","","STOKE LEVEL CROSSING","HKJ4","","","","","","","","","","","110178252","2022-08-09","","NRAIL","","","","","Rev Goods"," ",""
"70203915","HTG","36.17","QK","","36.17","3300","","MAR","","584308.0","175586.0","Stoke LX","HKJ4","","","","","","","","","","","70203915","2022-08-09","","BBRM","","","","","Rev Goods","Risk Rating 2, Hazard Rating 2,Score 4",""
"110182374","HTG","32.0132","QK","","32.0132","3300","","MAV","","577365.1","175105.0","Wybourne Level Crossing","HKJ4","","","","","","","","","","","110182374","2023-05-31","","","","","","","Rev Goods","",""
"110182375","HTG","32.0132","QK","","32.0132","3300","","MAV","","577365.1","175105.0","Wybourne Level Crossing","HKJ4","","","","","","","","","","","110182375","2023-05-31","","","","","","","Rev Goods","",""
"110164906","HTG","32.044","QK","","32.044","3300","","MAV","","577276.0","175123.0","WYBOURNE CROSSING","HKJ4","","","","","","","","","","","110164906","2023-05-31","","","","","","","Rev Goods"," ",""
"70189510","HTG","33.0244","QK","","33.0244","3300","","MAV","","578822.0","174269.0","HOO JN/SHARNAL ST-WYBOURNE CRO","HKJ4","","","","","","","","","","","70189510","2022-08-09","","BBRM","","","","","Rev Goods","Risk Rating 2, Hazard Rating 2,Score 4","TQ 78822 74269"
"110164899","HTG","34.1738","QK","","34.1738","3300","","MAV","","581655.0","173996.0","GRAIN OLD POLLY ADAMS CROSSING","HKJ4","","","","","","","","","","","110164899","2023-05-31","","","","","","","Rev Goods"," ",""
"70203928","HTG","37.1662","QK","","37.1662","3300","","MAV","","585829.0","175509.0","Grain-Flood Gates","HKJ4","","","","","","","","","","","70203928","2022-08-09","","BBRM","","","","","Rev Goods","Risk Rating 2, Hazard Rating 2,Score 4","TQ 85829 75509"
"110178357","LBW","3.0995","QK","","3.0995","2200","","MA","","","","ENDWELL ROAD JUNCTION:6160","HKJ4","","","","","","","","","","","110178357","2022-08-09","","NRAIL","","","","","Down Slow"," ",""
"110178363","LBW","6.1747","QK","","6.1747","1200","","MA","","","","PENGE WEST STATION:6161","HKJ4","","","","","","","","","","","110178363","2022-08-09","","NRAIL","","","","","Up Slow"," ",""
"110178358","LBW","0.1479","QK","","0.1479","3111","","MAP","","","","ENID STREET","HKJ4","","","","","","","","","","","110178358","2022-08-09","","NRAIL","","","","",""," ",""
"110164878","LBW","1.0781","QK","","1.0781","2200","","MAP","","534847.0","178747.0","SOUTH BERMONDSEY SUB-STATION","HKJ4","","","","","","","","","","","110164878","2023-05-31","","","","","","","Down Slow"," ",""
"110164867","LBW","1.088","QK","","1.088","2200","","MAP","","534321.0","179101.0","ALMOND ROAD<SPIRAL STAIRS>","HKJ4","","","","","","","","","","","110164867","2023-05-31","","","","","","","Down Slow"," ",""
"110164866","LBW","1.09","QK","","1.09","1100","","MAP","","534261.0","179142.0","ALMOND ROAD ACCESS","HKJ4","","","","","","","","","","","110164866","2023-05-31","","","","","","","Up Main/Fast"," ",""
"110151197","LBW","1.132","QK","","1.132","2200","","MAP","","534980.0","178635.0","South Bermondsey Station","HKJ4","","","","","","","","","Pedestrian Access Gate","","110151197","2022-08-09","","NRAIL","","","","","Down Slow","Pedestrian access gate to the Bermondsey DIve Under <BDU> site situated along the path from South Bermondsey station.  This gate gives pedestrian access to those wishing to access RRV2, a road /rail vehicle access point which gives access to the Up and Do","TQ 34980 78635"
"110162914","LBW","1.132","QK","","1.132","2200","","MAP","","534980.0","178635.0","SILWOOD STREET EAST","HKJ4","","","","","","","","","","","110162914","2023-05-31","","NRAIL","","","","","Down Slow","""Staircase access point located at REB LB193 
Railway Arch 64, Silwood Street, LONDON, SE16 2SW""",""
"110178354","LBW","1.1446","QK","","1.1446","1200","","MAP","","","","BERMONDSEY TRADING ESTATE","HKJ4","","","","","","","","","","","110178354","2022-08-09","","NRAIL","","","","","Up Slow"," ",""
"110178364","LBW","1.1452","QK","","1.1452","1200","","MAP","","","","REB LB184","HKJ4","","","","","","","","","","","110178364","2022-08-09","","NRAIL","","","","","Up Slow"," ",""
"70014928","LBW","1.1474","QK","","1.1474","2200","","MAP","","535310.0","178437.0","BRICKLAYERS ARMS JARROW ROAD","HKJ4","","","","","","","","","AC","","70014928","2022-08-09","","BBRM","","","","","Down Slow","Risk Rating 3, Hazard Rating 2,Score 6",""
"110166775","LBW","1.1477","QK","","1.1477","1200","","MAP","","535342.0","178374.0","RRAP 2","HKJ4","","","","","","","","","","","110166775","2022-08-09","","NRAIL","","","","","Up Slow","""Staircase Access Point
Bolina Road, LONDON, SE16 2ST""",""
"110178361","LBW","1.1493","QK","","1.1493","2200","","MAP","","","","JARROW ROAD","HKJ4","","","","","","","","","","","110178361","2022-08-09","","NRAIL","","","","","Down Slow"," ",""
"110178365","LBW","1.1517","QK","","1.1517","3101","","MAP","","","","SILWOOD STREET <STAIRCASE C>","HKJ4","","","","","","","","","","","110178365","2022-08-09","","NRAIL","","","","",""," ",""
"110178366","LBW","2.0346","QK","","2.0346","1200","","MAP","","","","SURREY CANAL ROAD","HKJ4","","","","","","","","","","","110178366","2022-08-09","","NRAIL","","","","","Up Slow"," ",""
"70014929","LBW","2.0487","QK","","2.0487","1200","","MAP","","535731.0","177863.0","MERCURY WAY","HKJ4","","","","","","","","","AC","","70014929","2018-08-03","","BBRM","","","","","Up Slow"," ","TQ 35731 77863"
"110178356","LBW","2.0564","QK","","2.0564","3111","","MAP","","","","DRUID STREET <UNIT 74>","HKJ4","","","","","","","","","","","110178356","2022-08-09","","NRAIL","","","","",""," ",""
"110146830","LBW","3.0246","QK","","3.0246","2200","","MAP","","536302.0","176621.0","South Bermondsey","HKJ4","","","","","","","","","","","110146830","2022-08-09","","NRAIL","","","","","Down Slow","Address:Jarrow Rd, South Bermondsey:SE16 3LL Details: Off Raymouth Road, Bermondsey. OS grid ref TQ351 785",""
"70260131","LBW","3.0661","QK","","3.0661","1200","","MAP","","536354.0","176246.0","New Cross Gate/Brockley-Vesta Road","HKJ4","","","","","","","","","","","70260131","2022-08-09","","BBRM","","","","","Up Slow","Risk Rating 3, Hazard Rating 2,Score 6","TQ 36354 76246"
"110154747","LBW","3.0661","QK","","3.0661","2200","","MAP","","536353.0","176249.0","Vesta Road","HKJ4","","","","","","","","","","","110154747","2022-08-09","","NRAIL","","","","","Down Slow"," ","TQ 36353 76249"
"70130785","LBW","3.1276","QK","","3.1276","0","","MAP","","536410.0","175695.0"," ","HKJ4","","","","","","","","","AC","","70130785","2016-01-04","","AMEC","","","","","All/Multiple Tracks"," ",""
"70204038","LBW","4.0196","QK","","4.0196","1200","","MAP","","536296.0","175110.0","Brockley/Honor Oak Park-Turnham Rd","HKJ4","","","","","","","","","","","70204038","2016-01-04","","BBRM","","","","","Up Slow","Risk Rating 3, Hazard Rating 2,Score 6",""
"70109019","LBW","4.0243","QK","","4.0243","1200","","MAP","","536268.0","175036.0","Brockley/Honor Oak Pk-Dalrymple Rd-Bank to steps","HKJ4","","","","","","","","","AC","","70109019","2022-08-09","","BBRM","","","","","Up Slow","Risk Rating 10, Hazard Rating 2,Score 20, 33 Steps Down","TQ 36268 75036"
"70014930","LBW","4.028","QK","","4.028","1801","","MAP","","536281.0","175039.0","Bricklayers Arms Jn","HKJ4","","","","","","","","","AC","","70014930","2016-01-04","","BBRM","","","","","","Risk Rating 3, Hazard Rating 2,Score 6",""
"110142399","LBW","4.0703","QK","","4.0703","1200","","MAP","","536162.0","174722.0","Brockley Mews - Eddystone Road","HKJ4","","","","","","","","","","","110142399","2020-12-09","","NRAIL","","","","","Up Slow","Score 80","TQ 36162 74722"
"70014931","LBW","4.1298","QK","","4.1298","2200","","MAP","","535923.0","174172.0","Brockley/Honor Oak Park","HKJ4","","","","","","","","","AC","","70014931","2016-01-04","","BBRM","","","","","Down Slow","Risk Rating 10, Hazard Rating 2,Score 20, 30 Steps Down",""
"70130783","LBW","4.132","QK","","4.132","0","","MAP","","535913.0","174153.0"," ","HKJ4","","","","","","","","","AC","","70130783","2016-01-04","","AMEC","","","","","All/Multiple Tracks"," ",""
"110178360","LBW","4.1368","QK","","4.1368","2200","","MAP","","","","HONOR OAK PARK STATION","HKJ4","","","","","","","","","","","110178360","2022-08-09","","NRAIL","","","","","Down Slow"," ",""
"110178359","LBW","5.0358","QK","","5.0358","2200","","MAP","","535548.0","173293.0","FOREST HILL STATION:2063","HKJ4","","","","","","","","","","","110178359","2025-01-24","","NRAIL","","","","","Down Slow","What3Words are large.racing.crab",""
"110146835","LBW","5.0839","QK","","5.0839","9999","","MAP","","535444.0","173087.0","Forest Hill TPH TP Hut","HKJ4","","","","","","","","","","","110146835","2022-08-09","","NRAIL","","","","","Unknown","Address:Waldram Cresent, Forest Hill:SE23 3SU Details: Forest Hill Station @ 5m 50c then along up side platform L/E, then along cess to site. OS grid ref TQ354 731",""
"70204039","LBW","5.0961","QK","","5.0961","2100","","MAP","","535420.0","172978.0","Forest Hill Station-Perry Vale","HKJ4","","","","","","","","","","","70204039","2016-01-04","","BBRM","","","","","Down Main/Fast","Risk Rating 3, Hazard Rating 2,Score 6",""
"70130782","LBW","5.099","QK","","5.099","1100","","MAP","","535416.0","172953.0"," ","HKJ4","","","","","","","","","AC","","70130782","2016-01-04","","AMEC","","","","","Up Main/Fast","Up Side Station Platform, London End - 150 yards north of Forest Hill Station.",""
"110142400","LBW","5.11","QK","","5.11","2100","","MAP","","535403.0","172857.0","Forest Hill Car Park","HKJ4","","","","","","","","","","","110142400","2016-01-04","","NRAIL","","","","","Down Main/Fast","Score 7",""
"70109021","LBW","5.1419","QK","","5.1419","1200","","MAP","","535385.0","172589.0","Forest Hill-Metal gate to Clyde Terrace SE23","HKJ4","","","","","","","","","AC","","70109021","2022-08-09","","BBRM","","","","","Up Slow","Risk Rating 3, Hazard Rating 2,Score 6","TQ 35385 72589"
"70130780","LBW","5.1584","QK","","5.1584","9999","","MAP","","535418.0","172417.0"," ","HKJ4","","","","","","","","","AC","","70130780","2016-01-04","","AMEC","","","","","Unknown","From End of Sydenham Park - 1/4 mile south of Forest Hill Station.",""
"110184852","LBW","5.1722","QK","","5.1722","2200","","MAP","","35454.0","72325.0","SYDENHAM PARK FOOTBRIDGE","HKJ4","","","","","","","","","","","110184852","2023-09-27","","NRAIL","","","","","Down Slow","Access point for access to TDs Forest Hill to Sydenham adjacent to Sydenham Park Footbridge","TQ 35454 72325"
"70204015","LBW","6.0576","QK","","6.0576","1200","","MAP","","535390.0","171746.0","Sydenham Station-Gate Plat 1/ Access to S&T","HKJ4","","","","","","","","","","","70204015","2016-01-04","","BBRM","","","","","Up Slow","Risk Rating 10, Hazard Rating 2,Score 20",""
"70204037","LBW","6.0686","QK","","6.0686","1200","","MAP","","535369.0","171660.0","Sydenham Station-Metal Gate Platform 1","HKJ4","","","","","","","","","","","70204037","2016-01-04","","BBRM","","","","","Up Slow","Risk Rating 3, Hazard Rating 2,Score 6",""
"110178368","LBW","6.0858","QK","","6.0858","1200","","MAP","","","","SYDENHAM ROAD - SYDENHAM","HKJ4","","","","","","","","","","","110178368","2022-08-09","","NRAIL","","","","","Up Slow"," ",""
"70130778","LBW","6.088","QK","","6.088","0","","MAP","","535330.0","171508.0"," ","HKJ4","","","","","","","","","AC","","70130778","2016-01-04","","AMEC","","","","","All/Multiple Tracks"," ",""
"70130777","LBW","7.0374","QK","","7.0374","0","","MAP","","534893.0","170403.0"," ","HKJ4","","","","","","","","","AC","","70130777","2016-01-04","","BBRM","","","","","All/Multiple Tracks"," ",""
"110173490","LBW","0.029","QK","","0.029","3615","","MAPE","","532911.0","180106.0","LONDON BRIDGE CTL STN PLT 15","HKJ4","","","","","","","","","","","110173490","2022-08-09","","NRAIL","","","","",""," ",""
"110173489","LBW","0.0303","QK","","0.0303","3610","","MAPE","","533194.0","179957.0","LONDON BRIDGE CTL STN PLT 10","HKJ4","","","","","","","","","","","110173489","2022-08-09","","NRAIL","","","","",""," ",""
"110173386","LBW","0.0311","QK","","0.0311","3612","","MAPE","","533200.0","179953.0","LONDON BRIDGE CTL STN PLT 12","HKJ4","","","","","","","","","","","110173386","2022-08-09","","NRAIL","","","","",""," ",""
"110173488","LBW","0.0311","QK","","0.0311","3611","","MAPE","","533200.0","179953.0","LONDON BRIDGE CTL STN PLT 11","HKJ4","","","","","","","","","","","110173488","2022-08-09","","NRAIL","","","","",""," ",""
"110173394","LBW","0.0312","QK","","0.0312","3614","","MAPE","","533200.0","179953.0","LONDON BRIDGE CTL STN PLT 14","HKJ4","","","","","","","","","","","110173394","2022-08-09","","NRAIL","","","","",""," ",""
"110173487","LBW","0.0312","QK","","0.0312","3613","","MAPE","","533200.0","179953.0","LONDON BRIDGE CTL STN PLT 13","HKJ4","","","","","","","","","","","110173487","2022-08-09","","NRAIL","","","","",""," ",""
"110173486","LBW","2.145","QK","","2.145","1100","","MAPE","","535571.0","178149.0","NEW CROSS GATE STN PLT 4","HKJ4","","","","","","","","","","","110173486","2022-08-09","","NRAIL","","","","","Up Main/Fast"," ",""
"110173395","LBW","2.1612","QK","","2.1612","2200","","MAPE","","536186.0","176963.0","NEW CROSS GATE STN PLT 2","HKJ4","","","","","","","","","","","110173395","2022-08-09","","NRAIL","","","","","Down Slow"," ",""
"110173396","LBW","2.1627","QK","","2.1627","1100","","MAPE","","536191.0","176950.0","NEW CROSS GATE STN PLT 4","HKJ4","","","","","","","","","","","110173396","2022-08-09","","NRAIL","","","","","Up Main/Fast"," ",""
"110173387","LBW","2.1627","QK","","2.1627","2100","","MAPE","","536191.0","176950.0","NEW CROSS GATE STN PLT 3","HKJ4","","","","","","","","","","","110173387","2022-08-09","","NRAIL","","","","","Down Main/Fast"," ",""
"110173388","LBW","2.1627","QK","","2.1627","1200","","MAPE","","536191.0","176950.0","NEW CROSS GATE STN PLT 5","HKJ4","","","","","","","","","","","110173388","2022-08-09","","NRAIL","","","","","Up Slow"," ",""
"110173397","LBW","3.1312","QK","","3.1312","2200","","MAPE","","536405.0","175662.0","BROCKLEY STN PLT 2","HKJ4","","","","","","","","","","","110173397","2022-08-09","","NRAIL","","","","","Down Slow"," ",""
"110173398","LBW","3.1328","QK","","3.1328","1200","","MAPE","","536404.0","175648.0","BROCKLEY STN PLT 1","HKJ4","","","","","","","","","","","110173398","2022-08-09","","NRAIL","","","","","Up Slow"," ",""
"110173399","LBW","4.112","QK","","4.112","2200","","MAPE","","536311.0","175179.0","HONOR OAK PARK STN PLT 2","HKJ4","","","","","","","","","","","110173399","2022-08-09","","NRAIL","","","","","Down Slow"," ",""
"110173400","LBW","4.112","QK","","4.112","1200","","MAPE","","536311.0","175179.0","HONOR OAK PARK STN PLT 1","HKJ4","","","","","","","","","","","110173400","2022-08-09","","NRAIL","","","","","Up Slow"," ",""
"110173401","LBW","4.1333","QK","","4.1333","2200","","MAPE","","535907.0","174143.0","HONOR OAK PARK STN PLT 2","HKJ4","","","","","","","","","","","110173401","2022-08-09","","NRAIL","","","","","Down Slow"," ",""
"110173402","LBW","4.1333","QK","","4.1333","1200","","MAPE","","535907.0","174143.0","HONOR OAK PARK STN PLT 1","HKJ4","","","","","","","","","","","110173402","2022-08-09","","NRAIL","","","","","Up Slow"," ",""
"110173485","LBW","5.09","QK","","5.09","1200","","MAPE","","535740.0","173782.0","FOREST HILL STN PLT 1","HKJ4","","","","","","","","","","","110173485","2022-08-09","","NRAIL","","","","","Up Slow"," ",""
"110173484","LBW","5.1107","QK","","5.1107","2200","","MAPE","","535401.0","172843.0","FOREST HILL STN PLT 2","HKJ4","","","","","","","","","","","110173484","2022-08-09","","NRAIL","","","","","Down Slow"," ",""
"110173403","LBW","5.1142","QK","","5.1142","1200","","MAPE","","535398.0","172811.0","FOREST HILL STN PLT 1","HKJ4","","","","","","","","","","","110173403","2022-08-09","","NRAIL","","","","","Up Slow"," ",""
"110173483","LBW","6.0565","QK","","6.0565","1200","","MAPE","","535402.0","171794.0","SYDENHAM STN PLT 1","HKJ4","","","","","","","","","","","110173483","2022-08-09","","NRAIL","","","","","Up Slow"," ",""
"110173404","LBW","6.0636","QK","","6.0636","2200","","MAPE","","535386.0","171731.0","SYDENHAM STN PLT 2","HKJ4","","","","","","","","","","","110173404","2022-08-09","","NRAIL","","","","","Down Slow"," ",""
"110173482","LBW","6.0749","QK","","6.0749","1200","","MAPE","","535361.0","171632.0","SYDENHAM STN PLT 1","HKJ4","","","","","","","","","","","110173482","2022-08-09","","NRAIL","","","","","Up Slow"," ",""
"110173480","LBW","7.0235","QK","","7.0235","1200","","MAPE","","534983.0","170558.0","PENGE WEST STN PLT 1","HKJ4","","","","","","","","","","","110173480","2022-08-09","","NRAIL","","","","","Up Slow"," ",""
"110173481","LBW","7.0235","QK","","7.0235","2200","","MAPE","","534983.0","170558.0","PENGE WEST STN PLT 2","HKJ4","","","","","","","","","","","110173481","2022-08-09","","NRAIL","","","","","Down Slow"," ",""
"110173478","LBW","7.0413","QK","","7.0413","2200","","MAPE","","534900.0","170416.0","PENGE WEST STN PLT 2","HKJ4","","","","","","","","","","","110173478","2022-08-09","","NRAIL","","","","","Down Slow"," ",""
"110173479","LBW","7.0413","QK","","7.0413","1200","","MAPE","","534900.0","170416.0","PENGE WEST STN PLT 1","HKJ4","","","","","","","","","","","110173479","2022-08-09","","NRAIL","","","","","Up Slow"," ",""
"110149736","LBW","1.1551","QK","","1.1551","3100","","MAR","","535316.0","178318.0","BOLINA ROAD RRAP","HKJ4","","","","","","","","","","","110149736","2018-08-01","","NRAIL","","","","","Rev Main/Fast","RRV Access Point at Bolina Road / Bermondsey Dive Under compound.  Weight restricted to 40 tonnes.  Speed restricted tpo 5mph","TQ 35316 78318"
"110178362","LBW","2.0857","QK","","2.0857","1500","","MAR","","","","NEW CROSS GATE LONDON 70","HKJ4","","","","","","","","","","","110178362","2022-08-09","","NRAIL","","","","","Up Loop"," ",""
"110142401","LBW","5.1136","QK","","5.1136","2200","","MAR","","535418.0","172825.0","Forest Hill Car Park RRV","HKJ4","","","","","","","","","","","110142401","2020-12-09","","NRAIL","","","","","Down Slow","Score 7","TQ 35418 72825"
"70260130","LBW","2.154","QK","","2.154","1200","","MAV","","536077.0","177216.0","SAINSBURY""S BACK YARD","HKJ4","","","","","","","","","","","70260130","2022-08-09","","BBRM","","","","","Up Slow","Risk Rating 3, Hazard Rating 2,Score 6","TQ 36077 77216"
"110178355","LBW","3.1205","QK","","3.1205","2200","","MAV","","","","BROCKLEY STATION","HKJ4","","","","","","","","","","","110178355","2022-08-09","","NRAIL","","","","","Down Slow"," ",""
"110178367","LBW","5.168","QK","","5.168","1200","","MAV","","","","SYDENHAM PARK - FOREST HILL","HKJ4","","","","","","","","","","","110178367","2022-08-09","","NRAIL","","","","","Up Slow"," ",""
"70014932","LBW","5.1686","QK","","5.1686","1200","","MAV","","535432.0","172322.0","Forest Hill/Sydenham-Double Gate to Inglemere Rd","HKJ4","","","","","","","","","","","70014932","2016-01-04","","BBRM","","","","","Up Slow","Risk Rating 10, Hazard Rating 2,Score 20, 30 Steps Down",""
"110164871","LCH","6.0691","QK","","6.0691","1100","","MA","","537970.0","175371.0","LADYWELL JUNCTION:6204","HKJ4","","","","","","","","","","","110164871","2022-08-09","","","","","","","Up Main/Fast"," ",""
"110146837","LCH","13.0179","QK","","13.0179","2100","","MA","","538124.0","166711.0","WEST WICKHAM:2061","HKJ4","","","","","","","","","","","110146837","2018-08-06","","NRAIL","","","","","Down Main/Fast","Address:Station Approach, Hayes:BR2 7JG Details: Off Rays Road, then through Builders Centre at West Wickham Station. OS grid ref TQ399 661","TQ 38124 66711"
"70260132","LCH","7.074","QK","","7.074","2100","","MAP","","537396.0","173841.0","DOGGETT ROAD","HKJ4","","","","","","","","","","","70260132","2022-08-09","","BBRM","","","","","Down Main/Fast","Risk Rating 6, Hazard Rating 2,Score 12","TQ 37396 73841"
"70193982","LCH","7.1067","QK","","7.1067","1100","","MAP","","537348.0","173537.0","Catford Bridge","HKJ4","","","","","","","","","","","70193982","2022-08-09","","BBRM","","","","","Up Main/Fast","Risk Rating 10, Hazard Rating 2,Score 20","TQ 37348 73537"
"70193983","LCH","7.1387","QK","","7.1387","1100","","MAP","","537298.0","173246.0","CATFORD BDGE/LWR SYDENHAM-OFF","HKJ4","","","","","","","","","","","70193983","2022-08-09","","BBRM","","","","","Up Main/Fast","Risk Rating 10, Hazard Rating 2,Score 20","TQ 37298 73246"
"110146836","LCH","7.1405","QK","","7.1405","1100","","MAP","","537325.0","173228.0","Catford substation","HKJ4","","","","","","","","","","","110146836","2022-08-09","","NRAIL","","","","","Up Main/Fast","Address:Catford Rd, Catford, London:SE6 4PQ Details: Off A205, then through Industral Estate, Network Rail Gate, @ 8m 23c then into site. OS grid ref TQ373 732",""
"70260133","LCH","8.0616","QK","","8.0616","2100","","MAP","","737175.0","172359.0","BROADMEAD","HKJ4","","","","","","","","","","","70260133","2022-08-09","","BBRM","","","","","Down Main/Fast","Risk Rating 10, Hazard Rating 2,Score 20","TQ 37175 72359"
"70130288","LCH","8.1425","QK","","8.1425","1100","","MAP","","536861.0","171693.0","FAMBRIDGE CLOSE","HKJ4","","","","","","","","","AC","","70130288","2022-08-09","","BBRM","","","","","Up Main/Fast","Risk Rating 6, Hazard Rating 2,Score 12","TQ 36861 71693"
"70130287","LCH","9.1012","QK","","9.1012","1100","","MAP","","536723.0","170465.0","NEW BECKENHAM - BRIDGE ROAD","HKJ4","","","","","","","","","AC","","70130287","2022-08-09","","BBRM","","","","","Up Main/Fast","Risk Rating 3, Hazard Rating 2,Score 6",""
"110178351","LCH","9.1087","QK","","9.1087","2100","","MAP","","","","NEW BECKENHAM / PARK ROAD","HKJ4","","","","","","","","","","","110178351","2023-05-31","","NRAIL","","","","","Down Main/Fast","New Pedestrain access gate leading from Park Road to the Down side of the Mid Kent line. Gate is Palliside 1.5m wide and 1.8m high",""
"110164893","LCH","10.044","QK","","10.044","1100","","MAP","","536659.0","169779.0","CHAFFINCH ROAD <CLOCK HOUSE LO","HKJ4","","","","","","","","","","","110164893","2023-05-31","","","","","","","Up Main/Fast"," ",""
"110164898","LCH","11.0197","QK","","11.0197","1100","","MAP","","535737.0","168309.0","ELMERS END STATION","HKJ4","","","","","","","","","","","110164898","2023-05-31","","","","","","","Up Main/Fast"," ",""
"70260135","LCH","11.1373","QK","","11.1373","1100","","MAP","","536352.0","167856.0","UPPER ELMERS END ROAD","HKJ4","","","","","","","","","","","70260135","2022-08-09","","BBRM","","","","","Up Main/Fast","Risk Rating 6, Hazard Rating 2,Score 12","TQ 36352 67856"
"70233985","LCH","12.0028","QK","","12.0028","2100","","MAP","","736777.0","167848.0","STANHOPE GROVE","HKJ4","","","","","","","","","","","70233985","2018-08-06","","BBRM","","","","","Down Main/Fast"," ","TQ 36777 67848"
"110164902","LCH","14.02","QK","","14.02","2100","","MAP","","539377.0","166089.0","TIE PIGS LANE","HKJ4","","","","","","","","","","","110164902","2023-05-31","","","","","","","Down Main/Fast"," ",""
"110173296","LCH","5.1717","QK","","5.1717","2100","","MAPE","","538002.0","175965.0","LEWISHAM STN PLT 2","HKJ4","","","","","","","","","","","110173296","2022-08-09","","NRAIL","","","","","Down Main/Fast"," ",""
"110173295","LCH","5.1717","QK","","5.1717","1100","","MAPE","","538002.0","175965.0","LEWISHAM STN PLT 1","HKJ4","","","","","","","","","","","110173295","2022-08-09","","NRAIL","","","","","Up Main/Fast"," ",""
"110173294","LCH","6.0227","QK","","6.0227","2100","","MAPE","","538124.0","175758.0","LEWISHAM STN PLT 2","HKJ4","","","","","","","","","","","110173294","2022-08-09","","NRAIL","","","","","Down Main/Fast"," ",""
"110173293","LCH","6.0236","QK","","6.0236","1100","","MAPE","","538125.0","175750.0","LEWISHAM STN PLT 1","HKJ4","","","","","","","","","","","110173293","2022-08-09","","NRAIL","","","","","Up Main/Fast"," ",""
"110173201","LCH","6.1239","QK","","6.1239","2100","","MAPE","","537741.0","174926.0","LADYWELL STN PLT 2","HKJ4","","","","","","","","","","","110173201","2022-08-09","","NRAIL","","","","","Down Main/Fast"," ",""
"110173200","LCH","6.1242","QK","","6.1242","1100","","MAPE","","537741.0","174923.0","LADYWELL STN PLT 1","HKJ4","","","","","","","","","","","110173200","2022-08-09","","NRAIL","","","","","Up Main/Fast"," ",""
"110173292","LCH","6.1512","QK","","6.1512","2100","","MAPE","","537647.0","174695.0","LADYWELL STN PLT 2","HKJ4","","","","","","","","","","","110173292","2022-08-09","","NRAIL","","","","","Down Main/Fast"," ",""
"110173291","LCH","6.1518","QK","","6.1518","1100","","MAPE","","537645.0","174690.0","LADYWELL STN PLT 1","HKJ4","","","","","","","","","","","110173291","2022-08-09","","NRAIL","","","","","Up Main/Fast"," ",""
"110173290","LCH","7.0748","QK","","7.0748","2100","","MAPE","","537384.0","173826.0","CATFORD BRIDGE STN PLT 2","HKJ4","","","","","","","","","","","110173290","2022-08-09","","NRAIL","","","","","Down Main/Fast"," ",""
"110173289","LCH","7.0768","QK","","7.0768","1100","","MAPE","","537382.0","173808.0","CATFORD BRIDGE STN PLT 1","HKJ4","","","","","","","","","","","110173289","2022-08-09","","NRAIL","","","","","Up Main/Fast"," ",""
"110173288","LCH","7.1034","QK","","7.1034","2100","","MAPE","","537353.0","173566.0","CATFORD BRIDGE STN PLT 2","HKJ4","","","","","","","","","","","110173288","2022-08-09","","NRAIL","","","","","Down Main/Fast"," ",""
"110173287","LCH","7.1036","QK","","7.1036","1100","","MAPE","","537353.0","173566.0","CATFORD BRIDGE STN PLT 1","HKJ4","","","","","","","","","","","110173287","2022-08-09","","NRAIL","","","","","Up Main/Fast"," ",""
"110173286","LCH","8.1639","QK","","8.1639","2100","","MAPE","","536847.0","171493.0","LOWER SYDENHAM STN PLT 2","HKJ4","","","","","","","","","","","110173286","2022-08-09","","NRAIL","","","","","Down Main/Fast"," ",""
"110173285","LCH","8.1651","QK","","8.1651","1100","","MAPE","","536845.0","171482.0","LOWER SYDENHAM STN PLT 1","HKJ4","","","","","","","","","","","110173285","2022-08-09","","NRAIL","","","","","Up Main/Fast"," ",""
"110173284","LCH","9.0145","QK","","9.0145","2100","","MAPE","","536818.0","171250.0","LOWER SYDENHAM STN PLT 2","HKJ4","","","","","","","","","","","110173284","2022-08-09","","NRAIL","","","","","Down Main/Fast"," ",""
"110173283","LCH","9.0154","QK","","9.0154","1100","","MAPE","","536817.0","171242.0","LOWER SYDENHAM STN PLT 1","HKJ4","","","","","","","","","","","110173283","2022-08-09","","NRAIL","","","","","Up Main/Fast"," ",""
"110173282","LCH","9.0794","QK","","9.0794","2100","","MAPE","","536748.0","170662.0","NEW BECKENHAM STN PLT 2","HKJ4","","","","","","","","","","","110173282","2022-08-09","","NRAIL","","","","","Down Main/Fast"," ",""
"110173281","LCH","9.0834","QK","","9.0834","1100","","MAPE","","536734.0","170626.0","NEW BECKENHAM STN PLT 1","HKJ4","","","","","","","","","","","110173281","2022-08-09","","NRAIL","","","","","Up Main/Fast"," ",""
"110173280","LCH","9.1064","QK","","9.1064","2100","","MAPE","","536719.0","170417.0","NEW BECKENHAM STN PLT 2","HKJ4","","","","","","","","","","","110173280","2022-08-09","","NRAIL","","","","","Down Main/Fast"," ",""
"110173279","LCH","9.1102","QK","","9.1102","1100","","MAPE","","536719.0","170383.0","NEW BECKENHAM STN PLT 1","HKJ4","","","","","","","","","","","110173279","2022-08-09","","NRAIL","","","","","Up Main/Fast"," ",""
"110173197","LCH","10.0411","QK","","10.0411","2100","","MAPE","","536396.0","165570.0","CLOCK HOUSE STN PLT 2","HKJ4","","","","","","","","","","","110173197","2022-08-09","","NRAIL","","","","","Down Main/Fast"," ",""
"110173196","LCH","10.0416","QK","","10.0416","1100","","MAPE","","536393.0","165567.0","CLOCK HOUSE STN PLT 1","HKJ4","","","","","","","","","","","110173196","2022-08-09","","NRAIL","","","","","Up Main/Fast"," ",""
"110173278","LCH","10.069","QK","","10.069","2100","","MAPE","","536643.0","169762.0","CLOCK HOUSE STN PLT 2","HKJ4","","","","","","","","","","","110173278","2022-08-09","","NRAIL","","","","","Down Main/Fast"," ",""
"110173270","LCH","10.0701","QK","","10.0701","1100","","MAPE","","536266.0","169342.0","CLOCK HOUSE STN PLT 1","HKJ4","","","","","","","","","","","110173270","2022-08-09","","NRAIL","","","","","Up Main/Fast"," ",""
"110173269","LCH","10.1751","QK","","10.1751","2100","","MAPE","","535840.0","168469.0","ELMERS END STN PLT 3","HKJ4","","","","","","","","","","","110173269","2022-08-09","","NRAIL","","","","","Down Main/Fast"," ",""
"110173268","LCH","10.1752","QK","","10.1752","1100","","MAPE","","535840.0","168469.0","ELMERS END STN PLT 2","HKJ4","","","","","","","","","","","110173268","2022-08-09","","NRAIL","","","","","Up Main/Fast"," ",""
"110173267","LCH","11.0254","QK","","11.0254","2100","","MAPE","","535710.0","168263.0","ELMERS END STN PLT 3","HKJ4","","","","","","","","","","","110173267","2022-08-09","","NRAIL","","","","","Down Main/Fast"," ",""
"110173266","LCH","11.0257","QK","","11.0257","1100","","MAPE","","535710.0","168263.0","ELMERS END STN PLT 2","HKJ4","","","","","","","","","","","110173266","2022-08-09","","NRAIL","","","","","Up Main/Fast"," ",""
"110173265","LCH","12.06","QK","","12.06","1100","","MAPE","","536808.0","167832.0","EDEN PARK STN PLT 1","HKJ4","","","","","","","","","","","110173265","2022-08-09","","NRAIL","","","","","Up Main/Fast"," ",""
"110173264","LCH","12.0601","QK","","12.0601","2100","","MAPE","","537307.0","167636.0","EDEN PARK STN PLT 2","HKJ4","","","","","","","","","","","110173264","2022-08-09","","NRAIL","","","","","Down Main/Fast"," ",""
"110173263","LCH","12.0868","QK","","12.0868","2100","","MAPE","","537473.0","167459.0","EDEN PARK STN PLT 2","HKJ4","","","","","","","","","","","110173263","2022-08-09","","NRAIL","","","","","Down Main/Fast"," ",""
"110173262","LCH","12.0869","QK","","12.0869","1100","","MAPE","","537473.0","167459.0","EDEN PARK STN PLT 1","HKJ4","","","","","","","","","","","110173262","2022-08-09","","NRAIL","","","","","Up Main/Fast"," ",""
"110173260","LCH","13.0261","QK","","13.0261","1100","","MAPE","","538160.0","166664.0","WEST WICKHAM STN PLT 1","HKJ4","","","","","","","","","","","110173260","2022-08-09","","NRAIL","","","","","Up Main/Fast"," ",""
"110173261","LCH","13.0261","QK","","13.0261","2100","","MAPE","","538160.0","166664.0","WEST WICKHAM STN PLT 2","HKJ4","","","","","","","","","","","110173261","2022-08-09","","NRAIL","","","","","Down Main/Fast"," ",""
"110173199","LCH","13.0527","QK","","13.0527","2100","","MAPE","","538346.0","166508.0","WEST WICKHAM STN PLT 2","HKJ4","","","","","","","","","","","110173199","2022-08-09","","NRAIL","","","","","Down Main/Fast"," ",""
"110173198","LCH","13.053","QK","","13.053","1100","","MAPE","","538017.0","166791.0","WEST WICKHAM STN PLT 1","HKJ4","","","","","","","","","","","110173198","2022-08-09","","NRAIL","","","","","Up Main/Fast"," ",""
"110173259","LCH","14.0412","QK","","14.0412","3601","","MAPE","","539749.0","166107.0","HAYES STN PLT 1 & 2","HKJ4","","","","","","","","","","","110173259","2022-08-09","","NRAIL","","","","",""," ",""
"110153302","LCH","6.0658","QK","","6.0658","1100","","MAR","","537987.0","175404.0","PARKS BRIDGE - RRV ACCESS","HKJ4","","","","","","","","","","","110153302","2020-12-09","","NRAIL","","","","","Up Main/Fast"," ","TQ 37987 75404"
"110187576","LCH","9.1408","QK","","9.1408","1100","","MAR","","536732.0","170106.0","BRIDGE ROAD","HKJ4","","","","","","","","","","","110187576","2024-05-23","","NRAIL","","","","","Up Main/Fast","Newly installed rubber RRAP for on tracking machines","TQ 36732 70106"
"110153303","LCH","14.046","QK","","14.046","3601","","MAR","","539773.0","166116.0","HAYES - RRV ACCESS","HKJ4","","","","","","","","","","","110153303","2020-12-09","","NRAIL","","","","","","Uneven strail causing a STF hazard.  Strail does also does not span length of platform.  No strail in platform cess.  Possibility of machines coming into contact with platform copers.  Non-compliant to NR/PLANT/0200 P301","TQ 39773 66116"
"110142402","LCH","9.1372","QK","","9.1372","1100","","MAV","","536702.0","170135.0","BRIDGE ROAD NEW BECKENHAM SS","HKJ4","","","","","","","","","","","110142402","2018-08-01","","NRAIL","","","","","Up Main/Fast","Score 15  Address: Kings Hall Road, Beckenham:BR3 1LN  Details: off A234 Beckenham Road, then into Chaffinch Road. OS grid ref TQ366 700","TQ 36702 70135"
"70233986","LCH","11.0149","QK","","11.0149","2100","","MAV","","535787.0","168330.0","Elmers End Substation","HKJ4","","","","","","","","","","","70233986","2018-08-02","","NRAIL","","","","","Down Main/Fast","Address:End Road, Elmers End:BR3 4DS Details: off Tesco""s car park, at Elmers End station. OS grid ref TQ358 684","TQ 35787 68330"
"110179035","LOC","3.1474","QK","","3.1474","2100","","MA","","531594.0","175591.0","Holborn Viaduct","HKJ5","","","","","","","","","","","110179035","2022-08-15","","NRAIL","","","","","Down Main/Fast","No Access/Egress found in HD <Custom Access used as verified/Assessed by Site visit>",""
"70130365","LVT","5.066","QK","","5.066","1100","","MAP","","537171.0","176500.0","FRIENDLY STREET - TANNERS HILL","HKJ4","","","","","","","","","AC","","70130365","2022-08-09","","BBRM","","","","","Up Main/Fast","Risk Rating 10, Hazard Rating 2,Score 20",""
"110149734","LVT","5.0667","QK","","5.0667","1900","","MAP","","537173.0","176488.0","ST JOHNS STATION ENTRANCE","HKJ4","","","","","","","","","Access Steps","","110149734","2018-08-06","","NRAIL","","","","","Up Siding","Access steps down embankment between LVT and XTD <Up Fast> lines","TQ 37173 76488"
"110142403","LVT","5.099","QK","","5.099","1100","","MAR","","537449.0","176299.0","St. Johns Station RRV","HKJ4","","","","","","","","","RRV","","110142403","2022-08-09","","NRAIL","","","","","Up Main/Fast","Score 15. RRV access limited to Up Tanners Hill line only. To gain access to Down Tanners Hill use 832 crossover. Access onto Down Tanners Hill line at RRV access restricted due to proximity of embankment & potential for RRV to overrun crossing & run over",""
"110173477","MCL","0.1482","QK","","0.1482","1100","","MAPE","","531489.0","182000.0","FARRINGDON STN PLT 3","HKJ4","","","","","","","","","","","110173477","2022-08-09","","NRAIL","","","","","Up Main/Fast"," ",""
"50406360","MCL","0.15","QK","","0.15","2100","","MAV","","531499.0","181928.0","Farringdon","HKJ4","","","","","","","","","","","50406360","2022-09-08","","NRAIL","","","","","Down Main/Fast","Parking is available inside a shutter protected building. Use buzzer and state name, company and reason for work. When inside, proceed down a small access ramp into a larger parking area. There will be a large pair of double doors/gates which should have either 859/222 lock. Once though the gate, Use a Hex key to unlock the barrier to allow access onto the walkway.","TQ 31499 81928"
"110179268","NBB","10.0159","QK","","10.0159","3600","","MA","","537189.0","169899.0","Beckenham junction waitrose car park","HKJ5","","","","","","","","","Staff Access","","110179268","2022-08-15","","NRAIL","","","","","Rev Terminal/Bay","Authorised Access Point",""
"70260134","NBB","9.136","QK","","9.136","3400","","MAP","","536796.0","170151.0","BRIDGE ROAD","HKJ4","","","","","","","","","","","70260134","2022-08-09","","BBRM","","","","","Rev Single","Risk Rating 6, Hazard Rating 2,Score 12","TQ 36796 70151"
"110146840","NKL","5.0724","QK","","5.0724","2100","","MA","","537894.0","177297.0","GREENWICH COLLEGE:2040","HKJ4","","","","","","","","","","","110146840","2020-12-09","","NRAIL","","","","","Down Main/Fast","Address:Culverly Rd, Catford:SE6 2JR Details: Greenwich Station Approach Road @ 5m 37c. OS grid ref TQ380 733","TQ 37894 77297"
"110164894","NKL","7.0318","QK","","7.0318","1100","","MA","","540546.0","178126.0","CHARLTON JUNCTION:6202","HKJ4","","","","","","","","","","","110164894","2022-08-09","","","","","","","Up Main/Fast"," ",""
"110164888","NKL","13.0645","QK","","13.0645","2100","","MA","","550168.0","179113.0","BELVEDERE STATION:2042","HKJ4","","","","","","","","","","","110164888","2022-08-09","","","","","","","Down Main/Fast"," ",""
"110164877","NKL","15.1202","QK","","15.1202","1805","","MA","","552458.0","176205.0","SLADE GREEN DEPOT:2043","HKJ4","","","","","","","","","","","110164877","2022-08-09","","","","","","",""," ",""
"110171891","NKL","15.1705","QK","","15.1705","2800","","MA","","552711.0","175823.0","Bike Sheds","HKJ4","","","","","","","","","","","110171891","2021-03-30","","","","","","","Down Other/Eng/Car","Access Point, currently not recnignised in System. Action from incident at Slade Green Sidings.",""
"110164897","NKL","4.1628","QK","","4.1628","2100","","MAP","","537117.0","177411.0","DEPFORD STATION","HKJ4","","","","","","","","","","","110164897","2023-05-31","","","","","","","Down Main/Fast"," ",""
"70204803","NKL","6.0535","QK","","6.0535","2100","","MAP","","539162.0","177876.0","MAZE HILL - GATE ACCESS PLAT","HKJ4","","","","","","","","","","","70204803","2022-08-09","","BBRM","","","","","Down Main/Fast","Risk Rating 10, Hazard Rating 2,Score 20",""
"110142404","NKL","6.0836","QK","","6.0836","2100","","MAP","","539434.0","177901.0","Maze Hill","HKJ4","","","","","","","","","","","110142404","2018-08-03","","NRAIL","","","","","Down Main/Fast","Score 48",""
"70204651","NKL","6.1717","QK","","6.1717","2100","","MAP","","540223.0","178068.0","WESTCOMBE PARK-ACCESS FROM CAR","HKJ4","","","","","","","","","","","70204651","2022-08-09","","BBRM","","","","","Down Main/Fast","Risk Rating 10, Hazard Rating 2,Score 20",""
"70204652","NKL","6.1722","QK","","6.1722","1100","","MAP","","540227.0","178069.0","WESTCOMBE PARK-ACCESS FROM CAR","HKJ4","","","","","","","","","","","70204652","2022-08-09","","BBRM","","","","","Up Main/Fast","Risk Rating 10, Hazard Rating 2,Score 20",""
"110164903","NKL","7.0044","QK","","7.0044","1100","","MAP","","540301.0","178082.0","WESTCOMBE PARK PLATFORM 1 CE","HKJ4","","","","","","","","","","","110164903","2023-05-31","","","","","","","Up Main/Fast"," ",""
"110180832","NKL","8.0022","QK","","8.0022","1100","","MAP","","541740.0","178709.0","CHARLTON LANE","HKJ4","","","","","","","","","","","110180832","2022-10-31","","NRAIL","","","","","Up Main/Fast","",""
"110180839","NKL","8.0022","QK","","8.0022","2100","","MAP","","541740.0","178709.0","CHARLTON LANE","HKJ4","","","","","","","","","","","110180839","2022-10-31","","NRAIL","","","","","Down Main/Fast","",""
"110146839","NKL","8.1177","QK","","8.1177","2100","","MAP","","542726.0","178926.0","Woolwich Dockyard TP Hut","HKJ4","","","","","","","","","","","110146839","2016-01-05","","NRAIL","","","","","Down Main/Fast","Address:Belson Rd, Woolwich:SE18 5JX Details: Woolwich Dockyard Station @ 8m 56c. OS grid ref TQ426 789","TQ 42726 78926"
"70204655","NKL","9.0671","QK","","9.0671","2100","","MAP","","543799.0","178786.0","WOOLWICH ARSENAL-PLATFORM 2 DI","HKJ4","","","","","","","","","","","70204655","2022-08-09","","BBRM","","","","","Down Main/Fast","Risk Rating 10, Hazard Rating 3,Score 30",""
"70204656","NKL","9.0736","QK","","9.0736","1100","","MAP","","543856.0","178768.0","Woolwich Arsenal-Platform 1 Disabled Access","HKJ4","","","","","","","","","","","70204656","2022-08-09","","BBRM","","","","","Up Main/Fast","Risk Rating 10, Hazard Rating 3,Score 30",""
"70260137","NKL","10.0266","QK","","10.0266","2901","","MAP","","545029.0","178860.0","PLUMSTEAD SIDINGS - PETTMAN","HKJ4","","","","","","","","","","","70260137","2022-08-09","","BBRM","","","","","","Risk Rating 6, Hazard Rating 2,Score 12","TQ 45029 78860"
"110153305","NKL","10.1386","QK","","10.1386","1100","","MAP","","546049.0","178926.0","CHURCH MANOR WAY","HKJ4","","","","","","","","","","","110153305","2022-08-09","","NRAIL","","","","","Up Main/Fast"," ","TQ 46049 78926"
"110164891","NKL","11.0488","QK","","11.0488","1100","","MAP","","546834.0","178994.0","BOSTALL MANOR WAY","HKJ4","","","","","","","","","","","110164891","2023-05-31","","","","","","","Up Main/Fast"," ",""
"110155714","NKL","11.0846","QK","","11.0846","1100","","MAP","","547161.0","179022.0","ABBEY TERRACE","HKJ4","","","","","","","","","","","110155714","2022-08-09","","NRAIL","","","","","Up Main/Fast","PEDESTRIAN ACCESS GATE and WALKWAY ON THE UP CESS FROM ABBEY TERRACE <11M 846yds> TO BOSTALL MANOR WAY BRIDGE <11M 488yds>",""
"110155715","NKL","11.1158","QK","","11.1158","1100","","MAP","","547445.0","179046.0","FLORENCE ROAD","HKJ4","","","","","","","","","","","110155715","2022-08-09","","NRAIL","","","","","Up Main/Fast","ACCESS TO SUB-STATION AT END OF FLORENCE ROAD.  ACCESS GATE ALLOWS ACCESS TO SUB-STATION ONLY",""
"110155716","NKL","11.1213","QK","","11.1213","1100","","MAP","","547495.0","179050.0","FENDYKE ROAD","HKJ4","","","","","","","","","","","110155716","2022-08-09","","NRAIL","","","","","Up Main/Fast","PEDESTRIAN ACCESS GATE OFF FENDYKE ROAD.  ACCESS GATE ALLOWS ACCESS TO TRACK INFRASTRUCTURE TOWARDS THE EAST AT 11M 1213yds ON THE UP CESS",""
"110142405","NKL","11.1592","QK","","11.1592","2100","","MAP","","547839.0","179095.0","Alsikie Road","HKJ4","","","","","","","","","","","110142405","2020-12-09","","NRAIL","","","","","Down Main/Fast","Score 13","TQ 47839 79095"
"70204659","NKL","13.1171","QK","","13.1171","1100","","MAP","","550543.0","178820.0","BATTLE ROAD","HKJ4","","","","","","","","","","","70204659","2022-08-09","","BBRM","","","","","Up Main/Fast","Risk Rating 10, Hazard Rating 3,Score 30","TQ 50543 78820"
"70204661","NKL","15.0176","QK","","15.0176","2100","","MAP","","551970.0","176993.0","SLADE GREEN ROAD - NORTHEND","HKJ4","","","","","","","","","","","70204661","2022-08-09","","BBRM","","","","","Down Main/Fast","Risk Rating 10, Hazard Rating 2,Score 20",""
"70204662","NKL","15.0741","QK","","15.0741","2100","","MAP","","552240.0","176568.0","SLADE GREEN STATION","HKJ4","","","","","","","","","","","70204662","2022-08-09","","BBRM","","","","","Down Main/Fast","Risk Rating 10, Hazard Rating 2,Score 20",""
"70260141","NKL","15.1519","QK","","15.1519","1100","","MAP","","552599.0","175952.0","KENNET ROAD","HKJ4","","","","","","","","","","","70260141","2022-08-09","","BBRM","","","","","Up Main/Fast","Risk Rating 3, Hazard Rating 2,Score 6","TQ 52599 75952"
"70260142","NKL","16.0904","QK","","16.0904","2100","","MAP","","553160.0","175069.0","ETON WAY / BURNHAM ROAD","HKJ4","","","","","","","","","","","70260142","2022-08-09","","BBRM","","","","","Down Main/Fast","Risk Rating 6, Hazard Rating 2,Score 12","TQ 53160 75069"
"110173476","NKL","4.1527","QK","","4.1527","2100","","MAPE","","537034.0","177454.0","DEPTFORD STN PLT 2","HKJ4","","","","","","","","","","","110173476","2022-08-09","","NRAIL","","","","","Down Main/Fast"," ",""
"110173475","NKL","4.1584","QK","","4.1584","1100","","MAPE","","537081.0","177430.0","DEPTFORD STN PLT 1","HKJ4","","","","","","","","","","","110173475","2022-08-09","","NRAIL","","","","","Up Main/Fast"," ",""
"110173474","NKL","5.004","QK","","5.004","2100","","MAPE","","537235.0","177374.0","DEPTFORD STN PLT 2","HKJ4","","","","","","","","","","","110173474","2022-08-09","","NRAIL","","","","","Down Main/Fast"," ",""
"110173473","NKL","5.0093","QK","","5.0093","1100","","MAPE","","537316.0","177362.0","DEPTFORD STN PLT 1","HKJ4","","","","","","","","","","","110173473","2022-08-09","","NRAIL","","","","","Up Main/Fast"," ",""
"110173472","NKL","5.0633","QK","","5.0633","2100","","MAPE","","537805.0","177320.0","GREENWICH STN PLT 1","HKJ4","","","","","","","","","","","110173472","2022-08-09","","NRAIL","","","","","Down Main/Fast"," ",""
"110173471","NKL","5.0661","QK","","5.0661","1100","","MAPE","","537830.0","177324.0","GREENWICH STN PLT 2","HKJ4","","","","","","","","","","","110173471","2022-08-09","","NRAIL","","","","","Up Main/Fast"," ",""
"110173470","NKL","5.0901","QK","","5.0901","2100","","MAPE","","538047.0","177349.0","GREENWICH STN PLT 1","HKJ4","","","","","","","","","","","110173470","2022-08-09","","NRAIL","","","","","Down Main/Fast"," ",""
"110173469","NKL","5.0937","QK","","5.0937","1100","","MAPE","","538078.0","177360.0","GREENWICH STN PLT 2","HKJ4","","","","","","","","","","","110173469","2022-08-09","","NRAIL","","","","","Up Main/Fast"," ",""
"110173468","NKL","6.0474","QK","","6.0474","1100","","MAPE","","539106.0","177878.0","MAZE HILL STN PLT 1","HKJ4","","","","","","","","","","","110173468","2022-08-09","","NRAIL","","","","","Up Main/Fast"," ",""
"110173451","NKL","6.0498","QK","","6.0498","2100","","MAPE","","539128.0","177878.0","MAZE HILL STN PLT 2","HKJ4","","","","","","","","","","","110173451","2022-08-09","","NRAIL","","","","","Down Main/Fast"," ",""
"110173450","NKL","6.0752","QK","","6.0752","1100","","MAPE","","539336.0","177876.0","MAZE HILL STN PLT 1","HKJ4","","","","","","","","","","","110173450","2022-08-09","","NRAIL","","","","","Up Main/Fast"," ",""
"110173449","NKL","6.0768","QK","","6.0768","2100","","MAPE","","539374.0","177884.0","MAZE HILL STN PLT 2","HKJ4","","","","","","","","","","","110173449","2022-08-09","","NRAIL","","","","","Down Main/Fast"," ",""
"110173211","NKL","6.1566","QK","","6.1566","2100","","MAPE","","540086.0","178043.0","WESTCOMBE PARK STN PLT 2","HKJ4","","","","","","","","","","","110173211","2022-08-09","","NRAIL","","","","","Down Main/Fast"," ",""
"110173258","NKL","6.158","QK","","6.158","1100","","MAPE","","538820.0","177836.0","WESTCOMBE PARK STN PLT 1","HKJ4","","","","","","","","","","","110173258","2022-08-09","","NRAIL","","","","","Up Main/Fast"," ",""
"110173213","NKL","7.006","QK","","7.006","2100","","MAPE","","540267.0","178076.0","WESTCOMBE PARK STN PLT 2","HKJ4","","","","","","","","","","","110173213","2022-08-09","","NRAIL","","","","","Down Main/Fast"," ",""
"110173212","NKL","7.0076","QK","","7.0076","1100","","MAPE","","540330.0","178087.0","WESTCOMBE PARK STN PLT 1","HKJ4","","","","","","","","","","","110173212","2022-08-09","","NRAIL","","","","","Up Main/Fast"," ",""
"110173215","NKL","7.0799","QK","","7.0799","2100","","MAPE","","540931.0","178323.0","CHARLTON STN PLT 2","HKJ4","","","","","","","","","","","110173215","2022-08-09","","NRAIL","","","","","Down Main/Fast"," ",""
"110173214","NKL","7.0807","QK","","7.0807","1100","","MAPE","","540938.0","178326.0","CHARLTON STN PLT 1","HKJ4","","","","","","","","","","","110173214","2022-08-09","","NRAIL","","","","","Up Main/Fast"," ",""
"110173217","NKL","7.1067","QK","","7.1067","2100","","MAPE","","541165.0","178398.0","CHARLTON STN PLT 2","HKJ4","","","","","","","","","","","110173217","2022-08-09","","NRAIL","","","","","Down Main/Fast"," ",""
"110173216","NKL","7.107","QK","","7.107","1100","","MAPE","","540358.0","178392.0","CHARLTON STN PLT 1","HKJ4","","","","","","","","","","","110173216","2022-08-09","","NRAIL","","","","","Up Main/Fast"," ",""
"110173219","NKL","8.1102","QK","","8.1102","2100","","MAPE","","542655.0","178934.0","WOOLWICH DOCKYARD STN PLT 2","HKJ4","","","","","","","","","","","110173219","2022-08-09","","NRAIL","","","","","Down Main/Fast"," ",""
"110173218","NKL","8.1105","QK","","8.1105","1100","","MAPE","","542655.0","178934.0","WOOLWICH DOCKYARD STN PLT 1","HKJ4","","","","","","","","","","","110173218","2022-08-09","","NRAIL","","","","","Up Main/Fast"," ",""
"110173220","NKL","8.1334","QK","","8.1334","1100","","MAPE","","542870.0","178906.0","WOOLWICH DOCKYARD STN PLT 1","HKJ4","","","","","","","","","","","110173220","2022-08-09","","NRAIL","","","","","Up Main/Fast"," ",""
"110173221","NKL","8.1335","QK","","8.1335","2100","","MAPE","","542870.0","178906.0","WOOLWICH DOCKYARD STN PLT 2","HKJ4","","","","","","","","","","","110173221","2022-08-09","","NRAIL","","","","","Down Main/Fast"," ",""
"110173224","NKL","9.061","QK","","9.061","1100","","MAPE","","543291.0","178994.0","WOOLWICH ARSENAL STN PLT 1","HKJ4","","","","","","","","","","","110173224","2022-08-09","","NRAIL","","","","","Up Main/Fast"," ",""
"110173225","NKL","9.0614","QK","","9.0614","2100","","MAPE","","543750.0","178804.0","WOOLWICH ARSENAL STN PLT 2","HKJ4","","","","","","","","","","","110173225","2022-08-09","","NRAIL","","","","","Down Main/Fast"," ",""
"110173223","NKL","9.0863","QK","","9.0863","2100","","MAPE","","543971.0","178753.0","WOOLWICH ARSENAL STN PLT 2","HKJ4","","","","","","","","","","","110173223","2022-08-09","","NRAIL","","","","","Down Main/Fast"," ",""
"110173222","NKL","9.0864","QK","","9.0864","1100","","MAPE","","543971.0","178753.0","WOOLWICH ARSENAL STN PLT 1","HKJ4","","","","","","","","","","","110173222","2022-08-09","","NRAIL","","","","","Up Main/Fast"," ",""
"110173356","NKL","9.1595","QK","","9.1595","1100","","MAPE","","644638.0","178804.0","PLUMSTEAD STATION PLT 1","HKJ4","","","","","","","","","","","110173356","2022-08-09","","NRAIL","","","","","Up Main/Fast"," ",""
"110173320","NKL","9.1615","QK","","9.1615","2100","","MAPE","","644656.0","178804.0","PLUMSTEAD STATION PLT 2","HKJ4","","","","","","","","","","","110173320","2022-08-09","","NRAIL","","","","","Down Main/Fast"," ",""
"110173357","NKL","10.0086","QK","","10.0086","1100","","MAPE","","544866.0","178823.0","PLUMSTEAD STATION PLT 1","HKJ4","","","","","","","","","","","110173357","2022-08-09","","NRAIL","","","","","Up Main/Fast"," ",""
"110173358","NKL","10.0098","QK","","10.0098","2100","","MAPE","","544878.0","178825.0","PLUMSTEAD STATION PLT 2","HKJ4","","","","","","","","","","","110173358","2022-08-09","","NRAIL","","","","","Down Main/Fast"," ",""
"110173319","NKL","11.0808","QK","","11.0808","0","","MAPE","","547127.0","179019.0","ABBEY WOOD STN PLT 1 & 2","HKJ4","","","","","","","","","","","110173319","2022-08-09","","NRAIL","","","","","All/Multiple Tracks"," ",""
"110173359","NKL","11.1052","QK","","11.1052","2100","","MAPE","","547349.0","179038.0","ABBEY WOOD STN PLT 2","HKJ4","","","","","","","","","","","110173359","2022-08-09","","NRAIL","","","","","Down Main/Fast"," ",""
"110173360","NKL","11.1089","QK","","11.1089","1100","","MAPE","","547389.0","179041.0","ABBEY WOOD STN PLT 1","HKJ4","","","","","","","","","","","110173360","2022-08-09","","NRAIL","","","","","Up Main/Fast"," ",""
"110173317","NKL","12.1601","QK","","12.1601","2100","","MAPE","","549452.0","179220.0","BELVEDERE STN PLT 2","HKJ4","","","","","","","","","","","110173317","2022-08-09","","NRAIL","","","","","Down Main/Fast"," ",""
"110173318","NKL","12.1605","QK","","12.1605","1100","","MAPE","","549452.0","179220.0","BELVEDERE STN PLT 1","HKJ4","","","","","","","","","","","110173318","2022-08-09","","NRAIL","","","","","Up Main/Fast"," ",""
"110173304","NKL","13.0122","QK","","13.0122","1100","","MAPE","","549708.0","179229.0","BELVEDERE STN PLT 1","HKJ4","","","","","","","","","","","110173304","2022-08-09","","NRAIL","","","","","Up Main/Fast"," ",""
"110173303","NKL","13.0124","QK","","13.0124","2100","","MAPE","","549708.0","179229.0","BELVEDERE STN PLT 2","HKJ4","","","","","","","","","","","110173303","2022-08-09","","NRAIL","","","","","Down Main/Fast"," ",""
"110173362","NKL","14.0193","QK","","14.0193","1100","","MAPE","","550990.0","178261.0","ERITH STN PLT 1","HKJ4","","","","","","","","","","","110173362","2022-08-09","","NRAIL","","","","","Up Main/Fast"," ",""
"110173361","NKL","14.0336","QK","","14.0336","2100","","MAPE","","551075.0","178162.0","ERITH STN PLT 2","HKJ4","","","","","","","","","","","110173361","2022-08-09","","NRAIL","","","","","Down Main/Fast"," ",""
"110173301","NKL","14.0455","QK","","14.0455","2100","","MAPE","","551146.0","178079.0","ERITH STN PLT 2","HKJ4","","","","","","","","","","","110173301","2022-08-09","","NRAIL","","","","","Down Main/Fast"," ",""
"110173302","NKL","14.0597","QK","","14.0597","1100","","MAPE","","551231.0","177981.0","ERITH STN PLT 1","HKJ4","","","","","","","","","","","110173302","2022-08-09","","NRAIL","","","","","Up Main/Fast"," ",""
"110173299","NKL","15.0496","QK","","15.0496","2100","","MAPE","","552124.0","176759.0","SLADE GREEN STN PLT 2","HKJ4","","","","","","","","","","","110173299","2022-08-09","","NRAIL","","","","","Down Main/Fast"," ",""
"110173300","NKL","15.0496","QK","","15.0496","1100","","MAPE","","552124.0","176759.0","SLADE GREEN STN PLT 1","HKJ4","","","","","","","","","","","110173300","2022-08-09","","NRAIL","","","","","Up Main/Fast"," ",""
"110173363","NKL","15.0759","QK","","15.0759","2100","","MAPE","","552248.0","176553.0","SLADE GREEN STN PLT 2","HKJ4","","","","","","","","","","","110173363","2022-08-09","","NRAIL","","","","","Down Main/Fast"," ",""
"110173367","NKL","15.0759","QK","","15.0759","1100","","MAPE","","552248.0","176553.0","SLADE GREEN STN PLT 1","HKJ4","","","","","","","","","","","110173367","2022-08-09","","NRAIL","","","","","Up Main/Fast"," ",""
"110153304","NKL","10.0506","QK","","10.0506","0","","MAR","","545259.0","178857.0","PLUMSTEAD SIDING NO 5 - RRV AC","HKJ4","","","","","","","","","","","110153304","2022-08-09","","NRAIL","","","","","All/Multiple Tracks"," ","TQ 45089 78889"
"110155713","NKL","11.0487","QK","","11.0487","1100","","MAR","","546834.0","178994.0","BOSTALL MANOR WAY RRAP","HKJ4","","","","","","","","","","","110155713","2022-08-09","","NRAIL","","","","","Up Main/Fast","ROAD RAIL ACCESS POINT <RRAP> AT BOSTALL MANOR WAY BRIDGE",""
"110153311","NKL","15.1076","QK","","15.1076","0","","MAR","","552398.0","176304.0","SLADE GREEN EAST SHUNT","HKJ4","","","","","","","","","","","110153311","2022-08-09","","NRAIL","","","","","All/Multiple Tracks"," ","TQ 52466 76346"
"70204804","NKL","6.0725","QK","","6.0725","2100","","MAV","","539336.0","177876.0","MAZE HILL - ACCESS RAMP","HKJ4","","","","","","","","","","","70204804","2022-08-09","","BBRM","","","","","Down Main/Fast","Risk Rating 3, Hazard Rating 2,Score 6",""
"110164887","NKL","7.0264","QK","","7.0264","1100","","MAV","","540498.0","178118.0","ANGERSTEIN JUNCTION COMPOUND","HKJ4","","","","","","","","","","","110164887","2023-05-31","","","","","","","Up Main/Fast"," ",""
"70260136","NKL","7.0885","QK","","7.0885","2100","","MAV","","541007.0","178395.0","CHARLTON SUBSTATION","HKJ4","","","","","","","","","","","70260136","2022-08-09","","NRAIL","","","","","Down Main/Fast","Risk Rating 6, Hazard Rating 2,Score 12 Address:Woolwich Road, Charlton, London:SE7 7RJ Details: Network Rail Gate, off Troughton Road, or off down side platform at Charlton station at 7m 40c and then to site. OS grid ref TQ411 785","TQ 41007 78395"
"70130348","NKL","8.0527","QK","","8.0527","1100","","MAV","","542141.0","178938.0","MARYON ROAD","HKJ4","","","","","","","","","AC","","70130348","2022-08-09","","BBRM","","","","","Up Main/Fast","Risk Rating 6, Hazard Rating 2,Score 12","TQ 42141 78938"
"110146843","NKL","10.022","QK","","10.022","2100","","MAV","","544806.0","178818.0","PLUMSTEAD SIDINGS LE","HKJ4","","","","","","","","","","","110146843","2022-08-09","","NRAIL","","","","","Down Main/Fast","Address:Bath Mews, Plumstead:SE18 1SW Details: off Pettman Crescent, near Plumstead station @ 10m 07c. OS grid ref TQ454 788",""
"70260138","NKL","10.099","QK","","10.099","2100","","MAV","","545690.0","178895.0","PLUMSTEAD SIDINGS CE","HKJ4","","","","","","","","","","","70260138","2022-08-09","","BBRM","","","","","Down Main/Fast","Risk Rating 6, Hazard Rating 2,Score 12",""
"110179296","NTL","6.0946","QK","","6.0946","1100","","MA","","536223.0","175811.0","Seymour Gardens","HKJ5","","","","","","","","","Staff Access","","110179296","2022-08-15","","NRAIL","","","","","Up Main/Fast","Authorised Access Point",""
"110164879","NTL","7.0685","QK","","7.0685","1100","","MA","","537539.0","176201.0","ST JOHNS STATION:2045","HKJ4","","","","","","","","","","","110164879","2022-08-09","","","","","","","Up Main/Fast"," ",""
"110142407","NTL","6.0462","QK","","6.0462","1100","","MAP","","535799.0","175895.0","Aspinal Road Footbridge","HKJ5","","","","","","","","","","","110142407","2022-04-21","","NRAIL","","","","","Up Main/Fast","Score 5, BRS 4100",""
"110164905","NTL","6.1144","QK","","6.1144","1100","","MAP","","536415.0","175841.0","WICKHAM ROAD - BROCKLEY","HKJ4","","","","","","","","","","","110164905","2023-05-31","","","","","","","Up Main/Fast"," ",""
"110177454","NTL","6.0396","QK","","6.0396","1100","","MAV","","535739.0","175909.0","NUNHEAD JUNCTION SUBSTATION","HKJ5","","","","","","","","","","","110177454","2023-05-31","","NRAIL","","","","","Up Main/Fast","CREATED AFTER ACCESS POINT VALIDATION DATA ANALYSIS",""
"70205292","OJS","26.011","QK","","26.011","1100","","MAP","","552584.0","156464.0","Bat & Ball/Sevenoaks-Bridge 550","HKJ5","","","","","","","","","","","70205292","2022-04-21","","BBRM","","","","","Up Main/Fast","Risk Rating 6, Hazard Rating 2,Score 12, 30 Steps Down, BRS PREVIOUSLY 4125",""
"70205293","OJS","26.0682","QK","","26.0682","1100","","MAP","","552341.0","155992.0","Bat & Ball/Sevenoaks-Brabourne Park Road","HKJ5","","","","","","","","","","","70205293","2022-04-21","","BBRM","","","","","Up Main/Fast","Risk Rating 6, Hazard Rating 2,Score 12, BRS PREVISOULY 4125",""
"70205294","OJS","26.0946","QK","","26.0946","2100","","MAP","","552223.0","155785.0","Bat & Ball/Sevenoaks-Bosville Road","HKJ5","","","","","","","","","","","70205294","2022-04-21","","BBRM","","","","","Down Main/Fast","Risk Rating 2, Hazard Rating 4,Score 8, Steps Up, BRS PREVIOUSLY 4125",""
"110147182","OJS","26.1161","QK","","26.1161","9999","","MAP","","552183.0","155607.0","SEVENOAKS SUBSTATION","HKJ5","","","","","","","","","","","110147182","2022-08-05","","NRAIL","","","","","Unknown","Address:Bosville Avenue, St. Johns:TN13 3YD      Details: Through Alley Way, off Bosville Drive, opposite Bosville Road, Network Rail Gate, then up rough road to site      TQ522556",""
"110176527","OJS","25.1056","QK","","25.1056","1100","","MAPE","","","","BAT AND BALL STATION PLAT 1","HKJ5","","","","","","","","","","","110176527","2022-02-03","","NRAIL","","","","","Up Main/Fast","BAT AND BALL STATION PLAT 1 - Ungated",""
"110176528","OJS","25.1067","QK","","25.1067","2100","","MAPE","","553127.0","156923.0","BAT AND BALL STATION PLAT 2","HKJ5","","","","","","","","","","","110176528","2022-08-05","","NRAIL","","","","","Down Main/Fast","BAT AND BALL STATION PLAT 2 - Ungated",""
"110176597","OJS","25.1236","QK","","25.1236","1100","","MAPE","","553058.0","156787.0","BAT AND BALL STATION PLAT 1","HKJ5","","","","","","","","","","","110176597","2022-08-05","","NRAIL","","","","","Up Main/Fast","BAT AND BALL STATION PLAT 1 - Ungated",""
"110176598","OJS","25.1238","QK","","25.1238","2100","","MAPE","","553058.0","156787.0","BAT AND BALL STATION PLAT 2","HKJ5","","","","","","","","","","","110176598","2022-08-05","","NRAIL","","","","","Down Main/Fast","BAT AND BALL STATION PLAT 2 - Ungated",""
"70193113","OJS","25.0638","QK","","25.0638","2100","","MAV","","553177.0","157298.0","Bat & Ball-Footbridge 547A","HKJ5","","","","","","","","","","","70193113","2022-04-21","","BBRM","","","","","Down Main/Fast","Risk Rating 3, Hazard Rating 2,Score 6, BRS PREVIOUSLY 4125",""
"110178951","PWS1","37.0616","QK","","37.0616","2100","","MA","","","","Stoneham Foot Crossing","HKJ6","","","","","","","","","","","110178951","2022-07-20","","","","","","","Down Main/Fast","Access Point Required to Access for Patrolling",""
"110178992","PWS1","37.099","QK","","37.099","2100","","MA","","","","Stoneham Foot Crossing","HKJ6","","","","","","","","","","","110178992","2022-07-20","","","","","","","Down Main/Fast","Access Point Required to Access for Patrolling",""
"110180688","PWS1","35.0638","QK","","35.0638","1100","","MAP","","637655.0","145777.0","Swatlands","HKJ5","","","","","","","","","","","110180688","2022-10-26","","NRAIL","","","","","Up Main/Fast","Public Highway Crossing Type AHB",""
"110180743","PWS1","35.0638","QK","","35.0638","2100","","MAP","","637655.0","145777.0","Swatlands","HKJ5","","","","","","","","","","","110180743","2022-10-26","","NRAIL","","","","","Down Main/Fast","Public Highway Crossing Type AHB",""
"70205436","PWS1","35.0642","QK","","35.0642","1100","","MAP","","567656.0","145781.0","Paddock Wood/Beltring-Swatlands Lxing","HKJ5","","","","","","","","","","","70205436","2008-09-08","","BBRM","","","","","Up Main/Fast","Risk Rating 3, Hazard Rating 2,Score 6",""
"70205438","PWS1","35.0651","QK","","35.0651","2100","","MAP","","567657.0","145789.0","Paddock Wood/Beltring-Swatlands Lxing","HKJ5","","","","","","","","","","","70205438","2008-09-08","","BBRM","","","","","Down Main/Fast","Risk Rating 3, Hazard Rating 2,Score 6",""
"110180689","PWS1","35.132","QK","","35.132","1100","","MAP","","567756.0","146392.0","Wagon Lane","HKJ5","","","","","","","","","","","110180689","2022-10-26","","NRAIL","","","","","Up Main/Fast","Public Highway Crossing Type AHB",""
"110180744","PWS1","35.132","QK","","35.132","2100","","MAP","","567756.0","146392.0","Wagon Lane","HKJ5","","","","","","","","","","","110180744","2022-10-26","","NRAIL","","","","","Down Main/Fast","Public Highway Crossing Type AHB",""
"70205440","PWS1","35.1327","QK","","35.1327","1100","","MAP","","567758.0","146399.0","Paddock Wood/Beltring-Wagon Lane Lxing","HKJ5","","","","","","","","","","","70205440","2008-09-08","","BBRM","","","","","Up Main/Fast","Risk Rating 2, Hazard Rating 2,Score 4",""
"110181721","PWS1","36.1144","QK","","36.1144","2100","","MAP","","567995.0","147821.0","BELTRING","HKJ5","","","","","","","","","","","110181721","2022-11-11","","NRAIL","","","","","Down Main/Fast","",""
"110181561","PWS1","36.1144","QK","","36.1144","1100","","MAP","","567995.0","147821.0","BELTRING","HKJ5","","","","","","","","","","","110181561","2022-11-11","","NRAIL","","","","","Up Main/Fast","",""
"110179571","PWS1","36.1144","QK","","36.1144","2100","","MAP","","567978.0","147835.0","Beltring Foot Crossing","HKJ5","","","","","","","","","Foot Crossing Access","","110179571","2022-08-09","","NRAIL","","","","","Down Main/Fast","Authorised Access Point - Pedestrian at Beltring Crossing",""
"70205442","PWS1","36.1162","QK","","36.1162","2100","","MAP","","567998.0","147837.0","Paddock Wood/Beltring-Beltring Lxing","HKJ6","","","","","","","","","","","70205442","2008-09-08","","BBRM","","","","","Down Main/Fast","Risk Rating 2, Hazard Rating 2,Score 4",""
"110181726","PWS1","37.0594","QK","","37.0594","2100","","MAP","","568091.0","148921.0","STONEHAM","HKJ6","","","","","","","","","","","110181726","2022-11-11","","NRAIL","","","","","Down Main/Fast","",""
"110181566","PWS1","37.0594","QK","","37.0594","1100","","MAP","","568091.0","148921.0","STONEHAM","HKJ6","","","","","","","","","","","110181566","2022-11-11","","NRAIL","","","","","Up Main/Fast","",""
"110181720","PWS1","37.099","QK","","37.099","2100","","MAP","","568181.0","149269.0","BALLAST HOLE ","HKJ6","","","","","","","","","","","110181720","2022-11-11","","NRAIL","","","","","Down Main/Fast","",""
"110181560","PWS1","37.099","QK","","37.099","1100","","MAP","","568181.0","149269.0","BALLAST HOLE ","HKJ6","","","","","","","","","","","110181560","2022-11-11","","NRAIL","","","","","Up Main/Fast","",""
"110181730","PWS1","37.1606","QK","","37.1606","2100","","MAP","","568362.0","149801.0","WARDS","HKJ6","","","","","","","","","","","110181730","2022-11-11","","NRAIL","","","","","Down Main/Fast","",""
"110181570","PWS1","37.1606","QK","","37.1606","1100","","MAP","","568362.0","149801.0","WARDS","HKJ6","","","","","","","","","","","110181570","2022-11-11","","NRAIL","","","","","Up Main/Fast","",""
"110181733","PWS1","38.0308","QK","","38.0308","2100","","MAP","","568503.0","150203.0","YALDING","HKJ6","","","","","","","","","","","110181733","2022-11-11","","NRAIL","","","","","Down Main/Fast","",""
"110181573","PWS1","38.0308","QK","","38.0308","1100","","MAP","","568503.0","150203.0","YALDING","HKJ6","","","","","","","","","","","110181573","2022-11-11","","NRAIL","","","","","Up Main/Fast","",""
"110147092","PWS1","38.055","QK","","38.055","9999","","MAP","","568613.0","150499.0","YALDING SUBSTATION","HKJ6","","","","","","","","","","","110147092","2023-10-31","","NRAIL","","","","","Unknown","Address:Hampstead Lane, Yalding:ME18 6HN Details: Yalding Station, then along down side Platform        < Maidstone end of Station> then along cess to site.",""
"110181724","PWS1","38.0638","QK","","38.0638","2100","","MAP","","568591.0","150491.0","MACDOUGAL","HKJ6","","","","","","","","","","","110181724","2022-11-11","","NRAIL","","","","","Down Main/Fast","",""
"110181564","PWS1","38.0638","QK","","38.0638","1100","","MAP","","568591.0","150491.0","MACDOUGAL","HKJ6","","","","","","","","","","","110181564","2022-11-11","","NRAIL","","","","","Up Main/Fast","",""
"110181725","PWS1","38.0946","QK","","38.0946","2100","","MAP","","568597.0","150771.0","MILLSTEAD","HKJ6","","","","","","","","","","","110181725","2022-11-11","","NRAIL","","","","","Down Main/Fast","",""
"110181565","PWS1","38.0946","QK","","38.0946","1100","","MAP","","568597.0","150771.0","MILLSTEAD","HKJ6","","","","","","","","","","","110181565","2022-11-11","","NRAIL","","","","","Up Main/Fast","",""
"110181732","PWS1","38.1738","QK","","38.1738","2100","","MAP","","568508.0","151487.0","WILSON","HKJ6","","","","","","","","","","","110181732","2022-11-11","","NRAIL","","","","","Down Main/Fast","",""
"110181572","PWS1","38.1738","QK","","38.1738","1100","","MAP","","568508.0","151487.0","WILSON","HKJ6","","","","","","","","","","","110181572","2022-11-11","","NRAIL","","","","","Up Main/Fast","",""
"110155898","PWS1","38.1738","QK","","38.1738","1100","","MAP","","568508.0","151487.0","Vinsons Crossing","HKJ6","","","","","","","","","","","110155898","2016-06-02","","NRAIL","","","","","Up Main/Fast","","TQ 68508 51487"
"110181722","PWS1","39.066","QK","","39.066","2100","","MAP","","568629.0","152097.0","CHURCH","HKJ6","","","","","","","","","","","110181722","2022-11-11","","NRAIL","","","","","Down Main/Fast","",""
"110181562","PWS1","39.066","QK","","39.066","1100","","MAP","","568629.0","152097.0","CHURCH","HKJ6","","","","","","","","","","","110181562","2022-11-11","","NRAIL","","","","","Up Main/Fast","",""
"110181731","PWS1","39.1584","QK","","39.1584","2100","","MAP","","569057.0","152791.0","WATERINGBURY","HKJ6","","","","","","","","","","","110181731","2022-11-11","","NRAIL","","","","","Down Main/Fast","",""
"110181571","PWS1","39.1584","QK","","39.1584","1100","","MAP","","569057.0","152791.0","WATERINGBURY","HKJ6","","","","","","","","","","","110181571","2022-11-11","","NRAIL","","","","","Up Main/Fast","",""
"110147093","PWS1","40.0086","QK","","40.0086","9999","","MAP","","569226.0","152854.0","WATERINGBURY TP HUT","HKJ6","","","","","","","","","","","110147093","2023-10-31","","NRAIL","","","","","Unknown","Address:Bow Hill, Wateringbury:ME18 5RS Details: Wateringbury Station, then along down side platform < Maidstone End of Station> then along cess to site.",""
"110183445","PWS1","41.0088","QK","","41.0088","1100","","MAP","","570747.0","153364.0","TESTON LEVEL CROSSING","HKJ6","","","","","","","","","","","110183445","2023-10-31","","NRAIL","","","","","Up Main/Fast","AUTHORISED ACCESS POINT - PEDESTRIAN",""
"110179751","PWS1","41.0088","QK","","41.0088","1100","","MAP","","570751.0","153356.0","Teston LC","HKJ6","","","","","","","","","Pedestrian","","110179751","2022-08-25","","NRAIL","","","","","Up Main/Fast","Teston LC at 41m 04ch",""
"110179752","PWS1","41.0088","QK","","41.0088","2100","","MAP","","570751.0","153356.0","Teston LC","HKJ6","","","","","","","","","Pedestrian","","110179752","2022-08-25","","NRAIL","","","","","Down Main/Fast","Teston LC at 41m 04ch",""
"110181727","PWS1","41.0088","QK","","41.0088","2100","","MAP","","570754.0","153361.0","TESTON","HKJ6","","","","","","","","","","","110181727","2022-11-11","","NRAIL","","","","","Down Main/Fast","",""
"110181567","PWS1","41.0088","QK","","41.0088","1100","","MAP","","570754.0","153361.0","TESTON","HKJ6","","","","","","","","","","","110181567","2022-11-11","","NRAIL","","","","","Up Main/Fast","",""
"110181728","PWS1","41.0308","QK","","41.0308","2100","","MAP","","570916.0","153477.0","TESTON FOOTPATH","HKJ6","","","","","","","","","","","110181728","2022-11-11","","NRAIL","","","","","Down Main/Fast","",""
"110181568","PWS1","41.0308","QK","","41.0308","1100","","MAP","","570916.0","153477.0","TESTON FOOTPATH","HKJ6","","","","","","","","","","","110181568","2022-11-11","","NRAIL","","","","","Up Main/Fast","",""
"110147147","PWS1","41.1452","QK","","41.1452","2100","","MAP","","571760.0","154022.0","TESTON SUBSTATION","HKJ6","","","","","","","","","","","110147147","2023-10-31","","NRAIL","","","","","Down Main/Fast","Address:South Street, East Barming:ME16 9NJ Details: Off A26 Tonbridge Road, then down South Street, Barming, Bridge No 958 @ 42m 18c, then along cess to site.",""
"70260143","PWS1","42.0374","QK","","42.0374","2100","","MAP","","572395.0","153963.0","East Barming-Barming Lane Bridge","HKJ6","","","","","","","","","","","70260143","2008-09-08","","BBRM","","","","","Down Main/Fast","Risk Rating 2, Hazard Rating 2,Score 4",""
"110181723","PWS1","42.165","QK","","42.165","2100","","MAP","","573461.0","153607.0","EAST FARLEIGH","HKJ6","","","","","","","","","","","110181723","2022-11-11","","NRAIL","","","","","Down Main/Fast","",""
"110181563","PWS1","42.165","QK","","42.165","1100","","MAP","","573461.0","153607.0","EAST FARLEIGH","HKJ6","","","","","","","","","","","110181563","2022-11-11","","NRAIL","","","","","Up Main/Fast","",""
"110147094","PWS1","43.0969","QK","","43.0969","9999","","MAP","","574472.0","154236.0","EAST FARLEIGH TPH TP HUT","HKJ6","","","","","","","","","","","110147094","2023-10-31","","NRAIL","","","","","Unknown","Address:Unicumes Lane, Maidstone:ME15 0EU Details: East Farleigh Station < Maidstone End of Station > then walk along cess to site.",""
"110181729","PWS1","44.066","QK","","44.066","2100","","MAP","","575214.0","154932.0","TOVIL","HKJ6","","","","","","","","","","","110181729","2022-11-11","","NRAIL","","","","","Down Main/Fast","",""
"110181569","PWS1","44.066","QK","","44.066","1100","","MAP","","575214.0","154932.0","TOVIL","HKJ6","","","","","","","","","","","110181569","2022-11-11","","NRAIL","","","","","Up Main/Fast","",""
"70260145","PWS1","44.1078","QK","","44.1078","1900","","MAP","","575528.0","155123.0","Maidstone West-Signalbox","HKJ6","","","","","","","","","","","70260145","2017-09-28","","BBRM","","","","","Up Siding","Risk Rating 6, Hazard Rating 2,Score 12",""
"110176603","PWS1","36.1017","QK","","36.1017","2100","","MAPE","","567976.0","147706.0","BELTRING STATION PLAT 2","HKJ5","","","","","","","","","","","110176603","2022-08-05","","NRAIL","","","","","Down Main/Fast","BELTRING STATION PLAT 2 - Ungated",""
"110176531","PWS1","36.1111","QK","","36.1111","1100","","MAPE","","567990.0","147791.0","BELTRING STATION PLAT 1","HKJ5","","","","","","","","","","","110176531","2022-08-05","","NRAIL","","","","","Up Main/Fast","BELTRING STATION PLAT 1 - Ungated",""
"110176532","PWS1","36.1112","QK","","36.1112","2100","","MAPE","","567990.0","147791.0","BELTRING STATION PLAT 2","HKJ5","","","","","","","","","","","110176532","2022-08-05","","NRAIL","","","","","Down Main/Fast","BELTRING STATION PLAT 2 - Ungated",""
"110176602","PWS1","36.1126","QK","","36.1126","1100","","MAPE","","567992.0","147805.0","BELTRING STATION PLAT 1","HKJ5","","","","","","","","","","","110176602","2022-08-05","","NRAIL","","","","","Up Main/Fast","BELTRING STATION PLAT 1 - Ungated",""
"110178644","PWS1","38.0337","QK","","38.0337","1100","","MAPE","","568513.0","150229.0","YALDING STATION PLAT 1","HKJ6","","","","","","","","","","","110178644","2022-08-05","","NRAIL","","","","","Up Main/Fast","ACCESS POINT - PLATFORM END - UNGATED",""
"110178645","PWS1","38.0352","QK","","38.0352","1100","","MAPE","","568510.0","150252.0","YALDING STATION PLAT 1","HKJ6","","","","","","","","","","","110178645","2022-08-05","","NRAIL","","","","","Up Main/Fast","ACCESS POINT - PLATFORM END - GATED",""
"110178647","PWS1","38.0396","QK","","38.0396","2100","","MAPE","","557102.0","139562.0","YALDING STATION PLAT 2","HKJ6","","","","","","","","","","","110178647","2022-08-05","","NRAIL","","","","","Down Main/Fast","ACCESS POINT - PLATFORM END - GATED",""
"110178646","PWS1","38.0412","QK","","38.0412","2100","","MAPE","","568545.0","150289.0","YALDING STATION PLAT 2","HKJ6","","","","","","","","","","","110178646","2022-08-05","","NRAIL","","","","","Down Main/Fast","ACCESS POINT - PLATFORM END - GATED",""
"110178628","PWS1","39.1595","QK","","39.1595","1100","","MAPE","","569074.0","152783.0","WATERINGBURY STATION PLAT 1","HKJ6","","","","","","","","","","","110178628","2022-08-05","","NRAIL","","","","","Up Main/Fast","ACCESS POINT - PLATFORM END - GATED",""
"110178631","PWS1","39.1687","QK","","39.1687","2100","","MAPE","","569139.0","152839.0","WATERINGBURY STATION PLAT 2","HKJ6","","","","","","","","","","","110178631","2022-08-05","","NRAIL","","","","","Down Main/Fast","ACCESS POINT - PLATFORM END - GATED",""
"110178629","PWS1","39.1689","QK","","39.1689","1100","","MAPE","","569150.0","152820.0","WATERINGBURY STATION PLAT 1","HKJ6","","","","","","","","","","","110178629","2022-08-05","","NRAIL","","","","","Up Main/Fast","ACCESS POINT - PLATFORM END - GATED",""
"110178630","PWS1","40.0026","QK","","40.0026","2100","","MAPE","","569153.0","152826.0","WATERINGBURY STATION PLAT 2","HKJ6","","","","","","","","","","","110178630","2022-08-05","","NRAIL","","","","","Down Main/Fast","ACCESS POINT - PLATFORM END - GATED",""
"110178482","PWS1","42.1646","QK","","42.1646","2100","","MAPE","","573453.0","153625.0","EAST FARLEIGH STATION PLAT 2","HKJ6","","","","","","","","","","","110178482","2022-08-05","","NRAIL","","","","","Down Main/Fast","ACCESS POINT - PLATFORM END - GATED",""
"110178481","PWS1","42.1668","QK","","42.1668","1100","","MAPE","","573473.0","153622.0","EAST FARLEIGH STATION PLAT 1","HKJ6","","","","","","","","","","","110178481","2022-08-05","","NRAIL","","","","","Up Main/Fast","ACCESS POINT - PLATFORM END - UNGATED",""
"110178483","PWS1","42.1758","QK","","42.1758","2100","","MAPE","","573559.0","153631.0","EAST FARLEIGH STATION PLAT 2","HKJ6","","","","","","","","","","","110178483","2022-08-05","","NRAIL","","","","","Down Main/Fast","ACCESS POINT - PLATFORM END - UNGATED",""
"110178480","PWS1","43.0005","QK","","43.0005","1100","","MAPE","","573554.0","153654.0","EAST FARLEIGH STATION PLAT 1","HKJ6","","","","","","","","","","","110178480","2022-08-05","","NRAIL","","","","","Up Main/Fast","ACCESS POINT - PLATFORM END - GATED",""
"110178525","PWS1","44.1167","QK","","44.1167","3101","","MAPE","","575583.0","155276.0","MAIDSTONE WEST STATION PLAT 1","HKJ6","","","","","","","","","","","110178525","2022-08-05","","NRAIL","","","","","","ACCESS POINT - PLATFORM END - GATED",""
"110179591","PWS1","34.1455","QK","","34.1455","2901","","MAR","","567203.0","145288.0","KEYLAND SIDINGS","HKJ5","","","","","","","","","RRV Access","","110179591","2022-08-11","","NRAIL","","","","","","Concrete slab Access point. It is used by the MMT Train for loading & Unloading  & by Maintenance for RRV Access to the PWS1. The address is:~
Hop Pocket lane ~
Station Approach ~
Paddock Wood~
Tonbridge ~
Kent~
TN12 6ER",""
"110179572","PWS1","36.116","QK","","36.116","2100","","MAR","","567977.0","147846.0","Beltring Foot Crossing - RRV","HKJ6","","","","","","","","","MAR - Access RRV","","110179572","2022-08-09","","NRAIL","","","","","Down Main/Fast","Authorised Access Point - Road-Rail Machines at Beltring Crossing",""
"110183510","PWS1","44.1012","QK","","44.1012","1900","","MAR","","575461.0","155059.0","MAIDSTONE WEST UP SDG - RRV ACCESS","HKJ6","","","","","","","","","","","110183510","2023-10-31","","NRAIL","","","","","Up Siding","AUTHORISED ACCESS POINT - ROAD/RAIL VEH",""
"110147091","PWS1","36.129","QK","","36.129","9999","","MAV","","568076.0","147987.0","BELTRING TPH TP HUT","HKJ6","","","","","","","","","","","110147091","2023-10-31","","NRAIL","","","","","Unknown","Address:Gravelly Ways, Beltring:TN12 6QH Details: Beltring Level Crossing <ABH> / Station, @ 36m 52c then walk along cess to site.",""
"70260144","PWS1","42.1496","QK","","42.1496","2100","","MAV","","573326.0","153596.0","East Farleigh-Station car park","HKJ6","","","","","","","","","","","70260144","2008-09-08","","BBRM","","","","","Down Main/Fast","Risk Rating 10, Hazard Rating 2,Score 20",""
"70205610","PWS1","44.0972","QK","","44.0972","1900","","MAV","","575458.0","155056.0","Maidstone West-Signalbox","HKJ6","","","","","","","","","","","70205610","2008-09-08","","BBRM","","","","","Up Siding","Risk Rating 6, Hazard Rating 2,Score 12",""
"70205612","PWS1","44.1125","QK","","44.1125","3900","","MAV","","575551.0","155159.0","Maidstone West","HKJ6","","","","","","","","","","","70205612","2017-09-28","","BBRM","","","","","Rev Siding","Risk Rating 6, Hazard Rating 2,Score 12",""
"110178991","PWS2","40.0946","QK","","40.0968","1900","","MA","","","","ARC Sidings","HKJ6","","","","","","","","","","","110178991","2022-07-20","","","","","","","Up Siding","Access Point Required to Access for Patrolling",""
"70130422","PWS2","31.0401","QK","","31.0401","3503","","MAP","","573953.0","169294.0","STATION ROAD","HKJ4","","","","","","","","","","","70130422","2022-08-09","","BBRM","","","","","","Risk Rating 3, Hazard Rating 2,Score 6","TQ 73953 69294"
"70130423","PWS2","31.0858","QK","","31.0858","1100","","MAP","","573682.0","168984.0","Strood-Jane's Creek","HKJ6","","","","","","","","","","","70130423","2008-09-08","","BBRM","","","","","Up Main/Fast","Risk Rating 3, Hazard Rating 2,Score 6",""
"110187918","PWS2","32.0704","QK","","32.0704","1100","","MAP","","28530.0","512258.9","CABLE BRIDGE - CUXTON","HKJ6","","","","","","","","","","","110187918","2024-06-24","","NRAIL","","","","","Up Main/Fast","",""
"70130424","PWS2","32.0726","QK","","32.0726","1100","","MAP","","572773.0","167804.0","Strood-Roman Way Bridge","HKJ6","","","","","","","","","AC","","70130424","2023-05-31","","BBRM","","","","","Up Main/Fast","Risk Rating 10, Hazard Rating 2,Score 20",""
"110183446","PWS2","32.099","QK","","32.099","2100","","MAP","","572602.0","167622.0","AMADEUS NIGHT CLUB","HKJ6","","","","","","","","","","","110183446","2024-06-24","","NRAIL","","","","","Down Main/Fast","AUTHORISED ACCESS POINT - PEDESTRIAN",""
"110147095","PWS2","33.0034","QK","","33.0034","9999","","MAP","","571984.0","167232.0","WICKHAM TPH CUXTON TP HUT","HKJ6","","","","","","","","","","","110147095","2023-10-31","","NRAIL","","","","","Unknown","Address:Sundridge Hill, Cuxton:ME2 1LE Details: Off A228 Sundridge Hill, Cuxton, then down lane to foot crossing @ 33m 07c then along cess to site.",""
"110181737","PWS2","33.0858","QK","","33.0858","2100","","MAP","","571422.0","166724.0","CUXTON","HKJ6","","","","","","","","","","","110181737","2022-11-11","","NRAIL","","","","","Down Main/Fast","",""
"110181577","PWS2","33.0858","QK","","33.0858","1100","","MAP","","571422.0","166724.0","CUXTON","HKJ6","","","","","","","","","","","110181577","2022-11-11","","NRAIL","","","","","Up Main/Fast","",""
"70205821","PWS2","33.1072","QK","","33.1072","2100","","MAP","","571274.0","166597.0","Cuxton/Halling","HKJ6","","","","","","","","","","","70205821","2008-09-08","","","","","","","Down Main/Fast","Risk Rating 3, Hazard Rating 2,Score 6",""
"110181741","PWS2","34.0726","QK","","34.0726","2100","","MAP","","570481.0","165606.0","NORTH HALLING","HKJ6","","","","","","","","","","","110181741","2022-11-11","","NRAIL","","","","","Down Main/Fast","",""
"110181581","PWS2","34.0726","QK","","34.0726","1100","","MAP","","570481.0","165606.0","NORTH HALLING","HKJ6","","","","","","","","","","","110181581","2022-11-11","","NRAIL","","","","","Up Main/Fast","",""
"70260146","PWS2","34.1386","QK","","34.1386","1100","","MAP","","570358.0","165017.0","Halling Substation","HKJ6","","","","","","","","","","","70260146","2011-05-17","","NRAIL","","","","","Up Main/Fast","Address:Rochester Rd, Halling:ME2 1AP Details: Halling Sub Station, off A228 Formby Road, Halling. Network Rail Gate, then into site.~ Risk Rating 3, Hazard Rating 2,Score 6",""
"110147096","PWS2","36.1003","QK","","36.1003","9999","","MAP","","570669.0","162100.0","SNODLAND TP HUT","HKJ6","","","","","","","","","","","110147096","2023-10-31","","NRAIL","","","","","Unknown","Address:Churchfield, Snodland:ME6 5TB Details: Snodland Station, then along cess to site.",""
"110181742","PWS2","36.1408","QK","","36.1408","2100","","MAP","","570680.0","161800.0","SNODLAND","HKJ6","","","","","","","","","","","110181742","2022-11-11","","NRAIL","","","","","Down Main/Fast","",""
"110181582","PWS2","36.1408","QK","","36.1408","1100","","MAP","","570680.0","161800.0","SNODLAND","HKJ6","","","","","","","","","","","110181582","2022-11-11","","NRAIL","","","","","Up Main/Fast","",""
"110181734","PWS2","37.11","QK","","37.11","2100","","MAP","","571007.0","160513.0","ABBEY MEADS ","HKJ6","","","","","","","","","","","110181734","2022-11-11","","NRAIL","","","","","Down Main/Fast","",""
"110181574","PWS2","37.11","QK","","37.11","1100","","MAP","","571007.0","160513.0","ABBEY MEADS ","HKJ6","","","","","","","","","","","110181574","2022-11-11","","NRAIL","","","","","Up Main/Fast","",""
"110181743","PWS2","37.1342","QK","","37.1342","2100","","MAP","","571063.0","160302.0","WILLOW WALK","HKJ6","","","","","","","","","","","110181743","2022-11-11","","NRAIL","","","","","Down Main/Fast","",""
"110181583","PWS2","37.1342","QK","","37.1342","1100","","MAP","","571063.0","160302.0","WILLOW WALK","HKJ6","","","","","","","","","","","110181583","2022-11-11","","NRAIL","","","","","Up Main/Fast","",""
"110183447","PWS2","38.0044","QK","","38.0044","1100","","MAP","","571235.0","159932.0","Hythe Station Access Point","HKJ6","","","","","","","","","","","110183447","2023-10-31","","NRAIL","","","","","Up Main/Fast","AUTHORISED ACCESS POINT-PEDESTRIAN",""
"110147097","PWS2","38.06","QK","","38.06","9999","","MAP","","571202.0","159972.0","NEW HYTHE SUBSTATION","HKJ6","","","","","","","","","","","110147097","2023-10-31","","NRAIL","","","","","Unknown","Address:New Hythe Lane, New Hythe:ME20 7DL Details: New Hythe Station, then along platform to Maidstone end, then along cess to site.",""
"110181740","PWS2","38.1408","QK","","38.1408","2100","","MAP","","571811.0","158816.0","MILL HALL","HKJ6","","","","","","","","","","","110181740","2022-11-11","","NRAIL","","","","","Down Main/Fast","",""
"110181580","PWS2","38.1408","QK","","38.1408","1100","","MAP","","571811.0","158816.0","MILL HALL","HKJ6","","","","","","","","","","","110181580","2022-11-11","","NRAIL","","","","","Up Main/Fast","",""
"110153954","PWS2","38.1474","QK","","38.1474","2100","","MAP","","571857.0","158779.0","MILL HALL","HKJ6","","","","","","","","","","","110153954","2015-10-21","","NRAIL","","","","","Down Main/Fast","","TQ 71857 58779"
"110181735","PWS2","38.1716","QK","","38.1716","2100","","MAP","","572058.0","158688.0","AYLESFORD","HKJ6","","","","","","","","","","","110181735","2022-11-11","","NRAIL","","","","","Down Main/Fast","",""
"110181575","PWS2","38.1716","QK","","38.1716","1100","","MAP","","572058.0","158688.0","AYLESFORD","HKJ6","","","","","","","","","","","110181575","2022-11-11","","NRAIL","","","","","Up Main/Fast","",""
"110153955","PWS2","38.1735","QK","","38.1735","1100","","MAP","","572068.0","158686.0","AYLESFORD CROSSING UP SIDE","HKJ6","","","","","","","","","","","110153955","2015-10-21","","NRAIL","","","","","Up Main/Fast","","TQ 72068 58686"
"110153956","PWS2","38.1735","QK","","38.1735","2100","","MAP","","572077.0","158688.0","AYLESFORD CROSSING DOWN SIDE","HKJ6","","","","","","","","","","","110153956","2015-10-21","","NRAIL","","","","","Down Main/Fast","","TQ 72778 58688"
"110153958","PWS2","39.0792","QK","","39.0792","2100","","MAP","","572833.0","158779.0","AYLESFORD VILLAGE CROSSING DN SIDE","HKJ6","","","","","","","","","","","110153958","2023-10-31","","NRAIL","","","","","Down Main/Fast","",""
"110153957","PWS2","39.0792","QK","","39.0792","1100","","MAP","","572833.0","158779.0","AYLESFORD VILLAGE CROSSING UP SIDE LE","HKJ6","","","","","","","","","","","110153957","2023-10-31","","NRAIL","","","","","Up Main/Fast","",""
"110153959","PWS2","39.0814","QK","","39.0814","1100","","MAP","","572833.0","158779.0","AYLESFORD VILLAGE CROSSING UP SIDE CE","HKJ6","","","","","","","","","","","110153959","2023-10-31","","NRAIL","","","","","Up Main/Fast","",""
"110181736","PWS2","39.0815","QK","","39.0815","2100","","MAP","","572827.0","158787.0","AYLESFORD VILLAGE","HKJ6","","","","","","","","","","","110181736","2022-11-11","","NRAIL","","","","","Down Main/Fast","",""
"110181576","PWS2","39.0815","QK","","39.0815","1100","","MAP","","572827.0","158787.0","AYLESFORD VILLAGE","HKJ6","","","","","","","","","","","110181576","2022-11-11","","NRAIL","","","","","Up Main/Fast","",""
"110179754","PWS2","39.1452","QK","","39.1452","2100","","MAP","","573365.0","158415.0","Little Preston Foot Crossing","HKJ6","","","","","","","","","Pedestrian","","110179754","2022-08-25","","NRAIL","","","","","Down Main/Fast","Station Rd, Forstal:ME20 7NS. Off Jct 5 of the M20 motorway to Coldharbour Lane, then to Little Preston Foot Crossing at 39m 66ch then along cess to site",""
"110181739","PWS2","39.1474","QK","","39.1474","2100","","MAP","","573356.0","158506.0","LITTLE PRESTON","HKJ6","","","","","","","","","","","110181739","2022-11-11","","NRAIL","","","","","Down Main/Fast","",""
"110181579","PWS2","39.1474","QK","","39.1474","1100","","MAP","","573356.0","158506.0","LITTLE PRESTON","HKJ6","","","","","","","","","","","110181579","2022-11-11","","NRAIL","","","","","Up Main/Fast","",""
"110147098","PWS2","40.0198","QK","","40.0198","9999","","MAP","","573347.0","158499.0","AYLESFORD TPH TP HUT","HKJ6","","","","","","","","","","","110147098","2023-10-31","","NRAIL","","","","","Unknown","Address:Station Rd, Forstal:ME20 7NS Details: Off Jct 5 of M20 Motorway, then Coldharbour Lane to Little Preston Foot Crossing @ 39m 67c then walk along cess to site.",""
"110181738","PWS2","40.0902","QK","","40.0902","2100","","MAP","","574371.0","158140.0","GABRIELS","HKJ6","","","","","","","","","","","110181738","2022-11-11","","NRAIL","","","","","Down Main/Fast","",""
"110181578","PWS2","40.0902","QK","","40.0902","1100","","MAP","","574371.0","158140.0","GABRIELS","HKJ6","","","","","","","","","","","110181578","2022-11-11","","NRAIL","","","","","Up Main/Fast","",""
"110147099","PWS2","41.1529","QK","","41.1529","9999","","MAP","","575415.0","156283.0","MAIDSTONE SUBSTATION","HKJ6","","","","","","","","","","","110147099","2023-10-31","","NRAIL","","","","","Unknown","Address:Buckland Hill, Maidstone:ME16 0SX Details: Off St Peters Street, then pass along side Tennis Court, Network Rail Gate, then cross over lines to site.",""
"70260149","PWS2","41.154","QK","","41.154","1100","","MAP","","575429.0","156263.0","Maidstone S/S <nr PWS2/SBJ intersection bridge>","HKJ6","","","","","","","","","","","70260149","2008-09-08","","BBRM","","","","","Up Main/Fast","Risk Rating 6, Hazard Rating 2,Score 12",""
"110181795","PWS2","42.0792","QK","","42.0792","3102","","MAP","","575591.0","155352.0","MAIDSTONE WEST STATION","HKJ6","","","","","","","","","","","110181795","2022-11-11","","NRAIL","","","","","","",""
"110181794","PWS2","42.0792","QK","","42.0792","3101","","MAP","","575591.0","155352.0","MAIDSTONE WEST STATION","HKJ6","","","","","","","","","","","110181794","2022-11-11","","NRAIL","","","","","","",""
"110173298","PWS2","31.005","QK","","31.005","3503","","MAPE","","574103.0","169600.0","STROOD STN PLT 3","HKJ4","","","","","","","","","","","110173298","2022-08-09","","NRAIL","","","","",""," ",""
"110173297","PWS2","31.0352","QK","","31.0352","3503","","MAPE","","573994.0","169321.0","STROOD STN PLT 3","HKJ4","","","","","","","","","","","110173297","2022-08-09","","NRAIL","","","","",""," ",""
"110178465","PWS2","33.0745","QK","","33.0745","2100","","MAPE","","571497.0","166796.0","CUXTON STATION PLAT 2","HKJ6","","","","","","","","","","","110178465","2022-08-05","","NRAIL","","","","","Down Main/Fast","ACCESS POINT - PLATFORM END - GATED",""
"110178463","PWS2","33.0769","QK","","33.0769","1100","","MAPE","","571474.0","166790.0","CUXTON STATION PLAT 1","HKJ6","","","","","","","","","","","110178463","2022-08-05","","NRAIL","","","","","Up Main/Fast","ACCESS POINT - PLATFORM END - GATED",""
"110178466","PWS2","33.0848","QK","","33.0848","2100","","MAPE","","571424.0","166738.0","CUXTON STATION PLAT 2","HKJ6","","","","","","","","","","","110178466","2022-08-05","","NRAIL","","","","","Down Main/Fast","ACCESS POINT - PLATFORM END - UNGATED",""
"110178464","PWS2","33.0852","QK","","33.0852","1100","","MAPE","","571415.0","166740.0","CUXTON STATION PLAT 1","HKJ6","","","","","","","","","","","110178464","2022-08-05","","NRAIL","","","","","Up Main/Fast","ACCESS POINT - PLATFORM END - UNGATED",""
"110178504","PWS2","35.03","QK","","35.03","2100","","MAPE","","570356.0","164401.0","HALLING STATION PLAT 2","HKJ6","","","","","","","","","","","110178504","2022-08-05","","NRAIL","","","","","Down Main/Fast","ACCESS POINT - PLATFORM END - GATED",""
"110178502","PWS2","35.0356","QK","","35.0356","1100","","MAPE","","570342.0","164376.0","HALLING STATION PLAT 1","HKJ6","","","","","","","","","","","110178502","2022-08-05","","NRAIL","","","","","Up Main/Fast","ACCESS POINT - PLATFORM END - GATED",""
"110178503","PWS2","35.0437","QK","","35.0437","2100","","MAPE","","570385.0","164274.0","HALLING STATION PLAT 2","HKJ6","","","","","","","","","","","110178503","2022-08-05","","NRAIL","","","","","Down Main/Fast","ACCESS POINT - PLATFORM END - GATED",""
"110178501","PWS2","35.0472","QK","","35.0472","1100","","MAPE","","570348.0","164241.0","HALLING STATION PLAT 1","HKJ6","","","","","","","","","","","110178501","2022-08-05","","NRAIL","","","","","Up Main/Fast","ACCESS POINT - PLATFORM END - GATED",""
"110178604","PWS2","36.1216","QK","","36.1216","2100","","MAPE","","570657.0","161975.0","SNODLAND STATION PLAT 2","HKJ6","","","","","","","","","","","110178604","2022-08-05","","NRAIL","","","","","Down Main/Fast","ACCESS POINT - PLATFORM END - GATED",""
"110178602","PWS2","36.1251","QK","","36.1251","1100","","MAPE","","570652.0","161941.0","SNODLAND STATION PLAT 1","HKJ6","","","","","","","","","","","110178602","2022-08-05","","NRAIL","","","","","Up Main/Fast","ACCESS POINT - PLATFORM END - GATED",""
"110178605","PWS2","36.1366","QK","","36.1366","2100","","MAPE","","570668.0","161838.0","SNODLAND STATION PLAT 2","HKJ6","","","","","","","","","","","110178605","2022-08-05","","NRAIL","","","","","Down Main/Fast","ACCESS POINT - PLATFORM END - UNGATED",""
"110178603","PWS2","36.1381","QK","","36.1381","1100","","MAPE","","570661.0","161833.0","SNODLAND STATION PLAT 1","HKJ6","","","","","","","","","","","110178603","2022-08-05","","NRAIL","","","","","Up Main/Fast","ACCESS POINT - PLATFORM END - UNGATED",""
"110178552","PWS2","37.1756","QK","","37.1756","1100","","MAPE","","571210.0","159977.0","NEW HYTHE HALT PLAT 1","HKJ6","","","","","","","","","","","110178552","2022-08-05","","NRAIL","","","","","Up Main/Fast","ACCESS POINT - PLATFORM END - GATED",""
"110178554","PWS2","38.0005","QK","","38.0005","2100","","MAPE","","571210.0","159977.0","NEW HYTHE HALT PLAT 2","HKJ6","","","","","","","","","","","110178554","2022-08-05","","NRAIL","","","","","Down Main/Fast","ACCESS POINT - PLATFORM END - GATED",""
"110178551","PWS2","38.0174","QK","","38.0174","1100","","MAPE","","571246.0","159820.0","NEW HYTHE HALT PLAT 1","HKJ6","","","","","","","","","","","110178551","2022-08-05","","NRAIL","","","","","Up Main/Fast","ACCESS POINT - PLATFORM END - GATED",""
"110178553","PWS2","38.0183","QK","","38.0183","2100","","MAPE","","571257.0","159817.0","NEW HYTHE HALT PLAT 2","HKJ6","","","","","","","","","","","110178553","2022-08-05","","NRAIL","","","","","Down Main/Fast","ACCESS POINT - PLATFORM END - GATED",""
"110178417","PWS2","38.1522","QK","","38.1522","2100","","MAPE","","571893.0","158750.0","AYLESFORD STATION PLAT 2","HKJ6","","","","","","","","","","","110178417","2022-08-05","","NRAIL","","","","","Down Main/Fast","ACCESS POINT - PLATFORM END - UNGATED",""
"110178415","PWS2","38.1606","QK","","38.1606","1100","","MAPE","","571960.0","158708.0","AYLESFORD STATION PLAT 1","HKJ6","","","","","","","","","","","110178415","2022-08-05","","NRAIL","","","","","Up Main/Fast","ACCESS POINT - PLATFORM END - GATED",""
"110178418","PWS2","38.1644","QK","","38.1644","2100","","MAPE","","572001.0","158718.0","AYLESFORD STATION PLAT 2","HKJ6","","","","","","","","","","","110178418","2022-08-05","","NRAIL","","","","","Down Main/Fast","ACCESS POINT - PLATFORM END - UNGATED",""
"110178416","PWS2","38.1715","QK","","38.1715","1100","","MAPE","","572060.0","158692.0","AYLESFORD STATION PLAT 1","HKJ6","","","","","","","","","","","110178416","2022-08-05","","NRAIL","","","","","Up Main/Fast","ACCESS POINT - PLATFORM END - GATED",""
"110178524","PWS2","41.1666","QK","","41.1666","1100","","MAPE","","575440.0","156148.0","MAIDSTONE BARRACKS STATION PLA","HKJ6","","","","","","","","","","","110178524","2022-08-05","","NRAIL","","","","","Up Main/Fast","ACCESS POINT - PLATFORM END - GATED",""
"110178522","PWS2","41.1668","QK","","41.1668","2100","","MAPE","","575434.0","156144.0","MAIDSTONE BARRACKS STATION PLA","HKJ6","","","","","","","","","","","110178522","2022-08-05","","NRAIL","","","","","Down Main/Fast","ACCESS POINT - PLATFORM END - GATED",""
"110178521","PWS2","42.009","QK","","42.009","2100","","MAPE","","575471.0","155982.0","MAIDSTONE BARRACKS STATION PLA","HKJ6","","","","","","","","","","","110178521","2022-08-05","","NRAIL","","","","","Down Main/Fast","ACCESS POINT - PLATFORM END - GATED",""
"110178523","PWS2","42.009","QK","","42.009","1100","","MAPE","","575464.0","155981.0","MAIDSTONE BARRACKS STATION PLA","HKJ6","","","","","","","","","","","110178523","2022-08-05","","NRAIL","","","","","Up Main/Fast","ACCESS POINT - PLATFORM END - GATED",""
"110178527","PWS2","42.0711","QK","","42.0711","3101","","MAPE","","575597.0","155428.0","MAIDSTONE WEST STN PLAT 1","HKJ6","","","","","","","","","","","110178527","2022-08-05","","NRAIL","","","","","","ACCESS POINT - PLATFORM END - GATED",""
"110178526","PWS2","42.0715","QK","","42.0715","3101","","MAPE","","575600.0","155424.0","MAIDSTONE WEST STN PLAT 1","HKJ6","","","","","","","","","","","110178526","2022-08-05","","NRAIL","","","","","","ACCESS POINT - PLATFORM END - GATED",""
"110178529","PWS2","42.072","QK","","42.072","3102","","MAPE","","575589.0","155418.0","MAIDSTONE WEST STN PLAT 2","HKJ6","","","","","","","","","","","110178529","2022-08-05","","NRAIL","","","","","","ACCESS POINT - PLATFORM END - GATED",""
"110178530","PWS2","42.0881","QK","","42.0881","3102","","MAPE","","575583.0","155277.0","MAIDSTONE WEST STN PLAT 2","HKJ6","","","","","","","","","","","110178530","2022-08-05","","NRAIL","","","","","","ACCESS POINT - PLATFORM END - GATED",""
"110178528","PWS2","42.0881","QK","","42.0881","3102","","MAPE","","575571.0","155280.0","MAIDSTONE WEST STN PLAT 1","HKJ6","","","","","","","","","","","110178528","2022-08-05","","NRAIL","","","","","","ACCESS POINT - PLATFORM END - UNGATED",""
"70260148","PWS2","37.1738","QK","","37.1738","1100","","MAV","","571180.0","159990.0","New Hythe-Old crossing gates","HKJ6","","","","","","","","","","","70260148","2017-09-28","","BBRM","","","","","Up Main/Fast","Risk Rating 10, Hazard Rating 2,Score 20",""
"110183352","REY1","0.0022","QK","","0.0022","2801","","MAP","","637386.0","165880.0","Pullmans Close","HKJ6","","","","","","","","","","","110183352","2023-03-23","","NRAIL","","","","","","",""
"70260063","RNS","85.1342","QK","","85.1342","1100","","MAP","","637153.0","165658.0","Ramsgate-New Sidings/Station car Park","HKJ6","","","","","","","","","","","70260063","2017-09-28","","BBRM","","","","","Up Main/Fast","Risk Rating 6, Hazard Rating 3,Score 18",""
"110183504","RNS","85.1342","QK","","85.1342","1801","","MAV","","637250.0","165688.0","RAMSGATE NEW SIDINGS - STATION CAR PARK","HKJ6","","","","","","","","","","","110183504","2023-10-31","","NRAIL","","","","","","AUTHORISED ACCESS POINT - VEHICLE",""
"110147054","RTT","28.048","QK","","28.048","9999","","MAP","","535989.0","148382.0","GODSTONE TPH TP HUT","HKJ5","","","","","","","","","","","110147054","2022-08-05","","NRAIL","","","","","Unknown","Address:Langham Rd, Godstone:RH9 8HD             Details:Godstone Station, then along cess to site          TQ368483",""
"110142408","RTT","29.044","QK","","29.044","1100","","MAP","","537940.0","148128.0","Tandridge Lane","HKJ5","","","","","","","","","","","110142408","2022-04-21","","NRAIL","","","","","Up Main/Fast","Score 15, BRS 4064",""
"110180693","RTT","29.088","QK","","29.088","1100","","MAP","","538340.0","148091.0","Cowdray","HKJ5","","","","","","","","","","","110180693","2022-10-26","","NRAIL","","","","","Up Main/Fast","Public Footpath Crossing Type FPS",""
"110180748","RTT","29.088","QK","","29.088","2100","","MAP","","538340.0","148091.0","Cowdray","HKJ5","","","","","","","","","","","110180748","2022-10-26","","NRAIL","","","","","Down Main/Fast","Public Footpath Crossing Type FPS",""
"110146972","RTT","29.0904","QK","","29.0904","9999","","MAP","","538362.0","148090.0","DODDS COPPICE SUBSTATION","HKJ5","","","","","","","","","","","110146972","2022-08-05","","NRAIL","","","","","Unknown","Address:Crowhurst Lane,Dodds Copice:RH8 9NU      Details:Network Rail Gate, off Crowhurst lane, then along cess to site          TQ388481",""
"110180698","RTT","30.0352","QK","","30.0352","1100","","MAP","","539463.0","147999.0","Mansion House Footpath","HKJ5","","","","","","","","","","","110180698","2022-10-26","","NRAIL","","","","","Up Main/Fast","Public Footpath Crossing Type FPS",""
"110180753","RTT","30.0352","QK","","30.0352","2100","","MAP","","539463.0","147999.0","Mansion House Footpath","HKJ5","","","","","","","","","","","110180753","2022-10-26","","NRAIL","","","","","Down Main/Fast","Public Footpath Crossing Type FPS",""
"70130133","RTT","30.132","QK","","30.132","1100","","MAP","","540350.0","147959.0","Godstone/Edenbridge-Caterfield Lane, Crowhurst Jn","HKJ5","","","","","","","","","AC","","70130133","2022-04-21","","BBRM","","","","","Up Main/Fast","Risk Rating 2, Hazard Rating 2,Score 4, 29 Steps Up, BRS PREVIOUSLY 4064",""
"110147065","RTT","30.132","QK","","30.132","9999","","MAP","","540350.0","147959.0","CROWHURST JUNCTION SUBSTATION","HKJ5","","","","","","","","","","","110147065","2022-08-05","","NRAIL","","","","","Unknown","Address:Caterfield Lane, Crowhurst:RH7 6LT           Details:Network Rail gate, off then along cess to site          TQ402480",""
"110147063","RTT","30.132","QK","","30.132","9999","","MAP","","540350.0","147959.0","CROWHURST JUNCTION TP HUT","HKJ5","","","","","","","","","","","110147063","2022-08-05","","NRAIL","","","","","Unknown","Address:Cateerfield Lane, Crowhurst:RH7 6LT          Details:Network Rail gate, off then along cess to site         TQ402480",""
"70130132","RTT","31.0594","QK","","31.0594","2100","","MAP","","541294.0","147912.0","Godstone/Edenbridge-Bombers Bridge, Dwelly Lane","HKJ5","","","","","","","","","AC","","70130132","2022-04-21","","BBRM","","","","","Down Main/Fast","Risk Rating 2, Hazard Rating 2, Score 4, 14 Steps Down, BRS 4064",""
"110180690","RTT","31.0792","QK","","31.0792","1100","","MAP","","541472.0","147884.0","Bombers","HKJ5","","","","","","","","","","","110180690","2022-10-26","","NRAIL","","","","","Up Main/Fast","Public Footpath Crossing Type FPS",""
"110180745","RTT","31.0792","QK","","31.0792","2100","","MAP","","541472.0","147884.0","Bombers","HKJ5","","","","","","","","","","","110180745","2022-10-26","","NRAIL","","","","","Down Main/Fast","Public Footpath Crossing Type FPS",""
"110180701","RTT","31.1474","QK","","31.1474","1100","","MAP","","542088.0","147777.0","Surrey","HKJ5","","","","","","","","","","","110180701","2022-10-26","","NRAIL","","","","","Up Main/Fast","Public Footpath Crossing Type FPS",""
"110180756","RTT","31.1474","QK","","31.1474","2100","","MAP","","542088.0","147777.0","Surrey","HKJ5","","","","","","","","","","","110180756","2022-10-26","","NRAIL","","","","","Down Main/Fast","Public Footpath Crossing Type FPS",""
"110146992","RTT","32.0064","QK","","32.0064","9999","","MAP","","542402.0","147722.0","LITTLEBROWNS SUBSTATION","HKJ5","","","","","","","","","","","110146992","2022-08-05","","NRAIL","","","","","Unknown","Address:Troy Lane, Edenbridge:TN8 6QJ       Details:Off Littlebrowns Lane, Access path @ 32m03c, then along cess to site          TQ424477",""
"70130860","RTT","32.0308","QK","","32.0308","1100","","MAP","","542617.0","147685.0","Godstone/Edenbridge-Hilders Lane Bridge","HKJ5","","","","","","","","","AC","","70130860","2022-04-21","","BBRM","","","","","Up Main/Fast","Risk Rating 2, Hazard Rating 2,Score 4, 38 Steps Down, BRS 4064",""
"110180695","RTT","32.0968","QK","","32.0968","1100","","MAP","","543216.0","147580.0","Hilders","HKJ5","","","","","","","","","","","110180695","2022-10-26","","NRAIL","","","","","Up Main/Fast","Public Footpath Crossing Type FPS",""
"110180750","RTT","32.0968","QK","","32.0968","2100","","MAP","","543216.0","147580.0","Hilders","HKJ5","","","","","","","","","","","110180750","2022-10-26","","NRAIL","","","","","Down Main/Fast","Public Footpath Crossing Type FPS",""
"110147052","RTT","33.0503","QK","","33.0503","9999","","MAP","","544391.0","147424.0","EDENBRIDGE TPH TP HUT","HKJ5","","","","","","","","","","","110147052","2022-08-05","","NRAIL","","","","","Unknown","Address:Ridge Way, Edenbridge:TN8 6AU             Details:Edenbridge Station, then along cess to site            TQ445475",""
"70130321","RTT","33.1034","QK","","33.1034","1100","","MAP","","544873.0","147362.0","Edenbridge/Penhurst-Four Elms","HKJ5","","","","","","","","","AC","","70130321","2008-09-08","","BBRM","","","","","Up Main/Fast","Risk Rating 6, Hazard Rating 2,Score 12",""
"110180697","RTT","33.121","QK","","33.121","1100","","MAP","","545032.0","147342.0","Little Mowhurst","HKJ5","","","","","","","","","","","110180697","2022-10-26","","NRAIL","","","","","Up Main/Fast","Public Footpath Crossing Type FPS",""
"110180752","RTT","33.121","QK","","33.121","2100","","MAP","","545032.0","147342.0","Little Mowhurst","HKJ5","","","","","","","","","","","110180752","2022-10-26","","NRAIL","","","","","Down Main/Fast","Public Footpath Crossing Type FPS",""
"110180699","RTT","34.0616","QK","","34.0616","1100","","MAP","","546090.0","147207.0","MEDHURST ROW","HKJ5","","","","","","","","","","","110180699","2024-05-01","","NRAIL","","","","","Up Main/Fast","Network Rail vehicles authorised only.  All Contractors are prohibited from using this access.  This is a highly sensitive area. Occupation Crossing Type UWCMSL",""
"110180754","RTT","34.0616","QK","","34.0616","2100","","MAP","","546090.0","147207.0","MEDHURST ROW","HKJ5","","","","","","","","","","","110180754","2024-05-01","","NRAIL","","","","","Down Main/Fast","Network Rail vehicles authorised only.  All Contractors are prohibited from using this access.  This is a highly sensitive area. Occupation Crossing Type UWCMSL",""
"110146990","RTT","34.0909","QK","","34.0909","9999","","MAP","","546356.0","147174.0","MEDHURST ROW SUBSTATION","HKJ5","","","","","","","","","","","110146990","2024-05-01","","NRAIL","","","","","Unknown","Network Rail vehicles authorised only.  All Contractors are prohibited from using this access.  This is a highly sensitive area. Address:Prettymans Lane, Medhurst Row:TN8 6LX    Details:Walk from Main Road, Down lane, then along cess to site       TQ464472",""
"110180700","RTT","34.0924","QK","","34.0924","1100","","MAP","","546370.0","147172.0","Medhurst Row Footpath","HKJ5","","","","","","","","","","","110180700","2024-05-01","","NRAIL","","","","","Up Main/Fast","Network Rail vehicles authorised only.  All Contractors are prohibited from using this access.  This is a highly sensitive area. Public Footpath Crossing Type FPS",""
"110180755","RTT","34.0924","QK","","34.0924","2100","","MAP","","546370.0","147172.0","Medhurst Row Footpath","HKJ5","","","","","","","","","","","110180755","2024-05-01","","NRAIL","","","","","Down Main/Fast","Network Rail vehicles authorised only.  All Contractors are prohibited from using this access.  This is a highly sensitive area. Public Footpath Crossing Type FPS",""
"70130863","RTT","35.0308","QK","","35.0308","2100","","MAP","","547415.0","147037.0","Edenbridge/Penhurst-How Green Lane Bridge","HKJ5","","","","","","","","","AC","","70130863","2022-04-21","","BBRM","","","","","Down Main/Fast","Risk Rating 6, Hazard Rating 2,Score 12, BRS 4064",""
"110181744","RTT","35.1012","QK","","35.1012","2100","","MAP","","548045.0","146955.0","BRASTED LANDS FOOTPATH","HKJ5","","","","","","","","","","","110181744","2022-11-11","","NRAIL","","","","","Down Main/Fast","",""
"110181584","RTT","35.1012","QK","","35.1012","1100","","MAP","","548045.0","146955.0","BRASTED LANDS FOOTPATH","HKJ5","","","","","","","","","","","110181584","2022-11-11","","NRAIL","","","","","Up Main/Fast","",""
"110180691","RTT","35.1276","QK","","35.1276","1100","","MAP","","548284.0","146923.0","Bough Beach","HKJ5","","","","","","","","","","","110180691","2022-10-26","","NRAIL","","","","","Up Main/Fast","Public Footpath Crossing Type FPS",""
"110180746","RTT","35.1276","QK","","35.1276","2100","","MAP","","548284.0","146923.0","Bough Beach","HKJ5","","","","","","","","","","","110180746","2022-10-26","","NRAIL","","","","","Down Main/Fast","Public Footpath Crossing Type FPS",""
"110146995","RTT","35.1295","QK","","35.1295","9999","","MAP","","548301.0","146921.0","BOUGH BEECH TPH PENSHURST TP HUT","HKJ5","","","","","","","","","","","110146995","2022-08-05","","NRAIL","","","","","Unknown","Address:Clinton Lane, Bough Beech:TN8 7NU       Details:Network Rail gate, off B2027 Clinton Lane, Bough Beech then along cess to site     TQ488468",""
"70130320","RTT","36.0088","QK","","36.0088","1100","","MAP","","548805.0","146858.0","Edenbridge/Penhurst-Hever Road","HKJ5","","","","","","","","","AC","","70130320","2022-04-21","","BBRM","","","","","Up Main/Fast","Risk Rating 6, Hazard Rating 2,Score 12, BRS 4064",""
"70130867","RTT","36.0242","QK","","36.0242","1100","","MAP","","548944.0","146842.0","Edenbridge/Penhurst-Tolls Footpath - Up Steps","HKJ5","","","","","","","","","AC","","70130867","2008-09-08","","BBRM","","","","","Up Main/Fast","Hazard Rating ?,Score 70, Steps",""
"110180702","RTT","36.0264","QK","","36.0264","1100","","MAP","","548964.0","146839.0","Tolls","HKJ5","","","","","","","","","","","110180702","2022-10-26","","NRAIL","","","","","Up Main/Fast","Public Footpath Crossing Type FPS",""
"110180757","RTT","36.0264","QK","","36.0264","2100","","MAP","","548964.0","146839.0","Tolls","HKJ5","","","","","","","","","","","110180757","2022-10-26","","NRAIL","","","","","Down Main/Fast","Public Footpath Crossing Type FPS",""
"70130868","RTT","36.1375","QK","","36.1375","1100","","MAP","","549973.0","146737.0","Edenbridge/Penhurst-Somerden Oast <Up>","HKJ5","","","","","","","","","AC","","70130868","2023-05-31","","BBRM","","","","","Up Main/Fast","Risk Rating 2, Hazard Rating 2,Score 4",""
"70130869","RTT","36.154","QK","","36.154","1100","","MAP","","550125.0","146717.0","Edenbridge/Penhurst-Somerden Farm Bridge 67","HKJ5","","","","","","","","","AC","","70130869","2022-04-21","","BBRM","","","","","Up Main/Fast","Risk Rating 2, Hazard Rating 2,Score 4, Steps",""
"110146953","RTT","37.0022","QK","","37.0022","9999","","MAP","","550347.0","146686.0","CHIDDINGSTONE SUBSTATION","HKJ5","","","","","","","","","","","110146953","2022-08-05","","NRAIL","","","","","Unknown","Address:High Street <B2027>, Bough Beech:TN8 7AT    Details:Off B2027 Road, then down footpath to Network Rail Gate, then along cess to site        TQ504467",""
"110180694","RTT","37.0044","QK","","37.0044","1100","","MAP","","550366.0","146683.0","Cupboards","HKJ5","","","","","","","","","","","110180694","2022-10-26","","NRAIL","","","","","Up Main/Fast","Public Footpath Crossing Type FPS",""
"110180749","RTT","37.0044","QK","","37.0044","2100","","MAP","","550366.0","146683.0","Cupboards","HKJ5","","","","","","","","","","","110180749","2022-10-26","","NRAIL","","","","","Down Main/Fast","Public Footpath Crossing Type FPS",""
"110142410","RTT","37.0352","QK","","37.0352","1100","","MAP","","550644.0","146645.0","Cold Blow","HKJ5","","","","","","","","","","","110142410","2022-04-21","","NRAIL","","","","","Up Main/Fast","Score 15, BRS 4064",""
"110180703","RTT","37.066","QK","","37.066","1100","","MAP","","550922.0","146607.0","Whites","HKJ5","","","","","","","","","","","110180703","2022-10-26","","NRAIL","","","","","Up Main/Fast","Public Footpath Crossing Type FPS",""
"110180758","RTT","37.066","QK","","37.066","2100","","MAP","","550922.0","146607.0","Whites","HKJ5","","","","","","","","","","","110180758","2022-10-26","","NRAIL","","","","","Down Main/Fast","Public Footpath Crossing Type FPS",""
"110180692","RTT","37.1496","QK","","37.1496","1100","","MAP","","551679.0","146505.0","Causeway","HKJ5","","","","","","","","","","","110180692","2022-10-26","","NRAIL","","","","","Up Main/Fast","Public Footpath Crossing Type FPS",""
"110180747","RTT","37.1496","QK","","37.1496","2100","","MAP","","551679.0","146505.0","Causeway","HKJ5","","","","","","","","","","","110180747","2022-10-26","","NRAIL","","","","","Down Main/Fast","Public Footpath Crossing Type FPS",""
"70218167","RTT","38.0066","QK","","38.0066","1100","","MAP","","551992.0","146461.0","Penshurst Station","HKJ5","","","","","","","","","AC","","70218167","2022-04-21","","BBRM","","","","","Up Main/Fast","Risk Rating 6, Hazard Rating 3,Score 18, BRS 4064",""
"70130872","RTT","38.011","QK","","38.011","1100","","MAP","","551981.0","146463.0","Penhurst Station-Car Park","HKJ5","","","","","","","","","AC","","70130872","2019-10-01","","BBRM","","","","","Up Main/Fast","Risk Rating 3, Hazard Rating 2,Score 6.           This is a very sensitive Area.  Please be aware that NR has a right of way to access directly onto the track only at this location.  This does not include any rights to park non-trackside of our access gate or on any of the land at this location as this is private 3rd party land.  This applies at any time.  The Pallet Handling Company/Fencing Business owns all of the land at this location and will swiftly invoice NR for any unauthorised parking of vehicles.  Please contact the Orpington Delivery Unit if further clarification is required.",""
"110180696","RTT","38.0814","QK","","38.0814","1100","","MAP","","552658.0","146360.0","Knotley","HKJ5","","","","","","","","","","","110180696","2022-10-26","","NRAIL","","","","","Up Main/Fast","Public Footpath Crossing Type FPS",""
"110180751","RTT","38.0814","QK","","38.0814","2100","","MAP","","552658.0","146360.0","Knotley","HKJ5","","","","","","","","","","","110180751","2022-10-26","","NRAIL","","","","","Down Main/Fast","Public Footpath Crossing Type FPS",""
"70130873","RTT","38.1298","QK","","38.1298","2100","","MAP","","553098.0","146340.0","Penhurst/Leigh-Blackheath Bridge 74","HKJ5","","","","","","","","","AC","","70130873","2022-04-21","","BBRM","","","","","Down Main/Fast","Risk Rating 6, Hazard Rating 2,Score 18, Steps, BRS 4064",""
"70130874","RTT","39.0176","QK","","39.0176","2100","","MAP","","553679.0","146280.0","Penhurst/Leigh-London End Penshurst Road Bridge 75","HKJ5","","","","","","","","","AC","","70130874","2022-04-21","","BBRM","","","","","Down Main/Fast","Risk Rating 2, Hazard Rating 2,Score 4",""
"110146928","RTT","39.087","QK","","39.087","9999","","MAP","","553598.0","146288.0","LEIGH SUBSTATION","HKJ5","","","","","","","","","","","110146928","2022-08-05","","NRAIL","","","","","Unknown","Address:Ensfield Rd, Leigh:TN11 8RU    Details:Leigh Station <Redhill end> @ 39m52c then along cess to site   TQ544462",""
"70130875","RTT","39.1144","QK","","39.1144","0","","MAP","","554561.0","146190.0","Leigh Station - Up Slope","HKJ5","","","","","","","","","AC","","70130875","2008-09-08","","BBRM","","","","","All/Multiple Tracks","Risk Rating 6, Hazard Rating 2,Score 12",""
"70198719","RTT","40.1386","QK","","40.1386","2100","","MAP","","556381.0","146003.0","Leigh/Tonbridge-Leigh Reservoir","HKJ5","","","","","","","","","","","70198719","2008-09-08","","BBRM","","","","","Down Main/Fast","Risk Rating 6, Hazard Rating 2,Score 12",""
"110146931","RTT","40.1634","QK","","40.1634","9999","","MAP","","556608.0","145992.0","HAYSDEN TPH LEIGH TP HUT","HKJ5","","","","","","","","","","","110146931","2022-08-05","","NRAIL","","","","","Unknown","Address:Lower Haysden Lane, Leigh:TN11 9BB     Details:Collect key from environmental agency at Leigh, then via flood barrier, Network Rail gate @ 40m c then along cess to site     TQ567460",""
"70130318","RTT","41.0495","QK","","41.0495","9999","","MAP","","557175.0","146009.0","Leigh/Tonbridge-Barden Park","HKJ5","","","","","","","","","AC","","70130318","2008-09-08","","BBRM","","","","","Unknown","Steel Gate",""
"110177116","RTT","41.1694","QK","","41.1694","1100","","MAP","","558272.0","146048.0","Sussex Road","HKJ5","","","","","","","","","","","110177116","2023-05-31","","NRAIL","","","","","Up Main/Fast"," ",""
"70130317","RTT","42.0","QK","","42.0","1100","","MAP","","558332.0","146057.0","Leigh/Tonbridge-Sussex Rd","HKJ5","","","","","","","","","AC","","70130317","2023-05-31","","BBRM","","","","","Up Main/Fast","Risk Rating 6, Hazard Rating 2,Score 12, BRS 4074",""
"110176552","RTT","28.0209","QK","","28.0209","1100","","MAPE","","536134.0","148362.0","GODSTONE STATION PLAT 1","HKJ5","","","","","","","","","","","110176552","2022-08-05","","NRAIL","","","","","Up Main/Fast","GODSTONE STATION PLAT 1 - Ungated",""
"110176622","RTT","28.0218","QK","","28.0218","1100","","MAPE","","536142.0","148362.0","GODSTONE STATION PLAT 1","HKJ5","","","","","","","","","","","110176622","2022-08-05","","NRAIL","","","","","Up Main/Fast","GODSTONE STATION PLAT 1 - Ungated",""
"110176553","RTT","28.0238","QK","","28.0238","2100","","MAPE","","536160.0","148358.0","GODSTONE STATION PLAT 2","HKJ5","","","","","","","","","","","110176553","2022-08-05","","NRAIL","","","","","Down Main/Fast","GODSTONE STATION PLAT 2 - Ungated",""
"110176623","RTT","28.0246","QK","","28.0246","2100","","MAPE","","536168.0","148358.0","GODSTONE STATION PLAT 2","HKJ5","","","","","","","","","","","110176623","2022-08-05","","NRAIL","","","","","Down Main/Fast","GODSTONE STATION PLAT 2 - Ungated",""
"110176546","RTT","32.1691","QK","","32.1691","1100","","MAPE","","543872.0","147491.0","EDENBRIDGE STATION PLAT 1","HKJ5","","","","","","","","","","","110176546","2022-08-05","","NRAIL","","","","","Up Main/Fast","EDENBRIDGE STATION PLAT 1 - Ungated",""
"110176616","RTT","33.0065","QK","","33.0065","1100","","MAPE","","543993.0","147476.0","EDENBRIDGE STATION PLAT 1","HKJ5","","","","","","","","","","","110176616","2022-08-05","","NRAIL","","","","","Up Main/Fast","EDENBRIDGE STATION PLAT 1 - Ungated",""
"110176547","RTT","33.0078","QK","","33.0078","2100","","MAPE","","544005.0","147476.0","EDENBRIDGE STATION PLAT 2","HKJ5","","","","","","","","","","","110176547","2022-08-05","","NRAIL","","","","","Down Main/Fast","EDENBRIDGE STATION PLAT 2 - Ungated",""
"110176617","RTT","33.0167","QK","","33.0167","2100","","MAPE","","544086.0","147463.0","EDENBRIDGE STATION PLAT 2","HKJ5","","","","","","","","","","","110176617","2022-08-05","","NRAIL","","","","","Down Main/Fast","EDENBRIDGE STATION PLAT 2 - Ungated",""
"110176573","RTT","37.1728","QK","","37.1728","2100","","MAPE","","551889.0","146476.0","PENSHURST STATION PLAT 2","HKJ5","","","","","","","","","","","110176573","2022-08-05","","NRAIL","","","","","Down Main/Fast","PENSHURST STATION PLAT 2 - Ungated",""
"110176572","RTT","37.1736","QK","","37.1736","1100","","MAPE","","551896.0","146175.0","PENSHURST STATION PLAT 1","HKJ5","","","","","","","","","","","110176572","2022-08-05","","NRAIL","","","","","Up Main/Fast","PENSHURST STATION PLAT 1 - Ungated",""
"110176640","RTT","38.0046","QK","","38.0046","1100","","MAPE","","551960.0","146466.0","PENSHURST STATION PLAT 1","HKJ5","","","","","","","","","","","110176640","2022-08-05","","NRAIL","","","","","Up Main/Fast","PENSHURST STATION PLAT 1 - Gated",""
"110176641","RTT","38.0065","QK","","38.0065","2100","","MAPE","","551977.0","146463.0","PENSHURST STATION PLAT 2","HKJ5","","","","","","","","","","","110176641","2022-08-05","","NRAIL","","","","","Down Main/Fast","PENSHURST STATION PLAT 2 - Gated",""
"110176564","RTT","39.1167","QK","","39.1167","2100","","MAPE","","554581.0","146187.0","LEIGH STATION PLAT 2","HKJ5","","","","","","","","","","","110176564","2022-08-05","","NRAIL","","","","","Down Main/Fast","LEIGH STATION PLAT 2 - Gated",""
"110176563","RTT","39.1167","QK","","39.1167","1100","","MAPE","","554581.0","146187.0","LEIGH STATION PLAT 1","HKJ5","","","","","","","","","","","110176563","2022-08-05","","NRAIL","","","","","Up Main/Fast","LEIGH STATION PLAT 1 - Gated",""
"110176632","RTT","39.1278","QK","","39.1278","2100","","MAPE","","554682.0","146177.0","LEIGH STATION PLAT 2","HKJ5","","","","","","","","","","","110176632","2022-08-05","","NRAIL","","","","","Down Main/Fast","LEIGH STATION PLAT 2 - Gated",""
"110176631","RTT","39.1278","QK","","39.1278","1100","","MAPE","","554682.0","146177.0","LEIGH STATION PLAT 1","HKJ5","","","","","","","","","","","110176631","2022-08-05","","NRAIL","","","","","Up Main/Fast","LEIGH STATION PLAT 1 - Gated",""
"110142409","RTT","35.132","QK","","35.132","2100","","MAR","","548325.0","146919.0","Bough Beach RRV","HKJ5","","","","","","","","","","","110142409","2022-04-21","","NRAIL","","","","","Down Main/Fast","Score 8, BRS 4064",""
"110177453","RTT","32.0286","QK","","32.0286","1100","","MAV","","542602.0","147687.0","HILDERS LANE-LITTLE BROWNS","HKJ5","","","","","","","","","","","110177453","2023-05-31","","NRAIL","","","","","Up Main/Fast","CREATED AFTER ACCESS POINT VALIDATION DATA ANALYSIS",""
"70264592","RTT","36.1375","QK","","36.1375","2100","","MAV","","549973.0","146737.0","Edenbridge/Penshurst","HKJ5","","","","","","","","","","","70264592","2008-09-08","","BBRM","","","","","Down Main/Fast","Risk Rating 2, Hazard Rating 2, Score 4",""
"110179012","RTT","36.154","QK","","36.154","1100","","MAV","","550122.0","146718.0","SOMERDEN FARM BRIDGE VEHICULAR","HKJ5","","","","","","","","","","","110179012","2022-08-15","","NRAIL","","","","","Up Main/Fast"," AUTHORISED ACCESS POINT  -  VEHICLE",""
"110147025","RTT","38.0243","QK","","38.0243","9999","","MAV","","552139.0","146442.0","PENSHURST TP HUT","HKJ5","","","","","","","","","","","110147025","2022-08-05","","NRAIL","","","","","Unknown","Address: Morden Lane, Penshurst:TN11 8JE       Details:Penshurst Station, then along cess to site        TQ521465",""
"110142411","RTT","41.1254","QK","","41.1254","2100","","MAV","","557869.0","146030.0","Tonbridge West Yard 1","HKJ5","","","","","","","","","","","110142411","2022-04-21","","NRAIL","","","","","Down Main/Fast","Score 17, BRS 4074",""
"110142412","RTT","41.1254","QK","","41.1254","2100","","MAV","","557869.0","146030.0","Tonbridge West Yard 2","HKJ5","","","","","","","","","","","110142412","2022-04-21","","NRAIL","","","","","Down Main/Fast","Score 16, BRS 4074",""
"110142413","RVC","0.0384","QK","","0.0384","1500","","MAV","","538846.0","169762.0","Shortlands VIR - RVC","HKJ5","","","","","","","","","","","110142413","2022-08-05","","NRAIL","","","","","Up Loop","Score 13",""
"110165106","SBJ","55.143","QK","","55.143","2100","","MA","","","","Tarmac Yard - Hothfield","HKJ6","","","","","","","","","","","110165106","2018-08-29","","","","","","","Down Main/Fast","",""
"110165107","SBJ","55.143","QK","","55.143","2200","","MA","","","","Tarmac Road - Hothfield","HKJ6","","","","","","","","","","","110165107","2018-08-29","","","","","","","Down Slow","All staff working on behalf of NR must make themselves known to staff, located either in the main office or the weighbridge operator and then sign in on tablet in main office and sign out when leaving. Access via the xing in front of outgoing weighbridge.",""
"70260150","SBJ","17.11","QK","","17.11","2100","","MAP","","551200.0","168356.0","Swanley-Station Rd","HKJ5","","","","","","","","","","","70260150","2008-09-08","","BBRM","","","","","Down Main/Fast","Risk Rating 3, Hazard Rating 2,Score 6",""
"110147048","SBJ","18.0902","QK","","18.0902","9999","","MAP","","552324.0","167599.0","WESTED LANE TPH EYNSFORD TP HUT","HKJ5","","","","","","","","","","","110147048","2022-08-05","","NRAIL","","","","","Unknown","Address:London Rd, Swanley:BR8 8EE                Details:Network Rail gate, off Wested Lane, off B2173 London Rd, then down footsteps to site         TQ524676",""
"70260151","SBJ","18.0902","QK","","18.0902","2100","","MAP","","552324.0","167599.0","Swanley/Eynsford-Bridge 531 Wested Lane","HKJ5","","","","","","","","","","","70260151","2008-09-08","","BBRM","","","","","Down Main/Fast","Risk Rating 3, Hazard Rating 2,Score 6",""
"70260152","SBJ","19.088","QK","","19.088","1100","","MAP","","553083.0","166227.0","Swanley/Eynsford-Crockenhill Lane","HKJ5","","","","","","","","","","","70260152","2022-04-25","","BBRM","","","","","Up Main/Fast","Risk Rating 4, Hazard Rating 2,Score 8, BRS 4083",""
"110147044","SBJ","19.1144","QK","","19.1144","9999","","MAP","","553199.0","166016.0","EYNSFORD SUBSTATION","HKJ5","","","","","","","","","","","110147044","2022-08-05","","NRAIL","","","","","Unknown","Address:Crockenhill, Farningham, Dartford:DA4 0JQ     Details:Network Rail gate, off Crockenhill Rd, then down footpath to up side cess and to site       TQ532660",""
"110180705","SBJ","19.1496","QK","","19.1496","1100","","MAP","","553346.0","165730.0","Hulberry","HKJ5","","","","","","","","","","","110180705","2022-10-26","","NRAIL","","","","","Up Main/Fast","Public Footpath Crossing Type FPS",""
"110180760","SBJ","19.1496","QK","","19.1496","2100","","MAP","","553346.0","165730.0","Hulberry","HKJ5","","","","","","","","","","","110180760","2022-10-26","","NRAIL","","","","","Down Main/Fast","Public Footpath Crossing Type FPS",""
"70260153","SBJ","21.0726","QK","","21.0726","1100","","MAP","","552972.0","163374.0","LULLINGSTONE - EYNSFORD SUBSTATION","HKJ5","","","","","","","","","","","70260153","2022-04-25","","NRAIL","","","","","Up Main/Fast","Address:Shoreham Rd <A225>, Shoreham:DA4 0JF      Details:Network Rail gate, off A225 Shoreham Rd, opposite farm shop. Then footpath into site        TQ529634",""
"70260154","SBJ","21.1254","QK","","21.1254","2100","","MAP","","552939.0","162894.0","EYNSFORD/SHOREHAM-BRIDGE 538","HKJ5","","","","","","","","","","","70260154","2022-04-25","","BBRM","","","","","Down Main/Fast","Risk Rating 4, Hazard Rating 2,Score 8, BRS 4083",""
"110180710","SBJ","22.0748","QK","","22.0748","1100","","MAP","","552581.0","161815.0","Willmotts","HKJ5","","","","","","","","","","","110180710","2022-10-26","","NRAIL","","","","","Up Main/Fast","Public Footpath Crossing Type FPS",""
"110180765","SBJ","22.0748","QK","","22.0748","2100","","MAP","","552581.0","161815.0","Willmotts","HKJ5","","","","","","","","","","","110180765","2022-10-26","","NRAIL","","","","","Down Main/Fast","Public Footpath Crossing Type FPS",""
"70260155","SBJ","23.0154","QK","","23.0154","1100","","MAP","","552569.0","160739.0","Shoreham/Otford-Fackenden Lane nr Signal VS317","HKJ5","","","","","","","","","","","70260155","2022-04-25","","BBRM","","","","","Up Main/Fast","Risk Rating 4, Hazard Rating 2,Score 8, BRS 4083",""
"110146997","SBJ","23.028","QK","","23.028","9999","","MAP","","552571.0","160864.0","GREENHILL SUBSTATION","HKJ5","","","","","","","","","","","110146997","2022-08-05","","NRAIL","","","","","Unknown","Address:Shoreham Rd, Shoreham:TN14 7RR       Details:Off A225 Shoreham Rd, then Lane to Darenth Valley Golf Club, Network Rail gate, at bridge No 540, then down steps to up side cess and site         TQ526666",""
"110181746","SBJ","23.11","QK","","23.11","2100","","MAP","","552823.0","159948.0","CATORS","HKJ5","","","","","","","","","","","110181746","2022-11-11","","NRAIL","","","","","Down Main/Fast","",""
"110181586","SBJ","23.11","QK","","23.11","1100","","MAP","","552823.0","159948.0","CATORS","HKJ5","","","","","","","","","","","110181586","2022-11-11","","NRAIL","","","","","Up Main/Fast","",""
"110180706","SBJ","24.0308","QK","","24.0308","1100","","MAP","","553293.0","159207.0","Pilgrims Way","HKJ5","","","","","","","","","","","110180706","2022-10-26","","NRAIL","","","","","Up Main/Fast","Public Footpath Crossing Type FPS",""
"110180761","SBJ","24.0308","QK","","24.0308","2100","","MAP","","553293.0","159207.0","Pilgrims Way","HKJ5","","","","","","","","","","","110180761","2022-10-26","","NRAIL","","","","","Down Main/Fast","Public Footpath Crossing Type FPS",""
"70260157","SBJ","24.11","QK","","24.11","1100","","MAP","","553313.0","158493.0","Otford Jn-Sevenoaks Rd near Signal VS321","HKJ5","","","","","","","","","","","70260157","2024-01-03","","BBRM","","","","","Up Main/Fast","Risk Rating 4, Hazard Rating 2,Score 8, BRS 4083. This is a highly sensitive area.  Network Rail Staff / Contractors must not drive vehicles along the private farm track leading to our pedestrian access point at any time.  Vehicles must be parked in the vicinity of the Otford Cemetery Car Park, off of Sevenoaks Road.  The farm track is well signposted as a public right of way on foot only -  not a vehicular access.",""
"70260158","SBJ","25.0308","QK","","25.0308","1100","","MAP","","553818.0","157934.0","Otford Jn/Kemsing-Nr Signals VS332 and 34","HKJ5","","","","","","","","","","","70260158","2008-09-08","","BBRM","","","","","Up Main/Fast","Risk Rating 3, Hazard Rating 2,Score 6",""
"70260159","SBJ","25.1166","QK","","25.1166","1100","","MAP","","554595.0","157823.0","Otford Jn/Kemsing-Bridge 554 Childsbridge Rd, Seal","HKJ5","","","","","","","","","","","70260159","2022-04-25","","BBRM","","","","","Up Main/Fast","Risk Rating 4, Hazard Rating 2,Score 8. Access point suitable for the use of mechanical stair climber Movex TT47. Stairway slope: 35.6 degrees. Steps: concrete.",""
"110180709","SBJ","25.1474","QK","","25.1474","1100","","MAP","","554874.0","157784.0","Sevenoaks Footpath","HKJ5","","","","","","","","","","","110180709","2022-10-26","","NRAIL","","","","","Up Main/Fast","Public Footpath Crossing Type FPS",""
"110180764","SBJ","25.1474","QK","","25.1474","2100","","MAP","","554874.0","157784.0","Sevenoaks Footpath","HKJ5","","","","","","","","","","","110180764","2022-10-26","","NRAIL","","","","","Down Main/Fast","Public Footpath Crossing Type FPS",""
"110180708","SBJ","25.1716","QK","","25.1716","1100","","MAP","","555092.0","157754.0","Seal","HKJ5","","","","","","","","","","","110180708","2022-10-26","","NRAIL","","","","","Up Main/Fast","Public Footpath Crossing Type FPS",""
"110180763","SBJ","25.1716","QK","","25.1716","2100","","MAP","","555092.0","157754.0","Seal","HKJ5","","","","","","","","","","","110180763","2022-10-26","","NRAIL","","","","","Down Main/Fast","Public Footpath Crossing Type FPS",""
"110146951","SBJ","26.0682","QK","","26.0682","9999","","MAP","","555753.0","157731.0","NOAHS ARK SUBSTATION","HKJ5","","","","","","","","","","","110146951","2022-08-05","","NRAIL","","","","","Unknown","Address:Noahs Ark Rd, Kemsing:TN15 6PE       Details:Off Honey Pot Lane, Kemsing, Network Rail Gate @ 26m38c than along cess to site        TQ577558",""
"110181747","SBJ","26.1276","QK","","26.1276","2100","","MAP","","556297.0","157738.0","COCKNEYS","HKJ5","","","","","","","","","","","110181747","2022-11-11","","NRAIL","","","","","Down Main/Fast","",""
"110181587","SBJ","26.1276","QK","","26.1276","1100","","MAP","","556297.0","157738.0","COCKNEYS","HKJ5","","","","","","","","","","","110181587","2022-11-11","","NRAIL","","","","","Up Main/Fast","",""
"110180704","SBJ","27.154","QK","","27.154","1100","","MAP","","558142.0","157730.0","Ash Platt","HKJ5","","","","","","","","","","","110180704","2022-10-26","","NRAIL","","","","","Up Main/Fast","Public Footpath Crossing Type FPS",""
"110180759","SBJ","27.154","QK","","27.154","2100","","MAP","","558142.0","157730.0","Ash Platt","HKJ5","","","","","","","","","","","110180759","2022-10-26","","NRAIL","","","","","Down Main/Fast","Public Footpath Crossing Type FPS",""
"110146924","SBJ","28.0264","QK","","28.0264","9999","","MAP","","558562.0","157597.0","OLDBURY: SUBSTATION","HKJ5","","","","","","","","","","","110146924","2022-08-05","","NRAIL","","","","","Unknown","Address:Fenpond Rd, Oldbury:TN15 9JF  Details:Off Pond Road, Ightham, Network Rail Gate, at Bridge 584 @ 28m61c then along cess to site   TQ587575 NO DIRECT ACCESS BY ROAD",""
"70130338","SBJ","28.1342","QK","","28.1342","1100","","MAP","","559496.0","157281.0","Kemsing/Borough Green-Ightham","HKJ5","","","","","","","","","AC","","70130338","2022-04-25","","BBRM","","","","","Up Main/Fast","Risk Rating 3, Hazard Rating 3,Score 9, BRS 4084",""
"70260161","SBJ","29.1386","QK","","29.1386","9999","","MAP","","566107.0","158456.0","BOROUGH GREEN SUBSTATION","HKJ5","","","","","","","","","","","70260161","2011-05-04","","NRAIL","","","","","Unknown","Address:Wrotham Rd, Borough Green:TN15 8EZ         Details:Off A227 Wrotham Rd, then down The Avenue and the Crescent, Network Rail gate, then into site         TQ469641",""
"110146949","SBJ","31.0814","QK","","31.0814","9999","","MAP","","563706.0","157969.0","WROTHAM HEATH SUBSTATION","HKJ5","","","","","","","","","","","110146949","2022-08-05","","NRAIL","","","","","Unknown","Address:Teston Rd,Wrotham Heath:TN15 7SA     Details:Off B2016 Seven Mile Lane, Network Rail gate, then up to cess and site          TQ638579",""
"70130339","SBJ","31.088","QK","","31.088","1100","","MAP","","563766.0","157970.0","Borough Green/West Malling-Seven Mile Lane","HKJ5","","","","","","","","","AC","","70130339","2022-04-25","","BBRM","","","","","Up Main/Fast","Risk Rating 6, Hazard Rating 2,Score 12, BRS 4084",""
"110142415","SBJ","31.0924","QK","","31.0924","1100","","MAP","","563807.0","157971.0","Telston Lane  ","HKJ5","","","","","","","","","","","110142415","2022-04-25","","NRAIL","","","","","Up Main/Fast","Score 22, BRS 4084",""
"70130340","SBJ","31.1122","QK","","31.1122","1100","","MAP","","563993.0","157981.0","Borough Green/West Malling-Teston Road","HKJ5","","","","","","","","","AC","","70130340","2022-04-25","","BBRM","","","","","Up Main/Fast","Risk Rating 3, Hazard Rating 2,Score 6, BRS 4084",""
"70130341","SBJ","32.022","QK","","32.022","1100","","MAP","","564772.0","158106.0","Borough Green/West Malling-Aldon Rd","HKJ5","","","","","","","","","AC","","70130341","2022-04-25","","BBRM","","","","","Up Main/Fast","Risk Rating 3, Hazard Rating 2,Score 6, BRS 4084",""
"110146950","SBJ","32.1738","QK","","32.1738","2100","","MAP","","566107.0","158457.0","CHURCH ROAD SUBSTATION","HKJ5","","","","","","","","","","","110146950","2022-08-05","","NRAIL","","","","","Down Main/Fast","Address:Church Rd,West Malling:ME19 5AL     Details:Off A20 London Rd, then into Church Rd, Network Rail gate, at Bridge 581 @ 32m79c then up steps and along cess to site         TQ659584",""
"110180707","SBJ","34.0066","QK","","34.0066","1100","","MAP","","567743.0","158144.0","Ryarsh Lane","HKJ5","","","","","","","","","","","110180707","2022-10-26","","NRAIL","","","","","Up Main/Fast","Public Footpath Crossing Type FPS",""
"110180762","SBJ","34.0066","QK","","34.0066","2100","","MAP","","567743.0","158144.0","Ryarsh Lane","HKJ5","","","","","","","","","","","110180762","2022-10-26","","NRAIL","","","","","Down Main/Fast","Public Footpath Crossing Type FPS",""
"70260162","SBJ","34.0616","QK","","34.0616","2100","","MAP","","568202.0","157928.0","Borough Green/West Malling-Police Court Bridge","HKJ5","","","","","","","","","","","70260162","2008-09-08","","BBRM","","","","","Down Main/Fast","Risk Rating 3, Hazard Rating 2,Score 6",""
"70130342","SBJ","34.1034","QK","","34.1034","1100","","MAP","","568515.0","157711.0","Borough Green/West Malling-Swan Lane","HKJ5","","","","","","","","","AC","","70130342","2022-04-25","","BBRM","","","","","Up Main/Fast","Risk Rating 6, Hazard Rating 2,Score 12, BRS 4084",""
"110170131","SBJ","35.0044","QK","","35.0044","2100","","MAP","","569093.0","157308.0","West Malling FTN","HKJ5","","","","","","","","","","","110170131","2022-08-05","","NRAIL","","","","","Down Main/Fast","Pedestrian Access point and path to the rare of the FTN",""
"110181749","SBJ","35.1562","QK","","35.1562","2100","","MAP","","570396.0","156865.0","ROCKS","HKJ6","","","","","","","","","","","110181749","2022-11-11","","NRAIL","","","","","Down Main/Fast","",""
"110181589","SBJ","35.1562","QK","","35.1562","1100","","MAP","","570396.0","156865.0","ROCKS","HKJ6","","","","","","","","","","","110181589","2022-11-11","","NRAIL","","","","","Up Main/Fast","",""
"110146994","SBJ","36.0638","QK","","36.0638","9999","","MAP","","571148.0","156726.0","DITTON SUBSTATION","HKJ6","","","","","","","","","","","110146994","2022-08-05","","NRAIL","","","","","Unknown","Address:Kiln Barn Rd, Ditton:ME19 6BH           Details:Off Kiln Rd, near East Malling, Netwrok Rail gate, at bridge 593 @ 36m42c then up steps and along cess to site          TQ712567",""
"70130343","SBJ","36.1012","QK","","36.1012","1100","","MAP","","571488.0","156664.0","East Malling/Barming-Cowbarn","HKJ6","","","","","","","","","AC","","70130343","2008-09-08","","BBRM","","","","","Up Main/Fast","Risk Rating 3, Hazard Rating 2,Score 6",""
"110147100","SBJ","38.011","QK","","38.011","9999","","MAP","","573597.0","157472.0","BARMING: SUBSTATION","HKJ6","","","","","","","","","","","110147100","2023-10-31","","NRAIL","","","","","Unknown","Address:Fair Meadow<A229>, Barming:ME14 2HY Details: Off A20 London Road, Maidstone, Network Rail Gate, then into site.",""
"70260163","SBJ","38.0176","QK","","38.0176","2100","","MAP","","573630.0","157480.0","Barming/Maidstone East-London Road Bridge","HKJ6","","","","","","","","","","","70260163","2008-09-08","","BBRM","","","","","Down Main/Fast","Risk Rating 3, Hazard Rating 2,Score 6",""
"70260164","SBJ","38.0748","QK","","38.0748","1100","","MAP","","574127.0","157610.0","BARMING","HKJ6","","","","","","","","","","","70260164","2011-08-23","","BBRM","","","","","Up Main/Fast","Risk Rating 3, Hazard Rating 2,Score 6",""
"70130344","SBJ","39.0022","QK","","39.0022","1100","","MAP","","574836.0","157067.0","Barming/Maidstone East-Fir Tree","HKJ6","","","","","","","","","AC","","70130344","2008-09-08","","BBRM","","","","","Up Main/Fast","Risk Rating 6, Hazard Rating 2,Score 12",""
"70130345","SBJ","39.0308","QK","","39.0308","1100","","MAP","","574936.0","156825.0","Barming/Maidstone East-Buckland Lane","HKJ6","","","","","","","","","AC","","70130345","2008-09-08","","BBRM","","","","","Up Main/Fast","Risk Rating 6, Hazard Rating 2,Score 12",""
"110142417","SBJ","39.132","QK","","39.132","2100","","MAP","","575523.0","156176.0","Mill Bridge","HKJ6","","","","","","","","","","","110142417","2008-09-08","","NRAIL","","","","","Down Main/Fast","Score 35",""
"110183448","SBJ","39.1562","QK","","39.1562","2100","","MAP","","575751.0","156179.0","MAIDSTONE EAST SIGNAL BOX","HKJ6","","","","","","","","","","","110183448","2023-10-31","","NRAIL","","","","","Down Main/Fast","AUTHORISED ACCESS POINT - PEDESTRIAN",""
"70260166","SBJ","40.088","QK","","40.088","2100","","MAP","","576657.0","155994.0","Maidstone East/Bearstead-Vinters Park A20","HKJ6","","","","","","","","","","","70260166","2008-09-08","","BBRM","","","","","Down Main/Fast","Risk Rating 2, Hazard Rating 2,Score 4",""
"70130346","SBJ","42.0616","QK","","42.0616","1100","","MAP","","579299.0","156173.0","Maidstone East/Bearstead-Bell Bridge","HKJ6","","","","","","","","","AC","","70130346","2008-09-08","","BBRM","","","","","Up Main/Fast","Risk Rating 6, Hazard Rating 2,Score 12",""
"110147103","SBJ","42.132","QK","","42.132","2100","","MAP","","580368.0","155935.0","BEARSTED SUBSTATION","HKJ6","","","","","","","","","","","110147103","2022-09-20","","NRAIL","","","","","Down Main/Fast","Access gate at approx 43m 6ch, access via Fremlins Road, ME14 4HA walk along footpath under railway and through gate on down side",""
"70130347","SBJ","43.1474","QK","","43.1474","1100","","MAP","","581577.0","155566.0","Bearstead/Hollingbourne-Chrissmill Lane","HKJ6","","","","","","","","","AC","","70130347","2008-09-08","","BBRM","","","","","Up Main/Fast","Risk Rating 3, Hazard Rating 2,Score 6",""
"110147104","SBJ","44.1154","QK","","44.1154","9999","","MAP","","582867.0","155264.0","SNARKHURST WOOD H'BOURNE SUBSTATION","HKJ6","","","","","","","","","","","110147104","2023-10-31","","NRAIL","","","","","Unknown","Address:Crismill Lane, Maidstone:ME17 1SS Details: Hollingbourne Station, then along Platform to L/E, then along cess to site.",""
"110183449","SBJ","45.1628","QK","","45.1628","1100","","MAP","","584565.0","154220.0","HOSPITAL ROAD","HKJ6","","","","","","","","","","","110183449","2023-10-31","","NRAIL","","","","","Up Main/Fast","AUTHORISED ACCESS POINT - PEDESTRIAN",""
"70260169","SBJ","46.0506","QK","","46.0506","1100","","MAP","","585048.0","153873.0","Hollingbourne/Harrietsham-Greenway Court","HKJ6","","","","","","","","","","","70260169","2008-09-08","","BBRM","","","","","Up Main/Fast","Risk Rating 2, Hazard Rating 3,Score 6",""
"70260170","SBJ","47.0066","QK","","47.0066","1100","","MAP","","586041.0","153194.0","Hollingbourne/Harrietsham-Goddington Lane","HKJ6","","","","","","","","","","","70260170","2008-09-08","","BBRM","","","","","Up Main/Fast","Risk Rating 2, Hazard Rating 2,Score 4",""
"70260171","SBJ","47.154","QK","","47.154","1100","","MAP","","587266.0","152633.0","Harrietsham/Lenham-A20 Turnpike Rd","HKJ6","","","","","","","","","","","70260171","2017-09-28","","BBRM","","","","","Up Main/Fast","Risk Rating 4, Hazard Rating 3,Score 12",""
"110147106","SBJ","47.1738","QK","","47.1738","9999","","MAP","","587440.0","152568.0","HARRIETSHAM SUBSTATION","HKJ6","","","","","","","","","","","110147106","2023-10-31","","NRAIL","","","","","Unknown","Address:Ashford Rd, Harrietsham:ME17 1BX Details: Network Rail Gate, off Rectory Lane, then into site.",""
"70195736","SBJ","48.147","QK","","48.147","1100","","MAP","","588674.0","151999.0","Harrietsham/Lenham-Old Ham Lane","HKJ6","","","","","","","","","","","70195736","2017-09-28","","BBRM","","","","","Up Main/Fast","Risk Rating 2, Hazard Rating 3,Score 6",""
"70260172","SBJ","49.0022","QK","","49.0022","2100","","MAP","","588940.0","151900.0","Lenham-Storage depot","HKJ6","","","","","","","","","","","70260172","2008-09-08","","BBRM","","","","","Down Main/Fast","Risk Rating 3, Hazard Rating 3,Score 9",""
"110142419","SBJ","49.0506","QK","","49.0506","1100","","MAP","","589357.0","151745.0","Lenham Road Bridge 658","HKJ6","","","","","","","","","","","110142419","2008-09-08","","NRAIL","","","","","Up Main/Fast","Score 15",""
"110179757","SBJ","49.11","QK","","49.11","1100","","MAP","","589528.0","151799.0","Headcorn Road","HKJ6","","","","","","","","","Pedestrian","","110179757","2022-08-25","","NRAIL","","","","","Up Main/Fast","Headcorn Rd, Lenham:ME17 2LW. Footpath along side of up line to footpath crossing @ 49m 50.25ch then along cess to site",""
"110181748","SBJ","49.11","QK","","49.11","2100","","MAP","","589872.0","151551.0","LENHAM","HKJ6","","","","","","","","","","","110181748","2022-11-11","","NRAIL","","","","","Down Main/Fast","",""
"110181588","SBJ","49.11","QK","","49.11","1100","","MAP","","589872.0","151551.0","LENHAM","HKJ6","","","","","","","","","","","110181588","2022-11-11","","NRAIL","","","","","Up Main/Fast","",""
"110147107","SBJ","49.117","QK","","49.117","9999","","MAP","","589056.0","151857.0","LENHAM SUBSTATION","HKJ6","","","","","","","","","","","110147107","2023-10-31","","NRAIL","","","","","Unknown","Address:Headcorn Rd, Lenham:ME17 2LW Details: Off Headcorn Road, Footpath along side of up line to footpath crossing @ 49m 50.25c then along cess to site",""
"70195765","SBJ","50.136","QK","","50.136","1100","","MAP","","591514.0","150727.0","Lenham/Charing-Lenham Forstal Rd","HKJ6","","","","","","","","","OT","","70195765","2008-09-08","","BBRM","","","","","Up Main/Fast","Risk Rating 2, Hazard Rating 3,Score 6",""
"110147108","SBJ","51.0613","QK","","51.0613","9999","","MAP","","591513.0","150720.0","SHELVE SUBSTATION","HKJ6","","","","","","","","","","","110147108","2023-10-31","","NRAIL","","","","","Unknown","Address:Charing Heath Rd, Lenham:TN27 0BY Details: Network Rail Gate, off Maylum Bridge No 663 @ 50m 62c Then along cess to site.",""
"110181745","SBJ","51.066","QK","","51.066","2100","","MAP","","592388.0","150305.0","ACTON","HKJ6","","","","","","","","","","","110181745","2022-11-11","","NRAIL","","","","","Down Main/Fast","",""
"110181585","SBJ","51.066","QK","","51.066","1100","","MAP","","592388.0","150305.0","ACTON","HKJ6","","","","","","","","","","","110181585","2022-11-11","","NRAIL","","","","","Up Main/Fast","",""
"70260173","SBJ","52.0308","QK","","52.0308","2100","","MAP","","593549.0","149754.0","Lenham/Charing-Charing Heath Rd","HKJ6","","","","","","","","","","","70260173","2008-09-08","","BBRM","","","","","Down Main/Fast","Risk Rating 2, Hazard Rating 3,Score 6",""
"70260174","SBJ","52.1012","QK","","52.1012","2100","","MAP","","594141.0","149501.0","Lenham/Charing-Hook Lane Bridge 670","HKJ6","","","","","","","","","","","70260174","2008-09-08","","BBRM","","","","","Down Main/Fast","Risk Rating 2, Hazard Rating 3,Score 6",""
"110147109","SBJ","53.0099","QK","","53.0099","9999","","MAP","","594910.0","149190.0","CHARING SUBSTATION","HKJ6","","","","","","","","","","","110147109","2023-10-31","","NRAIL","","","","","Unknown","Address:Pluckley Rd, Charing:TN27 0GX Details: Charing Station, then cross over footbridge to up side platform L/E, and then along cess to site",""
"70260175","SBJ","53.099","QK","","53.099","1100","","MAP","","595441.0","148657.0","Charing/Hothfield-Slaughterhouse Bridge 674","HKJ6","","","","","","","","","","","70260175","2008-09-08","","BBRM","","","","","Up Main/Fast","Risk Rating 3, Hazard Rating 3,Score 9",""
"70260176","SBJ","54.0308","QK","","54.0308","1100","","MAP","","596061.0","147904.0","Charing/Hothfield-Westwell Leacon","HKJ6","","","","","","","","","","","70260176","2008-09-08","","BBRM","","","","","Up Main/Fast","Risk Rating 2, Hazard Rating 3,Score 6",""
"110147110","SBJ","54.115","QK","","54.115","1100","","MAP","","597324.0","147780.0","WESTWELL SUBSTATION","HKJ6","","","","","","","","","","","110147110","2023-03-22","","NRAIL","","","","","Up Main/Fast","Address:Westwell Lane, Westwell:TN25 4NF Details: Network Rail Gate, off A20 Maidstone Road, Westwell Bridge No 679 @ 54m 17c rear of Sub to site.",""
"70195810","SBJ","55.0324","QK","","55.0324","2100","","MAP","","597320.0","146880.0","Charing/Hothfield-Woolpack Rd Westwell Lane","HKJ6","","","","","","","","","OT","","70195810","2008-09-08","","BBRM","","","","","Down Main/Fast","Risk Rating 2, Hazard Rating 3,Score 6",""
"110183450","SBJ","55.1342","QK","","55.1342","2100","","MAP","","598060.0","146300.0","TARMAC RD - HOTHFIELD","HKJ6","","","","","","","","","","","110183450","2023-10-31","","NRAIL","","","","","Down Main/Fast","AUTHORISED ACCESS POINT - PEDESTRIAN",""
"110183451","SBJ","55.143","QK","","55.143","2100","","MAP","","598094.0","146235.0","TARMAC YARD/BEECHBROOK LOOP","HKJ6","","","","","","","","","","","110183451","2023-10-31","","NRAIL","","","","","Down Main/Fast","AUTHORISED ACCESS POINT - PEDESTRIAN",""
"110179873","SBJ","56.044","QK","","56.044","1100","","MAP","","598139.0","146065.0","Westwell Lane","HKJ6","","","","","","","","","Pedestrian","","110179873","2022-09-08","","NRAIL","","","","","Up Main/Fast","Westwell Lane, TN25 4JJ. Off Westwell Lane by Bridge <Potters Corner>, walk along track to sub",""
"110147111","SBJ","56.0484","QK","","56.0484","9999","","MAP","","598644.0","145764.0","HOTHFIELD SUBSTATION","HKJ6","","","","","","","","","","","110147111","2023-10-31","","NRAIL","","","","","Unknown","Address:Westwell Lane, Hothfield:TN25 4JJ Details: Off Westwell Lane by Bridge <potters Corner>, walk along track to Sub.",""
"70195842","SBJ","56.1405","QK","","56.1405","1100","","MAP","","599303.0","145207.0","Hothfield/Ashford-Eastwell Lane","HKJ6","","","","","","","","","","","70195842","2008-09-08","","BBRM","","","","","Up Main/Fast","Risk Rating 4, Hazard Rating 3,Score 12",""
"70195852","SBJ","57.1607","QK","","57.1607","1100","","MAP","","600039.0","143701.0","Hothfield/Ashford-Maidstone Road","HKJ6","","","","","","","","","","","70195852","2008-09-08","","BBRM","","","","","Up Main/Fast","Risk Rating 2, Hazard Rating 3,Score 6",""
"70260178","SBJ","57.1607","QK","","57.1607","2100","","MAP","","600039.0","143701.0","Hothfield/Ashford-Maidstone Road","HKJ6","","","","","","","","","","","70260178","2008-09-08","","BBRM","","","","","Down Main/Fast","Risk Rating 2, Hazard Rating 3,Score 6",""
"110147112","SBJ","57.1706","QK","","57.1706","9999","","MAP","","600055.0","143495.0","POTTERS CORNER SUBSTATION","HKJ6","","","","","","","","","","","110147112","2023-10-31","","NRAIL","","","","","Unknown","Address:Simone Weil Avenue, Ashford:TN23 3GB Details: Network Rail Gate, off A20 Maidstone Road, Ashford, Kent Down steps and along cess to site",""
"70260179","SBJ","58.0066","QK","","58.0066","1100","","MAP","","600033.0","143501.0","Hothfield/Ashford-Repton Farm Bridge 696","HKJ6","","","","","","","","","","","70260179","2008-09-08","","BBRM","","","","","Up Main/Fast","Risk Rating 4, Hazard Rating 3,Score 12",""
"70260180","SBJ","58.0462","QK","","58.0462","1100","","MAP","","600070.0","143145.0","Hothfield/Ashford-Chart Rd Bridge 697","HKJ6","","","","","","","","","","","70260180","2008-09-08","","BBRM","","","","","Up Main/Fast","Risk Rating 3, Hazard Rating 3,Score 9",""
"110142420","SBJ","58.077","QK","","58.077","2100","","MAP","","600170.0","142881.0","Ashford ""A"" Junction","HKJ6","","","","","","","","","","","110142420","2017-09-28","","NRAIL","","","","","Down Main/Fast","Score 6",""
"110176371","SBJ","20.0589","QK","","20.0589","2100","","MAPE","","553558.0","164984.0","EYNSFORD STATION PLAT 2","HKJ5","","","","","","","","","","","110176371","2022-08-05","","NRAIL","","","","","Down Main/Fast","EYNSFORD STATION PLAT 2 Ungated",""
"110176370","SBJ","20.0607","QK","","20.0607","1100","","MAPE","","553558.0","164968.0","EYNSFORD STATION PLAT 1","HKJ5","","","","","","","","","","","110176370","2022-08-05","","NRAIL","","","","","Up Main/Fast","EYNSFORD STATION PLAT 1 Ungated",""
"110176415","SBJ","20.0761","QK","","20.0761","2100","","MAPE","","553539.0","164829.0","EYNSFORD STATION PLAT 2","HKJ5","","","","","","","","","","","110176415","2022-08-05","","NRAIL","","","","","Down Main/Fast","EYNSFORD STATION PLAT 2 Ungated",""
"110176414","SBJ","20.0787","QK","","20.0787","1100","","MAPE","","553535.0","164806.0","EYNSFORD STATION PLAT 1","HKJ5","","","","","","","","","","","110176414","2022-08-05","","NRAIL","","","","","Up Main/Fast","EYNSFORD STATION PLAT 1 Ungated",""
"110176387","SBJ","22.105","QK","","22.105","1100","","MAPE","","552737.0","162373.0","SHOREHAM STATION PLAT 1","HKJ5","","","","","","","","","","","110176387","2022-08-05","","NRAIL","","","","","Up Main/Fast","SHOREHAM STATION PLAT 1 Ungated",""
"110176388","SBJ","22.1073","QK","","22.1073","2100","","MAPE","","552577.0","161518.0","SHOREHAM STATION PLAT 2","HKJ5","","","","","","","","","","","110176388","2022-08-05","","NRAIL","","","","","Down Main/Fast","SHOREHAM STATION PLAT 2 Ungated",""
"110176436","SBJ","22.1222","QK","","22.1222","1100","","MAPE","","552575.0","161362.0","SHOREHAM STATION PLAT 1","HKJ5","","","","","","","","","","","110176436","2022-08-05","","NRAIL","","","","","Up Main/Fast","SHOREHAM STATION PLAT 1 Ungated",""
"110176437","SBJ","22.1253","QK","","22.1253","2100","","MAPE","","552575.0","161354.0","SHOREHAM STATION PLAT 2","HKJ5","","","","","","","","","","","110176437","2022-08-05","","NRAIL","","","","","Down Main/Fast","SHOREHAM STATION PLAT 2 Ungated",""
"110176379","SBJ","24.0125","QK","","24.0125","1100","","MAPE","","553233.0","159366.0","OTFORD STATION PLAT 1","HKJ5","","","","","","","","","","","110176379","2022-08-05","","NRAIL","","","","","Up Main/Fast","OTFORD STATION PLAT 1 Gated",""
"110176428","SBJ","24.0231","QK","","24.0231","1100","","MAPE","","553270.0","159275.0","OTFORD STATION PLAT 1","HKJ5","","","","","","","","","","","110176428","2022-08-05","","NRAIL","","","","","Up Main/Fast","OTFORD STATION PLAT 1 Gated",""
"110176429","SBJ","24.0231","QK","","24.0231","2100","","MAPE","","553270.0","159275.0","OTFORD STATION PLAT 2","HKJ5","","","","","","","","","","","110176429","2022-08-05","","NRAIL","","","","","Down Main/Fast","OTFORD STATION PLAT 2 Gated",""
"110176561","SBJ","26.1656","QK","","26.1656","1100","","MAPE","","556646.0","157746.0","KEMSING STATION PLAT 1","HKJ5","","","","","","","","","","","110176561","2022-08-05","","NRAIL","","","","","Up Main/Fast","KEMSING STATION PLAT 1 - Ungated",""
"110176562","SBJ","26.1657","QK","","26.1657","2100","","MAPE","","556646.0","157746.0","KEMSING STATION PLAT 2","HKJ5","","","","","","","","","","","110176562","2022-08-05","","NRAIL","","","","","Down Main/Fast","KEMSING STATION PLAT 2 - Ungated",""
"110176629","SBJ","27.0052","QK","","27.0052","1100","","MAPE","","556789.0","157747.0","KEMSING STATION PLAT 1","HKJ5","","","","","","","","","","","110176629","2022-08-05","","NRAIL","","","","","Up Main/Fast","KEMSING STATION PLAT 1 - Gated",""
"110176630","SBJ","27.006","QK","","27.006","2100","","MAPE","","556789.0","157747.0","KEMSING STATION PLAT 2","HKJ5","","","","","","","","","","","110176630","2022-08-05","","NRAIL","","","","","Down Main/Fast","KEMSING STATION PLAT 2 - Ungated",""
"110176535","SBJ","29.1002","QK","","29.1002","2100","","MAPE","","560756.0","157408.0","BOROUGH GREEN/WROTHAM STATION","HKJ5","","","","","","","","","","","110176535","2022-08-05","","NRAIL","","","","","Down Main/Fast","BOROUGH GREEN/WROTHAM STATION - Ungated",""
"110176536","SBJ","29.1004","QK","","29.1004","1100","","MAPE","","560756.0","157408.0","BOROUGH GREEN/WROTHAM STATION","HKJ5","","","","","","","","","","","110176536","2022-08-05","","NRAIL","","","","","Up Main/Fast","BOROUGH GREEN/WROTHAM STATION - Ungated",""
"110176606","SBJ","29.1182","QK","","29.1182","2100","","MAPE","","560931.0","157419.0","BOROUGH GREEN/WROTHAM STATION","HKJ5","","","","","","","","","","","110176606","2022-08-05","","NRAIL","","","","","Down Main/Fast","BOROUGH GREEN/WROTHAM STATION - Ungated",""
"110176607","SBJ","29.1183","QK","","29.1183","1100","","MAPE","","560931.0","157419.0","BOROUGH GREEN/WROTHAM STATION","HKJ5","","","","","","","","","","","110176607","2022-08-05","","NRAIL","","","","","Up Main/Fast","BOROUGH GREEN/WROTHAM STATION - Ungated",""
"110176592","SBJ","34.1203","QK","","34.1203","1100","","MAPE","","568642.0","157622.0","WEST MALLING STATION PLAT 1","HKJ5","","","","","","","","","","","110176592","2022-08-05","","NRAIL","","","","","Up Main/Fast","WEST MALLING STATION PLAT 1 - Ungated",""
"110176593","SBJ","34.1218","QK","","34.1218","2100","","MAPE","","567791.0","158123.0","WEST MALLING STATION PLAT 2","HKJ5","","","","","","","","","","","110176593","2022-08-05","","NRAIL","","","","","Down Main/Fast","WEST MALLING STATION PLAT 2 - Ungated",""
"110176646","SBJ","34.1409","QK","","34.1409","1100","","MAPE","","568797.0","157514.0","WEST MALLING STATION PLAT 1","HKJ5","","","","","","","","","","","110176646","2022-08-05","","NRAIL","","","","","Up Main/Fast","WEST MALLING STATION PLAT 1 - Gated",""
"110176647","SBJ","34.142","QK","","34.142","2100","","MAPE","","567810.0","158117.0","WEST MALLING STATION PLAT 2","HKJ5","","","","","","","","","","","110176647","2022-08-05","","NRAIL","","","","","Down Main/Fast","WEST MALLING STATION PLAT 2 - Gated",""
"110176545","SBJ","35.1325","QK","","35.1325","2100","","MAPE","","570184.0","156905.0","EAST MALLING STATION PLAT 2","HKJ5","","","","","","","","","","","110176545","2022-08-05","","NRAIL","","","","","Down Main/Fast","EAST MALLING STATION PLAT 2 - Ungated",""
"110176544","SBJ","35.1349","QK","","35.1349","1100","","MAPE","","570205.0","156901.0","EAST MALLING STATION PLAT 1","HKJ5","","","","","","","","","","","110176544","2022-08-05","","NRAIL","","","","","Up Main/Fast","EAST MALLING STATION PLAT 1 - Ungated",""
"110176615","SBJ","35.1512","QK","","35.1512","2100","","MAPE","","570352.0","156874.0","EAST MALLING STATION PLAT 2","HKJ6","","","","","","","","","","","110176615","2022-08-05","","NRAIL","","","","","Down Main/Fast","EAST MALLING STATION PLAT 2 - Ungated",""
"110176614","SBJ","35.1537","QK","","35.1537","1100","","MAPE","","570374.0","156869.0","EAST MALLING STATION PLAT 1","HKJ6","","","","","","","","","","","110176614","2022-08-05","","NRAIL","","","","","Up Main/Fast","EAST MALLING STATION PLAT 1 - Ungated",""
"110178124","SBJ","37.0872","QK","","37.0872","2100","","MAPE","","572913.0","156834.0","BARMING STN:PLT 2","HKJ6","","","","","","","","","","","110178124","2022-08-04","","NRAIL","","","","","Down Main/Fast"," ",""
"110178125","SBJ","37.0874","QK","","37.0874","1100","","MAPE","","572919.0","156828.0","BARMING STN:PLT 1","HKJ6","","","","","","","","","","","110178125","2022-08-04","","NRAIL","","","","","Up Main/Fast"," ",""
"110178127","SBJ","37.0994","QK","","37.0994","2100","","MAPE","","573011.0","156890.0","BARMING STN:PLT 2","HKJ6","","","","","","","","","","","110178127","2022-08-04","","NRAIL","","","","","Down Main/Fast"," ",""
"110178126","SBJ","37.0994","QK","","37.0994","1100","","MAPE","","573017.0","156883.0","BARMING STN:PLT 1","HKJ6","","","","","","","","","","","110178126","2022-08-04","","NRAIL","","","","","Up Main/Fast"," ",""
"110178128","SBJ","39.1561","QK","","39.1561","0","","MAPE","","575736.0","156164.0","MAIDSTONE EAST STN:PLT 2","HKJ6","","","","","","","","","","","110178128","2022-08-04","","NRAIL","","","","","All/Multiple Tracks"," ",""
"110178129","SBJ","39.1608","QK","","39.1608","1100","","MAPE","","575776.0","156155.0","MAIDSTONE EAST STN:PLT 1","HKJ6","","","","","","","","","","","110178129","2022-08-04","","NRAIL","","","","","Up Main/Fast"," ",""
"110178130","SBJ","39.1741","QK","","39.1741","2100","","MAPE","","575885.0","156196.0","MAIDSTONE EAST STN:PLT 2","HKJ6","","","","","","","","","","","110178130","2022-08-04","","NRAIL","","","","","Down Main/Fast"," ",""
"110178152","SBJ","40.0018","QK","","40.0018","1100","","MAPE","","575922.0","156199.0","MAIDSTONE EAST STN:PLT 1","HKJ6","","","","","","","","","","","110178152","2022-08-04","","NRAIL","","","","","Up Main/Fast"," ",""
"110178151","SBJ","40.0026","QK","","40.0026","3603","","MAPE","","575917.0","156228.0","MAIDSTONE EAST STN:PLT 3","HKJ6","","","","","","","","","","","110178151","2022-08-04","","NRAIL","","","","",""," ",""
"110178153","SBJ","42.1161","QK","","42.1161","1100","","MAPE","","579786.0","156160.0","BEARSTED  STN:PLT 1","HKJ6","","","","","","","","","","","110178153","2022-08-04","","NRAIL","","","","","Up Main/Fast"," ",""
"110178154","SBJ","42.1163","QK","","42.1163","2100","","MAPE","","579789.0","156167.0","BEARSTED  STN:PLT 2","HKJ6","","","","","","","","","","","110178154","2022-08-04","","NRAIL","","","","","Down Main/Fast"," ",""
"110178156","SBJ","42.1351","QK","","42.1351","1100","","MAPE","","579963.0","156127.0","BEARSTED  STN:PLT 1","HKJ6","","","","","","","","","","","110178156","2022-08-04","","NRAIL","","","","","Up Main/Fast"," ",""
"110178155","SBJ","42.1355","QK","","42.1355","2100","","MAPE","","579956.0","156119.0","BEARSTED  STN:PLT 2","HKJ6","","","","","","","","","","","110178155","2022-08-04","","NRAIL","","","","","Down Main/Fast"," ",""
"110178157","SBJ","44.1721","QK","","44.1721","1100","","MAPE","","583353.0","155109.0","HOLLINGBOURNE STN:PLT 1","HKJ6","","","","","","","","","","","110178157","2022-08-04","","NRAIL","","","","","Up Main/Fast"," ",""
"110178158","SBJ","44.1745","QK","","44.1745","2100","","MAPE","","583377.0","155107.0","HOLLINGBOURNE STN:PLT 2","HKJ6","","","","","","","","","","","110178158","2022-08-04","","NRAIL","","","","","Down Main/Fast"," ",""
"110178159","SBJ","45.0103","QK","","45.0103","1100","","MAPE","","583473.0","155057.0","HOLLINGBOURNE STN:PLT 1","HKJ6","","","","","","","","","","","110178159","2022-08-04","","NRAIL","","","","","Up Main/Fast"," ",""
"110178160","SBJ","45.0125","QK","","45.0125","2100","","MAPE","","583494.0","155057.0","HOLLINGBOURNE STN:PLT 2","HKJ6","","","","","","","","","","","110178160","2022-08-04","","NRAIL","","","","","Down Main/Fast"," ",""
"110178161","SBJ","47.0715","QK","","47.0715","1100","","MAPE","","586576.0","152938.0","HARRIETSHAM STN:PLT 1","HKJ6","","","","","","","","","","","110178161","2022-08-04","","NRAIL","","","","","Up Main/Fast"," ",""
"110178162","SBJ","47.0715","QK","","47.0715","2100","","MAPE","","586580.0","152946.0","HARRIETSHAM STN:PLT 2","HKJ6","","","","","","","","","","","110178162","2022-08-04","","NRAIL","","","","","Down Main/Fast"," ",""
"110178164","SBJ","47.0857","QK","","47.0857","1100","","MAPE","","586699.0","152890.0","HARRIETSHAM STN:PLT 1","HKJ6","","","","","","","","","","","110178164","2022-08-04","","NRAIL","","","","","Up Main/Fast"," ",""
"110178163","SBJ","47.0859","QK","","47.0859","2100","","MAPE","","586694.0","152884.0","HARRIETSHAM STN:PLT 2","HKJ6","","","","","","","","","","","110178163","2022-08-04","","NRAIL","","","","","Down Main/Fast"," ",""
"110178165","SBJ","49.012","QK","","49.012","1100","","MAPE","","589027.0","151872.0","LENHAM STN:PLT 1","HKJ6","","","","","","","","","","","110178165","2022-08-04","","NRAIL","","","","","Up Main/Fast"," ",""
"110178166","SBJ","49.0174","QK","","49.0174","2100","","MAPE","","589076.0","151863.0","LENHAM STN:PLT 2","HKJ6","","","","","","","","","","","110178166","2022-08-04","","NRAIL","","","","","Down Main/Fast"," ",""
"110178167","SBJ","49.0304","QK","","49.0304","1100","","MAPE","","589184.0","151810.0","LENHAM STN:PLT 1","HKJ6","","","","","","","","","","","110178167","2022-08-04","","NRAIL","","","","","Up Main/Fast"," ",""
"110178168","SBJ","49.0356","QK","","49.0356","2100","","MAPE","","589231.0","151801.0","LENHAM STN:PLT 2","HKJ6","","","","","","","","","","","110178168","2022-08-04","","NRAIL","","","","","Down Main/Fast"," ",""
"110178169","SBJ","53.0152","QK","","53.0152","1100","","MAPE","","594895.0","149173.0","CHARING STN:PLT 1","HKJ6","","","","","","","","","","","110178169","2022-08-04","","NRAIL","","","","","Up Main/Fast"," ",""
"110178170","SBJ","53.0155","QK","","53.0155","2100","","MAPE","","594902.0","149180.0","CHARING STN:PLT 2","HKJ6","","","","","","","","","","","110178170","2022-08-04","","NRAIL","","","","","Down Main/Fast"," ",""
"110178171","SBJ","53.0283","QK","","53.0283","1100","","MAPE","","594998.0","149113.0","CHARING STN:PLT 1","HKJ6","","","","","","","","","","","110178171","2022-08-04","","NRAIL","","","","","Up Main/Fast"," ",""
"110178172","SBJ","53.0285","QK","","53.0285","2100","","MAPE","","595005.0","149120.0","CHARING STN:PLT 2","HKJ6","","","","","","","","","","","110178172","2022-08-04","","NRAIL","","","","","Down Main/Fast"," ",""
"110179013","SBJ","31.1178","QK","","31.1178","1100","","MAR","","564048.0","157973.0","OFFHAM - RRV ACCESS","HKJ5","","","","","","","","","","","110179013","2022-08-15","","NRAIL","","","","","Up Main/Fast"," AUTHORISED ACCESS POINT  -  ROAD/RAIL VEH",""
"110142416","SBJ","37.1056","QK","","37.1056","2100","","MAR","","573041.0","156938.0","Barming Station RRV","HKJ6","","","","","","","","","","","110142416","2017-09-28","","NRAIL","","","","","Down Main/Fast","Score 25",""
"110183507","SBJ","39.1584","QK","","39.1584","2100","","MAR","","575766.0","156167.0","MAIDSTONE EAST - RRV ACCESS","HKJ6","","","","","","","","","","","110183507","2023-10-31","","NRAIL","","","","","Down Main/Fast","AUTHORISED ACCESS POINT - ROAD/RAIL VEH",""
"110183509","SBJ","42.1034","QK","","42.1034","0","","MAR","","579675.0","156194.0","BEARSTED COAL YARD RRV","HKJ6","","","","","","","","","","","110183509","2023-10-31","","NRAIL","","","","","All/Multiple Tracks","AUTHORISED ACCESS POINT - ROAD/RAIL VEH",""
"110183514","SBJ","45.022","QK","","45.022","0","","MAR","","583545.0","155020.0","HOLLINGBOURNE - RRV ACCESS","HKJ6","","","","","","","","","","","110183514","2023-10-31","","NRAIL","","","","","All/Multiple Tracks","AUTHORISED ACCESS POINT - ROAD/RAIL VEH",""
"110183515","SBJ","48.1716","QK","","48.1716","2500","","MAR","","588939.0","151905.0","LENHAM - RRV ACCESS","HKJ6","","","","","","","","","","","110183515","2023-10-31","","NRAIL","","","","","Down Loop","AUTHORISED ACCESS POINT - ROAD/RAIL VEH",""
"110142418","SBJ","49.022","QK","","49.022","1100","","MAR","","589111.0","151836.0","Lenham RRV","HKJ6","","","","","","","","","","","110142418","2008-09-08","","NRAIL","","","","","Up Main/Fast","Score 15",""
"110183519","SBJ","56.0","QK","","56.0","1500","","MAR","","598217.0","146109.0","BEECHBROOK LOOP RRV","HKJ6","","","","","","","","","","","110183519","2023-10-31","","NRAIL","","","","","Up Loop","AUTHORISED ACCESS POINT - ROAD/RAIL VEH",""
"110183522","SBJ","58.0902","QK","","58.0902","0","","MAR","","600244.0","142756.0","GODINTON ROAD No2 - RRV ACCESS","HKJ6","","","","","","","","","","","110183522","2023-10-31","","NRAIL","","","","","All/Multiple Tracks","AUTHORISED ACCESS POINT - ROAD/RAIL VEH",""
"110147113","SBJ","58.1176","QK","","58.1176","9999","","MAR","","600459.0","142548.0","GODINTON SUBSTATION","HKJ6","","","","","","","","","","","110147113","2023-10-31","","NRAIL","","","","","Unknown","Address:Godinton Way, Ashford:TN23 1JB Details: Network Rail Gate, off Godinton Road, Ashford, Kent. then down new driveway to site",""
"110183523","SBJ","58.1242","QK","","58.1242","2300","","MAR","","600450.0","142575.0","GODINTON ROAD - RRV ACCESS","HKJ6","","","","","","","","","","","110183523","2023-10-31","","NRAIL","","","","","Down Goods","AUTHORISED ACCESS POINT - ROAD/RAIL VEH",""
"110141787","SBJ","17.1518","QK","","17.1518","2900","","MAV","","551584.0","168329.0","Godsel Road","HKJ5","","","","","","","","","","","110141787","2008-09-08","","NRAIL","","","","","Down Siding","Vehicle access point on Down Sidings which runs on to Down Maidstone.",""
"70260156","SBJ","24.0242","QK","","24.0242","1100","","MAV","","553274.0","159266.0","Otford Station Car park","HKJ5","","","","","","","","","","","70260156","2022-04-25","","BBRM","","","","","Up Main/Fast","Risk Rating 4, Hazard Rating 2,Score 8, BRS 4083",""
"110146927","SBJ","24.132","QK","","24.132","9999","","MAV","","553236.0","159361.0","OTFORD JCT SUBSTATION","HKJ5","","","","","","","","","","","110146927","2022-08-05","","NRAIL","","","","","Unknown","Address:Vestry Rd, Otford:TN14 5RH                 Details: From Otford Station, off platform and along cess site   TQ533593",""
"110177452","SBJ","26.1672","QK","","26.1672","1100","","MAV","","556661.0","157774.0","KEMSING STATION RRV","HKJ5","","","","","","","","","","","110177452","2023-05-31","","NRAIL","","","","","Up Main/Fast","CREATED AFTER ACCESS POINT VALIDATION DATA ANALYSIS",""
"110142414","SBJ","29.088","QK","","29.088","2100","","MAV","","560640.0","157400.0","Borough Green Station","HKJ5","","","","","","","","","","","110142414","2022-04-25","","NRAIL","","","","","Down Main/Fast","Score 22",""
"70260160","SBJ","29.0968","QK","","29.0968","2100","","MAV","","560851.0","157414.0","Borough Green-S & T Offices","HKJ5","","","","","","","","","","","70260160","2022-04-25","","BBRM","","","","","Down Main/Fast","Risk Rating 3, Hazard Rating 2,Score 6, BRS 4084",""
"70130362","SBJ","34.11","QK","","34.11","1100","","MAV","","568880.0","157458.0","WEST MALLING CAR PARK","HKJ5","","","","","","","","","AC","","70130362","2022-04-25","","BBRM","","","","","Up Main/Fast","Risk Rating 3, Hazard Rating 2,Score 6",""
"110147061","SBJ","34.121","QK","","34.121","9999","","MAV","","567791.0","158123.0","MALLING SUBSTATION","HKJ5","","","","","","","","","","","110147061","2022-08-05","","NRAIL","","","","","Unknown","Address: West Malling Railway Station, West Malling:ME19 6HJ         Details:Off station approach road <up side> Through West Malling Station, Network Rail gate, on down side platform into site      TQ687576",""
"70260165","SBJ","39.1584","QK","","39.1584","2100","","MAV","","575755.0","156149.0","Maidstone East-Signalbox","HKJ6","","","","","","","","","","","70260165","2017-09-28","","BBRM","","","","","Down Main/Fast","Risk Rating 3, Hazard Rating 2,Score 6",""
"110147101","SBJ","40.088","QK","","40.088","9999","","MAV","","576684.0","155971.0","VINTERS PARK SUBSTATION","HKJ6","","","","","","","","","","","110147101","2023-10-31","","NRAIL","","","","","Unknown","Address:Ashford Rd, Maidstone:ME15 7TT Details: Off A20 Ashford Road, Maidstone, @ 40m 56c Network Rail Gate, then into site.",""
"70260167","SBJ","40.121","QK","","40.121","2100","","MAV","","576871.0","155768.0","Maidstone East/Bearstead-Ashford Road","HKJ6","","","","","","","","","","","70260167","2008-09-08","","BBRM","","","","","Down Main/Fast","Risk Rating 3, Hazard Rating 2,Score 6",""
"110183483","SBJ","40.1342","QK","","40.1342","2100","","MAV","","576940.0","155749.0","VINTERS PARK","HKJ6","","","","","","","","","","","110183483","2023-10-31","","NRAIL","","","","","Down Main/Fast","AUTHORISED ACCESS POINT - VEHICLE",""
"70260168","SBJ","41.044","QK","","41.044","2100","","MAV","","577719.0","155481.0","Maidstone East/Bearstead-Mote Park","HKJ6","","","","","","","","","","","70260168","2008-09-08","","BBRM","","","","","Down Main/Fast","Risk Rating 3, Hazard Rating 2,Score 6",""
"110147102","SBJ","41.044","QK","","41.044","9999","","MAV","","577727.0","155500.0","MOTE PARK SUBSTATION","HKJ6","","","","","","","","","","","110147102","2023-10-31","","NRAIL","","","","","Unknown","Address:Ashford Rd, Maidstone:ME14 4AE Details: Off A20 Ashford Road, Maidstone, @ 41m 20c Network Rail Gate, then into site.",""
"110183486","SBJ","46.0506","QK","","46.0506","1100","","MAV","","585023.0","153862.0","GREENWAY COURT","HKJ6","","","","","","","","","","","110183486","2023-10-31","","NRAIL","","","","","Up Main/Fast","AUTHORISED ACCESS POINT - VEHICLE",""
"110147105","SBJ","46.055","QK","","46.055","9999","","MAV","","585095.0","153840.0","HOLLINGBOURNE SUBSTATION","HKJ6","","","","","","","","","","","110147105","2023-10-31","","NRAIL","","","","","Unknown","Address:Greenway Court Rd, Hollingbourne:ME17 1QB Details: Network Rail Gate, at Hollingbourne Sub Station, off Greenway Court Road, then into site",""
"110183487","SBJ","47.154","QK","","47.154","1100","","MAV","","587304.0","152614.0","TURNPIKE ROAD","HKJ6","","","","","","","","","","","110183487","2023-10-31","","NRAIL","","","","","Up Main/Fast","AUTHORISED ACCESS POINT - VEHICLE",""
"110183488","SBJ","48.1452","QK","","48.1452","1100","","MAV","","588660.0","151992.0","OLD HAM LANE","HKJ6","","","","","","","","","","","110183488","2023-10-31","","NRAIL","","","","","Up Main/Fast","AUTHORISED ACCESS POINT - VEHICLE",""
"110183494","SBJ","58.077","QK","","58.077","2300","","MAV","","600230.0","142841.0","ASHFORD ""A"" JUNCTION","HKJ6","","","","","","","","","","","110183494","2023-10-31","","NRAIL","","","","","Down Goods","AUTHORISED ACCESS POINT - VEHICLE",""
"110172652","SCP","7.0","QK","","7.0","0","","MAP","","534930.0","170620.0","Penge High Street","HKJ4","","","","","","","","","","","110172652","2021-06-17","","NRAIL","","","","","All/Multiple Tracks","Access point on Penge High Street A234 in fence line and path und bridge to track                WHAT3WORDS REF: ///fast.lively.items","TQ 34970 60000"
"70119494","SEJ1","0.0074","QK","","0.0074","1100","","MAP","","589751.0","164139.0","Sittingbourne-Waterloo Road","HKJ6","","","","","","","","","AC","","70119494","2010-10-06","","NRAIL","","","","","Up Main/Fast","Only for SEJ1 access, no safe access to VIR whilst trains are running, use other access point on Waterloo Road.",""
"110181752","SEJ2","44.1276","QK","","44.1276","2100","","MAP","","590049.0","165325.0","VICARAGE","HKJ6","","","","","","","","","","","110181752","2022-11-11","","NRAIL","","","","","Down Main/Fast","",""
"110181592","SEJ2","44.1276","QK","","44.1276","1100","","MAP","","590049.0","165325.0","VICARAGE","HKJ6","","","","","","","","","","","110181592","2022-11-11","","NRAIL","","","","","Up Main/Fast","",""
"110181751","SEJ2","44.154","QK","","44.154","2100","","MAP","","590176.0","165531.0","FOX GROVE","HKJ6","","","","","","","","","","","110181751","2022-11-11","","NRAIL","","","","","Down Main/Fast","",""
"110181591","SEJ2","44.154","QK","","44.154","1100","","MAP","","590176.0","165531.0","FOX GROVE","HKJ6","","","","","","","","","","","110181591","2022-11-11","","NRAIL","","","","","Up Main/Fast","",""
"110179755","SEJ2","45.1298","QK","","45.1298","2100","","MAP","","590732.0","166812.0","Gascoines Occupation Xing","HKJ6","","","","","","","","","Pedestrian","","110179755","2022-08-25","","NRAIL","","","","","Down Main/Fast","Swale Way, ME10 2GS, Network Rail gate off Gascoines Occupation Xing @ 45m 59.5ch off Grovehurst Road",""
"110147114","SEJ2","45.1342","QK","","45.1342","9999","","MAP","","590725.0","166812.0","KEMSLEY SUBSTATION","HKJ6","","","","","","","","","","","110147114","2023-10-31","","NRAIL","","","","","Unknown","Address:Swale Way, Kemsley:ME10 2GS Details: Network Rail Gate, of Gascoines Occupation Crossing @ 45m 59.5c off Grovehurst Road, near Kemsley, then into site.",""
"110181750","SEJ2","46.132","QK","","46.132","2100","","MAP","","591040.0","168387.0","COACHENS","HKJ6","","","","","","","","","","","110181750","2022-11-11","","NRAIL","","","","","Down Main/Fast","",""
"110181590","SEJ2","46.132","QK","","46.132","1100","","MAP","","591040.0","168387.0","COACHENS","HKJ6","","","","","","","","","","","110181590","2022-11-11","","NRAIL","","","","","Up Main/Fast","",""
"110147115","SEJ2","47.0161","QK","","47.0161","9999","","MAP","","591180.0","169020.0","SWALE TP HUT","HKJ6","","","","","","","","","","","110147115","2023-10-31","","NRAIL","","","","","Unknown","Address:Sheppey Way, Swale:ME9 8SS Details: Swale Station, then along platform to L/E then along cess to site.",""
"110183452","SEJ2","47.0528","QK","","47.0528","3400","","MAP","","591222.0","169175.0","SWALE STATION","HKJ6","","","","","","","","","","","110183452","2023-10-31","","NRAIL","","","","","Rev Single","AUTHORISED ACCESS POINT - PEDESTRIAN",""
"110142422","SEJ2","47.088","QK","","47.088","2100","","MAP","","591561.0","169403.0","Kings Bridge Nature Reserve","HKJ6","","","","","","","","","","","110142422","2008-09-08","","NRAIL","","","","","Down Main/Fast","Score 78",""
"70217094","SEJ2","47.1418","QK","","47.1418","3400","","MAP","","591724.0","169838.0","Swale/Queenborough-Kingsferry Bridge Approach","HKJ6","","","","","","","","","","","70217094","2008-09-08","","BBRM","","","","","Rev Single","Risk Rating 2, Hazard Rating 2,Score 4",""
"110181848","SEJ2","48.0044","QK","","48.0044","3400","","MAP","","591660.0","170185.0","SOUTH MARSH","HKJ6","","","","","","","","","","","110181848","2022-11-11","","NRAIL","","","","","Rev Single","",""
"70260181","SEJ2","49.0462","QK","","49.0462","2100","","MAP","","591303.0","172141.0","Queenborough-EWS gate","HKJ6","","","","","","","","","","","70260181","2017-09-28","","BBRM","","","","","Down Main/Fast","Risk Rating 10, Hazard Rating 2,Score 20",""
"70260182","SEJ2","49.0726","QK","","49.0726","3400","","MAP","","591261.0","172380.0","Queenborough/Sheerness-Chalk Rd","HKJ6","","","","","","","","","","","70260182","2008-09-08","","BBRM","","","","","Rev Single","Risk Rating 6, Hazard Rating 2,Score 12",""
"110147116","SEJ2","49.0726","QK","","49.0726","9999","","MAP","","591228.0","172356.0","QUEENBOROUGH SUBSTATION","HKJ6","","","","","","","","","","","110147116","2023-10-31","","NRAIL","","","","","Unknown","Address:Brielle Way, Queenborough:ME11 5DF Details: Off Railway Terrace, and Well Road, Queenborough, Network Rail Gate, then into site.",""
"70130398","SEJ2","50.1071","QK","","50.1071","3400","","MAP","","591132.0","174216.0","Sherness-Dockyard Ground frame","HKJ6","","","","","","","","","","","70130398","2008-09-08","","BBRM","","","","","Rev Single","Risk Rating 6, Hazard Rating 2,Score 12",""
"70130399","SEJ2","51.0147","QK","","51.0147","3602","","MAP","","591652.0","174738.0","Sherness-Station Relay Room","HKJ6","","","","","","","","","AC","","70130399","2008-09-08","","BBRM","","","","","","Risk Rating 6, Hazard Rating 2,Score 12",""
"110178513","SEJ2","45.0352","QK","","45.0352","1100","","MAPE","","590455.0","165974.0","KEMSLEY STATION PLAT 1","HKJ6","","","","","","","","","","","110178513","2022-08-05","","NRAIL","","","","","Up Main/Fast","ACCESS POINT - PLATFORM END - GATED",""
"110178515","SEJ2","45.0352","QK","","45.0352","2100","","MAPE","","590464.0","165970.0","KEMSLEY STATION PLAT 2","HKJ6","","","","","","","","","","","110178515","2022-08-05","","NRAIL","","","","","Down Main/Fast","ACCESS POINT - PLATFORM END - GATED",""
"110178514","SEJ2","45.0534","QK","","45.0534","1100","","MAPE","","590455.0","165974.0","KEMSLEY STATION PLAT 1","HKJ6","","","","","","","","","","","110178514","2022-08-05","","NRAIL","","","","","Up Main/Fast","ACCESS POINT - PLATFORM END - GATED",""
"110178516","SEJ2","45.0534","QK","","45.0534","2100","","MAPE","","590533.0","166122.0","KEMSLEY STATION PLAT 2","HKJ6","","","","","","","","","","","110178516","2022-08-05","","NRAIL","","","","","Down Main/Fast","ACCESS POINT - PLATFORM END - GATED",""
"110178619","SEJ2","47.0279","QK","","47.0279","3400","","MAPE","","591180.0","169030.0","SWALE STATION PLAT 1","HKJ6","","","","","","","","","","","110178619","2022-08-05","","NRAIL","","","","","Rev Single","ACCESS POINT - PLATFORM END - GATED",""
"110178618","SEJ2","47.0459","QK","","47.0459","3400","","MAPE","","591261.0","169167.0","SWALE STATION PLAT 1","HKJ6","","","","","","","","","","","110178618","2022-08-05","","NRAIL","","","","","Rev Single","ACCESS POINT - PLATFORM END - GATED",""
"110178562","SEJ2","49.0397","QK","","49.0397","2100","","MAPE","","591305.0","172081.0","QUEENBOROUGH STATION PLAT 2","HKJ6","","","","","","","","","","","110178562","2022-08-05","","NRAIL","","","","","Down Main/Fast","ACCESS POINT - PLATFORM END - GATED",""
"110178560","SEJ2","49.0399","QK","","49.0399","1100","","MAPE","","591313.0","172084.0","QUEENBOROUGH STATION PLAT 1","HKJ6","","","","","","","","","","","110178560","2022-08-05","","NRAIL","","","","","Up Main/Fast","ACCESS POINT - PLATFORM END - GATED",""
"110178559","SEJ2","49.0579","QK","","49.0579","1100","","MAPE","","591283.0","172248.0","QUEENBOROUGH STATION PLAT 1","HKJ6","","","","","","","","","","","110178559","2022-08-05","","NRAIL","","","","","Up Main/Fast","ACCESS POINT - PLATFORM END - GATED",""
"110178561","SEJ2","49.0581","QK","","49.0581","2100","","MAPE","","591275.0","172247.0","QUEENBOROUGH STATION PLAT 2","HKJ6","","","","","","","","","","","110178561","2022-08-05","","NRAIL","","","","","Down Main/Fast","ACCESS POINT - PLATFORM END - GATED",""
"110178587","SEJ2","51.0155","QK","","51.0155","3601","","MAPE","","591652.0","174748.0","SHEERNESS-ON-SEA STN PLAT 2","HKJ6","","","","","","","","","","","110178587","2022-08-05","","NRAIL","","","","","","ACCESS POINT - PLATFORM END - UNGATED",""
"110178589","SEJ2","51.0227","QK","","51.0227","3601","","MAPE","","591704.0","174792.0","SHEERNESS-ON-SEA STN PLAT 1","HKJ6","","","","","","","","","","","110178589","2022-08-05","","NRAIL","","","","","","ACCESS POINT - PLATFORM END - UNGATED",""
"110178588","SEJ2","51.0227","QK","","51.0227","3602","","MAPE","","571193.0","154294.0","SHEERNESS-ON-SEA STN PLAT 2","HKJ6","","","","","","","","","","","110178588","2022-08-05","","NRAIL","","","","","","ACCESS POINT - PLATFORM END - GATED",""
"110178590","SEJ2","51.0242","QK","","51.0242","3602","","MAPE","","591652.0","174748.0","SHEERNESS-ON-SEA STN PLAT 2","HKJ6","","","","","","","","","","","110178590","2022-08-05","","NRAIL","","","","","","ACCESS POINT - PLATFORM END - UNGATED",""
"110178591","SEJ2","51.0242","QK","","51.0242","3601","","MAPE","","571210.0","154317.0","SHEERNESS-ON-SEA STN PLAT 1","HKJ6","","","","","","","","","","","110178591","2022-08-05","","NRAIL","","","","","","ACCESS POINT - PLATFORM END - GATED",""
"110183512","SEJ2","44.154","QK","","44.154","0","","MAR","","590195.0","165537.0","FOX GROVE RRV","HKJ6","","","","","","","","","","","110183512","2023-10-31","","NRAIL","","","","","All/Multiple Tracks","AUTHORISED ACCESS POINT - ROAD/RAIL VEH",""
"110183489","SEJ2","49.0462","QK","","49.0462","1100","","MAV","","591300.0","172131.0","EWS GATE - QUEENBOROUGH","HKJ6","","","","","","","","","","","110183489","2023-10-31","","NRAIL","","","","","Up Main/Fast","AUTHORISED ACCESS POINT - VEHICLE",""
"70260183","TLP1","12.1144","QK","","12.1144","1100","","MAP","","543308.0","168850.0","Bickley/Petts Wood-Barfield Rd","HKJ5","","","","","","","","","","","70260183","2022-04-25","","BBRM","","","","","Up Main/Fast","Risk Rating 6, Hazard Rating 2,Score 12, BRS 4071",""
"110171571","TLP1","13.0527","QK","","13.0527","1100","","MAP","","544088.0","168063.0","Petts Wood TPH","HKJ5","","","","","","","","","","","110171571","2023-05-31","","NRAIL","","","","","Up Main/Fast","New pedestrian access point on TLP1/1100, London End of the Salthouse footbridge.",""
"110177451","TLP1","13.0528","QK","","13.0528","1100","","MAP","","544088.0","168063.0","SALTHOUSE FOOTBRIDGE","HKJ5","","","","","","","","","","","110177451","2023-05-31","","NRAIL","","","","","Up Main/Fast","CREATED AFTER ACCESS POINT VALIDATION DATA ANALYSIS",""
"70119507","TLP2","12.1082","QK","","12.1082","1100","","MAP","","543353.0","168866.0","Bickley/Petts Wood-Barfield Rd Chislehurst","HKJ5","","","","","","","","","AC","","70119507","2008-09-08","","BBRM","","","","","Up Main/Fast","Risk Rating 10, Hazard Rating 2,Score 20, 11 Steps Up",""
"110142423","TLP2","13.0462","QK","","13.0462","2100","","MAP","","544060.0","168175.0","Little Thrift TP Hut","HKJ5","","","","","","","","","","","110142423","2022-04-25","","NRAIL","","","","","Down Main/Fast","Score 25, BRS 4071",""
"110147004","TLP2","13.0478","QK","","13.0478","9999","","MAP","","544065.0","168162.0","PETTS WOOD TP HUT","HKJ5","","","","","","","","","","","110147004","2022-08-05","","NRAIL","","","","","Unknown","Address:Station Square, Petts Wood:BR5 1NQ      Details:Entrance via Chislehurst Road, into Birchwood Road, Halzelmead Road and Little Thrift Road, take left hand footpath 200 metres to Network Rail gate, at back of site       TQ439684",""
"110147117","TML","66.0726","QK","","66.0726","1100","","MAP","","616719.0","137088.0","DOLLANDS MOOR WEST SUBSTATION","HKJ6","","","","","","","","","","","110147117","2023-10-31","","NRAIL","","","","","Up Main/Fast","Dollands Moor Freight Yard, B2065, Frogholt, Newington:CT18 8BH. Dollands Moor main gate at 66m 33ch, Rugby Club Access",""
"110147119","TML","66.1414","QK","","66.1414","9999","","MAP","","617035.0","137073.0","DOLLANDS MOOR CENTRAL SUBSTATION","HKJ6","","","","","","","","","","","110147119","2023-10-31","","NRAIL","","","","","Unknown","Address:Blackhouse Hill, Frogholt:CT18 8BN Details: Dollands Moor Yard, Main Gate, then along access road to London end of yard and site.",""
"110147118","TML","67.028","QK","","67.028","9999","","MAP","","617600.0","137158.0","DOLLANDS MOOR EAST SUBSTATION","HKJ6","","","","","","","","","","","110147118","2023-10-31","","NRAIL","","","","","Unknown","Address:Blackhouse Hill, Frogholt:CT18 8BN Details: Dollands Moor Yard, Main Gate, then along access road to London end of yard and site.",""
"70260184","TTH","29.1738","QK","","29.1738","2100","","MAP","","559211.0","145704.0","Pembury Close","HKJ5","","","","","","","","","","","70260184","2022-04-26","","BBRM","","","","","Down Main/Fast","Risk Rating 6, Hazard Rating 2,Score 12",""
"110177404","TTH","30.0924","QK","","30.0924","1100","","MAP","","559348.0","144846.0","TONBRIDGE/HIGH BROOMS-A21 SLIP ROAD UP","HKJ5","","","","","","","","","","","110177404","2023-05-31","","NRAIL","","","","","Up Main/Fast","CREATED AFTER ACCESS POINT VALIDATION DATA ANALYSIS",""
"110177409","TTH","30.0924","QK","","30.0924","2100","","MAP","","559348.0","144846.0","TONBRIDGE/HIGH BROOMS-A21 SLIP ROAD DOWN","HKJ5","","","","","","","","","","","110177409","2023-05-31","","NRAIL","","","","","Down Main/Fast","CREATED AFTER ACCESS POINT VALIDATION DATA ANALYSIS",""
"70130323","TTH","30.1166","QK","","30.1166","1100","","MAP","","559383.0","144630.0","Vauxhall Lane","HKJ5","","","","","","","","","AC","","70130323","2022-04-25","","BBRM","","","","","Up Main/Fast","Risk Rating 6, Hazard Rating 2,Score 12",""
"110179014","TTH","30.118","QK","","30.118","1100","","MAP","","559370.0","144611.0","TONBRIDGE/HIGH BROOMS-VAUXHALL LANE DOWN","HKJ5","","","","","","","","","","","110179014","2022-08-15","","NRAIL","","","","","Up Main/Fast"," AUTHORISED ACCESS POINT  -  PEDESTRIAN",""
"110180721","TTH","30.165","QK","","30.165","1100","","MAP","","559382.0","144187.0","Forrest","HKJ5","","","","","","","","","","","110180721","2022-10-26","","NRAIL","","","","","Up Main/Fast","Public Footpath Crossing Type FPS",""
"110180776","TTH","30.165","QK","","30.165","2100","","MAP","","559382.0","144187.0","Forrest","HKJ5","","","","","","","","","","","110180776","2022-10-26","","NRAIL","","","","","Down Main/Fast","Public Footpath Crossing Type FPS",""
"110146929","TTH","31.0484","QK","","31.0484","9999","","MAP","","559211.0","143675.0","SOUTHBOROUGH TPH TONBRIDGE TP HUT","HKJ5","","","","","","","","","","","110146929","2022-08-05","","NRAIL","","","","","Unknown","Address:Vauxhall Lane, Southborough:TN11 0NG       Details:Off Vauxhall Lane, near Tonbridge, Network Rail gate at bridge No 4 @ 30m53c, then along cess to site    TQ591436",""
"110147059","TTH","31.0616","QK","","31.0616","9999","","MAP","","559175.0","143561.0","HIGH BROOMS SUBSTATION","HKJ5","","","","","","","","","","","110147059","2022-08-05","","NRAIL","","","","","Unknown","Address:North Farm Rd, High Brooms:TN2 3XH          Details:Network Rail gate, off Station Approach Rd, at High Brooms station @ 32m70c, then into site         TQ593413",""
"70260185","TTH","31.1386","QK","","31.1386","2100","","MAP","","559424.0","142937.0","Southborough Viaduct","HKJ5","","","","","","","","","","","70260185","2022-04-26","","BBRM","","","","","Down Main/Fast","Risk Rating 6, Hazard Rating 2,Score 12",""
"70130324","TTH","32.1034","QK","","32.1034","1100","","MAP","","559622.0","141772.0","Tonbridge/High Brooms-North Farm Road","HKJ5","","","","","","","","","AC","","70130324","2022-04-25","","BBRM","","","","","Up Main/Fast","Risk Rating 3, Hazard Rating 2,Score 6",""
"110180715","TTH","33.0242","QK","","33.0242","1100","","MAP","","559188.0","140992.0","C.E.G.B. High Brooms","HKJ5","","","","","","","","","","","110180715","2022-10-26","","NRAIL","","","","","Up Main/Fast","Private Estate Crossing Type UWCT",""
"110180770","TTH","33.0242","QK","","33.0242","2100","","MAP","","559188.0","140992.0","C.E.G.B. High Brooms","HKJ5","","","","","","","","","","","110180770","2022-10-26","","NRAIL","","","","","Down Main/Fast","Private Estate Crossing Type UWCT",""
"70205994","TTH","33.11","QK","","33.11","2100","","MAP","","558791.0","140307.0","Tunbridge Wells-Goods Stn Rd","HKJ5","","","","","","","","","","","70205994","2022-04-26","","BBRM","","","","","Down Main/Fast","Risk Rating 3, Hazard Rating 2,Score 6",""
"110147000","TTH","34.1276","QK","","34.1276","9999","","MAP","","558671.0","138680.0","GROVE HILL SUBSTATION","HKJ5","","","","","","","","","","","110147000","2022-08-05","","NRAIL","","","","","Unknown","Address:Farmcombe Lane, Tunbridge Wells:TN2 5DB    Details:Netwrok Rail gate, at bridge No 24 @ 34m76c, off Cavendish Drive, Tunbridge Wells, then along cess to site     TQ586387",""
"70130325","TTH","34.1672","QK","","34.1672","3400","","MAP","","558926.0","138438.0","Tunbridge Wells/Frant-Cavendish Road","HKJ5","","","","","","","","","AC","","70130325","2022-04-25","","BBRM","","","","","Rev Single","Risk Rating 6, Hazard Rating 2,Score 12, BRS 4120",""
"70260188","TTH","35.1386","QK","","35.1386","2100","","MAP","","559896.0","137509.0","Benhall Mill Rd, Huggets bridge","HKJ5","","","","","","","","","","","70260188","2020-03-23","","BBRM","","","","","Down Main/Fast","Risk Rating 6, Hazard Rating 2,Score 12",""
"110147045","TTH","36.132","QK","","36.132","9999","","MAP","","560159.0","137125.0","FRANT TPH TP HUT","HKJ5","","","","","","","","","","","110147045","2022-08-05","","NRAIL","","","","","Unknown","Address:B2169 near Rushly Close, Frant:TN3 9AF       Details:Frant Station @ 36m53c, then along down side platform C/E to site          TQ607363",""
"110177405","TTH","38.1144","QK","","38.1144","1100","","MAP","","561256.0","133500.0","FRANT/WADHURST GREEN MAN LANE BRIDGE 37","HKJ5","","","","","","","","","","","110177405","2023-05-31","","NRAIL","","","","","Up Main/Fast","CREATED AFTER ACCESS POINT VALIDATION DATA ANALYSIS",""
"70130326","TTH","38.1157","QK","","38.1157","1100","","MAP","","561263.0","133490.0","Green Man Bridge 37","HKJ5","","","","","","","","","","","70130326","2020-03-23","","BBRM","","","","","Up Main/Fast","Risk Rating 6, Hazard Rating 2,Score 12",""
"70260191","TTH","39.0704","QK","","39.0704","2100","","MAP","","562126.0","133009.0","Wadhurst Station car park","HKJ5","","","","","","","","","","","70260191","2022-04-26","","BBRM","","","","","Down Main/Fast","Risk Rating 2, Hazard Rating 2,Score 4",""
"110180719","TTH","39.0946","QK","","39.0946","1100","","MAP","","562389.0","132694.0","Faircrouch","HKJ5","","","","","","","","","","","110180719","2022-10-26","","NRAIL","","","","","Up Main/Fast","Public Footpath Crossing Type FPS",""
"110180774","TTH","39.0946","QK","","39.0946","2100","","MAP","","562389.0","132694.0","Faircrouch","HKJ5","","","","","","","","","","","110180774","2022-10-26","","NRAIL","","","","","Down Main/Fast","Public Footpath Crossing Type FPS",""
"110180727","TTH","40.1386","QK","","40.1386","1100","","MAP","","562773.0","130766.0","Snape","HKJ5","","","","","","","","","","","110180727","2022-10-26","","NRAIL","","","","","Up Main/Fast","Public Footpath Crossing Type FPS",""
"110180782","TTH","40.1386","QK","","40.1386","2100","","MAP","","562773.0","130766.0","Snape","HKJ5","","","","","","","","","","","110180782","2022-10-26","","NRAIL","","","","","Down Main/Fast","Public Footpath Crossing Type FPS",""
"110147031","TTH","41.0258","QK","","41.0258","9999","","MAP","","563036.0","130282.0","SNAPE TPH WADHURST TP HUT","HKJ5","","","","","","","","","","","110147031","2022-08-05","","NRAIL","","","","","Unknown","Address:Brinkers Lane, Snape:TN5 6NS           Details:Network Rail Gate, Brinkers Lane, at bridge No 145 @ 41m45c then along cess to site         TQ630276",""
"110180726","TTH","41.0748","QK","","41.0748","1100","","MAP","","563454.0","130129.0","Shant","HKJ5","","","","","","","","","","","110180726","2022-10-26","","NRAIL","","","","","Up Main/Fast","Public Footpath Crossing Type FPS",""
"110180781","TTH","41.0748","QK","","41.0748","2100","","MAP","","563454.0","130129.0","Shant","HKJ5","","","","","","","","","","","110180781","2022-10-26","","NRAIL","","","","","Down Main/Fast","Public Footpath Crossing Type FPS",""
"70260192","TTH","41.099","QK","","41.099","2100","","MAP","","563637.0","130008.0","Shant Bridge 45","HKJ5","","","","","","","","","","","70260192","2020-03-23","","BBRM","","","","","Down Main/Fast","Risk Rating 2, Hazard Rating 2,Score 4",""
"70260193","TTH","41.1166","QK","","41.1166","2100","","MAP","","563743.0","129889.0"," Scrag Oak B No 47","HKJ5","","","","","","","","","","","70260193","2021-02-15","","BBRM","","","","","Down Main/Fast","Risk Rating 2, Hazard Rating 2,Score 4 - This is a sensitive residential area.  Please ensure NR Teams/Contractors notify local residents prior to works commencing at this location, including any road closures.  Teams must be respectful to our Lineside Neighbours at all times and remove any rubbish/litter following the completion of our works.",""
"110142426","TTH","41.1452","QK","","41.1452","2100","","MAP","","563886.0","129670.0"," Scrag Oak B No 47","HKJ5","","","","","","","","","","","110142426","2021-02-15","","NRAIL","","","","","Down Main/Fast","Score 79. This is a sensitive residential area.  Please ensure NR Teams/Contractors notify local residents prior to works commencing at this location, including any road closures.  Teams must be respectful to our Lineside Neighbours at all times and remove any rubbish/litter following the completion of our works.",""
"110180714","TTH","42.011","QK","","42.011","1100","","MAP","","564095.0","129345.0","Buttons","HKJ5","","","","","","","","","","","110180714","2022-10-26","","NRAIL","","","","","Up Main/Fast","Public Footpath Crossing Type FPW",""
"110180769","TTH","42.011","QK","","42.011","2100","","MAP","","564095.0","129345.0","Buttons","HKJ5","","","","","","","","","","","110180769","2022-10-26","","NRAIL","","","","","Down Main/Fast","Public Footpath Crossing Type FPW",""
"70130327","TTH","42.0528","QK","","42.0528","2100","","MAP","","564259.0","129001.0","Church Settle No 49","HKJ5","","","","","","","","","AC","","70130327","2021-02-15","","BBRM","","","","","Down Main/Fast","Risk Rating 2, Hazard Rating 2,Score 4. This is a sensitive residential area.  Please ensure NR Teams/Contractors notify local residents prior to works commencing at this location, including any road closures.  Teams must be respectful to our Lineside Neighbours at all times and remove any rubbish/litter following the completion of our works.",""
"110180716","TTH","42.1496","QK","","42.1496","1100","","MAP","","564829.0","128348.0","Craig""s No. 1","HKJ5","","","","","","","","","","","110180716","2022-10-26","","NRAIL","","","","","Up Main/Fast","Public Footpath Crossing Type FPS",""
"110180771","TTH","42.1496","QK","","42.1496","2100","","MAP","","564829.0","128348.0","Craig""s No. 1","HKJ5","","","","","","","","","","","110180771","2022-10-26","","NRAIL","","","","","Down Main/Fast","Public Footpath Crossing Type FPS",""
"110180729","TTH","43.077","QK","","43.077","1100","","MAP","","565442.0","127644.0","Starvenden","HKJ5","","","","","","","","","","","110180729","2022-10-26","","NRAIL","","","","","Up Main/Fast","Public Footpath Crossing Type FPS",""
"110180784","TTH","43.077","QK","","43.077","2100","","MAP","","565442.0","127644.0","Starvenden","HKJ5","","","","","","","","","","","110180784","2022-10-26","","NRAIL","","","","","Down Main/Fast","Public Footpath Crossing Type FPS",""
"70260194","TTH","43.1452","QK","","43.1452","2100","","MAP","","565867.0","127182.0","Stonegate Car park","HKJ5","","","","","","","","","","","70260194","2008-09-08","","BBRM","","","","","Down Main/Fast","Risk Rating 3, Hazard Rating 2,Score 6",""
"110180713","TTH","44.0836","QK","","44.0836","1100","","MAP","","566734.0","126616.0","Bearhurst","HKJ5","","","","","","","","","","","110180713","2022-10-26","","NRAIL","","","","","Up Main/Fast","Public Bridleway Crossing Type FPG",""
"110180768","TTH","44.0836","QK","","44.0836","2100","","MAP","","566734.0","126616.0","Bearhurst","HKJ5","","","","","","","","","","","110180768","2022-10-26","","NRAIL","","","","","Down Main/Fast","Public Bridleway Crossing Type FPG",""
"110180723","TTH","45.011","QK","","45.011","1100","","MAP","","567665.0","126500.0","Millards","HKJ5","","","","","","","","","","","110180723","2022-10-26","","NRAIL","","","","","Up Main/Fast","Public Footpath Crossing Type FPS",""
"110180778","TTH","45.011","QK","","45.011","2100","","MAP","","567665.0","126500.0","Millards","HKJ5","","","","","","","","","","","110180778","2022-10-26","","NRAIL","","","","","Down Main/Fast","Public Footpath Crossing Type FPS",""
"110180717","TTH","45.077","QK","","45.077","1100","","MAP","","658265.0","126555.0","Crowhurst Bridge","HKJ5","","","","","","","","","","","110180717","2022-10-26","","NRAIL","","","","","Up Main/Fast","Public Highway Crossing Type AHB",""
"110180772","TTH","45.077","QK","","45.077","2100","","MAP","","658265.0","126555.0","Crowhurst Bridge","HKJ5","","","","","","","","","","","110180772","2022-10-26","","NRAIL","","","","","Down Main/Fast","Public Highway Crossing Type AHB",""
"110147046","TTH","46.11","QK","","46.11","9999","","MAP","","569181.0","126585.0","TURZES TPH ETCHINGHAM TP HUT","HKJ5","","","","","","","","","","","110147046","2022-08-05","","NRAIL","","","","","Unknown","Adress:Battenhurst Rd, Etchingham:TN9 7ED           Details:Crowhurst Bridge Level Crossing <ABH>, Shrub Lane, Near Stonegate @ 45m35c then to site         TQ685265",""
"110180720","TTH","46.1122","QK","","46.1122","1100","","MAP","","570196.0","126609.0","Forge","HKJ5","","","","","","","","","","","110180720","2022-10-26","","NRAIL","","","","","Up Main/Fast","Public Footpath Crossing Type FPS",""
"110180775","TTH","46.1122","QK","","46.1122","2100","","MAP","","570196.0","126609.0","Forge","HKJ5","","","","","","","","","","","110180775","2022-10-26","","NRAIL","","","","","Down Main/Fast","Public Footpath Crossing Type FPS",""
"70260195","TTH","47.0748","QK","","47.0748","2100","","MAP","","571419.0","126319.0","Etchingham","HKJ5","","","","","","","","","","","70260195","2008-09-08","","BBRM","","","","","Down Main/Fast","Risk Rating 3, Hazard Rating 2,Score 6",""
"110180718","TTH","47.088","QK","","47.088","1100","","MAP","","571524.0","126256.0","Etchingham","HKJ5","","","","","","","","","","","110180718","2022-10-26","","NRAIL","","","","","Up Main/Fast","Public Highway Crossing Type CCTV",""
"110180773","TTH","47.088","QK","","47.088","2100","","MAP","","571524.0","126256.0","Etchingham","HKJ5","","","","","","","","","","","110180773","2022-10-26","","NRAIL","","","","","Down Main/Fast","Public Highway Crossing Type CCTV",""
"110146998","TTH","47.1398","QK","","47.1398","9999","","MAP","","571900.0","125985.0","ETCHINGHAM SUBSTATION","HKJ5","","","","","","","","","","","110146998","2022-08-05","","NRAIL","","","","","Unknown","Address:Haremere Hill <A265>, Etchingham:TN19 7QH     Details:Etchingham Station @ 47m34c then along cess to site          TQ735198",""
"110180728","TTH","48.055","QK","","48.055","1100","","MAP","","572429.0","125345.0","Squibs","HKJ5","","","","","","","","","","","110180728","2022-10-26","","NRAIL","","","","","Up Main/Fast","Public Footpath Crossing Type FPS",""
"110180783","TTH","48.055","QK","","48.055","2100","","MAP","","572429.0","125345.0","Squibs","HKJ5","","","","","","","","","","","110180783","2022-10-26","","NRAIL","","","","","Down Main/Fast","Public Footpath Crossing Type FPS",""
"70260196","TTH","49.1034","QK","","49.1034","2100","","MAP","","573371.0","123580.0","Robertsbridge Car Park","HKJ5","","","","","","","","","","","70260196","2022-04-26","","BBRM","","","","","Down Main/Fast","Risk Rating 3, Hazard Rating 2,Score 6, BRS 4120",""
"110180725","TTH","49.1144","QK","","49.1144","1100","","MAP","","573373.0","123478.0","Robertsbridge","HKJ5","","","","","","","","","","","110180725","2022-10-26","","NRAIL","","","","","Up Main/Fast","Public Highway Crossing Type MCB/MB",""
"110180780","TTH","49.1144","QK","","49.1144","2100","","MAP","","573373.0","123478.0","Robertsbridge","HKJ5","","","","","","","","","","","110180780","2022-10-26","","NRAIL","","","","","Down Main/Fast","Public Highway Crossing Type MCB/MB",""
"110180722","TTH","50.066","QK","","50.066","1100","","MAP","","573234.0","122314.0","Glottenham","HKJ5","","","","","","","","","","","110180722","2022-10-26","","NRAIL","","","","","Up Main/Fast","Public Footpath Crossing Type FPS",""
"110180777","TTH","50.066","QK","","50.066","2100","","MAP","","573234.0","122314.0","Glottenham","HKJ5","","","","","","","","","","","110180777","2022-10-26","","NRAIL","","","","","Down Main/Fast","Public Footpath Crossing Type FPS",""
"70130328","TTH","51.0836","QK","","51.0836","1100","","MAP","","573063.0","120573.0","Castle Bridge","HKJ5","","","","","","","","","AC","","70130328","2020-03-23","","BBRM","","","","","Up Main/Fast","Risk Rating 2, Hazard Rating 2,Score 4. Access is via farmers field check underfoot conditions.",""
"110177406","TTH","51.1012","QK","","51.1012","1100","","MAP","","573123.0","120426.0","ROBERTSBRIDGE/BATTLE MOUNTFIELD TNL LE","HKJ5","","","","","","","","","","","110177406","2023-05-31","","NRAIL","","","","","Up Main/Fast","CREATED AFTER ACCESS POINT VALIDATION DATA ANAYLSIS",""
"110146991","TTH","51.1752","QK","","51.1752","9999","","MAP","","573510.0","119890.0","MOUNTFIELD SUBSTATION","HKJ5","","","","","","","","","","","110146991","2022-08-05","","NRAIL","","","","","Unknown","Address:Church Rd, Mountfield:TN32 5BJ       Details:Netwrok Rail gate, off Mountfield Gypsum Mine, Private Road, off London Rd, near Battle, then into site       TQ758176",""
"110179575","TTH","52.0","QK","","52.0","1900","","MAP","","572494.0","119755.0","Mountfield Gypsum Mine","HKJ5","","","","","","","","","Pedestrian","","110179575","2022-08-11","","NRAIL","","","","","Up Siding","Off Mountfield Gypsum Mine, Private Road, off London Road near Battle",""
"110177407","TTH","52.0264","QK","","52.0264","1100","","MAP","","573743.0","119799.0","MOUNTFIELD SHUNTERS LOBBY","HKJ5","","","","","","","","","","","110177407","2023-05-31","","NRAIL","","","","","Up Main/Fast","CREATED AFTER ACCESS POINT VALIDATION DATA ANAYLSIS",""
"110180724","TTH","52.0792","QK","","52.0792","1100","","MAP","","574218.0","119779.0","Riverhall","HKJ5","","","","","","","","","","","110180724","2022-10-26","","NRAIL","","","","","Up Main/Fast","Public Highway Crossing Type CCTV",""
"110180779","TTH","52.0792","QK","","52.0792","2100","","MAP","","574218.0","119779.0","Riverhall","HKJ5","","","","","","","","","","","110180779","2022-10-26","","NRAIL","","","","","Down Main/Fast","Public Highway Crossing Type CCTV",""
"110180712","TTH","52.1144","QK","","52.1144","1100","","MAP","","574533.0","119732.0","Battle Road","HKJ5","","","","","","","","","","","110180712","2022-10-26","","NRAIL","","","","","Up Main/Fast","Public Highway Crossing Type CCTV",""
"110180767","TTH","52.1144","QK","","52.1144","2100","","MAP","","574533.0","119732.0","Battle Road","HKJ5","","","","","","","","","","","110180767","2022-10-26","","NRAIL","","","","","Down Main/Fast","Public Highway Crossing Type CCTV",""
"110147060","TTH","54.0352","QK","","54.0352","9999","","MAP","","575865.0","117693.0","WHATLINGTON TP HUT","HKJ5","","","","","","","","","","","110147060","2022-08-05","","NRAIL","","","","","Unknown","Address:Chapel Hill, Crowhurst:TN33 9AW             Details:Whatlington Rd, Bridge No 114 @ 53m79c than along cess to site            TQ758176",""
"110180711","TTH","55.0682","QK","","55.0682","1100","","MAP","","575601.0","115822.0","Battle Marley Lane","HKJ5","","","","","","","","","","","110180711","2022-10-26","","NRAIL","","","","","Up Main/Fast","Public Highway Crossing Type CCTV",""
"110180766","TTH","55.0682","QK","","55.0682","2100","","MAP","","575601.0","115822.0","Battle Marley Lane","HKJ5","","","","","","","","","","","110180766","2022-10-26","","NRAIL","","","","","Down Main/Fast","Public Highway Crossing Type CCTV",""
"70206240","TTH","55.092","QK","","55.092","1100","","MAP","","575517.0","115622.0","Battle Station","HKJ5","","","","","","","","","","","70206240","2020-03-23","","BBRM","","","","","Up Main/Fast","Risk Rating 3, Hazard Rating 2,Score 6",""
"110179574","TTH","56.0924","QK","","56.0924","1100","","MAP","","575448.0","115393.0","Telham Hill Bridge 122","HKJ5","","","","","","","","","Pedestrian","","110179574","2022-08-11","","NRAIL","","","","","Up Main/Fast","Telham Hill Bridge 122 @ 56m 42ch, then path to site",""
"70130330","TTH","56.1056","QK","","56.1056","1100","","MAP","","575161.0","114647.0","BATTLE/CROWHURST TELHAM HILL","HKJ5","","","","","","","","","AC","","70130330","2022-04-25","","BBRM","","","","","Up Main/Fast","Risk Rating 2, Hazard Rating 2,Score 4",""
"110146937","TTH","56.1056","QK","","56.1056","1100","","MAP","","575161.0","114647.0","TELHAM SUBSTATION","HKJ5","","","","","","","","","","","110146937","2022-08-05","","NRAIL","","","","","Up Main/Fast","Address:Telham Lane,Telham:TN33 0SS       Details:Network Rail Gate, off Telham Hill, Bridge No 122 @ 56m42c then path to site          TQ751139",""
"110177408","TTH","58.0792","QK","","58.0792","1100","","MAP","","577113.0","112064.0","CROWHUSRT/W ST LDS STONEHOUSE BDGE 127","HKJ5","","","","","","","","","","","110177408","2023-05-31","","NRAIL","","","","","Up Main/Fast","CREATED AFTER ACCESS POINT VALIDATION DATA ANALYSIS",""
"70206241","TTH","58.0797","QK","","58.0797","1100","","MAP","","577116.0","112059.0","Stonehouse Bridge 127","HKJ5","","","","","","","","","","","70206241","2020-03-23","","BBRM","","","","","Up Main/Fast","Risk Rating 4, Hazard Rating 2,Score 8, 30 Steps Down",""
"70130331","TTH","58.1167","QK","","58.1167","9999","","MAP","","577287.0","111724.0","GREEN STREET CROWHURST TP HUT","HKJ5","","","","","","","","","","","70130331","2019-01-30","","NRAIL","","","","","Unknown","Address: Breadsell Lane, Crowhurst: TN38 8ED. Details Network Rail gate, off Swainham Lane, near Crowhurst, Bridge No 127 @ 58m37ch than along CESS to site TQ772117",""
"70130332","TTH","59.0418","QK","","59.0418","1100","","MAP","","577497.0","110874.0","Wilton Road","HKJ5","","","","","","","","","","","70130332","2022-04-25","","BBRM","","","","","Up Main/Fast","Risk Rating 2, Hazard Rating 2,Score 4",""
"110181593","TTH","59.1276","QK","","59.1276","1100","","MAP","","578059.0","110335.0","GROVE","HKJ5","","","","","","","","","","","110181593","2022-11-11","","NRAIL","","","","","Up Main/Fast","",""
"110181753","TTH","59.1276","QK","","59.1276","2100","","MAP","","578059.0","110335.0","GROVE","HKJ5","","","","","","","","","","","110181753","2022-11-11","","NRAIL","","","","","Down Main/Fast","",""
"70130335","TTH","60.132","QK","","60.132","1100","","MAP","","578871.0","109044.0","WEST ST. LEONARDS - ST. VINCEN","HKJ5","","","","","","","","","AC","","70130335","2022-04-26","","BBRM","","","","","Up Main/Fast","Risk Rating 3, Hazard Rating 2,Score 6 <Note - access is via station, not via Vincents Bridge>",""
"110146930","TTH","62.0423","QK","","62.0423","9999","","MAP","","581188.0","109601.0","HASTINGS TPH TP HUT","HKJ5","","","","","","","","","","","110146930","2022-08-05","","NRAIL","","","","","Unknown","Address:Linton Rd,Hastings:TN34 1LX      Details:Hastings Station, <Brighton end of platforms> then along cess to site      TQ812095",""
"110176558","TTH","32.1336","QK","","32.1336","2100","","MAPE","","559485.0","141532.0","HIGH BROOMS STATION PLAT 2","HKJ5","","","","","","","","","","","110176558","2022-08-05","","NRAIL","","","","","Down Main/Fast","HIGH BROOMS STATION PLAT 2 - Gated",""
"110176557","TTH","32.1338","QK","","32.1338","1100","","MAPE","","559485.0","141532.0","HIGH BROOMS STATION PLAT 1","HKJ5","","","","","","","","","","","110176557","2022-08-05","","NRAIL","","","","","Up Main/Fast","HIGH BROOMS STATION PLAT 1 - Gated",""
"110176625","TTH","32.1602","QK","","32.1602","1100","","MAPE","","559364.0","141314.0","HIGH BROOMS STATION PLAT 1","HKJ5","","","","","","","","","","","110176625","2022-08-05","","NRAIL","","","","","Up Main/Fast","HIGH BROOMS STATION PLAT 1 - Gated",""
"110176626","TTH","32.1606","QK","","32.1606","2100","","MAPE","","559364.0","141314.0","HIGH BROOMS STATION PLAT 2","HKJ5","","","","","","","","","","","110176626","2022-08-05","","NRAIL","","","","","Down Main/Fast","HIGH BROOMS STATION PLAT 2 - Gated",""
"110176588","TTH","34.0603","QK","","34.0603","3101","","MAPE","","558442.0","139244.0","TUNBRIDGE WELLS CENTRAL STATIO","HKJ5","","","","","","","","","","","110176588","2022-08-05","","NRAIL","","","","","","TUNBRIDGE WELLS CENTRAL STATIO - Gated",""
"110176589","TTH","34.0603","QK","","34.0603","3102","","MAPE","","558442.0","139244.0","TUNBRIDGE WELLS CENTRAL STATIO","HKJ5","","","","","","","","","","","110176589","2022-08-05","","NRAIL","","","","","","TUNBRIDGE WELLS CENTRAL STATIO - Gated",""
"110176660","TTH","34.0785","QK","","34.0785","3101","","MAPE","","558470.0","139081.0","TUNBRIDGE WELLS CENTRAL STATIO","HKJ5","","","","","","","","","","","110176660","2022-08-05","","NRAIL","","","","","","TUNBRIDGE WELLS CENTRAL STATIO - Gated",""
"110176661","TTH","34.0785","QK","","34.0785","3102","","MAPE","","558470.0","139081.0","TUNBRIDGE WELLS CENTRAL STATIO","HKJ5","","","","","","","","","","","110176661","2022-08-05","","NRAIL","","","","","","TUNBRIDGE WELLS CENTRAL STATIO - Gated",""
"110176550","TTH","36.1024","QK","","36.1024","1100","","MAPE","","560658.0","136482.0","FRANT STATION PLAT 1","HKJ5","","","","","","","","","","","110176550","2022-08-05","","NRAIL","","","","","Up Main/Fast","FRANT STATION PLAT 1 - Ungated",""
"110176551","TTH","36.1101","QK","","36.1101","2100","","MAPE","","560693.0","136421.0","FRANT STATION PLAT 2","HKJ5","","","","","","","","","","","110176551","2022-08-05","","NRAIL","","","","","Down Main/Fast","FRANT STATION PLAT 2 - Ungated",""
"110176620","TTH","36.1203","QK","","36.1203","1100","","MAPE","","560741.0","136341.0","FRANT STATION PLAT 1","HKJ5","","","","","","","","","","","110176620","2022-08-05","","NRAIL","","","","","Up Main/Fast","FRANT STATION PLAT 1 - Ungated",""
"110176621","TTH","36.1289","QK","","36.1289","2100","","MAPE","","560780.0","136272.0","FRANT STATION PLAT 2","HKJ5","","","","","","","","","","","110176621","2022-08-05","","NRAIL","","","","","Down Main/Fast","FRANT STATION PLAT 2 - Gated",""
"110176590","TTH","39.0364","QK","","39.0364","1100","","MAPE","","562027.0","133094.0","WADHURST STATION PLAT 1","HKJ5","","","","","","","","","","","110176590","2022-08-05","","NRAIL","","","","","Up Main/Fast","WADHURST STATION PLAT 1 - Ungated",""
"110176591","TTH","39.0534","QK","","39.0534","2100","","MAPE","","562142.0","132989.0","WADHURST STATION PLAT 2","HKJ5","","","","","","","","","","","110176591","2022-08-05","","NRAIL","","","","","Down Main/Fast","WADHURST STATION PLAT 2 - Gated",""
"110176662","TTH","39.057","QK","","39.057","1100","","MAPE","","561771.0","133193.0","WADHURST STATION PLAT 1","HKJ5","","","","","","","","","","","110176662","2022-08-05","","NRAIL","","","","","Up Main/Fast","WADHURST STATION PLAT 1 - Gated",""
"110176645","TTH","39.069","QK","","39.069","2100","","MAPE","","161781.0","133190.0","WADHURST STATION PLAT 2","HKJ5","","","","","","","","","","","110176645","2022-08-05","","NRAIL","","","","","Down Main/Fast","WADHURST STATION PLAT 2 - Ungated",""
"110176657","TTH","43.1328","QK","","43.1328","1100","","MAPE","","565790.0","127266.0","STONEGATE STATION PLAT 1","HKJ5","","","","","","","","","","","110176657","2022-08-05","","NRAIL","","","","","Up Main/Fast","STONEGATE STATION PLAT 1 - Gated",""
"110176580","TTH","43.1403","QK","","43.1403","1100","","MAPE","","565836.0","127215.0","STONEGATE STATION PLAT 1","HKJ5","","","","","","","","","","","110176580","2022-08-05","","NRAIL","","","","","Up Main/Fast","STONEGATE STATION PLAT 1 - Gated",""
"110176658","TTH","43.143","QK","","43.143","2100","","MAPE","","565836.0","127215.0","STONEGATE STATION PLAT 2","HKJ5","","","","","","","","","","","110176658","2022-08-05","","NRAIL","","","","","Down Main/Fast","STONEGATE STATION PLAT 2 - Gated",""
"110176582","TTH","43.1612","QK","","43.1612","2100","","MAPE","","565968.0","127078.0","STONEGATE STATION PLAT 2","HKJ5","","","","","","","","","","","110176582","2022-08-05","","NRAIL","","","","","Down Main/Fast","STONEGATE STATION PLAT 2 - Gated",""
"110176618","TTH","47.0593","QK","","47.0593","1100","","MAPE","","571289.0","126386.0","ETCHINGHAM STATION PLAT 1","HKJ5","","","","","","","","","","","110176618","2022-08-05","","NRAIL","","","","","Up Main/Fast","ETCHINGHAM STATION PLAT 1 - Ungated",""
"110176619","TTH","47.0653","QK","","47.0653","2100","","MAPE","","571339.0","126360.0","ETCHINGHAM STATION PLAT 2","HKJ5","","","","","","","","","","","110176619","2022-08-05","","NRAIL","","","","","Down Main/Fast","ETCHINGHAM STATION PLAT 2 - Ungated",""
"110176548","TTH","47.076","QK","","47.076","1100","","MAPE","","570843.0","126548.0","ETCHINGHAM STATION PLAT 1","HKJ5","","","","","","","","","","","110176548","2022-08-05","","NRAIL","","","","","Up Main/Fast","ETCHINGHAM STATION PLAT 1 - Ungated",""
"110176549","TTH","47.0837","QK","","47.0837","2100","","MAPE","","571490.0","126273.0","ETCHINGHAM STATION PLAT 2","HKJ5","","","","","","","","","","","110176549","2022-08-05","","NRAIL","","","","","Down Main/Fast","ETCHINGHAM STATION PLAT 2 - Ungated",""
"110176574","TTH","49.0919","QK","","49.0919","1100","","MAPE","","573364.0","123685.0","ROBERTSBRIDGE STATION PLAT 1","HKJ5","","","","","","","","","","","110176574","2022-08-05","","NRAIL","","","","","Up Main/Fast","ROBERTSBRIDGE STATION PLAT 1 - Ungated",""
"110176575","TTH","49.0925","QK","","49.0925","2100","","MAPE","","573364.0","123680.0","ROBERTSBRIDGE STATION PLAT 2","HKJ5","","","","","","","","","","","110176575","2022-08-05","","NRAIL","","","","","Down Main/Fast","ROBERTSBRIDGE STATION PLAT 2 - Ungated",""
"110176642","TTH","49.1101","QK","","49.1101","1100","","MAPE","","573372.0","123519.0","ROBERTSBRIDGE STATION PLAT 1","HKJ5","","","","","","","","","","","110176642","2022-08-05","","NRAIL","","","","","Up Main/Fast","ROBERTSBRIDGE STATION PLAT 1 - Ungated",""
"110176643","TTH","49.1124","QK","","49.1124","2100","","MAPE","","573372.0","123519.0","ROBERTSBRIDGE STATION PLAT 2","HKJ5","","","","","","","","","","","110176643","2022-08-05","","NRAIL","","","","","Down Main/Fast","ROBERTSBRIDGE STATION PLAT 2 - Ungated",""
"110176529","TTH","55.0885","QK","","55.0885","1100","","MAPE","","573201.0","122110.0","BATTLE STATION PLAT 1","HKJ5","","","","","","","","","","","110176529","2022-08-05","","NRAIL","","","","","Up Main/Fast","BATTLE STATION PLAT 1 - Gated ",""
"110176530","TTH","55.096","QK","","55.096","2100","","MAPE","","575735.0","116341.0","BATTLE STATION PLAT 2","HKJ5","","","","","","","","","","","110176530","2022-08-05","","NRAIL","","","","","Down Main/Fast","BATTLE STATION PLAT 2 - Gated",""
"110176599","TTH","55.1077","QK","","55.1077","1100","","MAPE","","575448.0","115496.0","BATTLE STATION PLAT 1","HKJ5","","","","","","","","","","","110176599","2022-08-05","","NRAIL","","","","","Up Main/Fast","BATTLE STATION PLAT 1 - Gated",""
"110176600","TTH","55.1137","QK","","55.1137","2100","","MAPE","","575422.0","115447.0","BATTLE STATION PLAT 2","HKJ5","","","","","","","","","","","110176600","2022-08-05","","NRAIL","","","","","Down Main/Fast","BATTLE STATION PLAT 2 - Ungated",""
"110176611","TTH","57.0936","QK","","57.0936","2100","","MAPE","","575959.0","112916.0","CROWHURST STATION PLAT 2","HKJ5","","","","","","","","","","","110176611","2022-08-05","","NRAIL","","","","","Down Main/Fast","CROWHURST STATION PLAT 2 - Gated",""
"110176540","TTH","57.0966","QK","","57.0966","1100","","MAPE","","575984.0","112908.0","CROWHURST STATION PLAT 1","HKJ5","","","","","","","","","","","110176540","2022-08-05","","NRAIL","","","","","Up Main/Fast","CROWHURST STATION PLAT 1 - Gated",""
"110176610","TTH","57.1154","QK","","57.1154","1100","","MAPE","","576145.0","112850.0","CROWHURST STATION PLAT 1","HKJ5","","","","","","","","","","","110176610","2022-08-05","","NRAIL","","","","","Up Main/Fast","CROWHURST STATION PLAT 1 - Gated",""
"110176541","TTH","57.1195","QK","","57.1195","2100","","MAPE","","576180.0","112837.0","CROWHURST STATION PLAT 2","HKJ5","","","","","","","","","","","110176541","2022-08-05","","NRAIL","","","","","Down Main/Fast","CROWHURST STATION PLAT 2 - Gated",""
"110176595","TTH","60.118","QK","","60.118","2100","","MAPE","","578473.0","109977.0","WEST ST.LEONARD STATION PLAT 2","HKJ5","","","","","","","","","","","110176595","2022-08-05","","NRAIL","","","","","Down Main/Fast","WEST ST.LEONARD STATION PLAT 2 - Ungated",""
"110176594","TTH","60.1223","QK","","60.1223","1100","","MAPE","","578795.0","109091.0","WEST ST.LEONARD STATION PLAT 1","HKJ5","","","","","","","","","","","110176594","2022-08-05","","NRAIL","","","","","Up Main/Fast","WEST ST.LEONARD STATION PLAT 1 - Ungated",""
"110176648","TTH","60.1415","QK","","60.1415","1100","","MAPE","","578954.0","109027.0","WEST ST.LEONARD STATION PLAT 1","HKJ5","","","","","","","","","","","110176648","2022-08-05","","NRAIL","","","","","Up Main/Fast","WEST ST.LEONARD STATION PLAT 1 - Gated",""
"110176649","TTH","60.1418","QK","","60.1418","2100","","MAPE","","578954.0","109027.0","WEST ST.LEONARD STATION PLAT 2","HKJ5","","","","","","","","","","","110176649","2022-08-05","","NRAIL","","","","","Down Main/Fast","WEST ST.LEONARD STATION PLAT 2 - Gated",""
"110176656","TTH","61.1156","QK","","61.1156","2100","","MAPE","","580278.0","109364.0","ST.LEONARDS WARRIOR SQUARE STA","HKJ5","","","","","","","","","","","110176656","2022-08-05","","NRAIL","","","","","Down Main/Fast","ST.LEONARDS WARRIOR SQUARE STA - Ungated",""
"110176655","TTH","61.1161","QK","","61.1161","1100","","MAPE","","580283.0","109365.0","ST.LEONARDS WARRIOR SQUARE STA","HKJ5","","","","","","","","","","","110176655","2022-08-05","","NRAIL","","","","","Up Main/Fast","ST.LEONARDS WARRIOR SQUARE STA - Ungated",""
"110176579","TTH","61.1313","QK","","61.1313","2100","","MAPE","","580417.0","109400.0","ST.LEONARDS WARRIOR SQUARE STA","HKJ5","","","","","","","","","","","110176579","2022-08-05","","NRAIL","","","","","Down Main/Fast","ST.LEONARDS WARRIOR SQUARE STA - Ungated",""
"110176578","TTH","61.1313","QK","","61.1313","1100","","MAPE","","580417.0","109400.0","ST.LEONARDS WARRIOR SQUARE STA","HKJ5","","","","","","","","","","","110176578","2022-08-05","","NRAIL","","","","","Up Main/Fast","ST.LEONARDS WARRIOR SQUARE STA - Ungated",""
"110176555","TTH","62.0686","QK","","62.0686","3103","","MAPE","","581422.0","109678.0","HASTINGS STATION PLAT 3","HKJ5","","","","","","","","","","","110176555","2022-08-05","","NRAIL","","","","","","HASTINGS STATION PLAT 3 - Ungated",""
"110176556","TTH","62.0686","QK","","62.0686","3504","","MAPE","","581422.0","109678.0","HASTINGS STATION PLAT 4","HKJ5","","","","","","","","","","","110176556","2022-08-05","","NRAIL","","","","","","HASTINGS STATION PLAT 4 - Ungated",""
"110176554","TTH","62.0703","QK","","62.0703","3102","","MAPE","","581437.0","109685.0","HASTINGS STATION PLAT 2","HKJ5","","","","","","","","","","","110176554","2022-08-05","","NRAIL","","","","","","HASTINGS STATION PLAT 2 - Ungated",""
"110179015","TTH","43.1351","QK","","43.1351","2100","","MAR","","565804.0","127249.0","STONEGATE - RRV ACCESS","HKJ5","","","","","","","","","","","110179015","2022-08-15","","NRAIL","","","","","Down Main/Fast"," AUTHORISED ACCESS POINT  -  ROAD/RAIL VEH",""
"70130329","TTH","52.0","QK","","52.0","1100","","MAR","","573517.0","119887.0","Robertsbridge/Battle-Mountfield Sidings","HKJ5","","","","","","","","","AC","","70130329","2022-04-25","","BBRM","","","","","Up Main/Fast","Risk Rating 2, Hazard Rating 2,Score 4. Land owned by British Gypsum consent needed",""
"70264594","TTH","62.0572","QK","","62.0572","1100","","MAR","","581294.0","109630.0","Hastings","HKJ5","","","","","","","","","","","70264594","2010-03-23","","BBRM","","","","","Up Main/Fast","Risk Rating 10, Hazard Rating 2, Score 20",""
"110142424","TTH","29.132","QK","","29.132","1100","","MAV","","558983.0","145985.0","Tonbridge Depot RRV","HKJ5","","","","","","","","","","","110142424","2022-04-26","","NRAIL","","","","","Up Main/Fast","Score 11",""
"70260186","TTH","33.0242","QK","","33.0242","1100","","MAV","","559188.0","140992.0","High Brooms/Tunbridge Wells-CEGB Crossing","HKJ5","","","","","","","","","","","70260186","2022-04-26","","BBRM","","","","","Up Main/Fast","Risk Rating 6, Hazard Rating 2,Score 12",""
"70260189","TTH","36.1166","QK","","36.1166","2100","","MAV","","560724.0","136370.0","Frant Station Car Park","HKJ5","","","","","","","","","","","70260189","2022-04-26","","BBRM","","","","","Down Main/Fast","Risk Rating 3, Hazard Rating 2,Score 6",""
"70260190","TTH","39.022","QK","","39.022","2100","","MAV","","561912.0","133150.0","WADHURST SUBSTATION","HKJ5","","","","","","","","","","","70260190","2022-04-26","","NRAIL","","","","","Down Main/Fast","Address:Station rd, Wadhurst:TN5 6QA         Details:Network Rail gate, off B2099 Station Rd, Wadhurst, @ 39m10c then into site       TQ619332",""
"110177410","TTH","39.0506","QK","","39.0506","2100","","MAV","","560372.0","136859.0","WADHURST STATION RRV","HKJ5","","","","","","","","","","","110177410","2023-05-31","","NRAIL","","","","","Down Main/Fast","CREATED AFTER ACCESS POINT VALIDATION DATA ANALYSIS",""
"110146934","TTH","43.0714","QK","","43.0714","9999","","MAV","","565408.0","127681.0","STONEGATE SUBSTATION","HKJ5","","","","","","","","","","","110146934","2022-08-05","","NRAIL","","","","","Unknown","Address:Peartree Hill, Stonegate:TN5 7EU      Details:Stonegate Station Car park, Netwrok Rail gate, @ 43m66c then along cess to site         TQ654276",""
"110147002","TTH","50.006","QK","","50.006","9999","","MAV","","573329.0","122913.0","ROBERTSBRIDGE TP HUT","HKJ5","","","","","","","","","","","110147002","2022-08-05","","NRAIL","","","","","Unknown","Address:Bishops Lane, Robertsbridge:TN32 5BB        Details:Robertsbridge Station/Level crossing <ABH>, @ 49m53c then along cess to site       TQ733228",""
"70260197","TTH","53.1738","QK","","53.1738","2100","","MAV","","575746.0","118012.0","ROBERTSBRIDGE/BATTLE WHATLINGT","HKJ5","","","","","","","","","","","70260197","2022-04-26","","BBRM","","","","","Down Main/Fast","Risk Rating 2, Hazard Rating 2,Score 4",""
"70206243","TTH","55.088","QK","","55.088","1100","","MAV","","575532.0","115653.0","BATTLE","HKJ5","","","","","","","","","","","70206243","2022-04-26","","BBRM","","","","","Up Main/Fast","Risk Rating 10, Hazard Rating 2,Score 20, BRS 4120",""
"70264593","TTH","57.1254","QK","","57.1254","1100","","MAV","","576232.0","112818.0","Crowhurst <Craig Close>","HKJ5","","","","","","","","","","","70264593","2022-04-26","","BBRM","","","","","Up Main/Fast","Risk Rating 10, Hazard Rating 2, Score 20 No ve~
 NOT TO BE USED AS RRV ACCESS",""
"110179046","VIR","2.056","QK","","2.056","2100","","MA","","529895.0","175717.0","Timbermill Way","HKJ5","","","","","","","","","","","110179046","2022-08-15","","NRAIL","","","","","Down Main/Fast","No Access/Egress found in HD <Custom Access used as verified/Assessed by Site visit>",""
"110179293","VIR","3.1408","QK","","3.1694","1500","","MA","","532006.0","174377.0","Herne Hill Platform 1","HKJ5","","","","","","","","","Patrolling Access","","110179293","2022-08-01","","NRAIL","","","","","Up Loop","Authorised Access Point",""
"110179040","VIR","3.154","QK","","3.154","2100","","MA","","531892.0","174598.0","Herne Hill Depot","HKJ5","","","","","","","","","","","110179040","2022-08-15","","NRAIL","","","","","Down Main/Fast","No Access/Egress found in HD <Custom Access used as verified/Assessed by Site visit>",""
"110179031","VIR","3.1694","QK","","3.1694","1100","","MA","","531909.0","174577.0","Herne Hill Station Platform 2","HKJ5","","","","","","","","","Staff Access","","110179031","2022-08-15","","NRAIL","","","","","Up Main/Fast","No Access/Egress found in HD <Custom Access used as verified/Assessed by Site visit>",""
"110179030","VIR","3.1694","QK","","3.1694","2100","","MA","","531909.0","174577.0","Herne Hill Station platform 3","HKJ5","","","","","","","","","","","110179030","2022-08-15","","NRAIL","","","","","Down Main/Fast","No Access/Egress found in HD <Custom Access used as verified/Assessed by Site visit>",""
"110179034","VIR","5.0148","QK","","5.0148","1100","","MA","","532796.0","172931.0","Alleyn Rd","HKJ5","","","","","","","","","","","110179034","2022-08-15","","NRAIL","","","","","Up Main/Fast","No Access/Egress found in HD <Custom Access used as verified/Assessed by Site visit>",""
"110179036","VIR","8.1012","QK","","8.1012","2100","","MA","","537189.0","169899.0","Beckenham Jn/Waitrose","HKJ5","","","","","","","","","","","110179036","2022-08-15","","NRAIL","","","","","Down Main/Fast","No Access/Egress found in HD <Custom Access used as verified/Assessed by Site visit>",""
"110179038","VIR","9.09","QK","","9.09","1100","","MA","","538673.0","169675.0","DOWNS BRIDGE ROAD","HKJ5","","","","","","","","","","","110179038","2022-08-15","","NRAIL","","","","","Up Main/Fast","No Access/Egress found in HD <Custom Access used as verified/Assessed by Site visit>",""
"120000215","VIR","22.1078","QK","","22.1079","2100","","MA","","558981.0","169228.0","Canada Farm Road Access point ","HKJ5","","","","","","","","","Access Point","","120000215","2025-01-22","","","","","","","Down Main/Fast","Access point gate removed by unauthorised personnel. Has been replaced with chain-link fencing, access point out of use until gate can be replaced.",""
"110166811","VIR","34.0664","QK","","34.0664","0","","MA","","","","Chatham Car Park CE","HKJ6","","","","","","","","","","","110166811","2019-04-10","","","","","","","All/Multiple Tracks","Pedestrian access point at Chatham Car Park CE",""
"110146933","VIR","1.0968","QK","","1.0968","9999","","MAP","","529160.0","176683.0","LINFORD ST TPH BATTERSEA TP HUT","HKJ5","","","","","","","","","","","110146933","2022-08-05","","NRAIL","","","","","Unknown","Address: Linford Street, Clapham:SW8 4DF    Details:Network Rail Gate, off yard, off Linford Street, Battersea, London and then to site        TQ291767",""
"110147047","VIR","2.022","QK","","2.022","9999","","MAP","","529637.0","175900.0","VOLTAIRE RD TPH WANDSWORTH TP HUT","HKJ5","","","","","","","","","","","110147047","2022-08-05","","NRAIL","","","","","Unknown","Address:Edgeley Rd, Clapham:SW4 6HA               Details:Clapham High Street, London, then along up side platform L/E, and then along cess to site           TQ296758",""
"70260198","VIR","2.0594","QK","","2.0594","2100","","MAP","","529886.0","175686.0","Clapham High Street-Timbermill Way","HKJ5","","","","","","","","","","","70260198","2008-09-08","","BBRM","","","","","Down Main/Fast","Risk Rating 3, Hazard Rating 2,Score 6",""
"70260199","VIR","2.11","QK","","2.11","2100","","MAP","","530290.0","175491.0","Clapham High Street/Brixton-Hubert Grove","HKJ5","","","","","","","","","","","70260199","2008-09-08","","BBRM","","","","","Down Main/Fast","Risk Rating 6, Hazard Rating 2,Score 12",""
"110147051","VIR","3.0352","QK","","3.0352","9999","","MAP","","531196.0","175427.0","BRIXTON TPH TP HUT","HKJ5","","","","","","","","","","","110147051","2022-08-05","","NRAIL","","","","","Unknown","Address:Homesdale Rd, Bromley:BR1 2UE             Details:Network Rail gate, off Ferndale Road, Brixton, and then into site         TQ413687",""
"70260200","VIR","3.1386","QK","","3.1386","2100","","MAP","","531814.0","174732.0","Herne Hill Maintenance Depot - Shakespeare Rd","HKJ5","","","","","","","","","","","70260200","2008-09-08","","NRAIL","","","","","Down Main/Fast","Risk Rating 3, Hazard Rating 3,Score 9",""
"70014711","VIR","4.0924","QK","","4.0924","2100","","MAP","","532432.0","173742.0","Herne Hill/West Dulwich-Turney Road","HKJ5","","","","","","","","","AC","","70014711","2023-05-31","","BBRM","","","","","Down Main/Fast","Risk Rating 10, Hazard Rating 2,Score 20, 20 Steps Up",""
"70260201","VIR","4.0924","QK","","4.0924","2100","","MAP","","532432.0","173742.0","Herne Hill/West Dulwich-Turney Road","HKJ5","","","","","","","","","","","70260201","2008-09-08","","NRAIL","","","","","Down Main/Fast","Risk Rating 10Hazard Rating 2,Score 20 20 Steps Up See also 70014711 <DEL>",""
"70260202","VIR","5.044","QK","","5.044","1100","","MAP","","532960.0","172716.0","West Dulwich/Sydenham Hill-Alleyn Park","HKJ5","","","","","","","","","","","70260202","2008-09-08","","BBRM","","","","","Up Main/Fast","Risk Rating 6, Hazard Rating 2,Score 12",""
"110147050","VIR","5.1034","QK","","5.1034","9999","","MAP","","533358.0","172297.0","SYDENHAM HILL SUBSTATION","HKJ5","","","","","","","","","","","110147050","2022-08-05","","NRAIL","","","","","Unknown","Address:Colby Rd, Norwood:SE19 1HG               Details:Sydenham Hill Station, L/E of No 1 platform, @ 5m52c than along cess to site        TQ360700",""
"110141601","VIR","5.11","QK","","5.11","1100","","MAP","","533390.0","172273.0","Sydenham Hill - Kingswood Estate","HKJ5","","","","","","","","","","","110141601","2008-09-08","","NRAIL","","","","","Up Main/Fast","Hazard Rating 6 Risk Rating 2 Combination 12",""
"70109191","VIR","7.0286","QK","","7.0286","1100","","MAP","","535340.0","170778.0","Penge East Car Park","HKJ5","","","","","","","","","AC","","70109191","2008-09-08","","BBRM","","","","","Up Main/Fast","Risk Rating 3, Hazard Rating 2,Score 6, Steps",""
"70209031","VIR","7.037","QK","","7.037","1100","","MAP","","535395.0","170725.0","Penge East-Stn access","HKJ5","","","","","","","","","","","70209031","2008-09-08","","BBRM","","","","","Up Main/Fast","Risk Rating 10, Hazard Rating 2,Score 20",""
"70209032","VIR","7.0399","QK","","7.0399","2100","","MAP","","535413.0","170706.0","Penge East-PF2","HKJ5","","","","","","","","","","","70209032","2008-09-08","","BBRM","","","","","Down Main/Fast","Risk Rating 10, Hazard Rating 2,Score 20",""
"70109192","VIR","7.099","QK","","7.099","2100","","MAP","","535734.0","170286.0","Penge East/Kent House-Green Lane","HKJ5","","","","","","","","","AC","","70109192","2008-09-08","","BBRM","","","","","Down Main/Fast","Risk Rating 6, Hazard Rating 2,Score 12, Steps",""
"70109193","VIR","9.0264","QK","","9.0264","2100","","MAP","","538107.0","169756.0","Beckenham Jn/Shortlands-Westgate Road","HKJ5","","","","","","","","","AC","","70109193","2008-09-08","","BBRM","","","","","Down Main/Fast","Risk Rating 6, Hazard Rating 2,Score 12, 18 Steps Up",""
"110147055","VIR","9.0308","QK","","9.0308","9999","","MAP","","538142.0","169751.0","ALBEMARLE RD TPH BECKENHAM JCT TP HUT","HKJ5","","","","","","","","","","","110147055","2022-08-05","","NRAIL","","","","","Unknown","Address: Beckenham Hill Rd, Beckenham:SE6 3AH       Details:Off bridge No 53 Westgate Road, @ 9m12c Network Rail gate, then along cess to site       TQ380714",""
"70014712","VIR","9.088","QK","","9.088","2100","","MAP","","538629.0","169688.0","Beckenham Jn/Shortlands-Downsbridge Road","HKJ5","","","","","","","","","AC","","70014712","2008-09-08","","BBRM","","","","","Down Main/Fast","Risk Rating 6, Hazard Rating 2,Score 12",""
"110179303","VIR","9.11","QK","","9.11","2200","","MAP","","538894.0","169668.0","SHORTLANDS JUNCTION PROJECT","HKJ5","","","","","","","","","","","110179303","2022-08-15","","NRAIL","","","","","Down Slow"," AUTHORISED ACCESS POINT  -  VEHICLE",""
"110142373","VIR","9.1199","QK","","9.1199","9999","","MAP","","538996.0","169638.0","SHORTLANDS SUBSTATION","HKJ5","","","","","","","","","","","110142373","2011-05-04","","NRAIL","","","","","Unknown","Address:Downs Hill Avenue, Bromley:BR3 5HA   Details: Network Rail gate, off Downs Hill, then along fenced pathway to site              TQ390696",""
"110179304","VIR","9.1342","QK","","9.1342","1100","","MAP","","539061.0","169548.0","SHORTLANDS - LABUNHAM HOUSE","HKJ5","","","","","","","","","","","110179304","2022-08-15","","NRAIL","","","","","Up Main/Fast"," AUTHORISED ACCESS POINT  -  PEDESTRIAN",""
"110179305","VIR","9.1452","QK","","9.1452","2200","","MAP","","539175.0","169534.0","SHORTLANDS - RAVENSBOURNE AVENUE","HKJ5","","","","","","","","","","","110179305","2022-08-15","","NRAIL","","","","","Down Slow"," AUTHORISED ACCESS POINT  -  PEDESTRIAN",""
"70260203","VIR","10.0396","QK","","10.0396","2100","","MAP","","539588.0","169057.0","Shortlands/Bromley South-Queensmead Rd","HKJ5","","","","","","","","","","","70260203","2008-09-08","","BBRM","","","","","Down Main/Fast","Risk Rating 10, Hazard Rating 2,Score 20",""
"110179311","VIR","10.0396","QK","","10.0396","1100","","MAP","","539612.0","169040.0","MAYS HILL ROAD","HKJ5","","","","","","","","","","","110179311","2022-08-15","","NRAIL","","","","","Up Main/Fast","AUTHORISED ACCESS POINT  -  PEDESTRIAN",""
"70196952","VIR","10.1012","QK","","10.1012","9999","","MAP","","540065.0","168745.0","","HKJ5","","","","","","","","","","","70196952","2008-09-08","","BBRM","","","","","Unknown","",""
"110179306","VIR","10.1188","QK","","10.1188","1100","","MAP","","540214.0","168708.0","SIMPSONS ROAD","HKJ5","","","","","","","","","","","110179306","2022-08-15","","NRAIL","","","","","Up Main/Fast"," AUTHORISED ACCESS POINT  -  PEDESTRIAN",""
"70260204","VIR","10.154","QK","","10.154","1100","","MAP","","540543.0","168709.0","Bromley South-Waitrose car park","HKJ5","","","","","","","","","","","70260204","2008-09-08","","BBRM","","","","","Up Main/Fast","Risk Rating 3, Hazard Rating 2,Score 6",""
"70260205","VIR","10.1716","QK","","10.1716","2100","","MAP","","540705.0","168705.0","Bromley South-Old P.Way lobby","HKJ5","","","","","","","","","","","70260205","2022-04-26","","BBRM","","","","","Down Main/Fast","Risk Rating 3, Hazard Rating 2,Score 6, BRS 4070",""
"110147049","VIR","11.046","QK","","11.046","9999","","MAP","","541161.0","168696.0","BROMLEY SOUTH TPH TP HUT","HKJ5","","","","","","","","","","","110147049","2022-08-05","","NRAIL","","","","","Unknown","Address:Homesdale Rd, Bromley:BR1 2UE             Details:Network Rail gate, off Waitrose supermarket car park, Bromley South Station @ 10m75c than along cess to site             TQ405687",""
"70260206","VIR","11.1452","QK","","11.1452","1100","","MAP","","542071.0","168735.0","Bickley-Southborough Rd","HKJ5","","","","","","","","","","","70260206","2008-09-08","","BBRM","","","","","Up Main/Fast","Risk Rating 3, Hazard Rating 2,Score 6",""
"70208821","VIR","11.1664","QK","","11.1664","1100","","MAP","","542265.0","168758.0","Bickley","HKJ5","","","","","","","","","","","70208821","2008-09-08","","BBRM","","","","","Up Main/Fast","Risk Rating 10, Hazard Rating 2,Score 12",""
"70208822","VIR","12.1341","QK","","12.1341","1100","","MAP","","543573.0","168847.0","Bickley/St Mary Cray-U/S Steps","HKJ5","","","","","","","","","","","70208822","2008-09-08","","BBRM","","","","","Up Main/Fast","",""
"70208823","VIR","13.0411","QK","","13.0411","1100","","MAP","","544265.0","168535.0","Bickley/St Mary Cray-Little Thrift","HKJ5","","","","","","","","","","","70208823","2008-09-08","","BBRM","","","","","Up Main/Fast","Risk Rating 6, Hazard Rating 2,Score 12",""
"70208824","VIR","13.0974","QK","","13.0974","2200","","MAP","","544728.0","168319.0","Bickley/St Mary Cray-Hazelmere Rd","HKJ5","","","","","","","","","","","70208824","2008-09-08","","BBRM","","","","","Down Slow","Risk Rating 10, Hazard Rating 2,Score 20",""
"70260207","VIR","13.0974","QK","","13.0974","1100","","MAP","","544728.0","168319.0","Bickley/St Mary Cray-Hazelmere Rd","HKJ5","","","","","","","","","","","70260207","2008-09-08","","BBRM","","","","","Up Main/Fast","Risk Rating 6, Hazard Rating 2,Score 12",""
"70260208","VIR","14.1386","QK","","14.1386","2200","","MAP","","546700.0","168299.0","St Mary Cray-Station approach","HKJ5","","","","","","","","","","","70260208","2008-09-08","","BBRM","","","","","Down Slow","Risk Rating 3, Hazard Rating 2,Score 6",""
"70208825","VIR","15.0815","QK","","15.0815","1100","","MAP","","547793.0","168234.0","St Mary Cray/Swanley-Wotton Green","HKJ5","","","","","","","","","","","70208825","2008-09-08","","BBRM","","","","","Up Main/Fast","Risk Rating 10, Hazard Rating 2,Score 20",""
"70260209","VIR","16.0286","QK","","16.0286","2200","","MAP","","548921.0","168169.0","St Mary Cray/Swanley-Access to Kevington S/S","HKJ5","","","","","","","","","","","70260209","2008-09-08","","BBRM","","","","","Down Slow","Risk Rating 10, Hazard Rating 2,Score 20",""
"70260210","VIR","16.1738","QK","","16.1738","1100","","MAP","","550248.0","168111.0","Swanley-Stones Cross Bridge 95A","HKJ5","","","","","","","","","","","70260210","2008-09-08","","BBRM","","","","","Up Main/Fast","Risk Rating 10, Hazard Rating 2,Score 20",""
"110146936","VIR","17.0917","QK","","17.0917","9999","","MAP","","551075.0","168303.0","SWANLEY SUBSTATION","HKJ5","","","","","","","","","","","110146936","2022-08-05","","NRAIL","","","","","Unknown","Address:Station Approach,Swanley:BR8 8JB     Details:Road Entrance to former goods yard off Goldsel Road        TQ512683",""
"110146974","VIR","17.0917","QK","","17.0917","9999","","MAP","","551075.0","168303.0","SWANLEY SUBSTATION","HKJ5","","","","","","","","","","","110146974","2022-08-05","","NRAIL","","","","","Unknown","Address:Lila Place, Swanley:BR8 8JB      Details:Swanley Station approach, then through Westinghouse car park, and Network Rail gate down steps to site        TQ512683",""
"110180731","VIR","18.0704","QK","","18.0704","1100","","MAP","","552338.0","168951.0","Nine Points","HKJ5","","","","","","","","","","","110180731","2022-10-26","","NRAIL","","","","","Up Main/Fast","Public Footpath Crossing Type FPS",""
"110180786","VIR","18.0704","QK","","18.0704","2100","","MAP","","552338.0","168951.0","Nine Points","HKJ5","","","","","","","","","","","110180786","2022-10-26","","NRAIL","","","","","Down Main/Fast","Public Footpath Crossing Type FPS",""
"70196997","VIR","18.1098","QK","","18.1098","1100","","MAP","","552660.0","169115.0","Swanley/Farningham Road-Beechenlea Lane","HKJ5","","","","","","","","","","","70196997","2008-09-08","","BBRM","","","","","Up Main/Fast","Risk Rating 2, Hazard Rating 2,Score 4",""
"70260211","VIR","19.0264","QK","","19.0264","2200","","MAP","","553471.0","169341.0","Swanley/Farningham Road-Button St","HKJ5","","","","","","","","","","","70260211","2008-09-08","","BBRM","","","","","Down Slow","Risk Rating 2, Hazard Rating 2,Score 4, Steps",""
"110146940","VIR","19.0347","QK","","19.0347","9999","","MAP","","553545.0","169355.0","TWEED HILL SUBSTATION","HKJ5","","","","","","","","","","","110146940","2022-08-05","","NRAIL","","","","","Unknown","Address:Button Street,Swanley Village:BR8 7PA     Details:Network Rail Gate, off Button Street, Swanley Village @ 19m12c then up pathway and cess to site        TQ536694",""
"110180732","VIR","19.0858","QK","","19.0858","1100","","MAP","","554006.0","169413.0","Ramswood","HKJ5","","","","","","","","","","","110180732","2022-10-26","","NRAIL","","","","","Up Main/Fast","Public Footpath Crossing Type FPS",""
"110180787","VIR","19.0858","QK","","19.0858","2100","","MAP","","554006.0","169413.0","Ramswood","HKJ5","","","","","","","","","","","110180787","2022-10-26","","NRAIL","","","","","Down Main/Fast","Public Footpath Crossing Type FPS",""
"110180730","VIR","19.1672","QK","","19.1672","1100","","MAP","","554749.0","169382.0","Homefield","HKJ5","","","","","","","","","","","110180730","2022-10-26","","NRAIL","","","","","Up Main/Fast","Public Footpath Crossing Type FPS",""
"110180785","VIR","19.1672","QK","","19.1672","2100","","MAP","","554749.0","169382.0","Homefield","HKJ5","","","","","","","","","","","110180785","2022-10-26","","NRAIL","","","","","Down Main/Fast","Public Footpath Crossing Type FPS",""
"110147041","VIR","20.1716","QK","","20.1716","9999","","MAP","","556406.0","169330.0","DARENTH SUBSTATION","HKJ5","","","","","","","","","","","110147041","2022-08-05","","NRAIL","","","","","Unknown","Address:New Road, South Darenth, Dartford:DA4 9AR     Details:Network Rail gate, off rough walkway, off Horton Road, South Darenth, then into site         TQ565693",""
"70207645","VIR","21.0423","QK","","21.0423","2100","","MAP","","556819.0","169371.0","Farningham Rd/Longfield-Home Bridge 106","HKJ5","","","","","","","","","","","70207645","2008-09-08","","BBRM","","","","","Down Main/Fast","Risk Rating 6, Hazard Rating 2,Score 12",""
"70207694","VIR","22.1079","QK","","22.1079","2100","","MAP","","558973.0","169232.0","Farningham Rd/Longfield-Canada Farm Rd Bridge 109","HKJ5","","","","","","","","","","","70207694","2008-09-08","","BBRM","","","","","Down Main/Fast","Risk Rating 2, Hazard Rating 2,Score 4",""
"110146993","VIR","22.1298","QK","","22.1298","9999","","MAP","","559173.0","169168.0","FAWKHAM SUBSTATION","HKJ5","","","","","","","","","","","110146993","2022-08-05","","NRAIL","","","","","Unknown","Address:Canada Farm Rd, Longfield:DA2 8EA      Details:Network Rail Gate, off Canada Farm Rd, near Longfield @ 22m47c then up pathway and cess to site       TQ592692",""
"110179308","VIR","23.0352","QK","","23.0352","2100","","MAP","","559908.0","168955.0","Farningham Rd - Longfield","HKJ5","","","","","","","","","","","110179308","2022-08-15","","NRAIL","","","","","Down Main/Fast"," AUTHORISED ACCESS POINT  -  ROAD/RAIL VEH",""
"70207767","VIR","24.0154","QK","","24.0154","1100","","MAP","","561208.0","168418.0","Longfield/Meopham-Gorse Wood Rd","HKJ6","","","","","","","","","","","70207767","2008-09-08","","BBRM","","","","","Up Main/Fast","Risk Rating 10, Hazard Rating 2,Score 20",""
"110147120","VIR","24.0638","QK","","24.0638","9999","","MAP","","561647.0","168249.0","HARTLEY: QC SUBSTATION","HKJ6","","","","","","","","","","","110147120","2023-10-31","","NRAIL","","","","","Unknown","Address:Hartley Bottom Rd, Longfield:DA3 8LE Details: Off Main Road, Longfield, then down footpath to foot crossing, @ 24m 31c, then along cess to site.",""
"110181612","VIR","24.066","QK","","24.066","1100","","MAP","","561632.0","168247.0","PRESCOTT","HKJ6","","","","","","","","","","","110181612","2022-11-11","","NRAIL","","","","","Up Main/Fast","",""
"110181772","VIR","24.066","QK","","24.066","2100","","MAP","","561632.0","168247.0","PRESCOTT","HKJ6","","","","","","","","","","","110181772","2022-11-11","","NRAIL","","","","","Down Main/Fast","",""
"110142428","VIR","24.066","QK","","24.066","1100","","MAP","","561633.0","168247.0","Prescott Foot Crossing","HKJ6","","","","","","","","","","","110142428","2008-09-08","","NRAIL","","","","","Up Main/Fast","Score 20",""
"110142429","VIR","24.1276","QK","","24.1276","1100","","MAP","","562157.0","168035.0","Longfield Sidings Bridge 112","HKJ6","","","","","","","","","","","110142429","2008-09-08","","NRAIL","","","","","Up Main/Fast","Score 64",""
"70130425","VIR","26.0089","QK","","26.0089","1100","","MAP","","564264.0","167907.0","Meopham Up Platform","HKJ6","","","","","","","","","AC","","70130425","2008-09-08","","BBRM","","","","","Up Main/Fast","Risk Rating 3, Hazard Rating 2,Score 6",""
"110183453","VIR","26.143","QK","","26.143","1100","","MAP","","564364.0","167856.0","SOLE STREET PEDESTRIAN GATE","HKJ6","","","","","","","","","","","110183453","2023-10-31","","NRAIL","","","","","Up Main/Fast","AUTHORISED ACCESS POINT - PEDESTRIAN",""
"110183454","VIR","27.121","QK","","27.121","1100","","MAP","","565878.0","167493.0","SOLE STREET/CUXTON-COBHAMBURY TP HUT","HKJ6","","","","","","","","","","","110183454","2023-10-31","","NRAIL","","","","","Up Main/Fast","AUTHORISED ACCESS POINT - PEDESTRIAN",""
"70130371","VIR","28.0556","QK","","28.0556","1100","","MAP","","567858.0","167696.0","Sole Street/Rochester-Cobhambury Bridge","HKJ6","","","","","","","","","AC","","70130371","2008-09-08","","BBRM","","","","","Up Main/Fast","Risk Rating 2, Hazard Rating 2,Score 4",""
"110147122","VIR","29.066","QK","","29.066","9999","","MAP","","569534.0","167408.0","LOWER BUSH SUBSTATION","HKJ6","","","","","","","","","","","110147122","2023-10-31","","NRAIL","","","","","Unknown","Address:Bush Rd, Lower Bush:ME2 1HF Details: Off Warren Road, Cuxton, then through Bush Farm, Network Rail Gate at Bridge No 126 @ 29m 36c, then along cess to site.",""
"110179871","VIR","29.0792","QK","","29.0792","2100","","MAP","","569741.0","167244.0","Lower Bush Bridge No 126","HKJ6","","","","","","","","","Pedestrian","","110179871","2022-09-08","","NRAIL","","","","","Down Main/Fast","Bush Road, ME2 1HF. Off Warren Road, through Bush Farm, Network Rail gate at Bridge 126 @ 29m 36ch then along cess to site",""
"70130372","VIR","29.1688","QK","","29.1688","1100","","MAP","","570427.0","167244.0","Sole Street/Rochester <Cuxton>-Mill Hill Bridge","HKJ6","","","","","","","","","AC","","70130372","2008-09-08","","BBRM","","","","","Up Main/Fast","Risk Rating 6, Hazard Rating 2,Score 12",""
"110181611","VIR","30.0814","QK","","30.0814","1100","","MAP","","571222.0","167200.0","PEBBLE LANE","HKJ6","","","","","","","","","","","110181611","2022-11-11","","NRAIL","","","","","Up Main/Fast","",""
"110181771","VIR","30.0814","QK","","30.0814","2100","","MAP","","571222.0","167200.0","PEBBLE LANE","HKJ6","","","","","","","","","","","110181771","2022-11-11","","NRAIL","","","","","Down Main/Fast","",""
"110147123","VIR","31.022","QK","","31.022","9999","","MAP","","572272.0","167649.0","MERRALS SHAW TPH STROOD TP HUT","HKJ6","","","","","","","","","","","110147123","2023-10-31","","NRAIL","","","","","Unknown","Address:Cuxton Rd, Rochester:ME2 2GN Details: Off A228 Cuxton Road, near Cuxton, then down Roman Way, Network Rail Gate at Bridge No 130 @ 31m 42c, then along cess to site.",""
"70130374","VIR","31.0865","QK","","31.0865","1100","","MAP","","572678.0","167962.0","Sole Street/Rochester <Strood>-Roman Way Bridge","HKJ6","","","","","","","","","AC","","70130374","2008-09-08","","BBRM","","","","","Up Main/Fast","Risk Rating 3, Hazard Rating 2,Score 6",""
"70130438","VIR","31.1245","QK","","31.1245","2100","","MAP","","572885.0","168241.0","Sole Street/Rochester <Strood>-Wickham Footbridge","HKJ6","","","","","","","","","AC","","70130438","2008-09-08","","BBRM","","","","","Down Main/Fast","Risk Rating 6, Hazard Rating 2,Score 12",""
"70130439","VIR","32.07","QK","","32.07","2100","","MAP","","573318.0","169244.0","Sole Street/Rochester <Strood>-London Road Bridge","HKJ6","","","","","","","","","AC","","70130439","2008-09-08","","BBRM","","","","","Down Main/Fast","Risk Rating 6, Hazard Rating 2,Score 12",""
"70130440","VIR","32.1034","QK","","32.1034","2100","","MAP","","573564.0","169398.0","Sole Street/Rochester <Strood>-Gun Lane Bridge","HKJ6","","","","","","","","","AC","","70130440","2008-09-08","","BBRM","","","","","Down Main/Fast","Risk Rating 3, Hazard Rating 2,Score 6",""
"70130442","VIR","32.121","QK","","32.121","2100","","MAP","","573715.0","169372.0","Rochester-Furrells Road","HKJ6","","","","","","","","","AC","","70130442","2008-09-08","","BBRM","","","","","Down Main/Fast","Risk Rating 3, Hazard Rating 2,Score 6, 20 Steps Up",""
"70130441","VIR","33.0535","QK","","33.0535","2100","","MAP","","574383.0","168719.0","Rochester-Gas House Road","HKJ6","","","","","","","","","AC","","70130441","2008-09-08","","BBRM","","","","","Down Main/Fast","Risk Rating 3, Hazard Rating 2,Score 6",""
"110142430","VIR","33.0924","QK","","33.0924","2100","","MAP","","574590.0","168438.0","Blue Boar Lane CS","HKJ6","","","","","","","","","","","110142430","2008-09-08","","NRAIL","","","","","Down Main/Fast","Score 64",""
"110142431","VIR","33.0924","QK","","33.0924","1100","","MAP","","574590.0","168438.0","Blue Boar Lane LS","HKJ6","","","","","","","","","","","110142431","2008-09-08","","NRAIL","","","","","Up Main/Fast","Score 64",""
"110147125","VIR","33.1067","QK","","33.1067","9999","","MAP","","574591.0","168422.0","ROCHESTER TP HUT","HKJ6","","","","","","","","","","","110147125","2023-10-31","","NRAIL","","","","","Unknown","Address:Blue Boar Lane, Rochester:ME1 1NL Details: Use ladder to climb fence in old Goods Yard behind TPH.???",""
"70208449","VIR","34.0524","QK","","34.0524","1100","","MAP","","575488.0","167635.0","Chatham-Access from station car park to platform","HKJ6","","","","","","","","","","","70208449","2008-09-08","","BBRM","","","","","Up Main/Fast","Risk Rating 10, Hazard Rating 2,Score 20",""
"110183455","VIR","34.0664","QK","","34.0664","1100","","MAP","","575595.0","167558.0","CHATHAM CAR PARK CE","HKJ6","","","","","","","","","","","110183455","2023-10-31","","NRAIL","","","","","Up Main/Fast","AUTHORISED ACCESS POINT - PEDESTRIAN",""
"110147126","VIR","34.0765","QK","","34.0765","9999","","MAP","","575641.0","167558.0","CHATHAM SUBSTATION","HKJ6","","","","","","","","","","","110147126","2023-10-31","","NRAIL","","","","","Unknown","Address:Maidstone Rd, Chatham:ME4 6BW Details: Network Rail Gate, on down side platform, at Chatham Station, then along platform to C/E and site.",""
"70130443","VIR","34.1119","QK","","34.1119","2100","","MAP","","575958.0","167362.0","Chatham-Skinner Street Bridge","HKJ6","","","","","","","","","AC","","70130443","2008-09-08","","BBRM","","","","","Down Main/Fast","Risk Rating 6, Hazard Rating 2,Score 12",""
"70130375","VIR","34.145","QK","","34.145","1100","","MAP","","576252.0","167345.0","Chatham-Herman Terrace","HKJ6","","","","","","","","","AC","","70130375","2008-09-08","","BBRM","","","","","Up Main/Fast","Risk Rating 6, Hazard Rating 2,Score 12",""
"70130376","VIR","35.0022","QK","","35.0022","1100","","MAP","","576526.0","167490.0","LUTON ARCH TPH CHATHAM TP HUT","HKJ6","","","","","","","","","AC","","70130376","2011-05-17","","NRAIL","","","","","Up Main/Fast","Address:Longhill Avenue, Chatham:ME5 7AT Details: Network Rail Gate, off Mount Pleasant Cul de Sac, off A2 Chatham Hill, then into site. ~ Risk Rating 10, Hazard Rating 2,Score 20",""
"110183456","VIR","35.1694","QK","","35.1694","2100","","MAP","","577752.0","168477.0","GILLINGHAM DOUBLE GATES","HKJ6","","","","","","","","","","","110183456","2023-10-31","","NRAIL","","","","","Down Main/Fast","AUTHORISED ACCESS POINT - PEDESTRIAN",""
"70130444","VIR","36.0022","QK","","36.0022","2100","","MAP","","577766.0","168438.0","Gillingham-Down side Car Park","HKJ6","","","","","","","","","AC","","70130444","2008-09-08","","BBRM","","","","","Down Main/Fast","Risk Rating 3, Hazard Rating 3,Score 9",""
"110142432","VIR","36.0176","QK","","36.0176","1100","","MAP","","577906.0","168449.0","Gillingham National Deeds Centre","HKJ6","","","","","","","","","","","110142432","2008-09-08","","NRAIL","","","","","Up Main/Fast","Score 13",""
"70208643","VIR","36.0208","QK","","36.0208","2900","","MAP","","577935.0","168449.0","Gillingham","HKJ6","","","","","","","","","","","70208643","2017-09-28","","BBRM","","","","","Down Siding","Risk Rating 6, Hazard Rating 2,Score 12",""
"70208650","VIR","36.0294","QK","","36.0294","2900","","MAP","","578013.0","168443.0","Gillingham","HKJ6","","","","","","","","","","","70208650","2008-09-08","","BBRM","","","","","Down Siding","Risk Rating 6, Hazard Rating 2,Score 12",""
"110181606","VIR","36.0374","QK","","36.0374","1100","","MAP","","578085.0","168433.0","GILLINGHAM","HKJ6","","","","","","","","","","","110181606","2022-11-11","","NRAIL","","","","","Up Main/Fast","",""
"110181766","VIR","36.0374","QK","","36.0374","2100","","MAP","","578085.0","168433.0","GILLINGHAM","HKJ6","","","","","","","","","","","110181766","2022-11-11","","NRAIL","","","","","Down Main/Fast","",""
"70260214","VIR","36.0374","QK","","36.0374","1100","","MAP","","578144.0","168421.0","Gillingham Signalbox","HKJ6","","","","","","","","","","","70260214","2019-02-08","","BBRM","","","","","Up Main/Fast","Risk Rating 3, Hazard Rating 2,Score 6",""
"110142433","VIR","36.0374","QK","","36.0374","2100","","MAP","","578144.0","168421.0","Gillingham Level Crossing ","HKJ6","","","","","","","","","","","110142433","2019-02-08","","NRAIL","","","","","Down Main/Fast","Score 11",""
"110147127","VIR","36.0396","QK","","36.0396","9999","","MAP","","578152.0","168370.0","GILLINGHAM KENT SUBSTATION","HKJ6","","","","","","","","","","","110147127","2023-10-31","","NRAIL","","","","","Unknown","Address:Ingram Rd, Gillingham:ME7 1YL Details: Network Rail Gate, off Ferndale Road, then into site.",""
"110142434","VIR","36.0462","QK","","36.0462","2100","","MAP","","578164.0","168416.0","Gillingham Level Crossing ","HKJ6","","","","","","","","","","","110142434","2008-09-08","","NRAIL","","","","","Down Main/Fast","Score 11",""
"110142435","VIR","36.0462","QK","","36.0462","1100","","MAP","","578164.0","168416.0","Gillingham Level Crossing ","HKJ6","","","","","","","","","","","110142435","2008-09-08","","NRAIL","","","","","Up Main/Fast","Score 11",""
"110183457","VIR","36.1276","QK","","36.1276","1100","","MAP","","34061.0","512304.2","WOODLANDS ROAD","HKJ6","","","","","","","","","","","110183457","2024-06-24","","NRAIL","","","","","Up Main/Fast","Authorised Access Point- Pedestrian",""
"70130377","VIR","37.0151","QK","","37.0151","1100","","MAP","","579409.0","167964.0","Gillingham-Beechings Foot Bridge","HKJ6","","","","","","","","","AC","","70130377","2008-09-08","","BBRM","","","","","Up Main/Fast","Risk Rating 6, Hazard Rating 2,Score 12",""
"70130378","VIR","37.1034","QK","","37.1034","1100","","MAP","","580148.0","167643.0","Gillingham/Rainham-Twydall Lane","HKJ6","","","","","","","","","AC","","70130378","2008-09-08","","BBRM","","","","","Up Main/Fast","Risk Rating 6, Hazard Rating 2,Score 12",""
"110147180","VIR","37.1342","QK","","37.1342","9999","","MAP","","580377.0","167480.0","TWYDALL TPH RAINHAM TP HUT","HKJ6","","","","","","","","","","","110147180","2023-10-31","","NRAIL","","","","","Unknown","Address:Gifford Close, Twydall:ME8 6RF Details: Network Rail Gate, off Twydall Lane, Cul de Sac, then along cess to site.",""
"70130380","VIR","38.0655","QK","","38.0655","2100","","MAP","","581145.0","166868.0","Rainham-Smarts Footbridge","HKJ6","","","","","","","","","AC","","70130380","2008-09-08","","BBRM","","","","","Down Main/Fast","Risk Rating 6, Hazard Rating 2,Score 12",""
"110183458","VIR","38.1122","QK","","38.1122","1100","","MAP","","581501.0","166626.0","BERENGRAVE LANE","HKJ6","","","","","","","","","","","110183458","2023-10-31","","NRAIL","","","","","Up Main/Fast","AUTHORISED ACCEESS POINT- PEDESTRIAN",""
"70130446","VIR","38.1716","QK","","38.1716","2100","","MAP","","581923.0","166275.0","Rainham-Signalbox","HKJ6","","","","","","","","","AC","","70130446","2025-02-20","","BBRM","","","","","Down Main/Fast","Risk Rating 6, Hazard Rating 3,Score 18",""
"110181613","VIR","39.0022","QK","","39.0022","1100","","MAP","","581953.0","166229.0","RAINHAM","HKJ6","","","","","","","","","","","110181613","2022-11-11","","NRAIL","","","","","Up Main/Fast","",""
"110181773","VIR","39.0022","QK","","39.0022","2100","","MAP","","581953.0","166229.0","RAINHAM","HKJ6","","","","","","","","","","","110181773","2022-11-11","","NRAIL","","","","","Down Main/Fast","",""
"110153987","VIR","39.0902","QK","","39.0902","1100","","MAP","","582691.0","165924.0","Otterham Quay Lane Bridge No179","HKJ6","","","","","","","","","","","110153987","2015-10-22","","NRAIL","","","","","Up Main/Fast","",""
"70130447","VIR","40.1422","QK","","40.1422","2200","","MAP","","584643.0","165231.0","Rainham/Newington-Hartlip TP / Breach Lane","HKJ6","","","","","","","","","AC","","70130447","2008-09-08","","BBRM","","","","","Down Slow","Risk Rating 3, Hazard Rating 2,Score 6",""
"110147128","VIR","40.1594","QK","","40.1594","9999","","MAP","","584671.0","165255.0","HARTLIP TPH NEWINGTON TP HUT","HKJ6","","","","","","","","","","","110147128","2023-10-31","","NRAIL","","","","","Unknown","Address:Breach Lane, Newington:ME9 7PA Details: Network Rail Gate, off Breach Lane, off A2 London Road footpath along side factory at bottom of bank and to site",""
"110181602","VIR","41.1716","QK","","41.1716","1100","","MAP","","586484.0","165040.0","CHURCH LANE","HKJ6","","","","","","","","","","","110181602","2022-11-11","","NRAIL","","","","","Up Main/Fast","",""
"110181762","VIR","41.1716","QK","","41.1716","2100","","MAP","","586484.0","165040.0","CHURCH LANE","HKJ6","","","","","","","","","","","110181762","2022-11-11","","NRAIL","","","","","Down Main/Fast","",""
"110147129","VIR","42.0","QK","","42.0","9999","","MAP","","586473.0","165086.0","NEWINGTON SUBSTATION","HKJ6","","","","","","","","","","","110147129","2023-10-31","","NRAIL","","","","","Unknown","Address:Coldharbour Lane, Newington:ME9 7HY Details: Network Rail Gate, Adjacent to Coldharbour Footpath, off Coldharbour Lane, then along cess to site.",""
"110181603","VIR","42.1078","QK","","42.1078","1100","","MAP","","587460.0","165177.0","COLDHARBOUR","HKJ6","","","","","","","","","","","110181603","2022-11-11","","NRAIL","","","","","Up Main/Fast","",""
"110181763","VIR","42.1078","QK","","42.1078","2100","","MAP","","587460.0","165177.0","COLDHARBOUR","HKJ6","","","","","","","","","","","110181763","2022-11-11","","NRAIL","","","","","Down Main/Fast","",""
"70130448","VIR","42.1518","QK","","42.1518","2100","","MAP","","587835.0","165030.0","Newington/Sittingbourne-Coldharbour Bridge","HKJ6","","","","","","","","","AC","","70130448","2008-09-08","","BBRM","","","","","Down Main/Fast","Risk Rating 4, Hazard Rating 2,Score 8",""
"110181608","VIR","43.0242","QK","","43.0242","1100","","MAP","","588246.0","164868.0","GOODHEWS","HKJ6","","","","","","","","","","","110181608","2022-11-11","","NRAIL","","","","","Up Main/Fast","",""
"110181768","VIR","43.0242","QK","","43.0242","2100","","MAP","","588246.0","164868.0","GOODHEWS","HKJ6","","","","","","","","","","","110181768","2022-11-11","","NRAIL","","","","","Down Main/Fast","",""
"110181617","VIR","43.0704","QK","","43.0704","1100","","MAP","","588639.0","164713.0","SIMPSONS","HKJ6","","","","","","","","","","","110181617","2022-11-11","","NRAIL","","","","","Up Main/Fast","",""
"110181777","VIR","43.0704","QK","","43.0704","2100","","MAP","","588639.0","164713.0","SIMPSONS","HKJ6","","","","","","","","","","","110181777","2022-11-11","","NRAIL","","","","","Down Main/Fast","",""
"70130449","VIR","44.0099","QK","","44.0099","2100","","MAP","","589566.0","164215.0","Sittingbourne-Staplehurst Road","HKJ6","","","","","","","","","AC","","70130449","2008-09-08","","BBRM","","","","","Down Main/Fast","Risk Rating 6, Hazard Rating 2,Score 12",""
"110147130","VIR","44.0285","QK","","44.0285","9999","","MAP","","589839.0","164072.0","CHALKWELL TPH SITTINGBOURNE TP HUT","HKJ6","","","","","","","","","","","110147130","2023-10-31","","NRAIL","","","","","Unknown","Address:Springfield Rd, Sittingbourne:ME10 2ND Details: Network Rail Gate, off Staplehurst Road, Sittingbourne. Bridge No 198 @ 44m 04c then along access path to site.",""
"70130382","VIR","44.0396","QK","","44.0396","1100","","MAP","","589814.0","164103.0","Sittingbourne-Wellwinch Road","HKJ6","","","","","","","","","AC","","70130382","2015-08-05","","NRAIL","","","","","Up Main/Fast","Risk Rating 6, Hazard Rating 2,Score 12",""
"70130450","VIR","44.0399","QK","","44.0399","2100","","MAP","","589817.0","164102.0","Sittingbourne-Waterloo Road","HKJ6","","","","","","","","","AC","","70130450","2008-09-08","","BBRM","","","","","Down Main/Fast","Risk Rating 6, Hazard Rating 2,Score 12",""
"70197192","VIR","44.111","QK","","44.111","2100","","MAP","","590441.0","163920.0","Sittingbourne-Eurolink Rd","HKJ6","","","","","","","","","","","70197192","2008-09-08","","BBRM","","","","","Down Main/Fast","Risk Rating 6, Hazard Rating 3,Score 18",""
"70130381","VIR","44.1151","QK","","44.1151","1100","","MAP","","590477.0","163911.0","Sittingbourne-BBRML PICOP's Offices","HKJ6","","","","","","","","","AC","","70130381","2008-09-08","","BBRM","","","","","Up Main/Fast","Risk Rating 6, Hazard Rating 3,Score 18",""
"110183459","VIR","44.132","QK","","44.132","2100","","MAP","","589565.0","164201.0","EUROLINK WAY","HKJ6","","","","","","","","","","","110183459","2023-10-31","","NRAIL","","","","","Down Main/Fast","AUTHORISED ACCESS POINT - PEDESTRIAN",""
"110155903","VIR","44.1474","QK","","44.1474","1100","","MAP","","590761.0","163835.0","Sittingbourne RRV/CAR PARK","HKJ6","","","","","","","","","","","110155903","2017-09-28","","NRAIL","","","","","Up Main/Fast","","TQ 90761 63835"
"70197205","VIR","44.1525","QK","","44.1525","1100","","MAP","","590807.0","163823.0","Sittingbourne","HKJ6","","","","","","","","","","","70197205","2017-09-28","","BBRM","","","","","Up Main/Fast","Risk Rating 6, Hazard Rating 2,Score 12",""
"70130383","VIR","45.121","QK","","45.121","1100","","MAP","","592134.0","163760.0","SITTINGBOURNE SUBSTATION","HKJ6","","","","","","","","","AC","","70130383","2019-02-08","","NRAIL","","","","","Up Main/Fast","Address:All Saints Rd, Sittingbourne:ME10 3PB Details: Network Rail Gate, off footpath from Coombe Drive, @ 45m 55c then into site. ~ Risk Rating 6, Hazard Rating 2,Score 12",""
"70130451","VIR","45.1674","QK","","45.1674","2100","","MAP","","592541.0","163779.0","Sittingbourne/Teynham-Tonge Road","HKJ6","","","","","","","","","AC","","70130451","2008-09-08","","BBRM","","","","","Down Main/Fast","Risk Rating 6, Hazard Rating 2,Score 12",""
"110181595","VIR","47.0044","QK","","47.0044","1100","","MAP","","594260.0","163606.0","BAX","HKJ6","","","","","","","","","","","110181595","2022-11-11","","NRAIL","","","","","Up Main/Fast","",""
"110181755","VIR","47.0044","QK","","47.0044","2100","","MAP","","594260.0","163606.0","BAX","HKJ6","","","","","","","","","","","110181755","2022-11-11","","NRAIL","","","","","Down Main/Fast","",""
"110183460","VIR","47.0484","QK","","47.0484","1100","","MAP","","594667.0","163505.0","BAX FARM","HKJ6","","","","","","","","","","","110183460","2023-10-31","","NRAIL","","","","","Up Main/Fast","AUTHORISED ACCESS POINT - PEDESTRIAN",""
"110147131","VIR","47.0528","QK","","47.0528","9999","","MAP","","594660.0","163502.0","FROGNAL TPH TEYNHAM TP HUT","HKJ6","","","","","","","","","","","110147131","2023-10-31","","NRAIL","","","","","Unknown","Address:Lower Rd, Teynham:ME9 9BT Details: Network Rail Gate, off Lower Road, Teynham, Farm Lane at Bridge No 215 @ 47m 22c and then along cess to site",""
"110181604","VIR","47.0836","QK","","47.0836","1100","","MAP","","594590.0","163388.0","FROGNAL FARM","HKJ6","","","","","","","","","","","110181604","2022-11-11","","NRAIL","","","","","Up Main/Fast","",""
"110181764","VIR","47.0836","QK","","47.0836","2100","","MAP","","594590.0","163388.0","FROGNAL FARM","HKJ6","","","","","","","","","","","110181764","2022-11-11","","NRAIL","","","","","Down Main/Fast","",""
"110181621","VIR","47.143","QK","","47.143","1100","","MAP","","595459.0","163198.0","TEYNHAM WEST","HKJ6","","","","","","","","","","","110181621","2022-11-11","","NRAIL","","","","","Up Main/Fast","",""
"110181781","VIR","47.143","QK","","47.143","2100","","MAP","","595459.0","163198.0","TEYNHAM WEST","HKJ6","","","","","","","","","","","110181781","2022-11-11","","NRAIL","","","","","Down Main/Fast","",""
"110181620","VIR","47.1738","QK","","47.1738","1100","","MAP","","595724.0","163098.0","TEYNHAM EAST","HKJ6","","","","","","","","","","","110181620","2022-11-11","","NRAIL","","","","","Up Main/Fast","",""
"110181780","VIR","47.1738","QK","","47.1738","2100","","MAP","","595724.0","163098.0","TEYNHAM EAST","HKJ6","","","","","","","","","","","110181780","2022-11-11","","NRAIL","","","","","Down Main/Fast","",""
"70130384","VIR","48.1145","QK","","48.1145","1100","","MAP","","596722.0","162727.0","Teyham/Faversham-Lower Road Deerton","HKJ6","","","","","","","","","AC","","70130384","2008-09-08","","BBRM","","","","","Up Main/Fast","Risk Rating 2, Hazard Rating 2,Score 4",""
"110183461","VIR","49.044","QK","","49.044","1100","","MAP","","597870.0","162007.0","STONE CROSSING","HKJ6","","","","","","","","","","","110183461","2023-10-31","","NRAIL","","","","","Up Main/Fast","AUTHORISED ACCESS POINT - PEDESTRIAN",""
"110181618","VIR","49.088","QK","","49.088","1100","","MAP","","597879.0","162019.0","STONE","HKJ6","","","","","","","","","","","110181618","2022-11-11","","NRAIL","","","","","Up Main/Fast","",""
"110181778","VIR","49.088","QK","","49.088","2100","","MAP","","597879.0","162019.0","STONE","HKJ6","","","","","","","","","","","110181778","2022-11-11","","NRAIL","","","","","Down Main/Fast","",""
"70130385","VIR","50.0491","QK","","50.0491","1100","","MAP","","599069.0","161639.0","Teyham/Faversham-Beacon Hill Bridge Luddenham","HKJ6","","","","","","","","","AC","","70130385","2008-09-08","","BBRM","","","","","Up Main/Fast","Risk Rating 4, Hazard Rating 2,Score 8",""
"110147132","VIR","50.0856","QK","","50.0856","9999","","MAP","","599068.0","161634.0","LUDDENHAM TPH FAVERSHAM TP HUT","HKJ6","","","","","","","","","","","110147132","2023-10-31","","NRAIL","","","","","Unknown","Address:Western Link, Faversham:ME13 7NT Details: Network Rail Gate, off Beacon Hill. Bridge No 224  @ 50m 22c then along cess to site.",""
"110181619","VIR","50.1078","QK","","50.1078","1100","","MAP","","599535.0","161372.0","SYNDALE","HKJ6","","","","","","","","","","","110181619","2022-11-11","","NRAIL","","","","","Up Main/Fast","",""
"110181779","VIR","50.1078","QK","","50.1078","2100","","MAP","","599535.0","161372.0","SYNDALE","HKJ6","","","","","","","","","","","110181779","2022-11-11","","NRAIL","","","","","Down Main/Fast","",""
"110181622","VIR","50.154","QK","","50.154","1100","","MAP","","599902.0","161161.0","UNION","HKJ6","","","","","","","","","","","110181622","2022-11-11","","NRAIL","","","","","Up Main/Fast","",""
"110181782","VIR","50.154","QK","","50.154","2100","","MAP","","599902.0","161161.0","UNION","HKJ6","","","","","","","","","","","110181782","2022-11-11","","NRAIL","","","","","Down Main/Fast","",""
"110183462","VIR","51.0902","QK","","51.0902","1100","","MAP","","600894.0","160940.0","ST ANNES DOUBLE ACCESS","HKJ6","","","","","","","","","","","110183462","2023-10-31","","NRAIL","","","","","Up Main/Fast","AUTHORISED ACCESS POINT - PEDESTRIAN",""
"70130452","VIR","51.1576","QK","","51.1576","2500","","MAP","","601499.0","160930.0","Faversham-Train Crew Block Access","HKJ6","","","","","","","","","AC","","70130452","2008-09-08","","BBRM","","","","","Down Loop","Risk Rating 6, Hazard Rating 3,Score 18",""
"70130453","VIR","51.1584","QK","","51.1584","2500","","MAP","","601507.0","160928.0","Faversham-Reception Road Gate","HKJ6","","","","","","","","","AC","","70130453","2008-09-08","","BBRM","","","","","Down Loop","Risk Rating 6, Hazard Rating 3,Score 18",""
"70130388","VIR","51.1596","QK","","51.1596","1800","","MAP","","601517.0","160926.0","Faversham-St Georges Dock - Side Door","HKJ6","","","","","","","","","AC","","70130388","2008-09-08","","BBRM","","","","","Up Other/Eng/Car","Risk Rating 6, Hazard Rating 2,Score 430",""
"70130387","VIR","51.1618","QK","","51.1618","1800","","MAP","","601537.0","160921.0","Faversham-Back Road Car Park","HKJ6","","","","","","","","","AC","","70130387","2008-09-08","","BBRM","","","","","Up Other/Eng/Car","Risk Rating 6, Hazard Rating 3,Score 18",""
"70207137","VIR","52.0296","QK","","52.0296","2900","","MAP","","601918.0","160800.0","Faversham","HKJ6","","","","","","","","","","","70207137","2008-09-08","","BBRM","","","","","Down Siding","Risk Rating 6, Hazard Rating 2,Score 12",""
"110147133","VIR","52.0352","QK","","52.0352","9999","","MAP","","601862.0","160826.0","FAVERSHAM SUBSTATION","HKJ6","","","","","","","","","","","110147133","2023-10-31","","NRAIL","","","","","Unknown","Address:Hilton Close, Faversham:ME13 8BS Details: Network Rail Gate, off Up Side Car Park,Faversham Station @ 51m 77c  then along cess to site.",""
"110183463","VIR","52.0682","QK","","52.0682","2100","","MAP","","602024.0","160796.0","FAVERSHAM DN SIDINGS PED","HKJ6","","","","","","","","","","","110183463","2024-11-27","","NRAIL","","","","","Down Main/Fast","AUTHORISED ACCESS POINT - PEDESTRIAN
IMPORTANT - ‘Access is via private property and must not be used unless agreed prior. To requested access contact Ashford MPC. For out of hours access contact KICC’",""
"110181599","VIR","53.011","QK","","53.011","1100","","MAP","","603224.0","161359.0","CHAMBERS FOOTPATH","HKJ6","","","","","","","","","","","110181599","2022-11-11","","NRAIL","","","","","Up Main/Fast","",""
"110181759","VIR","53.011","QK","","53.011","2100","","MAP","","603224.0","161359.0","CHAMBERS FOOTPATH","HKJ6","","","","","","","","","","","110181759","2022-11-11","","NRAIL","","","","","Down Main/Fast","",""
"110147134","VIR","53.1496","QK","","53.1496","9999","","MAP","","604462.0","161943.0","CULMERS TPH FAVERSHAM TP HUT","HKJ6","","","","","","","","","","","110147134","2023-10-31","","NRAIL","","","","","Unknown","Address:Head Hill Rd, Graveney:ME13 9BZ Details: Network Rail Gate, at Bridge No 761 off Graveney Road, @ 54m 25c  then along cess to site.",""
"110181594","VIR","53.1628","QK","","53.1628","1100","","MAP","","604486.0","161927.0","AUSTINS","HKJ6","","","","","","","","","","","110181594","2022-11-11","","NRAIL","","","","","Up Main/Fast","",""
"110181754","VIR","53.1628","QK","","53.1628","2100","","MAP","","604486.0","161927.0","AUSTINS","HKJ6","","","","","","","","","","","110181754","2022-11-11","","NRAIL","","","","","Down Main/Fast","",""
"110158914","VIR","54.0572","QK","","54.0572","1100","","MAP","","605074.0","162185.0","Faversham/Whitstable-Head Hill Road, Graveney","HKJ6","","","","","","","","","AC","","110158914","2017-04-03","","BBRM","","","","","Up Main/Fast","Risk Rating 6, Hazard Rating 2,Score 12",""
"110158915","VIR","54.1685","QK","","54.1685","1100","","MAP","","605884.0","162812.0","Graveney Level Crossing LE","HKJ6","","","","","","","","","AC","","110158915","2017-04-03","","NRAIL","","","","","Up Main/Fast","","TR 05884 62812"
"110181609","VIR","54.1694","QK","","54.1694","1100","","MAP","","605883.0","162815.0","GRAVENEY","HKJ6","","","","","","","","","","","110181609","2022-11-11","","NRAIL","","","","","Up Main/Fast","",""
"110181769","VIR","54.1694","QK","","54.1694","2100","","MAP","","605883.0","162815.0","GRAVENEY","HKJ6","","","","","","","","","","","110181769","2022-11-11","","NRAIL","","","","","Down Main/Fast","",""
"70130389","VIR","54.1704","QK","","54.1704","1100","","MAP","","605882.0","162814.0","Graveney Level Crossing CE","HKJ6","","","","","","","","","AC","","70130389","2017-04-03","","NRAIL","","","","","Up Main/Fast","","TR 05882 62814"
"70260218","VIR","55.0924","QK","","55.0924","1100","","MAP","","606599.0","163400.0","Faversham/Whitstable-Graveney TP Hut","HKJ6","","","","","","","","","","","70260218","2023-10-31","","NRAIL","","","","","Up Main/Fast","Address:Monkshill Rd, Graveney:ME13 9EH Details: Graveney Level Crossing <AHB>, @ 54m 77c Then along cess to site. ~ Risk Rating 4, Hazard Rating 2,Score 8",""
"70130390","VIR","57.0","QK","","57.0","1100","","MAP","","608465.0","164844.0","Faversham/Whitstable-Blue Anchor Lane, Seasalter","HKJ6","","","","","","","","","AC","","70130390","2008-09-08","","BBRM","","","","","Up Main/Fast","Risk Rating 6, Hazard Rating 2,Score 12",""
"110147135","VIR","57.0462","QK","","57.0462","9999","","MAP","","609412.0","165345.0","SEASALTER TPH FAVERSHAM TP HUT","HKJ6","","","","","","","","","","","110147135","2023-10-31","","NRAIL","","","","","Unknown","Address:St. Marys Grove, Whitstable:CT5 4AE Details: Network Rail Gate, at Bridge No 178, Blue Anchor, @ 57m 00c  then along cess to site.",""
"70197331","VIR","57.1181","QK","","57.1181","1100","","MAP","","609423.0","165332.0","Faversham/Whitstable","HKJ6","","","","","","","","","","","70197331","2008-09-08","","BBRM","","","","","Up Main/Fast","",""
"70130391","VIR","57.1738","QK","","57.1738","1100","","MAP","","609833.0","165633.0","Whitstable-Joy Lane Bridge 769","HKJ6","","","","","","","","","AC","","70130391","2008-09-08","","BBRM","","","","","Up Main/Fast","Risk Rating 6, Hazard Rating 2,Score 12",""
"110181607","VIR","58.077","QK","","58.077","1100","","MAP","","610496.0","165922.0","GLEBE WAY","HKJ6","","","","","","","","","","","110181607","2022-11-11","","NRAIL","","","","","Up Main/Fast","",""
"110181767","VIR","58.077","QK","","58.077","2100","","MAP","","610496.0","165922.0","GLEBE WAY","HKJ6","","","","","","","","","","","110181767","2022-11-11","","NRAIL","","","","","Down Main/Fast","",""
"110147136","VIR","58.1738","QK","","58.1738","9999","","MAP","","611229.0","166423.0","WHITSTABLE SUBSTATION","HKJ6","","","","","","","","","","","110147136","2023-10-31","","NRAIL","","","","","Unknown","Address:Railway Avenue, Whitstable:CT5 1LL Details: Network Rail Gate, off Station Approach Road, Whitstable Station.",""
"110181610","VIR","59.1056","QK","","59.1056","1100","","MAP","","612204.0","166571.0","HAM SHADES","HKJ6","","","","","","","","","","","110181610","2022-11-11","","NRAIL","","","","","Up Main/Fast","",""
"110181770","VIR","59.1056","QK","","59.1056","2100","","MAP","","612204.0","166571.0","HAM SHADES","HKJ6","","","","","","","","","","","110181770","2022-11-11","","NRAIL","","","","","Down Main/Fast","",""
"110147137","VIR","60.1364","QK","","60.1364","9999","","MAP","","614084.0","166877.0","CHESTFIELD TPH TP HUT","HKJ6","","","","","","","","","","","110147137","2023-10-31","","NRAIL","","","","","Unknown","Address:Londfield Close, Chestfield:CT5 2QY Details: Chestfield Station, then along up side platform C/E, then along cess to site.",""
"110150791","VIR","61.0484","QK","","61.0484","1100","","MAP","","614866.0","167026.0","Coalwood Bridge","HKJ6","","","","","","","","","Ped Access","","110150791","2014-06-17","","NRAIL","","","","","Up Main/Fast","",""
"110124634","VIR","63.0572","QK","","63.0572","2100","","MAP","","618123.0","167378.0","CANTERBURY ROAD HERNE BAY","HKJ6","","","","","","","","","","","110124634","2008-09-08","","NRAIL","","","","","Down Main/Fast","",""
"110153249","VIR","63.0572","QK","","63.0572","2100","","MAP","","618999.0","167379.0","BLACKSOLE ROAD BRIDGE","HKJ6","","","","","","","","","","","110153249","2015-07-22","","NRAIL","","","","","Down Main/Fast","",""
"110147138","VIR","64.0481","QK","","64.0481","9999","","MAP","","619634.0","167434.0","BROOMFIELD TPH TP HUT","HKJ6","","","","","","","","","","","110147138","2023-10-31","","NRAIL","","","","","Unknown","Address:Bogshole Lane, Beltinge:CT6 6UN Details: Network Rail Gate, off Bridge No 795 Bogshole @ 64m 30c  then along cess to site",""
"70130392","VIR","64.066","QK","","64.066","2100","","MAP","","619809.0","167433.0","Herne Bay/Birchington-Bogs Hole Bridge","HKJ6","","","","","","","","","AC","","70130392","2008-09-08","","BBRM","","","","","Down Main/Fast","Risk Rating 10, Hazard Rating 2,Score 20",""
"70130393","VIR","65.0066","QK","","65.0066","2100","","MAP","","620872.0","167510.0","Herne Bay/Birchington-Sweech Hill Bridge, Reculver","HKJ6","","","","","","","","","AC","","70130393","2008-09-08","","BBRM","","","","","Down Main/Fast","Risk Rating 2, Hazard Rating 2,Score 4",""
"110181597","VIR","65.1298","QK","","65.1298","1100","","MAP","","621918.0","167906.0","BROOK","HKJ6","","","","","","","","","","","110181597","2022-11-11","","NRAIL","","","","","Up Main/Fast","",""
"110181757","VIR","65.1298","QK","","65.1298","2100","","MAP","","621918.0","167906.0","BROOK","HKJ6","","","","","","","","","","","110181757","2022-11-11","","NRAIL","","","","","Down Main/Fast","",""
"70260220","VIR","65.1562","QK","","65.1562","2100","","MAP","","622129.0","168025.0","Herne Bay/Birchington-Reculver Substation","HKJ6","","","","","","","","","","","70260220","2008-09-08","","BBRM","","","","","Down Main/Fast","Risk Rating 2, Hazard Rating 2,Score 4",""
"110147139","VIR","65.1698","QK","","65.1698","9999","","MAP","","622110.0","168038.0","RECULVER SUBSTATION","HKJ6","","","","","","","","","","","110147139","2023-10-31","","NRAIL","","","","","Unknown","Address:Brook Lane, Reculver:CT6 6TT Details: Off Brook Lane, at Bridge No 800 @ 65m 71c then along access footpath to site",""
"110181615","VIR","66.1188","QK","","66.1188","1100","","MAP","","623358.0","168287.0","SIGNAL BOX","HKJ6","","","","","","","","","","","110181615","2022-11-11","","NRAIL","","","","","Up Main/Fast","",""
"110181775","VIR","66.1188","QK","","66.1188","2100","","MAP","","623358.0","168287.0","SIGNAL BOX","HKJ6","","","","","","","","","","","110181775","2022-11-11","","NRAIL","","","","","Down Main/Fast","",""
"110181600","VIR","67.0374","QK","","67.0374","1100","","MAP","","624211.0","168458.0","CHANDLERS","HKJ6","","","","","","","","","","","110181600","2022-11-11","","NRAIL","","","","","Up Main/Fast","",""
"110181760","VIR","67.0374","QK","","67.0374","2100","","MAP","","624211.0","168458.0","CHANDLERS","HKJ6","","","","","","","","","","","110181760","2022-11-11","","NRAIL","","","","","Down Main/Fast","",""
"110181596","VIR","67.1078","QK","","67.1078","1100","","MAP","","624845.0","168567.0","BROADLEY","HKJ6","","","","","","","","","","","110181596","2022-11-11","","NRAIL","","","","","Up Main/Fast","",""
"110181756","VIR","67.1078","QK","","67.1078","2100","","MAP","","624845.0","168567.0","BROADLEY","HKJ6","","","","","","","","","","","110181756","2022-11-11","","NRAIL","","","","","Down Main/Fast","",""
"110147141","VIR","67.1144","QK","","67.1144","9999","","MAP","","624837.0","168580.0","COLDHARBOUR TPH BIRCHINGTON TP HUT","HKJ6","","","","","","","","","","","110147141","2023-10-31","","NRAIL","","","","","Unknown","Address:Potten Street Rd, Reculver:CT7 0QN Details: Channel Occupation Crossing, Network Rail Gate, @ 67m 62c and then along cess to site",""
"110181601","VIR","67.1364","QK","","67.1364","1100","","MAP","","625103.0","168611.0","CHANNEL","HKJ6","","","","","","","","","","","110181601","2022-11-11","","NRAIL","","","","","Up Main/Fast","",""
"110181761","VIR","67.1364","QK","","67.1364","2100","","MAP","","625103.0","168611.0","CHANNEL","HKJ6","","","","","","","","","","","110181761","2022-11-11","","NRAIL","","","","","Down Main/Fast","",""
"110181616","VIR","68.0484","QK","","68.0484","1100","","MAP","","625984.0","168749.0","SIMMONDS","HKJ6","","","","","","","","","","","110181616","2022-11-11","","NRAIL","","","","","Up Main/Fast","",""
"110181776","VIR","68.0484","QK","","68.0484","2100","","MAP","","625984.0","168749.0","SIMMONDS","HKJ6","","","","","","","","","","","110181776","2022-11-11","","NRAIL","","","","","Down Main/Fast","",""
"110181614","VIR","68.1716","QK","","68.1716","1100","","MAP","","626995.0","168940.0","SHORT DRIVE","HKJ6","","","","","","","","","","","110181614","2022-11-11","","NRAIL","","","","","Up Main/Fast","",""
"110181774","VIR","68.1716","QK","","68.1716","2100","","MAP","","626995.0","168940.0","SHORT DRIVE","HKJ6","","","","","","","","","","","110181774","2022-11-11","","NRAIL","","","","","Down Main/Fast","",""
"70260221","VIR","69.0594","QK","","69.0594","2100","","MAP","","627574.0","169040.0","Herne Bay/Birchington-Minnis Bay Substation","HKJ6","","","","","","","","","","","70260221","2008-09-08","","BBRM","","","","","Down Main/Fast","Risk Rating 2, Hazard Rating 2,Score 4",""
"110147142","VIR","69.0594","QK","","69.0594","2100","","MAP","","627576.0","169046.0","Plum Pudding Island MINNIS BAY SUBSTATION","HKJ6","","","","","","","","","","","110147142","2022-09-20","","NRAIL","","","","","Down Main/Fast","Off Dane Road, CT7 9QS to Plum Pudding Island then through Network Rail gate direct to site. You can park directly outside the substation",""
"110181605","VIR","69.0968","QK","","69.0968","1100","","MAP","","627919.0","169099.0","GAP ","HKJ6","","","","","","","","","","","110181605","2022-11-11","","NRAIL","","","","","Up Main/Fast","",""
"110181765","VIR","69.0968","QK","","69.0968","2100","","MAP","","627919.0","169099.0","GAP ","HKJ6","","","","","","","","","","","110181765","2022-11-11","","NRAIL","","","","","Down Main/Fast","",""
"110181598","VIR","70.0264","QK","","70.0264","1100","","MAP","","628867.0","169261.0","BROOKS END","HKJ6","","","","","","","","","","","110181598","2022-11-11","","NRAIL","","","","","Up Main/Fast","",""
"110181758","VIR","70.0264","QK","","70.0264","2100","","MAP","","628867.0","169261.0","BROOKS END","HKJ6","","","","","","","","","","","110181758","2022-11-11","","NRAIL","","","","","Down Main/Fast","",""
"110147143","VIR","71.0088","QK","","71.0088","9999","","MAP","","630302.0","169515.0","BIRCHINGTON TPH TP HUT","HKJ6","","","","","","","","","","","110147143","2023-10-31","","NRAIL","","","","","Unknown","Address:Cross Rd, Birchington:CT7 9HN Details: Birchington-on-Sea Station, then along platform to C/E, then along cess to site",""
"70260222","VIR","71.0506","QK","","71.0506","2100","","MAP","","630677.0","169556.0","Birchington/Westgate-Epple Road Bridge 813","HKJ6","","","","","","","","","","","70260222","2008-09-08","","BBRM","","","","","Down Main/Fast","Risk Rating 6, Hazard Rating 2,Score 12",""
"70130394","VIR","71.1628","QK","","71.1628","2100","","MAP","","631667.0","169793.0","Birchington/Westgate-Hengist Road Bridge 814","HKJ6","","","","","","","","","AC","","70130394","2008-09-08","","BBRM","","","","","Down Main/Fast","Risk Rating 6, Hazard Rating 2,Score 12",""
"70260224","VIR","73.011","QK","","73.011","2100","","MAP","","633475.0","170100.0","Westgate/Margate-Barn Crescent","HKJ6","","","","","","","","","","","70260224","2008-09-08","","BBRM","","","","","Down Main/Fast","Risk Rating 6, Hazard Rating 2,Score 12",""
"70260225","VIR","73.1166","QK","","73.1166","2100","","MAP","","634393.0","170366.0","MargateSignalbox","HKJ6","","","","","","","","","","","70260225","2008-09-08","","BBRM","","","","","Down Main/Fast","Risk Rating 6, Hazard Rating 2,Score 12",""
"70260228","VIR","75.11","QK","","75.11","2100","","MAP","","637238.0","169356.0","Margate/Broadstairs-Broadley Road Bridge 830","HKJ6","","","","","","","","","","","70260228","2008-09-08","","BBRM","","","","","Down Main/Fast","Risk Rating 10, Hazard Rating 5,Score 50",""
"110179758","VIR","76.0726","QK","","76.0726","2100","","MAP","","638073.0","169016.0","Bridge No 833","HKJ6","","","","","","","","","Pedestrian","","110179758","2022-08-25","","NRAIL","","","","","Down Main/Fast","Northdown Rd, Broadstairs:CT10 3JL. Off A2053, then off Norman Road, Network Rail gate off bridge No 833 @ 76m 33ch, then along cess to site",""
"70260231","VIR","76.0792","QK","","76.0792","2100","","MAP","","638431.0","168768.0","Margate/Broadstairs-Norman Rd off Church St Bridge","HKJ6","","","","","","","","","","","70260231","2008-09-08","","BBRM","","","","","Down Main/Fast","Risk Rating 6, Hazard Rating 2,Score 12",""
"110183464","VIR","77.0682","QK","","77.0682","2100","","MAP","","639187.0","167551.0","CINDER PATH","HKJ6","","","","","","","","","","","110183464","2023-10-31","","NRAIL","","","","","Down Main/Fast","AUTHORISED ACCESS POINT - PEDESTRIAN",""
"70260232","VIR","77.0682","QK","","77.0682","2100","","MAP","","639166.0","167561.0","Broadstairs/Dumpton Park-Cinder Patn nr Bridge 838","HKJ6","","","","","","","","","","","70260232","2008-09-08","","BBRM","","","","","Down Main/Fast","Risk Rating 6, Hazard Rating 2,Score 12",""
"70130395","VIR","77.1628","QK","","77.1628","1100","","MAP","","639050.0","166702.0","Dumpton Park-Bay View Road Bridge 840","HKJ6","","","","","","","","","AC","","70130395","2008-09-08","","BBRM","","","","","Up Main/Fast","Risk Rating 6, Hazard Rating 2,Score 12",""
"110147145","VIR","77.1672","QK","","77.1672","9999","","MAP","","639014.0","166706.0","DUMPTON PARK TPH TP HUT","HKJ6","","","","","","","","","","","110147145","2023-10-31","","NRAIL","","","","","Unknown","Address:Bay View Rd, Dumpton Park:CT10 1RP Details: Off Bay View Road, Network Rail Gate, at Bridge 840 @ 77m 74c and then along cess to site",""
"70260233","VIR","78.0352","QK","","78.0352","2100","","MAP","","638802.0","166362.0","Dumpton Park-Hereson Rd Bridge","HKJ6","","","","","","","","","","","70260233","2008-09-08","","BBRM","","","","","Down Main/Fast","Risk Rating 6, Hazard Rating 2,Score 12",""
"110183465","VIR","78.1144","QK","","78.1144","1100","","MAP","","638066.0","166289.0","STONAR CLOSE - RAMSGATE","HKJ6","","","","","","","","","","","110183465","2023-10-31","","NRAIL","","","","","Up Main/Fast","AUTHORISED ACCESS POINT - PEDESTRIAN",""
"110147146","VIR","79.0314","QK","","79.0314","9999","","MAP","","637336.0","165752.0","ST LAWRENCE SUBSTATION","HKJ6","","","","","","","","","","","110147146","2023-10-31","","NRAIL","","","","","Unknown","Address:Pullman Close, Ramsgate:CT12 6BF Details: Network Rail Gates at station car park/turning area righthand side.",""
"70260234","VIR","79.033","QK","","79.033","2500","","MAP","","637377.0","165802.0","Ramsgate-I.Layby","HKJ6","","","","","","","","","","","70260234","2008-09-08","","BBRM","","","","","Down Loop","Risk Rating 6, Hazard Rating 2,Score 12",""
"110176459","VIR","3.0236","QK","","3.0236","1100","","MAPE","","531107.0","175485.0","BRIXTON STATION PLAT 1","HKJ5","","","","","","","","","","","110176459","2022-08-05","","NRAIL","","","","","Up Main/Fast","BRIXTON STATION PLAT 1 - Ungated",""
"110176460","VIR","3.0253","QK","","3.0253","2100","","MAPE","","531121.0","175478.0","BRIXTON STATION PLAT 2","HKJ5","","","","","","","","","","","110176460","2022-08-05","","NRAIL","","","","","Down Main/Fast","BRIXTON STATION PLAT 2 - Ungated",""
"110176496","VIR","3.0413","QK","","3.0413","1100","","MAPE","","531238.0","175391.0","BRIXTON STATION PLAT 1","HKJ5","","","","","","","","","","","110176496","2022-08-05","","NRAIL","","","","","Up Main/Fast","BRIXTON STATION PLAT 1 - Ungated",""
"110176497","VIR","3.0417","QK","","3.0417","2100","","MAPE","","531240.0","175388.0","BRIXTON STATION PLAT 2","HKJ5","","","","","","","","","","","110176497","2022-08-05","","NRAIL","","","","","Down Main/Fast","BRIXTON STATION PLAT 2 - Ungated",""
"110176487","VIR","4.175","QK","","4.175","1100","","MAPE","","532753.0","173029.0","WEST DULWICH STATION PLAT 1","HKJ5","","","","","","","","","","","110176487","2022-08-05","","NRAIL","","","","","Up Main/Fast","WEST DULWICH STATION PLAT 1 - Ungated",""
"110176488","VIR","5.0003","QK","","5.0003","2100","","MAPE","","532759.0","173018.0","WEST DULWICH STATION PLAT 2","HKJ5","","","","","","","","","","","110176488","2022-08-05","","NRAIL","","","","","Down Main/Fast","WEST DULWICH STATION PLAT 2 - Ungated",""
"110176525","VIR","5.0176","QK","","5.0176","1100","","MAPE","","532842.0","172883.0","WEST DULWICH STATION PLAT 1","HKJ5","","","","","","","","","","","110176525","2022-08-05","","NRAIL","","","","","Up Main/Fast","WEST DULWICH STATION PLAT 1 - Ungated",""
"110176526","VIR","5.0186","QK","","5.0186","2100","","MAPE","","53287.0","172876.0","WEST DULWICH STATION PLAT 2","HKJ5","","","","","","","","","","","110176526","2022-08-05","","NRAIL","","","","","Down Main/Fast","WEST DULWICH STATION PLAT 2 - Ungated",""
"110176484","VIR","5.1166","QK","","5.1166","1100","","MAPE","","533453.0","172223.0","SYDENHAM HILL STATION PLAT 1","HKJ5","","","","","","","","","","","110176484","2022-08-05","","NRAIL","","","","","Up Main/Fast","SYDENHAM HILL STATION PLAT 1 - Ungated",""
"110176485","VIR","5.1173","QK","","5.1173","2100","","MAPE","","533458.0","172219.0","SYDENHAM HILL STATION PLAT 2","HKJ5","","","","","","","","","","","110176485","2022-08-05","","NRAIL","","","","","Down Main/Fast","SYDENHAM HILL STATION PLAT 2 - Ungated",""
"110176521","VIR","5.132","QK","","5.132","1100","","MAPE","","532821.0","172918.0","SYDENHAM HILL STATION PLAT 1","HKJ5","","","","","","","","","","","110176521","2022-08-05","","NRAIL","","","","","Up Main/Fast","SYDENHAM HILL STATION PLAT 1 - Gated",""
"110176522","VIR","5.132","QK","","5.132","2100","","MAPE","","532821.0","172918.0","SYDENHAM HILL STATION PLAT 2","HKJ5","","","","","","","","","","","110176522","2022-08-05","","NRAIL","","","","","Down Main/Fast","SYDENHAM HILL STATION PLAT 2 - Gated",""
"110176482","VIR","7.0259","QK","","7.0259","1100","","MAPE","","535320.0","170794.0","PENGE EAST STATION PLAT 1","HKJ5","","","","","","","","","","","110176482","2022-08-05","","NRAIL","","","","","Up Main/Fast","PENGE EAST STATION PLAT 1 - Ungated",""
"110176483","VIR","7.0269","QK","","7.0269","2100","","MAPE","","535327.0","170788.0","PENGE EAST STATION PLAT 2","HKJ5","","","","","","","","","","","110176483","2022-08-05","","NRAIL","","","","","Down Main/Fast","PENGE EAST STATION PLAT 2 - Ungated",""
"110176520","VIR","7.0457","QK","","7.0457","2100","","MAPE","","535449.0","170668.0","PENGE EAST STATION PLAT 2","HKJ5","","","","","","","","","","","110176520","2022-08-05","","NRAIL","","","","","Down Main/Fast","PENGE EAST STATION PLAT 2 - Ungated",""
"110176519","VIR","7.0458","QK","","7.0458","1100","","MAPE","","535450.0","170667.0","PENGE EAST STATION PLAT 1","HKJ5","","","","","","","","","","","110176519","2022-08-05","","NRAIL","","","","","Up Main/Fast","PENGE EAST STATION PLAT 1 - Ungated",""
"110176512","VIR","7.1368","QK","","7.1368","2500","","MAPE","","535956.0","170011.0","KENT HOUSE STATION PLAT 4","HKJ5","","","","","","","","","","","110176512","2022-08-05","","NRAIL","","","","","Down Loop","KENT HOUSE STATION PLAT 4 - Ungated",""
"110176509","VIR","7.137","QK","","7.137","1500","","MAPE","","535958.0","170010.0","KENT HOUSE STATION PLAT 1","HKJ5","","","","","","","","","","","110176509","2022-08-05","","NRAIL","","","","","Up Loop","KENT HOUSE STATION PLAT 1 - Ungated",""
"110176510","VIR","7.137","QK","","7.137","1100","","MAPE","","535958.0","170010.0","KENT HOUSE STATION PLAT 2","HKJ5","","","","","","","","","","","110176510","2022-08-05","","NRAIL","","","","","Up Main/Fast","KENT HOUSE STATION PLAT 2 - Ungated",""
"110176511","VIR","7.1371","QK","","7.1371","2100","","MAPE","","535958.0","170010.0","KENT HOUSE STATION PLAT 3","HKJ5","","","","","","","","","","","110176511","2022-08-05","","NRAIL","","","","","Down Main/Fast","KENT HOUSE STATION PLAT 3 - Ungated",""
"110176474","VIR","7.1574","QK","","7.1574","2100","","MAPE","","536111.0","169910.0","KENT HOUSE STATION PLAT 3","HKJ5","","","","","","","","","","","110176474","2022-08-05","","NRAIL","","","","","Down Main/Fast","KENT HOUSE STATION PLAT 3 - Ungated",""
"110176473","VIR","7.1576","QK","","7.1576","1100","","MAPE","","536113.0","169909.0","KENT HOUSE STATION PLAT 2","HKJ5","","","","","","","","","","","110176473","2022-08-05","","NRAIL","","","","","Up Main/Fast","KENT HOUSE STATION PLAT 2 - Ungated",""
"110176475","VIR","7.1576","QK","","7.1576","2500","","MAPE","","536113.0","169909.0","KENT HOUSE STATION PLAT 4","HKJ5","","","","","","","","","","","110176475","2022-08-05","","NRAIL","","","","","Down Loop","KENT HOUSE STATION PLAT 4 - Ungated",""
"110176472","VIR","7.1576","QK","","7.1576","1500","","MAPE","","536113.0","169909.0","KENT HOUSE STATION PLAT 1","HKJ5","","","","","","","","","","","110176472","2022-08-05","","NRAIL","","","","","Up Loop","KENT HOUSE STATION PLAT 1 - Ungated",""
"110176651","VIR","8.1036","QK","","8.1036","2100","","MAPE","","537206.0","169874.0","BECKENHAM JUNCTION STATION PL2","HKJ5","","","","","","","","","","","110176651","2022-08-05","","NRAIL","","","","","Down Main/Fast","BECKENHAM JUNCTION STATION PL2 - Ungated",""
"110176581","VIR","8.107","QK","","8.107","1100","","MAPE","","537237.0","169869.0","BECKENHAM JUNCTION STATION PL3","HKJ5","","","","","","","","","","","110176581","2022-08-05","","NRAIL","","","","","Up Main/Fast","BECKENHAM JUNCTION STATION PL3 - Gated",""
"110179552","VIR","8.107","QK","","8.107","3600","","MAPE","","537237.0","169869.0","BECKENHAM JUNCTION STATION PL4","HKJ5","","","","","","","","","","","110179552","2022-08-05","","NRAIL","","","","","Rev Terminal/Bay","BECKENHAM JUNCTION STATION PL4 - Gated",""
"110176492","VIR","8.1303","QK","","8.1303","1100","","MAPE","","537448.0","169842.0","BECKENHAM JUNCTION STATION PLA","HKJ5","","","","","","","","","","","110176492","2022-08-05","","NRAIL","","","","","Up Main/Fast","BECKENHAM JUNCTION STATION PLA - Gated",""
"110176389","VIR","9.1723","QK","","9.1723","1100","","MAPE","","539332.0","169349.0","SHORTLANDS STATION PLAT 1","HKJ5","","","","","","","","","","","110176389","2022-08-05","","NRAIL","","","","","Up Main/Fast","SHORTLANDS STATION PLAT 1 Ungated",""
"110176390","VIR","9.1723","QK","","9.1723","2100","","MAPE","","539332.0","169349.0","SHORTLANDS STATION PLAT 2","HKJ5","","","","","","","","","","","110176390","2022-08-05","","NRAIL","","","","","Down Main/Fast","SHORTLANDS STATION PLAT 2 Ungated",""
"110176391","VIR","9.1735","QK","","9.1735","1200","","MAPE","","539339.0","169341.0","SHORTLANDS STATION PLAT 3","HKJ5","","","","","","","","","","","110176391","2022-08-05","","NRAIL","","","","","Up Slow","SHORTLANDS STATION PLAT 3 Ungated",""
"110176706","VIR","9.1737","QK","","9.1737","2200","","MAPE","","539341.0","169340.0","SHORTLANDS STATION PLAT 4","HKJ5","","","","","","","","","","","110176706","2022-08-05","","NRAIL","","","","","Down Slow","SHORTLANDS STATION PLAT 4 Ungated",""
"110176439","VIR","10.0166","QK","","10.0166","2100","","MAPE","","539453.0","169209.0","SHORTLANDS STATION PLAT 2","HKJ5","","","","","","","","","","","110176439","2022-08-05","","NRAIL","","","","","Down Main/Fast","SHORTLANDS STATION PLAT 2 Ungated",""
"110176438","VIR","10.0167","QK","","10.0167","1100","","MAPE","","539453.0","169208.0","SHORTLANDS STATION PLAT 1","HKJ5","","","","","","","","","","","110176438","2022-08-05","","NRAIL","","","","","Up Main/Fast","SHORTLANDS STATION PLAT 1 Ungated",""
"110176441","VIR","10.0175","QK","","10.0175","2200","","MAPE","","539458.0","169203.0","SHORTLANDS STATION PLAT 4","HKJ5","","","","","","","","","","","110176441","2022-08-05","","NRAIL","","","","","Down Slow","SHORTLANDS STATION PLAT 4 Ungated",""
"110176440","VIR","10.0175","QK","","10.0175","1200","","MAPE","","539458.0","169203.0","SHORTLANDS STATION PLAT 3","HKJ5","","","","","","","","","","","110176440","2022-08-05","","NRAIL","","","","","Up Slow","SHORTLANDS STATION PLAT 3 Ungated",""
"110176355","VIR","10.1714","QK","","10.1714","1100","","MAPE","","540696.0","168705.0","BROMLEY SOUTH STATION PLAT 1","HKJ5","","","","","","","","","","","110176355","2022-08-05","","NRAIL","","","","","Up Main/Fast","BROMLEY SOUTH STATION PLAT 1 Ungated",""
"110176357","VIR","10.1714","QK","","10.1714","1200","","MAPE","","540696.0","168705.0","BROMLEY SOUTH STATION PLAT 3","HKJ5","","","","","","","","","","","110176357","2022-08-05","","NRAIL","","","","","Up Slow","BROMLEY SOUTH STATION PLAT 3 Ungated",""
"110176356","VIR","10.1714","QK","","10.1714","2100","","MAPE","","540696.0","168705.0","BROMLEY SOUTH STATION PLAT 2","HKJ5","","","","","","","","","","","110176356","2022-08-05","","NRAIL","","","","","Down Main/Fast","BROMLEY SOUTH STATION PLAT 2 Ungated",""
"110176358","VIR","10.1714","QK","","10.1714","2200","","MAPE","","540696.0","168705.0","BROMLEY SOUTH STATION PLAT 4","HKJ5","","","","","","","","","","","110176358","2022-08-05","","NRAIL","","","","","Down Slow","BROMLEY SOUTH STATION PLAT 4 Ungated",""
"110176351","VIR","11.1574","QK","","11.1574","1100","","MAPE","","542180.0","168747.0","BICKLEY STATION PLAT 1","HKJ5","","","","","","","","","","","110176351","2022-08-05","","NRAIL","","","","","Up Main/Fast","BICKLEY STATION PLAT 1 Ungated",""
"110176352","VIR","11.1575","QK","","11.1575","2100","","MAPE","","542181.0","168747.0","BICKLEY STATION PLAT 2","HKJ5","","","","","","","","","","","110176352","2022-08-05","","NRAIL","","","","","Down Main/Fast","BICKLEY STATION PLAT 2 Ungated",""
"110176354","VIR","11.1575","QK","","11.1575","2200","","MAPE","","542181.0","168747.0","BICKLEY STATION PLAT 4","HKJ5","","","","","","","","","","","110176354","2022-08-05","","NRAIL","","","","","Down Slow","BICKLEY STATION PLAT 4 Ungated",""
"110176353","VIR","11.1575","QK","","11.1575","1200","","MAPE","","542181.0","168747.0","BICKLEY STATION PLAT 3","HKJ5","","","","","","","","","","","110176353","2022-08-05","","NRAIL","","","","","Up Slow","BICKLEY STATION PLAT 3 Ungated",""
"110176400","VIR","12.0015","QK","","12.0015","1100","","MAPE","","542364.0","168769.0","BICKLEY STATION PLAT 1","HKJ5","","","","","","","","","","","110176400","2022-08-05","","NRAIL","","","","","Up Main/Fast","BICKLEY STATION PLAT 1 Ungated",""
"110176403","VIR","12.0015","QK","","12.0015","2200","","MAPE","","542364.0","168769.0","BICKLEY STATION PLAT 4","HKJ5","","","","","","","","","","","110176403","2022-08-05","","NRAIL","","","","","Down Slow","BICKLEY STATION PLAT 4 Ungated",""
"110176402","VIR","12.0015","QK","","12.0015","1200","","MAPE","","542364.0","168769.0","BICKLEY STATION PLAT 3","HKJ5","","","","","","","","","","","110176402","2022-08-05","","NRAIL","","","","","Up Slow","BICKLEY STATION PLAT 3 Ungated",""
"110176401","VIR","12.0015","QK","","12.0015","2100","","MAPE","","542364.0","168769.0","BICKLEY STATION PLAT 2","HKJ5","","","","","","","","","","","110176401","2022-08-05","","NRAIL","","","","","Down Main/Fast","BICKLEY STATION PLAT 2 Ungated",""
"110176445","VIR","14.1122","QK","","14.1122","2200","","MAPE","","546459.0","168280.0","ST MARY CRAY STATION PLAT 4","HKJ5","","","","","","","","","","","110176445","2022-08-05","","NRAIL","","","","","Down Slow","ST MARY CRAY STATION PLAT 4 Ungated",""
"110176444","VIR","14.1123","QK","","14.1123","1200","","MAPE","","546460.0","168280.0","ST MARY CRAY STATION PLAT 3","HKJ5","","","","","","","","","","","110176444","2022-08-05","","NRAIL","","","","","Up Slow","ST MARY CRAY STATION PLAT 3 Ungated",""
"110176443","VIR","14.1126","QK","","14.1126","2100","","MAPE","","546462.0","168280.0","ST MARY CRAY STATION PLAT 2","HKJ5","","","","","","","","","","","110176443","2022-08-05","","NRAIL","","","","","Down Main/Fast","ST MARY CRAY STATION PLAT 2 Ungated",""
"110176442","VIR","14.1127","QK","","14.1127","1100","","MAPE","","546463.0","168280.0","ST MARY CRAY STATION PLAT 1","HKJ5","","","","","","","","","","","110176442","2022-08-05","","NRAIL","","","","","Up Main/Fast","ST MARY CRAY STATION PLAT 1 Ungated",""
"110176394","VIR","14.1392","QK","","14.1392","1200","","MAPE","","546705.0","168299.0","ST MARY CRAY STATION PLAT 3","HKJ5","","","","","","","","","","","110176394","2022-08-05","","NRAIL","","","","","Up Slow","ST MARY CRAY STATION PLAT 3 Ungated",""
"110176395","VIR","14.1392","QK","","14.1392","2200","","MAPE","","546705.0","168299.0","ST MARY CRAY STATION PLAT 4","HKJ5","","","","","","","","","","","110176395","2022-08-05","","NRAIL","","","","","Down Slow","ST MARY CRAY STATION PLAT 4 Ungated",""
"110176393","VIR","14.1393","QK","","14.1393","2100","","MAPE","","546706.0","168299.0","ST MARY CRAY STATION PLAT 2","HKJ5","","","","","","","","","","","110176393","2022-08-05","","NRAIL","","","","","Down Main/Fast","ST MARY CRAY STATION PLAT 2 Ungated",""
"110176392","VIR","14.1393","QK","","14.1393","1100","","MAPE","","546706.0","168299.0","ST MARY CRAY STATION PLAT 1","HKJ5","","","","","","","","","","","110176392","2022-08-05","","NRAIL","","","","","Up Main/Fast","ST MARY CRAY STATION PLAT 1 Ungated",""
"110176399","VIR","17.0548","QK","","17.0548","2200","","MAPE","","550759.0","168186.0","SWANLEY STATION PLAT 4","HKJ5","","","","","","","","","","","110176399","2022-08-05","","NRAIL","","","","","Down Slow","SWANLEY STATION PLAT 4 Ungated",""
"110176396","VIR","17.0549","QK","","17.0549","1100","","MAPE","","550760.0","168186.0","SWANLEY STATION PLAT 1","HKJ5","","","","","","","","","","","110176396","2022-08-05","","NRAIL","","","","","Up Main/Fast","SWANLEY STATION PLAT 1 Ungated",""
"110176397","VIR","17.0549","QK","","17.0549","2100","","MAPE","","550760.0","168186.0","SWANLEY STATION PLAT 2","HKJ5","","","","","","","","","","","110176397","2022-08-05","","NRAIL","","","","","Down Main/Fast","SWANLEY STATION PLAT 2 Ungated",""
"110176398","VIR","17.0549","QK","","17.0549","1200","","MAPE","","550760.0","168186.0","SWANLEY STATION PLAT 3","HKJ5","","","","","","","","","","","110176398","2022-08-05","","NRAIL","","","","","Up Slow","SWANLEY STATION PLAT 3 Ungated",""
"110176447","VIR","17.0836","QK","","17.0836","2100","","MAPE","","551008.0","168270.0","SWANLEY STATION PLAT 2","HKJ5","","","","","","","","","","","110176447","2022-08-05","","NRAIL","","","","","Down Main/Fast","SWANLEY STATION PLAT 2 Ungated",""
"110176448","VIR","17.0836","QK","","17.0836","1200","","MAPE","","551008.0","168270.0","SWANLEY STATION PLAT 3","HKJ5","","","","","","","","","","","110176448","2022-08-05","","NRAIL","","","","","Up Slow","SWANLEY STATION PLAT 3 Ungated",""
"110176380","VIR","17.0837","QK","","17.0837","2200","","MAPE","","551009.0","168271.0","SWANLEY STATION PLAT 4","HKJ5","","","","","","","","","","","110176380","2022-08-05","","NRAIL","","","","","Down Slow","SWANLEY STATION PLAT 4 Ungated",""
"110176449","VIR","17.0837","QK","","17.0837","2200","","MAPE","","551009.0","168271.0","SWANLEY STATION PLAT 4","HKJ5","","","","","","","","","","","110176449","2022-08-05","","NRAIL","","","","","Down Slow","SWANLEY STATION PLAT 4 Ungated",""
"110176446","VIR","17.0858","QK","","17.0858","1100","","MAPE","","551026.0","168279.0","SWANLEY STATION PLAT 1","HKJ5","","","","","","","","","","","110176446","2022-08-05","","NRAIL","","","","","Up Main/Fast","SWANLEY STATION PLAT 1 Ungated",""
"110176416","VIR","20.0831","QK","","20.0831","1100","","MAPE","","555587.0","169331.0","FARNINGHAM ROAD STATION PLAT 1","HKJ5","","","","","","","","","","","110176416","2022-08-05","","NRAIL","","","","","Up Main/Fast","FARNINGHAM ROAD STATION PLAT 1 Ungated",""
"110176417","VIR","20.0833","QK","","20.0833","2100","","MAPE","","555589.0","169331.0","FARNINGHAM ROAD STATION PLAT 2","HKJ5","","","","","","","","","","","110176417","2022-08-05","","NRAIL","","","","","Down Main/Fast","FARNINGHAM ROAD STATION PLAT 2 Ungated",""
"110176372","VIR","20.1002","QK","","20.1002","1100","","MAPE","","555746.0","169321.0","FARNINGHAM ROAD STATION PLAT 1","HKJ5","","","","","","","","","","","110176372","2022-08-05","","NRAIL","","","","","Up Main/Fast","FARNINGHAM ROAD STATION PLAT 1 Ungated",""
"110176373","VIR","20.1005","QK","","20.1005","2100","","MAPE","","555748.0","169321.0","FARNINGHAM ROAD STATION PLAT 2","HKJ5","","","","","","","","","","","110176373","2022-08-05","","NRAIL","","","","","Down Main/Fast","FARNINGHAM ROAD STATION PLAT 2 Ungated",""
"110178520","VIR","23.0738","QK","","23.0738","2100","","MAPE","","560202.0","168792.0","LONGFIELD STATION PLAT 2","HKJ6","","","","","","","","","","","110178520","2022-08-05","","NRAIL","","","","","Down Main/Fast","ACCESS POINT - PLATFORM END - GATED",""
"110178518","VIR","23.0738","QK","","23.0738","1100","","MAPE","","560199.0","168784.0","LONGFIELD STATION PLAT 1","HKJ6","","","","","","","","","","","110178518","2022-08-05","","NRAIL","","","","","Up Main/Fast","ACCESS POINT - PLATFORM END - GATED",""
"110178519","VIR","23.0743","QK","","23.0743","2100","","MAPE","","560221.0","168828.0","LONGFIELD STATION PLAT 2","HKJ6","","","","","","","","","","","110178519","2022-08-05","","NRAIL","","","","","Down Main/Fast","ACCESS POINT - PLATFORM END - GATED",""
"110178517","VIR","23.0745","QK","","23.0745","1100","","MAPE","","560220.0","168820.0","LONGFIELD STATION PLAT 1","HKJ6","","","","","","","","","","","110178517","2022-08-05","","NRAIL","","","","","Up Main/Fast","ACCESS POINT - PLATFORM END - GATED",""
"110178544","VIR","25.159","QK","","25.159","2100","","MAPE","","564027.0","167921.0","MEOPHAM STATION PLAT 1","HKJ6","","","","","","","","","","","110178544","2022-08-05","","NRAIL","","","","","Down Main/Fast","ACCESS POINT - PLATFORM END - UNGATED",""
"110178546","VIR","25.16","QK","","25.16","1100","","MAPE","","564034.0","167914.0","MEOPHAM STATION PLAT 2","HKJ6","","","","","","","","","","","110178546","2022-08-05","","NRAIL","","","","","Up Main/Fast","ACCESS POINT - PLATFORM END - UNGATED",""
"110178545","VIR","26.0087","QK","","26.0087","2100","","MAPE","","564261.0","167923.0","MEOPHAM STATION PLAT 2","HKJ6","","","","","","","","","","","110178545","2022-08-05","","NRAIL","","","","","Down Main/Fast","ACCESS POINT - PLATFORM END - GATED",""
"110178543","VIR","26.0092","QK","","26.0092","1100","","MAPE","","564267.0","167914.0","MEOPHAM STATION PLAT 1","HKJ6","","","","","","","","","","","110178543","2022-08-05","","NRAIL","","","","","Up Main/Fast","ACCESS POINT - PLATFORM END - GATED",""
"110178611","VIR","26.1464","QK","","26.1464","1100","","MAPE","","565485.0","167619.0","SOLE STREET PLAT 1","HKJ6","","","","","","","","","","","110178611","2022-08-05","","NRAIL","","","","","Up Main/Fast","ACCESS POINT - PLATFORM END - UNGATED",""
"110178613","VIR","26.1466","QK","","26.1466","2100","","MAPE","","565488.0","167627.0","SOLE STREET PLAT 2","HKJ6","","","","","","","","","","","110178613","2022-08-05","","NRAIL","","","","","Down Main/Fast","ACCESS POINT - PLATFORM END - GATED",""
"110178610","VIR","26.1479","QK","","26.1479","1100","","MAPE","","565502.0","167630.0","SOLE STREET PLAT 1","HKJ6","","","","","","","","","","","110178610","2022-08-05","","NRAIL","","","","","Up Main/Fast","ACCESS POINT - PLATFORM END - UNGATED",""
"110178612","VIR","26.1482","QK","","26.1482","2100","","MAPE","","565506.0","167638.0","SOLE STREET PLAT 2","HKJ6","","","","","","","","","","","110178612","2022-08-05","","NRAIL","","","","","Down Main/Fast","ACCESS POINT - PLATFORM END - UNGATED",""
"110178577","VIR","33.1195","QK","","33.1195","2500","","MAPE","","574727.0","168225.0","ROCHESTER PLATFORM 3","HKJ6","","","","","","","","","","","110178577","2022-08-05","","NRAIL","","","","","Down Loop","ACCESS POINT - PLATFORM END - UNGATED",""
"110178575","VIR","33.1195","QK","","33.1195","2100","","MAPE","","574727.0","168225.0","ROCHESTER PLATFORM 2","HKJ6","","","","","","","","","","","110178575","2022-08-05","","NRAIL","","","","","Down Main/Fast","ACCESS POINT - PLATFORM END - UNGATED",""
"110178573","VIR","33.1214","QK","","33.1214","1100","","MAPE","","574752.0","168227.0","ROCHESTER PLATFORM 1","HKJ6","","","","","","","","","","","110178573","2022-08-05","","NRAIL","","","","","Up Main/Fast","ACCESS POINT - PLATFORM END - UNGATED",""
"110178574","VIR","33.1437","QK","","33.1437","1100","","MAPE","","574869.0","168051.0","ROCHESTER PLATFORM 1","HKJ6","","","","","","","","","","","110178574","2022-08-05","","NRAIL","","","","","Up Main/Fast","ACCESS POINT - PLATFORM END - UNGATED",""
"110178578","VIR","33.1462","QK","","33.1462","2500","","MAPE","","574868.0","168026.0","ROCHESTER PLATFORM 3","HKJ6","","","","","","","","","","","110178578","2022-08-05","","NRAIL","","","","","Down Loop","ACCESS POINT - PLATFORM END - UNGATED",""
"110178576","VIR","33.1462","QK","","33.1462","2100","","MAPE","","574868.0","168026.0","ROCHESTER PLATFORM 2","HKJ6","","","","","","","","","","","110178576","2022-08-05","","NRAIL","","","","","Down Main/Fast","ACCESS POINT - PLATFORM END - UNGATED",""
"110178449","VIR","34.0416","QK","","34.0416","2100","","MAPE","","575408.0","167696.0","CHATHAM STATION PLAT 2","HKJ6","","","","","","","","","","","110178449","2022-08-05","","NRAIL","","","","","Down Main/Fast","ACCESS POINT - PLATFORM END - GATED",""
"110178447","VIR","34.0426","QK","","34.0426","1100","","MAPE","","575413.0","167686.0","CHATHAM STATION PLAT 1","HKJ6","","","","","","","","","","","110178447","2022-08-05","","NRAIL","","","","","Up Main/Fast","ACCESS POINT - PLATFORM END - GATED",""
"110178450","VIR","34.0658","QK","","34.0658","2100","","MAPE","","575596.0","167577.0","CHATHAM STATION PLAT 2","HKJ6","","","","","","","","","","","110178450","2022-08-05","","NRAIL","","","","","Down Main/Fast","ACCESS POINT - PLATFORM END - UNGATED",""
"110178448","VIR","34.0668","QK","","34.0668","1100","","MAPE","","575600.0","167566.0","CHATHAM STATION PLAT 1","HKJ6","","","","","","","","","","","110178448","2022-08-05","","NRAIL","","","","","Up Main/Fast","ACCESS POINT - PLATFORM END - UNGATED",""
"110178497","VIR","35.1518","QK","","35.1518","1100","","MAPE","","562821.0","150579.0","GILLINGHAM STATION PLAT 1 & 2","HKJ6","","","","","","","","","","","110178497","2022-08-05","","NRAIL","","","","","Up Main/Fast","ACCESS POINT - PLATFORM END - UNGATED",""
"110178500","VIR","35.1525","QK","","35.1525","2100","","MAPE","","577531.0","168398.0","GILLINGHAM STATION PLAT 3","HKJ6","","","","","","","","","","","110178500","2022-08-05","","NRAIL","","","","","Down Main/Fast","ACCESS POINT - PLATFORM END - UNGATED",""
"110178499","VIR","36.0018","QK","","36.0018","2100","","MAPE","","577761.0","168451.0","GILLINGHAM STATION PLAT 3","HKJ6","","","","","","","","","","","110178499","2022-08-05","","NRAIL","","","","","Down Main/Fast","ACCESS POINT - PLATFORM END - GATED",""
"110178496","VIR","36.0035","QK","","36.0035","3503","","MAPE","","577782.0","168413.0","GILLINGHAM STATION PLAT 1","HKJ6","","","","","","","","","","","110178496","2022-08-05","","NRAIL","","","","","","ACCESS POINT - PLATFORM END - UNGATED",""
"110178498","VIR","36.0035","QK","","36.0035","1100","","MAPE","","577782.0","168413.0","GILLINGHAM STATION PLAT 2","HKJ6","","","","","","","","","","","110178498","2022-08-05","","NRAIL","","","","","Up Main/Fast","ACCESS POINT - PLATFORM END - UNGATED",""
"110178563","VIR","38.1353","QK","","38.1353","1600","","MAPE","","581646.0","166472.0","RAINHAM STN PLAT 0","HKJ6","","","","","","","","","","","110178563","2022-08-05","","NRAIL","","","","","Up Terminal/Bay","ACCESS POINT - PLATFORM END - GATED",""
"110178564","VIR","38.1353","QK","","38.1353","1600","","MAPE","","581646.0","166472.0","RAINHAM STN PLAT 0","HKJ6","","","","","","","","","","","110178564","2022-08-05","","NRAIL","","","","","Up Terminal/Bay","ACCESS POINT - PLATFORM END - GATED",""
"110178566","VIR","38.14","QK","","38.14","1100","","MAPE","","581555.0","166444.0","RAINHAM STN PLAT 1","HKJ6","","","","","","","","","","","110178566","2022-08-05","","NRAIL","","","","","Up Main/Fast","ACCESS POINT - PLATFORM END - GATED",""
"110178568","VIR","38.1437","QK","","38.1437","2100","","MAPE","","581712.0","166435.0","RAINHAM STN PLAT 2","HKJ6","","","","","","","","","","","110178568","2022-08-05","","NRAIL","","","","","Down Main/Fast","ACCESS POINT - PLATFORM END - GATED",""
"110178567","VIR","38.1713","QK","","38.1713","2100","","MAPE","","581887.0","166245.0","RAINHAM STN PLAT 2","HKJ6","","","","","","","","","","","110178567","2022-08-05","","NRAIL","","","","","Down Main/Fast","ACCESS POINT - PLATFORM END - UNGATED",""
"110178565","VIR","38.1745","QK","","38.1745","1100","","MAPE","","581905.0","166221.0","RAINHAM STN PLAT 1","HKJ6","","","","","","","","","","","110178565","2022-08-05","","NRAIL","","","","","Up Main/Fast","ACCESS POINT - PLATFORM END - UNGATED",""
"110178557","VIR","41.1034","QK","","41.1034","2200","","MAPE","","585872.0","164959.0","NEWINGTON STATION PLAT 2","HKJ6","","","","","","","","","","","110178557","2022-08-05","","NRAIL","","","","","Down Slow","ACCESS POINT - PLATFORM END - UNGATED",""
"110178556","VIR","41.1058","QK","","41.1058","1200","","MAPE","","585870.0","164993.0","NEWINGTON STATION PLAT 1","HKJ6","","","","","","","","","","","110178556","2022-08-05","","NRAIL","","","","","Up Slow","ACCESS POINT - PLATFORM END - GATED",""
"110178558","VIR","41.1092","QK","","41.1092","2200","","MAPE","","585927.0","164973.0","NEWINGTON STATION PLAT 2","HKJ6","","","","","","","","","","","110178558","2022-08-05","","NRAIL","","","","","Down Slow","ACCESS POINT - PLATFORM END - UNGATED",""
"110178555","VIR","41.1124","QK","","41.1124","1200","","MAPE","","585953.0","164936.0","NEWINGTON STATION PLAT 1","HKJ6","","","","","","","","","","","110178555","2022-08-05","","NRAIL","","","","","Up Slow","ACCESS POINT - PLATFORM END - UNGATED",""
"110178598","VIR","44.1161","QK","","44.1161","2100","","MAPE","","590492.0","163927.0","SITTINGBOURNE STATION PLAT 2","HKJ6","","","","","","","","","","","110178598","2022-08-05","","NRAIL","","","","","Down Main/Fast","ACCESS POINT - PLATFORM END - UNGATED",""
"110178600","VIR","44.1161","QK","","44.1161","3500","","MAPE","","590492.0","163927.0","SITTINGBOURNE STATION PLAT 3","HKJ6","","","","","","","","","","","110178600","2022-08-05","","NRAIL","","","","","Rev Loop","ACCESS POINT - PLATFORM END - UNGATED",""
"110178597","VIR","44.1178","QK","","44.1178","1100","","MAPE","","590504.0","163913.0","SITTINGBOURNE STATION PLAT 1","HKJ6","","","","","","","","","","","110178597","2022-08-05","","NRAIL","","","","","Up Main/Fast","ACCESS POINT - PLATFORM END - GATED",""
"110178599","VIR","44.1424","QK","","44.1424","2100","","MAPE","","590824.0","160777.0","SITTINGBOURNE STATION PLAT 2","HKJ6","","","","","","","","","","","110178599","2022-08-05","","NRAIL","","","","","Down Main/Fast","ACCESS POINT - PLATFORM END - GATED",""
"110178601","VIR","44.1424","QK","","44.1424","3500","","MAPE","","590824.0","160777.0","SITTINGBOURNE STATION PLAT 3","HKJ6","","","","","","","","","","","110178601","2022-08-05","","NRAIL","","","","","Rev Loop","ACCESS POINT - PLATFORM END - GATED",""
"110178596","VIR","44.145","QK","","44.145","1100","","MAPE","","590849.0","160611.0","SITTINGBOURNE STATION PLAT 1","HKJ6","","","","","","","","","","","110178596","2022-08-05","","NRAIL","","","","","Up Main/Fast","ACCESS POINT - PLATFORM END - UNGATED",""
"110178620","VIR","47.1456","QK","","47.1456","1100","","MAPE","","595471.0","163158.0","TEYNHAM STATION PLAT 1","HKJ6","","","","","","","","","","","110178620","2022-08-05","","NRAIL","","","","","Up Main/Fast","ACCESS POINT - PLATFORM END - UNGATED",""
"110178623","VIR","47.1458","QK","","47.1458","2100","","MAPE","","595476.0","163165.0","TEYNHAM STATION PLAT 2","HKJ6","","","","","","","","","","","110178623","2022-08-05","","NRAIL","","","","","Down Main/Fast","ACCESS POINT - PLATFORM END - UNGATED",""
"110178622","VIR","47.1728","QK","","47.1728","2100","","MAPE","","595727.0","163133.0","TEYNHAM STATION PLAT 2","HKJ6","","","","","","","","","","","110178622","2022-08-05","","NRAIL","","","","","Down Main/Fast","ACCESS POINT - PLATFORM END - UNGATED",""
"110178621","VIR","47.173","QK","","47.173","1100","","MAPE","","595726.0","163122.0","TEYNHAM STATION PLAT 1","HKJ6","","","","","","","","","","","110178621","2022-08-05","","NRAIL","","","","","Up Main/Fast","ACCESS POINT - PLATFORM END - UNGATED",""
"110178484","VIR","51.1561","QK","","51.1561","1500","","MAPE","","601488.0","160942.0","FAVERSHAM STATION PLAT 1","HKJ6","","","","","","","","","","","110178484","2022-08-05","","NRAIL","","","","","Up Loop","ACCESS POINT - PLATFORM END - GATED",""
"110178486","VIR","51.1561","QK","","51.1561","1100","","MAPE","","601489.0","160946.0","FAVERSHAM STATION PLAT 2","HKJ6","","","","","","","","","","","110178486","2022-08-05","","NRAIL","","","","","Up Main/Fast","ACCESS POINT - PLATFORM END - GATED",""
"110178490","VIR","51.1572","QK","","51.1572","3501","","MAPE","","601503.0","160952.0","FAVERSHAM STATION PLAT 4","HKJ6","","","","","","","","","","","110178490","2022-08-05","","NRAIL","","","","","","ACCESS POINT - PLATFORM END - GATED",""
"110178488","VIR","51.1572","QK","","51.1572","2100","","MAPE","","601503.0","160952.0","FAVERSHAM STATION PLAT 3","HKJ6","","","","","","","","","","","110178488","2022-08-05","","NRAIL","","","","","Down Main/Fast","ACCESS POINT - PLATFORM END - GATED",""
"110178489","VIR","52.0046","QK","","52.0046","2100","","MAPE","","601695.0","160851.0","FAVERSHAM STATION PLAT 3","HKJ6","","","","","","","","","","","110178489","2022-08-05","","NRAIL","","","","","Down Main/Fast","ACCESS POINT - PLATFORM END - GATED",""
"110178491","VIR","52.0048","QK","","52.0048","3501","","MAPE","","601698.0","160856.0","FAVERSHAM STATION PLAT 4","HKJ6","","","","","","","","","","","110178491","2022-08-05","","NRAIL","","","","","","ACCESS POINT - PLATFORM END - GATED",""
"110178485","VIR","52.0063","QK","","52.0063","1500","","MAPE","","601712.0","160854.0","FAVERSHAM STATION PLAT 1","HKJ6","","","","","","","","","","","110178485","2022-08-05","","NRAIL","","","","","Up Loop","ACCESS POINT - PLATFORM END - GATED",""
"110178487","VIR","52.0063","QK","","52.0063","1100","","MAPE","","601712.0","160856.0","FAVERSHAM STATION PLAT 2","HKJ6","","","","","","","","","","","110178487","2022-08-05","","NRAIL","","","","","Up Main/Fast","ACCESS POINT - PLATFORM END - GATED",""
"110178636","VIR","58.1754","QK","","58.1754","1100","","MAPE","","611258.0","166385.0","WHITSTABLE STATION PLAT 1","HKJ6","","","","","","","","","","","110178636","2022-08-05","","NRAIL","","","","","Up Main/Fast","ACCESS POINT - PLATFORM END - GATED",""
"110178638","VIR","58.1756","QK","","58.1756","2100","","MAPE","","611258.0","166394.0","WHITSTABLE STATION PLAT 2","HKJ6","","","","","","","","","","","110178638","2022-08-05","","NRAIL","","","","","Down Main/Fast","ACCESS POINT - PLATFORM END - GATED",""
"110178637","VIR","59.0268","QK","","59.0268","1100","","MAPE","","611496.0","166438.0","WHITSTABLE STATION PLAT 1","HKJ6","","","","","","","","","","","110178637","2022-08-05","","NRAIL","","","","","Up Main/Fast","ACCESS POINT - PLATFORM END - GATED",""
"110178639","VIR","59.0268","QK","","59.0268","2100","","MAPE","","611496.0","166447.0","WHITSTABLE STATION PLAT 2","HKJ6","","","","","","","","","","","110178639","2022-08-05","","NRAIL","","","","","Down Main/Fast","ACCESS POINT - PLATFORM END - GATED",""
"110178452","VIR","60.0853","QK","","60.0853","1100","","MAPE","","613605.0","166833.0","CHESTFIELD & SWALECLIFFE STATI","HKJ6","","","","","","","","","","","110178452","2022-08-05","","NRAIL","","","","","Up Main/Fast","ACCESS POINT - PLATFORM END - UNGATED",""
"110178453","VIR","60.0853","QK","","60.0853","2100","","MAPE","","613603.0","166842.0","CHESTFIELD & SWALECLIFFE STATI","HKJ6","","","","","","","","","","","110178453","2022-08-05","","NRAIL","","","","","Down Main/Fast","ACCESS POINT - PLATFORM END - UNGATED",""
"110178454","VIR","60.1133","QK","","60.1133","2100","","MAPE","","613864.0","166839.0","CHESTFIELD & SWALECLIFFE STATI","HKJ6","","","","","","","","","","","110178454","2022-08-05","","NRAIL","","","","","Down Main/Fast","ACCESS POINT - PLATFORM END - GATED",""
"110178451","VIR","60.1135","QK","","60.1135","1100","","MAPE","","613865.0","166830.0","CHESTFIELD & SWALECLIFFE STATI","HKJ6","","","","","","","","","","","110178451","2022-08-05","","NRAIL","","","","","Up Main/Fast","ACCESS POINT - PLATFORM END - GATED",""
"110178505","VIR","62.1129","QK","","62.1129","1100","","MAPE","","617023.0","167441.0","HERNE BAY STATION PLAT 1","HKJ6","","","","","","","","","","","110178505","2022-08-05","","NRAIL","","","","","Up Main/Fast","ACCESS POINT - PLATFORM END - GATED",""
"110178507","VIR","62.1193","QK","","62.1193","2100","","MAPE","","617081.0","167454.0","HERNE BAY STATION PLAT 2","HKJ6","","","","","","","","","","","110178507","2022-08-05","","NRAIL","","","","","Down Main/Fast","ACCESS POINT - PLATFORM END - GATED",""
"110178506","VIR","62.1388","QK","","62.1388","1100","","MAPE","","617260.0","167459.0","HERNE BAY STATION PLAT 1","HKJ6","","","","","","","","","","","110178506","2022-08-05","","NRAIL","","","","","Up Main/Fast","ACCESS POINT - PLATFORM END - GATED",""
"110178508","VIR","62.1463","QK","","62.1463","2100","","MAPE","","617328.0","167413.0","HERNE BAY STATION PLAT 2","HKJ6","","","","","","","","","","","110178508","2022-08-05","","NRAIL","","","","","Down Main/Fast","ACCESS POINT - PLATFORM END - GATED",""
"110178428","VIR","70.111","QK","","70.111","1100","","MAPE","","629619.0","169403.0","BIRCHINGTON ON SEA STATION 1","HKJ6","","","","","","","","","","","110178428","2022-08-05","","NRAIL","","","","","Up Main/Fast","ACCESS POINT - PLATFORM END - GATED",""
"110178430","VIR","70.111","QK","","70.111","2100","","MAPE","","629618.0","169410.0","BIRCHINGTON ON SEA STATION 2","HKJ6","","","","","","","","","","","110178430","2022-08-05","","NRAIL","","","","","Down Main/Fast","ACCESS POINT - PLATFORM END - GATED",""
"110178427","VIR","70.1383","QK","","70.1383","1100","","MAPE","","629864.0","169457.0","BIRCHINGTON ON SEA STATION 1","HKJ6","","","","","","","","","","","110178427","2022-08-05","","NRAIL","","","","","Up Main/Fast","ACCESS POINT - PLATFORM END - GATED",""
"110178429","VIR","70.1383","QK","","70.1383","2100","","MAPE","","629863.0","169463.0","BIRCHINGTON ON SEA STATION 2","HKJ6","","","","","","","","","","","110178429","2022-08-05","","NRAIL","","","","","Down Main/Fast","ACCESS POINT - PLATFORM END - GATED",""
"110178632","VIR","72.0632","QK","","72.0632","1100","","MAPE","","632351.0","169975.0","WESTGATE ON SEA STATION PLAT 1","HKJ6","","","","","","","","","","","110178632","2022-08-05","","NRAIL","","","","","Up Main/Fast","ACCESS POINT - PLATFORM END - GATED",""
"110178635","VIR","72.0632","QK","","72.0632","2100","","MAPE","","632348.0","169984.0","WESTGATE ON SEA STATION PLAT 2","HKJ6","","","","","","","","","","","110178635","2022-08-05","","NRAIL","","","","","Down Main/Fast","ACCESS POINT - PLATFORM END - GATED",""
"110178634","VIR","72.0901","QK","","72.0901","2100","","MAPE","","632596.0","169988.0","WESTGATE ON SEA STATION PLAT 2","HKJ6","","","","","","","","","","","110178634","2022-08-05","","NRAIL","","","","","Down Main/Fast","ACCESS POINT - PLATFORM END - GATED",""
"110178633","VIR","72.0901","QK","","72.0901","1100","","MAPE","","632597.0","169982.0","WESTGATE ON SEA STATION PLAT 1","HKJ6","","","","","","","","","","","110178633","2022-08-05","","NRAIL","","","","","Up Main/Fast","ACCESS POINT - PLATFORM END - GATED",""
"110178531","VIR","73.1304","QK","","73.1304","3101","","MAPE","","634499.0","170437.0","MARGATE STATION PLAT 1","HKJ6","","","","","","","","","","","110178531","2022-08-05","","NRAIL","","","","","","ACCESS POINT - PLATFORM END - GATED",""
"110178533","VIR","73.1419","QK","","73.1419","2502","","MAPE","","634591.0","170495.0","MARGATE STATION PLAT 2","HKJ6","","","","","","","","","","","110178533","2022-08-05","","NRAIL","","","","","","ACCESS POINT - PLATFORM END - GATED",""
"110178535","VIR","73.1426","QK","","73.1426","3103","","MAPE","","634591.0","170495.0","MARGATE STATION PLAT 3","HKJ6","","","","","","","","","","","110178535","2022-08-05","","NRAIL","","","","","","ACCESS POINT - PLATFORM END - GATED",""
"110178537","VIR","73.1449","QK","","73.1449","3604","","MAPE","","634606.0","170514.0","MARGATE STATION PLAT 4","HKJ6","","","","","","","","","","","110178537","2022-08-05","","NRAIL","","","","","","ACCESS POINT - PLATFORM END - GATED",""
"110178538","VIR","73.1642","QK","","73.1642","3604","","MAPE","","634963.0","166525.0","MARGATE STATION PLAT 4","HKJ6","","","","","","","","","","","110178538","2022-08-05","","NRAIL","","","","","","ACCESS POINT - PLATFORM END - GATED",""
"110178534","VIR","73.1701","QK","","73.1701","2502","","MAPE","","634833.0","170505.0","MARGATE STATION PLAT 2","HKJ6","","","","","","","","","","","110178534","2022-08-05","","NRAIL","","","","","","ACCESS POINT - PLATFORM END - GATED",""
"110178536","VIR","73.171","QK","","73.171","3103","","MAPE","","634839.0","170497.0","MARGATE STATION PLAT 3","HKJ6","","","","","","","","","","","110178536","2022-08-05","","NRAIL","","","","","","ACCESS POINT - PLATFORM END - GATED",""
"110178532","VIR","73.1716","QK","","73.1716","3101","","MAPE","","634853.0","170510.0","MARGATE STATION PLAT 1","HKJ6","","","","","","","","","","","110178532","2022-08-05","","NRAIL","","","","","","ACCESS POINT - PLATFORM END - GATED",""
"110178432","VIR","77.0049","QK","","77.0049","1100","","MAPE","","639083.0","168131.0","BROADSTAIRS STATION PLAT 1","HKJ6","","","","","","","","","","","110178432","2022-08-05","","NRAIL","","","","","Up Main/Fast","ACCESS POINT - PLATFORM END - GATED",""
"110178434","VIR","77.0049","QK","","77.0049","2100","","MAPE","","639089.0","168134.0","BROADSTAIRS STATION PLAT 2","HKJ6","","","","","","","","","","","110178434","2022-08-05","","NRAIL","","","","","Down Main/Fast","ACCESS POINT - PLATFORM END - GATED",""
"110178433","VIR","77.0317","QK","","77.0317","2100","","MAPE","","639163.0","167897.0","BROADSTAIRS STATION PLAT 2","HKJ6","","","","","","","","","","","110178433","2022-08-05","","NRAIL","","","","","Down Main/Fast","ACCESS POINT - PLATFORM END - UNGATED",""
"110178431","VIR","77.0318","QK","","77.0318","1100","","MAPE","","639156.0","167893.0","BROADSTAIRS STATION PLAT 1","HKJ6","","","","","","","","","","","110178431","2022-08-05","","NRAIL","","","","","Up Main/Fast","ACCESS POINT - PLATFORM END - GATED",""
"110178478","VIR","78.0461","QK","","78.0461","2100","","MAPE","","638711.0","166314.0","DUMPTON PARK STATION PLAT 2","HKJ6","","","","","","","","","","","110178478","2022-08-05","","NRAIL","","","","","Down Main/Fast","ACCESS POINT - PLATFORM END - GATED",""
"110178476","VIR","78.0461","QK","","78.0461","1100","","MAPE","","638712.0","166308.0","DUMPTON PARK STATION PLAT 1","HKJ6","","","","","","","","","","","110178476","2022-08-05","","NRAIL","","","","","Up Main/Fast","ACCESS POINT - PLATFORM END - UNGATED",""
"110178479","VIR","78.0739","QK","","78.0739","2100","","MAPE","","638456.0","166323.0","DUMPTON PARK STATION PLAT 2","HKJ6","","","","","","","","","","","110178479","2022-08-05","","NRAIL","","","","","Down Main/Fast","ACCESS POINT - PLATFORM END - GATED",""
"110178477","VIR","78.0739","QK","","78.0739","1100","","MAPE","","638456.0","166326.0","DUMPTON PARK STATION PLAT 1","HKJ6","","","","","","","","","","","110178477","2022-08-05","","NRAIL","","","","","Up Main/Fast","ACCESS POINT - PLATFORM END - UNGATED",""
"110178569","VIR","79.0332","QK","","79.0332","0","","MAPE","","637367.0","165814.0","RAMSGATE STN PLAT 1 & 2","HKJ6","","","","","","","","","","","110178569","2022-08-05","","NRAIL","","","","","All/Multiple Tracks","ACCESS POINT - PLATFORM END - GATED",""
"110178571","VIR","79.0332","QK","","79.0332","0","","MAPE","","637372.0","165806.0","RAMSGATE STN PLAT 3 & 4","HKJ6","","","","","","","","","","","110178571","2022-08-05","","NRAIL","","","","","All/Multiple Tracks","ACCESS POINT - PLATFORM END - GATED",""
"110179043","VIR","7.0236","QK","","7.0236","1100","","MAR","","535299.0","170800.0","PENGE - RRV ACCESS","HKJ5","","","","","","","","","RRV Access","","110179043","2023-05-31","","NRAIL","","","","","Up Main/Fast"," AUTHORISED ACCESS POINT  -  ROAD/RAIL VEH",""
"110179032","VIR","7.0352","QK","","7.0352","1100","","MAR","","535346.0","170741.0","Penge East RRV Access","HKJ5","","","","","","","","","RRV Access","","110179032","2022-08-15","","NRAIL","","","","","Up Main/Fast"," AUTHORISED ACCESS POINT  -  ROAD/RAIL VEH",""
"110179307","VIR","11.1474","QK","","11.1474","1100","","MAR","","542091.0","168729.0","SOUTHBOROUGH ROAD - BICKLEY RRV","HKJ5","","","","","","","","","","","110179307","2022-08-15","","NRAIL","","","","","Up Main/Fast"," AUTHORISED ACCESS POINT  -  ROAD/RAIL VEH",""
"110183506","VIR","26.143","QK","","26.143","1100","","MAR","","565471.0","167639.0","SOLE STREET - RRV ACCESS","HKJ6","","","","","","","","","","","110183506","2023-10-31","","NRAIL","","","","","Up Main/Fast","AUTHORISED ACCESS POINT - ROAD/RAIL VEH",""
"110183511","VIR","44.1474","QK","","44.1474","1100","","MAR","","590790.0","163827.0","SITTINGBOURNE - RRV ACCESS","HKJ6","","","","","","","","","","","110183511","2023-10-31","","NRAIL","","","","","Up Main/Fast","AUTHORISED ACCESS POINT - ROAD/RAIL VEH",""
"110183518","VIR","52.0418","QK","","52.0418","2800","","MAR","","602024.0","160795.0","FAVERSHAM DN SIDING - RRV ACCESS","HKJ6","","","","","","","","","","","110183518","2024-11-27","","NRAIL","","","","","Down Other/Eng/Car","AUTHORISED ACCESS POINT - ROAD/RAIL VEH
IMPORTANT - ‘Access is via private property and must not be used unless agreed prior. To requested access contact Ashford MPC. For out of hours access contact KICC’",""
"110183524","VIR","59.0286","QK","","59.0286","0","","MAR","","611525.0","166478.0","WHITSTABLE RRV","HKJ6","","","","","","","","","","","110183524","2023-10-31","","NRAIL","","","","","All/Multiple Tracks","AUTHORISED ACCESS POINT - ROAD/RAIL VEH",""
"110183527","VIR","62.11","QK","","62.11","1100","","MAR","","616991.0","167414.0","HERNE BAY - RRV ACCESS","HKJ6","","","","","","","","","","","110183527","2023-10-31","","NRAIL","","","","","Up Main/Fast","AUTHORISED ACCESS POINT - ROAD/RAIL VEH",""
"110183533","VIR","72.0902","QK","","72.0902","0","","MAR","","632644.0","169983.0","WESTGATE RRV ACCESS","HKJ6","","","","","","","","","","","110183533","2023-10-31","","NRAIL","","","","","All/Multiple Tracks","AUTHORISED ACCESS POINT - ROAD/RAIL VEH",""
"110183534","VIR","73.1408","QK","","73.1408","3101","","MAR","","634693.0","170569.0","MARGATE PF1 - RRV ACCESS","HKJ6","","","","","","","","","","","110183534","2023-10-31","","NRAIL","","","","","","AUTHORISED ACCESS POINT - ROAD/RAIL VEH",""
"110183535","VIR","73.1518","QK","","73.1518","2100","","MAR","","634594.0","170509.0","MARGATE RRV","HKJ6","","","","","","","","","","","110183535","2023-10-31","","NRAIL","","","","","Down Main/Fast","AUTHORISED ACCESS POINT - ROAD/RAIL VEH",""
"110146948","VIR","4.088","QK","","4.088","9999","","MAV","","532425.0","173752.0","WEST DULWICH SUBSTATION","HKJ5","","","","","","","","","","","110146948","2022-08-05","","NRAIL","","","","","Unknown","Address:Giant Arches Rd, Herne Hill:SE24 9HL      Details:Network Rail Gate, off Turney Rd, Dulwich, then to site         TQ323739",""
"70209033","VIR","8.1013","QK","","8.1013","2600","","MAV","","537186.0","169877.0","Beckenham Jn-Waitrose Carpark","HKJ5","","","","","","","","","","","70209033","2008-09-08","","BBRM","","","","","Down Terminal/Bay","Risk Rating 3, Hazard Rating 3,Score 9",""
"70209034","VIR","8.1167","QK","","8.1167","3600","","MAV","","537326.0","169858.0","Beckenham Jn","HKJ5","","","","","","","","","","","70209034","2008-09-08","","BBRM","","","","","Rev Terminal/Bay","Risk Rating 10, Hazard Rating 2,Score 20",""
"110142427","VIR","12.1386","QK","","12.1386","2100","","MAV","","543771.0","168796.0","Goshill Road","HKJ5","","","","","","","","","","","110142427","2022-04-26","","NRAIL","","","","","Down Main/Fast","Score 6, BRS 4082",""
"70208826","VIR","12.1402","QK","","12.1402","2200","","MAV","","543628.0","168835.0","Bickley/St Mary Cray-Gosshill Rd near Signal VS208","HKJ5","","","","","","","","","","","70208826","2008-09-08","","BBRM","","","","","Down Slow","Risk Rating 6, Hazard Rating 2,Score 12",""
"110146987","VIR","16.0241","QK","","16.0241","9999","","MAV","","548880.0","168171.0","KEVINGTOWN SUBSTATION","HKJ5","","","","","","","","","","","110146987","2022-08-05","","NRAIL","","","","","Unknown","Address:Sheepcote Lane, Kevingtown:BR5 4ET      Details:Network Rail gate, off Sheepcote Lane, @ 16m11c then up to site        TQ489682",""
"70207544","VIR","17.1148","QK","","17.1148","1100","","MAV","","551260.0","168396.0","Swanley/Farningham Rd","HKJ5","","","","","","","","","","","70207544","2008-09-08","","BBRM","","","","","Up Main/Fast","Risk Rating 10, Hazard Rating 2,Score 20, 56 Steps Down",""
"70207597","VIR","20.082","QK","","20.082","1100","","MAV","","555577.0","169332.0","Farningham Rd","HKJ5","","","","","","","","","","","70207597","2008-09-08","","BBRM","","","","","Up Main/Fast","Risk Rating 4, Hazard Rating 2,Score 8",""
"70207731","VIR","23.0377","QK","","23.0377","2100","","MAV","","559907.0","168945.0","Farningham Rd/Longfield","HKJ5","","","","","","","","","","","70207731","2008-09-08","","BBRM","","","","","Down Main/Fast","Risk Rating 10, Hazard Rating 2,Score 20",""
"110147121","VIR","26.0044","QK","","26.0044","9999","","MAV","","564261.0","167922.0","MEOPHAM SUBSTATION","HKJ6","","","","","","","","","","","110147121","2023-10-31","","NRAIL","","","","","Unknown","Address:Station Rd, Meopham:DA13 0LX Details: Network Rail Gate, off down side platform No 2 at Meopham Station, then to site.",""
"70130426","VIR","26.0212","QK","","26.0212","1100","","MAV","","564381.0","167904.0","Meopham Car park","HKJ6","","","","","","","","","AC","","70130426","2017-09-28","","BBRM","","","","","Up Main/Fast","Risk Rating 3, Hazard Rating 2,Score 6",""
"70130427","VIR","26.1441","QK","","26.1441","1100","","MAV","","565463.0","167629.0","Sole St. Up side Car Park","HKJ6","","","","","","","","","AC","","70130427","2017-09-28","","BBRM","","","","","Up Main/Fast","Risk Rating 3, Hazard Rating 2,Score 6",""
"70260212","VIR","33.11","QK","","33.11","2100","","MAV","","574668.0","168293.0","Rochester Signalbox","HKJ6","","","","","","","","","","","70260212","2008-09-08","","BBRM","","","","","Down Main/Fast","Risk Rating 3, Hazard Rating 3,Score 9",""
"70130428","VIR","34.0585","QK","","34.0585","1100","","MAV","","575537.0","167608.0","Chatham Station Car Park","HKJ6","","","","","","","","","AC","","70130428","2017-09-28","","BBRM","","","","","Up Main/Fast","Risk Rating 3, Hazard Rating 2,Score 6",""
"110183481","VIR","36.0198","QK","","36.0198","2100","","MAV","","578129.0","168327.0","GILLINGHAM DOWN SIDING","HKJ6","","","","","","","","","","","110183481","2023-10-31","","NRAIL","","","","","Down Main/Fast","AUTHORISED ACCESS POINT - VEHICLE",""
"110183482","VIR","36.0396","QK","","36.0396","2100","","MAV","","578081.0","168415.0","GILLINGHAM BBRML COMPOUND","HKJ6","","","","","","","","","","","110183482","2023-10-31","","NRAIL","","","","","Down Main/Fast","AUTHORISED ACCESS POINT - VEHICLE",""
"110142436","VIR","36.0484","QK","","36.0484","1100","","MAV","","578183.0","168411.0","Gillingham Train Depot","HKJ6","","","","","","","","","","","110142436","2017-09-28","","NRAIL","","","","","Up Main/Fast","Score 5",""
"70130429","VIR","38.1373","QK","","38.1373","1100","","MAV","","581658.0","166459.0","Rainham Station Car Park","HKJ6","","","","","","","","","AC","","70130429","2017-09-28","","BBRM","","","","","Up Main/Fast","Risk Rating 3, Hazard Rating 2,Score 6",""
"70260215","VIR","38.1716","QK","","38.1716","2100","","MAV","","581904.0","166265.0","Rainham BBRML Yard","HKJ6","","","","","","","","","","","70260215","2017-09-28","","BBRM","","","","","Down Main/Fast","Risk Rating 6, Hazard Rating 2,Score 12",""
"70260216","VIR","39.051","QK","","39.051","1100","","MAV","","582343.0","166023.0","Rainham Substation","HKJ6","","","","","","","","","","","70260216","2017-09-28","","NRAIL","","","","","Up Main/Fast","Address:Farnham Close, Rainham:ME8 8NX Details: Off Winchester Way, Cul de Sac to the back of Houses, Network Rail Gate, then into site.~ Risk Rating 10, Hazard Rating 2,Score 20",""
"70130430","VIR","44.143","QK","","44.143","1100","","MAV","","590724.0","163845.0","Sittingbourne Signalbox","HKJ6","","","","","","","","","AC","","70130430","2008-09-08","","BBRM","","","","","Up Main/Fast","Risk Rating 6, Hazard Rating 3,Score 18",""
"110183484","VIR","44.1474","QK","","44.1474","2100","","MAV","","590786.0","163842.0","SITTINGBOURNE DEPOT GATES","HKJ6","","","","","","","","","","","110183484","2023-10-31","","NRAIL","","","","","Down Main/Fast","AUTHORISED ACCESS POINT - VEHICLE",""
"110183485","VIR","44.1518","QK","","44.1518","2100","","MAV","","590786.0","163842.0","SITTINGBOURNE BB RENEWALS YARD","HKJ6","","","","","","","","","","","110183485","2023-10-31","","NRAIL","","","","","Down Main/Fast","AUTHORISED ACCESS POINT - VEHICLE",""
"70260217","VIR","48.1206","QK","","48.1206","2100","","MAV","","597093.0","162576.0","Teynham Substation","HKJ6","","","","","","","","","","","70260217","2017-09-28","","NRAIL","","","","","Down Main/Fast","Address:Deerton Street, Teynham:ME9 9LJ Details: Network Rail Gate, off Deerton Street, off Lower Road, Teynham. @ 48m 72c then into site.~ Risk Rating 4, Hazard Rating 2,Score 8",""
"70130431","VIR","51.0916","QK","","51.0916","0","","MAV","","600899.0","160949.0","Faversham-St Annes Crossing","HKJ6","","","","","","","","","AC","","70130431","2008-09-08","","BBRM","","","","","All/Multiple Tracks","Risk Rating 6, Hazard Rating 2,Score 12",""
"70130432","VIR","51.1582","QK","","51.1582","1800","","MAV","","601505.0","160929.0","Faversham-St Georges Dock Compound","HKJ6","","","","","","","","","AC","","70130432","2008-09-08","","BBRM","","","","","Up Other/Eng/Car","Risk Rating 6, Hazard Rating 3,Score 18",""
"70207134","VIR","52.0225","QK","","52.0225","2900","","MAV","","601854.0","160813.0","Faversham","HKJ6","","","","","","","","","","","70207134","2019-08-29","","BBRM","","","","","Down Siding","Risk Rating 6, Hazard Rating 2,Score 12. RRV access gate is in old Faversham dpeot. Land has been sold and is currently being developed. Must give owner notice when wish to use. Please arrange with your Ashford DU contact.",""
"110142438","VIR","58.121","QK","","58.121","1100","","MAV","","610845.0","166118.0","Oxford Street Bridge <Caravan Centre>","HKJ6","","","","","","","","","","","110142438","2008-09-08","","NRAIL","","","","","Up Main/Fast","Score 50",""
"110147178","VIR","62.1095","QK","","62.1095","9999","","MAV","","616928.0","167446.0","HERNE BAY SUBSTATION","HKJ6","","","","","","","","","","","110147178","2023-10-31","","NRAIL","","","","","Unknown","Address:Fleetwood Avenue, Herne Bay:CT6 8QN Details: Network Rail Gate, off Cross Street near Herne Bay Station, then to site",""
"70260219","VIR","62.1232","QK","","62.1232","2100","","MAV","","617119.0","167431.0","Chestfield/Herne Bay-BBRML Compound","HKJ6","","","","","","","","","","","70260219","2017-09-28","","BBRM","","","","","Down Main/Fast","Risk Rating 6, Hazard Rating 2,Score 12",""
"70130433","VIR","72.0902","QK","","72.0902","2100","","MAV","","632595.0","170010.0","Westgate-Grove Crossing Footbridge 817B","HKJ6","","","","","","","","","AC","","70130433","2015-11-12","","NRAIL","","","","","Down Main/Fast","Risk Rating 6, Hazard Rating 2,Score 12    The RRV gates are accessed via a tarmac pad owned by KCC Highways who require a permit to be granted by them before use of the access. The permit should be applied for 6 weeks prior to use. Permit not required for foot access. A permit is required for any setting down or unloading on the pad & for working on, storing any materials on or parking or traversing using a vehicle to get to the gates. The restriction also prohibits the removal for any reason of the installed bollards and the crossing of the footpath. If not adhered to, Highways have the power to prosecute NWR and stop any works and block the gates from all future use. Please contact the local MPC for more details.",""
"70260223","VIR","72.1287","QK","","72.1287","2100","","MAV","","632935.0","170045.0","Westgate Substation","HKJ6","","","","","","","","","","","70260223","2017-09-28","","NRAIL","","","","","Down Main/Fast","Address:Seymour Avenue, Westgate on Sea:CT9 5HS Details: Off Westgate Bay Road, then Seymour Avenue, Network Rail Gate at end of road, then to site ~ Risk Rating 6, Hazard Rating 2,Score 12",""
"70130434","VIR","73.1386","QK","","73.1386","1100","","MAV","","634562.0","170473.0","Margate Station Platform 5 - Naylands","HKJ6","","","","","","","","","AC","","70130434","2017-09-28","","BBRM","","","","","Up Main/Fast","Risk Rating 6, Hazard Rating 2,Score 12",""
"70207168","VIR","73.1577","QK","","73.1577","1200","","MAV","","634725.0","170522.0","Margate","HKJ6","","","","","","","","","","","70207168","2008-09-08","","BBRM","","","","","Up Slow","Risk Rating 10, Hazard Rating 2,Score 20",""
"70260226","VIR","74.0792","QK","","74.0792","2100","","MAV","","635543.0","170192.0","Margate TP Hut","HKJ6","","","","","","","","","","","70260226","2011-05-17","","NRAIL","","","","","Down Main/Fast","Address:St. Peters Rd, Margate:CT9 1LJ Details: Off Eaton Road, Network Rail Gate, @ 74m 36c then to site~ Risk Rating 6, Hazard Rating 2,Score 12",""
"70260227","VIR","75.0462","QK","","75.0462","2100","","MAV","","636716.0","169614.0","Margate/Broadstairs-Dane Valley Rd","HKJ6","","","","","","","","","","","70260227","2008-09-08","","BBRM","","","","","Down Main/Fast","Risk Rating 6, Hazard Rating 2,Score 12",""
"110147144","VIR","76.0286","QK","","76.0286","9999","","MAV","","638053.0","168983.0","BROADSTAIRS SUBSTATION","HKJ6","","","","","","","","","","","110147144","2023-10-31","","NRAIL","","","","","Unknown","Address:Northdown Rd, Broadstairs:CT10 3JL Details: Off A2053, then off Norman Road, Network Rail Gate, at Bridge No 833 @ 76m 33c then along cess to site",""
"70130643","WJB","27.099","QK","","27.099","1100","","MAP","","570806.0","106507.0","Cooden Beach Gate","HKJ5","","","","","","","","","AC","","70130643","2016-03-30","","AMEC","","","","","Up Main/Fast","Risk Rating 6, Hazard Rating 2,Score 18",""
"70130337","WJB","27.1056","QK","","27.1056","1100","","MAP","","570864.0","106527.0","Cooden Beach-Herband Walk","HKJ5","","","","","","","","","AC","","70130337","2008-09-08","","BBRM","","","","","Up Main/Fast","Risk Rating 2, Hazard Rating 2,Score 4",""
"110181411","WJB","27.132","QK","","27.132","1100","","MAP","","570319.0","106331.0","Herbrand Walk Pedestrian Access","HKJ5","","","","","","","","","Pedestrian Access","","110181411","2022-11-07","","NRAIL","","","","","Up Main/Fast","",""
"110142439","WJB","28.1562","QK","","28.1562","1100","","MAP","","572825.0","107208.0","West Court Drive 28m71ch","HKJ5","","","","","","","","","","","110142439","2016-03-30","","NRAIL","","","","","Up Main/Fast","Score 73",""
"110146976","WJB","29.1382","QK","","29.1382","9999","","MAP","","574241.0","107498.0","BEXHILL SUBSTATION","HKJ5","","","","","","","","","","","110146976","2022-08-05","","NRAIL","","","","","Unknown","Address:Station Rd, Bexhill:TN40 1RD      Details:Bexhil Station <Brighton end of down side platform> then to site          TQ742075",""
"110177403","WJB","30.1628","QK","","30.1628","2100","","MAP","","576049.0","107804.0","BEXHILL-REAR OF TESCO","HKJ5","","","","","","","","","","","110177403","2023-05-31","","NRAIL","","","","","Down Main/Fast","CREATED AFTER ACCESS POINT VALIDATION DATA ANALYSIS",""
"70130647","WJB","31.0286","QK","","31.0286","2100","","MAP","","576416.0","107920.0","Galley Hill","HKJ5","","","","","","","","","AC","","70130647","2022-04-26","","BBRM","","","","","Down Main/Fast","",""
"70206468","WJB","31.0506","QK","","31.0506","2100","","MAP","","576608.0","107996.0","Bexhill Rd Br 214 - Galley Hill Sub/S","HKJ5","","","","","","","","","","","70206468","2022-04-26","","BBRM","","","","","Down Main/Fast","Risk Rating 3, Hazard Rating 2,Score 6",""
"110147040","WJB","31.0513","QK","","31.0513","9999","","MAP","","576608.0","107996.0","BEXHILL EAST TPH TP HUT","HKJ5","","","","","","","","","","","110147040","2022-08-05","","NRAIL","","","","","Unknown","Address:De La Warr Mews, Bexhill on Sea:TN40 1RD       Details:Network Rail gate, off Bexhill Road, Bexhill, then into site           TQ521465",""
"70260237","WJB","31.1716","QK","","31.1716","2100","","MAP","","577600.0","108473.0","Bridgeway Conservation Yard","HKJ5","","","","","","","","","","","70260237","2008-10-21","","BBRM","","","","","Down Main/Fast","Risk Rating 3, Hazard Rating 2,Score 6",""
"70206522","WJB","32.1026","QK","","32.1026","1100","","MAP","","578508.0","108833.0","West Marina","HKJ5","","","","","","","","","","","70206522","2008-09-08","","BBRM","","","","","Up Main/Fast","Risk Rating 3, Hazard Rating 2,Score 224",""
"70206530","WJB","32.1474","QK","","32.1474","2100","","MAP","","578887.0","108973.0","St Leonards","HKJ5","","","","","","","","","","","70206530","2022-04-26","","BBRM","","","","","Down Main/Fast","Risk Rating 10, Hazard Rating 2,Score 20, 31 Steps Down, BRS 4121",""
"110146978","WJB","32.1565","QK","","32.1565","9999","","MAP","","578964.0","109006.0","BOPEEP SUBSTATION","HKJ5","","","","","","","","","","","110146978","2022-08-05","","NRAIL","","","","","Unknown","Address:St Vincents Rd, West St Leonards:TN38 0NL       Details:West St Leonards Station <Hastings end of up side platform> then to site           TQ789090",""
"110176608","WJB","27.1106","QK","","27.1106","1100","","MAPE","","570906.0","106541.0","COODEN BEACH STATION PLAT 1","HKJ5","","","","","","","","","","","110176608","2022-08-05","","NRAIL","","","","","Up Main/Fast","COODEN BEACH STATION PLAT 1 - Ungated",""
"110176609","WJB","27.111","QK","","27.111","2100","","MAPE","","570910.0","106543.0","COODEN BEACH STATION PLAT 2","HKJ5","","","","","","","","","","","110176609","2022-08-05","","NRAIL","","","","","Down Main/Fast","COODEN BEACH STATION PLAT 2 - Ungated",""
"110176538","WJB","27.1177","QK","","27.1177","1100","","MAPE","","570968.0","106563.0","COODEN BEACH STATION PLAT 1","HKJ5","","","","","","","","","","","110176538","2022-08-05","","NRAIL","","","","","Up Main/Fast","COODEN BEACH STATION PLAT 1 - Ungated",""
"110176539","WJB","27.1183","QK","","27.1183","2100","","MAPE","","570973.0","106565.0","COODEN BEACH STATION PLAT 2","HKJ5","","","","","","","","","","","110176539","2022-08-05","","NRAIL","","","","","Down Main/Fast","COODEN BEACH STATION PLAT 2 - Ungated",""
"110176537","WJB","29.0243","QK","","29.0243","2100","","MAPE","","573213.0","107323.0","COLLINGTON STATION PLAT 2","HKJ5","","","","","","","","","","","110176537","2022-08-05","","NRAIL","","","","","Down Main/Fast","COLLINGTON STATION PLAT 2 - Ungated",""
"110176534","WJB","29.1406","QK","","29.1406","2100","","MAPE","","574262.0","107501.0","BEXHILL STATION PLAT 2","HKJ5","","","","","","","","","","","110176534","2022-08-05","","NRAIL","","","","","Down Main/Fast","BEXHILL STATION PLAT 2 - Ungated",""
"110176533","WJB","29.1479","QK","","29.1479","1100","","MAPE","","574328.0","107511.0","BEXHILL STATION PLAT 1","HKJ5","","","","","","","","","","","110176533","2022-08-05","","NRAIL","","","","","Up Main/Fast","BEXHILL STATION PLAT 1 - Ungated",""
"110176605","WJB","29.1604","QK","","29.1604","2100","","MAPE","","574442.0","107529.0","BEXHILL STATION PLAT 2","HKJ5","","","","","","","","","","","110176605","2022-08-05","","NRAIL","","","","","Down Main/Fast","BEXHILL STATION PLAT 2 - Gated",""
"110176604","WJB","29.1604","QK","","29.1604","1100","","MAPE","","574442.0","107529.0","BEXHILL STATION PLAT 1","HKJ5","","","","","","","","","","","110176604","2022-08-05","","NRAIL","","","","","Up Main/Fast","BEXHILL STATION PLAT 1 - Gated",""
"70130646","WJB","30.143","QK","","30.143","2100","","MAR","","575875.0","107760.0","Galley Hill","HKJ5","","","","","","","","","AC","","70130646","2016-03-30","","BBRM","","","","","Down Main/Fast","",""
"110179016","WJB","32.1166","QK","","32.1166","1100","","MAR","","578612.0","108881.0","TK MAX - RRV ACCESS","HKJ5","","","","","","","","","","","110179016","2022-08-15","","NRAIL","","","","","Up Main/Fast"," AUTHORISED ACCESS POINT  -  ROAD/RAIL VEH",""
"70130644","WJB","29.1395","QK","","29.1395","1100","","MAV","","574253.0","107500.0","Gate at Bexhill Station Up Platform","HKJ5","","","","","","","","","AC","","70130644","2008-09-08","","AMEC","","","","","Up Main/Fast","Risk Rating 3, Hazard Rating 2,Score 6",""
"110142226","WJB","31.1716","QK","","31.1716","2100","","MAV","","577829.0","108552.0","West Marina TOC Depot","HKJ5","","","","","","","","","","","110142226","2022-04-26","","NRAIL","","","","","Down Main/Fast","Authorised pedestrian access point. Via train operating company depot. BRS 4065",""
"110142440","WMS","43.1694","QK","","43.1694","1100","","MAV","","589443.0","164324.0","Hollands Crossing","HKJ6","","","","","","","","","","","110142440","2008-09-08","","NRAIL","","","","","Up Main/Fast","Score 2",""
"110171271","XTD","1.0694","QK","","1.0694","1100","","MA","","532237.0","180098.0","REDCROSS WAY","HKJ4","","","","","","","","","","","110171271","2022-08-09","","","","","","","Up Main/Fast"," ",""
"110178373","XTD","4.0136","QK","","4.0136","1106","","MA","","","","NORTH KENT EAST JUNCTION:2038","HKJ4","","","","","","","","","","","110178373","2022-08-09","","NRAIL","","","","",""," ",""
"110175717","XTD","41.132","QK","","41.132","1100","","MA","","","","STAPLEHURST RRV","HKJ5","","","","","","","","","","","110175717","2022-01-19","","","","","","","Up Main/Fast","",""
"110142441","XTD","0.1116","QK","","0.1116","1100","","MAP","","531159.0","179974.0","The Milk Dock","HKJ4","","","","","","","","","","","110142441","2016-01-05","","NRAIL","","","","","Up Main/Fast","Score 14","TQ 31159 79974"
"110162885","XTD","1.0055","QK","","1.0055","2200","","MAP","","531788.0","180062.0","Gambia Street","HKJ4","","","","","","","","","","","110162885","2023-05-31","","NRAIL","","","","","Down Slow","""Staircase Access Point
Gambia Street, London SE1 0XH. 
Care must be taken due to redundant equipment and cables""",""
"110178370","XTD","1.0946","QK","","1.0946","2101","","MAP","","","","STONEY STREET","HKJ4","","","","","","","","","","","110178370","2022-08-09","","NRAIL","","","","",""," ",""
"110154738","XTD","1.1511","QK","","1.1511","3509","","MAP","","533030.0","180146.0","London Bridge","HKJ4","","","","","","","","","","","110154738","2023-05-31","","NRAIL","","","","","","Authorised Access Point From Platform 10 to track 9",""
"110178378","XTD","1.1556","QK","","1.1556","2101","","MAP","","","","LONDON BRIDGE STN PLT 1","HKJ4","","","","","","","","","","","110178378","2022-08-09","","NRAIL","","","","",""," ",""
"70260238","XTD","1.1562","QK","","1.1562","2200","","MAP","","533060.0","180114.0","London Bridge/New Cross-Dockley St","HKJ4","","","","","","","","","","","70260238","2016-01-04","","BBRM","","","","","Down Slow","Risk Rating 3, Hazard Rating 2,Score 6, Steps",""
"110142443","XTD","2.1421","QK","","2.1421","2104","","MAP","","534278.0","179193.0","Spa Road","HKJ4","","","","","","","","","","","110142443","2020-12-09","","NRAIL","","","","","","Score 14","TQ 34278 79193"
"110178371","XTD","3.0893","QK","","3.0893","2101","","MAP","","","","CORBETT""S PASSAGE ACCESS STAIR","HKJ4","","","","","","","","","","","110178371","2022-08-09","","NRAIL","","","","",""," ",""
"110162883","XTD","3.114","QK","","3.114","1100","","MAP","","534559.0","178965.0","Silwood Street","HKJ4","","","","","","","","","","","110162883","2023-05-31","","NRAIL","","","","","Up Main/Fast","""Staircase access point located at REB LB193 
Railway Arch 64, Silwood Street, LONDON, SE16 2SW""",""
"110162884","XTD","3.1189","QK","","3.1189","1100","","MAP","","535376.0","178427.0","Silwood Street","HKJ4","","","","","","","","","","","110162884","2023-05-31","","NRAIL","","","","","Up Main/Fast","""Staircase access point located at REB LB193 
Railway Arch 64, Silwood Street, LONDON, SE16 2SW""",""
"110178374","XTD","4.0391","QK","","4.0391","2101","","MAP","","","","BLACKHORSE ROAD<CANAL APPROACH","HKJ4","","","","","","","","","","","110178374","2022-08-09","","NRAIL","","","","",""," ",""
"70260239","XTD","4.0752","QK","","4.0752","1100","","MAP","","536398.0","177778.0","ROLT STREET","HKJ4","","","","","","","","","","","70260239","2022-08-09","","BBRM","","","","","Up Main/Fast","Risk Rating 3, Hazard Rating 2,Score 6","TQ 36398 77778"
"110178369","XTD","4.0817","QK","","4.0817","1100","","MAP","","","","MILTON COURT","HKJ4","","","","","","","","","","","110178369","2022-08-09","","NRAIL","","","","","Up Main/Fast"," ",""
"110178375","XTD","4.0964","QK","","4.0964","1100","","MAP","","","","NORTH KENT EAST RELAY ROOM [A]","HKJ4","","","","","","","","","","","110178375","2022-08-09","","NRAIL","","","","","Up Main/Fast"," ",""
"110178376","XTD","4.1008","QK","","4.1008","1100","","MAP","","","","NORTH KENT EAST RELAY ROOM [B]","HKJ4","","","","","","","","","","","110178376","2022-08-09","","NRAIL","","","","","Up Main/Fast"," ",""
"110142445","XTD","4.1562","QK","","4.1562","1100","","MAP","","536723.0","177106.0","Exeter Way - New Cross","HKJ4","","","","","","","","","","","110142445","2018-08-03","","NRAIL","","","","","Up Main/Fast","Score 10",""
"110178377","XTD","4.1615","QK","","4.1615","0","","MAP","","","","LUCAS STREET","HKJ4","","","","","","","","","","","110178377","2022-08-09","","NRAIL","","","","","All/Multiple Tracks"," ",""
"70260241","XTD","5.0264","QK","","5.0264","1100","","MAP","","536939.0","176745.0","NEW CROSS-EXETER WAY","HKJ4","","","","","","","","","","","70260241","2022-08-09","","BBRM","","","","","Up Main/Fast","Risk Rating 3, Hazard Rating 2,Score 6",""
"70260242","XTD","5.1509","QK","","5.1509","2200","","MAP","","537779.0","176040.0","THURSTON ROAD","HKJ4","","","","","","","","","","","70260242","2022-08-09","","BBRM","","","","","Down Slow","Risk Rating 10, Hazard Rating 2,Score 20","TQ 37779 76040"
"110164875","XTD","6.0418","QK","","6.0418","2100","","MAP","","537937.0","175404.0","PARKS BRIDGE RELAY ROOM STEPS","HKJ4","","","","","","","","","","","110164875","2023-05-31","","","","","","","Down Main/Fast"," ",""
"70210574","XTD","6.0421","QK","","6.0421","2200","","MAP","","537953.0","175428.0","St Johns/Hither Green","HKJ4","","","","","","","","","","","70210574","2016-01-05","","BBRM","","","","","Down Slow"," ","TQ 37953 75428"
"70260243","XTD","6.0849","QK","","6.0849","2200","","MAP","","538184.0","175118.0","MORLEY ROAD","HKJ4","","","","","","","","","","","70260243","2022-08-09","","BBRM","","","","","Down Slow","Risk Rating 10, Hazard Rating 2,Score 20, Steps","TQ 38184 75118"
"70212278","XTD","7.044","QK","","7.044","2200","","MAP","","539149.0","174259.0","HITHER GREEN - PLATFORM 4 CE","HKJ4","","","","","","","","","","","70212278","2022-08-09","","BBRM","","","","","Down Slow","Risk Rating 3, Hazard Rating 2,Score 6","TQ 39149 74259"
"70130367","XTD","7.1201","QK","","7.1201","1100","","MAP","","539457.0","173709.0","ST. MILDREDS - BEST WAYS","HKJ4","","","","","","","","","AC","","70130367","2022-08-09","","BBRM","","","","","Up Main/Fast","Risk Rating 3, Hazard Rating 2,Score 6","TQ 39457 73709"
"110142446","XTD","7.1201","QK","","7.1201","1100","","MAP","","539458.0","173713.0","ST MILDREDS BRIDGE - BESTWAYS","HKJ4","","","","","","","","","","","110142446","2018-08-06","","NRAIL","","","","","Up Main/Fast","Score 60","TQ 39458 73713"
"110179309","XTD","9.1188","QK","","9.1188","2200","","MAP","","541570.0","171328.0","MARVELS LANE","HKJ5","","","","","","","","","","","110179309","2022-08-15","","NRAIL","","","","","Down Slow"," AUTHORISED ACCESS POINT  -  PEDESTRIAN",""
"70212283","XTD","9.119","QK","","9.119","2200","","MAP","","541556.0","171302.0","Grove Pk/Elmstead Wds-Marvels Lane Nr Sig AD1, AD3","HKJ5","","","","","","","","","","","70212283","2008-09-08","","BBRM","","","","","Down Slow","Risk Rating 10, Hazard Rating 2,Score 20",""
"110147053","XTD","10.0581","QK","","10.0581","9999","","MAP","","542313.0","170572.0","ELMSTEAD WOODS TPH TP HUT","HKJ5","","","","","","","","","","","110147053","2022-08-05","","NRAIL","","","","","Unknown","Address:Elmstead Lane, Bromley:BR7 5EG             Details:Elmstead Woods Station, then along down side platform C/E, then to site         TQ423707",""
"70211031","XTD","10.1504","QK","","10.1504","1100","","MAP","","542795.0","169884.0","Elmstead Woods/Chislehurst-Oakhurst Close","HKJ5","","","","","","","","","","","70211031","2019-03-05","","BBRM","","","","","Up Main/Fast","Risk Rating 6, Hazard Rating 2,Score 12. This is a very sensitive Residential Area.  Any works planned using this access point must be notified in writing to the residents at least 2 weeks prior to the commencement of any works. Network Rail has no legal right to park on the resident""s private access road at any time.  Teams must park on NR land behind our access gate and keep the access gate locked at all times.  Please contact the Orpington Delivery Unit for further clarification.  Please Note there is Southern Gas main on our NR land at this location that is not referenced on GEO-RINM or Buried Services.",""
"70211022","XTD","11.0923","QK","","11.0923","1100","","MAP","","543461.0","169038.0","Chislehurst Jn-Barfield Rd","HKJ5","","","","","","","","","","","70211022","2008-09-08","","BBRM","","","","","Up Main/Fast","Risk Rating 10, Hazard Rating 2,Score 20, 48 Steps Up",""
"70119414","XTD","11.1059","QK","","11.1059","9999","","MAP","","543662.0","168897.0","CHISLEHURST SUBSTATION","HKJ5","","","","","","","","","AC","","70119414","2011-05-17","","NRAIL","","","","","Unknown","Address:Gosshill Rd, Bickley:BR7 5NS       Details: Entrance via Metal Staircase in Barfield Road, Network Rail Gate, then along footpath through trees to site.        TQ435690",""
"70260246","XTD","12.033","QK","","12.033","1100","","MAP","","544047.0","168139.0","Petts Wood Jn-Tent Peg Lane","HKJ5","","","","","","","","","","","70260246","2008-09-08","","BBRM","","","","","Up Main/Fast","Risk Rating 6, Hazard Rating 2,Score 12",""
"70211184","XTD","13.066","QK","","13.066","2100","","MAP","","545090.0","166536.0","Petts Wood/Orpington-Red Cedars Rd","HKJ5","","","","","","","","","","","70211184","2022-04-26","","BBRM","","","","","Down Main/Fast","Risk Rating 3, Hazard Rating 2,Score 6, BRS 4071",""
"70260248","XTD","13.1056","QK","","13.1056","2100","","MAP","","545282.0","166240.0","Orpington-Dalewood Rd carriage sidings","HKJ5","","","","","","","","","","","70260248","2022-04-26","","BBRM","","","","","Down Main/Fast","Risk Rating 3, Hazard Rating 2,Score 6, BRS 4071",""
"70264595","XTD","14.0","QK","","14.0","2100","","MAP","","545601.0","165678.0","Orpington/Chelsfield","HKJ5","","","","","","","","","","","70264595","2022-04-26","","BBRM","","","","","Down Main/Fast","Risk Rating 10, Hazard Rating 2, Score 20, 47 Steps Up, BRS 4071",""
"110146935","XTD","14.0036","QK","","14.0036","9999","","MAP","","545615.0","165648.0","ORPINGTON SUBSTATION","HKJ5","","","","","","","","","","","110146935","2022-08-05","","NRAIL","","","","","Unknown","Address:Station Rd,Orpington:BR6 0SA       Details:Off Tubbenden Lane,Network Rail Gate @ 14m00c then into site         TQ457658",""
"110146952","XTD","15.0583","QK","","15.0583","9999","","MAP","","546927.0","164022.0","CHELSFIELD SUBSTATION","HKJ5","","","","","","","","","","","110146952","2022-08-05","","NRAIL","","","","","Unknown","Address:Warren Rd, Chelsfield:BR6 9UJ      Details:Chelsfield Station, Down side platform @ 15m26c then into Sub Station door        TQ469641",""
"70260249","XTD","15.0704","QK","","15.0704","1100","","MAP","","547005.0","163942.0","Chelsfield Station car park","HKJ5","","","","","","","","","","","70260249","2008-09-08","","BBRM","","","","","Up Main/Fast","Risk Rating 3, Hazard Rating 2,Score 6",""
"70209200","XTD","16.0899","QK","","16.0899","2100","","MAP","","548411.0","162921.0","Knockholt-Access to Compound Only","HKJ5","","","","","","","","","","","70209200","2008-09-08","","BBRM","","","","","Down Main/Fast","Risk Rating 10, Hazard Rating 2,Score 632",""
"70260250","XTD","17.0308","QK","","17.0308","1100","","MAP","","549318.0","162410.0","Knockholt/Dunton Gn-Old London Rd, LE Polhill Tun","HKJ5","","","","","","","","","","","70260250","2008-09-08","","BBRM","","","","","Up Main/Fast","Risk Rating 3, Hazard Rating 2,Score 6, Steps Down",""
"110146925","XTD","18.1478","QK","","18.1478","9999","","MAP","","550686.0","160100.0","POLHILL SUBSTATION","HKJ5","","","","","","","","","","","110146925","2022-08-05","","NRAIL","","","","","Unknown","Address:Filston Lane, Sevenoaks:TN14 7BF   Details:Off Filston Lane, Polhill, then through barrier to Network Rail Gate, @ 19m10c then along cess to site    TQ506601",""
"70209204","XTD","19.0123","QK","","19.0123","1100","","MAP","","550781.0","159743.0","Knockholt/Dunton Gn-Old Polhill Rd, CE of Tunnel","HKJ5","","","","","","","","","","","70209204","2008-09-08","","BBRM","","","","","Up Main/Fast","Risk Rating 2, Hazard Rating 2,Score 4",""
"70209206","XTD","19.034","QK","","19.034","1100","","MAP","","550836.0","159553.0","Knockholt/Dunton Gn-Filston Lane, CE of Tunnel","HKJ5","","","","","","","","","","","70209206","2008-09-08","","BBRM","","","","","Up Main/Fast","Risk Rating 2, Hazard Rating 2,Score 4",""
"110146944","XTD","20.0935","QK","","20.0935","9999","","MAP","","551481.0","157560.0","DUNTON GREEN SUBSTATION","HKJ5","","","","","","","","","","","110146944","2022-08-05","","NRAIL","","","","","Unknown","Address:Station Rd,Dunton Green:TN13 2YD      Details:Dunton Green station, up side platform/approach road @ 20m42c then into sub station compound       TQ515575",""
"70215377","XTD","21.0814","QK","","21.0814","1100","","MAP","","551622.0","156111.0","Dunton Green/Sevenoaks-Shoreham Lane Bridge 195","HKJ5","","","","","","","","","","","70215377","2022-04-26","","BBRM","","","","","Up Main/Fast","Risk Rating 6, Hazard Rating 2,Score 12",""
"70215378","XTD","21.1562","QK","","21.1562","2100","","MAP","","552103.0","155634.0","Sevenoaks Old Box-Via 41/41A Bosville Rd","HKJ5","","","","","","","","","","","70215378","2022-04-26","","BBRM","","","","","Down Main/Fast","Risk Rating 4, Hazard Rating 2,Score 8, BRS 4073",""
"70264596","XTD","22.0286","QK","","22.0286","2500","","MAP","","552299.0","155238.0","Sevenoaks","HKJ5","","","","","","","","","","","70264596","2008-09-08","","BBRM","","","","","Down Loop","Risk Rating 10, Hazard Rating 2, Score 20",""
"110146942","XTD","22.0946","QK","","22.0946","9999","","MAP","","552476.0","154661.0","OAKHILL SUBSTATION","HKJ5","","","","","","","","","","","110146942","2022-08-05","","NRAIL","","","","","Unknown","Address:Oakhill Rd,Sevenoaks:TN13 1NU       Details:Footpath off Oakhill Rd, pass Scout hall, then to Network Rail gate, and down unmade rough footpath to up side cess @ 22m41c then along cess to site       TQ525544",""
"70215379","XTD","22.0956","QK","","22.0956","1100","","MAP","","552481.0","154654.0","Sevenoaks/Hildenborough-Oak Hill Road","HKJ5","","","","","","","","","","","70215379","2008-09-08","","BBRM","","","","","Up Main/Fast","Risk Rating 6, Hazard Rating 2,Score 12",""
"70209565","XTD","24.1672","QK","","24.1672","1100","","MAP","","553703.0","150990.0","Sevenoaks/Hildenborough-Morley""s Road Bridge 204","HKJ5","","","","","","","","","","","70209565","2022-04-26","","BBRM","","","","","Up Main/Fast","Risk Rating 4, Hazard Rating 2,Score 8, BRS 4073",""
"70209567","XTD","24.1694","QK","","24.1694","1100","","MAP","","553706.0","150981.0","Sevenoaks/Hildenborough-Morley""s Rd Br 204 <No.2>","HKJ5","","","","","","","","","","","70209567","2022-04-26","","BBRM","","","","","Up Main/Fast","Risk Rating 4, Hazard Rating 2,Score 8, BRS 4073",""
"70209573","XTD","26.0232","QK","","26.0232","1100","","MAP","","554532.0","149310.0","Sevenoaks/Hildenborough","HKJ5","","","","","","","","","","","70209573","2008-09-08","","BBRM","","","","","Up Main/Fast","Risk Rating 2, Hazard Rating 2,Score 4, 16 Steps Up",""
"70209575","XTD","26.024","QK","","26.024","1100","","MAP","","554537.0","149304.0","Sevenoaks/Hildenborough","HKJ5","","","","","","","","","","","70209575","2008-09-08","","BBRM","","","","","Up Main/Fast","Risk Rating 2, Hazard Rating 2,Score 4, 15 Steps Up",""
"110180735","XTD","26.0462","QK","","26.0462","1100","","MAP","","554668.0","149150.0","Fouchams","HKJ5","","","","","","","","","","","110180735","2022-10-26","","NRAIL","","","","","Up Main/Fast","Public Footpath Crossing Type FPS",""
"110180790","XTD","26.0462","QK","","26.0462","2100","","MAP","","554668.0","149150.0","Fouchams","HKJ5","","","","","","","","","","","110180790","2022-10-26","","NRAIL","","","","","Down Main/Fast","Public Footpath Crossing Type FPS",""
"70209577","XTD","26.0924","QK","","26.0924","1100","","MAP","","554992.0","148866.0","Sevenoaks/Hildenborough-Philpotts Lane Bridge 218","HKJ5","","","","","","","","","","","70209577","2022-04-26","","BBRM","","","","","Up Main/Fast","Risk Rating 4, Hazard Rating 2,Score 8, 40 Steps Down, BRS 4073",""
"70209579","XTD","26.0946","QK","","26.0946","1100","","MAP","","555002.0","148858.0","Sevenoaks/Hildenborough-Philpotts Lane Bridge 218","HKJ5","","","","","","","","","","","70209579","2022-04-26","","BBRM","","","","","Up Main/Fast","Risk Rating 2, Hazard Rating 2,Score 4, BRS 4073",""
"70209581","XTD","26.1694","QK","","26.1694","1100","","MAP","","555608.0","148545.0","Hildenborough-Station Rd Bridge 221","HKJ5","","","","","","","","","","","70209581","2022-04-26","","BBRM","","","","","Up Main/Fast","Risk Rating 2, Hazard Rating 2,Score 4, BRS 4073",""
"110147001","XTD","27.0039","QK","","27.0039","9999","","MAP","","555695.0","148508.0","HILDENBOROUGH SUBSTATION","HKJ5","","","","","","","","","","","110147001","2022-08-05","","NRAIL","","","","","Unknown","Address:Rings Hill, Hildenborough:TN11 8LY         Details:Hildenborough Station, then over footbridge to down side platform, then Netwrok Rail gate into site        TQ556485",""
"70209593","XTD","27.0179","QK","","27.0179","1100","","MAP","","555814.0","148459.0","Hildenborough-Station car park","HKJ5","","","","","","","","","","","70209593","2008-09-08","","BBRM","","","","","Up Main/Fast","Risk Rating 6, Hazard Rating 2,Score 12",""
"70209583","XTD","27.022","QK","","27.022","1100","","MAP","","555849.0","148445.0","Hildenborough","HKJ5","","","","","","","","","","","70209583","2008-09-08","","BBRM","","","","","Up Main/Fast","",""
"70209585","XTD","27.0803","QK","","27.0803","1100","","MAP","","556335.0","148228.0","Hildenborough/Tonbridge-Leigh Rd Bridge 226","HKJ5","","","","","","","","","","","70209585","2008-09-08","","BBRM","","","","","Up Main/Fast","Risk Rating 4, Hazard Rating 2,Score 8",""
"70130293","XTD","27.0836","QK","","27.0836","2100","","MAP","","556376.0","148205.0","Hildenborough/Tonbridge-Leigh Rd Bridge 226","HKJ5","","","","","","","","","AC","","70130293","2022-04-26","","BBRM","","","","","Down Main/Fast","Risk Rating 4, Hazard Rating 2,Score 8, BRS 4073",""
"70209587","XTD","27.087","QK","","27.087","1100","","MAP","","556389.0","148198.0","Hildenborough/Tonbridge-Leigh Rd Bridge 226","HKJ5","","","","","","","","","","","70209587","2008-09-08","","BBRM","","","","","Up Main/Fast","Risk Rating 4, Hazard Rating 2,Score 8",""
"70260252","XTD","27.1474","QK","","27.1474","2100","","MAP","","556839.0","147871.0","Hildenborough/Tonbridge-Powder Mill Bridge 227","HKJ5","","","","","","","","","","","70260252","2022-04-26","","BBRM","","","","","Down Main/Fast","Risk Rating 6, Hazard Rating 2,Score 12, 26 Steps Up, BRS 4073",""
"70130294","XTD","27.1488","QK","","27.1488","1100","","MAP","","556849.0","147863.0","Hildenborough/Tonbridge-Powder Mill Bridge 227","HKJ5","","","","","","","","","AC","","70130294","2008-09-08","","BBRM","","","","","Up Main/Fast","Risk Rating 6, Hazard Rating 2,Score 12, 26 Steps Up",""
"70130295","XTD","27.1571","QK","","27.1571","1100","","MAP","","556911.0","147814.0","Hildenborough/Tonbridge-Powder Mill Bridge 227","HKJ5","","","","","","","","","AC","","70130295","2008-09-08","","BBRM","","","","","Up Main/Fast","Risk Rating 6, Hazard Rating 2,Score 12, 24 Steps Up",""
"110165446","XTD","28.0332","QK","","28.0332","1100","","MAP","","557283.0","147523.0","Hildenborough/Tonbridge Eldon Farm","HKJ5","","","","","","","","","","","110165446","2023-05-31","","NRAIL","","","","","Up Main/Fast","Pedestrian access point oprn for use after complete renewal of access steps",""
"110177402","XTD","28.0344","QK","","28.0344","1100","","MAP","","557291.0","147516.0","ELDON FARM","HKJ5","","","","","","","","","","","110177402","2023-05-31","","NRAIL","","","","","Up Main/Fast","CREATED AFTER ACCESS POINT VALIDATION DATA ANALYSIS",""
"110146999","XTD","28.0584","QK","","28.0584","9999","","MAP","","557461.0","147384.0","HAWDEN SUBSTATION","HKJ5","","","","","","","","","","","110146999","2022-08-05","","NRAIL","","","","","Unknown","Address:Leigh Rd, Hildenborough:TN11 9BG       Details:Off Leigh Rd, then along Hawden Farm Rd to bridge No 230 @ 28m18c, Netwrok Rail gate, then up cess and along safe cess to site        TQ575473",""
"70130298","XTD","28.0808","QK","","28.0808","1100","","MAP","","557622.0","147258.0","Hildenborough/Tonbridge-Childrens A","HKJ5","","","","","","","","","AC","","70130298","2008-09-08","","BBRM","","","","","Up Main/Fast","Risk Rating 6, Hazard Rating 2,Score 12",""
"70264597","XTD","28.0816","QK","","28.0816","1100","","MAP","","557628.0","147253.0","Hildenborough/Tonbridge","HKJ5","","","","","","","","","","","70264597","2008-09-08","","BBRM","","","","","Up Main/Fast","Risk Rating 6, Hazard Rating 2, Score 12",""
"70130300","XTD","28.1003","QK","","28.1003","1100","","MAP","","557747.0","147131.0","Hildenborough/Tonbridge-Childrens B","HKJ5","","","","","","","","","AC","","70130300","2008-09-08","","BBRM","","","","","Up Main/Fast","Risk Rating 6, Hazard Rating 2,Score 12",""
"70130301","XTD","28.1019","QK","","28.1019","1100","","MAP","","557757.0","147120.0","Hildenborough/Tonbridge-Childrens B","HKJ5","","","","","","","","","AC","","70130301","2008-09-08","","BBRM","","","","","Up Main/Fast","Risk Rating 6, Hazard Rating 2,Score 12",""
"70130302","XTD","28.1539","QK","","28.1539","1100","","MAP","","557985.0","146706.0","Hildenborough/Tonbridge-Powdermill Bridge 238","HKJ5","","","","","","","","","AC","","70130302","2008-09-08","","BBRM","","","","","Up Main/Fast","Risk Rating 6, Hazard Rating 2,Score 12",""
"70130303","XTD","28.1547","QK","","28.1547","1100","","MAP","","557987.0","146699.0","Hildenborough/Tonbridge-Powdermill Bridge 238","HKJ5","","","","","","","","","AC","","70130303","2008-09-08","","BBRM","","","","","Up Main/Fast","Risk Rating 6, Hazard Rating 2,Score 12",""
"110142449","XTD","29.0","QK","","29.0","2100","","MAP","","558376.0","146085.0","Tonbridge Norfolk Road","HKJ5","","","","","","","","","","","110142449","2022-04-26","","NRAIL","","","","","Down Main/Fast","Score 52, BRS 4074",""
"70130304","XTD","29.0143","QK","","29.0143","1100","","MAP","","558081.0","146390.0","Hildenborough/Tonbridge-Barden Park","HKJ5","","","","","","","","","AC","","70130304","2008-09-08","","BBRM","","","","","Up Main/Fast","Risk Rating 6, Hazard Rating 2,Score 12",""
"70130305","XTD","29.0173","QK","","29.0173","1100","","MAP","","558089.0","146364.0","Hildenborough/Tonbridge-Barden Park","HKJ5","","","","","","","","","AC","","70130305","2008-09-08","","BBRM","","","","","Up Main/Fast","Risk Rating 6, Hazard Rating 2,Score 12",""
"70211426","XTD","29.0746","QK","","29.0746","3503","","MAP","","558472.0","146068.0","Tonbridge-Preston Rd","HKJ5","","","","","","","","","","","70211426","2008-09-08","","BBRM","","","","","","Risk Rating 6, Hazard Rating 2,Score 12",""
"70211987","XTD","29.0919","QK","","29.0919","3604","","MAP","","558628.0","146047.0","Tonbridge-Access from track to S&T compound","HKJ5","","","","","","","","","","","70211987","2008-09-08","","BBRM","","","","","","Risk Rating 6, Hazard Rating 2,Score 12",""
"110177398","XTD","29.1122","QK","","29.1122","2100","","MAP","","558814.0","146022.0","TONBRIDGE DOWN CAR PARK","HKJ5","","","","","","","","","","","110177398","2023-05-31","","NRAIL","","","","","Down Main/Fast","CREATED AFTER ACCESS POINT VALIDATION DATA ANAYLSIS",""
"110146938","XTD","29.1162","QK","","29.1162","9999","","MAP","","558850.0","146017.0","TONBRIDGE SUBSTATION","HKJ5","","","","","","","","","","","110146938","2022-08-05","","NRAIL","","","","","Unknown","Address:High Street,Tonbridge:TN9 2RQ      Details:Entrance off Priory Rd, Into staff carpark, up side at Tonbridge, then into site         TQ589459",""
"70130306","XTD","29.1208","QK","","29.1208","2100","","MAP","","558893.0","146012.0","Tonbridge-Priory Road","HKJ5","","","","","","","","","AC","","70130306","2008-09-08","","BBRM","","","","","Down Main/Fast","Risk Rating 6, Hazard Rating 3,Score 18",""
"110177399","XTD","29.121","QK","","29.121","2100","","MAP","","558895.0","146012.0","TONBRIDGE DOWN CAR PARK","HKJ5","","","","","","","","","","","110177399","2023-05-31","","NRAIL","","","","","Down Main/Fast","CREATED AFTER ACCESS POINT VALIDATION DATA ANALYSIS",""
"110142450","XTD","29.121","QK","","29.121","1100","","MAP","","558895.0","146012.0","Tonbridge Pway Depot","HKJ5","","","","","","","","","","","110142450","2022-04-26","","NRAIL","","","","","Up Main/Fast","Score 8, BRS 4074",""
"70130307","XTD","30.066","QK","","30.066","1100","","MAP","","559992.0","145866.0","Tonbridge/Paddock-Wood-Vale Rise","HKJ5","","","","","","","","","AC","","70130307","2022-04-26","","BBRM","","","","","Up Main/Fast","Risk Rating 6, Hazard Rating 2,Score 12, BRS 4074",""
"110146945","XTD","30.154","QK","","30.154","2100","","MAP","","560790.0","145761.0","POSTERN SUBSTATION","HKJ5","","","","","","","","","","","110146945","2022-08-05","","NRAIL","","","","","Down Main/Fast","Address:Postern Lane, Tonbridge:TN11 0QU    Details:Network Rail Gate, off side of field, off Postern Lane, off B2017 Five Oak Green Road, then into site      TQ607457",""
"70213965","XTD","30.155","QK","","30.155","2100","","MAP","","560790.0","145761.0","Tonbridge/Paddock Wood-Postern Substation","HKJ5","","","","","","","","","","","70213965","2008-09-08","","BBRM","","","","","Down Main/Fast","Risk Rating 2, Hazard Rating 2,Score 4",""
"110180739","XTD","31.0836","QK","","31.0836","1100","","MAP","","561742.0","145674.0","Tudeley","HKJ5","","","","","","","","","","","110180739","2022-10-26","","NRAIL","","","","","Up Main/Fast","Public Footpath Crossing Type FPS",""
"110180794","XTD","31.0836","QK","","31.0836","2100","","MAP","","561742.0","145674.0","Tudeley","HKJ5","","","","","","","","","","","110180794","2022-10-26","","NRAIL","","","","","Down Main/Fast","Public Footpath Crossing Type FPS",""
"70130308","XTD","31.1166","QK","","31.1166","1100","","MAP","","562055.0","145651.0","Tonbridge/Paddock-Tudeley Road","HKJ5","","","","","","","","","AC","","70130308","2022-04-26","","BBRM","","","","","Up Main/Fast","Risk Rating 6, Hazard Rating 2,Score 12, BRS 4075",""
"70210046","XTD","31.1188","QK","","31.1188","1100","","MAP","","562064.0","145651.0","Tonbridge/Paddock Wood-Tudeley Road","HKJ5","","","","","","","","","","","70210046","2022-04-26","","BBRM","","","","","Up Main/Fast","Risk Rating 6, Hazard Rating 2,Score 12",""
"110146939","XTD","32.0356","QK","","32.0356","9999","","MAP","","562905.0","145587.0","TUDELEY SUBSTATION","HKJ5","","","","","","","","","","","110146939","2022-08-05","","NRAIL","","","","","Unknown","Address:Sherenden Rd,Five Oak Green:TN11 0PB     Details:Network Rail Gate, off Sherenden Road, Tudeley, then into site          TQ632456",""
"70130309","XTD","33.0066","QK","","33.0066","1100","","MAP","","564247.0","145489.0","Tonbridge/Paddock-Five Oak Green Buggs Bridge 265","HKJ5","","","","","","","","","AC","","70130309","2022-04-26","","BBRM","","","","","Up Main/Fast","Risk Rating 6, Hazard Rating 2,Score 12, BRS 4075",""
"70210721","XTD","33.0078","QK","","33.0078","1100","","MAP","","564262.0","145488.0","Tonbridge/Paddock Wood-Five Oak Gn Buggs Br 265","HKJ5","","","","","","","","","","","70210721","2008-09-08","","BBRM","","","","","Up Main/Fast","Risk Rating 6, Hazard Rating 2,Score 12",""
"70194732","XTD","33.0814","QK","","33.0814","2100","","MAP","","564949.0","145439.0","Tonbridge/Paddock Wood-Whetsted Rd Five Oak Green","HKJ5","","","","","","","","","","","70194732","2022-04-26","","BBRM","","","","","Down Main/Fast","Risk Rating 6, Hazard Rating 2,Score 12, BRS 4075",""
"110146996","XTD","33.1099","QK","","33.1099","9999","","MAP","","565189.0","145423.0","FIVE OAK GREEN SUBSTATION","HKJ5","","","","","","","","","","","110146996","2022-08-05","","NRAIL","","","","","Unknown","Address:Whetsted Rd, Five Oak Green:TN12 6SQ       Details:Netwrok Rail Gate, off Whetsted Rd, Five Oak Green, at Bridge No 270 @33m38c then along cess to site         TQ652454",""
"70130310","XTD","33.1716","QK","","33.1716","1100","","MAP","","565755.0","145382.0","Tonbridge/Paddock-Monkton Bridge 273","HKJ5","","","","","","","","","AC","","70130310","2022-04-26","","BBRM","","","","","Up Main/Fast","Risk Rating 2, Hazard Rating 2,Score 4, BRS 4075",""
"110180734","XTD","34.0616","QK","","34.0616","1100","","MAP","","566357.0","145337.0","Eastlands","HKJ5","","","","","","","","","","","110180734","2022-10-26","","NRAIL","","","","","Up Main/Fast","Public Footpath Crossing Type FPS",""
"110180789","XTD","34.0616","QK","","34.0616","2100","","MAP","","566357.0","145337.0","Eastlands","HKJ5","","","","","","","","","","","110180789","2022-10-26","","NRAIL","","","","","Down Main/Fast","Public Footpath Crossing Type FPS",""
"110177396","XTD","34.1254","QK","","34.1254","1100","","MAP","","566938.0","145296.0","PADDOCK WOOD-UPSIDE CAR PARK","HKJ5","","","","","","","","","","","110177396","2023-05-31","","NRAIL","","","","","Up Main/Fast","CREATED AFTER ACCESS POINTS VALIDATION DATA ANALYSIS",""
"70130311","XTD","34.1265","QK","","34.1265","3506","","MAP","","566945.0","145294.0","Paddock Wood-Up Side Car Park L/E","HKJ5","","","","","","","","","AC","","70130311","2010-03-23","","BBRM","","","","","","Risk Rating 3, Hazard Rating 3,Score 9",""
"110180738","XTD","35.099","QK","","35.099","1100","","MAP","","568303.0","145194.0","Taylors","HKJ5","","","","","","","","","","","110180738","2022-10-26","","NRAIL","","","","","Up Main/Fast","Public Footpath Crossing Type FPW",""
"110180793","XTD","35.099","QK","","35.099","2100","","MAP","","568303.0","145194.0","Taylors","HKJ5","","","","","","","","","","","110180793","2022-10-26","","NRAIL","","","","","Down Main/Fast","Public Footpath Crossing Type FPW",""
"70130313","XTD","35.1342","QK","","35.1342","1100","","MAP","","568625.0","145171.0","Paddock Wood/Marden-Queen St Bridge 287","HKJ5","","","","","","","","","AC","","70130313","2022-04-26","","BBRM","","","","","Up Main/Fast","Risk Rating 4, Hazard Rating 2,Score 8, BRS 4076",""
"70130314","XTD","36.011","QK","","36.011","1100","","MAP","","569106.0","145136.0","Paddock Wood/Marden-Tile Barn","HKJ5","","","","","","","","","AC","","70130314","2022-04-26","","BBRM","","","","","Up Main/Fast","Risk Rating 2, Hazard Rating 2,Score 4. Access point suitable for the use of mechanical stair climber Movex TT47. Stairway slope: 33.3 degrees. Steps: concrete.",""
"110180737","XTD","36.11","QK","","36.11","1100","","MAP","","570006.0","145070.0","Old Hay","HKJ5","","","","","","","","","","","110180737","2022-10-26","","NRAIL","","","","","Up Main/Fast","Public Footpath Crossing Type FPS",""
"110180792","XTD","36.11","QK","","36.11","2100","","MAP","","570006.0","145070.0","Old Hay","HKJ5","","","","","","","","","","","110180792","2022-10-26","","NRAIL","","","","","Down Main/Fast","Public Footpath Crossing Type FPS",""
"110146958","XTD","36.1441","QK","","36.1441","9999","","MAP","","570318.0","145048.0","COLLIER STREET SUBSTATION","HKJ5","","","","","","","","","","","110146958","2022-08-05","","NRAIL","","","","","Unknown","Address:Spenny Lane,Collier Street:TN12 9PH      Details:Off Willow Lane, Network Rail gate, at bridge No291 @ 36m05c, than along cess to site          TQ703450",""
"70130280","XTD","37.0484","QK","","37.0484","2100","","MAP","","571049.0","144993.0","Paddock Wood/Marden-Spenny Farm","HKJ5","","","","","","","","","AC","","70130280","2022-04-26","","BBRM","","","","","Down Main/Fast","Risk Rating 2, Hazard Rating 2,Score 4, BRS 4076",""
"70194813","XTD","37.0488","QK","","37.0488","2100","","MAP","","571053.0","144993.0","Paddock Wood/Marden-Metal frame wiremesh gate","HKJ5","","","","","","","","","","","70194813","2008-09-08","","BBRM","","","","","Down Main/Fast","Risk Rating 4, Hazard Rating 2,Score 8",""
"70260254","XTD","37.1188","QK","","37.1188","2100","","MAP","","571691.0","144948.0","Paddock Wood/Marden-Collier St Bridge 304","HKJ5","","","","","","","","","","","70260254","2008-09-08","","BBRM","","","","","Down Main/Fast","Risk Rating 2, Hazard Rating 2,Score 4",""
"70260255","XTD","38.0198","QK","","38.0198","2100","","MAP","","572394.0","144898.0","Paddock Wood/Marden-P.Way access","HKJ5","","","","","","","","","","","70260255","2008-09-08","","BBRM","","","","","Down Main/Fast","Risk Rating 2, Hazard Rating 2,Score 4",""
"110146963","XTD","38.1133","QK","","38.1133","9999","","MAP","","573246.0","144834.0","MARDEN SUBSTATION","HKJ5","","","","","","","","","","","110146963","2022-08-05","","NRAIL","","","","","Unknown","Address:Pattenden Lane,Marden TN12 9QG     Details:Network Rail Gate, off bridge 313 @ 38m68c off Great Pottenden farm, then along cess to site          TQ732448",""
"110180740","XTD","38.1342","QK","","38.1342","1100","","MAP","","573435.0","144820.0","Turkey","HKJ5","","","","","","","","","","","110180740","2022-10-26","","NRAIL","","","","","Up Main/Fast","Public Footpath Crossing Type FPS",""
"110180795","XTD","38.1342","QK","","38.1342","2100","","MAP","","573435.0","144820.0","Turkey","HKJ5","","","","","","","","","","","110180795","2022-10-26","","NRAIL","","","","","Down Main/Fast","Public Footpath Crossing Type FPS",""
"70130283","XTD","38.1672","QK","","38.1672","1100","","MAP","","573738.0","144798.0","Paddock Wood/Marden-Turkey Fm Bridge 314","HKJ5","","","","","","","","","AC","","70130283","2022-04-26","","BBRM","","","","","Up Main/Fast","Risk Rating 3, Hazard Rating 2,Score 6, BRS 4076",""
"70130363","XTD","39.1078","QK","","39.1078","1100","","MAP","","574802.0","144721.0","Marden/Staplehurst-Maidstone Rd Bridge 319","HKJ5","","","","","","","","","AC","","70130363","2008-09-08","","BBRM","","","","","Up Main/Fast","Risk Rating 6, Hazard Rating 2,Score 12",""
"70260256","XTD","39.11","QK","","39.11","1100","","MAP","","574823.0","144719.0","Marden/Staplehurst-Maidstone Rd Bridge 319","HKJ5","","","","","","","","","","","70260256","2022-04-26","","BBRM","","","","","Up Main/Fast","Risk Rating 6, Hazard Rating 2,Score 12, BRS 4076",""
"70260257","XTD","39.1672","QK","","39.1672","1100","","MAP","","575344.0","144681.0","Marden/Staplehurst-Hasemars Bridge 321","HKJ5","","","","","","","","","","","70260257","2022-04-26","","BBRM","","","","","Up Main/Fast","Risk Rating 6, Hazard Rating 2,Score 12, BRS 4076",""
"70260258","XTD","39.1694","QK","","39.1694","1100","","MAP","","575364.0","144680.0","HASEMARS Bridge 321 CE","HKJ5","","","","","","","","","","","70260258","2022-04-26","","BBRM","","","","","Up Main/Fast","Risk Rating 6, Hazard Rating 2,Score 12, BRS 4076",""
"110180733","XTD","40.044","QK","","40.044","1100","","MAP","","578825.0","144645.0","Benches Lane","HKJ5","","","","","","","","","","","110180733","2022-10-26","","NRAIL","","","","","Up Main/Fast","Public Footpath Crossing Type FPS",""
"110180788","XTD","40.044","QK","","40.044","2100","","MAP","","578825.0","144645.0","Benches Lane","HKJ5","","","","","","","","","","","110180788","2022-10-26","","NRAIL","","","","","Down Main/Fast","Public Footpath Crossing Type FPS",""
"110146946","XTD","40.0748","QK","","40.0748","9999","","MAP","","576106.0","144625.0","WANSHURST GREEN SUBSTATION","HKJ5","","","","","","","","","","","110146946","2022-08-05","","NRAIL","","","","","Unknown","Address:Summerhill Rd,Wanshurst Green:TN12 9LF    Details:Network Rail Gate, off Howland Rd, near Marden, and then onto site              TQ761446",""
"70130315","XTD","40.077","QK","","40.077","1100","","MAP","","576127.0","144624.0","Marden/Staplehurst-Battle Bridge 323","HKJ5","","","","","","","","","AC","","70130315","2022-04-26","","BBRM","","","","","Up Main/Fast","Risk Rating 2, Hazard Rating 2,Score 4, BRS 4076",""
"70130316","XTD","40.1672","QK","","40.1672","2100","","MAP","","576950.0","144564.0","Marden/Staplehurst-Clapper Bridge 325","HKJ5","","","","","","","","","AC","","70130316","2008-09-08","","BBRM","","","","","Down Main/Fast","Risk Rating 3, Hazard Rating 2,Score 6",""
"70260259","XTD","41.0638","QK","","41.0638","2100","","MAP","","577611.0","144518.0","Marden/Staplehurst-Tibbles Bridge 329","HKJ5","","","","","","","","","","","70260259","2008-09-08","","BBRM","","","","","Down Main/Fast","Risk Rating 3, Hazard Rating 2,Score 6",""
"110180736","XTD","41.121","QK","","41.121","1100","","MAP","","578131.0","144479.0","New Town","HKJ5","","","","","","","","","","","110180736","2022-10-26","","NRAIL","","","","","Up Main/Fast","Public Footpath Crossing Type FPW",""
"110180791","XTD","41.121","QK","","41.121","2100","","MAP","","578131.0","144479.0","New Town","HKJ5","","","","","","","","","","","110180791","2022-10-26","","NRAIL","","","","","Down Main/Fast","Public Footpath Crossing Type FPW",""
"110181629","XTD","42.0198","QK","","42.0198","1100","","MAP","","578813.0","144421.0","FISHERS","HKJ6","","","","","","","","","","","110181629","2022-11-11","","NRAIL","","","","","Up Main/Fast","",""
"110181789","XTD","42.0198","QK","","42.0198","2100","","MAP","","578813.0","144421.0","FISHERS","HKJ6","","","","","","","","","","","110181789","2022-11-11","","NRAIL","","","","","Down Main/Fast","",""
"110147148","XTD","42.0381","QK","","42.0381","9999","","MAP","","578976.0","144424.0","STAPLEHURST SUBSTATION","HKJ6","","","","","","","","","","","110147148","2023-10-31","","NRAIL","","","","","Unknown","Address:Green Lane, Staplehurst:TN12 0RS Details: Off Sewage Works Road, off Sweetlands Lane, Network Rail Gate, and pathway to site.",""
"110179753","XTD","42.044","QK","","42.044","2100","","MAP","","579141.0","144459.0","Sweetlands Lane","HKJ6","","","","","","","","","Pedestrian","","110179753","2022-08-25","","NRAIL","","","","","Down Main/Fast","Green Lane, TN12 0RS. Off Sewage Works Road, off Sweetlands Lane, through Network Rail gate, pathway to substation",""
"110183466","XTD","42.0484","QK","","42.0484","2100","","MAP","","579191.0","144376.0","MOSS BRIDGE 334","HKJ6","","","","","","","","","","","110183466","2023-10-31","","NRAIL","","","","","Down Main/Fast","AUTHORISED ACCESS POINT - PEDESTRIAN",""
"70210234","XTD","42.0494","QK","","42.0494","2100","","MAP","","579084.0","144398.0","Staplehurst/Headcorn-Moss Bridge 334","HKJ6","","","","","","","","","","","70210234","2008-09-08","","BBRM","","","","","Down Main/Fast","Risk Rating 3, Hazard Rating 2,Score 6",""
"70210333","XTD","42.123","QK","","42.123","2100","","MAP","","579754.0","144340.0","Staplehurst/Headcorn-Hawkenbury Bridge 337","HKJ6","","","","","","","","","","","70210333","2008-09-08","","BBRM","","","","","Down Main/Fast","Risk Rating 2, Hazard Rating 2,Score 4",""
"110147149","XTD","44.0","QK","","44.0","9999","","MAP","","581860.0","144181.0","CRANMORE SUBSTATION","HKJ6","","","","","","","","","","","110147149","2023-10-31","","NRAIL","","","","","Unknown","Address:Water Lane, Headcorn:TN27 9NY Details: Off Frittenden Road, near Headcorn, Network Rail Gate, at Bridge No 342 @ 44m 31c, then along cess to site.",""
"70210665","XTD","44.0678","QK","","44.0678","2100","","MAP","","582459.0","144108.0","Headcorn-Frittenden Rd Bridge","HKJ6","","","","","","","","","","","70210665","2008-09-08","","BBRM","","","","","Down Main/Fast","Risk Rating 2, Hazard Rating 2,Score 4",""
"110181625","XTD","44.143","QK","","44.143","1100","","MAP","","583143.0","144049.0","CHURCH","HKJ6","","","","","","","","","","","110181625","2022-11-11","","NRAIL","","","","","Up Main/Fast","",""
"110181785","XTD","44.143","QK","","44.143","2100","","MAP","","583143.0","144049.0","CHURCH","HKJ6","","","","","","","","","","","110181785","2022-11-11","","NRAIL","","","","","Down Main/Fast","",""
"70215074","XTD","45.1369","QK","","45.1369","2100","","MAP","","584692.0","143918.0","Headcorn-Substation","HKJ6","","","","","","","","","","","70215074","2008-09-08","","BBRM","","","","","Down Main/Fast","Risk Rating 3, Hazard Rating 2,Score 6",""
"110147150","XTD","45.1369","QK","","45.1369","9999","","MAP","","584780.0","143902.0","HEADCORN SUBSTATION","HKJ6","","","","","","","","","","","110147150","2023-10-31","","NRAIL","","","","","Unknown","Address:Smarden Rd, Headcorn:TN27 9HH Details: Network Rail Gate, off Smarden Road, Headcorn. Then pathway to down side cess, then cross over lines to site.",""
"110181631","XTD","46.0","QK","","46.0","1100","","MAP","","585048.0","143887.0","NEW BRIDGE LANE","HKJ6","","","","","","","","","","","110181631","2022-11-11","","NRAIL","","","","","Up Main/Fast","",""
"110181791","XTD","46.0","QK","","46.0","2100","","MAP","","585048.0","143887.0","NEW BRIDGE LANE","HKJ6","","","","","","","","","","","110181791","2022-11-11","","NRAIL","","","","","Down Main/Fast","",""
"110181628","XTD","46.0242","QK","","46.0242","1100","","MAP","","585267.0","143868.0","EAST END","HKJ6","","","","","","","","","","","110181628","2022-11-11","","NRAIL","","","","","Up Main/Fast","",""
"110181788","XTD","46.0242","QK","","46.0242","2100","","MAP","","585267.0","143868.0","EAST END","HKJ6","","","","","","","","","","","110181788","2022-11-11","","NRAIL","","","","","Down Main/Fast","",""
"110181627","XTD","46.0836","QK","","46.0836","1100","","MAP","","585808.0","143820.0","EAST DEAN","HKJ6","","","","","","","","","","","110181627","2022-11-11","","NRAIL","","","","","Up Main/Fast","",""
"110181787","XTD","46.0836","QK","","46.0836","2100","","MAP","","585808.0","143820.0","EAST DEAN","HKJ6","","","","","","","","","","","110181787","2022-11-11","","NRAIL","","","","","Down Main/Fast","",""
"70215094","XTD","46.1523","QK","","46.1523","1100","","MAP","","586435.0","143767.0","Headcorn/Pluckley-Smarden Rd","HKJ6","","","","","","","","","","","70215094","2008-09-08","","BBRM","","","","","Up Main/Fast","Risk Rating 2, Hazard Rating 2,Score 4, Steps",""
"70215097","XTD","46.1555","QK","","46.1555","1100","","MAP","","586465.0","143764.0","Headcorn/Pluckley-Smarden Rd","HKJ6","","","","","","","","","","","70215097","2008-09-08","","BBRM","","","","","Up Main/Fast","Risk Rating 2, Hazard Rating 2,Score 4, Steps",""
"110181630","XTD","47.0792","QK","","47.0792","1100","","MAP","","587373.0","143686.0","HEGG HILL","HKJ6","","","","","","","","","","","110181630","2022-11-11","","NRAIL","","","","","Up Main/Fast","",""
"110181790","XTD","47.0792","QK","","47.0792","2100","","MAP","","587373.0","143686.0","HEGG HILL","HKJ6","","","","","","","","","","","110181790","2022-11-11","","NRAIL","","","","","Down Main/Fast","",""
"110147151","XTD","47.1002","QK","","47.1002","9999","","MAP","","587561.0","143657.0","SWIFTS GREEN HEADCORN SUBSTATION","HKJ6","","","","","","","","","","","110147151","2023-10-31","","NRAIL","","","","","Unknown","Address:Bell Lane, Smarden:TN27 8NX Details: Off Bell Lane, near Smarden, Network Rail Gate, off Bridge 359 @ 47m 62c then along safe cess to site",""
"70215148","XTD","47.1347","QK","","47.1347","1100","","MAP","","587879.0","143644.0","Headcorn/Pluckley-Hegg Hill Bridge 359","HKJ6","","","","","","","","","","","70215148","2008-09-08","","BBRM","","","","","Up Main/Fast","Risk Rating 4, Hazard Rating 2,Score 8, 30 Steps Down",""
"70215150","XTD","47.1357","QK","","47.1357","2100","","MAP","","587888.0","143643.0","Down Acre-Hegg Hill Bridge 359","HKJ6","","","","","","","","","","","70215150","2024-12-13","","BBRM","","","","","Down Main/Fast","Risk Rating 4, Hazard Rating 2,Score 8, 27 Steps Down. No vehicles to be parked on the bridge when using this access.",""
"70215151","XTD","47.1368","QK","","47.1368","1100","","MAP","","587898.0","143642.0","Safe Cess-Hegg Hill Bridge 359","HKJ6","","","","","","","","","","","70215151","2024-12-13","","BBRM","","","","","Up Main/Fast","Risk Rating 4, Hazard Rating 2,Score 8, 28 Steps Down, No vehicles to be parked on the bridge when using this access.",""
"70215186","XTD","48.0283","QK","","48.0283","1100","","MAP","","588512.0","143590.0","Headcorn/Pluckley-Lude Lane Bridge 361","HKJ6","","","","","","","","","","","70215186","2008-09-08","","BBRM","","","","","Up Main/Fast","Risk Rating 2, Hazard Rating 2,Score 4",""
"110181623","XTD","48.0704","QK","","48.0704","1100","","MAP","","588894.0","143556.0","BERRY","HKJ6","","","","","","","","","","","110181623","2022-11-11","","NRAIL","","","","","Up Main/Fast","",""
"110181783","XTD","48.0704","QK","","48.0704","2100","","MAP","","588894.0","143556.0","BERRY","HKJ6","","","","","","","","","","","110181783","2022-11-11","","NRAIL","","","","","Down Main/Fast","",""
"110181632","XTD","48.1716","QK","","48.1716","1100","","MAP","","589818.0","143477.0","WOODSIDE","HKJ6","","","","","","","","","","","110181632","2022-11-11","","NRAIL","","","","","Up Main/Fast","",""
"110181792","XTD","48.1716","QK","","48.1716","2100","","MAP","","589818.0","143477.0","WOODSIDE","HKJ6","","","","","","","","","","","110181792","2022-11-11","","NRAIL","","","","","Down Main/Fast","",""
"110147152","XTD","49.0611","QK","","49.0611","9999","","MAP","","590677.0","143380.0","PLUCKLEY SUBSTATION","HKJ6","","","","","","","","","","","110147152","2023-10-31","","NRAIL","","","","","Unknown","Address:Pluckley Rd, Pluckley:TN27 8RF Details: Off Smarden Road, near Pluckley, Network Rail Gate, at Bridge No 367  @ 49m 41c then along pathway on top of bank into site.",""
"70215263","XTD","49.0883","QK","","49.0883","1100","","MAP","","590662.0","143405.0","Headcorn/Pluckley-Steps to Bridge 367","HKJ6","","","","","","","","","","","70215263","2008-09-08","","BBRM","","","","","Up Main/Fast","Risk Rating 4, Hazard Rating 2,Score 8, 29 Steps Down",""
"70215264","XTD","49.0899","QK","","49.0899","2100","","MAP","","590677.0","143404.0","Headcorn/Pluckley-Steps to Bridge 367","HKJ6","","","","","","","","","","","70215264","2008-09-08","","BBRM","","","","","Down Main/Fast","Risk Rating 4, Hazard Rating 2,Score 8, 25 Steps Down",""
"70130351","XTD","49.0902","QK","","49.0902","1100","","MAP","","590680.0","143403.0","Headcorn/Pluckley, Pluckley road bridge 367","HKJ6","","","","","","","","","","","70130351","2008-09-08","","BBRM","","","","","Up Main/Fast","Risk Rating 4, Hazard Rating 2,Score 8, 32 Steps Down",""
"70215303","XTD","50.0806","QK","","50.0806","1100","","MAP","","592196.0","143273.0","Pluckley-Platform 1","HKJ6","","","","","","","","","","","70215303","2008-09-08","","BBRM","","","","","Up Main/Fast","Risk Rating 3, Hazard Rating 2,Score 6",""
"110181626","XTD","50.1738","QK","","50.1738","1100","","MAP","","593045.0","143200.0","DYNES","HKJ6","","","","","","","","","","","110181626","2022-11-11","","NRAIL","","","","","Up Main/Fast","",""
"110181786","XTD","50.1738","QK","","50.1738","2100","","MAP","","593045.0","143200.0","DYNES","HKJ6","","","","","","","","","","","110181786","2022-11-11","","NRAIL","","","","","Down Main/Fast","",""
"110147155","XTD","51.0264","QK","","51.0264","9999","","MAP","","593311.0","143203.0","DOWLE STREET SUBSTATION","HKJ6","","","","","","","","","","","110147155","2023-10-31","","NRAIL","","","","","Unknown","Address:Chambers Green Rd, Pluckley:TN27 0SA Details: Off Sparrowhatch Bridge, near Pluckley, Network Rail Gate, at Bridge No 375 @ 51m 36c then along. cess to site",""
"110183467","XTD","51.077","QK","","51.077","1100","","MAP","","593785.0","143135.0","PLUCKLEY SPARROW HATCH BRIDGE 375","HKJ6","","","","","","","","","","","110183467","2023-10-31","","NRAIL","","","","","Up Main/Fast","AUTHORISED ACCESS POINT - PEDESTRIAN",""
"70210318","XTD","51.0881","QK","","51.0881","1100","","MAP","","593868.0","143130.0","Pluckley/Ashford-Steps to sparrow hatch 375","HKJ6","","","","","","","","","","","70210318","2008-09-08","","BBRM","","","","","Up Main/Fast","Risk Rating 2, Hazard Rating 2,Score 4, Steps",""
"70210643","XTD","52.0377","QK","","52.0377","1100","","MAP","","595013.0","143032.0","Pluckley/Ashford-Steps to 378","HKJ6","","","","","","","","","","","70210643","2008-09-08","","BBRM","","","","","Up Main/Fast","Risk Rating 2, Hazard Rating 2,Score 4, Steps",""
"70210661","XTD","52.0405","QK","","52.0405","1100","","MAP","","595038.0","143030.0","Pluckley/Ashford-Steps to 378","HKJ6","","","","","","","","","","","70210661","2008-09-08","","BBRM","","","","","Up Main/Fast","Risk Rating 2, Hazard Rating 2,Score 4, Steps",""
"110147156","XTD","52.1666","QK","","52.1666","9999","","MAP","","596303.0","142928.0","HOADS WOOD SUBSTATION","HKJ6","","","","","","","","","","","110147156","2023-10-31","","NRAIL","","","","","Unknown","Address:Bears Lane, Ashford:TN23 3BZ Details: Off Bears Lane, Hoads Wood, Network Rail Gate, at Bridge No 382  @ 52m 77c then into site.",""
"110183468","XTD","52.1694","QK","","52.1694","2100","","MAP","","596297.0","142921.0","BEAR LANE DOWN SIDE","HKJ6","","","","","","","","","","","110183468","2023-10-31","","NRAIL","","","","","Down Main/Fast","Authorised Access Point- Pedestrian",""
"70210769","XTD","52.1695","QK","","52.1695","1100","","MAP","","596213.0","142929.0","Pluckley/Ashford-Steps down to Bear Lane","HKJ6","","","","","","","","","","","70210769","2008-09-08","","BBRM","","","","","Up Main/Fast","Risk Rating 10, Hazard Rating 3,Score 30, Steps",""
"70210778","XTD","52.1724","QK","","52.1724","1100","","MAP","","596239.0","142927.0","Pluckley/Ashford-Steps down to Bear Lane","HKJ6","","","","","","","","","","","70210778","2008-09-08","","BBRM","","","","","Up Main/Fast","Risk Rating 10, Hazard Rating 3,Score 30, Steps",""
"70210967","XTD","53.0644","QK","","53.0644","1100","","MAP","","596861.0","142874.0","Pluckley/Ashford-Dowells Corner Steps","HKJ6","","","","","","","","","","","70210967","2008-09-08","","BBRM","","","","","Up Main/Fast","Risk Rating 2, Hazard Rating 2,Score 4, Steps",""
"70210976","XTD","53.0656","QK","","53.0656","1100","","MAP","","596872.0","142873.0","Pluckley/Ashford-Dowells Corner Steps","HKJ6","","","","","","","","","","","70210976","2008-09-08","","BBRM","","","","","Up Main/Fast","Risk Rating 2, Hazard Rating 2,Score 4, Steps",""
"110181624","XTD","54.0","QK","","54.0","1100","","MAP","","597876.0","142786.0","CHART","HKJ6","","","","","","","","","","","110181624","2022-11-11","","NRAIL","","","","","Up Main/Fast","",""
"110181784","XTD","54.0","QK","","54.0","2100","","MAP","","597876.0","142786.0","CHART","HKJ6","","","","","","","","","","","110181784","2022-11-11","","NRAIL","","","","","Down Main/Fast","",""
"70211380","XTD","54.0006","QK","","54.0006","1100","","MAP","","597882.0","142786.0","Pluckley/Ashford-Gate","HKJ6","","","","","","","","","","","70211380","2008-09-08","","BBRM","","","","","Up Main/Fast","Risk Rating 4, Hazard Rating 2,Score 8",""
"110147157","XTD","54.1286","QK","","54.1286","9999","","MAP","","599055.0","142709.0","CHART SUBSTATION","HKJ6","","","","","","","","","","","110147157","2023-10-31","","NRAIL","","","","","Unknown","Address:Chart Rd, Chart:TN23 3LD Details: Off Chart Road, Ashford, Network Rail Gate, at Bridge No 393 @ 54m 70c, then along cess to site.",""
"70195138","XTD","54.1543","QK","","54.1543","1100","","MAP","","599281.0","142665.0","Pluckley/Ashford-Steps to chart road","HKJ6","","","","","","","","","","","70195138","2008-09-08","","BBRM","","","","","Up Main/Fast","Risk Rating 3, Hazard Rating 3,Score 9, Steps",""
"70260261","XTD","55.022","QK","","55.022","1100","","MAP","","599680.0","142630.0","Pluckley/Ashford-Stafford Close","HKJ6","","","","","","","","","","","70260261","2008-09-08","","BBRM","","","","","Up Main/Fast","Risk Rating 3, Hazard Rating 3,Score 9",""
"70260262","XTD","55.0418","QK","","55.0418","1100","","MAP","","599860.0","142614.0","Pluckley/Ashford-Siuffolk Drive","HKJ6","","","","","","","","","","","70260262","2008-09-08","","BBRM","","","","","Up Main/Fast","Risk Rating 3, Hazard Rating 3,Score 9",""
"110147158","XTD","55.044","QK","","55.044","9999","","MAP","","599981.0","142563.0","CHART LEACON TFH ASHFORD TRACK FEEDER HUT","HKJ6","","","","","","","","","","","110147158","2023-10-31","","NRAIL","","","","","Unknown","Address:Leacon Rd, Ashford:TN23 4YN Details: Off Leacon Road, Network Rail Gate, @ 55m 25c  then along cess to site.",""
"110179674","XTD","55.055","QK","","55.055","2100","","MAP","","599536.0","142370.0","Leacon Road","HKJ6","","","","","","","","","Pedestrian","","110179674","2022-08-19","","NRAIL","","","","","Down Main/Fast","Leacon Road, Ashford, TN23 4YN, Network Rail gate at 55m 25ch",""
"70260263","XTD","55.0748","QK","","55.0748","1100","","MAP","","600163.0","142590.0","Pluckley/Ashford-Gas Works Lane [1]","HKJ6","","","","","","","","","","","70260263","2008-09-08","","BBRM","","","","","Up Main/Fast","Risk Rating 3, Hazard Rating 3,Score 9",""
"70260264","XTD","55.077","QK","","55.077","1100","","MAP","","600183.0","142588.0","Pluckley/Ashford-Gas Works Lane [2]","HKJ6","","","","","","","","","","","70260264","2008-09-08","","BBRM","","","","","Up Main/Fast","Risk Rating 3, Hazard Rating 3,Score 9",""
"110183469","XTD","55.0814","QK","","55.0814","2100","","MAP","","600272.0","142541.0","SUFFOLK DRIVE - BAILEYS BRDIGE DOWN","HKJ6","","","","","","","","","","","110183469","2023-10-31","","NRAIL","","","","","Down Main/Fast","AUTHORISED ACCESS POINT - PEDESTRIAN",""
"70214587","XTD","55.1162","QK","","55.1162","1200","","MAP","","600535.0","142518.0","Pluckley/Ashford-Gas Works Lane","HKJ6","","","","","","","","","","","70214587","2008-09-08","","BBRM","","","","","Up Slow","Risk Rating 6, Hazard Rating 2,Score 12, 16 Steps Up",""
"70214596","XTD","55.1197","QK","","55.1197","1200","","MAP","","600565.0","142509.0","Pluckley/Ashford-Gasworks Lane","HKJ6","","","","","","","","","","","70214596","2008-09-08","","BBRM","","","","","Up Slow","Risk Rating 6, Hazard Rating 2,Score 12, 19 Steps Up",""
"110171844","XTD","55.1552","QK","","55.1552","2200","","MAP","","600543.0","142497.0","Gas Works Lane","HKJ6","","","","","","","","","","","110171844","2023-10-31","","","","","","","Down Slow","A new access gate has been installed in the compound at Gas works lane following renewals in order to gain a closer access to operate the track isolating switches",""
"110184831","XTD","56.011","QK","","56.011","2100","","MAP","","601617.0","141647.0","Ashford Substation","HKJ6","","","","","","","","","","","110184831","2023-09-18","","NRAIL","","","","","Down Main/Fast","Newtown Road, TN24 0PN. Hunter Avenue, Down new driveway to site.",""
"70260265","XTD","56.0198","QK","","56.0198","1100","","MAP","","601173.0","142180.0","Ashford/Smeeth-Mersham Bridge 421 [2]","HKJ6","","","","","","","","","","","70260265","2008-09-08","","BBRM","","","","","Up Main/Fast","Risk Rating 2, Hazard Rating 3,Score 6",""
"70260266","XTD","56.0352","QK","","56.0352","9999","","MAP","","601285.0","142096.0","Ashford-River Stour B & C  Tunnel/track access","HKJ6","","","","","","","","","","","70260266","2008-09-08","","BBRM","","","","","Unknown","Risk Rating 3, Hazard Rating 2,Score 6",""
"70260267","XTD","56.0356","QK","","56.0356","9999","","MAP","","601288.0","142093.0","Ashford-River Stour B & C  Tunnel/track access","HKJ6","","","","","","","","","","","70260267","2008-09-08","","BBRM","","","","","Unknown","Risk Rating 3, Hazard Rating 2,Score 6",""
"70260268","XTD","56.0361","QK","","56.0361","9999","","MAP","","601292.0","142091.0","Ashford-River Stour B & C  Tunnel/track access","HKJ6","","","","","","","","","","","70260268","2008-09-08","","BBRM","","","","","Unknown","Risk Rating 3, Hazard Rating 2,Score 6",""
"70260269","XTD","56.0365","QK","","56.0365","9999","","MAP","","601295.0","142089.0","Ashford-River Stour B & C  Tunnel/track access","HKJ6","","","","","","","","","","","70260269","2008-09-08","","BBRM","","","","","Unknown","Risk Rating 3, Hazard Rating 2,Score 6",""
"70260270","XTD","56.0418","QK","","56.0418","9999","","MAP","","601334.0","142060.0","Ashford-New Town Road Bridge 403 [2]","HKJ6","","","","","","","","","","","70260270","2008-09-08","","BBRM","","","","","Unknown","Risk Rating 3, Hazard Rating 3,Score 9",""
"110147159","XTD","56.0462","QK","","56.0462","3504","","MAP","","601319.0","142188.0","ASHFORD DOWN YD WEST SUBSTATION","HKJ6","","","","","","","","","","","110147159","2023-01-04","","NRAIL","","","","","","Access Point - Rail Ashford Depot, Station Road, Ashford TN23 1EZ @ 56M 21CH",""
"110183470","XTD","56.0594","QK","","56.0594","1100","","MAP","","601423.0","142058.0","ASHFORD INTL WALKWAY/FOOT BRI","HKJ6","","","","","","","","","","","110183470","2023-10-31","","NRAIL","","","","","Up Main/Fast","AUTHORISED ACCESS POINT - PEDESTRIAN",""
"110183471","XTD","56.0704","QK","","56.0704","1100","","MAP","","601568.0","141981.0","ASHFORD DRIVERS WALKWAY NO1","HKJ6","","","","","","","","","","","110183471","2023-10-31","","NRAIL","","","","","Up Main/Fast","AUTHORISED ACCESS POINT - PEDESTRIAN",""
"110147160","XTD","56.1","QK","","56.1","9999","","MAP","","600542.0","142492.0","ASHFORD: SUBSTATION","HKJ6","","","","","","","","","","","110147160","2023-10-31","","NRAIL","","","","","Unknown","Address:Newtown Rd, Ashford:TN24 0PN Details: Network Rail Gate, off Hunter Avenue, Ashford, Kent. then down new driveway to site",""
"110188038","XTD","56.1339","QK","","56.1339","3800","","MAP","","601319.0","142188.0","Willesborough Substation","HKJ6","","","","","","","","","","","110188038","2024-07-09","","NRAIL","","","","","Rev Other/Eng/Car","Access point - Hitachi Yard @ 56m 60ch",""
"70260271","XTD","56.1628","QK","","56.1628","1100","","MAP","","602227.0","141398.0","Ashford/Smeeth-Willesborough Crossing","HKJ6","","","","","","","","","","","70260271","2015-05-20","","BBRM","","","","","Up Main/Fast","Risk Rating 3, Hazard Rating 3,Score 9",""
"110159606","XTD","57.044","QK","","57.044","1100","","MAP","","602630.0","141090.0","Ashford/Smeeth - Crowbridge Road","HKJ6","","","","","","","","","","","110159606","2017-05-31","","NRAIL","","","","","Up Main/Fast","",""
"110152552","XTD","57.088","QK","","57.088","2100","","MAP","","602965.0","140848.0","Waterbrook Footbridge","HKJ6","","","","","","","","","","","110152552","2017-05-31","","NRAIL","","","","","Down Main/Fast","Down steps to gate trackside","TR 02965 40848"
"70260272","XTD","57.143","QK","","57.143","1100","","MAP","","603369.0","140547.0","Ashford/Smeeth-Sevington Sidings","HKJ6","","","","","","","","","","","70260272","2017-10-02","","NRAIL","","","","","Up Main/Fast","Risk Rating 3, Hazard Rating 3,Score 9",""
"110183472","XTD","58.0088","QK","","58.0088","1100","","MAP","","603737.0","140287.0","SEVINGTON BRIDGE 412 <1>","HKJ6","","","","","","","","","","","110183472","2023-10-31","","NRAIL","","","","","Up Main/Fast","AUTHORISED ACCESS POINT - PEDESTRIAN",""
"110183473","XTD","58.011","QK","","58.011","1100","","MAP","","603687.0","140323.0","SEVINGTON BRIDGE 412 <2>","HKJ6","","","","","","","","","","","110183473","2023-10-31","","NRAIL","","","","","Up Main/Fast","AUTHORISED ACCESS POINT - PEDESTRIAN",""
"110147161","XTD","58.011","QK","","58.011","2100","","MAP","","603673.0","140307.0","Bridge NO 412","HKJ6","","","","","","","","","","","110147161","2023-09-14","","NRAIL","","","","","Down Main/Fast","Highfield Lane, Sevington:TN24 0FN Details: Network Rail Gate, at Bridge No 412 Sevington @ 58m 05c",""
"70260273","XTD","58.1034","QK","","58.1034","1100","","MAP","","604372.0","139805.0","Ashford/Smeeth-Swanton Bridge 415 [1]","HKJ6","","","","","","","","","","","70260273","2017-10-02","","NRAIL","","","","","Up Main/Fast","Risk Rating 2, Hazard Rating 3,Score 6",""
"70260274","XTD","58.1056","QK","","58.1056","1100","","MAP","","604388.0","139793.0","Ashford/Smeeth-Swanton Bridge 415 [2]","HKJ6","","","","","","","","","","","70260274","2008-09-08","","BBRM","","","","","Up Main/Fast","Risk Rating 2, Hazard Rating 3,Score 6",""
"70260275","XTD","58.1276","QK","","58.1276","1100","","MAP","","604549.0","139672.0","Ashford/Smeeth-Vidgeons Bridge 417 [1]","HKJ6","","","","","","","","","","","70260275","2008-09-08","","BBRM","","","","","Up Main/Fast","Risk Rating 2, Hazard Rating 3,Score 6",""
"70260276","XTD","58.1298","QK","","58.1298","1100","","MAP","","604565.0","139660.0","Ashford/Smeeth-Vidgeons Bridge 417 [2]","HKJ6","","","","","","","","","","","70260276","2008-09-08","","BBRM","","","","","Up Main/Fast","Risk Rating 2, Hazard Rating 3,Score 6",""
"110183474","XTD","59.0462","QK","","59.0462","1100","","MAP","","605022.0","139276.0","MERSHAM SCHOOL","HKJ6","","","","","","","","","","","110183474","2023-10-31","","NRAIL","","","","","Up Main/Fast","AUTHORISED ACCESS POINT - PEDESTRIAN",""
"70260278","XTD","59.077","QK","","59.077","1100","","MAP","","605477.0","138999.0","Ashford/Smeeth-Bartons Bridge 424 [1]","HKJ6","","","","","","","","","","","70260278","2008-09-08","","BBRM","","","","","Up Main/Fast","Risk Rating 2, Hazard Rating 2,Score 4",""
"70260279","XTD","59.0792","QK","","59.0792","1100","","MAP","","605494.0","138988.0","Ashford/Smeeth-Bartons Bridge 424 [2]","HKJ6","","","","","","","","","","","70260279","2008-09-08","","BBRM","","","","","Up Main/Fast","Risk Rating 2, Hazard Rating 2,Score 4",""
"70260280","XTD","59.154","QK","","59.154","1100","","MAP","","606097.0","138668.0","Ashford/Smeeth-Stock Bridge 430 [1]","HKJ6","","","","","","","","","","","70260280","2008-09-08","","BBRM","","","","","Up Main/Fast","Risk Rating 2, Hazard Rating 2,Score 4",""
"70260281","XTD","59.1562","QK","","59.1562","1100","","MAP","","606116.0","138659.0","Ashford/Smeeth-Stock Bridge 430 [2]","HKJ6","","","","","","","","","","","70260281","2008-09-08","","BBRM","","","","","Up Main/Fast","Risk Rating 2, Hazard Rating 2,Score 4",""
"110183475","XTD","59.1606","QK","","59.1606","1100","","MAP","","606149.0","138590.0","STOCKBRIDGE 430","HKJ6","","","","","","","","","","","110183475","2023-10-31","","NRAIL","","","","","Up Main/Fast","AUTHORISED ACCESS POINT - PEDESTRIAN",""
"110147162","XTD","60.0121","QK","","60.0121","9999","","MAP","","606145.0","138641.0","SMEETH SUBSTATION","HKJ6","","","","","","","","","","","110147162","2023-10-31","","NRAIL","","","","","Unknown","Address:Station Rd, Mersham:TN25 6SY Details: Off B2069 Calleywell Lane, Smeeth, Bridge No 432 @ 60m 24c Then along safe cess to Sub Station.",""
"70260282","XTD","60.0528","QK","","60.0528","1100","","MAP","","606740.0","138434.0","Smeeth Station Bridge 432 [1]","HKJ6","","","","","","","","","","","70260282","2008-09-08","","BBRM","","","","","Up Main/Fast","Risk Rating 2, Hazard Rating 3,Score 6",""
"70260283","XTD","60.055","QK","","60.055","1100","","MAP","","606759.0","138429.0","Smeeth Station Bridge 432 [2]","HKJ6","","","","","","","","","","","70260283","2008-09-08","","BBRM","","","","","Up Main/Fast","Risk Rating 2, Hazard Rating 3,Score 6",""
"70260284","XTD","61.0308","QK","","61.0308","1100","","MAP","","608120.0","138158.0","Smeeth/Westenhanger-Aldington underbridge 437 [1]","HKJ6","","","","","","","","","","","70260284","2008-09-08","","BBRM","","","","","Up Main/Fast","Risk Rating 3, Hazard Rating 3,Score 9",""
"70260285","XTD","61.033","QK","","61.033","1100","","MAP","","608139.0","138155.0","Smeeth/Westenhanger-Aldington underbridge 437 [2]","HKJ6","","","","","","","","","","","70260285","2008-09-08","","BBRM","","","","","Up Main/Fast","Risk Rating 3, Hazard Rating 3,Score 9",""
"110147163","XTD","61.143","QK","","61.143","9999","","MAP","","608141.0","138161.0","HERRINGE SUBSTATION","HKJ6","","","","","","","","","","","110147163","2023-10-31","","NRAIL","","","","","Unknown","Address:Harringe Lane, Sellindge:TN25 6ED Details: Off A20 Ashford Road, then down Harringe Lane, Bridge No 440 @ 62m 00.5c Then along safe cess to Sub Station.",""
"70260286","XTD","62.011","QK","","62.011","1100","","MAP","","609525.0","137901.0","Smeeth/Westenhanger-Harringe Bridge 440","HKJ6","","","","","","","","","","","70260286","2008-09-08","","BBRM","","","","","Up Main/Fast","Risk Rating 2, Hazard Rating 3,Score 6",""
"70260287","XTD","62.1408","QK","","62.1408","1100","","MAP","","610693.0","137686.0","Smeeth/Westenhanger-Grove underbridge <A20> 443[1]","HKJ6","","","","","","","","","","","70260287","2008-09-08","","BBRM","","","","","Up Main/Fast","Risk Rating 4, Hazard Rating 3,Score 12",""
"70260288","XTD","62.143","QK","","62.143","1100","","MAP","","610712.0","137683.0","Smeeth/Westenhanger-Grove underbridge <A20> 443[2]","HKJ6","","","","","","","","","","","70260288","2008-09-08","","BBRM","","","","","Up Main/Fast","Risk Rating 4, Hazard Rating 3,Score 12",""
"110147164","XTD","63.1027","QK","","63.1027","9999","","MAP","","611922.0","137414.0","WESTENHANGER SUBSTATION","HKJ6","","","","","","","","","","","110147164","2023-10-31","","NRAIL","","","","","Unknown","Address:Stone Street, Westenhanger:TN25 6DE Details: Westenhanger Station Then along safe cess to Sub Station.",""
"110183476","XTD","64.0198","QK","","64.0198","1100","","MAP","","612852.0","137217.0","WESTENHANGER STATION ACCESS","HKJ6","","","","","","","","","","","110183476","2023-10-31","","NRAIL","","","","","Up Main/Fast","AUTHORISED ACCESS POINT - PEDESTRIAN",""
"70215000","XTD","64.031","QK","","64.031","1100","","MAP","","612861.0","137233.0","Westenhanger-Stone St Bridge 454","HKJ6","","","","","","","","","","","70215000","2008-09-08","","BBRM","","","","","Up Main/Fast","Risk Rating 4, Hazard Rating 2,Score 8",""
"70260289","XTD","64.0726","QK","","64.0726","1100","","MAP","","613232.0","137152.0","Westenhanger-Deedes bridge 455 [1]","HKJ6","","","","","","","","","","","70260289","2008-09-08","","BBRM","","","","","Up Main/Fast","Risk Rating 2, Hazard Rating 2,Score 4",""
"70260290","XTD","64.0748","QK","","64.0748","1100","","MAP","","613252.0","137148.0","Westenhanger-Deedes bridge 455 [2]","HKJ6","","","","","","","","","","","70260290","2008-09-08","","BBRM","","","","","Up Main/Fast","Risk Rating 2, Hazard Rating 2,Score 4",""
"70260291","XTD","64.1386","QK","","64.1386","1100","","MAP","","613821.0","137023.0","Westenhanger/Sandling-Honeywood Bdge <A20> 458[1]","HKJ6","","","","","","","","","","","70260291","2008-09-08","","BBRM","","","","","Up Main/Fast","Risk Rating 2, Hazard Rating 3,Score 6",""
"70260293","XTD","65.0594","QK","","65.0594","1100","","MAP","","614686.0","136838.0","Sandling Rd Bridge 463","HKJ6","","","","","","","","","","","70260293","2008-09-08","","BBRM","","","","","Up Main/Fast","Risk Rating 4, Hazard Rating 2,Score 8",""
"110147165","XTD","65.068","QK","","65.068","9999","","MAP","","614785.0","136834.0","SANDLING SUBSTATION","HKJ6","","","","","","","","","","","110147165","2023-10-31","","NRAIL","","","","","Unknown","Address:Sandling Rd, Sandling:CT21 4HH Details: Off Richborough Level Crosssing <AHB>, @ 85m 24c then along cess to site",""
"70214989","XTD","65.069","QK","","65.069","1100","","MAP","","614773.0","136829.0","Sandling","HKJ6","","","","","","","","","","","70214989","2008-09-08","","BBRM","","","","","Up Main/Fast","",""
"110147166","XTD","66.0727","QK","","66.0727","9999","","MAP","","616541.0","137023.0","DOLLANDS MOOR:  CD4 SUBSTATION","HKJ6","","","","","","","","","","","110147166","2023-10-31","","NRAIL","","","","","Unknown","Address:Blackhouse Hill, Frogholt:CT18 8BN Details: Dollands Moor Yard, Main Gate, then along access road to London end of yard and site.",""
"110147167","XTD","66.0727","QK","","66.0727","9999","","MAP","","616541.0","137023.0","DOLLANDS MOOR - U124 25KV SUBSTATION","HKJ6","","","","","","","","","","","110147167","2023-10-31","","NRAIL","","","","","Unknown","Address:Blackhouse Hill, Frogholt:CT21 5UU Details: Dollands Moor Yard, Main Gate, then along access road to London end of yard and site.",""
"110147168","XTD","66.0727","QK","","66.0727","9999","","MAP","","616541.0","137023.0","DOLLANDS MOOR - U123 25KV SUBSTATION","HKJ6","","","","","","","","","","","110147168","2023-10-31","","NRAIL","","","","","Unknown","Address:Blackhouse Hill, Frogholt:CT21 5UU Details: Dollands Moor Yard, Main Gate, then along access road to London end of yard and site",""
"110183477","XTD","67.0","QK","","67.0","1100","","MAP","","617358.0","137038.0","DOLLANDS MOOR","HKJ6","","","","","","","","","","","110183477","2023-10-31","","NRAIL","","","","","Up Main/Fast","Authorised Access Point- Pedestrian",""
"110183478","XTD","67.0022","QK","","67.0022","1100","","MAP","","617344.0","137001.0","CONTINENTAL JUNCTION-BRGROVE ROAD","HKJ6","","","","","","","","","","","110183478","2023-10-31","","NRAIL","","","","","Up Main/Fast","AUTHORISED ACCESS POINT - PEDESTRIAN",""
"110159066","XTD","67.0088","QK","","67.0088","1100","","MAP","","617430.0","137057.0","Hythe Road Overbridge, Newington","HKJ6","","","","","","","","","","","110159066","2017-04-24","","NRAIL","","","","","Up Main/Fast","",""
"70260295","XTD","67.088","QK","","67.088","1100","","MAP","","618149.0","136981.0","Sandling/Folkestone West-Gate in TA camp","HKJ6","","","","","","","","","","","70260295","2008-09-08","","BBRM","","","","","Up Main/Fast","Risk Rating 3, Hazard Rating 2,Score 6",""
"70260296","XTD","67.1562","QK","","67.1562","1100","","MAP","","618761.0","136864.0","Sandling/Folkestone West-Star Bridge 476","HKJ6","","","","","","","","","","","70260296","2008-09-08","","BBRM","","","","","Up Main/Fast","Risk Rating 3, Hazard Rating 2,Score 6",""
"70260297","XTD","68.0242","QK","","68.0242","1100","","MAP","","619157.0","136789.0","Sandling/Folkestone West-Cheriton Bridge 477","HKJ6","","","","","","","","","","","70260297","2008-09-08","","BBRM","","","","","Up Main/Fast","Risk Rating 4, Hazard Rating 3,Score 12",""
"70260298","XTD","68.066","QK","","68.066","2100","","MAP","","619533.0","136717.0","Sandling/Folkestone West-Cattle Market Ftbdge 478","HKJ6","","","","","","","","","","","70260298","2008-09-08","","BBRM","","","","","Down Main/Fast","Risk Rating 10, Hazard Rating 3,Score 30",""
"70260299","XTD","68.1034","QK","","68.1034","1100","","MAP","","619869.0","136653.0","Sandling/Folkestone West-Cheriton Footbridge 479","HKJ6","","","","","","","","","","","70260299","2008-09-08","","BBRM","","","","","Up Main/Fast","Risk Rating 4, Hazard Rating 2,Score 8",""
"70260300","XTD","68.1254","QK","","68.1254","2100","","MAP","","620066.0","136616.0","Sandling/Folkestone West-Enbrook Bridge 480","HKJ6","","","","","","","","","","","70260300","2008-09-08","","BBRM","","","","","Down Main/Fast","Risk Rating 10, Hazard Rating 2,Score 20",""
"110183479","XTD","68.1386","QK","","68.1386","1100","","MAP","","620076.0","136616.0","RISBOROUGH WAY-FOLKESTONE WEST","HKJ6","","","","","","","","","","","110183479","2023-10-31","","NRAIL","","","","","Up Main/Fast","AUTHORISED ACCESS POINT - PEDESTRIAN",""
"70260301","XTD","69.022","QK","","69.022","1100","","MAP","","620717.0","136492.0","Sandling/Folkestone West-Risborough Way","HKJ6","","","","","","","","","","","70260301","2008-09-08","","BBRM","","","","","Up Main/Fast","Risk Rating 4, Hazard Rating 2,Score 8",""
"70260302","XTD","69.0638","QK","","69.0638","1100","","MAP","","621093.0","136419.0","Folkestone West-P.Way yard","HKJ6","","","","","","","","","","","70260302","2008-09-08","","BBRM","","","","","Up Main/Fast","Risk Rating 4, Hazard Rating 3,Score 12",""
"110183480","XTD","69.154","QK","","69.154","2100","","MAP","","620690.0","136496.0","FOLKESTONE CENTRAL STATION","HKJ6","","","","","","","","","","","110183480","2023-10-31","","NRAIL","","","","","Down Main/Fast","AUTHORISED ACCESS POINT - PEDESTRIAN",""
"70214927","XTD","69.1577","QK","","69.1577","2100","","MAP","","621939.0","136269.0","Folkestone-Station car park","HKJ6","","","","","","","","","","","70214927","2008-09-08","","BBRM","","","","","Down Main/Fast","Risk Rating 4, Hazard Rating 2,Score 8",""
"110142451","XTD","70.0594","QK","","70.0594","1100","","MAP","","622633.0","136374.0","Darlington Road - Folkestone","HKJ6","","","","","","","","","","","110142451","2008-09-08","","NRAIL","","","","","Up Main/Fast","Score 8",""
"70260303","XTD","70.1738","QK","","70.1738","2100","","MAP","","623513.0","136933.0","Folkestone East-Stuart Rd Signalbox","HKJ6","","","","","","","","","","","70260303","2017-10-02","","NRAIL","","","","","Down Main/Fast","Risk Rating 4, Hazard Rating 3,Score 2",""
"70260304","XTD","71.011","QK","","71.011","1100","","MAP","","623611.0","137004.0","Folkestone East-Substation","HKJ6","","","","","","","","","","","70260304","2008-09-08","","BBRM","","","","","Up Main/Fast","Risk Rating 3, Hazard Rating 2,Score 6",""
"110147171","XTD","71.011","QK","","71.011","9999","","MAP","","623552.0","136938.0","FOLKESTONE JCT SUBSTATION","HKJ6","","","","","","","","","","","110147171","2023-10-31","","NRAIL","","","","","Unknown","Address:Dover Rd, Folkestone:CT19 6QJ Details: Off Folly Road, then into Highfield Industral Estate, then through Network Rail Gate at back of Sub Station.",""
"70260305","XTD","71.1012","QK","","71.1012","1100","","MAP","","624281.0","137486.0","Folkestone Warren","HKJ6","","","","","","","","","","","70260305","2017-10-02","","NRAIL","","","","","Up Main/Fast","Risk Rating 6, Hazard Rating 3,Score 18",""
"110151741","XTD","71.1254","QK","","71.1254","1100","","MAP","","624506.0","137606.0","Folkestone Warren B","HKJ6","","","","","","","","","","","110151741","2023-10-31","","NRAIL","","","","","Up Main/Fast","",""
"110151736","XTD","72.0066","QK","","72.0066","1100","","MAP","","625059.0","137940.0","Folkestone Warren TP Hut","HKJ6","","","","","","","","","","","110151736","2023-10-31","","NRAIL","","","","","Up Main/Fast","",""
"110179762","XTD","72.0176","QK","","72.0176","2100","","MAP","","624848.0","138217.0","Wear Bay Road","HKJ6","","","","","","","","","Pedestrian","","110179762","2022-08-25","","NRAIL","","","","","Down Main/Fast","Old Dover Rd, CT18 7HL. Folkestone Warren, off Wear Bay Road, then down private road past Martello Tower to Warren, through Network Rail gates at 72m 08chthen along track side road to site",""
"110147173","XTD","73.0473","QK","","73.0473","0","","MAP","","626488.0","138442.0","ABBOTSCLIFFE SUBSTATION","HKJ6","","","","","","","","","","","110147173","2023-10-31","","NRAIL","","","","","All/Multiple Tracks","Address:New Dover Rd, Abbotscliffe:CT18 7HZ Details: Folkestone Warren, off Wear Bay Road, Folkestone Then down private road passed Martello Tower to Warren, through Network Rail Gates and track side road.",""
"70260306","XTD","74.0682","QK","","74.0682","1100","","MAP","","628527.0","138851.0","Shakespeare Halt","HKJ6","","","","","","","","","","","70260306","2008-09-08","","BBRM","","","","","Up Main/Fast","Risk Rating 6, Hazard Rating 3,Score 18",""
"110179760","XTD","74.154","QK","","74.154","2100","","MAP","","629383.0","139118.0","Samphire Hoe","HKJ6","","","","","","","","","Pedestrian","","110179760","2022-08-25","","NRAIL","","","","","Down Main/Fast","Bridleway, Shakespeare, Dover, CT17 9FL. Samphire Hoe, off A20, then down through steep tunnel, Network Rail gate @ 74m 70ch then across old rail sidings and along cess to TPH",""
"110147174","XTD","74.1672","QK","","74.1672","9999","","MAP","","629327.0","139207.0","SHAKESPEARE TPH FOLKESTONE TP HUT","HKJ6","","","","","","","","","","","110147174","2023-10-31","","NRAIL","","","","","Unknown","Address:Bridleway, Shakespere, Dover:CT17 9FL Details: Samphire Hoe, off A20 Dover- Folkestone Main Road, then down through steep tunnel, Network Rail Gate, @ 74m 70c then across old rail sidings & along cess to site.",""
"110142452","XTD","76.088","QK","","76.088","2100","","MAP","","631540.0","140172.0","Dover Freight Clearance Depot","HKJ6","","","","","","","","","","","110142452","2023-10-31","","NRAIL","","","","","Down Main/Fast","Score 3",""
"110142453","XTD","76.0946","QK","","76.0946","1100","","MAP","","631663.0","140279.0","Dover Substation","HKJ6","","","","","","","","","","","110142453","2023-10-31","","NRAIL","","","","","Up Main/Fast","Score 7",""
"70260307","XTD","76.1012","QK","","76.1012","2100","","MAP","","631791.0","140223.0","Substation","HKJ6","","","","","","","","","","","70260307","2008-09-08","","BBRM","","","","","Down Main/Fast","",""
"110173448","XTD","0.0248","QK","","0.0248","0","","MAPE","","530424.0","180318.0","CHARING CROSS STN PLT 5 & 6","HKJ4","","","","","","","","","","","110173448","2022-08-09","","NRAIL","","","","","All/Multiple Tracks"," ",""
"110173447","XTD","0.0302","QK","","0.0302","3604","","MAPE","","530469.0","180296.0","CHARING CROSS STN PLT 4","HKJ4","","","","","","","","","","","110173447","2022-08-09","","NRAIL","","","","",""," ",""
"110173405","XTD","0.033","QK","","0.033","3603","","MAPE","","530268.0","180436.0","CHARING CROSS STN PLT 3","HKJ4","","","","","","","","","","","110173405","2022-08-09","","NRAIL","","","","",""," ",""
"110173406","XTD","0.033","QK","","0.033","0","","MAPE","","530268.0","180436.0","CHARING CROSS STN PLT 1 & 2","HKJ4","","","","","","","","","","","110173406","2022-08-09","","NRAIL","","","","","All/Multiple Tracks"," ",""
"110173446","XTD","0.123","QK","","0.123","2200","","MAPE","","530331.0","180383.0","WATERLOO EAST STN PLT A","HKJ4","","","","","","","","","","","110173446","2022-08-09","","NRAIL","","","","","Down Slow"," ",""
"110173445","XTD","0.1232","QK","","0.1232","1100","","MAPE","","531261.0","180026.0","WATERLOO EAST STN PLT D","HKJ4","","","","","","","","","","","110173445","2022-08-09","","NRAIL","","","","","Up Main/Fast"," ",""
"110173444","XTD","0.1257","QK","","0.1257","2100","","MAPE","","531283.0","180032.0","WATERLOO EAST STN PLT C","HKJ4","","","","","","","","","","","110173444","2022-08-09","","NRAIL","","","","","Down Main/Fast"," ",""
"110173407","XTD","0.1261","QK","","0.1261","1200","","MAPE","","531283.0","180032.0","WATERLOO EAST STN PLT B","HKJ4","","","","","","","","","","","110173407","2022-08-09","","NRAIL","","","","","Up Slow"," ",""
"110173443","XTD","0.1493","QK","","0.1493","2200","","MAPE","","531494.0","180075.0","WATERLOO EAST STN PLT A","HKJ4","","","","","","","","","","","110173443","2022-08-09","","NRAIL","","","","","Down Slow"," ",""
"110173442","XTD","0.1522","QK","","0.1522","1100","","MAPE","","531521.0","180075.0","WATERLOO EAST STN PLT D","HKJ4","","","","","","","","","","","110173442","2022-08-09","","NRAIL","","","","","Up Main/Fast"," ",""
"110173441","XTD","0.1532","QK","","0.1532","0","","MAPE","","531530.0","180075.0","WATERLOO EAST STN PLT B & C","HKJ4","","","","","","","","","","","110173441","2022-08-09","","NRAIL","","","","","All/Multiple Tracks"," ",""
"110173440","XTD","1.1386","QK","","1.1386","2101","","MAPE","","532948.0","180225.0","LONDON BRIDGE STN PLT 1","HKJ4","","","","","","","","","","","110173440","2022-08-09","","NRAIL","","","","",""," ",""
"110173393","XTD","1.1398","QK","","1.1398","3509","","MAPE","","532956.0","180218.0","LONDON BRIDGE STN PLT 9","HKJ4","","","","","","","","","","","110173393","2022-08-09","","NRAIL","","","","",""," ",""
"110173392","XTD","1.1399","QK","","1.1399","3108","","MAPE","","532956.0","180218.0","LONDON BRIDGE STN PLT 8","HKJ4","","","","","","","","","","","110173392","2022-08-09","","NRAIL","","","","",""," ",""
"110173390","XTD","1.1408","QK","","1.1408","3105","","MAPE","","532963.0","180212.0","LONDON BRIDGE STN PLT 5","HKJ4","","","","","","","","","","","110173390","2022-08-09","","NRAIL","","","","",""," ",""
"110173436","XTD","1.1408","QK","","1.1408","3104","","MAPE","","532963.0","180212.0","LONDON BRIDGE STN PLT 4","HKJ4","","","","","","","","","","","110173436","2022-08-09","","NRAIL","","","","",""," ",""
"110173391","XTD","1.141","QK","","1.141","2106","","MAPE","","531866.0","180058.0","LONDON BRIDGE STN PLT 6","HKJ4","","","","","","","","","","","110173391","2022-08-09","","NRAIL","","","","",""," ",""
"110173438","XTD","1.1413","QK","","1.1413","2107","","MAPE","","532966.0","180209.0","LONDON BRIDGE STN PLT 7","HKJ4","","","","","","","","","","","110173438","2022-08-09","","NRAIL","","","","",""," ",""
"110173437","XTD","1.1414","QK","","1.1414","3103","","MAPE","","532966.0","180209.0","LONDON BRIDGE STN PLT 3","HKJ4","","","","","","","","","","","110173437","2022-08-09","","NRAIL","","","","",""," ",""
"110173439","XTD","1.1415","QK","","1.1415","3102","","MAPE","","532966.0","180209.0","LONDON BRIDGE STN PLT 2","HKJ4","","","","","","","","","","","110173439","2022-08-09","","NRAIL","","","","",""," ",""
"110173434","XTD","1.1684","QK","","1.1684","3509","","MAPE","","533137.0","180031.0","LONDON BRIDGE STN PLT 9","HKJ4","","","","","","","","","","","110173434","2022-08-09","","NRAIL","","","","",""," ",""
"110173435","XTD","1.1684","QK","","1.1684","3108","","MAPE","","533137.0","180031.0","LONDON BRIDGE STN PLT 8","HKJ4","","","","","","","","","","","110173435","2022-08-09","","NRAIL","","","","",""," ",""
"110173389","XTD","1.1692","QK","","1.1692","2101","","MAPE","","533142.0","180026.0","LONDON BRIDGE STN PLT 1","HKJ4","","","","","","","","","","","110173389","2022-08-09","","NRAIL","","","","",""," ",""
"110173433","XTD","1.1699","QK","","1.1699","3102","","MAPE","","533146.0","180022.0","LONDON BRIDGE STN PLT 2","HKJ4","","","","","","","","","","","110173433","2022-08-09","","NRAIL","","","","",""," ",""
"110173431","XTD","1.1706","QK","","1.1706","2107","","MAPE","","133151.0","180017.0","LONDON BRIDGE STN PLT 7","HKJ4","","","","","","","","","","","110173431","2022-08-09","","NRAIL","","","","",""," ",""
"110173432","XTD","1.1706","QK","","1.1706","3106","","MAPE","","133151.0","180017.0","LONDON BRIDGE STN PLT 6","HKJ4","","","","","","","","","","","110173432","2022-08-09","","NRAIL","","","","",""," ",""
"110173428","XTD","1.1707","QK","","1.1707","3104","","MAPE","","133151.0","180017.0","LONDON BRIDGE STN PLT 4","HKJ4","","","","","","","","","","","110173428","2022-08-09","","NRAIL","","","","",""," ",""
"110173429","XTD","1.1707","QK","","1.1707","3105","","MAPE","","133151.0","180017.0","LONDON BRIDGE STN PLT 5","HKJ4","","","","","","","","","","","110173429","2022-08-09","","NRAIL","","","","",""," ",""
"110173430","XTD","1.1708","QK","","1.1708","3103","","MAPE","","133151.0","180017.0","LONDON BRIDGE STN PLT 3","HKJ4","","","","","","","","","","","110173430","2022-08-09","","NRAIL","","","","",""," ",""
"110173408","XTD","4.1337","QK","","4.1337","2101","","MAPE","","536634.0","177289.0","NEW CROSS STN PLT C","HKJ4","","","","","","","","","","","110173408","2022-08-09","","NRAIL","","","","",""," ",""
"110173409","XTD","4.1347","QK","","4.1347","3102","","MAPE","","536638.0","177281.0","NEW CROSS STN PLT B","HKJ4","","","","","","","","","","","110173409","2022-08-09","","NRAIL","","","","",""," ",""
"110173427","XTD","4.1619","QK","","4.1619","2101","","MAPE","","536745.0","177059.0","NEW CROSS STN PLT C","HKJ4","","","","","","","","","","","110173427","2022-08-09","","NRAIL","","","","",""," ",""
"110173426","XTD","4.1657","QK","","4.1657","1103","","MAPE","","536760.0","177028.0","NEW CROSS STN PLT A","HKJ4","","","","","","","","","","","110173426","2022-08-09","","NRAIL","","","","",""," ",""
"110173257","XTD","5.0866","QK","","5.0866","0","","MAPE","","537354.0","176385.0","ST JOHNS STN PLT 1 & 2","HKJ4","","","","","","","","","","","110173257","2022-08-09","","NRAIL","","","","","All/Multiple Tracks"," ",""
"110173256","XTD","5.1153","QK","","5.1153","0","","MAPE","","537575.0","176242.0","ST JOHNS STN PLT 1 & 2","HKJ4","","","","","","","","","","","110173256","2022-08-09","","NRAIL","","","","","All/Multiple Tracks"," ",""
"110173255","XTD","7.023","QK","","7.023","2100","","MAPE","","538861.0","174603.0","HITHER GREEN STN PLT 2","HKJ4","","","","","","","","","","","110173255","2022-08-09","","NRAIL","","","","","Down Main/Fast"," ",""
"110173250","XTD","7.023","QK","","7.023","1100","","MAPE","","538861.0","174603.0","HITHER GREEN STN PLT 1","HKJ4","","","","","","","","","","","110173250","2022-08-09","","NRAIL","","","","","Up Main/Fast"," ",""
"110173248","XTD","7.0231","QK","","7.0231","2200","","MAPE","","538979.0","174454.0","HITHER GREEN STN PLT 4","HKJ4","","","","","","","","","","","110173248","2022-08-09","","NRAIL","","","","","Down Slow"," ",""
"110173249","XTD","7.0231","QK","","7.0231","1200","","MAPE","","538979.0","174454.0","HITHER GREEN STN PLT 3","HKJ4","","","","","","","","","","","110173249","2022-08-09","","NRAIL","","","","","Up Slow"," ",""
"110173247","XTD","7.0499","QK","","7.0499","2200","","MAPE","","539120.0","174254.0","HITHER GREEN STN PLT 4","HKJ4","","","","","","","","","","","110173247","2022-08-09","","NRAIL","","","","","Down Slow"," ",""
"110173246","XTD","7.0499","QK","","7.0499","1100","","MAPE","","539120.0","174254.0","HITHER GREEN STN PLT 1","HKJ4","","","","","","","","","","","110173246","2022-08-09","","NRAIL","","","","","Up Main/Fast"," ",""
"110173245","XTD","7.0504","QK","","7.0504","0","","MAPE","","539123.0","174250.0","HITHER GREEN STN PLT 2 & 3","HKJ4","","","","","","","","","","","110173245","2022-08-09","","NRAIL","","","","","All/Multiple Tracks"," ",""
"110173244","XTD","8.1594","QK","","8.1594","0","","MAPE","","540647.0","172146.0","GROVE PARK STN PLT 2 & 3","HKJ4","","","","","","","","","","","110173244","2022-08-09","","NRAIL","","","","","All/Multiple Tracks"," ",""
"110173243","XTD","8.1601","QK","","8.1601","0","","MAPE","","540651.0","172142.0","GROVE PARK STN PLT 4 & 5","HKJ4","","","","","","","","","","","110173243","2022-08-09","","NRAIL","","","","","All/Multiple Tracks"," ",""
"110173242","XTD","9.0104","QK","","9.0104","0","","MAPE","","540825.0","171976.0","GROVE PARK STN PLT 2 & 3","HKJ4","","","","","","","","","","","110173242","2022-08-09","","NRAIL","","","","","All/Multiple Tracks"," ",""
"110173241","XTD","9.0121","QK","","9.0121","0","","MAPE","","540836.0","171965.0","GROVE PARK STN PLT 4 & 5","HKJ4","","","","","","","","","","","110173241","2022-08-09","","NRAIL","","","","","All/Multiple Tracks"," ",""
"110176368","XTD","10.0297","QK","","10.0297","1200","","MAPE","","542137.0","170762.0","ELMSTEAD WOODS STATION PLAT 3","HKJ5","","","","","","","","","","","110176368","2022-08-05","","NRAIL","","","","","Up Slow","ELMSTEAD WOODS STATION PLAT 3 Ungated",""
"110176367","XTD","10.0298","QK","","10.0298","2100","","MAPE","","542138.0","170761.0","ELMSTEAD WOODS STATION PLAT 2","HKJ5","","","","","","","","","","","110176367","2022-08-05","","NRAIL","","","","","Down Main/Fast","ELMSTEAD WOODS STATION PLAT 2 Ungated",""
"110176366","XTD","10.0306","QK","","10.0306","1100","","MAPE","","542143.0","170756.0","ELMSTEAD WOODS STATION PLAT 1","HKJ5","","","","","","","","","","","110176366","2022-08-05","","NRAIL","","","","","Up Main/Fast","ELMSTEAD WOODS STATION PLAT 1 Ungated",""
"110176369","XTD","10.0309","QK","","10.0309","2200","","MAPE","","542145.0","170754.0","ELMSTEAD WOODS STATION PLAT 4","HKJ5","","","","","","","","","","","110176369","2022-08-05","","NRAIL","","","","","Down Slow","ELMSTEAD WOODS STATION PLAT 4 Ungated",""
"110176411","XTD","10.0577","QK","","10.0577","2100","","MAPE","","542310.0","170574.0","ELMSTEAD WOODS STATION PLAT 2","HKJ5","","","","","","","","","","","110176411","2022-08-05","","NRAIL","","","","","Down Main/Fast","ELMSTEAD WOODS STATION PLAT 2 Ungated",""
"110176412","XTD","10.0577","QK","","10.0577","1200","","MAPE","","542310.0","170574.0","ELMSTEAD WOODS STATION PLAT 3","HKJ5","","","","","","","","","","","110176412","2022-08-05","","NRAIL","","","","","Up Slow","ELMSTEAD WOODS STATION PLAT 3 Ungated",""
"110176410","XTD","10.0577","QK","","10.0577","1100","","MAPE","","542310.0","170574.0","ELMSTEAD WOODS STATION PLAT 1","HKJ5","","","","","","","","","","","110176410","2022-08-05","","NRAIL","","","","","Up Main/Fast","ELMSTEAD WOODS STATION PLAT 1 Ungated",""
"110176413","XTD","10.0577","QK","","10.0577","2200","","MAPE","","542310.0","170574.0","ELMSTEAD WOODS STATION PLAT 4","HKJ5","","","","","","","","","","","110176413","2022-08-05","","NRAIL","","","","","Down Slow","ELMSTEAD WOODS STATION PLAT 4 Ungated",""
"110176364","XTD","11.0252","QK","","11.0252","2200","","MAPE","","543081.0","169519.0","CHISLEHURST STATION PLAT 4","HKJ5","","","","","","","","","","","110176364","2022-08-05","","NRAIL","","","","","Down Slow","CHISLEHURST STATION PLAT 4 Ungated",""
"110176361","XTD","11.0253","QK","","11.0253","1100","","MAPE","","543082.0","169519.0","CHISLEHURST STATION PLAT 1","HKJ5","","","","","","","","","","","110176361","2022-08-05","","NRAIL","","","","","Up Main/Fast","CHISLEHURST STATION PLAT 1 Ungated",""
"110176362","XTD","11.0254","QK","","11.0254","2100","","MAPE","","543083.0","169518.0","CHISLEHURST STATION PLAT 2","HKJ5","","","","","","","","","","","110176362","2022-08-05","","NRAIL","","","","","Down Main/Fast","CHISLEHURST STATION PLAT 2 Ungated",""
"110176363","XTD","11.0257","QK","","11.0257","1200","","MAPE","","543085.0","169516.0","CHISLEHURST STATION PLAT 3","HKJ5","","","","","","","","","","","110176363","2022-08-05","","NRAIL","","","","","Up Slow","CHISLEHURST STATION PLAT 3 Ungated",""
"110176406","XTD","11.0531","QK","","11.0531","2100","","MAPE","","543247.0","169325.0","CHISLEHURST STATION PLAT 2","HKJ5","","","","","","","","","","","110176406","2022-08-05","","NRAIL","","","","","Down Main/Fast","CHISLEHURST STATION PLAT 2 Ungated",""
"110176408","XTD","11.0533","QK","","11.0533","2200","","MAPE","","543248.0","169324.0","CHISLEHURST STATION PLAT 4","HKJ5","","","","","","","","","","","110176408","2022-08-05","","NRAIL","","","","","Down Slow","CHISLEHURST STATION PLAT 4 Ungated",""
"110176407","XTD","11.0533","QK","","11.0533","1200","","MAPE","","543248.0","169324.0","CHISLEHURST STATION PLAT 3","HKJ5","","","","","","","","","","","110176407","2022-08-05","","NRAIL","","","","","Up Slow","CHISLEHURST STATION PLAT 3 Ungated",""
"110176383","XTD","12.1077","QK","","12.1077","1200","","MAPE","","544419.0","167570.0","PETTS WOOD STATION PLAT 3","HKJ5","","","","","","","","","","","110176383","2022-08-05","","NRAIL","","","","","Up Slow","PETTS WOOD STATION PLAT 3 Ungated",""
"110176384","XTD","12.1077","QK","","12.1077","2200","","MAPE","","544419.0","167570.0","PETTS WOOD STATION PLAT 4","HKJ5","","","","","","","","","","","110176384","2022-08-05","","NRAIL","","","","","Down Slow","PETTS WOOD STATION PLAT 4 Ungated",""
"110176381","XTD","12.1079","QK","","12.1079","1100","","MAPE","","544420.0","167568.0","PETTS WOOD STATION PLAT 1","HKJ5","","","","","","","","","","","110176381","2022-08-05","","NRAIL","","","","","Up Main/Fast","PETTS WOOD STATION PLAT 1 Ungated",""
"110176382","XTD","12.1079","QK","","12.1079","2100","","MAPE","","544420.0","167568.0","PETTS WOOD STATION PLAT 2","HKJ5","","","","","","","","","","","110176382","2022-08-05","","NRAIL","","","","","Down Main/Fast","PETTS WOOD STATION PLAT 2 Ungated",""
"110176433","XTD","12.1332","QK","","12.1332","2200","","MAPE","","544546.0","167373.0","PETTS WOOD STATION PLAT 4","HKJ5","","","","","","","","","","","110176433","2022-08-05","","NRAIL","","","","","Down Slow","PETTS WOOD STATION PLAT 4 Ungated",""
"110176432","XTD","12.1332","QK","","12.1332","1200","","MAPE","","544546.0","167373.0","PETTS WOOD STATION PLAT 3","HKJ5","","","","","","","","","","","110176432","2022-08-05","","NRAIL","","","","","Up Slow","PETTS WOOD STATION PLAT 3 Ungated",""
"110176430","XTD","12.1335","QK","","12.1335","1100","","MAPE","","544548.0","167371.0","PETTS WOOD STATION PLAT 1","HKJ5","","","","","","","","","","","110176430","2022-08-05","","NRAIL","","","","","Up Main/Fast","PETTS WOOD STATION PLAT 1 Ungated",""
"110176431","XTD","12.1335","QK","","12.1335","2100","","MAPE","","544548.0","167371.0","PETTS WOOD STATION PLAT 2","HKJ5","","","","","","","","","","","110176431","2022-08-05","","NRAIL","","","","","Down Main/Fast","PETTS WOOD STATION PLAT 2 Ungated",""
"110176420","XTD","13.1173","QK","","13.1173","3601","","MAPE","","545339.0","166148.0","ORPINGTON STATION PLAT 1","HKJ5","","","","","","","","","","","110176420","2022-08-05","","NRAIL","","","","","","ORPINGTON STATION PLAT 1 Gated",""
"110176426","XTD","13.1237","QK","","13.1237","3607","","MAPE","","545370.0","166098.0","ORPINGTON STATION PLAT 7","HKJ5","","","","","","","","","","","110176426","2022-08-05","","NRAIL","","","","","","ORPINGTON STATION PLAT 7 Gated",""
"110176425","XTD","13.1237","QK","","13.1237","3606","","MAPE","","545370.0","166098.0","ORPINGTON STATION PLAT 6","HKJ5","","","","","","","","","","","110176425","2022-08-05","","NRAIL","","","","","","ORPINGTON STATION PLAT 6 Gated",""
"110176427","XTD","13.1237","QK","","13.1237","3608","","MAPE","","545370.0","166098.0","ORPINGTON STATION PLAT 8","HKJ5","","","","","","","","","","","110176427","2022-08-05","","NRAIL","","","","","","ORPINGTON STATION PLAT 8 Gated",""
"110176421","XTD","13.1286","QK","","13.1286","1100","","MAPE","","545392.0","166059.0","ORPINGTON STATION PLAT 2","HKJ5","","","","","","","","","","","110176421","2022-08-05","","NRAIL","","","","","Up Main/Fast","ORPINGTON STATION PLAT 2 Ungated",""
"110176422","XTD","13.1287","QK","","13.1287","2100","","MAPE","","545392.0","166058.0","ORPINGTON STATION PLAT 3","HKJ5","","","","","","","","","","","110176422","2022-08-05","","NRAIL","","","","","Down Main/Fast","ORPINGTON STATION PLAT 3 Ungated",""
"110176423","XTD","13.1287","QK","","13.1287","1200","","MAPE","","545392.0","166058.0","ORPINGTON STATION PLAT 4","HKJ5","","","","","","","","","","","110176423","2022-08-05","","NRAIL","","","","","Up Slow","ORPINGTON STATION PLAT 4 Ungated",""
"110176424","XTD","13.1287","QK","","13.1287","2200","","MAPE","","545392.0","166058.0","ORPINGTON STATION PLAT 5","HKJ5","","","","","","","","","","","110176424","2022-08-05","","NRAIL","","","","","Down Slow","ORPINGTON STATION PLAT 5 Ungated",""
"110176377","XTD","13.1569","QK","","13.1569","1200","","MAPE","","545519.0","165832.0","ORPINGTON STATION PLAT 4","HKJ5","","","","","","","","","","","110176377","2022-08-05","","NRAIL","","","","","Up Slow","ORPINGTON STATION PLAT 4 Ungated",""
"110176376","XTD","13.1569","QK","","13.1569","2100","","MAPE","","545519.0","165832.0","ORPINGTON STATION PLAT 3","HKJ5","","","","","","","","","","","110176376","2022-08-05","","NRAIL","","","","","Down Main/Fast","ORPINGTON STATION PLAT 3 Ungated",""
"110176378","XTD","13.1572","QK","","13.1572","2200","","MAPE","","545521.0","165830.0","ORPINGTON STATION PLAT 5","HKJ5","","","","","","","","","","","110176378","2022-08-05","","NRAIL","","","","","Down Slow","ORPINGTON STATION PLAT 5 Ungated",""
"110176359","XTD","15.0436","QK","","15.0436","1100","","MAPE","","545615.0","165648.0","CHELSFIELD STATION PLAT 1","HKJ5","","","","","","","","","","","110176359","2022-08-05","","NRAIL","","","","","Up Main/Fast","CHELSFIELD STATION PLAT 1 Ungated",""
"110176360","XTD","15.0447","QK","","15.0447","2100","","MAPE","","546838.0","164112.0","CHELSFIELD STATION PLAT 2","HKJ5","","","","","","","","","","","110176360","2022-08-05","","NRAIL","","","","","Down Main/Fast","CHELSFIELD STATION PLAT 2 Ungated",""
"110176405","XTD","15.0686","QK","","15.0686","2100","","MAPE","","546993.0","162953.0","CHELSFIELD STATION PLAT 2","HKJ5","","","","","","","","","","","110176405","2022-08-05","","NRAIL","","","","","Down Main/Fast","CHELSFIELD STATION PLAT 2 Ungated",""
"110176404","XTD","15.0711","QK","","15.0711","1100","","MAPE","","547009.0","163936.0","CHELSFIELD STATION PLAT 1","HKJ5","","","","","","","","","","","110176404","2022-08-05","","NRAIL","","","","","Up Main/Fast","CHELSFIELD STATION PLAT 1 Gated",""
"110176374","XTD","16.0772","QK","","16.0772","1100","","MAPE","","548298.0","162951.0","KNOCKHOLT STATION PLAT 1","HKJ5","","","","","","","","","","","110176374","2022-08-05","","NRAIL","","","","","Up Main/Fast","KNOCKHOLT STATION PLAT 1 Ungated",""
"110176375","XTD","16.0784","QK","","16.0784","2100","","MAPE","","548309.0","162949.0","KNOCKHOLT STATION PLAT 2","HKJ5","","","","","","","","","","","110176375","2022-08-05","","NRAIL","","","","","Down Main/Fast","KNOCKHOLT STATION PLAT 2 Gated",""
"110176419","XTD","16.1071","QK","","16.1071","2100","","MAPE","","548562.0","162879.0","KNOCKHOLT STATION PLAT 2","HKJ5","","","","","","","","","","","110176419","2022-08-05","","NRAIL","","","","","Down Main/Fast","KNOCKHOLT STATION PLAT 2 Gated",""
"110176418","XTD","16.1071","QK","","16.1071","1100","","MAPE","","548562.0","162879.0","KNOCKHOLT STATION PLAT 1","HKJ5","","","","","","","","","","","110176418","2022-08-05","","NRAIL","","","","","Up Main/Fast","KNOCKHOLT STATION PLAT 1 Gated",""
"110176365","XTD","20.088","QK","","20.088","1100","","MAPE","","551487.0","157611.0","DUNTON GREEN STATION PLAT 1","HKJ5","","","","","","","","","","","110176365","2022-08-05","","NRAIL","","","","","Up Main/Fast","DUNTON GREEN STATION PLAT 1 Gated",""
"110176543","XTD","20.088","QK","","20.088","2100","","MAPE","","551487.0","157611.0","DUNTON GREEN STATION PLAT 2","HKJ5","","","","","","","","","","","110176543","2022-08-05","","NRAIL","","","","","Down Main/Fast","DUNTON GREEN STATION PLAT 2 - Gated",""
"110176613","XTD","20.1132","QK","","20.1132","2100","","MAPE","","551460.0","157377.0","DUNTON GREEN STATION PLAT 2","HKJ5","","","","","","","","","","","110176613","2022-08-05","","NRAIL","","","","","Down Main/Fast","DUNTON GREEN STATION PLAT 2 - Ungated",""
"110176409","XTD","20.132","QK","","20.132","1100","","MAPE","","551440.0","157203.0","DUNTON GREEN STATION PLAT 1","HKJ5","","","","","","","","","","","110176409","2022-08-05","","NRAIL","","","","","Up Main/Fast","DUNTON GREEN STATION PLAT 1 Gated",""
"110176576","XTD","22.0064","QK","","22.0064","3103","","MAPE","","551438.0","158343.0","SEVENOAKS STATION PLAT 3","HKJ5","","","","","","","","","","","110176576","2022-08-05","","NRAIL","","","","","","SEVENOAKS STATION PLAT 3 - Ungated",""
"110176577","XTD","22.0085","QK","","22.0085","3504","","MAPE","","552234.0","155407.0","SEVENOAKS STATION PLAT 4","HKJ5","","","","","","","","","","","110176577","2022-08-05","","NRAIL","","","","","","SEVENOAKS STATION PLAT 4 - Ungated",""
"110176652","XTD","22.0355","QK","","22.0355","3502","","MAPE","","552318.0","155179.0","SEVENOAKS STATION PLAT 2","HKJ5","","","","","","","","","","","110176652","2022-08-05","","NRAIL","","","","","","SEVENOAKS STATION PLAT 2 - Gated",""
"110176644","XTD","22.0356","QK","","22.0356","1100","","MAPE","","552318.0","155178.0","SEVENOAKS STATION PLAT 1","HKJ5","","","","","","","","","","","110176644","2022-08-05","","NRAIL","","","","","Up Main/Fast","SEVENOAKS STATION PLAT 1 - Gated",""
"110176654","XTD","22.0367","QK","","22.0367","3504","","MAPE","","552320.0","155168.0","SEVENOAKS STATION PLAT 4","HKJ5","","","","","","","","","","","110176654","2022-08-05","","NRAIL","","","","","","SEVENOAKS STATION PLAT 4 - Ungated",""
"110176653","XTD","22.0368","QK","","22.0368","3103","","MAPE","","552320.0","155167.0","SEVENOAKS STATION PLAT 3","HKJ5","","","","","","","","","","","110176653","2022-08-05","","NRAIL","","","","","","SEVENOAKS STATION PLAT 3 - Ungated",""
"110176627","XTD","26.1704","QK","","26.1704","1100","","MAPE","","555615.0","148542.0","HILDENBOROUGH STATION PLAT 1","HKJ5","","","","","","","","","","","110176627","2022-08-05","","NRAIL","","","","","Up Main/Fast","HILDENBOROUGH STATION PLAT 1 - Ungated",""
"110176628","XTD","26.1705","QK","","26.1705","2100","","MAPE","","555616.0","148541.0","HILDENBOROUGH STATION PLAT 2","HKJ5","","","","","","","","","","","110176628","2022-08-05","","NRAIL","","","","","Down Main/Fast","HILDENBOROUGH STATION PLAT 2 - Ungated",""
"110176559","XTD","27.0201","QK","","27.0201","1100","","MAPE","","555832.0","148451.0","HILDENBOROUGH STATION PLAT 1","HKJ5","","","","","","","","","","","110176559","2022-08-05","","NRAIL","","","","","Up Main/Fast","HILDENBOROUGH STATION PLAT 1 - Ungated",""
"110176560","XTD","27.0202","QK","","27.0202","2100","","MAPE","","555833.0","148451.0","HILDENBOROUGH STATION PLAT 2","HKJ5","","","","","","","","","","","110176560","2022-08-05","","NRAIL","","","","","Down Main/Fast","HILDENBOROUGH STATION PLAT 2 - Ungated",""
"110176585","XTD","29.0794","QK","","29.0794","3502","","MAPE","","558515.0","146062.0","TONBRIDGE STATION PLAT 2","HKJ5","","","","","","","","","","","110176585","2022-08-05","","NRAIL","","","","","","TONBRIDGE STATION PLAT 2 - Ungated",""
"110176584","XTD","29.0794","QK","","29.0794","3501","","MAPE","","558515.0","146062.0","TONBRIDGE STATION PLAT 1","HKJ5","","","","","","","","","","","110176584","2022-08-05","","NRAIL","","","","","","TONBRIDGE STATION PLAT 1 - Ungated",""
"110176586","XTD","29.0806","QK","","29.0806","3503","","MAPE","","558526.0","146060.0","TONBRIDGE STATION PLAT 3","HKJ5","","","","","","","","","","","110176586","2022-08-05","","NRAIL","","","","","","TONBRIDGE STATION PLAT 3 - Ungated",""
"110176587","XTD","29.0808","QK","","29.0808","3604","","MAPE","","558527.0","146060.0","TONBRIDGE STATION PLAT 4","HKJ5","","","","","","","","","","","110176587","2022-08-05","","NRAIL","","","","","","TONBRIDGE STATION PLAT 4 - Ungated",""
"110176570","XTD","34.132","QK","","34.132","3503","","MAPE","","566999.0","145289.0","PADDOCK WOOD STATION PLAT 2","HKJ5","","","","","","","","","","","110176570","2022-08-05","","NRAIL","","","","","","PADDOCK WOOD STATION PLAT 2 - Gated",""
"110176569","XTD","34.132","QK","","34.132","1200","","MAPE","","566999.0","145289.0","PADDOCK WOOD STATION PLAT 1","HKJ5","","","","","","","","","","","110176569","2022-08-05","","NRAIL","","","","","Up Slow","PADDOCK WOOD STATION PLAT 1 - Gated",""
"110176571","XTD","34.1328","QK","","34.1328","1200","","MAPE","","567007.0","145289.0","PADDOCK WOOD STATION PLAT 3","HKJ5","","","","","","","","","","","110176571","2022-08-05","","NRAIL","","","","","Up Slow","PADDOCK WOOD STATION PLAT 3 - Ungated",""
"110176637","XTD","34.1427","QK","","34.1427","1200","","MAPE","","567097.0","145282.0","PADDOCK WOOD STATION PLAT 1","HKJ5","","","","","","","","","","","110176637","2022-08-05","","NRAIL","","","","","Up Slow","PADDOCK WOOD STATION PLAT 1 - Gated",""
"110176638","XTD","34.1427","QK","","34.1427","3503","","MAPE","","567097.0","145282.0","PADDOCK WOOD STATION PLAT 2","HKJ5","","","","","","","","","","","110176638","2022-08-05","","NRAIL","","","","","","PADDOCK WOOD STATION PLAT 2 - Gated",""
"110176639","XTD","34.1531","QK","","34.1531","3603","","MAPE","","567191.0","145275.0","PADDOCK WOOD STATION PLAT 3","HKJ5","","","","","","","","","","","110176639","2022-08-05","","NRAIL","","","","","","PADDOCK WOOD STATION PLAT 3 - Ungated",""
"110176633","XTD","39.0433","QK","","39.0433","1100","","MAPE","","574213.0","144763.0","MARDEN STATION PLAT 1","HKJ5","","","","","","","","","","","110176633","2022-08-05","","NRAIL","","","","","Up Main/Fast","MARDEN STATION PLAT 1 - Ungated",""
"110176634","XTD","39.0559","QK","","39.0559","2100","","MAPE","","574328.0","144754.0","MARDEN STATION PLAT 2","HKJ5","","","","","","","","","","","110176634","2022-08-05","","NRAIL","","","","","Down Main/Fast","MARDEN STATION PLAT 2 - Ungated",""
"110176565","XTD","39.0696","QK","","39.0696","1100","","MAPE","","574453.0","144745.0","MARDEN STATION PLAT 1","HKJ5","","","","","","","","","","","110176565","2022-08-05","","NRAIL","","","","","Up Main/Fast","MARDEN STATION PLAT 1 - Ungated",""
"110176566","XTD","39.0837","QK","","39.0837","2100","","MAPE","","574582.0","144736.0","MARDEN STATION PLAT 2","HKJ5","","","","","","","","","","","110176566","2022-08-05","","NRAIL","","","","","Down Main/Fast","MARDEN STATION PLAT 2 - Ungated",""
"110178173","XTD","41.1454","QK","","41.1454","1100","","MAPE","","578353.0","144440.0","STAPLEHURST STN:PLT 1","HKJ6","","","","","","","","","","","110178173","2022-08-04","","NRAIL","","","","","Up Main/Fast"," ",""
"110178174","XTD","41.1454","QK","","41.1454","2100","","MAPE","","578353.0","144449.0","STAPLEHURST STN:PLT 2","HKJ6","","","","","","","","","","","110178174","2022-08-04","","NRAIL","","","","","Down Main/Fast"," ",""
"110178175","XTD","41.1719","QK","","41.1719","1100","","MAPE","","578595.0","144423.0","STAPLEHURST STN:PLT 1","HKJ6","","","","","","","","","","","110178175","2022-08-04","","NRAIL","","","","","Up Main/Fast"," ",""
"110178176","XTD","41.1719","QK","","41.1719","2100","","MAPE","","578596.0","144431.0","STAPLEHURST STN:PLT 2","HKJ6","","","","","","","","","","","110178176","2022-08-04","","NRAIL","","","","","Down Main/Fast"," ",""
"110178178","XTD","45.0343","QK","","45.0343","1500","","MAPE","","583756.0","143976.0","HEADCORN STN:PLT 1","HKJ6","","","","","","","","","","","110178178","2022-08-04","","NRAIL","","","","","Up Loop"," ",""
"110178177","XTD","45.035","QK","","45.035","2500","","MAPE","","583764.0","143992.0","HEADCORN STN:PLT 2","HKJ6","","","","","","","","","","","110178177","2022-08-04","","NRAIL","","","","","Down Loop"," ",""
"110178180","XTD","45.0617","QK","","45.0617","1500","","MAPE","","584006.0","143957.0","HEADCORN STN:PLT 1","HKJ6","","","","","","","","","","","110178180","2022-08-04","","NRAIL","","","","","Up Loop"," ",""
"110178179","XTD","45.0619","QK","","45.0619","2500","","MAPE","","584009.0","143974.0","HEADCORN STN:PLT 2","HKJ6","","","","","","","","","","","110178179","2022-08-04","","NRAIL","","","","","Down Loop"," ",""
"110178182","XTD","50.0728","QK","","50.0728","2100","","MAPE","","592128.0","143310.0","PLUCKLEY STN:PLT 2","HKJ6","","","","","","","","","","","110178182","2022-08-04","","NRAIL","","","","","Down Main/Fast"," ",""
"110178181","XTD","50.0753","QK","","50.0753","1100","","MAPE","","592131.0","143265.0","PLUCKLEY STN:PLT 1","HKJ6","","","","","","","","","","","110178181","2022-08-04","","NRAIL","","","","","Up Main/Fast"," ",""
"110178183","XTD","50.0914","QK","","50.0914","1100","","MAPE","","592293.0","143249.0","PLUCKLEY STN:PLT 1","HKJ6","","","","","","","","","","","110178183","2022-08-04","","NRAIL","","","","","Up Main/Fast"," ",""
"110178184","XTD","50.1019","QK","","50.1019","2100","","MAPE","","592391.0","143247.0","PLUCKLEY STN:PLT 2","HKJ6","","","","","","","","","","","110178184","2022-08-04","","NRAIL","","","","","Down Main/Fast"," ",""
"110178185","XTD","56.0058","QK","","56.0058","0","","MAPE","","601063.0","142245.0","ASHFORD <KENT> STN:PLT 3 & 4","HKJ6","","","","","","","","","","","110178185","2022-08-04","","NRAIL","","","","","All/Multiple Tracks"," ",""
"110178186","XTD","56.0063","QK","","56.0063","0","","MAPE","","601054.0","142225.0","ASHFORD <KENT> STN:PLT 1 & 2","HKJ6","","","","","","","","","","","110178186","2022-08-04","","NRAIL","","","","","All/Multiple Tracks"," ",""
"110178187","XTD","56.0197","QK","","56.0197","0","","MAPE","","601171.0","142178.0","ASHFORD <KENT> STN:PLT 5 & 6","HKJ6","","","","","","","","","","","110178187","2022-08-04","","NRAIL","","","","","All/Multiple Tracks"," ",""
"110178188","XTD","56.0337","QK","","56.0337","0","","MAPE","","601250.0","142076.0","ASHFORD <KENT> STN:PLT 3 & 4","HKJ6","","","","","","","","","","","110178188","2022-08-04","","NRAIL","","","","","All/Multiple Tracks"," ",""
"110178189","XTD","56.0497","QK","","56.0497","3505","","MAPE","","601385.0","142009.0","ASHFORD <KENT> STN:PLT 5","HKJ6","","","","","","","","","","","110178189","2022-08-04","","NRAIL","","","","",""," ",""
"110178190","XTD","56.0497","QK","","56.0497","3506","","MAPE","","601388.0","142013.0","ASHFORD <KENT> STN:PLT 6","HKJ6","","","","","","","","","","","110178190","2022-08-04","","NRAIL","","","","",""," ",""
"110178191","XTD","56.0516","QK","","56.0516","0","","MAPE","","601395.0","141995.0","ASHFORD <KENT> STN:PLT 3","HKJ6","","","","","","","","","","","110178191","2022-08-04","","NRAIL","","","","","All/Multiple Tracks"," ",""
"110178192","XTD","64.0174","QK","","64.0174","1100","","MAPE","","612739.0","137260.0","WESTENHANGER STN:PLT 1","HKJ6","","","","","","","","","","","110178192","2022-08-04","","NRAIL","","","","","Up Main/Fast"," ",""
"110178194","XTD","64.029","QK","","64.029","2100","","MAPE","","612845.0","137245.0","WESTENHANGER STN:PLT 2","HKJ6","","","","","","","","","","","110178194","2022-08-04","","NRAIL","","","","","Down Main/Fast"," ",""
"110178193","XTD","64.0293","QK","","64.0293","1100","","MAPE","","612845.0","137238.0","WESTENHANGER STN:PLT 1","HKJ6","","","","","","","","","","","110178193","2022-08-04","","NRAIL","","","","","Up Main/Fast"," ",""
"110178195","XTD","64.0487","QK","","64.0487","2100","","MAPE","","613022.0","137209.0","WESTENHANGER STN:PLT 2","HKJ6","","","","","","","","","","","110178195","2022-08-04","","NRAIL","","","","","Down Main/Fast"," ",""
"110178196","XTD","65.0678","QK","","65.0678","2100","","MAPE","","614763.0","136844.0","SANDLING STN:PLT 2","HKJ6","","","","","","","","","","","110178196","2022-08-04","","NRAIL","","","","","Down Main/Fast"," ",""
"110178197","XTD","65.0698","QK","","65.0698","1100","","MAPE","","614777.0","136794.0","SANDLING STN:PLT 1","HKJ6","","","","","","","","","","","110178197","2022-08-04","","NRAIL","","","","","Up Main/Fast"," ",""
"110178198","XTD","65.0874","QK","","65.0874","2100","","MAPE","","614942.0","136798.0","SANDLING STN:PLT 2","HKJ6","","","","","","","","","","","110178198","2022-08-04","","NRAIL","","","","","Down Main/Fast"," ",""
"110178199","XTD","65.0893","QK","","65.0893","1100","","MAPE","","614964.0","136787.0","SANDLING STN:PLT 1","HKJ6","","","","","","","","","","","110178199","2022-08-04","","NRAIL","","","","","Up Main/Fast"," ",""
"110178201","XTD","69.0353","QK","","69.0353","2100","","MAPE","","620843.0","136502.0","FOLKESTONE WEST STN:PLT 2","HKJ6","","","","","","","","","","","110178201","2022-08-04","","NRAIL","","","","","Down Main/Fast"," ",""
"110178200","XTD","69.0356","QK","","69.0356","1100","","MAPE","","620843.0","136484.0","FOLKESTONE WEST STN:PLT 1","HKJ6","","","","","","","","","","","110178200","2022-08-04","","NRAIL","","","","","Up Main/Fast"," ",""
"110178203","XTD","69.0618","QK","","69.0618","2100","","MAPE","","621080.0","136445.0","FOLKESTONE WEST STN:PLT 2","HKJ6","","","","","","","","","","","110178203","2022-08-04","","NRAIL","","","","","Down Main/Fast"," ",""
"110178202","XTD","69.0622","QK","","69.0622","1100","","MAPE","","621080.0","136427.0","FOLKESTONE WEST STN:PLT 1","HKJ6","","","","","","","","","","","110178202","2022-08-04","","NRAIL","","","","","Up Main/Fast"," ",""
"110178204","XTD","69.1486","QK","","69.1486","0","","MAPE","","621856.0","136273.0","FOLKESTONE CENT STN:PLT 1","HKJ6","","","","","","","","","","","110178204","2022-08-04","","NRAIL","","","","","All/Multiple Tracks"," ",""
"110178205","XTD","70.0002","QK","","70.0002","0","","MAPE","","622107.0","136254.0","FOLKESTONE CENT STN:PLT 1","HKJ6","","","","","","","","","","","110178205","2022-08-04","","NRAIL","","","","","All/Multiple Tracks"," ",""
"110178648","XTD","70.1453","QK","","70.1453","1100","","MAPE","","623298.0","136786.0","FOLKESTONE EAST STATION PLAT 1","HKJ6","","","","","","","","","","","110178648","2022-08-05","","NRAIL","","","","","Up Main/Fast","ACCESS POINT - PLATFORM END - GATED",""
"110178492","XTD","70.1471","QK","","70.1471","1100","","MAPE","","623325.0","136777.0","FOLKESTONE EAST STATION PLAT 1","HKJ6","","","","","","","","","","","110178492","2022-08-05","","NRAIL","","","","","Up Main/Fast","ACCESS POINT - PLATFORM END - UNGATED",""
"110178493","XTD","70.1614","QK","","70.1614","1100","","MAPE","","623415.0","136876.0","FOLKESTONE EAST STATION PLAT 1","HKJ6","","","","","","","","","","","110178493","2022-08-05","","NRAIL","","","","","Up Main/Fast","ACCESS POINT - PLATFORM END - UNGATED",""
"110178649","XTD","70.162","QK","","70.162","1100","","MAPE","","623423.0","136876.0","FOLKESTONE EAST STATION PLAT 1","HKJ6","","","","","","","","","","","110178649","2022-08-05","","NRAIL","","","","","Up Main/Fast","ACCESS POINT - PLATFORM END - GATED",""
"110178495","XTD","71.005","QK","","71.005","2100","","MAPE","","623572.0","136957.0","FOLKESTONE EAST STATION PLAT 2","HKJ6","","","","","","","","","","","110178495","2022-08-05","","NRAIL","","","","","Down Main/Fast","ACCESS POINT - PLATFORM END - UNGATED",""
"110178494","XTD","71.0072","QK","","71.0072","2100","","MAPE","","623554.0","136946.0","FOLKESTONE EAST STATION PLAT 2","HKJ6","","","","","","","","","","","110178494","2022-08-05","","NRAIL","","","","","Down Main/Fast","ACCESS POINT - PLATFORM END - UNGATED",""
"110148989","XTD","3.167","QK","","3.175","2104","","MAR","","535811.0","178149.0","BERMONDSEY GEMINI BUSINESS PARK","HKJ4","","","","","","","","","","","110148989","2016-01-04","","NRAIL","","","","","","SITUATED IN THE GEMINI BUSINESS PARK WHICH IS ACCESSED VIA LANDMANN WAY. THE RAMP RISES FROM THE GROUND FLOOR UP TO THE DISUSED BRICKLAYERS ARM VIADUCT.",""
"110178372","XTD","3.1757","QK","","3.1757","3104","","MAR","","","","LANDMANN WAY RRAP","HKJ4","","","","","","","","","","","110178372","2022-08-09","","NRAIL","","","","",""," ",""
"110142444","XTD","4.0","QK","","4.0","1100","","MAR","","535817.0","178141.0","Bricklayers Arms RRV","HKJ4","","","","","","","","","","","110142444","2020-12-09","","NRAIL","","","","","Up Main/Fast","Score 17",""
"70130366","XTD","6.1609","QK","","6.1609","1100","","MAR","","538732.0","174718.0","NIGHTINGALE ROAD RRV","HKJ4","","","","","","","","","AC","","70130366","2022-08-09","","BBRM","","","","","Up Main/Fast","Risk Rating 6, Hazard Rating 2,Score 12","TQ 38732 74718"
"110146849","XTD","8.0396","QK","","8.0396","2100","","MAR","","539959.0","172993.0","Bramdean substation","HKJ4","","","","","","","","","","","110146849","2022-08-09","","NRAIL","","","","","Down Main/Fast","Address:Ronver Rd, Catford:SE12 0NL Details: Off A2212 Baring Road, then into Bramdean Crescent, Gables Close and Oak Apple Court, Network Rail Gate, ~ @ 8m 25c then into sidings and site. OS grid ref TQ398 734",""
"110070565","XTD","8.132","QK","","8.132","2200","","MAR","","540490.0","172326.0","GROVE PARK-RRV ACCESS","HKJ4","","","","","","","","","OT","","110070565","2018-08-03","","NV","","","","","Down Slow","Local instructions - For access to the permanent way, staff must report to the depot Control Room and sign the visitors book. Local instructions and safety information will be issued by the Control room supervisor and must be obeyed.","TQ 40490 72326"
"70260244","XTD","8.1584","QK","","8.1584","2200","","MAR","","540640.0","172153.0","GROVE PARK - BARING ROAD","HKJ4","","","","","","","","","","","70260244","2022-08-09","","BBRM","","","","","Down Slow","Risk Rating 10, Hazard Rating 2,Score 20",""
"110072133","XTD","8.1716","QK","","8.1716","1100","","MAR","","540798.0","171960.0","Grove Park - Pullman Mews","HKJ4","","","","","","","","","OT","","110072133","2023-05-31","","NV","","","","","Up Main/Fast","Local instructions - For access to the permanent way, staff must report to the depot Control Room and sign the visitors book. Local instructions and safety information will be issued by the Control room supervisor and must be obeyed.","TQ 40798 71960"
"110164872","XTD","9.1096","QK","","9.1096","2200","","MAR","","541492.0","171360.0","NEW STREET HILL RRV","HKJ5","","","","","","","","","","","110164872","2023-05-31","","","","","","","Down Slow"," ",""
"110179310","XTD","12.132","QK","","12.132","2200","","MAR","","544554.0","167387.0","PETTS WOOD - RRV ACCESS","HKJ5","","","","","","","","","","","110179310","2022-08-15","","NRAIL","","","","","Down Slow"," AUTHORISED ACCESS POINT  -  ROAD/RAIL VEH",""
"110179019","XTD","25.011","QK","","25.011","0","","MAR","","553726.0","150819.0","WEALD - RRV ACCESS","HKJ5","","","","","","","","","","","110179019","2022-08-15","","NRAIL","","","","","All/Multiple Tracks"," AUTHORISED ACCESS POINT  -  ROAD/RAIL VEH",""
"110179020","XTD","27.0176","QK","","27.0176","1100","","MAR","","555804.0","148442.0","HILDENBOROUGH STATION RRV","HKJ5","","","","","","","","","","","110179020","2022-08-15","","NRAIL","","","","","Up Main/Fast"," AUTHORISED ACCESS POINT  -  ROAD/RAIL VEH",""
"110179021","XTD","27.0242","QK","","27.0242","1100","","MAR","","555869.0","148445.0","HILDENBOROUGH - RRV ACCESS","HKJ5","","","","","","","","","","","110179021","2022-08-15","","NRAIL","","","","","Up Main/Fast"," AUTHORISED ACCESS POINT  -  ROAD/RAIL VEH",""
"110183508","XTD","41.132","QK","","41.132","1100","","MAR","","578244.0","144440.0","STAPLEHURST RRV","HKJ5","","","","","","","","","","","110183508","2023-10-31","","NRAIL","","","","","Up Main/Fast","AUTHORISED ACCESS POINT - ROAD/RAIL VEH",""
"110183513","XTD","45.0","QK","","45.0","2500","","MAR","","583458.0","144042.0","HEADCORN CAR PARK RRV","HKJ6","","","","","","","","","","","110183513","2023-10-31","","NRAIL","","","","","Down Loop","AUTHORISED ACCESS POINT - ROAD/RAIL VEH",""
"110183516","XTD","50.088","QK","","50.088","1100","","MAR","","592282.0","143286.0","PLUCKLEY UP RRV","HKJ6","","","","","","","","","","","110183516","2023-10-31","","NRAIL","","","","","Up Main/Fast","AUTHORISED ACCESS POINT - ROAD/RAIL VEH",""
"110183517","XTD","50.0968","QK","","50.0968","0","","MAR","","592332.0","143283.0","PLUCKLEY RRV","HKJ6","","","","","","","","","","","110183517","2023-10-31","","NRAIL","","","","","All/Multiple Tracks","AUTHORISED ACCESS POINT - ROAD/RAIL VEH",""
"110184493","XTD","54.1584","QK","","54.1584","0","","MAR","","599330.7","142654.9","CJART LEACON","HKJ6","","","","","","","","","","","110184493","2023-08-08","","NRAIL","","","","","All/Multiple Tracks","Chart Leacon RRV Strail",""
"110183525","XTD","60.066","QK","","60.066","1100","","MAR","","606861.0","138419.0","SMEETH STATION BRIDGE RRV","HKJ6","","","","","","","","","","","110183525","2023-10-31","","NRAIL","","","","","Up Main/Fast","AUTHORISED ACCESS POINT - ROAD/RAIL VEH",""
"110183528","XTD","65.1056","QK","","65.1056","0","","MAR","","615098.0","136849.0","SANDLING RRV","HKJ6","","","","","","","","","","","110183528","2023-10-31","","NRAIL","","","","","All/Multiple Tracks","AUTHORISED ACCESS POINT - ROAD/RAIL VEH",""
"110183530","XTD","69.0198","QK","","69.0198","0","","MAR","","620908.0","136412.0","FOLKESTONE WEST RRV","HKJ6","","","","","","","","","","","110183530","2023-10-31","","NRAIL","","","","","All/Multiple Tracks","AUTHORISED ACCESS POINT - ROAD/RAIL VEH",""
"110183532","XTD","71.1122","QK","","71.1122","0","","MAR","","624354.0","137508.0","FOLKESTONE WARREN - RRV ACCESS","HKJ6","","","","","","","","","","","110183532","2023-10-31","","NRAIL","","","","","All/Multiple Tracks","AUTHORISED ACCESS POINT - ROAD/RAIL VEH",""
"110183536","XTD","74.1298","QK","","74.1298","0","","MAR","","629005.0","139036.0","SAMPHIRE HOE RRV","HKJ6","","","","","","","","","","","110183536","2023-10-31","","NRAIL","","","","","All/Multiple Tracks","AUTHORISED ACCESS POINT - ROAD/RAIL VEH",""
"70130285","XTD","6.0289","QK","","6.0289","2200","","MAV","","537920.0","175517.0","PARKS BRIDGE RELAY ROOM","HKJ4","","","","","","","","","AC","","70130285","2022-08-09","","BBRM","","","","","Down Slow","Risk Rating 10, Hazard Rating 2,Score 20","TQ 37920 75517"
"70212288","XTD","7.132","QK","","7.132","2200","","MAV","","539615.0","173476.0","HITHER GREEN - GROVE PARK","HKJ4","","","","","","","","","","","70212288","2018-08-03","","BBRM","","","","","Down Slow"," ","TQ 39615 73476"
"70212293","XTD","7.152","QK","","7.152","1100","","MAV","","539637.0","173480.0","HITHER GREEN- GROVE PARK TRAIN","HKJ4","","","","","","","","","","","70212293","2022-08-09","","BBRM","","","","","Up Main/Fast","Risk Rating 10, Hazard Rating 2,Score 20",""
"110142448","XTD","8.0308","QK","","8.0308","2100","","MAV","","539915.0","173061.0","Bramdean Sidings","HKJ4","","","","","","","","","","","110142448","2018-08-01","","NRAIL","","","","","Down Main/Fast","Score 6",""
"70260245","XTD","11.0044","QK","","11.0044","1100","","MAV","","542960.0","169666.0","Elmstead Wds/Chislehurst-Chislehurst Rd, Sig AD12","HKJ5","","","","","","","","","","","70260245","2008-09-08","","BBRM","","","","","Up Main/Fast","Risk Rating 6, Hazard Rating 2,Score 12",""
"70194485","XTD","11.1293","QK","","11.1293","1100","","MAV","","543646.0","168755.0","Chislehurst Jn/Petts Wood Jn","HKJ5","","","","","","","","","","","70194485","2008-09-08","","BBRM","","","","","Up Main/Fast","Risk Rating 10, Hazard Rating 2,Score 20",""
"70260247","XTD","12.132","QK","","12.132","2200","","MAV","","544541.0","167383.0","Petts Wood Station car park","HKJ5","","","","","","","","","","","70260247","2008-09-08","","BBRM","","","","","Down Slow","Risk Rating 3, Hazard Rating 2,Score 6",""
"70211208","XTD","13.014","QK","","13.014","1100","","MAV","","544827.0","166940.0","Petts Wood/Orpington-Bushey Ave","HKJ5","","","","","","","","","","","70211208","2008-09-08","","BBRM","","","","","Up Main/Fast","Risk Rating 6, Hazard Rating 2,Score 12",""
"70211216","XTD","13.1096","QK","","13.1096","1100","","MAV","","545302.0","166209.0","Orpington-Up side car park","HKJ5","","","","","","","","","","","70211216","2008-09-08","","BBRM","","","","","Up Main/Fast","Risk Rating 3, Hazard Rating 2,Score 6",""
"70211224","XTD","13.122","QK","","13.122","3602","","MAV","","545362.0","166112.0","Orpington Station","HKJ5","","","","","","","","","","","70211224","2008-09-08","","BBRM","","","","","","Risk Rating 3, Hazard Rating 2,Score 6",""
"70211192","XTD","13.1232","QK","","13.1232","2100","","MAV","","545372.0","166097.0","Orpington Station Rev Terminal/Bay","HKJ5","","","","","","","","","","","70211192","2022-04-26","","BBRM","","","","","Down Main/Fast","At end of B.B. Yard, Risk Rating 10, Hazard Rating 2, Score 20, BRS 4071",""
"70209210","XTD","16.0753","QK","","16.0753","1100","","MAV","","548282.0","162956.0","Knockholt-Old London Rd","HKJ5","","","","","","","","","","","70209210","2020-07-13","","BBRM","","","","","Up Main/Fast","Risk Rating 3, Hazard Rating 2,Score 6                                                                                Please be aware the Road surface within the Skip yeard <Arch Co> is in need of urgent repair. This has been raised as a close call and is currently impacting our right of way to our RRV access. Teams to be made aware and vigilant when accessing this site especially at night.",""
"110146988","XTD","17.0312","QK","","17.0312","9999","","MAV","","549320.0","162406.0","KNOCKHOLT SUBSTATION","HKJ5","","","","","","","","","","","110146988","2022-08-05","","NRAIL","","","","","Unknown","Address:Old London Rd, Knockholt:TN14 7AW      Details:Network Rail gate, off London Rd, Knockholt then into sub station site        TQ491625",""
"110179017","XTD","21.1562","QK","","21.1562","1100","","MAV","","552092.0","155637.0","MOREWOOD CLOSE - SEVENOAKS CAR PARK LE","HKJ5","","","","","","","","","","","110179017","2022-08-15","","NRAIL","","","","","Up Main/Fast"," AUTHORISED ACCESS POINT  -  VEHICLE",""
"70194648","XTD","21.1617","QK","","21.1617","1900","","MAV","","552132.0","155594.0","Sevenoaks old box-Car park opp via Morewood Close","HKJ5","","","","","","","","","","","70194648","2008-09-08","","BBRM","","","","","Up Siding","Risk Rating 4, Hazard Rating 2,Score 8",""
"70215380","XTD","22.028","QK","","22.028","1100","","MAV","","552297.0","155243.0","Sevenoaks-Staff car park","HKJ5","","","","","","","","","","","70215380","2008-09-08","","BBRM","","","","","Up Main/Fast","Risk Rating 3, Hazard Rating 2,Score 6",""
"110179018","XTD","22.0286","QK","","22.0286","1100","","MAV","","552270.0","155230.0","SEVENOAKS - LONDON ROAD - UP CAR PARK","HKJ5","","","","","","","","","","","110179018","2022-08-15","","NRAIL","","","","","Up Main/Fast"," AUTHORISED ACCESS POINT  -  VEHICLE",""
"70215383","XTD","22.0362","QK","","22.0362","1100","","MAV","","552320.0","155173.0","Sevenoaks","HKJ5","","","","","","","","","","","70215383","2008-09-08","","BBRM","","","","","Up Main/Fast","Risk Rating 10, Hazard Rating 2,Score 20",""
"110147003","XTD","24.1114","QK","","24.1114","9999","","MAV","","553555.0","151502.0","RIVERHILL TPH SEVENOAKS TP HUT","HKJ5","","","","","","","","","","","110147003","2022-08-05","","NRAIL","","","","","Unknown","Address:Morleys Rd, Sevenoaks:TN14 6QY        Details:Network Rail gate, at entrance to Weald Sub Station off Morleys Rd, Weald @ 24m78c then walk into site         TQ535515",""
"110146947","XTD","25.0023","QK","","25.0023","9999","","MAV","","553728.0","150905.0","WEALD SUBSTATION","HKJ5","","","","","","","","","","","110146947","2022-08-05","","NRAIL","","","","","Unknown","Address:Morleys Rd,Sevenoaks:TN14 6QR      Details:Network Rail Gate, at entrance to Weald Sub Station off Morleys Road,Weald @ 24m78c then walk into site        TQ536694",""
"70260251","XTD","25.0198","QK","","25.0198","1100","","MAV","","553735.0","150887.0","Sevenoaks/Hildenborough-Weald Substation","HKJ5","","","","","","","","","","","70260251","2022-04-26","","BBRM","","","","","Up Main/Fast","Risk Rating 4, Hazard Rating 2,Score 8",""
"70130364","XTD","29.0335","QK","","29.0335","1502","","MAV","","558153.0","146234.0","Hildenborough/Tonbridge-Clare Avenue","HKJ5","","","","","","","","","AC","","70130364","2008-09-08","","BBRM","","","","","","Risk Rating 6, Hazard Rating 3,Score 18",""
"110177400","XTD","29.1496","QK","","29.1496","2100","","MAV","","559157.0","145976.0","TONBRIDGE ENG SIDING LE","HKJ5","","","","","","","","","","","110177400","2023-05-31","","NRAIL","","","","","Down Main/Fast","CREATED AFTER ACCESS POINT VALIDATION DATA ANAYLSIS",""
"70187801","XTD","29.1515","QK","","29.1515","3503","","MAV","","559175.0","145974.0","Tonbridge/Paddock Wood-Vale Road","HKJ5","","","","","","","","","AC","","70187801","2008-09-08","","BBRM","","","","","","Risk Rating 3, Hazard Rating 2,Score 6",""
"110177401","XTD","29.1584","QK","","29.1584","2100","","MAV","","559237.0","145966.0","TONBRIDGE ENG SIDING CE","HKJ5","","","","","","","","","","","110177401","2023-05-31","","NRAIL","","","","","Down Main/Fast","CREATED AFTER ACCESS POINT VALIDATION DATA ANALYSIS",""
"70130356","XTD","29.1601","QK","","29.1601","1900","","MAV","","559253.0","145964.0","Tonbridge/Paddock Wood-Priory Road","HKJ5","","","","","","","","","AC","","70130356","2008-09-08","","BBRM","","","","","Up Siding","Risk Rating 6, Hazard Rating 2,Score 12",""
"70210532","XTD","32.0352","QK","","32.0352","2100","","MAV","","562905.0","145587.0","Tonbridge/Paddock Wood-Lilley Farm","HKJ5","","","","","","","","","","","70210532","2022-04-26","","BBRM","","","","","Down Main/Fast","Risk Rating 4, Hazard Rating 4,Score 8, BRS 4075",""
"70130358","XTD","34.154","QK","","34.154","1100","","MAV","","567198.0","145275.0","Paddock Wood-Up side car park","HKJ5","","","","","","","","","AC","","70130358","2022-04-26","","BBRM","","","","","Up Main/Fast","Risk Rating 3, Hazard Rating 3,Score 9, BRS 4075",""
"110177397","XTD","34.1628","QK","","34.1628","1100","","MAV","","567280.0","145269.0","PADDOCK WOOD ECRO","HKJ5","","","","","","","","","","","110177397","2023-05-31","","NRAIL","","","","","Up Main/Fast","CREATED AFTER ACCESS POINT VALIDATION DATA ANALYSIS",""
"70130359","XTD","34.1635","QK","","34.1635","3700","","MAV","","567286.0","145269.0","P.WOOD UPSIDE OFF ACCESS RD TO ECR/TRAINING CENTRE","HKJ5","","","","","","","","","AC","","70130359","2010-03-23","","BBRM","","","","","Rev Crossover","Risk Rating 3, Hazard Rating 3,Score 9",""
"110146926","XTD","35.0594","QK","","35.0594","9999","","MAV","","567942.0","145220.0","PADDOCK WOOD SUBSTATION","HKJ5","","","","","","","","","","","110146926","2022-08-05","","NRAIL","","","","","Unknown","Address:Le Temple Rd, Paddock Wood:TN12 6HZ   Details:Network Rail Gate, off The Cedars, then pass Electrical Control Room building and to site     TQ674452",""
"70130360","XTD","41.132","QK","","41.132","1100","","MAV","","578513.0","144448.0","Marden/Staplehurst-P/Way Yard","HKJ5","","","","","","","","","AC","","70130360","2017-10-02","","NRAIL","","","","","Up Main/Fast","Risk Rating 6, Hazard Rating 2,Score 12",""
"70260260","XTD","42.0352","QK","","42.0352","2100","","MAV","","578954.0","144409.0","Staplehurst Substation","HKJ6","","","","","","","","","","","70260260","2008-09-08","","BBRM","","","","","Down Main/Fast","Risk Rating 4, Hazard Rating 2,Score 8",""
"70211096","XTD","45.001","QK","","45.001","2100","","MAV","","583457.0","144021.0","Headcorn-Car park","HKJ6","","","","","","","","","","","70211096","2017-10-02","","NRAIL","","","","","Down Main/Fast","Risk Rating 6, Hazard Rating 3,Score 18",""
"110183490","XTD","53.1716","QK","","53.1716","1100","","MAV","","597720.0","142760.0","GREAT CHART  - DOUBLE GATE NO1","HKJ6","","","","","","","","","","","110183490","2023-10-31","","NRAIL","","","","","Up Main/Fast","AUTHORISED ACCESS POINT - VEHICLE",""
"110183491","XTD","53.1738","QK","","53.1738","1100","","MAV","","597869.0","142788.0","GREAT CHART  - DOUBLE GATE NO2","HKJ6","","","","","","","","","","","110183491","2023-10-31","","NRAIL","","","","","Up Main/Fast","AUTHORISED ACCESS POINT - VEHICLE",""
"110183492","XTD","57.143","QK","","57.143","1100","","MAV","","602615.0","141094.0","ASHFORD/SMEETH - SEVINGTON SIDINGS","HKJ6","","","","","","","","","","","110183492","2023-10-31","","NRAIL","","","","","Up Main/Fast","AUTHORISED ACCESS POINT - VEHICLE",""
"110183493","XTD","58.0176","QK","","58.0176","1100","","MAV","","603563.0","140385.0","SEVINGTON VEHICLE","HKJ6","","","","","","","","","","","110183493","2023-10-31","","NRAIL","","","","","Up Main/Fast","AUTHORISED ACCESS POINT - VEHICLE",""
"110183495","XTD","58.1034","QK","","58.1034","1100","","MAV","","604373.0","139827.0","SWANTON BRIDGE 415 <1>","HKJ6","","","","","","","","","","","110183495","2023-10-31","","NRAIL","","","","","Up Main/Fast","AUTHORISED ACCESS POINT - VEHICLE",""
"70260292","XTD","64.1386","QK","","64.1386","1100","","MAV","","613821.0","137023.0","Westenhanger/Sandling-Honeywood Brdge <A20> 458[2]","HKJ6","","","","","","","","","","","70260292","2017-10-02","","NRAIL","","","","","Up Main/Fast","Risk Rating 2, Hazard Rating 3,Score 6",""
"70312660","XTD","66.1738","QK","","66.1738","1100","","MAV","","617270.0","137005.0","Folkestone Rugby Club","HKJ6","","","","","","","","","","","70312660","2017-04-24","","NRAIL","","","","","Up Main/Fast","The number of accesses each year is small and use must be planned and agreed in advance with Ashford Track Section Manager","TR 17270 37005"
"110147170","XTD","69.0116","QK","","69.0116","9999","","MAV","","620701.0","136468.0","SHORNCLIFFE TPH FOLKSTONE TP HUT","HKJ6","","","","","","","","","","","110147170","2023-10-31","","NRAIL","","","","","Unknown","Address:Geraldine Rd, Folkestone:CT19 4BD Details: Folkestone West Station, then along down side platform L/E and along cess to site.",""
"110183496","XTD","69.044","QK","","69.044","1100","","MAV","","620704.0","136512.0","FOLKESTONE WEST STATION","HKJ6","","","","","","","","","","","110183496","2023-10-31","","NRAIL","","","","","Up Main/Fast","AUTHORISED ACCESS POINT - VEHICLE",""
"110183499","XTD","71.0","QK","","71.0","1100","","MAV","","623541.0","136935.0","FOLKESTONE EAST SIDINGS","HKJ6","","","","","","","","","","","110183499","2023-10-31","","NRAIL","","","","","Up Main/Fast","AUTHORISED ACCESS POINT - VEHICLE",""
"110147172","XTD","72.0176","QK","","72.0176","1100","","MAV","","625034.0","137937.0","WARREN TPH FOLKESTONE E TP HUT","HKJ6","","","","","","","","","","","110147172","2023-10-31","","NRAIL","","","","","Up Main/Fast","Address:Old Dover Rd, Capel le Ferne:CT18 7HL Details: Folkestone Warren, off Wear Bay Road, Folkestone, then down private road passed Martello Tower to Warren,through Network Rail gates then along track side road to site",""
"110183500","XTD","76.0748","QK","","76.0748","1100","","MAV","","631538.0","140166.0","OLD DOVER TOWN YARD","HKJ6","","","","","","","","","","","110183500","2023-10-31","","NRAIL","","","","","Up Main/Fast","AUTHORISED ACCESS POINT - VEHICLE",""
