"Hazard ID","ELR","Start Mileage","Zonecode","BRS","End Mileage","Track ID","IDENTIFIER","Item Code","MAP","Easting","Northing","Local Name","Subzone","Status","Verified","Parent ID","Parent GRP","Photograph File","Position","Condition","Condition Date","Purpose/Usage","Line No","Intermim Ref No","Last Updated","Last Updater","Maintainer","Year of Birth","Year of Death","Verification Stage","Verification Date","Track Description","Additional Information","OS GRID REF"
"70130492","BBJ","4.1386","QU","","4.1386","1100","","MAP","","528727.0","173096.0","BALHAM STN.","HUJ3","","","","","","","","","","","70130492","2025-07-31","","NRAIL","","","","","Up Main/Fast","ACCESS OFF BEDFORD HILL. Accessed via Bedford Hill. What3Words - rider.cure.these. Post Code - SW12 9RN","TQ 28727 73096"
"70015305","BBJ","5.0026","QU","","5.0026","1900","","MAP","","529121.0","173002.0","Balham Jcn","HUJ3","","","","","","","","","AC","","70015305","2016-02-08","","NRAIL","","","","","Up Siding","Risk Rating 6, Hazard Rating 2, Score 12","TQ 29121 73002"
"70109209","BBJ","5.0889","QU","","5.0889","1100","","MAP","","533111.0","166738.0","BALHAM R/R WASH ROAD","HUJ3","","","","","","","","","","","70109209","2025-07-31","","NRAIL","","","","","Up Main/Fast","Road access via Tait Road into industrial estate, follow right hand route to double gates, to track level. Steps Up. What3Words - froth.dizzy.crowned. Post Code - CR20 2DZ","TQ 33111 66738"
"70015306","BBJ","5.121","QU","","5.121","2100","","MAP","","530145.0","172750.0","STREATHAM HILL DOWN SIDINGS","HUJ3","","","","","","","","","","","70015306","2025-07-31","","NRAIL","","","","","Down Main/Fast","What3Words - tribal.round.laptop. Post Code - SW2 4PB","TQ 30145 72750"
"70130495","BBJ","5.1254","QU","","5.1254","1100","","MAP","","530198.0","172686.0","STREATHAM HILL STN.","HUJ3","","","","","","","","","","","70130495","2025-07-31","","NRAIL","","","","","Up Main/Fast","Drewstead Road Pedestrian Access. What3Words - every.steep.bind. Post Code - SW16 1DD","TQ 30198 72686"
"110188203","BBJ","6.0726","QU","","6.0726","1100","","MAP","","531306.0","172573.0","Liegham Jcn","HUJ3","","","","","","","","","AC","","110188203","2024-07-26","","NRAIL","","","","","Up Main/Fast","Access point, not in NHD, what 3 words is asking.matter.cheeks.  Please note longs and lats may be slightly out as got via aivr on down road as no up road footage","TQ 31306 72573"
"70108940","BBJ","6.131","QU","","6.131","2100","","MAP","","531733.0","172279.0","LANDSDOWNE HILL BRIDGE","HUJ3","","","","","","","","","","","70108940","2025-07-31","","NRAIL","","","","","Down Main/Fast","Steps Down. What3Words - stray.counts.hatch. Post Code - SE27 0BB","TQ 31733 72279"
"120000057","BBJ","6.1387","QU","","6.1387","2100","","MAP","","531761.2","172222.6","CANTERBURY GROVE (WEST NORWOOD)","HUJ3","","","","","","","","","PEDESTRIAN ACCESS POINT","","120000057","2025-03-03","","","","","","","Down Main/Fast","PEDESTRIAN ACCESS GATE OFF THE END OF CANTERBURY GROVE.  THE ACCESS CONSISTS OF 3 STEPS UP TO THE WEST NORWOOD SMIOEH AND ACCESS TO THE DOWN CRYSTAL PALACE.  W3W:/// HERS.BLAME.DUSTY.",""
"70108942","BBJ","7.0748","QU","","7.0748","1100","","MAP","","532507.0","171573.0","AUBYN HILL","HUJ3","","","","","","","","","","","70108942","2025-07-31","","NRAIL","","","","","Up Main/Fast","Pallisade Fencing. Down steps to track level. 20 Steps Down. What3Words - smart.sobs.run. Post Code - SE27 9TT","TQ 32507 71573"
"70130501","BBJ","7.0775","QU","","7.0775","1100","","MAP","","532905.0","171435.0","GIPSY RD BRIDGE","HUJ3","","","","","","","","","","","70130501","2025-07-31","","NRAIL","","","","","Up Main/Fast","Steps Down. Accessed Via gate on Salters Hill. What3Words - wage.groups.mull. Post Code - SE19 1EA","TQ 32905 71435"
"110179936","BBJ","7.0972","QU","","7.0988","1100","","MAP","","532661.0","171501.0","2086 - CRYSTAL PALACE REB","HUJ3","","","","","","","","","","","110179936","2025-07-31","","NRAIL","","","","","Up Main/Fast","8 Steps mot type 1 wooden made to reb/No pathway lighting/No additional access down to track level. Accessed via Path of Finch Avenue. What3Words - took.issued.sage. Post Code - SE27 9TX","TQ 32661 71501"
"70108943","BBJ","8.1584","QU","","8.1584","1100","","MAP","","534132.0","170132.0","MABERLEY ROAD","HUJ3","","","","","","","","","","","70108943","2025-07-31","","NRAIL","","","","","Up Main/Fast","What3Words - chemistry.copy.ruler. Post Code - SE19 2AP","TQ 34132 70132"
"70108944","BBJ","9.1276","QU","","9.1276","1100","","MAP","","535792.0","169367.0","Birkbeck/Beckenham Jn-Avenue Road","HUJ3","","","","","","","","","AC","","70108944","2022-04-21","","BBRM","","","","","Up Main/Fast","Risk Rating 10, Hazard Rating 2,Score 20",""
"70119390","BBJ","9.1276","QU","","9.1276","1100","","MAP","","534430.0","168936.0","CRYSTAL PALACE/KINGS ROAD","HUJ3","","","","","","","","","","","70119390","2025-07-31","","NRAIL","","","","","Up Main/Fast","30 Steps Up. Accessed via Kings Road. What3Words - exit.strong.print. Post Code - SE25 4ES","TQ 34430 68936"
"70261254","BBJ","9.1276","QU","","9.1276","1100","","MAP","","534441.0","168949.0","Kings Road","HUJ3","","","","","","","","","AC","","70261254","2016-02-08","","NRAIL","","","","","Up Main/Fast","Risk Rating 3, Hazard Rating 2, Score 6, Steps Up","TQ 34441 68949"
"70130500","BBJ","7.0044","QU","","7.0044","2100","","MAPE","","532035.0","171954.0","WEST NORWOOD STATION","HUJ3","","","","","","","","","","","70130500","2025-07-31","","NRAIL","","","","","Down Main/Fast","Platform 2, West Norwood. 20 Steps Down. Accessed through station and off the end of Platform 2. What3Words - future.falls.final. Post Code - SE27 9JT","TQ 32053 71954"
"70130502","BBJ","7.1694","QU","","7.1694","2100","","MAPE","","533139.0","171337.0","GIPSY HILL PLATFORM 2 (LONDON END)","HUJ3","","","","","","","","","","","70130502","2025-07-31","","NRAIL","","","","","Down Main/Fast","Access through station and side gate. Accessed through station and off the end of Platform 2. What3Words - diary.feel.this. Post Code - SE19 1JA","TQ 33139 71337"
"70130504","BBJ","8.1254","QU","","8.1254","1100","","MAPE","","534184.0","170342.0","CRYSTAL PALACE PLATFORM 1  (COUNTRY END)","HUJ3","","","","","","","","","","","70130504","2025-07-31","","NRAIL","","","","","Up Main/Fast","Access through staion. 30 Steps DnAccessed through station and off the end of Platform 1. What3Words - lists.appear.melt. Post Code - SE20 8BQ","TQ 34184 70342"
"70130505","BBJ","8.1737","QU","","8.1737","2100","","MAPE","","534194.0","170350.0","CRYSTAL PALACE PLATFORM 2 (COUNTRY END)","HUJ3","","","","","","","","","","","70130505","2025-07-31","","NRAIL","","","","","Down Main/Fast","Accessed through station and off the end of Platform 2. What3Words - colleague.elder.kite. Post Code - SE20 8BQ","TQ 34194 70350"
"110155460","BBJ","5.0957","QU","","5.0957","1800","","MAR","","529942.0","172769.0","Streatham Hill","HUJ3","","","","","","","","","AC","","110155460","2016-02-08","","NRAIL","","","","","Up Other/Eng/Car","","TQ 29942 72769"
"70109208","BBJ","4.1606","QU","","4.1606","1100","","MAV","","529135.0","172983.0","BALHAM SUBSTATION CAVENDISH ROAD","HUJ3","","","","","","","","","","","70109208","2025-07-31","","NRAIL","","","","","Up Main/Fast","Road access into Tooting Bec Common. Shared gate with Wandsworth Parks, Up ateps to track level. 18 Steps Up. There are two access points at this loaction, one provides access  onto the BBJ and the other onto the VTB1 line via Cavendish road.Accessed under Cavendish Road Bridge and into Tooting Bec Common What3Words - smoke.lung.video. Post Code - SW12 OPQ","TQ 29135 72983"
"110188458","BBJ","5.088","QU","","5.088","1100","","MAV","","529881.0","172794.0","Streatham Hill","HUJ3","","","","","","","","","Vehicle Access","","110188458","2024-08-22","","NRAIL","","","","","Up Main/Fast","WHAT3WORDS/// PUSHED.VOTER.REWARDING.","TQ 29881 72794"
"70015307","BBJ","5.0952","QU","","5.0952","1100","","MAV","","529942.0","172769.0","STREATHAM HILL DEPOT","HUJ3","","","","","","","","","","","70015307","2025-07-31","","NRAIL","","","","","Up Main/Fast","Drewstead Road Vehicle Access. What3Words - rise.swan.wiping. Post Code - SW16 1AQ","TQ 29942 72769"
"110180392","BBR","22.1122","QU","","22.1122","1100","","MAP","","495500.0","104200.0","Birch Crossing","HUJ4","","","","","","","","","","","110180392","2024-06-06","","NRAIL","","","","","Up Main/Fast","Additional Entry - Platform EndWhat3Words - guises.final.wasp","SU 95500 04200"
"110180052","BBR","23.026","QU","","23.0264","1100","","MAP","","495032.0","103508.0","Canal Foot Crossing","HUJ4","","","","","","","","","PEDESTRIAN","","110180052","2024-06-06","","NRAIL","","","","","Up Main/Fast","Additional Entry - Platform EndWhat3Words - pile.desks.entertainer","SU 95031 03508"
"110180412","BBR","23.0264","QU","","23.0264","1100","","MAP","","495032.0","103508.0","Canal Crossing","HUJ4","","","","","","","","","","","110180412","2024-06-06","","","","","","","Up Main/Fast","What Three Words - spend.brave.tricky","SU 95031 03508"
"110180413","BBR","24.0352","QU","","24.0352","1100","","MAP","","494700.0","101900.0","Oldlands Footpath Crossing","HUJ4","","","","","","","","","","","110180413","2024-06-06","","NRAIL","","","","","Up Main/Fast","Public Footpath with stiles, only suitable for hand tools   What Three Words  - paints.neat.sooner","SU 94687 01871"
"110149407","BBR","24.0924","QU","","24.0924","1100","","MAP","","494505.0","101380.0","Garbage Gorger /  Beeding Close","HUJ4","","","","","","","","","","","110149407","2024-06-06","","NRAIL","","","","","Up Main/Fast","Access via Beeding Close, Bognor Regis <level> - No lighting. What Three Words - much.range.chest","SU 94436 01191"
"110171071","BBR","24.1149","QU","","24.1149","0","","MAP","","494441.1","101199.4","STEYNING WAY, BOGNOR","HUJ4","","","","","","","","","AC","","110171071","2020-11-06","","NRAIL","","","","","All/Multiple Tracks","Access off Steyning Way near Tanks","SU 94200 00500"
"110180414","BBR","24.143","QU","","24.143","1100","","MAP","","494300.0","100900.0","Longs Crossing","HUJ4","","","","","","","","","","","110180414","2024-06-06","","NRAIL","","","","","Up Main/Fast","Public Footpath with stiles, only suitable for hand tools. What Three Words  -  allow.coach.among","SU 94300 00900"
"70218915","BBR","24.1508","QU","","24.1508","1100","","MAP","","494327.0","100886.0","Shripney  Business Park","HUJ4","","","","","","","","","","","70218915","2024-06-06","","AMEC","","","","","Up Main/Fast","What Three Words - thick.rainy.rush","SU 94349 00940"
"70130267","BBR","25.0174","QU","","25.0174","1100","","MAP","","494034.0","100591.0","Bognor Substation","HUJ4","","","","","","","","","AC","","70130267","2024-06-06","","NRAIL","","","","","Up Main/Fast","Sainburys being built on adjacent ground <access restricted> - Access off Shripney Road - No lighting. What Three Words - daily.amount.grace","SU 94227 00553"
"70130273","BBR","25.0704","QU","","25.0704","1100","","MAP","","493858.0","100165.0","Ivy Lane Footbridge","HUJ4","","","","","","","","","","","70130273","2024-06-06","","NRAIL","","","","","Up Main/Fast","Access off Ivy Lane <1.5m Embankment down to track> - No lighting - No third party permissions. What Three Words - life.brings.eaten","SU 93868 00152"
"70108946","BBR","25.1105","QU","","25.1105","1100","","MAP","","493607.0","99903.0","Bognor Signal Box <Gate Under Footbridge>","HUJ4","","","","","","","","","","","70108946","2024-06-06","","NRAIL","","","","","Up Main/Fast","Access via Longford Road <level> - Street lighting only - No third party permissions required. What Three Words - keep.tubes.senior","SZ 93607 99903"
"70130274","BBR","25.114","QU","","25.114","1100","","MAP","","493617.0","99895.0","Bognor Signal Box","HUJ4","","","","","","","","","","","70130274","2024-06-06","","NRAIL","","","","","Up Main/Fast","3 Steps Dn - Access off Longford Road <2 steps down to track> - Street lighting only - No third part permissions. What Three Words - folds.loft.ports","SZ 93603 99878"
"110187815","BBR","25.1392","QU","","25.1392","2100","","MAPE","","493513.0","99652.0","Bognor Regis, Platform 4, London End","HUJ4","","","","","","","","","","","110187815","2024-06-06","","","","","","","Down Main/Fast","Bognor Regis, Platform 4, London End. What3Words - asserts.strain.comic","SZ 93513 99652"
"110187814","BBR","25.1392","QU","","25.1392","2100","","MAPE","","493511.0","99653.0","Bognor Regis, Platform 3, London End","HUJ4","","","","","","","","","","","110187814","2024-06-06","","","","","","","Down Main/Fast","Bognor Regis, Platform 3, London End. What3Words - prefer.next.aims","SZ 93511 99653"
"110187816","BBR","25.1393","QU","","25.1393","1100","","MAPE","","493499.0","99657.0","Bognor Regis, Platform 1, London End","HUJ4","","","","","","","","","","","110187816","2024-06-06","","","","","","","Up Main/Fast","Bognor Regis, Platform 1, London End. What3Words - carry.axed.images","SZ 93499 99657"
"110187817","BBR","25.1393","QU","","25.1393","1100","","MAPE","","493502.0","99657.0","Bognor Regis, Platform 2, London End","HUJ4","","","","","","","","","","","110187817","2024-06-06","","","","","","","Up Main/Fast","Bognor Regis, Platform 2, London End. What3Words - dishes.anyway.sentences","SZ 93502 99657"
"110149768","BBR","25.1528","QU","","25.1528","3604","","MAPE","","493451.0","99541.0","Bognor Regis Plat 3 & 4","HUJ4","","","","","","","","","","","110149768","2024-06-06","","NRAIL","","","","","","Access through station, possible presence of catle grids and.or slope, station lighting. What Three Words - began.honey.pens","SZ 93445 99390"
"110149767","BBR","25.1529","QU","","25.1529","3602","","MAPE","","493451.0","99541.0","Bognor Regis Plat 1 & 2","HUJ4","","","","","","","","","","","110149767","2024-06-06","","","","","","","","Access through station, possible presence of catle grids and.or slope, station lighting. What Three Words - began.honey.pens","SZ 93445 99390"
"110187813","BBR","25.1666","QU","","25.1666","1100","","MAPE","","493409.0","99415.0","Bognor Regis, Platform 1, Country End","HUJ4","","","","","","","","","","","110187813","2024-06-06","","","","","","","Up Main/Fast","Bognor Regis, Platform 1, Country End. What3Words - cycle.flock.bolt","SZ 93409 99415"
"110187819","BBR","25.1666","QU","","25.1666","2100","","MAPE","","493427.0","99411.0","Bognor Regis, Platform 3, Country End","HUJ4","","","","","","","","","","","110187819","2024-06-06","","","","","","","Down Main/Fast","Bognor Regis, Platform 3, Country End. What3Words - sobs.blur.buzz","SZ 93427 94411"
"110187820","BBR","25.1666","QU","","25.1666","2100","","MAPE","","493471.0","99528.0","Bognor Regis, Platform 4, Country End","HUJ4","","","","","","","","","","","110187820","2024-06-06","","","","","","","Down Main/Fast","Bognor Regis, Platform 4, Country End. What3Words - sobs.blur.buzz","SZ 93471 99528"
"110187818","BBR","25.1666","QU","","25.1666","1100","","MAPE","","493417.0","99413.0","Bognor Regis, Platform 2, Country End","HUJ4","","","","","","","","","","","110187818","2024-06-06","","","","","","","Up Main/Fast","Bognor Regis, Platform 2, Country End. What3Words - clues.hunt.muddy","SZ 93417 99413"
"110172313","BBR","24.1164","QU","","24.1164","1100","","MAR","","494430.0","101190.0","Steyning Way, Bognor","HUJ4","","","","","","","","","","","110172313","2024-06-06","","NRAIL","","","","","Up Main/Fast","Road rail access point. Installed early 2020. What 3 words - youth.judge.origin","SU 94430 01190"
"70218916","BBR","25.1206","QU","","25.1206","3606","","MAR","","493571.0","99814.0","Bognor Regis Rrap","HUJ4","","","","","","","","","","","70218916","2024-06-06","","NRAIL","","","","","","Access off Richmond Road North <Level> - No lighting - No third party permissions. What Three Words - scouts.petal.pumps","SZ 93589 99807"
"110155711","BBR","25.1188","QU","","25.1188","2100","","MAV","","493580.0","99833.0","Richmond Rd North","HUJ4","","","","","","","","","","","110155711","2024-06-06","","NRAIL","","","","","Down Main/Fast","Access off Richmond Road North <Level> - No lighting - No third party permissions. What Three Words - scouts.petal.pumps","SZ 93589 99807"
"110187812","BBR","23.1524","QU","","23.1524","2100","","MAX","","494866.0","102387.0","Barnham Foot Crossing","HUJ4","","","","","","","","","","","110187812","2024-06-06","","","","","","","Down Main/Fast","Foot Crossing. What3Words - edit.foal.luck","SU 94865 02386"
"110155461","BJN1","9.11","QU","","9.11","1100","","MAR","","534275.0","169072.0","WARMINSTER GARDENS","HUJ3","","","","","","","","","","","110155461","2025-07-31","","NRAIL","","","","","Up Main/Fast","What3Words planet.poetic.warns. Post Code - SE25 4DL","TQ 34275 69072"
"70119391","BJN1","9.0858","QU","","9.0858","1100","","MAV","","534252.0","169279.0","WARMINSTER ROAD","HUJ3","","","","","","","","","","","70119391","2025-07-31","","NRAIL","","","","","Up Main/Fast","What3Words calm.shape.stews. Post Code - SE25 4DW","TQ 34252 69279"
"70108953","BJN2","9.1461","QU","","9.1461","2100","","MAR","","534271.0","168781.0","NORWOOD OLD CABLE DEPOT","HUJ3","","","","","","","","","","","70108953","2025-07-31","","NRAIL","","","","","Down Main/Fast","Level crossing with locked gates. What3Words - proven.splice.theme. Post Code - SE25 4BQ","TQ 34271 68781"
"110149773","BLI1","0.0322","QU","","0.0322","3500","","MAP","","530872.0","105199.0","White Light Crossing","HUJ4","","","","","","","","","Access to platform 1&2 fr","","110149773","2024-06-06","","NRAIL","","","","","Rev Loop","WHITE LIGHT CROSSING. Access point to the White Light Crossing - leading from Brighton CED Depot to the ends of Platform 1 and 2 of Brighton Station. Important: Only cross when white light is lit. What3Words - crop.orders.update","TQ 30872 05199"
"70220000","BLI1","1.0584","QU","","1.0584","2100","","MAP","","529061.0","105501.0","Hove Relay Room / Royal Mail Car Park","HUJ4","","","","","","","","","Access to track & relay r","","70220000","2024-06-06","","NRAIL","","","","","Down Main/Fast","Hove Relay Room / Royal Mail Car Park. Access off Denmark Villas <10 steps up to track> - No lighting. Access to track. What3Words - boots.papers.edge","TQ 29061 05501"
"70261255","BLI1","1.0748","QU","","1.0748","3102","","MAP","","528934.0","105605.0","Hove Up Side","HUJ4","","","","","","","","","Access to UP sidings","","70261255","2024-06-06","","NRAIL","","","","","","Hove Up Side Southern Train Up Sidings, Hove Station North, Hove Park Villas, Hove. What3Words - healers.event.gained","TQ 28934 05605"
"70130149","BLI1","2.0171","QU","","2.0171","2100","","MAP","","527841.0","105661.0","Aldrington - Kendal Road /Payne Avenue.","HUJ4","","","","","","","","","Access to track","","70130149","2024-06-06","","NRAIL","","","","","Down Main/Fast","Aldrington - Kendal road /Payne Avenue. Access off Kendal Road, Payne Avenue <3 Steps up to track> - Street lighting only - No third party permissions. What3Words - extend.cooks.month","TQ 27841 05661"
"110149410","BLI1","3.1518","QU","","3.1518","2100","","MAP","","525047.0","105286.0","Eastbrook Way, Fishersgate","HUJ4","","","","","","","","","50.833608 , -0.22564486","","110149410","2024-06-06","","NRAIL","","","","","Down Main/Fast","Eastbrook Way, Fishersgate. Access via Eastbrook Way <level> - No lighting - No third party permission - Consider more than one person being on duty when using access point at night. What3Words - vocal.bottom.farmer","TQ 25047 05286"
"70130613","BLI1","4.0555","QU","","4.0555","2100","","MAP","","524330.0","105138.0","Southwick","HUJ4","","","","","","","","","","","70130613","2024-06-06","","NRAIL","","","","","Down Main/Fast","Southwick. Access via Station Road <4.5m Embankment up to track> - Street & Station Lighting at bottom of access - No third party permissions. What3Words - anyway.doll.create","TQ 24324 05143"
"110165834","BLI1","4.099","QU","","4.099","2100","","MAP","","523997.0","105071.0","Southwick Substation","HUJ4","","","","","","","","","","","110165834","2024-06-06","","NRAIL","","","","","Down Main/Fast","Southwick Substation. Gate at 4m 45ch with pedestrian footpath to new Southwick Substation. What3Words - icon.rabble.tries","TQ 23997 05071"
"110149411","BLI1","4.11","QU","","4.11","1100","","MAP","","523830.0","105065.0","Victoria Road, Southwick","HUJ4","","","","","","","","","","","110149411","2024-06-06","","NRAIL","","","","","Up Main/Fast","Victoria Road, Southwick. Access via Victoria Road <25 Steps up to track> -Street lighting only - No third party permission - When gaining access to track, line blockage should be requested <limited sighting>. What3Words - fuel.petty.losses","TQ 23830 05065"
"110149412","BLI1","5.0116","QU","","5.0116","1100","","MAP","","523141.0","105093.0","Dolphin Road, Shoreham-By-Sea","HUJ4","","","","","","","","","","","110149412","2024-06-06","","NRAIL","","","","","Up Main/Fast","Dolphin Road, Shoreham-By-Sea. Access via Dolphin Road <11 Steps Up to track> - Street lighting only - No third party permission. What3Words - flexibly.succeed.thigh","TQ 23141 05093"
"110178793","BLI1","5.11","QU","","5.11","2100","","MAP","","522278.0","105215.0","Shoreham East Access","HUJ4","","","","","","","","","","","110178793","2024-06-06","","NRAIL","","","","","Down Main/Fast","Shoreham East Access. Authorised Access Point. Down side CE of crossing. What3Words - resources.leaky.optimally","TQ 22278 05215"
"110178792","BLI1","5.165","QU","","5.165","1100","","MAP","","521755.0","105302.0","Shoreham By Sea Access Point","HUJ4","","","","","","","","","","","110178792","2024-06-06","","NRAIL","","","","","Up Main/Fast","Shoreham by Sea Access Point. Authorised Access Point. What3Words - masterpiece.rejoiced.sobs","TQ 21754 05302"
"70108966","BLI1","6.1705","QU","","6.1705","2100","","MAP","","520154.0","104950.0","Shoreham-By-Sea - New Salts Farm Road","HUJ4","","","","","","","","","","","70108966","2024-06-06","","NRAIL","","","","","Down Main/Fast","Shoreham-By-Sea - New Salts Farm Road. Maintained by Mr & Mrs Partridge who will not allow any railway staff to use their private road. Access off New Salts Farm Road <8 steps up to track> - No lighting - No third party permissions. What3Words - undefined , undefined","TQ 20154 04950"
"70130619","BLI1","8.0339","QU","","8.0339","1100","","MAP","","518247.0","104416.0","Lancing - Signalbox","HUJ4","","","","","","","","","","","70130619","2024-06-06","","NRAIL","","","","","Up Main/Fast","Lancing - Signalbox. 2 Steps Up - Access off Off North Road to signal box - No lighting - No third party permissions. What3Words - cover.update.points","TQ 18247 04416"
"110178812","BLI1","8.0369","QU","","8.0369","1100","","MAP","","518219.0","104406.0","Access Ce Of Lancing Level Crossing","HUJ4","","","","","","","","","AC","","110178812","2024-06-06","","NRAIL","","","","","Up Main/Fast","ACCESS CE OF LANCING LEVEL CROSSING. Access to location cabinets up CE of Level Crossing. What3Words - epic.recall.branch","TQ 18219 04406"
"70220233","BLI1","8.0576","QU","","8.0576","1100","","MAP","","518039.0","104352.0","Lancing Station Car Park C/End","HUJ4","","","","","","","","","","","70220233","2024-06-06","","NRAIL","","","","","Up Main/Fast","Lancing Station Car Park C/end. Access off Sompting road <level> - No lighting. What3Words - firms.client.flight","TQ 18039 04352"
"70130266","BLI1","8.1759","QU","","8.1759","2100","","MAP","","517010.0","104022.0","East Worthing - Western Road, Lancing","HUJ4","","","","","","","",""," ","","70130266","2024-06-06","","NRAIL","","","","","Down Main/Fast","East Worthing - Western Road, Lancing. Access off Western Road <Level> - Street lighting only - No third party permissions. No Parking. What3Words - clear.them.quick","TQ 17010 04022"
"70130265","BLI1","9.1524","QU","","9.1524","1100","","MAP","","515664.0","103655.0","East Worthing - Ladydell Footbridge","HUJ4","","","","","","","","","","","70130265","2024-06-06","","NRAIL","","","","","Up Main/Fast","East Worthing - Ladydell Footbridge. Access off Ladydell road, Broadwater<level> - No lighting. What3Words - deeper.agreed.rails","TQ 15664 03655"
"110165833","BLI1","10.0528","QU","","10.0528","1100","","MAP","","514985.0","103464.0","Broadwater Road Substation","HUJ4","","","","","","","","","","","110165833","2024-06-06","","NRAIL","","","","","Up Main/Fast","Broadwater Road Substation. Gate at 10m 24ch accessed away from subway under the railway off Ivy Arch Road. Pedestrian footpath to new Substation from access gate. What3Words - insect.exile.digits","TQ 14985 03464"
"70264700","BLI1","10.1185","QU","","10.1185","1500","","MAP","","514402.0","103385.0","Worthing Up Loop / Station Car Park","HUJ4","","","","","","","","","","","70264700","2024-06-06","","NRAIL","","","","","Up Loop","Worthing Up Loop / Station Car Park. Access off South farm Road, station car park <Slope down to track> - Station & Car Park lighting - No third party permissions - Located in Station Car Park. What3Words - clever.united.pool","TQ 14402 03385"
"110149907","BLI1","11.0655","QU","","11.0655","1100","","MAP","","513278.0","103323.0","WEST WORTHING PLAT 1","HUJ4","","","","","","","","","","","110149907","2022-07-22","","","","","","","Up Main/Fast","Access through station, possible presence of catle grids and.or slope, station lighting.","TQ 13074 03299"
"110149908","BLI1","11.0662","QU","","11.0662","2100","","MAP","","513278.0","103323.0","WEST WORTHING PLAT 2","HUJ4","","","","","","","","","","","110149908","2022-07-22","","","","","","","Down Main/Fast","Access through station, possible presence of catle grids and.or slope, station lighting.","TQ 13074 03299"
"70108971","BLI1","11.0892","QU","","11.0892","2100","","MAP","","513065.0","103285.0","West Worthing Car Park","HUJ4","","","","","","","","","","","70108971","2018-10-30","","NRAIL","","","","","Down Main/Fast","Risk Rating 6, Hazard Rating 2, Score 12 - Access off West Worthing Station Car Park <1 step down to track> - No lighting - No third party permissions","TQ 13065 03285"
"70130624","BLI1","11.1298","QU","","11.1298","1100","","MAP","","512685.0","103267.0","Elm Grove Footbridge, West Worthing","HUJ4","","","","","","","","","","","70130624","2024-06-06","","NRAIL","","","","","Up Main/Fast","Elm Grove Footbridge, West Worthing. Access via footpath Off Canterbury Road <Level> - No lighting - No third party permissions - Access gate under Footbridge on Upside. What3Words - cloth.worked.remote","TQ 12685 03267"
"110149798","BLI1","12.0297","QU","","12.0297","1100","","MAP","","512003.0","103190.0","DURRINGTON-ON-SEA PLAT 1","HUJ4","","","","","","","","","","","110149798","2022-07-22","","","","","","","Up Main/Fast","Access through station, possible presence of catle grids and.or slope, station lighting.","TQ 11872 03198"
"110149799","BLI1","12.0297","QU","","12.0297","2100","","MAP","","512003.0","103190.0","DURRINGTON-ON-SEA PLAT 2","HUJ4","","","","","","","","","","","110149799","2022-07-22","","","","","","","Down Main/Fast","Access through station, possible presence of catle grids and.or slope, station lighting.","TQ 11872 03198"
"70108975","BLI1","13.0233","QU","","13.0233","1100","","MAP","","510445.0","103194.0","Goring-By-Sea","HUJ4","","","","","","","","","","","70108975","2024-06-06","","NRAIL","","","","","Up Main/Fast","Ferring LC Down Side Access Point. Access gate to track on the Down side CE of Ferring LC. What3Words - mute.picked.seat","TQ 10445 03194"
"110165832","BLI1","13.0242","QU","","13.0242","2100","","MAP","","510271.0","103166.0","Goring Substation","HUJ4","","","","","","","","","","","110165832","2024-06-06","","NRAIL","","","","","Down Main/Fast","Ferring LC UP Side CE Access Point. Access gate to track on the Up side CE of Ferring LC. What3Words - dive.leaves.seats","TQ 10271 03166"
"110149409","BLI1","13.044","QU","","13.044","2100","","MAP","","510271.0","103166.0","Goring Relay Room","HUJ4","","","","","","","","","","","110149409","2024-06-06","","NRAIL","","","","","Down Main/Fast","Ferring Street Level Crossing. This access point is a level crossing, be aware of underfoot condition <cattle grids> and road traffic. What3Words - melon.crops.hung","TQ 10271 03166"
"110172394","BLI1","13.1232","QU","","13.1232","2100","","MAP","","509532.0","103088.0","FERRING LC DOWN SIDE ACCESS POINT","HUJ4","","","","","","","","","","","110172394","2025-07-31","","NRAIL","","","","","Down Main/Fast","Clappers Lane Crossing. Public Footpath with stiles, only suitable for hand tools. Access from Langbury lane (UP) or Onslow drive (Down). What3Words - dream.pink.fund. Post Code - BN12 5JW","TQ 09532 03088"
"110172395","BLI1","13.1232","QU","","13.1232","1100","","MAP","","509531.0","103103.0","Ferring Lc Up Side Ce Access Point","HUJ4","","","","","","","","","","","110172395","2024-06-06","","NRAIL","","","","","Up Main/Fast","Langmeads Farm Crossing. Public Footpath with stiles, only suitable for hand tools. What3Words - retail.prep.commit","TQ 09531 03103"
"110172433","BLI1","15.1067","QU","","15.1067","2100","","MAP","","506491.0","102970.0","Angmering Lc Down Country End","HUJ4","","","","","","","","","","","110172433","2024-06-06","","NRAIL","","","","","Down Main/Fast","Angmering Level Crossing. This access point is a level crossing, be aware of underfoot condition <cattle grids> and road traffic. What3Words - clapper.slime.compound","TQ 06491 02970"
"70229735","BLI1","15.1686","QU","","15.1686","1100","","MAP","","505937.0","103043.0","Angmering","HUJ4","","","","","","","","","","","70229735","2024-06-06","","NRAIL","","","","","Up Main/Fast","Toddington Lane Level crossing. Toddington LX Down CE. What3Words - tracks.ending.voice","TQ 05937 03043"
"110147189","BLI1","18.1694","QU","","18.1694","2100","","MAP","","502749.0","103872.0","Ford Substation","HUJ4","","","","","","","","","S/S ACCESS","","110147189","2024-06-06","","NRAIL","","","","","Down Main/Fast","ACCESS TO SUBSTATION IS VIA A284. What3Words - bond.sands.chimp","TQ 02749 03872"
"110149774","BLI1","0.0322","QU","","0.0322","2100","","MAPE","","530866.0","105190.0","Brighton Plat 1 & 2 ","HUJ4","","","","","","","","","Access from platform 1&2 ","","110149774","2024-06-06","","NRAIL","","","","","Down Main/Fast","BRIGHTON PLAT 1 & 2 End of Platforms 1 and 2 of Brighton Station. <Track IDs 3601 and 3602 respectively>. Important: If crossing to Brighton CED via White Light Crossing, only cross when white light is lit. What3Words - hugs.lonely.sharp","TQ 30867 05189"
"110149841","BLI1","1.0614","QU","","1.0614","3102","","MAPE","","529037.0","105528.0","Hove Plat 1 & 2 London End","HUJ4","","","","","","","","","platform / track","","110149841","2024-06-06","","","","","","","","HOVE PLAT 1 & 2 LE. Access through station, possible presence of catle grids and.or slope, station lighting. What3Words - remote.brush.assume","TQ 29037 05528"
"110149842","BLI1","1.0617","QU","","1.0617","3103","","MAPE","","529038.0","105516.0","Hove Plat 3 London End","HUJ4","","","","","","","","","platform / track","","110149842","2024-06-06","","","","","","","","HOVE PLAT 3 LE. Access through station, possible presence of catle grids and.or slope, station lighting. What3Words - badly.penny.spit","TQ 29038 05516"
"70130147","BLI1","1.0956","QU","","1.0956","2100","","MAPE","","528743.0","105597.0","Hove Rrap - Country End Of Platform 3","HUJ4","","","","","","","","","Road rail access point","","70130147","2024-06-06","","NRAIL","","","","","Down Main/Fast","Hove RRAP - Country End of Platform 3. Located C/end of Station Car Park - Access off Station Approach Hove Station, Fonthill Road - No lighting - No third party permissions. What3Words - reply.ships.angel","TQ 28743 05597"
"110149746","BLI1","1.1549","QU","","1.1549","1100","","MAPE","","528202.0","105667.0","Aldrington Plat 1","HUJ4","","","","","","","","","platform / track","","110149746","2024-06-06","","","","","","","Up Main/Fast","ALDRINGTON PLAT 1 LE. Access through station, possible presence of catle grids and.or slope, station lighting. What3Words - lately.nails.sweep","TQ 28202 05667"
"110149747","BLI1","1.1594","QU","","1.1594","2100","","MAPE","","528156.0","105660.0","Aldrington Plat 2","HUJ4","","","","","","","","","platform / track","","110149747","2024-06-06","","","","","","","Down Main/Fast","ALDRINGTON PLAT 2 LE. Access through station, possible presence of catle grids and.or slope, station lighting. What3Words - report.trucks.mops","TQ 28156 05660"
"110149880","BLI1","2.158","QU","","2.158","1100","","MAPE","","527858.0","105672.0","Portslade Plat 1","HUJ4","","","","","","","","","","","110149880","2024-06-06","","","","","","","Up Main/Fast","PORTSLADE PLAT 1. Access through station, possible presence of catle grids and.or slope, station lighting. What3Words - upset.bowls.slang","TQ 26427 05547"
"110149881","BLI1","2.163","QU","","2.163","2100","","MAPE","","527858.0","105672.0","Portslade Plat 2","HUJ4","","","","","","","","","","","110149881","2024-06-06","","","","","","","Down Main/Fast","PORTSLADE PLAT 2. Access through station, possible presence of catle grids and.or slope, station lighting. What3Words - upset.bowls.slang","TQ 26409 05547"
"110149815","BLI1","3.1042","QU","","3.1042","1100","","MAPE","","525469.0","105371.0","Fishersgate Plat 1","HUJ4","","","","","","","","","","","110149815","2024-06-06","","","","","","","Up Main/Fast","FISHERSGATE PLAT 1. Access through station, possible presence of catle grids and.or slope, station lighting. What3Words - family.boats.impact","TQ 25219 05325"
"110149816","BLI1","3.1042","QU","","3.1042","2100","","MAPE","","525469.0","105371.0","Fishersgate Plat 2","HUJ4","","","","","","","","","","","110149816","2024-06-06","","","","","","","Down Main/Fast","FISHERSGATE PLAT 2. Access through station, possible presence of catle grids and.or slope, station lighting. What3Words - family.boats.impact","TQ 25219 05325"
"110149899","BLI1","4.0674","QU","","4.0674","1100","","MAPE","","524215.0","105134.0","Southwick Plat 1","HUJ4","","","","","","","","","","","110149899","2024-06-06","","","","","","","Up Main/Fast","SOUTHWICK PLAT 1. Access through station, possible presence of catle grids and.or slope, station lighting. What3Words - tanks.unfair.deep","TQ 24031 05097"
"110149900","BLI1","4.0674","QU","","4.0674","2100","","MAPE","","524215.0","105134.0","Southwick Plat 2","HUJ4","","","","","","","","","","","110149900","2024-06-06","","","","","","","Down Main/Fast","SOUTHWICK PLAT 2. Access through station, possible presence of catle grids and.or slope, station lighting. What3Words - tanks.unfair.deep","TQ 24031 05097"
"110149894","BLI1","5.149","QU","","5.149","2100","","MAPE","","523102.0","105087.0","Shoreham-By-Sea Plat 2","HUJ4","","","","","","","","","","","110149894","2024-06-06","","","","","","","Down Main/Fast","SHOREHAM-BY-SEA PLAT 2. Access through station, possible presence of catle grids and.or slope, station lighting. What3Words - riverbed.gone.topic","TQ 21757 05305"
"110149893","BLI1","5.1501","QU","","5.1501","1100","","MAPE","","521884.0","105284.0","Shoreham-By-Sea Plat 1","HUJ4","","","","","","","","","","","110149893","2024-06-06","","","","","","","Up Main/Fast","SHOREHAM-BY-SEA PLAT 1. Access through station, possible presence of catle grids and.or slope, station lighting. What3Words - riverbed.gone.topic","TQ 21757 05305"
"110149846","BLI1","8.0441","QU","","8.0441","2100","","MAPE","","518034.0","104340.0","Lancing Plat 2","HUJ4","","","","","","","","","","","110149846","2024-06-06","","","","","","","Down Main/Fast","LANCING PLAT 2. Access through station, possible presence of catle grids and.or slope, station lighting. What3Words - punchy.tiles.galaxy","TQ 18034 04340"
"110149845","BLI1","8.0451","QU","","8.0451","1100","","MAPE","","518211.0","104401.0","Lancing Plat 1","HUJ4","","","","","","","","","","","110149845","2024-06-06","","","","","","","Up Main/Fast","LANCING PLAT 1. Access through station, possible presence of catle grids and.or slope, station lighting. What3Words - charge.formed.sober","TQ 18211 04401"
"110149803","BLI1","9.1218","QU","","9.1218","2100","","MAPE","","515900.0","103713.0","East Worthing Plat 2","HUJ4","","","","","","","","","","","110149803","2024-06-06","","","","","","","Down Main/Fast","EAST WORTHING PLAT 2. Access through station, possible presence of catle grids and.or slope, station lighting. What3Words - caller.bonus.tooth","TQ 15900 03713"
"110149802","BLI1","9.1218","QU","","9.1218","1100","","MAPE","","515979.0","103744.0","East Worthing Plat 1","HUJ4","","","","","","","","","","","110149802","2024-06-06","","","","","","","Up Main/Fast","EAST WORTHING PLAT 1. Access through station, possible presence of catle grids and.or slope, station lighting. What3Words - calm.skill.tooth","TQ 15979 03744"
"110149912","BLI1","10.1018","QU","","10.1018","2100","","MAPE","","514437.0","103370.0","Worthing Plat 3","HUJ4","","","","","","","","","","","110149912","2024-06-06","","","","","","","Down Main/Fast","WORTHING PLAT 3. Access through station, possible presence of catle grids and.or slope, station lighting. What3Words - palm.visit.cracks","TQ 14437 03370"
"110149911","BLI1","10.1048","QU","","10.1048","1100","","MAPE","","514660.0","103390.0","Worthing Plat 1 & 2","HUJ4","","","","","","","","","","","110149911","2024-06-06","","","","","","","Up Main/Fast","WORTHING PLAT 1 & 2. Access through station, possible presence of catle grids and.or slope, station lighting. What3Words - music.scarf.ants","TQ 14660 03390"
"110149825","BLI1","13.0135","QU","","13.0135","2100","","MAPE","","510472.0","103182.0","Goring-By-Sea Plat 2","HUJ4","","","","","","","","","","","110149825","2024-06-06","","","","","","","Down Main/Fast","Goring Substation. Gate at 13m 11ch at Goring LC and pedestrian footpath to new Goring by Sea substation. What3Words - logo.lonely.rotate","TQ 10472 03182"
"110149824","BLI1","13.015","QU","","13.015","1100","","MAPE","","510660.0","103192.0","Goring-By-Sea Plat 1","HUJ4","","","","","","","","","","","110149824","2024-06-06","","","","","","","Up Main/Fast","Goring down side access. Access from Goring LC down side CE. What3Words - spin.maker.friday","TQ 10660 03192"
"110149751","BLI1","15.0953","QU","","15.0953","2100","","MAPE","","506519.0","102969.0","Angmering Plat 2","HUJ4","","","","","","","","","","","110149751","2024-06-06","","","","","","","Down Main/Fast","Angmering. Brook Lane Level Crossing. Level crossing - bridleway TBC. What3Words - party.stump.ties","TQ 06519 02969"
"110149750","BLI1","15.0956","QU","","15.0956","1100","","MAPE","","506678.0","102980.0","Angmering Plat 1","HUJ4","","","","","","","","","","","110149750","2024-06-06","","","","","","","Up Main/Fast","Angmering. Norway Farm Level CrossingLevel crossing - userworked TBC. What3Words - sparks.donor.agenda","TQ 06678 02980"
"70264711","BLI1","0.0301","QU","","0.0301","3500","","MAV","","530679.0","105259.0","Access To Brighton Ced","HUJ4","","","","","","","","","","","70264711","2024-06-06","","NRAIL","","","","","Rev Loop","Access to Brighton CED. What3Words - chats.gave.vision","TQ 30679 05259"
"70130611","BLI1","0.158","QU","","0.158","2100","","MAV","","529731.0","105316.0","Hove - Lyon Close Wicks D.I.Y Car Park","HUJ4","","","","","","","","","","","70130611","2018-10-30","","NRAIL","","","","","Down Main/Fast","Double gate. Risk Rating 3, Hazard Rating 2, Score 6 - Access via Lyon Close <2 Steps down to track> - No lighting","TQ 29731 05316"
"110147184","BLI1","3.0066","QU","","3.0066","1100","","MAV","","526367.0","105559.0","Portslade Substation Access","HUJ4","","","","","","","","","SUBSTATION ACCESS","","110147184","2024-06-06","","NRAIL","","","","","Up Main/Fast","PORTSLADE SUBSTATION ACCESS. ACCESS TO SUBSTATION VIA VICTORIA ROAD. What3Words - gravel.powder.fills","TQ 26367 05559"
"110149345","BLI1","3.0066","QU","","3.0066","1100","","MAV","","526360.0","105560.0","Portslade Substation","HUJ4","","","","","","","","","","","110149345","2018-10-30","","NRAIL","","","","","Up Main/Fast","Access via Victoria Road <level> - No lighting","TQ 26360 05560"
"70130615","BLI1","5.1337","QU","","5.1337","2100","","MAV","","522037.0","105252.0","Via Ham Road, Shoreham By Sea","HUJ4","","","","","","","","","","","70130615","2024-06-06","","NRAIL","","","","","Down Main/Fast","Via Ham road, Shoreham by sea. Access via road / car park off Ham road, Shoreham by sea. Vehiclular access gates. What3Words - mingles.boot.tragedy","TQ 22037 05252"
"110147186","BLI1","5.143","QU","","5.143","1100","","MAV","","521939.0","105300.0","Shoreham Substation","HUJ4","","","","","","","","","S/S ACCESS","","110147186","2024-06-06","","NRAIL","","","","","Up Main/Fast","SHOREHAM SUBSTATION. ACCESS TO SUBSTATION VIA BUCKINGHAM RD OR QUEENS PLACE. LE of upside station carpark. What3Words - starred.gullible.fund","TQ 21939 05300"
"70130145","BLI1","6.0978","QU","","6.0978","1100","","MAV","","520780.0","105166.0","Shoreham-By-Sea Shoreham Airport","HUJ4","","","","","","","","","AC","","70130145","2024-06-06","","NRAIL","","","","","Up Main/Fast","Shoreham-By-Sea Shoreham Airport. CE Shoreham viaduct access gate. 25 Steps Up - Access off Cecil Pashley Way - No lighting - For night access at Airports North Gate. Tel: 07703744666 Airport Security. What3Words - torn.munch.stars","TQ 20780 05166"
"110165885","BLI1","6.1694","QU","","6.1694","2100","","MAV","","520148.0","104947.0","Adur Substation, New Salts Road, Shoreham ","HUJ4","","","","","","","","","","","110165885","2024-06-06","","NRAIL","","","","","Down Main/Fast","Adur Substation, New Salts Road, Shoreham Parking area <for 2 vehicles> and pedestrian footpath to new Adur Substation. What3Words - legal.found.bottle","TQ 20148 04947"
"70130620","BLI1","8.065","QU","","8.065","2100","","MAV","","517979.0","104319.0","Lancing Asda Car Park","HUJ4","","","","","","","",""," ","","70130620","2024-06-06","","NRAIL","","","","","Down Main/Fast","Lancing Asda Car Park. Access off South Street <Level> - No lighting. Via Asda Car park. What3Words - spray.discrepancy.cabin","TQ 17979 04319"
"70130268","BLI1","8.1296","QU","","8.1296","2100","","MAV","","517415.0","104145.0","Lancing Substation","HUJ4","","","","","","","","","-0.33433158","","70130268","2024-06-06","","NRAIL","","","","","Down Main/Fast","Lancing Substation. Access off Spencer Street <Level> - No lighting - Access code into industrial estate 4141. What3Words - blend.signal.calls","TQ 17415 04145"
"70130264","BLI1","10.0444","QU","","10.0444","2100","","MAV","","515044.0","103460.0","Morrisons Car Park, Worthing","HUJ4","","","","","","","",""," ","","70130264","2024-06-06","","NRAIL","","","","","Down Main/Fast","Morrisons Car Park, Worthing. Access off Newland Street <Level> - No lighting. What3Words - move.vibrate.traps","TQ 15044 03460"
"70108969","BLI1","10.1144","QU","","10.1144","1500","","MAV","","514430.0","103388.0","Worthing Up Loop / Station Car Park","HUJ4","","","","","","","","","AC","","70108969","2024-06-06","","NRAIL","","","","","Up Loop","Worthing Up Loop / Station Car Park. Access off South farm Road <1 step down to track> - Station and car park lighting - No third party permissions - Located in Station Car Park. What3Words - backs.judge.mugs","TQ 14430 03388"
"70130263","BLI1","11.0811","QU","","11.0811","1804","","MAV","","513141.0","103317.0","West Worthing - Pilgrims Walk","HUJ4","","","","","","","","","AC","","70130263","2024-06-18","","NRAIL","","","","","","Risk Rating 10, Hazard Rating 2, Score 20 - Access off Cranmer Road <Level> - No lighting - No third party permissions.  WHAT3WORDS// JUICES.SENTENCES.KEYS.","TQ 13141 03317"
"70130262","BLI1","11.1188","QU","","11.1188","1804","","MAV","","512791.0","103302.0","West Worthing - Friars Walk","HUJ4","","","","","","","","","AC","","70130262","2024-06-18","","NRAIL","","","","","","West Worthing - Friars Walk. Friar walk access gate, off Friar walk / Canterbury road, West Worthing. What3Words - gift.hugs.stops","TQ 12801 03305"
"110147187","BLI1","11.119","QU","","11.119","1900","","MAV","","512791.0","103302.0","West Worthing Substation","HUJ4","","","","","","","","","S/S ACCESS","","110147187","2024-06-06","","NRAIL","","","","","Up Siding","WEST WORTHING SUBSTATION. ACCESS TO SUBSTATION VIA FRIARS WALK, CANTERBURY ROAD. What3Words - gift.hugs.stops","TQ 12801 03305"
"70108976","BLI1","15.0855","QU","","15.0855","1100","","MAV","","506692.0","102995.0","Angmering L/End Of Station","HUJ4","","","","","","","","","","","70108976","2024-06-06","","NRAIL","","","","","Up Main/Fast","Angmering. Access off Rustington Retail Park <Level> - includes 1 allocated parking space in nearby bays <arranged with legal team when Access point constructed as part of a land swap deal.> What3Words - appealing.dark.tulip","TQ 06692 02995"
"110147188","BLI1","15.0856","QU","","15.0856","1100","","MAV","","506684.0","102993.0","Angmering Substation","HUJ4","","","","","","","","","Substation and track ACCE","","110147188","2024-06-06","","NRAIL","","","","","Up Main/Fast","ANGMERING PLAT 2. Access through station, possible presence of catle grids and.or slope, station lighting. What3Words - engulfing.sprouts.legs","TQ 06684 02993"
"110155657","BLI1","2.1737","QU","","2.1737","1100","","MAX","","526435.0","105554.0","Portslade Level Crossing","HUJ4","","","","","","","","","","","110155657","2024-06-06","","NRAIL","","","","","Up Main/Fast","PORTSLADE LEVEL CROSSING. This access point is a level crossing, be aware of underfoot condition <cattle grids> and road traffic. What3Words - harp.begun.admiral","TQ 26435 05554"
"70130614","BLI1","5.1064","QU","","5.1064","1100","","MAX","","522279.0","105221.0","Shoreham East Level Crossing - Ham Rd/Eastern Ave ","HUJ4","","","","","","","","","AC","","70130614","2024-06-06","","NRAIL","","","","","Up Main/Fast","Shoreham East level crossing - Ham Rd/Eastern Ave Level Xing. This access point is a level crossing, be aware of underfoot condition <cattle grids> and road traffic. What3Words - eagle.snooping.chatted","TQ 22279 05221"
"110155658","BLI1","5.1657","QU","","5.1657","1100","","MAX","","521754.0","105302.0","Shoreham-By-Sea Station Level Crossing","HUJ4","","","","","","","","","","","110155658","2024-06-06","","NRAIL","","","","","Up Main/Fast","SHOREHAM-BY-SEA STATION LEVEL CROSSING. This access point is a level crossing, be aware of underfoot condition <cattle grids> and road traffic. What3Words - masterpiece.rejoiced.sobs","TQ 21754 05302"
"110155659","BLI1","8.0362","QU","","8.0362","1100","","MAX","","518229.0","104401.0","Lancing Level Crossing","HUJ4","","","","","","","","","","","110155659","2024-06-06","","NRAIL","","","","","Up Main/Fast","LANCING LEVEL CROSSING. This access point is a level crossing,  be aware of underfoot condition <cattle grids> and road traffic. What3Words - adopt.gained.piles","TQ 18229 04401"
"70130622","BLI1","10.1292","QU","","10.1292","1100","","MAX","","514315.0","103370.0","Worthing Level Crossing","HUJ4","","","","","","","","","AC","","70130622","2024-06-06","","NRAIL","","","","","Up Main/Fast","Worthing level crossing. This access point is a level crossing, be aware of underfoot condition <cattle grids> and road traffic. What3Words - senses.orchestra.sends","TQ 14315 03370"
"70130623","BLI1","11.0551","QU","","11.0551","1100","","MAX","","513381.0","103337.0","West Worthing Lc Access","HUJ4","","","","","","","","","AC","","70130623","2024-06-06","","NRAIL","","","","","Up Main/Fast","West Worthing LC ACCESS. Tarring Rd LC - South St. This access point is a level crossing,  be aware of underfoot condition <cattle grids> and road traffic. What3Words - short.saves.silk","TQ 13381 03337"
"110178791","BLI1","13.022","QU","","13.0232","1100","","MAX","","510459.0","103186.0","GORING LC ACCESS","HUJ4","","","","","","","","","","","110178791","2025-07-31","","NRAIL","","","","","Up Main/Fast","Goring Relay Room. Access off Bluebell way, Goring. What3Words - logo.lonely.rotate. Post Code - BN12 5AB","TQ 10459 03186"
"70130625","BLI1","13.125","QU","","13.125","1100","","MAX","","509539.0","103093.0","Ferring Street Level Crossing","HUJ4","","","","","","","","","","","70130625","2024-06-06","","NRAIL","","","","","Up Main/Fast","Roundstone Lxing down LE. Roundstone Lxing down LE access to asset and possibly track. What3Words - campfires.refills.coverings","TQ 09539 03093"
"110180415","BLI1","13.1584","QU","","13.1584","1100","","MAX","","509231.0","103070.0","Clappers Lane Crossing","HUJ4","","","","","","","","","","","110180415","2024-06-06","","NRAIL","","","","","Up Main/Fast","Roundstone Lxing Up CE. Roundstone Lxing Up CE access to asset and possibly track. What3Words - shudders.breakaway.contain","TQ 09231 03070"
"110180416","BLI1","14.0682","QU","","14.0682","1100","","MAX","","508440.0","103031.0","Langmeads Farm Crossing","HUJ4","","","","","","","","","","","110180416","2024-06-06","","NRAIL","","","","","Up Main/Fast","Roundstone Lxing Up LE. Roundstone Lxing Up LE access to asset and possibly track. What3Words - situation.tubes.raven","TQ 08440 03031"
"70130626","BLI1","15.001","QU","","15.001","1100","","MAX","","507454.0","102993.0","Roundstone Lxing Down Ce","HUJ4","","","","","","","","","","","70130626","2024-06-06","","NRAIL","","","","","Up Main/Fast","ANGMERING SUBSTATION. ACCESS TO SUBSTATION IS VIA CAR PARK OFF STATION ROAD. What3Words - chariots.secret.opera","TQ 07454 02993"
"70130627","BLI1","15.1066","QU","","15.1066","1100","","MAX","","506497.0","102973.0","Angmering Level Crossing","HUJ4","","","","","","","","","AC","","70130627","2024-06-06","","NRAIL","","","","","Up Main/Fast","Arundel Junction - Toddington Lane Level Crossing. This access point is a level crossing, be aware of underfoot condition <cattle grids> and road traffic. What3Words - tracks.ending.voice","TQ 06497 02973"
"70229754","BLI1","16.1001","QU","","16.1001","1100","","MAX","","505046.0","103460.0","Angmering. Brook Lane Level Crossing","HUJ4","","","","","","","","","","","70229754","2024-06-06","","AMEC","","","","","Up Main/Fast","Toddington Lane Level crossing. Toddington LX Up LE. What3Words - moods.supply.herb","TQ 05046 03460"
"70229775","BLI1","17.0264","QU","","17.0264","1100","","MAX","","504154.0","103707.0","Angmering. Norway Farm Level Crossing","HUJ4","","","","","","","","","","","70229775","2024-06-06","","AMEC","","","","","Up Main/Fast","Arundel Junction - Lyminster Rd Level Xing <A284>. This access point is a level crossing, be aware of underfoot condition <cattle grids> and road traffic. What3Words - bond.sands.chimp","TQ 04154 03707"
"70130628","BLI1","17.1075","QU","","17.1075","1100","","MAX","","503416.0","103794.0","Arundel Junction - Toddington Lane Level Crossing","HUJ4","","","","","","","","","AC","","70130628","2024-06-06","","NRAIL","","","","","Up Main/Fast","Lyminster lx down side CE. Lyminster level crossing down CE - Access to Arundel junction. What3Words - bond.sands.chimp","TQ 03416 03794"
"70130629","BLI1","18.0049","QU","","18.0049","1100","","MAX","","502749.0","103872.0","Arundel Junction - Lyminster Rd Level Xing <A284>","HUJ4","","","","","","","","","AC","","70130629","2024-06-06","","NRAIL","","","","","Up Main/Fast","Arundel Junction - Lyminster Rd Level Xing <A284>. This access point is a level crossing, be aware of underfoot condition <cattle grids> and road traffic. What3Words - bond.sands.chimp","TQ 02749 03872"
"70220637","BLI2","61.0388","QU","","61.0388","1100","","MAP","","501573.0","103041.0","Bridge 1151B","HUJ4","","","","","","","","","","","70220637","2024-06-06","","NRAIL","","","","","Up Main/Fast","Adjacent to A259, Littlehampton <33 steps down to track> - Street lighting only - No third party permissions. What3Words - seat.healers.props","TQ 01573 03041"
"110149415","BLI2","61.0814","QU","","61.0814","2100","","MAP","","501832.0","102741.0","Littlehampton Cattle Creep","HUJ4","","","","","","","","","","","110149415","2024-06-06","","NRAIL","","","","","Down Main/Fast","Acces via Lineside Way <1 metres embankment> - No lighting - No third party permissionAccess Gate at end of Lineside. WayWhat3Words - alert.engage.nurses","TQ 01832 02741"
"70130275","BLI2","61.1102","QU","","61.1102","1900","","MAP","","501964.0","102507.0","LITTLEHAMPTON SHED","HUJ4","","","","","","","","","","","70130275","2025-07-31","","NRAIL","","","","","Up Siding","Southern Train Up Sidings. Access Gate Opposite Industrial Estate Entrance off B2187 Bridge Road. Gate to Foot Crossing for Shed Access. What3Words - cargo.join.title. Post Code - BN17 5SF","TQ 01964 02507"
"110147190","BLI2","61.1276","QU","","61.1276","1900","","MAP","","502103.0","102395.0","Littlehampton Substation <From Track>","HUJ4","","","","","","","","","","","110147190","2024-06-06","","NRAIL","","","","","Up Siding","ACCESS TO SUBSTATION VIA LITTLEHAMPTON STATION. Access Gate off Bridge Road near Quayside. What3Words - apron.fired.topic","TQ 02103 02395"
"70220638","BLI2","61.1404","QU","","61.1404","1900","","MAP","","502081.0","102421.0","Littlehampton Substation <From Road>","HUJ4","","","","","","","","","","","70220638","2024-06-06","","NRAIL","","","","","Up Siding","Southern Train Up Sidings. Access Gate Track Side of Littlehampton Substation. What3Words - deep.owls.petal","TQ 02081 02421"
"110149414","BLI2","61.1474","QU","","61.1474","1800","","MAP","","502222.0","102308.0","Littlehampton Washer Road","HUJ4","","","","","","","","","","","110149414","2024-06-06","","NRAIL","","","","","Up Other/Eng/Car","Acces via Bridge Road <level> - Street lighting only - No third party permission. Access Gate Opposite Littlehampton Harbour Board Workshops. What3Words - pill.tracks.bright","TQ 02222 02308"
"70130276","BLI2","61.1518","QU","","61.1518","2100","","MAP","","502288.0","102312.0","Gloucester Road","HUJ4","","","","","","","","","","","70130276","2024-06-06","","NRAIL","","","","","Down Main/Fast","Access off Gloucester Road <level> - Street lighting only - No third party permissions. Access to Littlehampton Signalbox. What3Words - posed.senior.rock","TQ 02288 02312"
"110149413","BLI2","62.0006","QU","","62.0006","1900","","MAP","","502493.0","102173.0","Littlehampton Washer Road Buffer Stop","HUJ4","","","","","","","","","","","110149413","2024-06-06","","NRAIL","","","","","Up Siding","Access via Littlehampton Station Car Park <level> - Street lighting only - No third party permissions. Access Gate behind Bike Shed. What3Words - hook.curry.cracks","TQ 02493 02173"
"70220636","BLI2","62.0031","QU","","62.0031","3600","","MAP","","502546.0","102201.0","Littlehampton Station Staff Entrance","HUJ4","","","","","","","","","","","70220636","2024-06-06","","NRAIL","","","","","Rev Terminal/Bay","Station access. Access Gate Opposite 7 Gloucester Road. What3Words - renew.legend.trap","TQ 02546 02201"
"110149851","BLI2","61.155","QU","","61.155","3600","","MAPE","","502306.0","102278.0","Littlehampton Platform 1&2","HUJ4","","","","","","","","","","","110149851","2024-06-06","","","","","","","Rev Terminal/Bay","Access through station, possible presence of catle grids and.or slope, station lighting. Access to Platforms via Littlehampton Station. What3Words - corn.poetic.woven","TQ 02306 02278"
"110149852","BLI2","61.1641","QU","","61.1641","3600","","MAPE","","502382.0","102251.0","Littlehampton Platform 3&4","HUJ4","","","","","","","","","","","110149852","2024-06-06","","","","","","","Rev Terminal/Bay","Access through station, possible presence of catle grids and.or slope, station lighting. Access to Platforms via Littlehampton Station. What3Words - spits.mute.palace","TQ 02382 02251"
"70220633","BLI2","61.1402","QU","","61.1402","1900","","MAR","","502026.0","102457.0","Littlehampton Depot","HUJ4","","","","","","","","","","","70220633","2024-06-06","","NRAIL","","","","","Up Siding","Southern Train Up Sidings. What3Words - heap.softly.encounter","TQ 02026 02457"
"70220635","BLI2","61.1622","QU","","61.1622","1900","","MAR","","502346.0","102234.0","Littlehampton Rrv","HUJ4","","","","","","","","","","","70220635","2024-06-06","","NRAIL","","","","","Up Siding","Access via Littlehampton Station Car Park <level> - Station Platform lighting only - No third party permissions. Access Gate at end of Car Park. What3Words - truly.crass.figure","TQ 02346 02234"
"110155463","BSF","1.0352","QU","","1.0352","2100","","MAR","","528947.0","177214.0","Battersea Power Station","HUJ3","","","","","","","","","AC","","110155463","2025-08-06","","NRAIL","","","","","Down Main/Fast","Access point currently has no access due to development at adjacent shopping centre.  Inspection MST has been de-activated & Ellipse asset has been changed to OOU temporarily - Equip no 10396196 (by SSM)","TQ 28947 77214"
"110155464","BSP1","1.0286","QU","","1.0286","3400","","MAR","","529004.0","177101.0","BATTERSEA YARD QVC 1","HUJ3","","","","","","","","","","","110155464","2025-07-31","","NRAIL","","","","","Rev Single","What3Words - spot.grace.limes. Post Code - SW8 4AG","TQ 29004 77101"
"110150030","BSP1","1.0233","QU","","1.0233","0","","MAV","","528871.0","177285.0","Battersea Dogs Home","HUJ3","","","","","","","","","RRV Access Point","","110150030","2023-05-31","","NRAIL","","","","","All/Multiple Tracks","Access to tracks via the Battersea Dogs Home","TQ 28871 77285"
"110153251","BSP2","1.1605","QU","","1.1605","2100","","MAV","","527755.0","176202.0","STONEMASON YARD OFF CULVERT PLACE IND ESTATE","HUJ3","","","","","","","","","","","110153251","2025-07-31","","NRAIL","","","","","Down Main/Fast","What3Words - salt.pets.these. Post Code - SW11 5BP","TQ 27755 76202"
"110179934","BTH1","4.1028","QU","","4.1059","1100","","MAP","","533158.0","174853.0","2084 - NORTH DULWICH STATION REB","HUJ3","","","","","","","","","","","110179934","2025-07-31","","NRAIL","","","","","Up Main/Fast","29M GATE ACCESS OF GREEN DALE, MOT TYPE 1 FROM GATE TO FENCED OFF GSMR SITE. ADDITIONAL 8 STAIRS DOWN TO TRACK. NO LIGHTING. What3Words - second.digit.flown. Post Code - SE5 8AS","TQ 33158 74853"
"70130704","BTH1","4.1408","QU","","4.1408","1100","","MAP","","532971.0","174591.0","North Dulwich Station","HUJ3","","","","","","","","","AC","","70130704","2024-03-06","","AMEC","","","","","Up Main/Fast","Access through Station. Risk Rating 3, Hazard Rating 2, Score 6, Steps.  What3words: blame.camera.store.","TQ 32970 74591"
"70108980","BTH1","5.1144","QU","","5.1144","1100","","MAP","","532114.0","173610.0","PEABODY ESTATE","HUJ3","","","","","","","","","","","70108980","2025-07-31","","AMEC","","","","","Up Main/Fast","Steps Up. What3Words - stores.sings.mostly. Post Code - SE24 9DN","TQ 32114 73610"
"70130705","BTH1","6.0154","QU","","6.0154","1100","","MAP","","531813.0","172909.0","Access to Tulse Hill Signal Box Annexe","HUJ3","","","","","","","","","AC","","70130705","2024-08-22","","AMEC","","","","","Up Main/Fast","From Junction of Leigham Vale and Palace Road. Risk Rating 3, Hazard Rating 2, Score 6.  WHAT3WORDS/// MAGMA.POST.ROUND.","TQ 31813 72909"
"70108983","BTH1","6.022","QU","","6.022","1100","","MAP","","531867.0","173017.0","TULSE HILL STATION","HUJ3","","","","","","","","","","","70108983","2025-07-31","","NRAIL","","","","","Up Main/Fast","20 Steps Up. Access Gate on A205 at rail over road bridge NE of Tulse Hill Station. What3Words - feel.teeth.juices. Post Code - SE21 8JD","TQ 31867 73017"
"120000685","BTH1","6.0281","QU","","6.0281","2100","","MAP","","531757.0","172819.0","TULSE HILL SOUTH","HUJ3","","","","","","","","","PEDESTRIAN ACCESS POINT","","120000685","2025-03-03","","","","","","","Down Main/Fast","This is a gate to access the cantilever signal gantry located at the Southern end of Tulse Hill station.
W3W: ///tribe.supporter.escape

Whilst the track can be accesssed from this location this gate / access point is only to be utilised to access and maintain the cantilever gantry.
In addition permission must be sought from the SM at Tulse Hill in order to use this access gate as it can only be accessed from the Tulse HIll DU yard which is a secure compound.",""
"70108984","BTH1","6.0616","QU","","6.0616","1100","","MAP","","531642.0","172759.0","PEDESTRIAN ACCESS TO TULSE HILL SUBSTATION","HUJ3","","","","","","","","","","","70108984","2025-07-31","","AMEC","","","","","Up Main/Fast","Gate marked Victoria 3 Project Access Gate Leighton Vale (Electrical Substation). What3Words - crowds.focal.forum. Post Code - SW2 3JH","TQ 31642 72759"
"70130708","BTH1","6.1173","QU","","6.1173","1100","","MAP","","531083.0","172370.0","LEIGHAM VALE ROAD","HUJ3","","","","","","","","","","","70130708","2025-07-31","","AMEC","","","","","Up Main/Fast","Access Gate opposite 47 Leigham Vale. What3Words - hobby.canny.voices. Post Code - SW16 2JQ","TQ 31083 72370"
"70108951","BTH1","6.1298","QU","","6.1298","1100","","MAP","","530994.0","172264.0","Leigham Vale <opposite stockfield road","HUJ3","","","","","","","","","AC","","70108951","2024-08-22","","AMEC","","","","","Up Main/Fast","Risk Rating 6, Hazard Rating 2, Score 12. WHAT3WORDS/// LONGER.FIRMS.WOODS.","TQ 30994 72264"
"110170954","BTH1","6.1628","QU","","6.1628","2100","","MAP","","530994.0","172264.0","STREATHAM TUNNEL","HUJ3","","","","","","","","","","","110170954","2024-03-06","","NRAIL","","","","","Down Main/Fast","REPEATER SITE 9270.  What3words: longer.firms.woods.","TQ 30993 72264"
"70108982","BTH1","6.1685","QU","","6.1685","2100","","MAP","","530797.0","172029.0","LEITHCOTE PATH","HUJ3","","","","","","","","","","","70108982","2025-07-31","","AMEC","","","","","Down Main/Fast","Between Streatham & Leigham Tunnel. Steps Down. What3Words - gasp.times.descended. Post Code - SW16 2UZ","TQ 30797 72029"
"70130709","BTH1","7.1214","QU","","7.1214","1100","","MAP","","529571.0","170864.0","STATION YARD BEHIND DHSS -POTTERS LN/NATAL RD","HUJ3","","","","","","","","","","","70130709","2025-07-31","","AMEC","","","","","Up Main/Fast","Track BTH1 is suspended over this location. What3Words - gear.goats.store. Post Code - SW16 6EB","TQ 29571 70864"
"70108986","BTH1","8.0236","QU","","8.0236","2100","","MAP","","529505.0","170641.0","EDGINGTON ROAD","HUJ3","","","","","","","","","","","70108986","2025-07-31","","AMEC","","","","","Down Main/Fast","What3Words - meals.dusty.plus. Post Code - SW16 5BS","TQ 29505 70641"
"70261258","BTH1","8.033","QU","","8.033","2100","","MAP","","529426.0","170581.0","STREATHAM SOUTH JC","HUJ3","","","","","","","","","","","70261258","2025-07-31","","AMEC","","","","","Down Main/Fast","What3Words - meals.dusty.plus. Post Code - SW16 6BD","TQ 29426 70581"
"70130711","BTH1","9.0687","QU","","9.0687","2100","","MAP","","528354.0","168983.0","GROVE ROAD TRACK PARALLELING HUT","HUJ3","","","","","","","","","","","70130711","2025-07-31","","AMEC","","","","","Down Main/Fast","Gate opposite 56 Grove Road. What3Words - small.rising.zips. Post Code - CR4 1SA","TQ 28354 68983"
"110179935","BTH1","10.066","QU","","10.066","2100","","MAP","","528440.0","167557.0","MITCHAM JUNCTION SUB STATION","HUJ3","","","","","","","","","","","110179935","2025-07-31","","NRAIL","","","","","Down Main/Fast","RAMP BOTH ENDS OF PLATFORM 1. RAMP LONDON END ONLY OF PLATFORM 2. What3Words - vast.mercy.dined. Post Code - CR4 4HJ","TQ 28440 67557"
"70130715","BTH1","12.015","QU","","12.015","2100","","MAP","","528180.0","165203.0","ACCESS TO CARSHALTON TP HUT","HUJ3","","","","","","","","","","","70130715","2025-08-18","","AMEC","","","","","Down Main/Fast","At junction of Denmark Road and Mill Lane. What3Words - models.scores.farmer. Post Code - SM5 2JP","TQ 28180 65203"
"70261259","BTH1","12.077","QU","","12.077","1100","","MAP","","527657.0","164845.0","WEST ST BRIDGE 1232","HUJ3","","","","","","","","","","","70261259","2025-07-31","","AMEC","","","","","Up Main/Fast","Access via West St below bridge. What3Words - could.pencil.tries. Post Code - SM5 2PR","TQ 27657 64845"
"70221012","BTH1","12.1629","QU","","12.1629","1100","","MAP","","527163.0","164260.0","CARSHALTON ROAD BRIDGE","HUJ3","","","","","","","","","","","70221012","2025-07-31","","AMEC","","","","","Up Main/Fast","Steps Down. What3Words - hops.caring.scare. Post Code - SM1 4JZ","TQ 27163 64260"
"70261257","BTH1","7.11","QU","","7.11","1100","","MAPE","","529983.0","171291.0","STREATHAM STREATHAM","HUJ3","","","","","","","","","","","70261257","2025-07-31","","AMEC","","","","","Up Main/Fast","Platform 2, Streatham. Access through Station. Platform End Access Through Station. What3Words - carry.stiff.league. Post Code - SW16 6HP","TQ 29983 71291"
"70108988","BTH1","12.0703","QU","","12.0703","1100","","MAPE","","527871.0","164936.0","CARSHALTON PLATFORM 1 (LONDON END)","HUJ3","","","","","","","","","","","70108988","2025-07-31","","AMEC","","","","","Up Main/Fast","Access through Station. What3Words - wires.wisely.skins. Post Code - SM5 2JE","TQ 27871 64936"
"110150028","BTH1","5.1628","QU","","5.1628","1100","","MAR","","531894.0","173041.0","Tulse Hill North Junction","HUJ3","","","","","","","","","RRV Access Point","","110150028","2023-05-31","","NRAIL","","","","","Up Main/Fast","Shared vehicular access via Peabody Hill <road>, Peabody Hill Estate - see also record 110150029 for detail of access to ELR HHT via same road access","TQ 31894 73041"
"70108985","BTH1","7.1166","QU","","7.1166","1100","","MAR","","529929.0","171254.0","STREATHAM STATION APPROACH","HUJ3","","","","","","","","","","","70108985","2025-07-31","","NRAIL","","","","","Up Main/Fast","Access Gate within car park behind Job Centre. What3Words - driven.shade.hunter. Post Code - SW16 6HW","TQ 29929 71254"
"70130712","BTH1","10.0862","QU","","10.0862","2100","","MAR","","528465.0","167550.0","MITCHAM JUNCTION RRV (GOLF CLUB CAR PARK)","HUJ3","","","","","","","","","","","70130712","2025-07-31","","NRAIL","","","","","Down Main/Fast","200 yards east of Mitcham Junction Station - Gate from Golf Course Road. What3Words - maybe.costs.tame. Post Code - CR4 4HJ","TQ 28465 67550"
"70130707","BTH1","6.0396","QU","","6.0396","1100","","MAV","","531615.0","172740.0","VEHICLE ACCESS TO TULSE HILL SUBSTATION","HUJ3","","","","","","","","","","","70130707","2025-07-31","","AMEC","","","","","Up Main/Fast","250 yards south west of Tulse Hill Station at junction of Leigham Vale and Palace Road. Gate marked Victoria 3 Project Access Gate Tulse Hill Substation. What3Words - exchanges.unless.star. Post Code - SW2 3JH","TQ 31615 72740"
"110188459","BTH1","6.1298","QU","","6.1298","1100","","MAV","","530994.0","172264.0","Leigham Vale Road","HUJ3","","","","","","","","","AC","","110188459","2024-08-22","","NRAIL","","","","","Up Main/Fast","WHAT3WORDS/// LONGER.FIRMS.WOODS.","TQ 30994 72264"
"70108987","BTH1","11.0904","QU","","11.0904","1100","","MAV","","528591.0","165937.0","HACKBRIDGE STATION NORTH END","HUJ3","","","","","","","","","","","70108987","2025-07-31","","AMEC","","","","","Up Main/Fast","Up main Mill Lane. What3Words - damp.discrepancy.cycle. Post Code - SM6 7BJ","TQ 28591 65937"
"70221011","BTH1","9.0402","QU","","9.0402","1100","","MAX","","528439.0","169239.0","EASTFIELDS ROAD LEVEL CROSSING (UP SIDE)","HUJ3","","","","","","","","","","","70221011","2025-07-31","","NRAIL","","","","","Up Main/Fast","This access point is a level crossing,  be aware of underfoot condition <cattle grids> and road traffic. Level Xing is at Mitcham Eastfields station between Platforms 1&2. What3Words - behind.tanks.motion. Post Code - CR4 2ND","TQ 28439 69239"
"110180417","BTH1","9.0418","QU","","9.0418","2100","","MAX","","528449.0","169236.0","EASTFIELDS ROAD LEVEL CROSSING (DOWN SIDE)","HUJ3","","","","","","","","","","","110180417","2025-07-31","","NRAIL","","","","","Down Main/Fast","This level crossing to be used as an access point for pedestrians. Level Xing is at Mitcham Eastfields station between Platforms 1&2. What3Words - cycles.piles.headed. Post Code - CR4 2ND","TQ 28449 69236"
"110179933","BTH2","16.0514","QU","","16.0585","2100","","MAP","","523915.0","163149.0","2083 - CHEAM STATION REB","HUJ3","","","","","","","","","","","110179933","2025-07-31","","NRAIL","","","","","Down Main/Fast","16 METAL STEPS AND 2 CONCRETE STAIRS THEN MOT TYPE 1 SLOPE TO REB. NO PATHWAY LIGHTING. What3Words - rooms.grain.twig. Post Code - SM2 7NT","TQ 23914 63148"
"70108991","BTH2","17.0594","QU","","17.0594","1100","","MAP","","522591.0","162163.0","Ewell East station","HUJ3","","","","","","","","","AC","","70108991","2024-08-22","","AMEC","","","","","Up Main/Fast","Access through Station. Risk Rating 6, Hazard Rating 3, Score 18",""
"70198914","BTH2","15.157","QU","","15.157","1100","","MAPE","","524563.0","163408.0","CHEAM PLATFORM 1 (LONDON END)","HUJ3","","","","","","","","","","","70198914","2025-07-31","","AMEC","","","","","Up Main/Fast","Access through StationWhat3Words - veal.crest.juror. Post Code - SM2 7BP","TQ 24563 63408"
"70198913","BTH2","15.1485","QU","","15.1485","2100","","MAR","","524338.0","163318.0","CHEAM ACCESS POINT ","HUJ3","","","","","","","","","","","70198913","2025-07-31","","AMEC","","","","","Down Main/Fast","Access within station carpark. What3Words - drops.zones.tidy. Post Code - SM2 7AU","TQ 24338 63318"
"70198908","BTH2","14.165","QU","","14.165","0","","MAV","","526047.0","163852.0","Sutton Station","HUJ3","","","","","","","","","AC","","70198908","2023-02-10","","AMEC","","","","","All/Multiple Tracks","Access through Station, Risk Rating 3, Hazard Rating 2, Score 6","TQ 26117 63777"
"70108995","BTH3","21.0308","QU","","21.0308","1100","","MAP","","516736.0","151832.0","Boxhill Station","HUJ4","","","","","","","","","AC","","70108995","2024-06-06","","NRAIL","","","","","Up Main/Fast","Boxhill Station. Access Through Station, Station access - Station lighting - No third party permission What3Words - monday.being.calms","TQ 16736 51832"
"110147191","BTH3","22.0011","QU","","22.0011","3102","","MAP","","517267.0","150257.0","Dorking Substation","HUJ4","","","","","","","","","","","110147191","2024-06-06","","NRAIL","","","","","","DORKING SUBSTATION. ACCESS VIA LONDON RD / OS GRID: TQ171505 / ADDRESS: RH41QP What3Words - shows.gift.exist","TQ 17193 50351"
"110160166","BTH3","22.0297","QU","","22.0297","2901","","MAP","","517184.0","150336.0","Lincoln Road Access Point","HUJ4","","","","","","","","","","","110160166","2024-06-06","","NRAIL","","","","","","Lincoln Road access point.   What3Words - wings.happen.fats","TQ 17209 50305"
"70229130","BTH3","22.0843","QU","","22.0843","2100","","MAP","","517267.0","150257.0","Pixholme Grove, Dorking","HUJ4","","","","","","","","","","","70229130","2024-06-06","","NRAIL","","","","","Down Main/Fast","Pixholme Grove, Dorking. Access Through Station. 6 Steps Up - Access via footpath at end of Lincoln Road <15 steps up to track> - Public footpath lighting - No third party permissions What3Words - priced.stuck.scarcely","TQ 17282 50276"
"70015013","BTH3","23.0378","QU","","23.0378","1100","","MAP","","518362.0","149202.0","Park Farm Cattle Arch","HUJ4","","","","","","","","","","","70015013","2024-06-06","","NRAIL","","","","","Up Main/Fast","Park Farm Cattle Arch. 17 Steps Up - Access via Park Farm, Off Punchbowl Lane <17 steps up to track> - No lighting What3Words - faded.dining.risky","TQ 18362 49202"
"70108999","BTH3","23.1699","QU","","23.1699","1100","","MAP","","518655.0","148038.0","Tilehurst Lane","HUJ4","","","","","","","","","","","70108999","2024-06-06","","NRAIL","","","","","Up Main/Fast","Tilehurst Lane. 25 Steps Up - Access off Tilehurst Lane <25 Steps up to track> - No lighting - No third party permissions What3Words - crisis.waters.fleet","TQ 18680 48045"
"70109001","BTH3","24.1615","QU","","24.1615","2100","","MAP","","519021.0","146542.0","Red Lane, Dorking","HUJ4","","","","","","","","","","","70109001","2024-06-06","","NRAIL","","","","","Down Main/Fast","Red Lane, Dorking. 20 Steps Dn - Access off Red Lane <23 steps down to track> - No lighting - No third party permissions - Nearest parking Roothill Lane What3Words - beast.record.speaks","TQ 19021 46542"
"110147192","BTH3","25.0066","QU","","25.0066","1100","","MAP","","519042.0","145641.0","Blackbrook Substation","HUJ4","","","","","","","","","","","110147192","2024-06-06","","NRAIL","","","","","Up Main/Fast","BLACKBROOK SUBSTATION. ACCESS VIA LODGE LANE - RH54NY / OS GRID: TQ191458 What3Words - pepper.mime.dress","TQ 19042 45641"
"70229131","BTH3","25.0856","QU","","25.0856","1100","","MAP","","519042.0","145641.0","Lodge Farm Level Crossing","HUJ4","","","","","","","","","","","70229131","2024-06-06","","AMEC","","","","","Up Main/Fast","LODGE FARM Level Crossing.  What3Words - pepper.mime.dress","TQ 19042 45641"
"70015014","BTH3","26.0277","QU","","26.0277","1100","","MAP","","518476.0","144745.0","Newdigate Bridge / Henfold Lane","HUJ4","","","","","","","","","","","70015014","2024-06-06","","NRAIL","","","","","Up Main/Fast","Newdigate Bridge / Henfold Lane. 27 Steps Up - Access via Henfold Lane <27 Steps up to track> - No lighting - No third party permissions What3Words - sweat.stays.starts","TQ 18476 44745"
"110180418","BTH3","26.0946","QU","","26.0946","1100","","MAP","","518100.0","144300.0","SWAN'S COPSE CROSSING","HUJ4","","","","","","","","","","","110180418","2025-07-31","","NRAIL","","","","","Up Main/Fast","Swan's Copse Crossing. Public Footpath with stiles, only suitable for hand tools   What Three Words  -  lung.taps.stars What3Words - lung.taps.stars. Post Code - RH5 4QL","TQ 18100 44300"
"110180419","BTH3","26.132","QU","","26.132","1100","","MAP","","517800.0","144100.0","Bregsells Crossing","HUJ4","","","","","","","","","","","110180419","2024-06-06","","NRAIL","","","","","Up Main/Fast","Bregsells Crossing. Public Footpath with stiles, only suitable for hand tools   What Three Words  -  that.clots.hood What3Words - that.clots.hood","TQ 17800 44100"
"70119404","BTH3","27.011","QU","","27.011","1100","","MAP","","517435.0","143743.0","Holmwood Station","HUJ4","","","","","","","","","AC","","70119404","2024-06-06","","NRAIL","","","","","Up Main/Fast","Holmwood Station. Access through station. Steps Dn - Station access - Station lighting - No third party permission What3Words - hands.trout.token","TQ 17435 43743"
"110180420","BTH3","27.0858","QU","","27.0858","1100","","MAP","","517100.0","143200.0","Watneys Crossing","HUJ4","","","","","","","","","","","110180420","2024-06-06","","NRAIL","","","","","Up Main/Fast","Watneys Crossing. Public Footpath with stiles, only suitable for hand tools   What Three Words  -  cones.gone.backs What3Words - vines.poetic.hired","TQ 17077 43176"
"110180421","BTH3","27.1188","QU","","27.1188","1100","","MAP","","517010.0","142866.0","Trouts Farm Steps Crossing","HUJ4","","","","","","","","","PEDESTRIAN ACCESS POINT","","110180421","2024-12-13","","NRAIL","","","","","Up Main/Fast","Trouts Farm Steps Crossing. Public Footpath with stiles, only suitable for hand tools   What 3 Words ///VEAL.BLOG.LIVING","TQ 17003 42868"
"70119405","BTH3","27.157","QU","","27.157","2100","","MAP","","516992.0","142519.0","Portsmouth Road Bridge / Ockley Road","HUJ4","","","","","","","","","","","70119405","2024-06-06","","NRAIL","","","","","Down Main/Fast","Portsmouth Road Bridge / Ockley Road. 34 Steps Dn What3Words - milk.placed.chop","TQ 16992 42519"
"70264697","BTH3","29.0286","QU","","29.0286","2100","","MAP","","516469.0","140562.0","Bridge 350","HUJ4","","","","","","","","","","","70264697","2024-06-06","","NRAIL","","","","","Down Main/Fast","Bridge 350. GO TO THE END OF STATION RD OCKLEY STATION What3Words - loosed.cupboards.ruling","TQ 16469 40562"
"70229132","BTH3","29.1434","QU","","29.1434","1100","","MAP","","516613.0","139529.0","Stylehurst Level Crossing","HUJ4","","","","","","","","","","","70229132","2024-06-06","","AMEC","","","","","Up Main/Fast","STYLEHURST Level Crossing.  What3Words - blemishes.cookie.vitals","TQ 16613 39529"
"70119412","BTH3","30.066","QU","","30.066","1100","","MAP","","516930.0","138700.0","Streets Bridge","HUJ4","","","","","","","","","AC","","70119412","2024-06-06","","NRAIL","","","","","Up Main/Fast","Streets Bridge. Removed. What3Words - paid.slick.deflection","TQ 16930 38700"
"70119443","BTH3","30.0788","QU","","30.0788","2100","","MAP","","517020.0","138625.0","Streets Bridge / Osbrooks","HUJ4","","","","","","","","","","","70119443","2024-06-06","","NRAIL","","","","","Down Main/Fast","Streets Bridge / Osbrooks. Access off Horsham Road <Slope with 10 Steps up to track> - No lighting What3Words - into.assist.brands","TQ 17020 38625"
"110180422","BTH3","31.0968","QU","","31.0968","1100","","MAP","","517700.0","137100.0","Sour Meadow Crossing","HUJ4","","","","","","","","","","","110180422","2024-06-06","","NRAIL","","","","","Up Main/Fast","Sour Meadow Crossing. Public Footpath with stiles, only suitable for hand tools   What Three Words  -  rational.fights.hops What3Words - rational.fights.hops","TQ 17700 37100"
"110147194","BTH3","32.0015","QU","","32.0015","1100","","MAP","","517018.0","135366.0","Kingsfold Substation","HUJ4","","","","","","","","","","","110147194","2024-06-06","","NRAIL","","","","","Up Main/Fast","KINGSFOLD SUBSTATION. ACCESS VIA A24 TURNING OFF AT THE BRIDLE WAY SIGN - RH123SZ / OS GRID: TQ173364 What3Words - respond.milkman.disengage","TQ 17372 36419"
"110180423","BTH3","32.0044","QU","","32.0044","1100","","MAP","","517400.0","136400.0","Kingsfold Footpath Crossing","HUJ4","","","","","","","","","","","110180423","2024-06-06","","NRAIL","","","","","Up Main/Fast","Kingsfold Footpath Crossing. Public Footpath with stiles, only suitable for hand tools   What Three Words  -  adventure.debating.running What3Words - respond.milkman.disengage","TQ 17372 36419"
"70119451","BTH3","32.1265","QU","","32.1265","1100","","MAP","","517018.0","135366.0","Gun Barn Level Crossing","HUJ4","","","","","","","","","AC","","70119451","2024-06-06","","AMEC","","","","","Up Main/Fast","Gun Barn Level Crossing.  What3Words - fanfare.deploying.grumbling","TQ 17018 35366"
"70229133","BTH3","33.075","QU","","33.075","1100","","MAP","","516999.0","134231.0","Brickyard Lxing","HUJ4","","","","","","","","","","","70229133","2024-06-06","","AMEC","","","","","Up Main/Fast","BRICKYARD Lxing.  What3Words - shiny.mandates.fortnight","TQ 16999 34231"
"70119455","BTH3","34.0608","QU","","34.0608","2100","","MAP","","517526.0","132872.0","Pondtail River Bridge","HUJ4","","","","","","","","","","","70119455","2024-06-06","","NRAIL","","","","","Down Main/Fast","Pondtail River Bridge. 22 Steps Up - Access off Gorringes Brook <24 Steps up to track> - No lighting What3Words - spider.stiff.chips","TQ 17526 32872"
"70119456","BTH3","34.1711","QU","","34.1711","1100","","MAP","","517619.0","131873.0","Wimblehurst Road Bridge","HUJ4","","","","","","","","","","","70119456","2024-06-06","","NRAIL","","","","","Up Main/Fast","Wimblehurst Road Bridge. 4 Steps Dn - Access via Wimblehurst Road <26 Steps down to track> - No lighting - No third party permissions. What3Words - diner.analogy.badly","TQ 17619 31873"
"110171078","BTH3","35.0176","QU","","35.0176","1901","","MAP","","517761.0","131717.0","North Sidings","HUJ4","","","","","","","","","Pedestrian Access Point","","110171078","2024-06-06","","NRAIL","","","","","","North Sidings. New pedestrian Access Gate access for TIS 1869, 1870 & 1871 What3Words - minus.loaf.lazy","TQ 17761 31717"
"110149772","BTH3","21.0217","QU","","21.0217","2100","","MAPE","","516736.0","151822.0","Box Hill & Westhumble, Platform 2, London End ","HUJ4","","","","","","","","","","","110149772","2024-06-06","","","","","","","Down Main/Fast","BOXHILL & WESTHUMBLE PLAT 2. Access through station, possible presence of catle grids and.or slope, station lighting. What3Words - monday.being.calms","TQ 16736 51832"
"110149771","BTH3","21.0217","QU","","21.0217","1100","","MAPE","","516736.0","151822.0","Box Hill & Westhumble, Platform 1, London End ","HUJ4","","","","","","","","","","","110149771","2024-06-06","","","","","","","Up Main/Fast","BOXHILL & WESTHUMBLE PLAT 1. Access through station, possible presence of catle grids and.or slope, station lighting. What3Words - monday.being.calms","TQ 16736 51832"
"110149795","BTH3","22.0044","QU","","22.0044","2100","","MAPE","","517113.0","150414.0","Dorking, Platform 2, London End","HUJ4","","","","","","","","","","","110149795","2024-06-06","","","","","","","Down Main/Fast","DORKING PLAT 2 & 3. Access through station, possible presence of catle grids and.or slope, station lighting. What3Words - venues.exam.fired","TQ 17101 50398"
"110149794","BTH3","22.0048","QU","","22.0048","1100","","MAPE","","517113.0","150414.0","Dorking, Platform 1, London End","HUJ4","","","","","","","","","","","110149794","2024-06-06","","","","","","","Up Main/Fast","DORKING PLAT 1. Access through station, possible presence of catle grids and.or slope, station lighting. What3Words - venues.exam.fired","TQ 17101 50398"
"110149834","BTH3","27.0044","QU","","27.0044","1100","","MAPE","","517472.0","143789.0","Holmwood, Platform 1, London End ","HUJ4","","","","","","","","","","","110149834","2024-06-06","","","","","","","Up Main/Fast","HOLMWOOD PLAT 1. Access through station, possible presence of catle grids and.or slope, station lighting. What3Words - friend.fairly.kicked","TQ 17472 43789"
"110149835","BTH3","27.0044","QU","","27.0044","2100","","MAPE","","517478.0","143785.0","Holmwood, Platform 2, London End ","HUJ4","","","","","","","","","","","110149835","2024-06-06","","","","","","","Down Main/Fast","HOLMWOOD PLAT 2. Access through station, possible presence of catle grids and.or slope, station lighting. What3Words - friend.fairly.kicked","TQ 17478 43785"
"110149870","BTH3","29.0345","QU","","29.0345","1100","","MAPE","","516465.0","140505.0","Ockley, Platform 1, London End ","HUJ4","","","","","","","","","","","110149870","2024-06-06","","","","","","","Up Main/Fast","OCKLEY PLAT 1. Access through station, possible presence of catle grids and.or slope, station lighting. What3Words - homing.fulfilled.acquaint","TQ 16465 40505"
"110149871","BTH3","29.0356","QU","","29.0356","2100","","MAPE","","516473.0","140497.0","Ockley, Platform 2, London End ","HUJ4","","","","","","","","","","","110149871","2024-06-06","","","","","","","Down Main/Fast","OCKLEY PLAT 2. Access through station, possible presence of catle grids and.or slope, station lighting. What3Words - homing.fulfilled.acquaint","TQ 16473 40497"
"110149906","BTH3","33.0917","QU","","33.0917","2100","","MAPE","","517038.0","134075.0","Warnham, Platform 2, London End ","HUJ4","","","","","","","","","","","110149906","2024-06-06","","","","","","","Down Main/Fast","WARNHAM PLAT 2. Access through station, possible presence of catle grids and.or slope, station lighting. What3Words - sized.shins.exacted","TQ 17038 34075"
"110149905","BTH3","33.0943","QU","","33.0943","1100","","MAPE","","517038.0","134050.0","Warnham, Platform 1, London End ","HUJ4","","","","","","","","","","","110149905","2024-06-06","","","","","","","Up Main/Fast","WARNHAM PLAT 1. Access through station, possible presence of catle grids and.or slope, station lighting. What3Words - sized.shins.exacted","TQ 17038 34050"
"70108997","BTH3","22.0875","QU","","22.0875","2100","","MAR","","517657.0","150096.0","Chester Close, Dorking","HUJ4","","","","","","","","","AC","","70108997","2024-06-06","","NRAIL","","","","","Down Main/Fast","Chester Close, Dorking. Chester Close <level> - No lighting - No third party permissions What3Words - shield.stared.wiser","TQ 17642 50116"
"110149364","BTH3","29.027","QU","","29.027","2100","","MAR","","516491.0","140815.0","Ockley Rrap","HUJ4","","","","","","","","","","","110149364","2024-06-06","","NRAIL","","","","","Down Main/Fast","Ockley RRAP. Access via Station Approach <level> - No lighting What3Words - giants.twit.album","TQ 16500 40500"
"70229134","BTH3","33.1114","QU","","33.1114","2100","","MAR","","517093.0","133911.0","Warnham Rrv","HUJ4","","","","","","","","","","","70229134","2024-06-06","","NRAIL","","","","","Down Main/Fast","Warnham RRV. Access via Mercer Road <level> - Platform lighting and light to access - No third party permissions - MAR Access located on the Down Main fast also Public Access next to MAR What3Words - sized.shins.exacted","TQ 17100 33900"
"70014927","BTH3","35.0506","QU","","35.0506","1900","","MAR","","517801.0","131711.0","Horsham Yard","HUJ4","","","","","","","","","AC","","70014927","2024-06-06","","NRAIL","","","","","Up Siding","Horsham Yard. Access level - P-Way yard lighting - No third party permissions What3Words - piano.carbon.manual","TQ 17900 31500"
"70108996","BTH3","22.0019","QU","","22.0019","1100","","MAV","","517109.0","150418.0","Dorking Signal Box","HUJ4","","","","","","","","","AC","","70108996","2024-06-06","","NRAIL","","","","","Up Main/Fast","Dorking Signal Box. Access off A24 <level> - No lighting - No third party permissions What3Words - flops.factor.windy","TQ 17035 50542"
"110147193","BTH3","28.1386","QU","","28.1386","1100","","MAV","","516466.0","140421.0","Ockley Substation","HUJ4","","","","","","","","","","","110147193","2024-06-06","","NRAIL","","","","","Up Main/Fast","OCKLEY SUBSTATION. ACCESS VIA CLOES LAND AND STATION APPROACH - RH55LT / OS GRID:TQ165411 What3Words - gambles.rainfall.vase","TQ 16466 40421"
"70264701","BTH3","34.0616","QU","","34.0616","2100","","MAV","","517506.0","132850.0","Ockley yard far end of station","HUJ4","","","","","","","","","","","70264701","2015-05-19","","AMEC","","","","","Down Main/Fast","Risk Rating 3, Hazard Rating 2, Score 6",""
"70221653","BTL","0.022","QU","","0.022","3600","","MAP","","530975.0","105241.0","Brighton Station Car Park","HUJ4","","","","","","","","","","","70221653","2024-06-07","","NRAIL","","","","","Rev Terminal/Bay","Access via Brighton Station car park <level> - No lighting - No third party permissions. What3Words - drums.space.mood","TQ 30958 05241"
"110149392","BTL","0.0638","QU","","0.0638","1100","","MAP","","530941.0","105407.0","New England Road, Brighton","HUJ4","","","","","","","","","","","110149392","2024-06-07","","NRAIL","","","","","Up Main/Fast","Access off New England Road <4.5m embankment up to track Plus 54 Public Steps> - Public Footpath Lighting at access only - No third party permission. What3Words - loose.never.wages","TQ 30941 05407"
"110149857","BTL","1.1286","QU","","1.1286","1100","","MAP","","532512.0","106903.0","MOULSECOOMB PLAT 1","HUJ4","","","","","","","","","","","110149857","2022-07-22","","","","","","","Up Main/Fast","Access through station, possible presence of catle grids and.or slope, station lighting.","TQ 32548 06949"
"70130190","BTL","1.1291","QU","","1.1291","1100","","MAP","","532516.0","106908.0","MOULSECOOMB STN","HUJ4","","","","","","","","","AC","","70130190","2015-05-19","","NRAIL","","","","","Up Main/Fast","Risk Rating 10, Hazard Rating 4, Score 20, 28 Steps Up - Station access - Station lighting - No third party permission",""
"70221655","BTL","1.1316","QU","","1.1316","2100","","MAP","","532530.0","106926.0","MOULSECOOMB STATION","HUJ4","","","","","","","","","","","70221655","2015-05-19","","NRAIL","","","","","Down Main/Fast","Risk Rating 10, Hazard Rating 4, Score 40 - Station access - Station Lighting - No third party permission",""
"110149858","BTL","1.1327","QU","","1.1327","2100","","MAP","","532531.0","106929.0","MOULSECOOMB PLAT 2","HUJ4","","","","","","","","","","","110149858","2022-07-22","","","","","","","Down Main/Fast","Access through station, possible presence of catle grids and.or slope, station lighting.","TQ 32616 07024"
"70130527","BTL","2.0365","QU","","2.0365","2100","","MAP","","533055.0","107442.0","Home Farm Road, Brighton","HUJ4","","","","","","","","","","","70130527","2024-06-07","","NRAIL","","","","","Down Main/Fast","Access Via Hope Farm Road. Steps down hidden inbetween Bushes across from dirt track on opposite side. What3Words - ended.tooth.jabs","TQ 33055 07442"
"70221656","BTL","2.0902","QU","","2.0902","1100","","MAP","","533435.0","107756.0","Fairway Trading Estate, Moulscoomb","HUJ4","","","","","","","","","","","70221656","2024-06-07","","NRAIL","","","","","Up Main/Fast","Access off Moulsecoomb Way <level> - No lighting. - When crossing lines at this access point, unassisted lookouts are not allowed. This is due to very limited sighting at the decision making point. What3Words - fleet.land.green","TQ 33435 07756"
"70109003","BTL","2.1508","QU","","2.1508","1100","","MAP","","533906.0","108039.0","Lucraft Road, Moulscoomb","HUJ4","","","","","","","","","","","70109003","2024-06-07","","NRAIL","","","","","Up Main/Fast","Lucraft Road, Moulscoomb. 25 Steps Up - Access off Lucraft Road <25 Steps up to track> - Street lighting only - No third party permissions. - When crossing lines at this access point, unassisted lookouts are not allowed. This is due to very limited sighting at the decision making point. What3Words - into.talent.wink","TQ 33906 08039"
"110149809","BTL","3.0861","QU","","3.0861","1100","","MAP","","534696.0","108675.0","FALMER PLAT 1","HUJ4","","","","","","","","","","","110149809","2022-07-22","","","","","","","Up Main/Fast","Access through station, possible presence of catle grids and.or slope, station lighting.","TQ 34775 08710"
"110149810","BTL","3.0862","QU","","3.0862","2100","","MAP","","534696.0","108675.0","FALMER PLAT 2","HUJ4","","","","","","","","","","","110149810","2022-07-22","","","","","","","Down Main/Fast","Access through station, possible presence of catle grids and.or slope, station lighting.","TQ 34775 08710"
"70130193","BTL","4.0437","QU","","4.0437","2100","","MAP","","535894.0","108924.0","Falmer Substation","HUJ4","","","","","","","","","","","70130193","2024-06-07","","NRAIL","","","","","Down Main/Fast","Falmer Substation. Access to Substation is via Lewes Road <22 Steps down to track> - No lighting - When crossing lines at this access point, unassited lookouts are not allowed. This is due to very limited sighting at the decision making point. What3Words - pods.lottery.serving","TQ 35894 08924"
"110163706","BTL","4.1496","QU","","4.1496","2100","","MAP","","536833.0","109153.0","South Downs Way A27","HUJ4","","","","","","","","","","","110163706","2024-06-07","","NRAIL","","","","","Down Main/Fast","South Downs Way A27. Access via South Downs Way A27 west bound. Pedestrian Access no lighting / no third party permission / Left hand side / 8 timbers steps up to 5m gravel path to access gate and 2m gravel path then 2m cable troughs to track. What3Words - caused.firebird.played","TQ 36833 09153"
"70130194","BTL","5.0805","QU","","5.0805","2100","","MAP","","537796.0","109031.0","Newmarket","HUJ4","","","","","","","","","","","70130194","2024-06-07","","NRAIL","","","","","Down Main/Fast","Newmarket. 29 Steps Up - Access off A27 <30 Steps up to track> - No lighting - No third party permissions. - When crossing lines at this access point, unassisted lookouts are not allowed. This is due to very limited sighting at the decision making point. What3Words - sample.cries.hear","TQ 37800 09031"
"110172378","BTL","6.022","QU","","6.0272","1100","","MAP","","538979.0","109212.0","Ashcombe TP Hut Walking Route","HUJ4","","","","","","","","","","","110172378","2021-05-27","","NRAIL","","","","","Up Main/Fast","Walking route ffom Ashcombe Hollow access point to TP Hut                                                                                      WHAT3WORDS REF: ///saves.blows.admits   to    ///closet.gums.minus","TQ 38979 09212"
"70130195","BTL","6.0372","QU","","6.0372","1100","","MAP","","538980.0","109215.0","Ashcombe Hollow Left","HUJ4","","","","","","","","","","","70130195","2024-06-07","","NRAIL","","","","","Up Main/Fast","Ashcombe Hollow Left. Very slippery when wet. 21 Steps Up - Access via Ashcombe Hollow <28 Steps up to track> - No lighting - No third party permissions What3Words - overnight.courier.cans","TQ 38980 09215"
"110172435","BTL","6.0372","QU","","6.0372","1100","","MAP","","538988.0","109216.0","Ashcombe Hollow Right","HUJ4","","","","","","","","","","","110172435","2024-06-07","","NRAIL","","","","","Up Main/Fast","Ashcombe Hollow Right.  What3Words - edges.taken.luxury","TQ 38988 09216"
"70130196","BTL","6.1328","QU","","6.1328","2100","","MAP","","539827.0","109462.0","Hope In Valley","HUJ4","","","","","","","","","","","70130196","2024-06-07","","NRAIL","","","","","Down Main/Fast","Hope in Valley. 17 Steps Up - Access off Brighton Road <19 Steps up to track> - No lighting - No third party permissions. - Very limited sighting at the decision making point, site assessment conducted by Brighton PWAY Sept 2018, identified need for 3 lookouts when crossing the lines <1 x distant in each direction and 1 site lookout.> What3Words - twist.doctor.closed","TQ 39827 09462"
"110149849","BTL","7.1667","QU","","7.1667","2100","","MAP","","541641.0","109786.0","LEWES PLAT 3","HUJ4","","","","","","","","","","","110149849","2022-07-22","","","","","","","Down Main/Fast","Access through station, possible presence of catle grids and.or slope, station lighting.","TQ 41712 09833"
"110149850","BTL","7.1701","QU","","7.1701","1500","","MAP","","541667.0","109804.0","LEWES PLAT 4 & 5","HUJ4","","","","","","","","","","","110149850","2022-07-22","","","","","","","Up Loop","Access through station, possible presence of catle grids and.or slope, station lighting.","TQ 41758 09851"
"70264702","BTL","8.0022","QU","","8.0022","2100","","MAP","","541733.0","109837.0","Lewes Substation","HUJ4","","","","","","","","","ACCESS","","70264702","2024-06-07","","NRAIL","","","","","Down Main/Fast","Lewes Substation. Access to Substation is via the station What3Words - photocopy.digests.decompose","TQ 41733 09837"
"110149777","BTL","0.0137","QU","","0.0137","3600","","MAPE","","530963.0","105204.0","Brighton Plat 7 & 8","HUJ4","","","","","","","","","","","110149777","2024-06-07","","","","","","","Rev Terminal/Bay","BRIGHTON PLAT 7 & 8. Access through station, possible presence of catle grids and.or slope, station lighting. What3Words - bleats.bids.amber","TQ 30963 05204"
"110149855","BTL","0.1278","QU","","0.1278","1100","","MAPE","","531402.0","105812.0","London Road, Platform 1, Country End ","HUJ4","","","","","","","","","","","110149855","2024-06-07","","","","","","","Up Main/Fast","Access through station, possible presence of catle grids and.or slope, station lighting. What3Words - brief.enhancement.dishes","TQ 31496 05834"
"110149856","BTL","0.1372","QU","","0.1372","2100","","MAPE","","531486.0","105831.0","London Road, Platform 2, Country End ","HUJ4","","","","","","","","","","","110149856","2024-06-07","","","","","","","Down Main/Fast","Access through station, possible presence of catle grids and.or slope, station lighting. What3Words - really.spends.grant","TQ 31496 05834"
"70221654","BTL","0.0462","QU","","0.0462","1100","","MAR","","530894.0","105398.0","Brighton Rrap","HUJ4","","","","","","","","","","","70221654","2025-01-21","","NRAIL","","","","","Up Main/Fast","BRIGHTON RRAP. Access off Stroudly Road <level> - No lighting - No third party permissions. What3Words - shot.edgy.pram","TQ 30893 05396"
"70130254","BTL","0.0524","QU","","0.0524","1100","","MAR","","530936.0","105295.0","Montpelier Junction - London End","HUJ4","","","","","","","","","","","70130254","2024-06-07","","NRAIL","","","","","Up Main/Fast","Montpelier Junction - London End. Access is shared with contractors. When crossing lines at this access point, unassisted lookouts are not allowed. This is due to very limited sighting at the decision making point. What3Words - hungry.dusty.refuse","TQ 30936 05295"
"70130192","BTL","3.0767","QU","","3.0767","2100","","MAR","","534619.0","108638.0","Falmer - London End","HUJ4","","","","","","","","","AC","","70130192","2015-05-19","","NRAIL","","","","","Down Main/Fast","Risk Rating 3, Hazard Rating 2, Score 6 - Access via Station Approach <level> - Station lights - No third party permissions","TQ 34600 08600"
"70130197","BTL","7.0638","QU","","7.0638","1100","","MAR","","540790.0","109438.0","Kingston Tunnel Rrap","HUJ4","","","","","","","","","AC","","70130197","2024-06-07","","NRAIL","","","","","Up Main/Fast","Kingston Tunnel RRAP. Access off A27 <Slope up to track> - No lighting - No third party permissions. What3Words - solid.boats.activism","TQ 40790 09438"
"70130189","BTL","0.1672","QU","","0.1672","1100","","MAV","","531744.0","105923.0","Centenary Industrial Estate/Hughes Road","HUJ4","","","","","","","","","AC","","70130189","2024-06-07","","NRAIL","","","","","Up Main/Fast","Access via Hughes Road. What3Words - Business vanish.nodded.payer","TQ 31744 05923"
"70109004","BTL","3.0634","QU","","3.0634","2100","","MAV","","534513.0","108579.0","Falmer","HUJ4","","","","","","","","","AC","","70109004","2024-06-07","","NRAIL","","","","","Down Main/Fast","Falmer. What3Words - value.frosted.slime","TQ 34513 08579"
"70130528","BTL","3.0845","QU","","3.0845","2100","","MAV","","534617.0","108644.0","Falmer Stn.","HUJ4","","","","","","","","","AC","","70130528","2024-06-07","","NRAIL","","","","","Down Main/Fast","Falmer Stn.. Station access - Station lighting - No third party permission What3Words - driver.gender.branch","TQ 34617 08644"
"70109006","CJA1","36.0769","QU","","36.0769","3300","","MAP","","532772.0","126624.0","New Copyhold Junction","HUJ4","","","","","","","","","","","70109006","2024-06-07","","AMEC","","","","","Rev Goods","New Copyhold Junction.   What3Words - unleashed.permit.uses","TQ 32772 26624"
"110186051","CJA2","0.1074","QU","","0.1074","3300","","MAP","","533128.0","127474.0","6650 - Ardingly FOB REB","HUJ4","","","","","","","","","","","110186051","2024-03-04","","NRAIL","","","","","Rev Goods","What 3 words - ///cards.bloom.deranged.  
Steps from access gate down to track level","TQ 33128 27474"
"110184334","CJL","0.1078","QU","","0.1078","1100","","MAP","","527547.0","175993.0","Falcon Park Access ","HUJ3","","","","","","","","","MAINTENANCE","","110184334","2023-07-20","","NRAIL","","","","","Up Main/Fast","New access from Falcon Park, next to passage under track",""
"110154825","CJL","0.1534","QU","","0.1534","2100","","MAP","","527248.0","176256.0","LATCHMERE CURVES","HUJ3","","","","","","","","","","","110154825","2025-07-31","","NRAIL","","","","","Down Main/Fast","This access point is off Cabul Road via a gate into a little green/park area, then a NWR double gate leading to a metal staircase, 18 steps up to the track level. What3Words - couch.flute.slams. Post Code - SW11 2PU","TQ 27248 76256"
"70202469","CKL","2.022","QU","","2.022","1100","","MAP","","528253.0","176208.0","Culvert Road","HUJ3","","","","","","","","","","","70202469","2015-05-19","","NRAIL","","","","","Up Main/Fast","Risk Rating 6, Hazard Rating 2, Score 12",""
"70222130","HGG1","21.1223","QU","","21.1223","2100","","MAP","","540368.0","150890.0","NR HOLLAND LANE OB844","HUJ3","","","","","","","","","","","70222130","2015-05-19","","AMEC","","","","","Down Main/Fast","Risk Rating 3, Hazard Rating 2, Score 6, 3 Steps Dn",""
"70130718","HGG1","21.1773","QU","","21.1773","2100","","MAP","","540579.0","150245.0","BURDETTS BRIDGE - HOLLAND LANE - DOWN STEPS","HUJ3","","","","","","","","","","","70130718","2025-07-31","","AMEC","","","","","Down Main/Fast","Near HOLLAND LANE OB844; What3Words - ruler.maker.surely. Post Code - RH8 0RT","TQ 40579 50245"
"70261260","HGG1","22.0242","QU","","22.0242","1100","","MAP","","540593.0","150246.0","REDLANE FOOT CROSSING (UP SIDE)","HUJ3","","","","","","","","","","","70261260","2025-07-31","","AMEC","","","","","Up Main/Fast","Burdetts Bridge - Holland Lane - Down Steps. What3Words - leaves.period.swear. Post Code - RH8 0RT","TQ 40593 50246"
"70130719","HGG1","22.1088","QU","","22.1088","1100","","MAP","","540388.0","149494.0","MERLE COMMON ROAD - TILE BRIDGE, UP STEPS","HUJ3","","","","","","","","","","","70130719","2025-07-31","","AMEC","","","","","Up Main/Fast","Redlane/Holland Foot Crossing. Steps up to access gate from Merle Common Road West of Tile Bridge. What3Words - places.deals.fault. Post Code - RH8 0RP","TQ 40388 49494"
"110180424","HGG1","22.1606","QU","","22.1606","1100","","MAP","","540266.0","149031.0","FOYLE CROSSING (UP SIDE)","HUJ3","","","","","","","","","","","110180424","2025-07-31","","NRAIL","","","","","Up Main/Fast","Merle Common Road - Tile Bridge, Up Steps. What3Words - angle.radio.shakes. Post Code - RH8 9PN","TQ 40266 49031"
"110180425","HGG1","23.0154","QU","","23.0154","1100","","MAP","","540186.0","148753.0","SUNT FOOTPATH CROSSING (UP SIDE)","HUJ3","","","","","","","","","","","110180425","2025-07-31","","NRAIL","","","","","Up Main/Fast","Foyle Crossing. What3Words - wallet.wounds.libraries. Post Code - RH8 9PN","TQ 40186 48753"
"110147216","HGG1","23.1034","QU","","23.1034","2100","","MAP","","539956.0","147955.0","EDEN SUBSTATION","HUJ3","","","","","","","","","","","110147216","2025-07-31","","NRAIL","","","","","Down Main/Fast","Sunt Footpath Crossing. Road Access towards Substation off Caterfield Lane. What3Words - chat.songs.grit. Post Code - RH7 6LT","TQ 39956 47955"
"70130720","HGG1","24.0149","QU","","24.0149","1100","","MAP","","539729.0","147205.0","OLD MANOR LANE/CATERFIELD LANE","HUJ3","","","","","","","","","","","70130720","2025-07-31","","AMEC","","","","","Up Main/Fast","Eden Substation. What3Words - smug.reef.rams. Post Code - RH7 6LU","TQ 39729 47205"
"70130721","HGG1","24.0674","QU","","24.0674","1100","","MAP","","539603.0","146752.0","SHANT BRIDGE, EDENBRIDGE ROAD, CHELLOWS LANE","HUJ3","","","","","","","","","","","70130721","2025-07-31","","AMEC","","","","","Up Main/Fast","Old Manor Lane/Caterfield Lane. What3Words - gone.shot.snow. Post Code - RH7 6LU","TQ 39603 46752"
"70130722","HGG1","25.0396","QU","","25.0396","1100","","MAP","","539237.0","145413.0","BOWERLAND LANE, UP STEPS","HUJ3","","","","","","","","","","","70130722","2025-07-31","","AMEC","","","","","Up Main/Fast","Shant Bridge, Edenbridge Road, Chellows Lane. What3Words - luxury.remark.dime. Post Code - RH7 6DF","TQ 39237 45413"
"110147217","HGG1","25.0924","QU","","25.0924","1100","","MAP","","539184.0","144950.0","LINGFIELD TP HUT","HUJ3","","","","","","","","","","","110147217","2025-07-31","","NRAIL","","","","","Up Main/Fast","Bowerland Lane, Up Steps. Access gate East side of Bridge 863. What3Words - tonic.burn.prep. Post Code - RH7 6DD","TQ 39184 44950"
"70222131","HGG1","25.0957","QU","","25.0957","1100","","MAP","","539184.0","144950.0","UNDERBRIDGE 863","HUJ3","","","","","","","","","","","70222131","2025-07-31","","AMEC","","","","","Up Main/Fast","Lingfield TP Hut. Possible Duplicate of Hazard 110147217 (above). Access via same gate to both TP hut and track over road (Bridge 863). What3Words - tonic.burn.prep. Post Code - RH7 6DD","TQ 39184 44950"
"110180426","HGG1","25.1408","QU","","25.1408","1100","","MAP","","539203.0","144519.0","RUSHFORDS CROSSING (UP SIDE)","HUJ3","","","","","","","","","","","110180426","2025-07-31","","NRAIL","","","","","Up Main/Fast","Underbridge 863. Public Foot Crossing. What3Words - gear.bids.bend. Post Code - RH7 6EG","TQ 39203 44519"
"70109101","HGG1","26.0132","QU","","26.0132","1100","","MAP","","539327.0","144089.0","Park Farm - Up Grinstead","HUJ3","","","","","","","","","","","70109101","2023-05-31","","AMEC","","","","","Up Main/Fast","Road access to alley, through swing gate to public foot crossing.Risk Rating 4, Hazard Rating 4, Score 16",""
"110180427","HGG1","26.0616","QU","","26.0616","0","","MAP","","539500.0","143700.0","Race Course Crossing","HUJ3","","","","","","","","","","","110180427","2022-10-05","","NRAIL","","","","","All/Multiple Tracks","Public Footpath to be used as access   What Three Words  -  tulip.scare.basic","TQ 39500 43700"
"70130725","HGG1","26.1328","QU","","26.1328","1100","","MAP","","539788.0","143149.0","RACECOURSE RD BR B2028, TANYARD BDG LINGFIELD","HUJ3","","","","","","","","","","","70130725","2025-07-31","","AMEC","","","","","Up Main/Fast","LINGFIELD STATION Car Park. What3Words - hotels.aspect.agree. Post Code - RH7 6PJ","TQ 39788 43149"
"110147218","HGG1","27.1298","QU","","27.1298","1100","","MAP","","539680.0","141612.0","DORMANS SUBSTATION","HUJ3","","","","","","","","","","","110147218","2025-07-31","","NRAIL","","","","","Up Main/Fast","Racecourse Rd Br <B2028>, Tanyard Bdge, Lingfield. Unable to find on Google Maps. Post Code - RH7 6NJ","TQ 39680 41612"
"70261262","HGG1","28.0946","QU","","28.0946","1100","","MAP","","539799.0","140334.0","COOKS POND/DORMANSLAND","HUJ3","","","","","","","","","","","70261262","2025-07-31","","AMEC","","","","","Up Main/Fast","Bellagio's Bridge - Down Grinstead. No Google Street View of this area, unable to confirm from satellite photos.. Post Code - RH19 2LW","TQ 39799 40334"
"70130728","HGG1","29.0182","QU","","29.0182","2100","","MAP","","539554.0","139475.0","WATERWORKS BRIDGE, HACKENDON","HUJ3","","","","","","","","","","","70130728","2025-07-31","","AMEC","","","","","Down Main/Fast","Cooks Pond/Dormansland. Access South side of Bridge 875 by 64 Hackenden Ln (single track). What3Words - coast. price.farm. Post Code - RH19 3DT","TQ 39554 39475"
"70130729","HGG1","29.0924","QU","","29.0924","1100","","MAP","","539783.0","140317.0","ST MARGARETS, HACKENDEN LANE","HUJ3","","","","","","","","","","","70130729","2025-08-18","","AMEC","","","","","Up Main/Fast","Waterworks Bridge, Hackendon. What3Words - stray.limes.update. Post Code - RH19 2LS","TQ 39783 40317"
"70222133","HGG1","26.044","QU","","26.044","2100","","MAPE","","539392.0","143852.0","LINGFIELD PLATFORM 2 (LONDON END)","HUJ3","","","","","","","","","","","70222133","2025-07-31","","AMEC","","","","","Down Main/Fast","LINGFIELD RRV. Access to Ground Frame via Platform 2 London End. What3Words - admit.broke.brick. Post Code - RH7 6DJ","TQ 39392 43852"
"70222134","HGG1","26.0465","QU","","26.0465","1100","","MAPE","","539387.0","143840.0","LINGFIELD PLATFORM 1 (LONDON END)","HUJ3","","","","","","","","","","","70222134","2025-07-31","","AMEC","","","","","Up Main/Fast","Lingfield Platform 2 (London End). Platform End. Platform 2. What3Words - enhancement.bunks.fact. Post Code - RH7 6DJ","TQ 39387 43840"
"70222135","HGG1","26.0587","QU","","26.0587","2100","","MAPE","","539462.0","143710.0","LINGFIELD PLATFORM 2 (COUNTRY END)","HUJ3","","","","","","","","","","","70222135","2025-07-31","","AMEC","","","","","Down Main/Fast","Lingfield Platform 1 (London End). Platform End. Platform1. What3Words - chimp.values.that. Post Code - RH7 6EF","TQ 39462 43710"
"70130726","HGG1","27.1427","QU","","27.1427","2100","","MAPE","","539673.0","141495.0","DORMANS PLATFORM 2 (COUNTRY END)","HUJ3","","","","","","","","","","","70130726","2025-07-31","","AMEC","","","","","Down Main/Fast","Dormans Platform 1 (Country End). What3Words - wink.bucked.bats. Post Code - RH7 6NL","TQ 39673 41495"
"70222137","HGG1","27.1427","QU","","27.1427","1100","","MAPE","","539667.0","141495.0","DORMANS PLATFORM 1 (COUNTRY END)","HUJ3","","","","","","","","","","","70222137","2025-07-31","","AMEC","","","","","Up Main/Fast","Dormans Substation. What3Words - being.bend.empire. Post Code - RH7 6NL","TQ 39667 41495"
"70222138","HGG1","30.0069","QU","","30.0069","1100","","MAPE","","538858.0","138370.0","EAST GRINSTEAD PLATFORM 1 (LONDON END)","HUJ3","","","","","","","","","","","70222138","2025-07-31","","AMEC","","","","","Up Main/Fast","Platform 1, East Grinstead. St Margarets, Hackenden LaneAccess through station to platform. What3Words - piles.dimes.pokers. Post Code - RH19 1DJ","TQ 38858 38370"
"70222139","HGG1","30.0082","QU","","30.0082","3600","","MAPE","","538762.0","138140.0","EAST GRINSTEAD PLATFORM 2 (COUNTRY END)","HUJ3","","","","","","","","","","","70222139","2025-07-31","","AMEC","","","","","Rev Terminal/Bay","Platform 2. East Grinstead. Platform 2 (London End). Access through station to platform. What3Words - count.dock.skip. Post Code - RH19 1SP","TQ 38762 38140"
"70222132","HGG1","26.0278","QU","","26.0278","1100","","MAR","","539348.0","143926.0","LINGFIELD RRV","HUJ3","","","","","","","","","","","70222132","2025-07-31","","AMEC","","","","","Up Main/Fast","Park Farm - Up Grinstead (Up Side). Yard Access North End of Lingfield Station Car Park. What3Words - tame.belly.stores. Post Code - RH7 6DJ","TQ 39348 43926"
"70222140","HGG1","30.0191","QU","","30.0191","3600","","MAR","","538748.0","138110.0","EAST GRINSTEAD STATION RRV","HUJ3","","","","","","","","","","","70222140","2025-07-31","","NRAIL","","","","","Rev Terminal/Bay","EAST GRINSTEAD STATION RRV. What3Words - cafe.motel.files. Post Code - RH19 1SP","TQ 38748 38110"
"70222136","HGG1","26.062","QU","","26.062","1100","","MAV","","539479.0","143673.0","LINGFIELD STATION Car Park","HUJ3","","","","","","","","","","","70222136","2015-05-19","","AMEC","","","","","Up Main/Fast","Risk Rating 4, Hazard Rating 4, Score 16",""
"70109106","HGG1","28.066","QU","","28.066","2100","","MAV","","539812.0","140595.0","Bellagio's Bridge - Down Grinstead","HUJ3","","","","","","","","","","","70109106","2023-05-31","","AMEC","","","","","Down Main/Fast","Road access through Dormans Park to single gate. Down wide concrete steps to track level.Risk Rating 4, Hazard Rating 2, Score 8, 27 Steps Dn",""
"110150029","HHT","4.143","QU","","4.143","2200","","MAR","","531885.0","173231.0","Tulse Hill North Junction","HUJ3","","","","","","","","","RRV Access Point","","110150029","2023-05-31","","NRAIL","","","","","Down Slow","Shared vehicular access via Peabody Hill <road>, Peabody Hill Estate - see also record 110150028 for detail of access to ELR BTH1 via same road access - be aware that Holborn Lines branch out into 4 at this point","TQ 31885 73231"
"110179295","HHT","4.1505","QU","","4.1505","2100","","MAR","","531913.0","173170.0","Peabody","HUJ3","","","","","","","","","Staff Access","","110179295","2023-05-31","","NRAIL","","","","","Down Main/Fast"," AUTHORISED ACCESS POINT  -  ROAD/RAIL VEH",""
"110172375","KJE1","40.1725","QU","","40.1725","2100","","MAP","","531930.0","119449.0","Keymer Lc Down Side Access Point","HUJ4","","","","","","","","","","","110172375","2024-06-07","","NRAIL","","","","","Down Main/Fast","Keymar LC Down Side Access Point.  Pedstrian Access Point to track off junction Road           WHAT3WORDS REF: relate.slip.empty What3Words - nobody.pines.adding","TQ 31930 19449"
"110172374","KJE1","40.1746","QU","","40.1746","1100","","MAP","","531912.0","119426.0","Keymer Lc Up Side Access Point","HUJ4","","","","","","","","","","","110172374","2024-06-07","","NRAIL","","","","","Up Main/Fast","Keymer LC UP Side Access Point. Pedstrian Access Point to track on Junction Road             WHAT3WORDS REF: dishes.relate.rush What3Words - shadow.test.sentences","TQ 31912 19426"
"110179291","KJE1","41.099","QU","","41.099","0","","MAP","","532519.0","118748.0","One O""Clock Footpath Crossing","HUJ4","","","","","","","","","","","110179291","2022-08-01","","NRAIL","","","","","All/Multiple Tracks","https://abcrailwayguide.uk/one-oclock-public-level-crossing-west-sussex#.YtmFrbbMJPY",""
"70130158","KJE1","42.028","QU","","42.028","2100","","MAP","","533179.0","118049.0","Folders Lane","HUJ4","","","","","","","","","","","70130158","2024-06-07","","NRAIL","","","","","Down Main/Fast","Folders Lane, Bridge 658. What3Words - Bleaching.Kite.Baseballs","TQ 33174 18049"
"110178872","KJE1","42.1672","QU","","42.1672","1100","","MAP","","534103.0","117174.0","Spatham Lane Access","HUJ4","","","","","","","","","PEDESTRIAN","","110178872","2024-12-04","","NRAIL","","","","","Up Main/Fast","SPATHAM LANE ACCESS via Gatehouse. What3Words - TRADING.VISA.TYPICALLY.","TQ 34103 17174"
"70261263","KJE1","43.1197","QU","","43.1197","2100","","MAP","","535152.0","116690.0","Streat Lane","HUJ4","","","","","","","","","","","70261263","2024-06-07","","NRAIL","","","","","Down Main/Fast","Accessed by road off Streat Lane BN6 8SD then cross crudely bridged ditch to reach gate. What3Words - super.hospitals.lasts","TQ 35152 16690"
"110170952","KJE1","44.0506","QU","","44.0506","1100","","MAP","","536057.0","116288.0","Riddens User Worker Crossing","HUJ4","","","","","","","","","Pedestrian Crossing","","110170952","2024-06-07","","NRAIL","","","","","Up Main/Fast","RIDDENS User Worker Crossing. FTN SITE 2270 What3Words - carefully.though.stumpy","TQ 36057 16288"
"110147195","KJE1","44.0829","QU","","44.0829","2100","","MAP","","536383.0","116166.0","Plumpton Substation","HUJ4","","","","","","","","","","","110147195","2024-06-07","","NRAIL","","","","","Down Main/Fast","PLUMPTON SUBSTATION. ACCESS VIA PLUMPTON LANE/STATION RD - BN73BW / OS GRID: TQ363162 What3Words - consoled.passing.friday","TQ 36445 16119"
"110149417","KJE1","44.1042","QU","","44.1042","1100","","MAP","","536509.0","116093.0","Plumpton Signal Box","HUJ4","","","","","","","","","","","110149417","2024-06-07","","NRAIL","","","","","Up Main/Fast","Plumpton Signal Box. Access via Plumpton Lane. What3Words - anguished.haggis.living","TQ 36509 16093"
"110180428","KJE1","44.15","QU","","44.15","1100","","MAP","","536890.0","115943.0","North Barns Crossing","HUJ4","","","","","","","","","","","110180428","2024-06-07","","NRAIL","","","","","Up Main/Fast","L/R stations Plumpton & Cooksbridge. North Barns Crossing. What3Words - demanding.profile.collision","TQ 36890 15943"
"110180429","KJE1","45.033","QU","","45.033","1100","","MAP","","537391.0","115742.0","Chapel Church No. 2 Crossing","HUJ4","","","","","","","","","","","110180429","2024-06-07","","NRAIL","","","","","Up Main/Fast","L/R stations Plumpton & Cooksbridge. Chapel Church No.2 Crossing. What3Words - melon.prickly.hopefully","TQ 37391 15742"
"70130160","KJE1","45.0596","QU","","45.0596","2100","","MAP","","537618.0","115657.0","Brook House Bridge","HUJ4","","","","","","","","","","","70130160","2024-06-18","","NRAIL","","","","","Down Main/Fast","OUT OF USE - TEMP CLOSED, DUE TO ROTTEN TIMBER & 2 STEPS HAVE COLLAPSED WITH OTHER STEPS COMPLETELY ROTTEN.     Brook House Bridge 668. Access via Novington Lane. What3Words - heavy.doses.touches","TQ 37618 15657"
"70222360","KJE1","45.1144","QU","","45.1144","2100","","MAP","","538071.0","115422.0","Chiltington T.P. Hut","HUJ4","","","","","","","","","PEDESTRIAN ACCESS POINT","","70222360","2024-12-04","","AMEC","","","","","Down Main/Fast","Chiltington Lane Crossing. What3Words - something.rumbles.bandstand","TQ 38385 15222"
"110180430","KJE1","45.154","QU","","45.154","1100","","MAP","","538382.0","115221.0","Whitehouse Farm Steps Crossing","HUJ4","","","","","","","","","PEDESTRIAN ACCESS POINT","","110180430","2024-12-04","","NRAIL","","","","","Up Main/Fast","Whitehouse Farm Steps Crossing, Chiltington Lane. What3Words - RECONNECT.MONK.BUCKED.","TQ 38394 15239"
"110147196","KJE1","47.0488","QU","","47.0488","1100","","MAP","","539956.0","113612.0","Cooksbridge Substation","HUJ4","","","","","","","","","","","110147196","2024-06-07","","NRAIL","","","","","Up Main/Fast","Cooksbridge Substation. Access via Cooksbridge Station - BN73QG / OS GRID: TQ400135. What3Words - talkative.tangling.majors","TQ 39956 13612"
"70130742","KJE1","47.077","QU","","47.077","1100","","MAP","","540093.0","113434.0","Cooksbridge Level Crossing","HUJ4","","","","","","","","","PEDESTRIAN ACCESS POINT","","70130742","2024-12-04","","NRAIL","","","","","Up Main/Fast","Cooksbridge Level Crossing (Old Police house). Road traffic. What3Words - LUSHLY.COMPOSED.TRESPASS.","TQ 40097 13434"
"110180431","KJE1","47.1025","QU","","47.1025","1100","","MAP","","540234.0","113253.0","Malthouse Crossing","HUJ4","","","","","","","","","","","110180431","2024-06-07","","NRAIL","","","","","Up Main/Fast","L/R Stations Lewes and Cooksbridge. Malthouse crossing. What3Words - battling.riverside.defaults","TQ 40234 13253"
"110168488","KJE1","48.1074","QU","","48.1074","2100","","MAP","","540572.0","111633.0","Offham Tp Hut","HUJ4","","","","","","","","","","","110168488","2024-06-07","","NRAIL","","","","","Down Main/Fast","Access via long farm track and steps down from track to Offham TP Hut. What3Words - dine.suiting.clutches","TQ 40572 11633"
"110180432","KJE1","48.15","QU","","48.15","2100","","MAP","","540539.0","112391.0","Hamsey Crossing","HUJ4","","","","","","","","","","","110180432","2024-06-07","","NRAIL","","","","","Down Main/Fast","Hamsey Crossing Pedestrian access gate on downside of Hamsey. What3Words - nipped.wedge.available","TQ 40539 12391"
"70130744","KJE1","49.1059","QU","","49.1059","2100","","MAP","","541345.0","110308.0","Talbot Terrace <North Of Lewes Tunnel>","HUJ4","","","","","","","","","","","70130744","2024-06-07","","NRAIL","","","","","Down Main/Fast","Unmarked gate abd Steps at end of Talbot terrace just before footbridge. What3Words - atom.additives.plankton","TQ 41345 10308"
"110149527","KJE1","49.1463","QU","","49.1463","2100","","MAP","","541543.0","109901.0","Lewes Tunnel C/End","HUJ4","","","","","","","","","","","110149527","2024-06-07","","NRAIL","","","","","Down Main/Fast","Access via station end, Ramp and gate access. What3Word - weeknight.treatable.return","TQ 41543 09901"
"110149847","KJE1","49.1648","QU","","49.1648","2100","","MAP","","541593.0","109861.0","LEWES PLAT 1","HUJ4","","","","","","","","","","","110149847","2022-07-22","","","","","","","Down Main/Fast","Access through station, possible presence of catle grids and.or slope, station lighting.","TQ 41734 09846"
"70222363","KJE1","49.1698","QU","","49.1698","2100","","MAP","","541650.0","109846.0","Lewes Station","HUJ4","","","","","","","","","","","70222363","2024-06-07","","NRAIL","","","","","Down Main/Fast","Lewes Station. Station access. What3Words - scoping.ecologist.pump","TQ 41650 09846"
"70130204","KJE1","50.0006","QU","","50.0006","2100","","MAP","","541714.0","109871.0","Lewes Relay Room","HUJ4","","","","","","","","","","","70130204","2024-06-07","","NRAIL","","","","","Down Main/Fast","Lewes Relay Room access through car park, steps down to to the portacabins. What3Words - lunching.every.blackouts","TQ 41714 09871"
"110149876","KJE1","44.0833","QU","","44.0833","1100","","MAPE","","536325.0","116173.0","Plumpton Plat 1","HUJ4","","","","","","","","","","","110149876","2024-06-07","","","","","","","Up Main/Fast","PLUMPTON PLAT 1. Access through station. What3Words - ejects.husky.continued","TQ 36325 16173"
"110149877","KJE1","44.0833","QU","","44.0833","2100","","MAPE","","536327.0","116180.0","Plumpton Plat 2","HUJ4","","","","","","","","","","","110149877","2024-06-07","","","","","","","Down Main/Fast","PLUMPTON PLAT 2. Access through station. What3Words - lifts.vies.fools","TQ 36327 16180"
"110149785","KJE1","47.0602","QU","","47.0602","1100","","MAPE","","539968.0","113594.0","Cooksbridge Plat 1","HUJ4","","","","","","","","","","","110149785","2024-06-07","","","","","","","Up Main/Fast","Cooksbridge Platform 1. Steps off London End. Access through station. What3Words - pinch.burst.insulated","TQ 39968 13594"
"110149786","KJE1","47.0607","QU","","47.0607","2100","","MAPE","","540006.0","113559.0","Cooksbridge Plat 2","HUJ4","","","","","","","","","","","110149786","2024-06-07","","","","","","","Down Main/Fast","Cookbridge Platform 2. Ramp off London End. Access through station. What3Words - cycle.stability.speak","TQ 40006 13559"
"110149848","KJE1","49.1617","QU","","49.1617","1100","","MAPE","","541593.0","109861.0","Lewes, Platform 1, Country End ","HUJ4","","","","","","","","","","","110149848","2024-06-07","","","","","","","Up Main/Fast","Lewes Platform 1, Country End. Access through station. What3Words - sprayer.satin.ashes","TQ 41707 09844"
"70222362","KJE1","49.1736","QU","","49.1736","1100","","MAPE","","541690.0","109838.0","Lewes, Platform 2, Country End ","HUJ4","","","","","","","","","","","70222362","2024-06-07","","","","","","","Up Main/Fast","Lewes, Platform 2, Country End .  What3Words - premature.admires.costumed","TQ 41690 09838"
"70222361","KJE1","47.0528","QU","","47.0528","2100","","MAV","","539965.0","113623.0","Cooksbridge Builders Merchants","HUJ4","","","","","","","","","","","70222361","2024-06-07","","NRAIL","","","","","Down Main/Fast","Cooksbridge builders merchants. Access Via Covers Builders Merchants. What3Words - ourselves.ruby.fanfare","TQ 39965 13623"
"70130745","KJE1","49.1754","QU","","49.1754","2900","","MAV","","541702.0","109843.0","Lewes Station - Through Yard","HUJ4","","","","","","","","","","","70130745","2024-06-07","","NRAIL","","","","","Down Siding","Lewes Station. Access off Pinwell Road. What3Words - legroom.rescue.bunkers","TQ 41700 09900"
"110155660","KJE1","40.174","QU","","40.174","1100","","MAX","","531928.0","119433.0","Keymer Level Crossing","HUJ4","","","","","","","","","","","110155660","2024-06-07","","NRAIL","","","","","Up Main/Fast","KEYMER LEVEL CROSSING. This access point is a level crossing,  be aware of underfoot condition <cattle grids> and road traffic What3Words - canny.parts.quiet","TQ 31928 19433"
"70130734","KJE1","42.1672","QU","","42.1672","1100","","MAX","","534107.0","117181.0","Spatham Lane Level Crossing","HUJ4","","","","","","","","","","","70130734","2024-12-04","","NRAIL","","","","","Up Main/Fast","Spatham Lane Level Crossing.  What3Words - untruth.mole.tedious","TQ 34107 17181"
"70130736","KJE1","44.0503","QU","","44.0503","2100","","MAX","","536059.0","116288.0","Riddens Farm Crossing","HUJ4","","","","","","","","","","","70130736","2024-06-07","","AMEC","","","","","Down Main/Fast","Riddens Farm Crossing. What3Words - Carefully.through.stumpy","TQ 36059 16288"
"70130737","KJE1","44.1042","QU","","44.1042","1100","","MAX","","536502.0","116103.0","Plumpton Level Crossing","HUJ4","","","","","","","","","","","70130737","2024-06-07","","NRAIL","","","","","Up Main/Fast","Plumpton Level Crossing. Cattle grids and road traffic. What3Words - assorted.itself.dumplings","TQ 36502 16103"
"70130740","KJE1","46.0176","QU","","46.0176","2100","","MAX","","538677.0","115027.0","Kemps Farm Crossing","HUJ4","","","","","","","","","","","70130740","2025-01-21","","AMEC","","","","","Down Main/Fast","Kemps Farm Crossing. Access via Chiltington Lane, BN7 3QT. What3Words - tasks.seasick.cowering","TQ 38677 15027"
"70130743","KJE1","48.0264","QU","","48.0264","1100","","MAX","","540534.0","112392.0","Hamsey Level Crossing","HUJ4","","","","","","","","","","","70130743","2025-01-21","","NRAIL","","","","","Up Main/Fast","Hamsey Level Crossing. Access via The Drove, Road. What3Words - SMOOTHLY.COFFEE.CHARITIES.","TQ 40534 12392"
"70130746","KJE2","50.1469","QU","","50.1469","2100","","MAP","","542455.0","109231.0","Southerham Farm Crossing","HUJ4","","","","","","","","","AC","","70130746","2024-06-07","","AMEC","","","","","Down Main/Fast","Southerham Farm Crossing.  What3Words - whisker.advantage.axed","TQ 42455 09231"
"110149393","KJE2","50.1522","QU","","50.1522","2100","","MAV","","542491.0","109199.0","Southerham Access","HUJ4","","","","","","","","","","","110149393","2024-06-07","","NRAIL","","","","","Down Main/Fast","Access to Southerham Farm Crossing. Access off A26. What3Words - blindfold.windmills.ogre","TQ 42491 09199"
"110147197","KJE3","11.0013","QU","","11.0013","2900","","MAP","","545681.0","108630.0","Glynde Substation","HUJ4","","","","","","","","","","","110147197","2024-06-07","","NRAIL","","","","","Down Siding","Glynde Substation. Access via Lacys Hill. What3Words - blotches.forgot.launcher","TQ 45660 08636"
"110170951","KJE3","13.0506","QU","","13.0506","1100","","MAP","","549224.0","108534.0","Ripe Automatic Half Barrier Crossing","HUJ4","","","","","","","","","Pedestrian crossing","","110170951","2024-06-07","","NRAIL","","","","","Up Main/Fast","L/R Stations Glynde & Berwick, Firle Road Crossing. What3Words - stocky.pencil.signs","TQ 49224 08534"
"110180433","KJE3","14.0792","QU","","14.0792","1100","","MAP","","550900.0","107800.0","Sherrington Crossing","HUJ4","","","","","","","","","","","110180433","2024-11-06","","NRAIL","","","","","Up Main/Fast","L/R Stations Glynde & Berwick, sherrington Crossing. What3Words - cube.soak.shepherdess","TQ 50894 07758"
"110178873","KJE3","14.1279","QU","","14.1279","1100","","MAP","","551280.0","107563.0","Selmeston Access","HUJ4","","","","","","","","","PEDESTRIAN","","110178873","2024-06-07","","NRAIL","","","","","Up Main/Fast","The St Crossing Access, Authorised Access. What3Words - tolerable.community.feelers","TQ 51280 07563"
"110180434","KJE3","15.0","QU","","15.0","1100","","MAP","","551695.0","107379.0","Mays Farm Crossing","HUJ4","","","","","","","","","","","110180434","2024-06-07","","NRAIL","","","","","Up Main/Fast","Mays Farm Crossing. What3Words - spray.patching.impeached","TQ 51695 07379"
"110180435","KJE3","16.1078","QU","","16.1078","1100","","MAP","","553900.0","106000.0","Endlewick Crossing","HUJ4","","","","","","","","","","","110180435","2024-11-06","","NRAIL","","","","","Up Main/Fast","Endlewick Crossing. Access via Moorshill Lane. What3Words - hooked.sobs.epic","TQ 53900 06000"
"70130756","KJE3","16.1089","QU","","16.1089","2100","","MAP","","553883.0","105970.0","Farm Crossing - Across Fields","HUJ4","","","","","","","","","AC","","70130756","2024-06-07","","AMEC","","","","","Down Main/Fast","Farm Crossing.  What3Words - grove.loyal.mimes","TQ 46793 08748"
"110180436","KJE3","17.0308","QU","","17.0308","1100","","MAP","","554700.0","105500.0","Milton Street Crossing","HUJ4","","","","","","","","","","","110180436","2024-06-07","","NRAIL","","","","","Up Main/Fast","Milton Street Crrossing. Access via Barn Farm. What3Words - usage.cigar.yards","TQ 54700 05500"
"110180437","KJE3","17.0638","QU","","17.0638","1100","","MAP","","554938.0","105400.0","Wilmington Level Crossing","HUJ4","","","","","","","","","Pedestrian Authorised Access Point","","110180437","2025-08-19","","NRAIL","","","","","Up Main/Fast","Wilmington Level Crossing. Access via Thornwell Road. What3Words - grand.cages.drama.","TQ 54938 05400"
"110147199","KJE3","18.0519","QU","","18.0519","1100","","MAP","","556313.0","104807.0","Folkington Substation","HUJ4","","","","","","","","","","","110147199","2024-06-07","","NRAIL","","","","","Up Main/Fast","Folkington Substation. Access via A27, Gated. What3Word - exam.trees.food","TQ 56313 04807"
"110149391","KJE3","19.1716","QU","","19.1716","1100","","MAP","","559003.0","104693.0","Polly Arch","HUJ4","","","","","","","","","","","110149391","2024-06-07","","NRAIL","","","","","Up Main/Fast","Polly Arch. Access off Lynholm Road, Steps leading up to track. What3Words - pushes.rich.cuts","TQ 59003 04693"
"110180438","KJE3","20.066","QU","","20.066","1100","","MAP","","559500.0","104200.0","Vine No.2 Footpath Crossing","HUJ4","","","","","","","","","","","110180438","2024-06-07","","NRAIL","","","","","Up Main/Fast","Vine No.2 Footpath Crossing. Access via St Davids Close and fields. What3Words - stand.waving.hunt","TQ 59500 04200"
"110168489","KJE3","20.1627","QU","","20.1627","1100","","MAP","","560139.0","103621.0","Willingdon Trees","HUJ4","","","","","","","","","","","110168489","2024-06-07","","NRAIL","","","","","Up Main/Fast","Willingdon Trees. Access via Hazelwood Avenue to foot bridge. What3Words - curry.claims.star","TQ 60139 03621"
"70130203","KJE3","21.0367","QU","","21.0367","1100","","MAP","","560375.0","103283.0","Hazelwood Avenue, Eastbourne","HUJ4","","","","","","","","","","","70130203","2024-06-07","","NRAIL","","","","","Up Main/Fast","Hazelwood Avenue. Access through gate. What3Words - inform.apples.seats","TQ 60139 03621"
"110147200","KJE3","21.0961","QU","","21.0961","1100","","MAP","","560572.0","102712.0","Willingdon Jnc Substation","HUJ4","","","","","","","","","","","110147200","2024-06-07","","NRAIL","","","","","Up Main/Fast","Willingdon Junction Substation. Access via Brodrick Road. What3Words - ready.miles.tested","TQ 60572 02712"
"70130762","KJE3","21.1016","QU","","21.1016","2100","","MAP","","560583.0","102719.0","Gate Entrance - Willingdon Junction","HUJ4","","","","","","","","","","","70130762","2024-06-07","","NRAIL","","","","","Down Main/Fast","Willingdon Junction Substation. Access via Gate on track side 2100 . What3Words - looks.cones.strut","TQ 60583 02719"
"110180439","KJE3","21.1562","QU","","21.1562","1100","","MAP","","560700.0","102200.0","Hampden Park Crossing","HUJ4","","","","","","","","","","","110180439","2024-06-07","","NRAIL","","","","","Up Main/Fast","Hampden Park Crossing. This is a level crossing to be used as an access point for pedestrians. What3Words - snap.clap.exam","TQ 60700 02203"
"70130209","KJE3","21.1643","QU","","21.1643","2100","","MAP","","560730.0","102161.0","Hampden Park","HUJ4","","","","","","","","","AC","","70130209","2015-05-19","","NRAIL","","","","","Down Main/Fast","Risk Rating 3, Hazard Rating 4, Score 12 - Station access - Station lighting - No third party permission",""
"70261264","KJE3","22.0462","QU","","22.0462","1100","","MAP","","560872.0","101641.0","Currys/Comet - Eastbourne Ind. Estate","HUJ4","","","","","","","","","NP","","70261264","2024-12-04","","NRAIL","","","","","Up Main/Fast","Hampden Park Ind Estate. Access via Broadwater Way delivery Road running behind Currys. What3Words - PANEL.CLOCK.BRUSH","TQ 60872 01630"
"70130210","KJE3","22.1638","QU","","22.1638","1100","","MAP","","561174.0","100616.0","Tutts Barn, Eastbourne","HUJ4","","","","","","","","","PEDESTRIAN ACCESS POINT","","70130210","2025-01-21","","NRAIL","","","","","Up Main/Fast","Tutts Barn, Access vai Tutts Barn Lane. What3Words - ENDING.SLIM.RADAR","TQ 60752 02030"
"110178800","KJE3","23.0224","QU","","23.0224","2100","","MAP","","561276.0","100344.0","2243 - Hampden Park Reb","HUJ4","","","","","","","","","PEDESTRIAN","","110178800","2024-06-07","","NRAIL","","","","","Down Main/Fast","Courtland Road Ind Estate, Access via back of estate by IPC Group. What3Words - scouts.blank.moment","TQ 61275 00344"
"110147202","KJE3","23.0244","QU","","23.0244","1100","","MAP","","561259.0","100324.0","Eastbourne Grid","HUJ4","","","","","","","","","","","110147202","2024-06-07","","NRAIL","","","","","Up Main/Fast","Eastborne Grid, Access via Tutts Barn Lane and Gateed off. What3Words - exist.sleepy.cats","TQ 61259 00324"
"70130212","KJE3","23.1142","QU","","23.1142","2100","","MAP","","561314.0","99462.0","Ashford Square, Eastbourne, London End","HUJ4","","","","","","","","","","","70130212","2024-06-07","","NRAIL","","","","","Down Main/Fast","Eastborn London End, Access via Ashford Square. What3Words - hips.vision.wiring","TV 61314 99462"
"70130767","KJE3","23.1489","QU","","23.1489","3603","","MAP","","561089.0","99272.0","Eastbourne Station Yard","HUJ4","","","","","","","","","AC","","70130767","2024-06-07","","NRAIL","","","","","","Eastbourne Station Yard, Access via station car park. What3Words - piles.limes.tubes","TV 61089 99272"
"110149804","KJE3","23.1542","QU","","23.1542","3601","","MAP","","561075.0","99225.0","EASTBOURNE PLAT 1 & 2","HUJ4","","","","","","","","","","","110149804","2022-07-22","","","","","","","","Access through station, possible presence of catle grids and.or slope, station lighting.","TV 60967 99145"
"110149822","KJE3","11.0269","QU","","11.0269","1100","","MAPE","","545812.0","108666.0","Glynde Plat 1","HUJ4","","","","","","","","","","","110149822","2024-06-07","","","","","","","Up Main/Fast","Glynde Platform 1. Access through station. What3Words - wove.cool.chemistry","TQ 45812 08667"
"110149823","KJE3","11.0327","QU","","11.0327","2100","","MAPE","","545812.0","108666.0","Glynde Plat 2","HUJ4","","","","","","","","","","","110149823","2024-06-07","","","","","","","Down Main/Fast","Glynde Platform 2. Access through station. What3Words - clattered.wriggled.amber","TQ 45812 08667"
"110149761","KJE3","15.111","QU","","15.111","2100","","MAPE","","552570.0","106803.0","Berwick Plat 2","HUJ4","","","","","","","","","","","110149761","2024-06-07","","","","","","","Down Main/Fast","BERWICK PLAT 2. Access through station. What3Words - snow.rungs.manly","TQ 52570 06803"
"110149760","KJE3","15.111","QU","","15.111","1100","","MAPE","","552570.0","106803.0","Berwick Plat 1","HUJ4","","","","","","","","","","","110149760","2024-06-07","","","","","","","Up Main/Fast","BERWICK PLAT 1. Access through station. What3Words - gambles.foremost.fondest","TQ 52570 06803"
"110149879","KJE3","19.0933","QU","","19.0933","2100","","MAPE","","558321.0","104802.0","Polegate Plat 2","HUJ4","","","","","","","","","","","110149879","2024-06-07","","","","","","","Down Main/Fast","POLEGATE PLAT 2. Access through station. What3Words - guess.pasta.push","TQ 58278 04808"
"110149878","KJE3","19.0957","QU","","19.0957","1100","","MAPE","","558321.0","104802.0","Polegate Plat 1","HUJ4","","","","","","","","","","","110149878","2024-06-07","","","","","","","Up Main/Fast","POLEGATE PLAT 1. Access through station. What3Words - oath.drop.leaves","TQ 58321 04802"
"110149826","KJE3","21.1718","QU","","21.1718","1100","","MAPE","","560752.0","102085.0","Hampden Park Plat 1","HUJ4","","","","","","","","","","","110149826","2024-06-07","","","","","","","Up Main/Fast","Hampden Park Platform 1, Access through station. What3Words - acted.toxic.proper","TQ 60872 01671"
"110149827","KJE3","21.1741","QU","","21.1741","2100","","MAPE","","560752.0","102085.0","Hampden Park Plat 2","HUJ4","","","","","","","","","","","110149827","2024-06-07","","","","","","","Down Main/Fast","Hampden Park Platform 2, Access through station. What3Words - admiral.stow.number","TQ 60872 01671"
"110149805","KJE3","23.1394","QU","","23.1394","2100","","MAPE","","560973.0","99137.0","EASTBOURNE, PLATFORM 3, COUNTRY END ","HUJ4","","","","","","","","","","","110149805","2025-07-31","","","","","","","Down Main/Fast","EASTBOURNE PLAT 3 London End. Access through station. What3Words - guard.occupy.fancy. Post Code - BN21 3QJ","TV 60973 99137"
"120000122","KJE3","23.132","QU","","23.132","1900","","MAR","","561169.0","99367.0","Eastbourne Yard RRV","HUJ4","","","","","","","","","RRV","","120000122","2025-01-16","","","","","","","Up Siding","Road Rail Vehicle access. W3W \\\FLAG.CITY.DISH. Access through Eastbourne yard NR depot.",""
"70130747","KJE3","9.1742","QU","","9.1742","2100","","MAV","","543981.0","108342.0","Cow Lane Farm","HUJ4","","","","","","","","","AC","","70130747","2024-06-07","","AMEC","","","","","Down Main/Fast","Cow Lane Farm Crossing. Access of A27. What3Words - driveway.bars.lung","TQ 43978 08351"
"70130748","KJE3","10.0185","QU","","10.0185","1100","","MAV","","544162.0","108300.0","Beddingham","HUJ4","","","","","","","","","","","70130748","2018-10-30","","NRAIL","","","","","Up Main/Fast","Risk Rating 4, Hazard Rating 4, Score 16, 2 Steps Dn - Access off A27 <Level> - No lighting","TQ 44162 08300"
"70130749","KJE3","11.0153","QU","","11.0153","2100","","MAV","","545680.0","108646.0","Glynde Substation","HUJ4","","","","","","","","","","","70130749","2024-06-07","","NRAIL","","","","","Down Main/Fast","Glynde Subsatation, Access via Glynde Car Park. What3Words - building.lads.haven","TQ 45660 08636"
"70130750","KJE3","11.1372","QU","","11.1372","1100","","MAV","","546790.0","108752.0","Farm Crossing - Across Fields","HUJ4","","","","","","","","","AC","","70130750","2024-10-30","","AMEC","","","","","Up Main/Fast","Farm Crossing. What3Words - grove.loyal.mimes","TQ 46786 08767"
"70130751","KJE3","12.0929","QU","","12.0929","1100","","MAV","","547994.0","108792.0","Farm Crossing - Across Fields","HUJ4","","","","","","","","","AC","","70130751","2024-06-07","","AMEC","","","","","Up Main/Fast","Farm Crossing - Access across Fields.  What3Words - refrained.kidney.records","TQ 46786 08767"
"70130752","KJE3","13.0545","QU","","13.0545","1100","","MAV","","549224.0","108534.0","Ripe Level Crossing","HUJ4","","","","","","","","","AC","","70130752","2024-06-07","","NRAIL","","","","","Up Main/Fast","L/R Stations Glynde & Berwick, Firle Road Crossing. What3Words - headrest.deny.posed","TQ 49224 08534"
"110147198","KJE3","14.0137","QU","","14.0137","2100","","MAV","","551365.0","107531.0","Selmeston Substation","HUJ4","","","","","","","","","","","110147198","2024-06-07","","NRAIL","","","","","Down Main/Fast","Selmeston Substation, Access via crossing. What3words - risky.relished.cutback","TQ 51296 07556"
"70130753","KJE3","14.1279","QU","","14.1279","1100","","MAV","","551292.0","107565.0","Selmeston Level Crossing","HUJ4","","","","","","","","","AC","","70130753","2024-06-07","","AMEC","","","","","Up Main/Fast","Selmeston Level Crossing.  What3Words - grove.loyal.mimes","TQ 46790 08752"
"70130754","KJE3","15.1016","QU","","15.1016","2100","","MAV","","552474.0","106879.0","Berwick Station Car Park","HUJ4","","","","","","","","","AC","","70130754","2024-06-07","","NRAIL","","","","","Down Main/Fast","Berwick Station Car Park. Yard Access only < No Track Access > What3Words - deodorant.credit.verge","TQ 52593 06803"
"70130755","KJE3","15.1214","QU","","15.1214","1100","","MAV","","552611.0","106761.0","Berwick Level Crossing","HUJ4","","","","","","","","","AC","","70130755","2024-06-07","","NRAIL","","","","","Up Main/Fast","Berwick Level Crossing. What3Words - regrowth.falters.pictured","TQ 52610 06759"
"70130757","KJE3","17.0639","QU","","17.0639","1100","","MAV","","554938.0","105400.0","Wilmington Level Crossing","HUJ4","","","","","","","","","AC","","70130757","2024-06-07","","NRAIL","","","","","Up Main/Fast","Wilmington Crossing Automatic helf barriers, Access via Thornwell Road. What3Words - method.spout.ties","TQ 54938 05400"
"70130758","KJE3","18.1594","QU","","18.1594","1100","","MAV","","557305.0","104811.0","Dukes Farm Crossing","HUJ4","","","","","","","","","AC","","70130758","2024-06-07","","AMEC","","","","","Up Main/Fast","Dukes Farm Crossing.  What3Words - shut.towers.unions","TQ 57305 04811"
"70130759","KJE3","19.0774","QU","","19.0774","1100","","MAV","","558165.0","104804.0","Polegate Level Crossing","HUJ4","","","","","","","","","AC","","70130759","2024-06-07","","NRAIL","","","","","Up Main/Fast","Polegate Level Crossing.  What3Words - sleepy.discrepancy.gifted","TQ 58165 04803"
"70130201","KJE3","19.1211","QU","","19.1211","2100","","MAV","","558566.0","104812.0","Polegate Station Car Park","HUJ4","","","","","","","","","","","70130201","2024-06-07","","NRAIL","","","","","Down Main/Fast","Polegate Station Car Park. Access via Polegate Station Car Park. What3Words - sticks.worked.dull","TQ 58567 04811"
"70130634","KJE3","20.088","QU","","20.088","1100","","MAV","","559609.0","104108.0","Willingdon Junction - Gate","HUJ4","","","","","","","","","AC","","70130634","2024-06-07","","NRAIL","","","","","Up Main/Fast","Willingdon Junction - Gate. No Access known at this location What3Words - quiet.bump.dark","TQ 59609 04108"
"70130763","KJE3","21.1624","QU","","21.1624","1100","","MAV","","560726.0","102177.0","Hampden Level Crossing","HUJ4","","","","","","","","","AC","","70130763","2024-06-07","","NRAIL","","","","","Up Main/Fast","Hampden Level Crossing.  What3Words - slug.milk.sweep","TQ 60726 02177"
"70130764","KJE3","22.005","QU","","22.005","1100","","MAV","","560768.0","102031.0","Hampden Park Station Yard","HUJ4","","","","","","","","","AC","","70130764","2024-06-07","","NRAIL","","","","","Up Main/Fast","Hampden Park Station Yard. Access via Mallard Close, access to track 1100. What3Words - ants.flip.zoom","TQ 60752 02030"
"110149528","KJE3","22.005","QU","","22.005","1100","","MAV","","560752.0","102006.0","Hampden Park Station Approach","HUJ4","","","","","","","","","","","110149528","2024-06-07","","NRAIL","","","","","Up Main/Fast","Hampden Park Station Approach. Access via Mallard Close.. What3Words - saints.social.easy","TQ 60752 02030"
"70130765","KJE3","23.0264","QU","","23.0264","1100","","MAV","","561259.0","100324.0","Off Tutts Barn Lane, Eastbourne Substation","HUJ4","","","","","","","","","AC","","70130765","2024-06-07","","NRAIL","","","","","Up Main/Fast","Eastborne Grid Substation, Access via Tutts Barn Lane and Gateed off. What3Words - bleak.retain.such","TQ 61200 00300"
"70130766","KJE3","23.091","QU","","23.091","2100","","MAV","","561385.0","99698.0","Travis Perkins Road Entrance","HUJ4","","","","","","","","","","","70130766","2024-06-07","","NRAIL","","","","","Down Main/Fast","Access gate opposite entrance to Travis Perkins. What3Words - thin.forced.desire","TV 61385 99698"
"70109014","KJE3","23.1275","QU","","23.1275","1901","","MAV","","561168.0","99367.0","Eastbourne Yard","HUJ4","","","","","","","","","AC","","70109014","2024-06-07","","NRAIL","","","","","","Eastborn Yard, Access via Network Rail depot next to car park. What3Words - flag.city.dish","TV 61168 99367"
"70264703","KJE3","23.1606","QU","","23.1606","3600","","MAV","","561082.0","99264.0","EASTBOURNE YARD","HUJ4","","","","","","","","","","","70264703","2025-07-31","","NRAIL","","","","","Rev Terminal/Bay","Eastborn Yard, Access via Network Rail depot next to car park. What3Words - flag.city.dish. Post Code - BN21 3TE. Track ID should be 3602","TV 61082 99264"
"70130776","LBW","7.1034","QU","","7.1034","0","","MAP","","534608.0","169912.0","Anerley Station Platform - Up and Down Sides","HUJ3","","","","","","","","","AC","","70130776","2024-08-22","","AMEC","","","","","All/Multiple Tracks","Access Through Station. Risk Rating 10, Hazard Rating 4, Score 40.  WHAT3WORDS// CLOCK.GLASS.COULD","TQ 34608 69912"
"70130814","LBW","8.1276","QU","","8.1276","2100","","MAP","","534007.0","168142.0","Norwood Junction Signal Box Annexe","HUJ3","","","","","","","","","AC","","70130814","2016-02-08","","BBRM","","","","","Down Main/Fast","From Down Platform 4, Country End",""
"70261265","LBW","8.1738","QU","","8.1738","2200","","MAP","","533864.0","167745.0","TOWPATH WAY - NORWOOD FORK JC","HUJ3","","","","","","","","","","","70261265","2025-07-31","","AMEC","","","","","Down Slow","Towpath way - Norwood Fork Junction. What3Words - areas.guises.scared. Post Code - CR0 6DX","TQ 33863 67745"
"70130774","LBW","9.0154","QU","","9.0154","1100","","MAP","","533798.0","167612.0","NORWOOD JUNCTION TP HUT - UP SIDE","HUJ3","","","","","","","","","","","70130774","2025-07-31","","AMEC","","","","","Up Main/Fast","Norwood Junction TP Hut - Up Side. What3Words - value.groups.star. Post Code - CR0 6DX","TQ 33798 67612"
"70130769","LBW","9.088","QU","","9.088","1200","","MAP","","533192.0","166993.0","SELHURST SUB STATION, TAIT ROAD INDUSTRIAL ESTATE","HUJ3","","","","","","","","","","","70130769","2025-07-31","","AMEC","","","","","Up Slow","Selhurst Sub Station, Tait Road Industrial Estate. Under rail over road bridge and up steps on other side. What3Words - nature.rush.market. Post Code - SE25 5PZ","TQ 33192 66993"
"70130771","LBW","10.0682","QU","","10.0682","2100","","MAP","","533959.0","167913.0","DRIVE TO NORWOOD FORK DOWN YARD","HUJ3","","","","","","","","","","","70130771","2025-08-18","","AMEC","","","","","Down Main/Fast","Drive to Norwood Fork Down Yard. What3Words - salads.safety.snake. Post Code - SE25 5ND","TQ 33959 67913"
"70130770","LBW","10.0682","QU","","10.0682","1100","","MAP","","533959.0","167913.0","STEPS AT NORWOOD FORK","HUJ3","","","","","","","","","","","70130770","2025-08-18","","AMEC","","","","","Up Main/Fast","Steps at Norwood Fork. What3Words - salads.safety.snake. Post Code - SE25 5ND","TQ 33959 67913"
"110155466","LBW","8.0198","QU","","8.0198","2200","","MAR","","534270.0","168782.0","NORWOOD JUNCTION","HUJ3","","","","","","","","","","","110155466","2025-07-31","","NRAIL","","","","","Down Slow","Norwood JunctionRRV is beyond tracks of Crystal Place spur - crossing directly opposite access gate (A213 - Penge Rd) - then follow road to RRV. What3Words - proven.splice.theme. Post Code - SE25 4BQ","TQ 34270 68782"
"110155473","LBW","8.1496","QU","","8.1496","1800","","MAR","","533962.0","167910.0","MERTON ROAD","HUJ3","","","","","","","","","","","110155473","2025-07-31","","NRAIL","","","","","Up Other/Eng/Car","Merton RoadRRV. Siding marked as OOU. Access gate and yard remain though. What3Words - post.shots.powers. Post Code - SE25 5ND.  Track ID should be 1801","TQ 33962 67910"
"110155474","LBW","9.088","QU","","9.088","2300","","MAR","","533380.0","167046.0","NORWOOD JUNCTION - PERTERBATION SIDING","HUJ3","","","","","","","","","","","110155474","2025-07-31","","NRAIL","","","","","Down Goods","Norwood Junction - Perterbation Siding. What3Words - dips.ankle.gosh. Post Code - CR0 6BY","TQ 33402 67026"
"110155475","LBW","9.099","QU","","9.099","1200","","MAR","","533287.0","167024.0","TAIT ROAD COTTAGE JN LBW SLOWS","HUJ3","","","","","","","","","","","110155475","2025-07-31","","NRAIL","","","","","Up Slow","Tait Road Cottage Jn LBW Slows. What3Words - music.armed.bought. Post Code - CR0 6DQ","TQ 33287 67024"
"110155476","LBW","9.1618","QU","","9.1618","1100","","MAR","","533199.0","166879.0","TAIT ROAD LBW FAST'S","HUJ3","","","","","","","","","","","110155476","2025-07-31","","NRAIL","","","","","Up Main/Fast","Tait Road LBW Fasts. What3Words - monks.wished.moment. Post Code - CR0 2DP","TQ 33199 66879"
"70130768","LBW","9.1618","QU","","9.1618","1200","","MAV","","533199.0","166879.0","COTTAGE JUNCTION RRV ACCESS, TAIT RD IND EST","HUJ3","","","","","","","","","","","70130768","2025-07-31","","AMEC","","","","","Up Slow","Cottage Junction RRV Access, Tait Road ind est. What3Words - monks.wished.moment. Post Code - CR0 6DD","TQ 33199 66879"
"70261266","LTH","6.077","QU","","6.077","2100","","MAP","","531651.0","172715.0","Leigham Road","HUJ3","","","","","","","","","NP","","70261266","2024-07-26","","AMEC","","","","","Down Main/Fast","What three words are - asking.matter.cheeks, over 20 stairs to track level",""
"70130812","NFE","9.088","QU","","9.088","2100","","MAP","","533308.0","167170.0","SELHURST SUBSTATION TAIT RD IND EST. SELH TRI","HUJ3","","","","","","","","","","","70130812","2025-07-31","","AMEC","","","","","Down Main/Fast","This access point is a level crossing,  be aware of underfoot condition <cattle grids> and road traffic. What3Words - asleep.over.memo. Post Code - CR0 6BY","TQ 33401 67182"
"70119486","NFE","9.099","QU","","9.099","2100","","MAP","","533400.0","167181.0","GLOUCESTER ROAD JN, TAIT ROAD IND EST","HUJ3","","","","","","","","","","","70119486","2025-08-18","","AMEC","","","","","Down Main/Fast","Pedstrian Access Point to track on Junction Road. What3Words - asleep.over.memo. Post Code - CR0 6BY","TQ 33400 67181"
"110171092","NFE","9.1408","QU","","9.1408","1100","","MAP","","532952.0","166877.0","RODEN GARDENS","HUJ3","","","","","","","","","","","110171092","2025-07-31","","NRAIL","","","","","Up Main/Fast","Pedstrian Access Point to track off junction Road. What3Words - planet.wiping.papers. Post Code - CR0 2DQ","TQ 32951 66877"
"70109027","NFE","9.1614","QU","","9.1614","1100","","MAP","","532791.0","166799.0","Bird In Hand Sydenham Road","HUJ3","","","","","","","","","AC","","70109027","2016-02-11","","NRAIL","","","","","Up Main/Fast","Risk Rating 3, Hazard Rating 2, Score 6, Steps Dn","TQ 32791 66799"
"70223189","NFE","10.0904","QU","","10.0904","2100","","MAP","","527540.0","163631.0","WEST CROYDON PLATFORM 4","HUJ3","","","","","","","","","","","70223189","2025-08-18","","AMEC","","","","","Down Main/Fast","ACCESS VIA PLUMPTON LANE, STATION RD. What3Words - speaks.tested.alive. Post Code - CR0 2AJ","TQ 27540 63631"
"70223190","NFE","10.128","QU","","10.128","2100","","MAP","","531968.0","165846.0","WEST CROYDON RUSKIN ROAD","HUJ3","","","","","","","","","","","70223190","2025-07-31","","NRAIL","","","","","Down Main/Fast","Public Footpath with stiles, only suitable for hand tools. What3Words - aware.shuts.sushi. Post Code - CR0 1XJ","TQ 31981 65851"
"70130806","NFE","10.1485","QU","","10.1485","1100","","MAP","","531817.0","165732.0","CUTHBERT ROAD T.P HUT","HUJ3","","","","","","","","","","","70130806","2025-07-31","","NRAIL","","","","","Up Main/Fast","What3Words - hangs.crowd.body. Post Code - CR0 3RB","TQ 31819 65726"
"70109030","NFE","11.0982","QU","","11.0982","0","","MAP","","531130.0","164812.0","Waddon Station","HUJ3","","","","","","","","","AC","","70109030","2015-05-19","","AMEC","","","","","All/Multiple Tracks","Risk Rating 3, Hazard Rating 2, Score 6, 20 Steps Dn",""
"70130803","NFE","12.0025","QU","","12.0025","2100","","MAP","","531819.0","165725.0","SUBSTATION","HUJ3","","","","","","","","","","","70130803","2025-08-18","","AMEC","","","","","Down Main/Fast","23 Steps Down. What3Words - hangs.crowd.body. Post Code - CR0 3RB","TQ 31819 65725"
"70223182","NFE","13.0108","QU","","13.0108","0","","MAP","","528869.0","163978.0","WALLINGTON STATION","HUJ3","","","","","","","","","","","70223182","2015-05-19","","AMEC","","","","","All/Multiple Tracks","Access through station, Risk Rating 3, Hazard Rating 2, Score 6, Steps Dn",""
"70109032","NFE","13.0143","QU","","13.0143","1100","","MAP","","528839.0","163967.0","WALLINGTON","HUJ3","","","","","","","","","","","70109032","2025-07-31","","AMEC","","","","","Up Main/Fast","This access point is a level crossing, be aware of underfoot condition <cattle grids> and road traffic. What3Words - value.groups.star. Post Code - SM6 0DX","TQ 28869 63978"
"70130802","NFE","13.0154","QU","","13.0154","2100","","MAP","","528829.0","163964.0","WALLINGTON PLATFORM 2","HUJ3","","","","","","","","","","","70130802","2025-07-31","","AMEC","","","","","Down Main/Fast","Access through station, possible presence of catle grids and or slope, station lighting. What3Words - value.groups.star. Post Code - SM6 0DX","TQ 28869 63978"
"110182413","NFE","13.1518","QU","","13.1716","1100","","MAP","","527549.0","163610.0","CARSHALTON BEECHES P1","HUJ3","","","","","","","","","","","110182413","2025-08-18","","NRAIL","","","","","Up Main/Fast","Public Footpath with stiles, only suitable for hand tools. What3Words - switch.pocket.relay. Post Code - SM5 3NP","TQ 27549 63610"
"110182414","NFE","13.1518","QU","","13.1716","2100","","MAP","","527348.0","163647.0","CARSHALTON BEECHES P2","HUJ3","","","","","","","","","","","110182414","2025-07-31","","NRAIL","","","","","Down Main/Fast","What3Words - switch.pocket.relay. Post Code - SM5 3NP","TQ 27347 63647"
"110179932","NFE","13.1584","QU","","13.1584","0","","MAP","","527533.0","163607.0","CARSHALTON BEECHES STATION","HUJ3","","","","","","","","","AC","","110179932","2023-05-31","","NRAIL","","","","","All/Multiple Tracks","WHAT 3 WORDS ///POWER.MAJOR.SODA.   ADDITION OF ACCESS POINT.    RAMPED BOTH ENDS OF THE PLATFORM.","TQ 27532 63606"
"70130799","NFE","14.1348","QU","","14.1348","2100","","MAP","","526282.0","163928.0","SUTTON SUBSTATION AND STATION CAR PARK","HUJ3","","","","","","","","","","","70130799","2025-07-31","","AMEC","","","","","Down Main/Fast","What3Words - fades.report.train. Post Code - SM2 5BW","TQ 26270 63908"
"70223186","NFE","14.1547","QU","","14.1547","0","","MAP","","526114.0","163858.0","SUTTON STATION","HUJ3","","","","","","","","","","","70223186","2015-05-19","","AMEC","","","","","All/Multiple Tracks","Access through station, Risk Rating 3, Hazard Rating 2, Score 6",""
"70130796","NFE","16.0109","QU","","16.0109","3400","","MAP","","524428.0","163335.0","BELMONT STATION","HUJ3","","","","","","","","","","","70130796","2025-08-18","","AMEC","","","","","Rev Single","Access off A26, Lewes <Level> - No lighting. What3Words - token.chase.richer. Post Code - SM3 8SD","TQ 24428 63335"
"70223185","NFE","16.0286","QU","","16.0286","3400","","MAP","","525524.0","161887.0","OB1244 - BELMONT STN","HUJ3","","","","","","","","","","","70223185","2025-07-31","","AMEC","","","","","Rev Single","Steps Down. Access off A27 <Level> - No lighting. What3Words - boot.object.slows. Post Code - SM2 5SX","TQ 25535 61896"
"70130795","NFE","17.022","QU","","17.022","3400","","MAP","","525118.0","160493.0","Banstead Substation","HUJ3","","","","","","","","","AC","","70130795","2023-05-31","","AMEC","","","","","Rev Single","1/4 mile west of Banstead Station, access from down side coal yard at Banstead Station.Risk Rating 10, Hazard Rating 2, Score 20, Steps",""
"110179931","NFE","17.0722","QU","","17.0805","3400","","MAP","","524599.0","160443.0","2080 - BANSTEAD STATION REB","HUJ3","","","","","","","","","AC","","110179931","2023-05-31","","NRAIL","","","","","Rev Single","WHAT 3 WORDS - ///RISING.PILE.COWBOY.   26 METAL STEPS TO TRACK LEVEL, WALK 100M ON BALLAST TO REB 2080.    NO PATHWAY LIGHTING.","TQ 24600 60442"
"110182415","NFE","18.1254","QU","","18.1254","3100","","MAP","","522811.0","159775.0","EPSOM DOWNS PLATFORM1","HUJ3","","","","","","","","","","","110182415","2025-07-31","","NRAIL","","","","","Rev Main/Fast","What3Words - face.cloak.wasp. Post Code - KT17 4JX","TQ 22811 59774"
"70130807","NFE","10.0657","QU","","10.0657","2100","","MAR","","532258.0","166333.0","WEST CROYDON STATION. CAR PARK","HUJ3","","","","","","","","","","","70130807","2025-07-31","","AMEC","","","","","Down Main/Fast","18 Steps Down. Access via Folders Lane <18 Steps down to track with slopes to landing> - No lighting - No third party permissions. What3Words - speaks.tested.alive. Post Code - CR0 2AJ","TQ 32258 66333"
"70223183","NFE","13.0323","QU","","13.0323","1100","","MAR","","527540.0","163631.0","WALLINGTON STATION CAR PARK","HUJ3","","","","","","","","","","","70223183","2025-08-18","","AMEC","","","","","Up Main/Fast","Access through station, possible presence of catle grids and or slope, station lighting. What3Words - cycle.rapid.follow. Post Code - SM5 3RF","TQ 27540 63631"
"70130798","NFE","14.1512","QU","","14.1512","2100","","MAR","","526142.0","163873.0","SUTTON STATION P.WAY YARD","HUJ3","","","","","","","","","","","70130798","2025-07-31","","AMEC","","","","","Down Main/Fast","Limited sighting. RZP area tunnel mouth. Access via Lewes Station Car Park <level>. What3Words - dress.scars.precautions. Post Code - SM2 5FJ","TQ 26130 63855"
"70109028","NFE","10.0737","QU","","10.0737","2100","","MAV","","532258.0","166333.0","WEST CROYDON STATION","HUJ3","","","","","","","","","","","70109028","2025-08-18","","AMEC","","","","","Down Main/Fast","What3Words - speaks.tested.alive. Post Code - CR0 2AJ","TQ 32258 66333"
"70130805","NFE","11.0953","QU","","11.0953","1100","","MAV","","531151.0","164829.0","LONDON END OF WADDON STATION","HUJ3","","","","","","","","","","","70130805","2025-07-31","","AMEC","","","","","Up Main/Fast","Access through station, possible presence of catle grids and or slope, station lighting. What3Words - store.grant.edge. Post Code - CR0 4UP","TQ 31151 64829"
"70109036","NFE","17.1131","QU","","17.1131","3400","","MAV","","524592.0","160430.0","BANSTEAD STATION","HUJ3","","","","","","","","","","","70109036","2025-08-18","","AMEC","","","","","Rev Single","Platform 1, Banstead. Access through station, possible presence of catle grids and.or slope, station lighting. What3Words - hits.brief.towers. Post Code - SM7 1PZ","TQ 24592 60430"
"110149861","NHB","56.1374","QU","","56.1374","3600","","MAPE","","544944.0","100974.0","Newhaven Harbour Plat 1 London End","HUJ4","","","","","","","","","","","110149861","2024-06-07","","","","","","","Rev Terminal/Bay","Newhaven Harbour Platform 1 London end. Access through station. What3Words - teach.launcher.compelled","TQ 44944 00974"
"70109040","NYD","10.066","QU","","10.066","9999","","MAP","","","","No info available regarding access points on ELR","HUJ3","","","","","","","","","AC","","70109040","2016-02-05","","AMEC","","","","","Unknown","Road access via Redstone Hill past customer car park to old P/way lobby<now E.T.M. Office>. Double gates on to Tonbridge lines at back of building.",""
"70224819","PAT","15.0656","QU","","15.0656","1100","","MAP","","531336.0","161190.0","PURLEY TRAINING SCHOOL","HUJ3","","","","","","","","","","","70224819","2025-07-31","","AMEC","","","","","Up Main/Fast","PURLEY TRAINING SCHOOL. What3Words - shops.secret.arena. Post Code - CR8 2HH","TQ 31336 61190"
"70222633","PAT","16.0185","QU","","16.0185","2100","","MAP","","532035.0","160293.0","OLD ROKE LANE","HUJ3","","","","","","","","","","","70222633","2025-07-31","","AMEC","","","","","Down Main/Fast","Old Roke Lane12 Steps Up. What3Words - crash.sport.rainy. Post Code - CR8 5NE","TQ 32035 60293"
"70109041","PAT","16.132","QU","","16.132","2100","","MAP","","532927.0","159781.0","Bourne View - Foot crossing","HUJ3","","","","","","","","","AC","","70109041","2025-12-22","","AMEC","","","","","Down Main/Fast","<<<<< TEMPORARY OUT OF USE - Closure on safety grounds pending MSL installation, extension now agreed for Council works near crossing.  Date expected back in use – August 2026. >>>>> Road access to public foot crossing. Risk Rating 10, Hazard Rating 2, Score 20•",""
"70130816","PAT","16.1518","QU","","16.1518","2100","","MAP","","533054.0","159653.0","Kenley TP Hut <Down Side>","HUJ3","","","","","","","","","AC","","70130816","2023-05-31","","AMEC","","","","","Down Main/Fast","From Valley Road into Bourne View - 1/2 mile south east of Kenley Station.",""
"70109042","PAT","17.1276","QU","","17.1276","0","","MAP","","533842.0","158543.0","Whyteleafe Station","HUJ3","","","","","","","","","AC","","70109042","2023-05-31","","AMEC","","","","","All/Multiple Tracks","Access through station gate to track level. Risk Rating 10, Hazard Rating 2, Score 20",""
"110147219","PAT","17.1398","QU","","17.1398","1100","","MAP","","534137.0","157800.0","WHYTELEAFE SOUTH SUBSTATION","HUJ3","","","","","","","","","","","110147219","2025-07-31","","NRAIL","","","","","Up Main/Fast","Whyteleafe South Substation. Access to S/S is via Station. What3Words - vouch.zone.knee. Post Code - CR3 0EF","TQ 34137 57800"
"70109043","PAT","19.0352","QU","","19.0352","2100","","MAP","","534239.0","156425.0","STAFFORD ROAD/BOSWELL LANE - DOWN CATERHAM","HUJ3","","","","","","","","","","","70109043","2025-07-31","","AMEC","","","","","Down Main/Fast","Stafford Road/Boswell Lane - Down Caterham. Road access to alley to single gate, down concrete steps to track. level. 12 Steps Down. What3Words - wage.goals.visual. Post Code - CR3 6YL","TQ 34239 56425"
"70130815","PAT","16.0603","QU","","16.0603","2100","","MAPE","","532357.0","160145.0","KENLEY PLATFORM 2 (LONDON END)","HUJ3","","","","","","","","","","","70130815","2025-07-31","","AMEC","","","","","Down Main/Fast","Kenley Platform 2 (London End). Access through station. What3Words - crash.sport.rainy. Post Code - CR8 5JS","TQ 32357 60145"
"70130819","PAT","18.044","QU","","18.044","1100","","MAPE","","534162.0","157774.0","WHYTELEAFE SOUTH PLATFORM 1 (LONDON END)","HUJ3","","","","","","","","","","","70130819","2025-07-31","","AMEC","","","","","Up Main/Fast","Whyteleafe South Platform 1 (London End). Access through station via platform end. What3Words - quest.aside.asking. Post Code - CR3 0AL","TQ 34162 57774"
"70130820","PAT","19.1496","QU","","19.1496","3600","","MAPE","","534033.0","155603.0","CATERHAM PLATFORM 1 (LONDON END)","HUJ3","","","","","","","","","","","70130820","2025-07-31","","AMEC","","","","","Rev Terminal/Bay","Caterham Platform 1 (London End). Access through station, Double gate. What3Words - aims.join.lion. Post Code - CR3 6TR","TQ 34033 55603"
"70109044","PAT","19.1309","QU","","19.1309","2600","","MAR","","534029.0","155640.0","WAITROSE CAR PARK","HUJ3","","","","","","","","","","","70109044","2025-07-31","","AMEC","","","","","Down Terminal/Bay","Waitrose Car park. Road access to large single gate at end of car park to track level. What3Words - wishes.care.solve. Post Code - CR3 6QF","TQ 34029 55640"
"70109244","PAT","15.0176","QU","","15.0176","2100","","MAV","","531549.0","161567.0","DOWN LOOP & SIDINGS","HUJ3","","","","","","","","","","","70109244","2025-07-31","","AMEC","","","","","Down Main/Fast","Down Loop & Sidings. What3Words - assure.quench.basis. Post Code - CR8 2YU","TQ 31549 61567"
"70222630","PAT","15.0248","QU","","15.0248","2500","","MAV","","531440.0","161447.0","PURLEY WAY","HUJ3","","","","","","","","","","","70222630","2025-08-18","","AMEC","","","","","Down Loop","Purley Way. What3Words - loss.harp.bounty. Post Code - CR0 4NX","TQ 31440 61447"
"70109246","PAT","15.0264","QU","","15.0264","2900","","MAV","","531497.0","161485.0","PURLEY STATION","HUJ3","","","","","","","","","","","70109246","2025-07-31","","AMEC","","","","","Down Siding","Purley Station. Road access to Purley down sidings, 2 single gates situated either side of the lobby. What3Words - loose.cheat.maps. Post Code - CR8 2AL","TQ 31497 61485"
"70130818","PAT","18.045","QU","","18.045","0","","MAV","","534167.0","157766.0","Whyteleafe South level crossing","HUJ3","","","","","","","","","AC","","70130818","2016-03-16","","NRAIL","","","","","All/Multiple Tracks","Off Station Platform.Risk Rating 3, Hazard Rating 2, Score 6. This access point is a level crossing,  be aware of underfoot condition <cattle grids> and road traffic",""
"110155661","PAT","17.1417","QU","","17.1417","1100","","MAX","","533855.0","158418.0","WHYTLEAFE LC UP SIDE (SOUTH SIDE)","HUJ3","","","","","","","","","","","110155661","2025-07-31","","NRAIL","","","","","Up Main/Fast","Whytleafe LC Up Side (South Side). This access point is a level crossing, be aware of underfoot condition <cattle grids> and road traffic. What3Words - rising.gums.fakes. Post Code - CR3 0FJ","TQ 33855 58418"
"110172653","PAT","18.046","QU","","18.046","2100","","MAX","","534185.0","157758.0","WHYTELEAF SOUTH LC DOWN SIDE","HUJ3","","","","","","","","","","","110172653","2025-07-31","","NRAIL","","","","","Down Main/Fast","Whyteleaf South LC Down Side. Access point off Salmons Lanes on the Down side. What3Words - feast.starts.oils. Post Code - CR3 0AL","TQ 34185 57758"
"110172654","PAT","18.046","QU","","18.046","1100","","MAX","","534170.0","157749.0","WHYTELEAF SOUTH LC UP SIDE","HUJ3","","","","","","","","","","","110172654","2025-07-31","","NRAIL","","","","","Up Main/Fast","Whyteleaf South LC Up Side. Access point off Salmons Lane on the UP side. What3Words - shout.clay radio. Post Code - CR3 0AL","TQ 34170 57749"
"70109045","PPH","49.0965","QU","","49.0965","3200","","MAP","","529983.0","106660.0","Preston Park","HUJ4","","","","","","","","","","","70109045","2024-06-18","","NRAIL","","","","","Rev Slow","OUT OF USE PERMANENTLY.  Preston Park, Access via Woodside Ave, Steps down to track 3200. What3Words - hooks.saving.sleepy","TQ 29983 06660"
"70223355","PPH","49.1208","QU","","49.1208","3800","","MAP","","530156.0","106040.0","Highcroft Villas, Brighton","HUJ4","","","","","","","","","","","70223355","2024-06-07","","NRAIL","","","","","Rev Other/Eng/Car","Brighton, Access via Highcroft Villas, steps down to track 3800. What3Words - fantastic.branch.resist","TQ 30156 06040"
"110147203","PPH","50.1415","QU","","50.1415","1905","","MAV","","528921.0","105555.0","Hove Substation","HUJ4","","","","","","","","","","","110147203","2024-06-07","","NRAIL","","","","","","Hove Substation, Access via station. What3Words - host.spark.hugs","TQ 28901 05530"
"70223472","RED1","14.0877","QU","","14.0877","2900","","MAP","","530415.0","160049.0","STOATS NEST RELAY ROOM","HUJ3","","","","","","","","","","","70223472","2025-07-31","","AMEC","","","","","Down Siding","What3Words - rings.deep.rigid. Post Code - CR5 2JD.  Track ID should be 2901","TQ 30438 60029"
"70109046","RED1","14.0892","QU","","14.0892","2900","","MAR","","530408.0","160037.0","STOATS NEST RELAY ROOM - REDHILL","HUJ3","","","","","","","","","","","70109046","2025-07-31","","AMEC","","","","","Down Siding","Road access via Stoats Nest Road, double gates. 6 Steps Down. Road access via Stoats Nest Road, double gates. 6 Steps Down. What3Words - rings.deep.rigid. Post Code - CR5 2JD. Track ID should be 2901","TQ 30438 60029"
"70223587","RED2","17.0026","QU","","17.0026","1100","","MAP","","530092.0","159713.0","COULSDEN SOUTH JUNCTION","HUJ3","","","","","","","","","","","70223587","2025-08-18","","AMEC","","","","","Up Main/Fast","Enter through Leaden Hill. Steps. What3Words - flies.deaf.layers. Post Code - CR5 2DZ","TQ 30092 59713"
"70223588","RED2","17.0027","QU","","17.0027","2100","","MAP","","530092.0","159713.0","COULSDEN SOUTH JUNCTION","HUJ3","","","","","","","","","","","70223588","2025-08-18","","AMEC","","","","","Down Main/Fast","Enter through Leaden Hill. Steps. What3Words - flies.deaf.layers. Post Code - CR52DZ","TQ 30092 59713"
"70130825","RED2","18.0961","QU","","18.0961","1100","","MAP","","529025.0","156819.0","STAR LANE SLOWS, STAR BRIDGE, DOWN STEPS","HUJ3","","","","","","","","","","","70130825","2025-08-18","","AMEC","","","","","Up Main/Fast","4 Steps Up. What3Words - rungs.notes.shave. Post Code - CR5 1NS","TQ 29025 56819"
"70109050","RED2","18.099","QU","","18.099","1200","","MAP","","528995.0","157169.0","PRETTY LANE - UP REDHILL SLOW","HUJ3","","","","","","","","","","","70109050","2025-08-18","","AMEC","","","","","Up Slow","Road access to single gate next to bridge on Brighton road. 42 Steps Down. Road access to single gate next to bridge on Brighton road. What3Words - ropes.police.birds. Post Code - CR53AB","TQ 28995 57169"
"70130826","RED2","19.0194","QU","","19.0194","1100","","MAP","","529077.0","152816.0","MERSTHAM TUNNEL NORTH END NEAR BRT RADIO MAST","HUJ3","","","","","","","","","","","70130826","2025-08-18","","AMEC","","","","","Up Main/Fast","THIS ACCESS POINT IS LOCKED OUT OF NORMAL USE, TO BE USED FOR EMERGENCY EVACUATION ONLYTHIS ACCESS POINT IS LOCKED OUT OF NORMAL USE, TO BE USED FOR EMERGENCY EVACUATION ONLYWhat3Words - notes.guides.voting. Post Code - RH1 3EL","TQ 29077 52816"
"110147220","RED2","20.0286","QU","","20.0286","1100","","MAP","","529101.0","154099.0","SHEPHERDS HILL SUBSTATION","HUJ3","","","","","","","","","","","110147220","2025-07-31","","NRAIL","","","","","Up Main/Fast","Access to Substation is via London Rd North. What3Words - lifts.speeds.lakes. Post Code - RH1 3BL","TQ 29100 54099"
"70130827","RED2","20.0297","QU","","20.0297","2100","","MAP","","529137.0","153622.0","EXCHANGE PH COUNTRY END OF MERSTHAM TUNNEL","HUJ3","","","","","","","","","","","70130827","2025-08-18","","AMEC","","","","","Down Main/Fast","Was Joliffe Arms, Joliffe Road. 71 Steps Down. Was Joliffe Arms, Joliffe Road. 71 Steps Down. What3Words - jars.keen.spell. Post Code - RH1 3BX","TQ 29137 53622"
"70130828","RED2","20.1304","QU","","20.1304","2100","","MAP","","529268.0","153325.0","MERSTHAM SIDING","HUJ3","","","","","","","","","","","70130828","2025-08-18","","AMEC","","","","","Down Main/Fast","Brook Road. Level Vehicular Access, Double Gate. What3Words - minute.retire.lived. Post Code - RH1 3EJ","TQ 29268 53325"
"70223589","RED2","20.1306","QU","","20.1306","0","","MAP","","529165.0","153283.0","MERSTHAM STATION","HUJ3","","","","","","","","","","","70223589","2015-05-19","","AMEC","","","","","All/Multiple Tracks","Access through station, Risk Rating 6, Hazard Rating 4, Score 24",""
"70223590","RED2","20.1318","QU","","20.1318","1100","","MAP","","529165.0","153283.0","MERSTHAM STATION","HUJ3","","","","","","","","","","","70223590","2025-07-31","","AMEC","","","","","Up Main/Fast","Off Brighton Road. What3Words - sport.link.cared. Post Code - RH1 3DA","TQ 29148 53278"
"70109053","RED2","20.1386","QU","","20.1386","2100","","MAP","","529267.0","153328.0","MERSTHAM SUBSTATION","HUJ3","","","","","","","","","","","70109053","2025-08-18","","NRAIL","","","","","Down Main/Fast","Brook Road. Access to Substation is via Station. What3Words - rift.plants.vouch. Post Code - RH1 3EJ","TQ 29267 53328"
"70261267","RED2","20.165","QU","","20.165","2100","","MAP","","529095.0","152977.0","SCHOOL HILL BRIDGE 11","HUJ3","","","","","","","","","","","70261267","2025-07-31","","AMEC","","","","","Down Main/Fast","School Hill Road. 22 Steps Up. What3Words - taxi.skirt.turns. Post Code - RH1 3PH","TQ 29124 52966"
"110149971","RED2","21.0743","QU","","21.0743","2100","","MAP","","528793.0","152276.0","Battlebridge Lane, Redhill","HUJ4","","","","","","","","","","","110149971","2024-06-07","","NRAIL","","","","","Down Main/Fast","Street lighting only - no third party permissions - Access via Battlebridge Lane <28 steps up to track>. What3Words - ritual.feared.dame","TQ 28793 52276"
"110163710","RED2","21.1573","QU","","21.1573","2100","","MAP","","528519.0","151556.0","Holmethorpe Avenue","HUJ4","","","","","","","","","","","110163710","2018-03-26","","NRAIL","","","","","Down Main/Fast"," Access via Holmethorpe Avenue. <Pedestrian access street lighting / no third party permission / Left hand side / cables troughs and 1.5m of soil to track.","TQ 28519 51556"
"110163726","RED2","21.1584","QU","","21.1584","2100","","MAP","","528512.0","151549.0","Holmethorpe Avenue Foot Bridge","HUJ4","","","","","","","","","","","110163726","2018-03-26","","","","","","","Down Main/Fast","Access via Holmethorpe Avenue. Pedestrian Access street lighting / no third party permission / left hand side / uneven ground 10m of soil and grass to track.","TQ 28512 51549"
"110163727","RED2","22.0176","QU","","22.0176","2100","","MAP","","528413.0","151256.0","Saint Annes Drive North","HUJ4","","","","","","","","","","","110163727","2024-06-07","","NRAIL","","","","","Down Main/Fast","Access via Saint Annes Drive North. Pedestrian Access street lighting / no thrid party permission / left hand side 8 metal steps up to track, Hand Rail on both sides. What3Words - older.third.shock","TQ 28413 51256"
"70130830","RED2","22.0585","QU","","22.0585","1100","","MAP","","528258.0","150895.0","St. Anne""S Footbridge, Off Ladbroke Road, Redhill","HUJ4","","","","","","","","","","","70130830","2024-06-07","","NRAIL","","","","","Up Main/Fast","Level Access. Access off Ladbroke Road <level> - Footpath lighting - No third party permissions.. What3Words - trial.rather.quest","TQ 28258 50895"
"110147204","RED2","22.1758","QU","","22.1758","2100","","MAP","","528072.0","150211.0","Redhill A Substation","HUJ4","","","","","","","","","","","110147204","2024-06-07","","NRAIL","","","","","Down Main/Fast","Along Brook Road Access via station and station car park. What3Words - pram.talked.rental","TQ 27900 49900"
"70130824","RED2","16.1684","QU","","16.1684","1100","","MAPE","","529898.0","159123.0","COULSDON SOUTH PLATFORM 1 (LONDON END)","HUJ3","","","","","","","","","","","70130824","2025-07-31","","AMEC","","","","","Up Main/Fast","Access through station. What3Words - door.speak.nets. Post Code - CR5 1DT","TQ 29898 59123"
"110162867","RED2","22.063","QU","","22.063","3504","","MAPE","","528429.0","151341.0","Redhill Station Platform 0","HUJ4","","","","","","","","","Station Platform","","110162867","2024-06-07","","NRAIL","","","","","","Access to track via gate at London end of platform. What3Words - robot.lowest.jabs","TQ 28092 50486"
"110149886","RED2","22.0886","QU","","22.0886","3502","","MAPE","","528171.0","150631.0","Redhill Plat 1 & 2","HUJ4","","","","","","","","","","","110149886","2024-06-07","","","","","","","","Access through station, possible presence of catle grids and.or slope, station lighting. What3Words - them.eager.modest","TQ 28124 50500"
"110149887","RED2","22.0899","QU","","22.0899","3503","","MAPE","","528171.0","150631.0","Redhill Plat 3","HUJ4","","","","","","","","","","","110149887","2024-06-07","","","","","","","","Access through station, possible presence of catle grids and.or slope, station lighting. What3Words - them.eager.modest","TQ 28124 50500"
"110162868","RED2","22.0961","QU","","22.0961","3504","","MAPE","","528149.0","150570.0","Redhill Station Platform 0","HUJ4","","","","","","","","","Station platform","","110162868","2024-06-07","","NRAIL","","","","","","Access to track via gate at country end of platform. What3Words - robot.lowest.jabs","TQ 28092 50486"
"70109056","RED2","22.1033","QU","","22.1033","2503","","MAPE","","528127.0","150508.0","Redhill Platform 3- Down Loop","HUJ4","","","","","","","","","","","70109056","2024-06-07","","NRAIL","","","","","","Station Access - Road access via Redstone Hill to P.W.E offices car park. There are two gates to walk through to gain access to platform. What3Words - spent.simply.trade","TQ 28144 50514"
"110155477","RED2","20.11","QU","","20.11","2200","","MAR","","529180.0","153461.0","MERSTHAM SLOWS","HUJ3","","","","","","","","","","","110155477","2025-07-31","","NRAIL","","","","","Down Slow","What3Words - mass.wiping.spark. Post Code - RH1 3ED","TQ 29180 53461"
"70109047","RED2","16.1204","QU","","16.1204","2100","","MAV","","530172.0","159728.0","REDLANDS - DOWN REDHILL SLOW","HUJ3","","","","","","","","","","","70109047","2025-07-31","","AMEC","","","","","Down Main/Fast","Road access via Redlands Industrial Estate through double gates to track level. Road rail access with launch pad. Road access via Redlands Industrial Estate through double gates to track level. Road rail access with launch pad. What3Words - riders.allows.salt. Post Code - CR5 2BQ","TQ 30173 59730"
"70109051","RED2","20.1262","QU","","20.1262","1100","","MAV","","529168.0","153466.0","MERSTHAM STATION SIDINGS - UP REDHILL SLOW","HUJ3","","","","","","","","","","","70109051","2025-08-18","","AMEC","","","","","Up Main/Fast","Road access to Merstham station car park. North end of station to double gates to siding. Road rail access but no launch pad. Road access to Merstham station car park. North end of station to double gates to siding. Road rail access but no launch pad. What3Words - sung.drama.suffer. Post Code - RH13DA","TQ 29168 53466"
"70130829","RED2","21.1573","QU","","21.1573","1100","","MAV","","528500.0","151550.0","Holmethorpe Sub Station","HUJ4","","","","","","","","","","","70130829","2018-10-30","","NRAIL","","","","","Up Main/Fast","Risk Rating 6, Hazard Rating 2, Score 12 - Access off Frenches Road <level> - No lighting - No third party permissions","TQ 28500 51550"
"70130847","RSJ","22.1078","QU","","22.1078","1100","","MAP","","528078.0","150470.0","Redhill Up Yard/Sidings - Up Steps","HUJ4","","","","","","","","","","","70130847","2024-06-07","","NRAIL","","","","","Up Main/Fast","Redhill Up Yard/Sidings, Access via Marketfield Way. What3Words - dream.play.radar","TQ 28014 50421"
"70199750","RSJ","23.0056","QU","","23.0056","1100","","MAP","","527550.0","150443.0","Redhill - Baxter Avenue","HUJ4","","","","","","","","","","","70199750","2024-06-07","","NRAIL","","","","","Up Main/Fast","Redhill, Access via Baxter Avenue to track 1100. What3Words - artist.behind.intend","TQ 27548 50438"
"70199751","RSJ","23.0358","QU","","23.0358","2100","","MAP","","527276.0","150505.0","Bridge 1214","HUJ4","","","","","","","","","","","70199751","2024-06-07","","NRAIL","","","","","Down Main/Fast","Redhill, Bridge 1214, Access via Hatchlands Road, Steps down to track 2100. What3Words - nail.stiff.arch","TQ 27270 50484"
"110155644","RSJ","24.0705","QU","","24.0705","1100","","MAP","","525480.0","150720.0","Reigate Level Crossing","HUJ4","","","","","","","","","","","110155644","2024-06-07","","NRAIL","","","","","Up Main/Fast","Reigate Level Crossing. This access point is a level crossing. What3Words - hulk.grit.noses","TQ 25390 50748"
"110149367","RSJ","24.1188","QU","","24.1188","2100","","MAP","","524924.0","150839.0","Nutley Lane, Reigate","HUJ4","","","","","","","","","","","110149367","2024-06-07","","NRAIL","","","","","Down Main/Fast","Nutley Lane, Reigate. Acces via Nutley Lane steps from road. What3Words - adults.shows.issued","TQ 24933 50870"
"70223895","RSJ","24.1674","QU","","24.1674","1100","","MAP","","524518.0","151000.0","Colley Bridge Ob1226 Coppice Lane","HUJ4","","","","","","","","","","","70223895","2024-06-07","","NRAIL","","","","","Up Main/Fast","Colley Bridge OB1226 Coppice Lane. Access via Coppice Lane Steps up to track. What3Words - nail.planet.shows","TQ 24522 50996"
"70223896","RSJ","25.0697","QU","","25.0697","1100","","MAP","","523843.0","151161.0","Cliftons - Ob1229","HUJ4","","","","","","","","","","","70223896","2024-06-07","","NRAIL","","","","","Up Main/Fast","Cliftons Bridge OB1229. Access via Cliftons Lane, Buckland, Steps up to track. What3Words - spends.pound.apron","TQ 23844 51157"
"110180440","RSJ","25.1738","QU","","25.1738","1100","","MAP","","522900.0","151400.0","Dowdes Crossing","HUJ4","","","","","","","","","","","110180440","2024-06-07","","NRAIL","","","","","Up Main/Fast","Dowdes Crossing. What3Words - spine.breath.smart","TQ 22895 51398"
"110149366","RSJ","26.0286","QU","","26.0286","2100","","MAP","","522644.0","151460.0","Lawrence Lane","HUJ4","","","","","","","","","","","110149366","2024-10-07","","NRAIL","","","","","Down Main/Fast","***CLOSED UNTIL FURTHER NOTICE <Ref. SX24 CTL 021***    Lawrence Lane. Access via Lawrence Lane, Buckland up down to track. What3Words - slave.danger.moods","TQ 22645 51471"
"110180441","RSJ","26.0594","QU","","26.0594","1100","","MAP","","522400.0","151500.0","Church Public Footpath Crossing Rsj","HUJ4","","","","","","","","","","","110180441","2024-06-07","","NRAIL","","","","","Up Main/Fast","L/R Betchworth, Reigate. Church Public Footpath Crossing. What3Words - parks.beans.burns","TQ 22355 51536"
"110172393","RSJ","26.1078","QU","","26.1078","0","","MAP","","521911.0","151579.0","Buckland AHB Level Crossing Access Gate","HUJ4","","","","","","","","","","","110172393","2021-05-27","","NRAIL","","","","","All/Multiple Tracks","Access gate to track on Rectory Lane,  Buckland~
WHAT3WORDS REF: chew.pills.cake","TQ 21911 51579"
"110155645","RSJ","26.1088","QU","","26.1088","1100","","MAP","","521923.0","151601.0","Buckland Level Crossing","HUJ4","","","","","","","","","","","110155645","2024-06-07","","NRAIL","","","","","Up Main/Fast","Buckland level crossing. This access point is a level crossing. What3Words - visual.solar.gent","TQ 21923 51601"
"110155646","RSJ","27.0308","QU","","27.0308","1100","","MAP","","521910.0","151588.0","Betchworth","HUJ4","","","","","","","","","","","110155646","2024-06-07","","NRAIL","","","","","Up Main/Fast","Betchworth Station, Access point is a level crossing. What3Words - fork.gasp.fire","TQ 21920 51595"
"110155647","RSJ","28.017","QU","","28.017","1100","","MAP","","520997.0","151275.0","Brockham","HUJ4","","","","","","","","","","","110155647","2024-06-07","","NRAIL","","","","","Up Main/Fast","Brockham, Access point is a level crossing. What3Words - debit.lined.rests","TQ 21061 51324"
"110149365","RSJ","29.0088","QU","","29.0088","1100","","MAP","","519938.0","150647.0","Boxhill Road","HUJ4","","","","","","","","","","","110149365","2024-06-07","","NRAIL","","","","","Up Main/Fast","Boxhill Road. Access via Boxhill Road, Brockham. What3Words - edgy.shirt.woods","TQ 19801 50604"
"70130143","RSJ","29.0871","QU","","29.0871","1100","","MAP","","518275.0","150552.0","Pixham Lane Bridge, Dorking","HUJ4","","","","","","","","","","","70130143","2024-06-07","","NRAIL","","","","","Up Main/Fast","Pixham Lane Bridge, Dorking. Access off Pixham Lane Steps up to track. What3Words - enjoy.afford.urban","TQ 18282 50555"
"110180442","RSJ","31.066","QU","","31.066","1100","","MAP","","516023.0","149887.0","Milton Court Crossing","HUJ4","","","","","","","","","","","110180442","2024-06-07","","NRAIL","","","","","Up Main/Fast","Milton Court Crossing. Public Bridleway with gated access. What3Words - acting.loudly.packet","TQ 17103 50397"
"110180443","RSJ","31.1122","QU","","31.1122","1100","","MAP","","514700.0","149900.0","Little Bullsdown Crossing","HUJ4","","","","","","","","","","","110180443","2024-06-07","","NRAIL","","","","","Up Main/Fast","Little Bullsdown Crossing. Public Footpath to be used as access via fields. What3Words - faces.snake.intent","TQ 14643 49896"
"110180444","RSJ","31.1496","QU","","31.1496","1100","","MAP","","514200.0","149900.0","Big Bullsdown Crossing","HUJ4","","","","","","","","","","","110180444","2024-06-07","","NRAIL","","","","","Up Main/Fast","Big Bullsdown Crossing. Public Footpath to be used as access via fields. What3Words - plenty.scar.songs","TQ 14207 49884"
"70130144","RSJ","32.0004","QU","","32.0004","1100","","MAP","","513900.0","149900.0","Lambs Barn Farm Bridge","HUJ4","","","","","","","","","AC","","70130144","2024-06-07","","NRAIL","","","","","Up Main/Fast","Lambs Barn Farm Crossing. Public Footpath to be used as access via fields. What3Words - ocean.shift.studio","TQ 13885 49828"
"110180445","RSJ","32.0528","QU","","32.0528","1100","","MAP","","513640.0","149755.0","Coombe Lane Footpath Crossing","HUJ4","","","","","","","","","","","110180445","2024-06-07","","NRAIL","","","","","Up Main/Fast","Coombe Lane Bridge, Access via steps up to track on 1100 side. What3Words - sunk.closes.scans","TQ 13648 49775"
"110149888","RSJ","24.0585","QU","","24.0585","1100","","MAPE","","525480.0","150720.0","Reigate Plat 1","HUJ4","","","","","","","","","","","110149888","2024-06-07","","","","","","","Up Main/Fast","Reigate, Platform 1. Access through station. What3Words - flops.smashes.ending","TQ 25471 50738"
"110149889","RSJ","24.0594","QU","","24.0594","2100","","MAPE","","525480.0","150720.0","Reigate Plat 2","HUJ4","","","","","","","","","","","110149889","2024-06-07","","","","","","","Down Main/Fast","Reigate, Platform 2. Access through station. What3Words - lush.salad.posed","TQ 25471 50738"
"110149762","RSJ","27.038","QU","","27.038","1100","","MAPE","","521041.0","151306.0","Betchworth Plat 1","HUJ4","","","","","","","","","","","110149762","2024-06-07","","","","","","","Up Main/Fast","Betchworth Platform 1. Access through station. What3Words - rides.fully.stow","TQ 21066 51313"
"110149763","RSJ","27.0399","QU","","27.0399","2100","","MAPE","","521281.0","151441.0","Betchworth Plat 2","HUJ4","","","","","","","","","","","110149763","2024-06-07","","","","","","","Down Main/Fast","Betchworth Platform 2. Access through station. What3Words - blows.tent.dawn","TQ 21061 51324"
"110149793","RSJ","29.1432","QU","","29.1432","2100","","MAPE","","517600.0","150367.0","Dorking Deepdene Plat 2","HUJ4","","","","","","","","","","","110149793","2024-06-07","","","","","","","Down Main/Fast","Dorking Deepdene Platform 2. Access through station. What3Words - digit.feast.senior","TQ 17588 50356"
"110149792","RSJ","29.1433","QU","","29.1433","1100","","MAPE","","517103.0","150186.0","Dorking Deepdene Plat 1","HUJ4","","","","","","","","","","","110149792","2024-06-07","","","","","","","Up Main/Fast","Dorking Deepdene Platform 1. Access through station. What3Words - digit.feast.senior","TQ 17058 50156"
"110149796","RSJ","30.0862","QU","","30.0862","1100","","MAPE","","517103.0","150186.0","Dorking West Plat 1","HUJ4","","","","","","","","","","","110149796","2024-06-07","","","","","","","Up Main/Fast","Dorking West Platform 1. Access through station. What3Words - healthier.rinse.fence","TQ 17058 50156"
"110149797","RSJ","30.0966","QU","","30.0966","2100","","MAPE","","516023.0","149887.0","Dorking West Plat 2","HUJ4","","","","","","","","","","","110149797","2024-06-07","","","","","","","Down Main/Fast","Dorking West Platform 2. Access through station. What3Words - supper.dame.tribe","TQ 17103 50397"
"70199768","RSJ","24.0304","QU","","24.0304","2902","","MAV","","525729.0","150655.0","End Of Reigate Station Car Park","HUJ4","","","","","","","","","AC","","70199768","2024-06-07","","AMEC","","","","","","End of Reigate Station Car Park.  What3Words - lobby.river.natively","TQ 25728 50637"
"70223899","RSJ","27.0341","QU","","27.0341","2100","","MAV","","521066.0","151322.0","Betchworth Station","HUJ4","","","","","","","","","","","70223899","2024-06-07","","AMEC","","","","","Down Main/Fast","Betchworth Station.  What3Words - bars.many.worth","TQ 21920 51595"
"70130832","RTT","22.1238","QU","","22.1238","2100","","MAP","","513200.0","149500.0","Redhill Maintenance Depot","HUJ4","","","","","","","","","","","70130832","2024-06-07","","NRAIL","","","","","Down Main/Fast","Redhill Maintenance Depot, Access via Double Gate, Redhill Station Car Park, Off A25. What3Words - flesh.hung.shaky","TQ 28097 50325"
"110147205","RTT","22.1496","QU","","22.1496","1300","","MAP","","528072.0","150211.0","Redhill B Substation","HUJ4","","","","","","","","","","","110147205","2024-06-07","","NRAIL","","","","","Up Goods","Redhill Substation, Access via station and Rydons car park. What3Words - spider.before.suffer","TQ 27937 49908"
"70261268","RTT","23.0274","QU","","23.0274","2901","","MAP","","528356.0","149595.0","Redhill- Rennie Terrace","HUJ4","","","","","","","","","NP","","70261268","2024-06-07","","NRAIL","","","","","","Access to track via double gate via Rennie Terrace, Access to track via 2100 side. What3Words - colleague.shock.rushed","TQ 28296 49664"
"70130866","RTT","23.0744","QU","","23.0744","1100","","MAP","","528651.0","149433.0","Philanthropic Road Bridge - Hartspiece Road","HUJ4","","","","","","","","","","","70130866","2024-06-07","","NRAIL","","","","","Up Main/Fast","Access to track via steps down from Hartspiece Road, Access to track via 1100 side. What3Words - return.study.loft","TQ 28654 49417"
"70109062","RTT","23.1661","QU","","23.1661","1100","","MAP","","529509.0","149307.0","Clay Lane - Up Main Tonbridge","HUJ4","","","","","","","","","AC","","70109062","2024-06-07","","NRAIL","","","","","Up Main/Fast","Access to track via Clay Lane, Access via steps up to track on 1100 side. What3Words - lost.last.cares","TQ 29475 49295"
"70109061","RTT","24.0401","QU","","24.0401","2100","","MAP","","529946.0","149276.0","Bowerhill Lane - Down Tonbridge","HUJ4","","","","","","","","","","","70109061","2024-06-07","","NRAIL","","","","","Down Main/Fast","Access to track via Bower Hill Lane, Access via steps up to track on 2100 side. What3Words - puff.librarian.hike","TQ 29941 49263"
"110147206","RTT","24.0465","QU","","24.0465","2100","","MAP","","529994.0","149239.0","Bowerhill Lane Substation","HUJ4","","","","","","","","","","","110147206","2024-06-07","","NRAIL","","","","","Down Main/Fast","Bower Hill Substation, Access via Bower Hill Lane via Double gate. What3Words - mash.claim.builds","TQ 29941 49263"
"110180446","RTT","24.0506","QU","","24.0506","1100","","MAP","","530000.0","149200.0","Brays Farm Crossing","HUJ4","","","","","","","","","","","110180446","2024-06-07","","NRAIL","","","","","Up Main/Fast","Brays Farm Crossing. What3Words - frames.gravy.proven","TQ 30043 49221"
"70224159","RTT","24.1023","QU","","24.1023","1100","","MAP","","530498.0","149167.0","Nutfield Station","HUJ4","","","","","","","","","","","70224159","2024-06-07","","NRAIL","","","","","Up Main/Fast","Nutfield Station Access South side. What3Words - learn.pure.calls","TQ 30497 49156"
"70224161","RTT","24.1031","QU","","24.1031","2100","","MAP","","530505.0","149166.0","Nutfield Station","HUJ4","","","","","","","","","","","70224161","2024-06-07","","NRAIL","","","","","Down Main/Fast","Nutfield Station Access North side. What3Words - costs.waving.gains","TQ 30497 49156"
"110180447","RTT","24.1606","QU","","24.1606","1100","","MAP","","531000.0","149100.0","Nutfield Fields Crossing","HUJ4","","","","","","","","","","","110180447","2024-06-07","","NRAIL","","","","","Up Main/Fast","Nutfield Fields Crossing. What3Words - search.cone.loving","TQ 31019 49088"
"70130138","RTT","25.039","QU","","25.039","1100","","MAP","","531514.0","149018.0","Coopers Hill Bridge","HUJ4","","","","","","","","","","","70130138","2024-06-07","","NRAIL","","","","","Up Main/Fast","Coopers Hill Bridge, Access to track via Steps Up from Coopers Hill Road, track Access via 2100 side. What3Words - brave.forces.weep","TQ 31507 49045"
"110180448","RTT","25.0506","QU","","25.0506","1100","","MAP","","531600.0","149000.0","Nutfield Lane Crossing","HUJ4","","","","","","","","","","","110180448","2024-06-07","","NRAIL","","","","","Up Main/Fast","Nutfield Lane Crossing. What3Words - stay.reason.patio","TQ 31633 49004"
"110147207","RTT","25.1165","QU","","25.1165","1100","","MAP","","534913.0","148537.0","Bletchingley Tunnel Substation","HUJ4","","","","","","","","","","","110147207","2024-06-07","","NRAIL","","","","","Up Main/Fast","Bletchingly TNL Substation, Access off Tilburstow Hill Road, Track Access via steps up to track side 2100. What3Words - chest.inform.common","TQ 35580 48436"
"70130852","RTT","25.1696","QU","","25.1696","1100","","MAP","","532702.0","148862.0","Pounds Hill Bridge - Outwood Lane","HUJ4","","","","","","","","","","","70130852","2024-06-07","","NRAIL","","","","","Up Main/Fast","Pounds Hill Bridge, Access via Outwood Lane Through Double gate, Access to track on 1100 side. End of walkway 25.1177. What3Words - weedy.wing.dame","TQ 32696 48835"
"70264698","RTT","25.1696","QU","","25.1696","1100","","MAP","","532699.0","148853.0","Pounds Hill Bridge - Outwood Lane","HUJ4","","","","","","","","","","","70264698","2024-06-07","","NRAIL","","","","","Up Main/Fast","Pounds Hill Bridge, Access via Outwood Lane Through Double gate, Access to trcak on 1100 side. What3Words - vital.scuba.legal","TQ 32704 48834"
"70130136","RTT","27.0715","QU","","27.0715","1100","","MAP","","534999.0","148513.0","Lambs Farm Business Park","HUJ4","","","","","","","","","","","70130136","2024-06-07","","NRAIL","","","","","Up Main/Fast","Lambs Farm Business Park, Access via gate from Terra Cotta Road onto track side 1901. What3Words - manage.focus.actor","TQ 35003 48510"
"110163766","RTT","27.0809","QU","","27.0809","1900","","MAP","","535085.0","148500.0","Terra Cotta Road","HUJ4","","","","","","","","","","","110163766","2024-06-07","","NRAIL","","","","","Up Siding","Terra Cotta Road, Access via Lamb Barn Business Park. Access to track side via gate. What3Words - snacks.tiny.steep","TQ 35003 48510"
"70130135","RTT","27.1346","QU","","27.1346","2100","","MAP","","535574.0","148469.0","Tilburstow Hill Road","HUJ4","","","","","","","","","","","70130135","2024-06-07","","NRAIL","","","","","Down Main/Fast","Tilburstow Hill Road, Steps up to track on 2100 side. What3Words - flats.shells.going","TQ 35574 48469"
"110149869","RTT","24.1023","QU","","24.1023","2100","","MAPE","","529664.0","149285.0","Nutfield Plat 2","HUJ4","","","","","","","","","","","110149869","2024-06-07","","","","","","","Down Main/Fast","Nutfield Platform 2. Access through station. What3Words - event.areas.supply","TQ 30497 49156"
"110149868","RTT","24.1023","QU","","24.1023","1100","","MAPE","","529664.0","149285.0","Nutfield Plat 1","HUJ4","","","","","","","","","","","110149868","2024-06-07","","","","","","","Up Main/Fast","Nutfield Platform 1. Access through station. What3Words - family.pest.fall","TQ 30497 49156"
"110179071","RTT","22.132","QU","","22.132","2100","","MAR","","528080.0","150243.0","Redhill Relay Room/Old Loco Depot","HUJ4","","","","","","","","","RRV","","110179071","2024-06-07","","NRAIL","","","","","Down Main/Fast","Redhill Relay Room/Old Loco Depot, Access via Redhill Station Loco Depot. What3Words - works.grades.flute","TQ 28079 50242"
"110149388","RTT","23.0077","QU","","23.0077","2100","","MAR","","528205.0","149777.0","Kingfield Business Park, Redhill","HUJ4","","","","","","","","","","","110149388","2024-06-07","","NRAIL","","","","","Down Main/Fast","Kingfield Business Park, Redhill, Access via Kingsfield Way off of Philanthropic Road. What3Words - needed.occurs.deep","TQ 28209 49789"
"110149390","RTT","28.0181","QU","","28.0181","2100","","MAR","","536109.0","148366.0","Godstone Rrap","HUJ4","","","","","","","","","","","110149390","2024-06-07","","NRAIL","","","","","Down Main/Fast","Godstone RRAP, Access via Godstone Station from Ragan Mews. What3Words - lion.budget.moons","TQ 36190 48366"
"70130142","RTT","22.1365","QU","","22.1365","2100","","MAV","","528072.0","150211.0","Redhill Relay Room / Old Loco Depot","HUJ4","","","","","","","","","AC","","70130142","2015-05-19","","AMEC","","","","","Down Main/Fast","Risk Rating 3, Hazard Rating 2, Score 6",""
"70130864","RTT","22.138","QU","","22.138","2100","","MAV","","528072.0","150198.0","Redhill Yard Level Crossing","HUJ4","","","","","","","","","AC","","70130864","2024-06-07","","AMEC","","","","","Down Main/Fast","Redhill Yard Level Crossing, Access via Double Gate. What3Words - cones.rugs.pound","TQ 28077 50203"
"70109058","RTT","23.029","QU","","23.029","2901","","MAV","","528299.0","149648.0","Hooley Lane <Redlands>-Down Tonbridge","HUJ4","","","","","","","","","AC","","70109058","2024-06-07","","NRAIL","","","","","","Access to Track via Double gate off of Hooley Lane, Ramp up to track to 2100 side. What3Words - votes.lowest.abode","TQ 27913 49719"
"70130139","RTT","24.0396","QU","","24.0396","2100","","MAV","","529930.0","149248.0","Bowerhill Lane, Nutfield","HUJ4","","","","","","","","","AC","","70130139","2024-06-07","","NRAIL","","","","","Down Main/Fast","Access to track off of Bower Hill Lane, Nutfield, Access via double gate. What3Words - jams.loops.curry","TQ 29941 49263"
"70109063","RTT","24.0849","QU","","24.0849","1100","","MAV","","530347.0","149181.0","The Copse - Nutfield","HUJ4","","","","","","","","","","","70109063","2024-06-07","","NRAIL","","","","","Up Main/Fast","Access to South side of Nutfield Station via The Copse. What3Words - film.bleat.activism","TQ 30497 49156"
"110149530","RTT","25.1696","QU","","25.1696","2100","","MAV","","532231.0","148920.0","Pounds Hill Bridge","HUJ4","","","","","","","","","","","110149530","2024-06-07","","NRAIL","","","","","Down Main/Fast","Pounds Hill Bridge, Access via Outwood Lane Through Double gate, Access to track on 2100 side. What3Words - acting.manual.inner","TQ 32707 48871"
"70261269","SCC","3.0858","QU","","3.0858","1100","","MAV","","527755.0","176203.0","SHEEPCOTE LANE CURVE","HUJ3","","","","","","","","","","","70261269","2025-07-31","","AMEC","","","","","Up Main/Fast","What3Words - fork.figure.tested. Post Code - SW11 5BP","TQ 27755 76203"
"110179958","SCP","7.0678","QU","","7.0678","1100","","MAP","","534576.0","170426.0","THICKET ROAD","HUJ3","","","","","","","","","AC","","110179958","2024-08-22","","NRAIL","","","","","Up Main/Fast","WHAT 3 WORDS ///HEAVY.ABOVE.CLIENT.    ADDITION OF ACCESS POINT.     STAIRS LEADING UP TO THE TRACK WITH GRP HANDRAIL.","TQ 34576 70425"
"110179956","SCP","7.1144","QU","","7.1144","1100","","MAP","","534217.0","170501.0","CRYSTAL PALACE STATION - SYD SPURS","HUJ3","","","","","","","","","AC","","110179956","2024-03-06","","NRAIL","","","","","Up Main/Fast","WHAT 3 WORDS ///TRIAL.RATE.REFERS.    ADDITION OF ACCESS POINT.    RAMPED BOTH ENDS OF THE PLATFORM.","TQ 34216 70500"
"70261270","SCU1","11.0946","QU","","11.0946","2100","","MAP","","532897.0","164059.0","MORETON RD - SOUTH CROYDON SUBSTATION","HUJ3","","","","","","","","","","","70261270","2025-07-31","","AMEC","","","","","Down Main/Fast","What3Words - legal.signal.duty. Post Code - CR2 7DQ","TQ 32897 64059"
"70109071","SCU1","11.1136","QU","","11.1136","2100","","MAP","","532905.0","163818.0","SELSDON DOWN PLATFORM ","HUJ3","","","","","","","","","","","70109071","2025-07-31","","AMEC","","","","","Down Main/Fast","Road access from Moreton Road into housing estate. Double gate leading onto old platform. What3Words - elaborate.closet.heave. Post Code - CR2 7DS","TQ 32905 63818"
"70109073","SCU1","12.0505","QU","","12.0505","2100","","MAP","","532883.0","162777.0","SANDERSTEAD STATION - DOWN SIDE ENTRANCE","HUJ3","","","","","","","","","","","70109073","2025-07-31","","AMEC","","","","","Down Main/Fast","Road access to downside car park, single gate leading onto platform. What3Words - counts.shots.lame. Post Code - CR2 0PL","TQ 32883 62777"
"70109075","SCU1","12.1613","QU","","12.1613","2100","","MAP","","532482.0","161838.0","PURLEY DOWNS ROAD - DOWN GRINSTEAD","HUJ3","","","","","","","","","","","70109075","2025-07-31","","AMEC","","","","","Down Main/Fast","From road next to bridge, walk down sloping alley to single gate to track level. What3Words - cute.sofa.avoid. Post Code - CR2 0RW","TQ 32493 61838"
"70014952","SCU1","13.0809","QU","","13.0809","1100","","MAP","","532500.0","160983.0","Riddlesdown Station","HUJ3","","","","","","","","","","","70014952","2024-03-06","","AMEC","","","","","Up Main/Fast","Access through station, From road walk up steep slope onto platform. Risk Rating 3, Hazard Rating 4, Score 12",""
"70264699","SCU1","13.0814","QU","","13.0814","2100","","MAP","","532501.0","160979.0","Riddlesdown Station","HUJ3","","","","","","","","","","","70264699","2024-03-06","","AMEC","","","","","Down Main/Fast","Risk Rating 3, Hazard Rating 4, Score 12.  WHAT3WORDS /// JUDGE.NECKS.FROM.","TQ 32501 60979"
"110147221","SCU1","13.083","QU","","13.083","2100","","MAP","","532476.0","161065.0","RIDDLESDOWN TP HUT","HUJ3","","","","","","","","","","","110147221","2025-07-31","","NRAIL","","","","","Down Main/Fast","Off London End of Down Platform, Some walk. Access to TP Hut is direct from down Platform. What3Words - simply.chew.fresh. Post Code - CR8 1HR","TQ 32476 61065"
"110180449","SCU1","14.1386","QU","","14.1386","2100","","MAP","","533763.0","159284.0","RIDDLESDOWN VIADUCT FOOT CROSSING (DOWN SIDE)","HUJ3","","","","","","","","","","","110180449","2025-07-31","","NRAIL","","","","","Down Main/Fast","Public Footpath to be used as access. What3Words - army.verbs.radar. Post Code - CR8 5GX","TQ 33763 59284"
"70109078","SCU1","14.141","QU","","14.141","1100","","MAP","","533739.0","159278.0","RIDDLESDOWN VIADUCT FOOT CROSSING (UP SIDE)","HUJ3","","","","","","","","","","","70109078","2025-07-31","","AMEC","","","","","Up Main/Fast","From road walk up very steep track to public foot crossing. What3Words - reef.discrepancy.stiff. Post Code - CR8 5GX","TQ 33739 59278"
"70014762","SCU1","15.0731","QU","","15.0731","1100","","MAP","","534072.0","158336.0","UPPER WARLINGHAM STATION","HUJ3","","","","","","","","","","","70014762","2025-07-31","","AMEC","","","","","Up Main/Fast","Upper Warlingham Station. What3Words - craft.skinny.almost. Post Code - CR3 0BN","TQ 34072 58336"
"70014763","SCU1","15.1572","QU","","15.1572","1100","","MAP","","534407.0","157666.0","UPPER WARLINGHAM SUBSTATION","HUJ3","","","","","","","","","","","70014763","2025-07-31","","NRAIL","","","","","Up Main/Fast","Upper Warlingham Substation, Access via Well Farm Road through gate. What3Words - rocks.appear.jumpy. Post Code - CR3 0GD","TQ 34407 57666"
"70230480","SCU1","16.0244","QU","","16.0244","1100","","MAP","","534701.0","157366.0","WOLDINGHAM STATION","HUJ3","","","","","","","","","","","70230480","2024-03-06","","AMEC","","","","","Up Main/Fast","Access through station, Risk Rating 3, Hazard Rating 2, Score 6.  WHAT3WORDS /// TOXIC.BOWLS.BIDS.","TQ 34701 57366"
"70109081","SCU1","16.0264","QU","","16.0264","1100","","MAP","","535141.0","157093.0","STUART ROAD","HUJ3","","","","","","","","","","","70109081","2025-07-31","","AMEC","","","","","Up Main/Fast","Stuart Road, Access to track via Private road to single gate, Access via steps up to track on 2100 side. What3Words - wiped.mason.weep. Post Code - CR6 9JH","TQ 35141 57093"
"70230484","SCU1","16.0309","QU","","16.0309","1100","","MAP","","535950.0","156310.0","WOLDINGHAM ENTRANCE UP SIDE","HUJ3","","","","","","","","","","","70230484","2025-07-31","","AMEC","","","","","Up Main/Fast","Woldingham Entrance Up Side. What3Words - work.save.soft. Post Code - CR3 7LT","TQ 35950 56310"
"70230532","SCU1","19.0478","QU","","19.0478","2100","","MAP","","538518.0","153462.0","M25","HUJ3","","","","","","","","","","","70230532","2025-08-18","","AMEC","","","","","Down Main/Fast","Access to track via Chalkpit Lane, Access via steps up to track on 1100 side. What3Words - chimp.budget.gloves. Post Code - RH8 9ND","TQ 38518 53462"
"70230533","SCU1","19.0511","QU","","19.0511","1100","","MAP","","537993.0","153762.0","M25","HUJ3","","","","","","","","","","","70230533","2015-05-19","","AMEC","","","","","Up Main/Fast","Risk Rating 3, Hazard Rating 2, Score 6, 10 Steps Dn",""
"110147222","SCU1","19.0856","QU","","19.0856","1100","","MAP","","538253.0","153623.0","Oxted Substation","HUJ3","","","","","","","","","","","110147222","2024-03-06","","NRAIL","","","","","Up Main/Fast","Access to Substation is via Chalkpit Lane.  WHAT3WORDS /// FINELY.SCOPE.SHOCK.","TQ 38253 53623"
"70109084","SCU1","19.1166","QU","","19.1166","1100","","MAP","","538513.0","153462.0","SCOUT HUT - UP GRINSTEAD - CHALK PIT LANE","HUJ3","","","","","","","","","","","70109084","2025-07-31","","AMEC","","","","","Up Main/Fast","Scout Hut Chalk Pit Lane, Road access to scout car park, single gate, up wide and long cut out steps to track level. What3Words - life.string.cases. Post Code - RH8 9ND","TQ 38513 53462"
"110178799","SCU1","19.1166","QU","","19.1166","2100","","MAP","","538562.0","153478.0","CHALK PIT LANE","HUJ3","","","","","","","","","","","110178799","2025-07-31","","NRAIL","","","","","Down Main/Fast","Chalk Pit Lane. What3Words - likes.wool.actors. Post Code - RH8 9ND","TQ 38562 53478"
"70230649","SCU1","21.0564","QU","","21.0564","1100","","MAP","","539963.0","151391.0","HURST GREEN STATION ","HUJ3","","","","","","","","","","","70230649","2025-07-31","","AMEC","","","","","Up Main/Fast","Hurst Green Station. What3Words - scared.limp.drag. Post Code - RH8 0LF","TQ 39963 51391"
"110147223","SCU1","21.08","QU","","21.08","1100","","MAP","","540110.0","151207.0","Hurst Green TP HUT","HUJ3","","","","","","","","","PEDESTRIAN","","110147223","2024-03-06","","NRAIL","","","","","Up Main/Fast","Access to TP Hut is via Hurstlands & Pollards Oak Rd.  WHAT3WORDS /// RAMP.ADOPT.BROAD.","TQ 40110 51207"
"70109086","SCU1","21.0809","QU","","21.0809","2100","","MAP","","540111.0","151228.0","HURST GREEN JUNCTION - DOWN GRINSTEAD","HUJ3","","","","","","","","","","","70109086","2025-07-31","","AMEC","","","","","Down Main/Fast","Hurst Green Junction - Down Grinstead, Access to JCN via Hurst Green Station. What3Words - invite.long.unless. Post Code - RH8 0BA","TQ 40111 51228"
"70109088","SCU1","21.1738","QU","","21.1738","1100","","MAP","","540778.0","150653.0","Red Lane, Oxted","HUJ4","","","","","","","","","","","70109088","2024-06-07","","NRAIL","","","","","Up Main/Fast","Access to track via Red Lane, Oxted, Access via steps up to track side 2100. What3Words - launch.leader.skin","TQ 40778 50653"
"70261271","SCU1","22.0964","QU","","22.0964","2100","","MAP","","541397.0","149991.0","Grants Lane","HUJ4","","","","","","","","","","","70261271","2024-06-07","","NRAIL","","","","","Down Main/Fast","Access to track via Grants Lane, Steps down to track on 2100 side. What3Words - liner.craft.cool","TQ 41397 49991"
"70130185","SCU1","23.0814","QU","","23.0814","2100","","MAP","","542192.0","148761.0","Monks Lane Bridge","HUJ4","","","","","","","","","","","70130185","2024-06-07","","NRAIL","","","","","Down Main/Fast","Monks Lane Bridge, Access to track via Steps to track side 2100. What3Words - grab.lunch.spout","TQ 42192 48761"
"70109096","SCU1","24.0205","QU","","24.0205","1100","","MAP","","542621.0","147759.0","Littlebrowns Tunnel London End","HUJ4","","","","","","","","","","","70109096","2024-06-07","","NRAIL","","","","","Up Main/Fast","Littlebrowns Tunnel London End, Access to track via steps down to track side 1100. What3Words - stuff.peanut.clips","TQ 42621 47759"
"110149394","SCU1","24.0555","QU","","24.0555","1100","","MAP","","542758.0","147546.0","Edenbridge Tunnel Country End","HUJ4","","","","","","","","","","","110149394","2024-06-07","","NRAIL","","","","","Up Main/Fast","Edenbridge Tunnel Country End, Access to track via steps down to track side 1100. What3Words - varieties.mimic.fully","TQ 42758 47546"
"70109098","SCU1","24.1415","QU","","24.1415","1100","","MAP","","543380.0","147020.0","Crouch Lane","HUJ4","","","","","","","","","","","70109098","2024-06-07","","NRAIL","","","","","Up Main/Fast","Access to track via Crouch Lane, Steps up to track on 1100 side. What3Words - taxi.smiles.expand","TQ 43380 47020"
"70230774","SCU1","25.1008","QU","","25.1008","1100","","MAP","","544518.0","146571.0","Edenbridge Town Station","HUJ4","","","","","","","","","","","70230774","2024-06-07","","NRAIL","","","","","Up Main/Fast","Edenbridge Town Station. What3Words - insist.speech.blaze","TQ 44518 46571"
"70230775","SCU1","25.1012","QU","","25.1012","1100","","MAP","","544532.0","146561.0","Edenbridge Town Station Side","HUJ4","","","","","","","","","","","70230775","2024-06-07","","NRAIL","","","","","Up Main/Fast","Edenbridge Town Station Side Access. What3Words - trend.vibrates.loans","TQ 44532 46561"
"70130181","SCU1","26.0817","QU","","26.0817","2100","","MAP","","545532.0","145570.0","Hever Road","HUJ4","","","","","","","","","","","70130181","2024-06-07","","NRAIL","","","","","Down Main/Fast","Access to track via Hever Road, Access via steps up to track side 1100. What3Words - comb.certified.boom","TQ 45532 45570"
"70230807","SCU1","27.0599","QU","","27.0599","2100","","MAP","","546519.0","144550.0","Hever Station","HUJ4","","","","","","","","","","","70230807","2024-06-07","","NRAIL","","","","","Down Main/Fast","Hever Station. What3Words - loss.patrol.asserts","TQ 46519 44550"
"110163718","SCU1","27.0968","QU","","27.0968","1100","","MAP","","546736.0","144293.0","Hever Road/Hever Junction","HUJ4","","","","","","","","","","","110163718","2024-06-07","","NRAIL","","","","","Up Main/Fast","Access to track via Hever Lane, Steps down to track on 1100 side. What3Words - joins.cooks.volunteered","TQ 46736 44293"
"70014770","SCU1","27.0973","QU","","27.0973","1100","","MAP","","546737.0","144302.0","Warren Road Bridge - Up Uckfield","HUJ4","","","","","","","","","","","70014770","2024-06-07","","NRAIL","","","","","Up Main/Fast","Access to track via Hever Lane, Steps down to track on 1100 side. What3Words - lions.pushes.camps","TQ 46737 44302"
"70230839","SCU1","29.0554","QU","","29.0554","3400","","MAP","","547646.0","141726.0","Cowden Station","HUJ4","","","","","","","","","","","70230839","2024-06-07","","NRAIL","","","","","Rev Single","Cowden Station. What3Words - resort.foster.lift","TQ 47646 41726"
"70109109","SCU1","30.0138","QU","","30.0138","3400","","MAP","","548654.0","140995.0","Moat Lane - Single Uckfield","HUJ4","","","","","","","","","","","70109109","2024-06-07","","NRAIL","","","","","Rev Single","Access track via Moat Lane, Dteps down to track on 2100 side. What3Words - vast.ocean.risky","TQ 48654 40995"
"110163728","SCU1","31.0044","QU","","31.0044","3400","","MAP","","549966.0","140273.0","Blackham Junction <South>","HUJ4","","","","","","","","","","","110163728","2024-06-07","","NRAIL","","","","","Rev Single","Blackham Junction, 1100 track side. What3Words - crows.impressed.meal","TQ 49966 40273"
"70119500","SCU1","31.0048","QU","","31.0048","3400","","MAP","","549982.0","140295.0","Blackham Junction <North>","HUJ4","","","","","","","","","","","70119500","2024-06-07","","NRAIL","","","","","Rev Single","Blackham Junction, 2100 track side. What3Words - marble.believer.playfully","TQ 49982 40295"
"70109112","SCU1","31.0704","QU","","31.0704","1100","","MAP","","550328.0","139810.0","Willets Bridge / Willets Lane - Up Uckfield","HUJ4","","","","","","","","","","","70109112","2024-06-07","","NRAIL","","","","","Up Main/Fast","Access to track via Willets Lane, Steps down to track on 1100 side. What3Words - mouths.oven.teacher","TQ 50328 39810"
"110149754","SCU1","32.0172","QU","","32.0172","1100","","MAP","","550720.0","138770.0","ASHURST PLAT 1","HUJ4","","","","","","","","","","","110149754","2022-07-22","","","","","","","Up Main/Fast","Access through station, possible presence of catle grids and.or slope, station lighting.","TQ 50743 38685"
"70109114","SCU1","33.0704","QU","","33.0704","1100","","MAP","","551826.0","137020.0","Withyham Road, Groombridge","HUJ4","","","","","","","","","","","70109114","2024-06-07","","NRAIL","","","","","Up Main/Fast","Access to track via Withyham Road, Steps down to track on 1100 side. What3Words - dubbing.jubilant.words","TQ 51826 37020"
"70109116","SCU1","33.1397","QU","","33.1397","3400","","MAP","","552360.0","136644.0","Hendals, Groombridge","HUJ4","","","","","","","","","","","70109116","2024-06-07","","NRAIL","","","","","Rev Single","Access to track via B2188, Steps up to track on 1100 side. What3Words - reviews.interviewer.themes","TQ 52360 36644"
"70109117","SCU1","34.0553","QU","","34.0553","3400","","MAP","","552955.0","136135.0","Spur No 4 - Single Uckfield","HUJ4","","","","","","","","","","","70109117","2024-06-07","","NRAIL","","","","","Rev Single","Access to track via Corseley Road, Steps down to tracks on 2100 side. What3Words - over.blockage.scrap","TQ 52955 36135"
"70130174","SCU1","34.1232","QU","","34.1232","3400","","MAP","","553093.0","135513.0","Birchden Junction","HUJ4","","","","","","","","","","","70130174","2024-06-07","","NRAIL","","","","","Rev Single","Birchden Junction. What3Words - coached.flotation.lorry","TQ 53093 35513"
"70230965","SCU1","35.1204","QU","","35.1204","2900","","MAP","","554244.0","134534.0","Eridge Station Car Park","HUJ4","","","","","","","","","","","70230965","2024-06-07","","NRAIL","","","","","Down Siding","Eridge Station Car Park, Station access. What3Words - plantings.dazzling.townhouse","TQ 54244 34534"
"70230966","SCU1","35.1204","QU","","35.1204","3400","","MAP","","544227.0","134540.0","Eridge Station","HUJ4","","","","","","","","","","","70230966","2024-06-07","","NRAIL","","","","","Rev Single","Eridge Station. What3Words - guru.angers.giants","TQ 54227 34540"
"70130173","SCU1","39.0234","QU","","39.0234","1100","","MAP","","553483.0","129730.0","CROWBOROUGH STATION","HUJ4","","","","","","","","","","","70130173","2025-07-31","","NRAIL","","","","","Up Main/Fast","Crowborough Station, Station access. What3Words - acquaint.spoiler.beep. Post Code - TN6 2GE","TQ 53483 29730"
"70231022","SCU1","39.0248","QU","","39.0248","1100","","MAP","","553472.0","129722.0","Crowborough Station Ticket Office ","HUJ4","","","","","","","","","","","70231022","2024-06-07","","NRAIL","","","","","Up Main/Fast","Crowborough Station Ticket Office. What3Words - revamping.upstarts.regret","TQ 53472 29722"
"110149790","SCU1","39.0257","QU","","39.0257","1100","","MAP","","553471.0","129735.0","CROWBOROUGH PLAT 1","HUJ4","","","","","","","","","","","110149790","2022-07-22","","","","","","","Up Main/Fast","Access through station, possible presence of catle grids and.or slope, station lighting.","TQ 53341 29605"
"110149791","SCU1","39.026","QU","","39.026","2100","","MAP","","553635.0","129857.0","CROWBOROUGH PLAT 2","HUJ4","","","","","","","","","","","110149791","2022-07-22","","","","","","","Down Main/Fast","Access through station, possible presence of catle grids and.or slope, station lighting.","TQ 53341 29605"
"110163729","SCU1","39.0583","QU","","39.0583","2900","","MAP","","553256.0","129511.0","Crowborough Down Siding","HUJ4","","","","","","","","","","","110163729","2024-06-07","","NRAIL","","","","","Down Siding","Crowborough Down Siding, Access within parker building suppliers lower yard Jarvis Brooke, pedestrian access with double gates at location. What3Words - lodge.accusing.imprinted","TQ 53256 29511"
"70109120","SCU1","41.0451","QU","","41.0451","2100","","MAP","","551688.0","126846.0","Burnt Oak Bridge / Fordbrook Hill","HUJ4","","","","","","","","","","","70109120","2024-06-07","","NRAIL","","","","","Down Main/Fast","Access to track via Fordbrook Hill, Steps down to track side 2100. What3Words - newsreel.denote.blazing","TQ 51688 26846"
"70109122","SCU1","42.1074","QU","","42.1074","2100","","MAP","","550795.0","124973.0","Greenhurst - Down Uckfield","HUJ4","","","","","","","","","","","70109122","2024-06-07","","NRAIL","","","","","Down Main/Fast","Access to track via Greenhurst Farm, Steps down to track on 2100 side. What3Words - legend.purchaser.splinters","TQ 50795 24973"
"70231116","SCU1","43.1541","QU","","43.1541","3400","","MAP","","549681.0","123329.0","Buxted Station","HUJ4","","","","","","","","","","","70231116","2024-06-07","","NRAIL","","","","","Rev Single","Buxted Station, Station Access. What3Words - character.attention.landings","TQ 49689 23329"
"70130538","SCU1","46.0174","QU","","46.0174","3600","","MAP","","547291.0","120900.0","Uckfield Station Car Park","HUJ4","","","","","","","","","","","70130538","2024-06-07","","NRAIL","","","","","Rev Terminal/Bay","Uckfield Station Car Park, Station & Platform access. What3Words - speaker.loyal.eruptions","TQ 47291 20900"
"110149904","SCU1","46.0231","QU","","46.0231","3600","","MAP","","547316.0","120900.0","Uckfield Station","HUJ4","","","","","","","","","","","110149904","2024-06-07","","","","","","","Rev Terminal/Bay","Uckfield Station. What3Words - maternal.blending.lavished","TQ 47316 20900"
"70230388","SCU1","12.0528","QU","","12.0528","1100","","MAPE","","532900.0","162925.0","SANDERSTEAD PLATFORM 1 (LONDON END)","HUJ3","","","","","","","","","","","70230388","2025-07-31","","AMEC","","","","","Up Main/Fast","Access through station. What3Words - topic.gums.clock. Post Code - CR2 0PU","TQ 32900 62925"
"70230389","SCU1","12.0539","QU","","12.0539","2100","","MAPE","","532864.0","162709.0","SANDERSTEAD PLATFORM 2 (COUNTRY END)","HUJ3","","","","","","","","","","","70230389","2025-07-31","","AMEC","","","","","Down Main/Fast","Access through station. What3Words - pigs.shall.total. Post Code - CR2 0PL","TQ 32864 62709"
"70109079","SCU1","15.0687","QU","","15.0687","2100","","MAPE","","534108.0","158263.0","UPPER WARLINGHAM PLATFORM 2 (COUNTRY END)","HUJ3","","","","","","","","","","","70109079","2025-07-31","","AMEC","","","","","Down Main/Fast","Access through station. From road into down side yard, behind old P/Way lobby single gate onto platform. What3Words - remain.patch.oldest. Post Code - CR3 0BN","TQ 34108 58263"
"70230462","SCU1","15.0714","QU","","15.0714","1100","","MAPE","","534107.0","158238.0","UPPER WARLINGHAM PLATFORM 1 (COUNTRY END)","HUJ3","","","","","","","","","","","70230462","2025-07-31","","AMEC","","","","","Up Main/Fast","What3Words - upgrading.parent.eagles. Post Code - CR3 0BN","TQ 34107 58238"
"70230481","SCU1","16.0262","QU","","16.0262","2100","","MAPE","","535976.0","156281.0","WOLDINGHAM PLATFORM 2 (COUNTRY END)","HUJ3","","","","","","","","","","","70230481","2025-07-31","","AMEC","","","","","Down Main/Fast","Woldingham Platform 2, Country End. What3Words - showed.remark.arrive. Post Code - CR3 7LQ","TQ 35976 56281"
"70230580","SCU1","20.0571","QU","","20.0571","1100","","MAPE","","539225.0","152991.0","OXTED PLATFROM 1 (LONDON END)","HUJ3","","","","","","","","","","","70230580","2025-07-31","","AMEC","","","","","Up Main/Fast","Oxted Platfrom 1, London End. Access through station. What3Words - moods.logic.button. Post Code - RH8 9EW","TQ 39225 52991"
"70230651","SCU1","21.059","QU","","21.059","1100","","MAPE","","539870.0","151561.0","HURST GREEN PLATFORM 1 (LONDON END)","HUJ3","","","","","","","","","","","70230651","2025-07-31","","AMEC","","","","","Up Main/Fast","Hurst Green Platform 1, London End.  What3Words - deed.wire.grades. Post Code - RH8 0LF","TQ 39870 51561"
"70230654","SCU1","21.0603","QU","","21.0603","2100","","MAPE","","540006.0","151352.0","HURST GREEN PLATFORM 2 (COUNTRY END)","HUJ3","","","","","","","","","","","70230654","2025-07-31","","AMEC","","","","","Down Main/Fast","Hurst Green Platform 2, Country End.  What3Words - whips.perky.trees. Post Code - RH8 0LD","TQ 40006 51352"
"110149806","SCU1","25.1026","QU","","25.1026","1100","","MAPE","","544488.0","146611.0","Edenbridge Town Platform 1 <London End>","HUJ4","","","","","","","","","","","110149806","2024-06-07","","","","","","","Up Main/Fast","Edenbridge Town Platform 1, London End. Access through station. What3Words - fishery.friend.whites","TQ 44488 46611"
"110149807","SCU1","25.1026","QU","","25.1026","2100","","MAPE","","544494.0","146618.0","Edenbridge Town Platform 2 <London End>","HUJ4","","","","","","","","","","","110149807","2024-06-07","","","","","","","Down Main/Fast","Edenbridge Town Platform 2, London End. Access through station. What3Words - smart.tins.roofs","TQ 44494 46618"
"110149832","SCU1","27.0594","QU","","27.0594","2100","","MAPE","","546387.0","144680.0","Hever Platform 2 <London End>","HUJ4","","","","","","","","","","","110149832","2024-06-07","","","","","","","Down Main/Fast","Hever, Platform 2, London End. What3Words - wished.feed.region","TQ 46387 44680"
"110149833","SCU1","27.0594","QU","","27.0594","1100","","MAPE","","546386.0","144669.0","Hever Platform 1 <London End>","HUJ4","","","","","","","","","","","110149833","2024-06-07","","","","","","","Up Main/Fast","Hever, Platform 1, London End. What3Words - ashes.pump.pinks","TQ 46386 44669"
"110149787","SCU1","29.0574","QU","","29.0574","3400","","MAPE","","547702.0","141652.0","Cowden Platform 1 <Country End>","HUJ4","","","","","","","","","","","110149787","2024-06-07","","","","","","","Rev Single","Cowden Platform 1, Country End. Access through station. What3Words - bolt.scouts.tent","TQ 47702 41652"
"110149755","SCU1","32.0172","QU","","32.0172","2100","","MAPE","","550691.0","138905.0","Ashurst Platform 2 <London End>","HUJ4","","","","","","","","","","","110149755","2024-06-07","","","","","","","Down Main/Fast","Ashurst Platform 2, London End. Access through station. What3Words - thing.drives.swerving","TQ 50691 38905"
"110149808","SCU1","35.1145","QU","","35.1145","3400","","MAPE","","554072.0","134617.0","Eridge Platform 1 <London End>","HUJ4","","","","","","","","","","","110149808","2024-06-07","","","","","","","Rev Single","Eridge Platform 1, London End. Access through station. What3Words - crisis.origin.betraying","TQ 54072 34617"
"110149780","SCU1","43.1497","QU","","43.1497","3400","","MAPE","","549684.0","123303.0","Buxted Platform 1 <Country End>","HUJ4","","","","","","","","","","","110149780","2024-06-07","","NRAIL","","","","","Rev Single","Buxted Platform 1, Country End. Access through station. What3Words - tensions.homeward.chin","TQ 49684 23303"
"70231136","SCU1","46.0207","QU","","46.0207","3400","","MAPE","","547290.0","120902.0","Uckfield Platform 1 <Country End>","HUJ4","","","","","","","","","","","70231136","2024-06-07","","NRAIL","","","","","Rev Single","Uckfield Platform 1, Country End. Access through station. What3Words - drips.limits.measures","TQ 47290 20902"
"110155479","SCU1","11.1188","QU","","11.1188","2100","","MAR","","532935.0","163692.0","SELSDON ROAD","HUJ3","","","","","","","","","","","110155479","2025-07-31","","NRAIL","","","","","Down Main/Fast","What3Words - volunteered.duck.energetic. Post Code - CR2 7AW","TQ 32935 63692"
"70109080","SCU1","15.0944","QU","","15.0944","1100","","MAR","","534133.0","158153.0","UPPER WARLINGHAM CAR PARK","HUJ3","","","","","","","","","","","70109080","2025-07-31","","AMEC","","","","","Up Main/Fast","Access to track via Upper Warlingham Car Park, Access via Gate onto track side 1100. What3Words - dwell.intent.train. Post Code - CR3 0BN","TQ 34133 58153"
"70109082","SCU1","17.0484","QU","","17.0484","2100","","MAR","","535981.0","156284.0","WOLDINGHAM YARD","HUJ3","","","","","","","","","","","70109082","2025-07-31","","NRAIL","","","","","Down Main/Fast","Woldingham Yard, Access via car park, double gates to level track 2100 side, on track machines but no launch pad. What3Words - fantastic.monkey.sand. Post Code - CR3 7LQ","TQ 35981 56284"
"70130182","SCU1","25.1105","QU","","25.1105","1100","","MAR","","544478.0","146602.0","Edenbridge Town Rrap","HUJ4","","","","","","","","","","","70130182","2024-06-07","","NRAIL","","","","","Up Main/Fast","Edenbridge Town RRAP, Access via car park, through double gate, track side 1100. What3Words - share.forks.yards","TQ 44478 46602"
"110153266","SCU1","25.121","QU","","25.121","2100","","MAR","","543799.0","146930.0","C/E ENDENBRIDGE TOWN TEMPORARY RRV ACCESS POINT","HUJ4","","","","","","","","","","","110153266","2022-07-06","","NRAIL","","","","","Down Main/Fast","TEMPORARY RRV ACCESS POINT - NEAREST LINE DOWN UCKFIELD. OWNER BAF 6030 UCKFIELD LINE PROJECT",""
"70014771","SCU1","29.033","QU","","29.033","3400","","MAR","","547535.0","141881.0","Cowden Rrap","HUJ4","","","","","","","","","","","70014771","2024-06-07","","NRAIL","","","","","Rev Single","Cowden RRAP, Access via Cowden Station. What3Words - apply.active.bunks","TQ 47535 41881"
"70109113","SCU1","32.0252","QU","","32.0252","1100","","MAR","","550774.0","138574.0","Ashurst - Down Uckfield Rrap","HUJ4","","","","","","","","","","","70109113","2024-06-07","","NRAIL","","","","","Up Main/Fast","Ashurst - Down Uckfield RRAP, Access via Station. What3Words - narrowest.growl.stress","TQ 50774 38574"
"110153267","SCU1","35.099","QU","","35.099","3400","","MAR","","554088.0","134620.0","L/E Eridge Stn Temporary Rrv Access Point","HUJ4","","","","","","","","","","","110153267","2024-06-07","","NRAIL","","","","","Rev Single","Eridge Station Temporary RRV Access Point. What3Words - muddle.primary.automatic","TQ 54088 34620"
"70119502","SCU1","37.0296","QU","","37.0296","3400","","MAR","","555119.0","132337.0","Redgate Mill Rrap","HUJ4","","","","","","","","","","","70119502","2024-06-07","","NRAIL","","","","","Rev Single","RRV Access via Sandhill Lane, Access onto track on 1100 side. What3Words - prefer.hobby.vacancies","TQ 55119 32337"
"70109119","SCU1","39.083","QU","","39.083","2100","","MAR","","553107.0","129339.0","Jarvis Brook Rrap","HUJ4","","","","","","","","","","","70109119","2024-06-07","","NRAIL","","","","","Down Main/Fast","Jarvis Brook RRAP, Access off Western Road, Crowborough. What3Words - imply.holly.short","TQ 53107 29339"
"70109123","SCU1","43.14","QU","","43.14","3400","","MAR","","549677.0","123461.0","Buxted Rrv","HUJ4","","","","","","","","","","","70109123","2024-06-07","","NRAIL","","","","","Rev Single","Buxted RRV, Access via A272, through gate to track side 3400.  <level> - No lighting - No third party permissions What3Words - graceful.radiating.sleepers","TQ 49677 23461"
"70109070","SCU1","11.0946","QU","","11.0946","1100","","MAV","","532889.0","163971.0","Sussex Road - Up Grinstead","HUJ3","","","","","","","","","","","70109070","2023-05-31","","AMEC","","","","","Up Main/Fast","Road access to double gate, smalll medium sized vehicles can drive up very steep ramp to waste ground and old signal box and relay room between down slow and up Grinstead branch lines at track level. Risk Rating 6, Hazard Rating 2, Score 12",""
"70109074","SCU1","12.0395","QU","","12.0395","1100","","MAV","","532867.0","162763.0","SANDERSTEAD STATION - CAR PARK - UP SIDE ","HUJ3","","","","","","","","","","","70109074","2025-07-31","","AMEC","","","","","Up Main/Fast","Road access to end of upside car park, double gate leading to launch pad. What3Words - rescue.bottle.both. Post Code - CR2 0PL","TQ 32867 62763"
"70109077","SCU1","14.1298","QU","","14.1298","1100","","MAV","","533649.0","159266.0","RIDDLESDOWN VIADUCT <GAS MAIN BRIDGE> @ OB 10","HUJ3","","","","","","","","","","","70109077","2025-07-31","","AMEC","","","","","Up Main/Fast","From road, <abloy key required for single arm barrier> drive up steep track to single gate, down concrete steps to track level. 20 Steps Down. What3Words - losses.frog.proof. Post Code - CR8 5BB","TQ 33649 59266"
"70230575","SCU1","20.0517","QU","","20.0517","1900","","MAV","","539364.0","152785.0","OXTED STATION CAR PARK NORTH","HUJ3","","","","","","","","","","","70230575","2025-07-31","","AMEC","","","","","Up Siding","Oxted Station Car Park North, Access to track via double gate to tack side 1900. What3Words - scary.wishes.handy. Post Code - RH8 9EU","TQ 39364 52785"
"70230576","SCU1","20.0539","QU","","20.0539","1100","","MAV","","539333.0","152856.0","OXTED STATION Car Park South","HUJ3","","","","","","","","","","","70230576","2015-05-19","","AMEC","","","","","Up Main/Fast","Risk Rating 3, Hazard Rating 4, Score 12",""
"70230588","SCU1","20.0629","QU","","20.0629","1900","","MAV","","539377.0","152788.0","OXTED STATION","HUJ3","","","","","","","","","","","70230588","2015-05-19","","AMEC","","","","","Up Siding","Risk Rating 3, Hazard Rating 2, Score 6",""
"70109085","SCU1","20.0763","QU","","20.0763","1800","","MAV","","539434.0","152662.0","OXTED STATION CAR PARK SOUTH","HUJ3","","","","","","","","","","","70109085","2025-07-31","","AMEC","","","","","Up Other/Eng/Car","Oxted Station Car Park South, Access to track via double gate to track side 1800. What3Words - gets.heavy.aura. Post Code - RH8 9EU","TQ 39434 52662"
"70130179","SCU1","29.0534","QU","","29.0534","3400","","MAV","","547653.0","141734.0","Cowden Yard","HUJ4","","","","","","","","","","","70130179","2024-06-07","","NRAIL","","","","","Rev Single","Cowden Yard, Access via Station Car park through double gate. What3Words - dirt.moss.leap","TQ 47653 41734"
"70119528","SCU1","34.1547","QU","","34.1547","3400","","MAV","","553213.0","135248.0","Forge Farm Uwc <Down Side>","HUJ4","","","","","","","","","","","70119528","2024-06-07","","AMEC","","","","","Rev Single","Forge Farm Crossing, track side 2100. What3Words - dwell.turned.legroom","TQ 53213 35248"
"70119504","SCU1","39.0389","QU","","39.0389","1100","","MAV","","553380.0","129653.0","Crowborough Car Park - Up Uckfield","HUJ4","","","","","","","","","","","70119504","2024-06-07","","NRAIL","","","","","Up Main/Fast","Access to track via Crowborough Car Park, Access via gate to track side 1100. What3Words - retailing.dizziness.spout","TQ 53380 29653"
"70130170","SCU1","43.153","QU","","43.153","3400","","MAV","","549706.0","123406.0","Buxted Yard","HUJ4","","","","","","","","","","","70130170","2024-06-07","","NRAIL","","","","","Rev Single","Buxted Yard, Access through gate via station car park. What3Words - trapdoor.airtime.librarian","TQ 49706 23406"
"110180450","SCU1","22.0132","QU","","22.0132","2100","","MAX","","540902.0","150560.0","Red Lane <Uckfield Line> Foot Crossing <Down>","HUJ4","","","","","","","","","","","110180450","2024-06-07","","NRAIL","","","","","Down Main/Fast","Red Lane Foot Crossing, 2100. What3Words - indoor.cloak.years","TQ 40902 50560"
"110180451","SCU1","22.143","QU","","22.143","1100","","MAX","","541646.0","149645.0","Grants Lane Foot Crossing <Up>","HUJ4","","","","","","","","","","","110180451","2024-06-07","","NRAIL","","","","","Up Main/Fast","Grants Lane Foot Crossing, 1100 track side. What3Words - phones.dock.glory","TQ 41646 49645"
"110180452","SCU1","23.0484","QU","","23.0484","1100","","MAX","","542052.0","149030.0","Guildables Foot Crossing <Up>","HUJ4","","","","","","","","","","","110180452","2024-06-07","","NRAIL","","","","","Up Main/Fast","Guildables Foot Crossing, 1100 track side. What3Words - proper.point.listed","TQ 42052 49030"
"110180453","SCU1","26.1298","QU","","26.1298","2100","","MAX","","545700.0","145400.0","Delaware Foot Crossing <Down>","HUJ4","","","","","","","","","","","110180453","2024-06-07","","NRAIL","","","","","Down Main/Fast","Delaware Foot Crossing, 2100 track side. What3Words - dined.strike.point","TQ 45700 45400"
"110180454","SCU1","30.1342","QU","","30.1342","3400","","MAX","","549623.0","140500.0","Gonore Foot Crossing <South Side>","HUJ4","","","","","","","","","","","110180454","2024-06-07","","NRAIL","","","","","Rev Single","Gonore Foot Crossing, 1100 track side. What3Words - rarely.agreeable.litters","TQ 49623 40500"
"110180455","SCU1","42.0462","QU","","42.0462","2100","","MAX","","551045.0","125491.0","Grove Wood Foot Crossing <Down Side>","HUJ4","","","","","","","","","","","110180455","2024-06-07","","NRAIL","","","","","Down Main/Fast","Grove Wood Foot Crossing, track side 2100. What3Words - shell.went.blip","TQ 51045 25491"
"70264707","SCU1","44.1386","QU","","44.1386","3400","","MAX","","548852.0","121806.0","Hempstead Cutting First Steps Foot Crossing <South","HUJ4","","","","","","","","","","","70264707","2024-06-07","","AMEC","","","","","Rev Single","Hempstead Farm Crossing, Cutting First Steps Foot Crossing, South Side. What3Words - plums.foil.slab","TQ 48852 21806"
"70264706","SCU1","44.1738","QU","","44.1738","3400","","MAX","","549061.0","122032.0","Hempstead Cutting Second Steps Foot Crossing <Sout","HUJ4","","","","","","","","","","","70264706","2024-06-07","","AMEC","","","","","Rev Single","Hempstead Cutting Second Steps Foot Crossing, South Side. What3Words - branched.importing.pillow","TQ 49061 22032"
"110180456","SCU1","45.033","QU","","45.033","3400","","MAX","","548600.0","121600.0","Hempstead User Worked Crossing <South Side>","HUJ4","","","","","","","","","","","110180456","2024-06-07","","NRAIL","","","","","Rev Single","Hempstead Lane Crossing, South Side. What3Words - chopper.shifts.gliders","TQ 48600 21600"
"70130537","SCU1","45.0352","QU","","45.0352","3400","","MAX","","548591.0","121611.0","Hempstead User Worked Crossing <North Side>","HUJ4","","","","","","","","","","","70130537","2024-06-07","","AMEC","","","","","Rev Single","Hempstead Lane Crossing, North Side. What3Words - prone.prouder.sailing","TQ 48591 21611"
"70109124","SLJ","6.0132","QU","","6.0132","2100","","MAP","","529511.0","171299.0","MITCHAM LANE","HUJ3","","","","","","","","","","","70109124","2025-07-31","","AMEC","","","","","Down Main/Fast","Mitcham Lane. Access via Mitcham Lane, steps down to track. What3Words - think.moth.loaf. Post Code - SW16 6QF","TQ 29511 71299"
"110179959","SMS1","0.1672","QU","","0.1672","2100","","MAP","","527914.0","170531.0","TOOTING STATION","HUJ3","","","","","","","","","AC","","110179959","2024-03-06","","NRAIL","","","","","Down Main/Fast","WHAT 3 WORDS ///TALKED.BRASS.SILENT.     ADDITION OF ACCESS POINT.     PATFORM 1 RAMPED BOTH ENDS.  pLATFORM 2 RAMPED COUNTRY END ONLY.","TQ 27914 70530"
"70261272","SMS1","1.088","QU","","1.088","1100","","MAP","","527103.0","170912.0","COLLIERS WOOD HIGH STREET/WATERFALL","HUJ3","","","","","","","","","","","70261272","2025-07-31","","AMEC","","","","","Up Main/Fast","High Street Colliers Wood. Access via steps down to track. What3Words - buzz.sulk.search. Post Code - SW17 0LJ","TQ 27103 70912"
"70261273","SMS1","1.154","QU","","1.154","2100","","MAP","","526765.0","171022.0","KIMBLE ROAD","HUJ3","","","","","","","","","","","70261273","2025-07-31","","AMEC","","","","","Down Main/Fast","Kimble Road. Access to track via gate. What3Words - values.sentences.basis. Post Code - SW19 2AT","TQ 26765 71022"
"70130521","SMS1","2.0292","QU","","2.0292","2100","","MAPE","","526164.0","171129.0","HAYDONS ROAD PLATFORM 2 (LONDON END)","HUJ3","","","","","","","","","","","70130521","2025-07-31","","AMEC","","","","","Down Main/Fast","Haydons Road Platform 2, London End. Access through station. What3Words - broke.season.leave. Post Code - SW198HZ","TQ 26164 71129"
"70130520","SMS1","2.031","QU","","2.031","1100","","MAR","","526163.0","171143.0","HAYDONS ROAD RRV","HUJ3","","","","","","","","","","","70130520","2025-07-31","","NRAIL","","","","","Up Main/Fast","Haydons Road RRV. RRV Access in residential area, access via gate. What3Words - roofs.noting.humans. Post Code - SW19 8HZ","TQ 26163 71143"
"70109128","SMS2","7.1341","QU","","7.1341","2800","","MAP","","524296.0","170056.0","MERTON HALL ROAD","HUJ3","","","","","","","","","","","70109128","2025-07-31","","AMEC","","","","","Down Other/Eng/Car","Public crossing access via Merton Hall Road.  What3Words - mini.inches.forum. Post Code - SW19 3PP","TQ 24296 70056"
"110188440","SMS2","7.1341","QU","","7.1341","2100","","MAP","","524288.0","170061.0","MERTON HALL RD","HUJ3","","","","","","","","","AC","","110188440","2024-08-22","","NRAIL","","","","","Down Main/Fast","WHAT3WORDS///GUISES.THEME.SIDES.","TQ 24288 70061"
"70109127","SMS2","8.0286","QU","","8.0286","2100","","MAP","","524257.0","169426.0","Wimbledon Chase Station","HUJ3","","","","","","","","","AC","","70109127","2015-05-19","","AMEC","","","","","Down Main/Fast","Access through station, Risk Rating 3, Hazard Rating 2, Score 6, 30 Steps Up",""
"70224582","SMS2","9.0641","QU","","9.0641","0","","MAP","","525356.0","167882.0","MORDEN SOUTH STATION","HUJ3","","","","","","","","","NOT APPLICABLE","","70224582","2015-05-19","","","","","","","All/Multiple Tracks","Access through station, Risk Rating 3, Hazard Rating 2, Score 6",""
"70109130","SMS2","9.0704","QU","","9.0704","0","","MAP","","525374.0","167827.0","Morden South Station","HUJ3","","","","","","","","","AC","","70109130","2015-05-19","","AMEC","","","","","All/Multiple Tracks","Access through station, Risk Rating 3, Hazard Rating 2, Score 6, 20 Steps Up",""
"110157790","SMS2","10.0286","QU","","10.0286","1100","","MAP","","525333.0","166632.0","Sutton Common - Love Lane","HUJ3","","","","","","","","","","","110157790","2023-05-31","","","","","","","Up Main/Fast","Up Main/Fast - Access from Forest Road via a single gate. 28 steps up to track level. SMS3 9NS.",""
"110179960","SMS2","11.1034","QU","","11.1034","0","","MAP","","525071.0","164531.0","WEST SUTTON STATION","HUJ3","","","","","","","","","AC","","110179960","2022-09-09","","NRAIL","","","","","All/Multiple Tracks","WHAT 3 WORDS ///TIMES.ENTRY.SAGE.    ADDITION OF ACCESS POINT.    RAMPED BOTH ENDS OF THE PLATFORM.","TQ 25071 64530"
"70224579","SMS2","7.0499","QU","","7.0499","3100","","MAPE","","524815.0","170626.0","WIMBLEDON PLATFORM 9 (COUNTRY END)","HUJ3","","","","","","","","","","","70224579","2025-07-31","","","","","","","Rev Main/Fast","Wimbledon Platform 9, Country End. Access through station. What3Words - ritual.cool.error. Post Code - SW19 7NH","TQ 24815 70626"
"70109129","SMS2","8.1342","QU","","8.1342","1100","","MAPE","","524818.0","168775.0","SOUTH MERTON PLATFORM 1 (UP)","HUJ3","","","","","","","","","","","70109129","2025-07-31","","AMEC","","","","","Up Main/Fast","South Merton Platform 1, London End. What3Words - baked.palms.actor. Post Code - SW20 9AH","TQ 24818 68775"
"70109131","SMS2","9.1518","QU","","9.1518","2100","","MAPE","","525428.0","167174.0","ST. HELIER PLATFORM 2 (LONDON END)","HUJ3","","","","","","","","","","","70109131","2025-07-31","","AMEC","","","","","Down Main/Fast","St. Helier Platform 2, London End. What3Words - wallet.rated.pokers. Post Code - SM4 6FE","TQ 25428 67174"
"70109132","SMS2","10.1474","QU","","10.1474","2100","","MAPE","","525644.0","165542.0","SUTTON COMMON PLATFORM 2 (COUNTRY END)","HUJ3","","","","","","","","","","","70109132","2025-07-31","","AMEC","","","","","Down Main/Fast","Sutton Common Platform 2, Country End. Access through station. What3Words - those.dishes.given. Post Code - SM1 3HN","TQ 25644 65542"
"110176344","SMS2","7.121","QU","","7.121","3100","","MAR","","524522.0","170242.0","Wimbledon Signal Box <Double access>","HUJ3","","","","","","","","","","","110176344","2025-08-04","","NRAIL","","","","","Rev Main/Fast"," ","TQ 24496 70264"
"70109126","SMS2","7.0656","QU","","7.0656","3100","","MAV","","525004.0","170814.0","WIMBLEDON","HUJ3","","","","","","","","","","","70109126","2025-07-31","","AMEC","","","","","Rev Main/Fast","Wimbledon. Access via gate at Country end of station car park, Queens Road. What3Words - maple.tender.author. Post Code - SW19 8NW","TQ 25004 70814"
"70261274","SMS2","10.0858","QU","","10.0858","2100","","MAV","","525594.0","166179.0","ST. HELIER SUBSTATION (REIGATE RD A217)","HUJ3","","","","","","","","","","","70261274","2025-07-31","","AMEC","","","","","Down Main/Fast","St. Helier Substation, access via steps to track. What3Words - fleet.civic.cave. Post Code - SM1 3JR","TQ 25594 66179"
"110154824","SNS","6.0638","QU","","6.0638","3400","","MAP","","529533.0","170850.0","POTTERS LANE SUBWAY","HUJ3","","","","","","","","","","","110154824","2025-07-31","","NRAIL","","","","","Rev Single","Potters Lane Subway, Steps down to pathway under track. What3Words - deaf.voices.cost. Post Code - SW16 6BL","TQ 29533 70850"
"110179957","SNS","6.0638","QU","","6.0638","3400","","MAP","","529527.0","170851.0","STREATHAM VALE WALKWAY","HUJ3","","","","","","","","","","","110179957","2025-07-31","","NRAIL","","","","","Rev Single","Streatham Vale Walkway, Access via Potters Lane and gate onto track 3400. What3Words - muddy.views.bricks. Post Code - SW16 6BL","TQ 29527 70851"
"110180457","STS","53.0792","QU","","53.0792","0","","MAP","","543100.0","105500.0","Itford Footpath Crossing","HUJ4","","","","","","","","","","","110180457","2022-10-05","","NRAIL","","","","","All/Multiple Tracks","Public Footpath to be used as access   What Three Words  -  curtains.inherits.withdraw","TQ 43100 05500"
"70226612","STS","55.13","QU","","55.13","0","","MAP","","544617.0","102333.0","Parsons Lxing","HUJ4","","","","","","","","","","","70226612","2015-05-19","","AMEC","","","","","All/Multiple Tracks","Risk Rating 3, Hazard Rating 4, Score 12",""
"110155648","STS","56.045","QU","","56.045","1100","","MAP","","544930.0","101553.0","NEWHAVEN TOWN LEVEL CROSSING","HUJ4","","","","","","","","","","","110155648","2025-08-18","","NRAIL","","","","","Up Main/Fast","Newhaven Town Level Crossing, access point is level crossing. What3Words - converged.polygraph.makes. Post Code - BN9 0AS","TQ 44930 01553"
"110147209","STS","56.0742","QU","","56.0742","1100","","MAP","","544923.0","101578.0","NEWHAVEN SUBSTATION","HUJ4","","","","","","","","","","","110147209","2025-07-31","","NRAIL","","","","","Up Main/Fast","Newhaven Substation, Access via Drove Road. What3Words - breeze.imply.snaps. Post Code - BN9 0ER","TQ 44923 01578"
"110149860","STS","56.1091","QU","","56.1091","1100","","MAP","","544938.0","101001.0","NEWHAVEN HARBOUR PLAT 2","HUJ4","","","","","","","","","","","110149860","2022-07-22","","","","","","","Up Main/Fast","Access through station, no presence of cattle grids, possible presence of slope, station lighting.","TQ 44973 00879"
"110149859","STS","56.1157","QU","","56.1157","2100","","MAP","","545250.0","100687.0","NEWHAVEN HARBOUR PLAT 1","HUJ4","","","","","","","","","","","110149859","2022-07-22","","","","","","","Down Main/Fast","Access through station, no presence of cattle grids, possible presence of slope, station lighting.","TQ 44973 00879"
"70130156","STS","58.1403","QU","","58.1403","3600","","MAP","","547962.0","99272.0","ST CRISPIANS, SEAFORD","HUJ4","","","","","","","","","","","70130156","2025-07-31","","NRAIL","","","","","Rev Terminal/Bay","Seaford, Access to track via St Crispians through gate. What3Words - suspend.belief.teaspoons. Post Code - BN25 2DY. Track ID should be 3601","TV 47962 99272"
"110149892","STS","58.1577","QU","","58.1577","3602","","MAP","","548084.0","99178.0","SEAFORD STNPLAT 1","HUJ4","","","","","","","","","","","110149892","2022-07-22","","","","","","","","Access through station, possible presence of catle grids and.or slope, station lighting.","TV 48271 99063"
"110149897","STS","53.0864","QU","","53.0864","1100","","MAPE","","543102.0","105461.0","SOUTHEASE PLAT 1","HUJ4","","","","","","","","","","","110149897","2025-07-31","","","","","","","Up Main/Fast","Southease Platform 1. Access through station. What3Words - marshes.decimals.decisive. Post Code - BN8 6JS","TQ 43106 05473"
"110149898","STS","53.0865","QU","","53.0865","2100","","MAPE","","543102.0","105461.0","SOUTHEASE PLAT 2","HUJ4","","","","","","","","","","","110149898","2025-07-31","","","","","","","Down Main/Fast","Southease Platform 2. Access through station. What3Words - endearing.quantity.prove. Post Code - BN8 6JS","TQ 43106 05473"
"110149862","STS","56.0545","QU","","56.0545","1100","","MAPE","","544934.0","101473.0","NEWHAVEN TOWN PLAT 1","HUJ4","","","","","","","","","","","110149862","2025-07-31","","","","","","","Up Main/Fast","Newhaven Town Platform 1. Access through station. What3Words - contained.hoofs.credit. Post Code - BN9 0AS","TQ 44940 01478"
"110149863","STS","56.0547","QU","","56.0547","2100","","MAPE","","544934.0","101473.0","NEWHAVEN TOWN PLAT 2","HUJ4","","","","","","","","","","","110149863","2025-07-31","","","","","","","Down Main/Fast","Newhaven Town Platform 2. Access through station. What3Words - definite.froze.acrobatic. Post Code - BN9 0AS","TQ 44940 01478"
"110149766","STS","58.0109","QU","","58.0109","3400","","MAPE","","546936.0","99878.0","BISHOPSTONE PLAT 1","HUJ4","","","","","","","","","","","110149766","2025-07-31","","","","","","","Rev Single","Bishopstone Platform 1. Access through station. What3Words - powering.stockpile.fixed. Post Code - BN25 2QX","TV 46944 99875"
"110165826","STS","58.1424","QU","","58.1424","1100","","MAPE","","547966.0","99253.0","SEAFORD STN PLAT 1","HUJ4","","","","","","","","","","","110165826","2018-11-26","","NRAIL","","","","","Up Main/Fast","Access via ramp end. No gates, stairs or catte grids present.","TQ 47966 99253"
"70261276","STS","58.1611","QU","","58.1611","3600","","MAPE","","548131.0","99163.0","SEAFORD PLATFORM STATION CAR PARK","HUJ4","","","","","","","","","","","70261276","2025-08-18","","NRAIL","","","","","Rev Terminal/Bay","Seaford Station Car Park. Access via Station Approach. What3Words - freezers.scan.darts. Post Code - BN25 2AR. Track ID should be 3601","TV 48131 99163"
"110147208","STS","53.0072","QU","","53.0072","2100","","MAV","","543120.0","105596.0","SOUTHEASE SUBSTATION","HUJ4","","","","","","","","","","","110147208","2025-08-18","","NRAIL","","","","","Down Main/Fast","Southease Substation, Access via South Downs Way Level Crossing. What3Words - hiking.shippers.transmitted. Post Code - BN8 6JS","TQ 43120 05596"
"70226606","STS","53.0804","QU","","53.0804","1100","","MAV","","543103.0","105516.0","SOUTHEASE LEVEL CROSSING","HUJ4","","","","","","","","","","","70226606","2025-07-31","","AMEC","","","","","Up Main/Fast","South Downs Way Level Crossing. What3Words - risen.handover.arrived. Post Code - BN8 6JS","TQ 43103 05516"
"70226607","STS","54.0351","QU","","54.0351","2100","","MAV","","543207.0","104329.0","STOOR LEVEL CROSSING","HUJ4","","","","","","","","","","","70226607","2025-07-31","","AMEC","","","","","Down Main/Fast","Stoor Level Crossing. Access via A26. What3Words - labs.turntable.similar. Post Code - BN9 0JE","TQ 43207 04329"
"70226608","STS","54.0661","QU","","54.0661","2100","","MAV","","543318.0","104069.0","DURHAM FARM LEVEL CROSSING","HUJ4","","","","","","","","","","","70226608","2025-07-31","","AMEC","","","","","Down Main/Fast","Durham Farm Level Crossing, Access via A26. What3Words - basher.clinking.scarred. Post Code - BN9 0JE","TQ 43318 04069"
"70226609","STS","54.1235","QU","","54.1235","2100","","MAV","","543637.0","103654.0","TARRING NEVILLE NO. 1 LEVEL CROSSING","HUJ4","","","","","","","","","","","70226609","2025-07-31","","AMEC","","","","","Down Main/Fast","Tarring Neville No. 1 Level Crossing.  What3Words - puncture.stretcher.watch. Post Code - BN9 0JE","TQ 43637 03654"
"70226610","STS","54.1573","QU","","54.1573","2100","","MAV","","543870.0","103452.0","TARRING NEVILLE NO. 2 LEVEL CROSSING","HUJ4","","","","","","","","","","","70226610","2025-07-31","","AMEC","","","","","Down Main/Fast","Tarring Neville No. 2 Level Crossing.  What3Words - calendars.sweeping.remembers. Post Code - BN9 0JE","TQ 43870 03452"
"70226611","STS","55.1221","QU","","55.1221","2100","","MAV","","544587.0","102398.0","PARSONS LEVEL CROSSING","HUJ4","","","","","","","","","","","70226611","2025-07-31","","AMEC","","","","","Down Main/Fast","Parsons Level Crossing.  What3Words - work.acute.proudest. Post Code - BN9 0HE","TQ 44587 02398"
"110149538","STS","56.0435","QU","","56.0435","2100","","MAV","","544923.0","101578.0","Newhaven Town Maintenance Depot","HUJ4","","","","","","","","","","","110149538","2023-05-31","","NRAIL","","","","","Down Main/Fast","Risk Rating 3, Hazard Rating 2, Score 6 - Access via Drove Road <level> - Street Lighting only - No third party permissions","TQ 44900 01600"
"70226614","STS","56.1383","QU","","56.1383","3400","","MAV","","545094.0","100775.0","BEACH ROAD LEVEL CROSSING","HUJ4","","","","","","","","","","","70226614","2025-07-31","","NRAIL","","","","","Rev Single","Beach Road Level Crossing.  What3Words - videos.tamed.nudge. Post Code - BN9 0BG","TQ 45082 00783"
"70226615","STS","57.0825","QU","","57.0825","3400","","MAV","","546122.0","100377.0","TIDE MILLS LXING","HUJ4","","","","","","","","","","","70226615","2025-07-31","","AMEC","","","","","Rev Single","Mill Drove Level Crossing.  What3Words - thudding.composes.grow. Post Code - BN25 2TW","TQ 46122 00377"
"110186481","STS","58.1012","QU","","58.1012","3400","","MAV","","547657.0","99436.0","ST CRISPIANS","HUJ4","","","","","","","","","VEHICLE","","110186481","2025-01-21","","NRAIL","","","","","Rev Single","Authorised Access Point - Vehicle <MAV>.  What3Words:// SILK.AGENCY.BROWNISH.  Access via St Crispians, East Blatchington. Grid Ref: TV4765799436","TV 47648 99456"
"110147224","TAT","15.0616","QU","","15.0616","2100","","MAP","","531339.0","161234.0","Purley Substation","HUJ3","","","","","","","","","","","110147224","2024-03-06","","NRAIL","","","","","Down Main/Fast","Access to S/S is via Beaumont Rd & Fairbairn Close.  WHAT3WORDS/// SLAP.POTS.SANG.","TQ 31339 61234"
"110147225","TAT","16.1463","QU","","16.1463","2100","","MAP","","529740.0","159753.0","Coulsdon Town TP Hut","HUJ3","","","","","","","","","","","110147225","2024-03-06","","NRAIL","","","","","Down Main/Fast","Access to TP Hut is via the Station  <Coulsdon Town was formerly Smitham>. WHAT3WORDS/// GUESS.WANTS.SAKE.","TQ 29740 59753"
"70109141","TAT","17.088","QU","","17.088","2100","","MAP","","528703.0","159361.0","WOODMANSTERNE - WOODSTOCK ROAD","HUJ3","","","","","","","","","","","70109141","2025-07-31","","AMEC","","","","","Down Main/Fast","Woodmansterne, Access via Woodstock Road. Road access to side of station, single gate to track level. What3Words - power.echo.rots. Post Code - CR5 3BJ","TQ 28703 59361"
"70130835","TAT","17.088","QU","","17.088","0","","MAP","","528740.0","159387.0","Woodmansterne Station","HUJ3","","","","","","","","","","","70130835","2015-05-19","","AMEC","","","","","All/Multiple Tracks","Access through station Risk Rating 6, Hazard Rating 2, Score 12",""
"110147226","TAT","18.0613","QU","","18.0613","1100","","MAP","","527735.0","158334.0","CHIPSTEAD SUBSTATION","HUJ3","","","","","","","","","","","110147226","2025-08-18","","NRAIL","","","","","Up Main/Fast","Chipstead Track Access. Access via Chipstead Station Car Park via Gate onto track 1100. What3Words - radio.option.left. Post Code - CR5 3TD","TQ 27735 58334"
"70224821","TAT","18.0635","QU","","18.0635","2100","","MAP","","527864.0","158503.0","CHIPSTEAD SUBSTATION","HUJ3","","","","","","","","","","","70224821","2025-07-31","","AMEC","","","","","Down Main/Fast","Chipstead Substation. Access via track 2100 side. What3Words - dices.wasp.tester. Post Code - CR5 3PJ","TQ 27864 58503"
"70130836","TAT","18.0902","QU","","18.0902","0","","MAP","","527685.0","158272.0","Chipstead Station","HUJ3","","","","","","","","","AC","","70130836","2015-05-19","","AMEC","","","","","All/Multiple Tracks","Access through station, Risk Rating 3, Hazard Rating 4, Score 12",""
"110180458","TAT","18.1012","QU","","18.1012","2100","","MAP","","527633.0","158205.0","CHIPSTEAD FOOT CROSSING (DOWN SIDE)","HUJ3","","","","","","","","","","","110180458","2025-07-31","","NRAIL","","","","","Down Main/Fast","Chipstead Foot Crossing, Down Side. Public Bridleway with gated access. What3Words - pitch.most.scenes. Post Code - CR5 3TD","TQ 27633 58205"
"110180459","TAT","19.088","QU","","19.088","2100","","MAP","","526947.0","157103.0","SHERWELLS FOOT CROSSING (DOWN SIDE)","HUJ3","","","","","","","","","","","110180459","2025-07-31","","NRAIL","","","","","Down Main/Fast","Sherwells Foot Crossing, Down Side. Public Footpath to be used as access   What Three Words  -  orders.fluid.exam What3Words - dirt.vast.curl. Post Code - CR5 3NJ","TQ 26947 57103"
"70130838","TAT","19.0893","QU","","19.0893","2100","","MAP","","526932.0","157100.0","Outwood Lane TP Hut","HUJ3","","","","","","","","","","","70130838","2015-05-19","","AMEC","","","","","Down Main/Fast","Near Public Footpath at Outwood Lane. 1 mile south west of Chipstead Station.Risk Rating 4, Hazard Rating 4, Score 16",""
"110147227","TAT","19.1041","QU","","19.1041","2100","","MAP","","526821.0","157105.0","Outwood Lane TP Hut","HUJ3","","","","","","","","","","","110147227","2024-03-06","","NRAIL","","","","","Down Main/Fast","Access to TP Hut is via Outwood Lane Easting.  WHAT3WORDS/// PENCIL.POTATO.DOING.","TQ 26821 57105"
"110180460","TAT","20.1056","QU","","20.1056","2100","","MAP","","525240.0","156852.0","KINGSWOOD FOOT CROSSING (DOWN SIDE)","HUJ3","","","","","","","","","","","110180460","2025-07-31","","NRAIL","","","","","Down Main/Fast","Kingswood Foot Crossing, Down Side. What3Words - eager.riots.facing. Post Code - KT20 6LP","TQ 25240 56852"
"110147228","TAT","20.1592","QU","","20.1592","2100","","MAP","","524853.0","156576.0","KINGSWOOD SUBSTATION","HUJ3","","","","","","","","","","","110147228","2025-07-31","","NRAIL","","","","","Down Main/Fast","Kingswood Substation. Access substation via Station. What3Words - grew.dent.drop. Post Code - KT20 6HS","TQ 24853 56576"
"70130840","TAT","20.1619","QU","","20.1619","2100","","MAP","","524856.0","156598.0","KINGSWOOD SUBSTATION - PLATFORM 2 ACCESS","HUJ3","","","","","","","","","","","70130840","2025-07-31","","AMEC","","","","","Down Main/Fast","Kingswood Substation, Access down Platform 2 Via Approach. What3Words - define.diner.stage. Post Code - KT20 6HA","TQ 24856 56598"
"110170955","TAT","21.0792","QU","","21.0792","1100","","MAP","","524060.0","156204.0","KINGSWOOD TUNNEL","HUJ3","","","","","","","","","","","110170955","2025-07-31","","NRAIL","","","","","Up Main/Fast","Kingswood Tunnel. What3Words - short.vase.locked. Post Code - KT20 6QR","TQ 24060 56204"
"70130841","TAT","21.1132","QU","","21.1132","1100","","MAP","","523818.0","156084.0","Hoppity Tunnel, Watts Lane/Dorking Road","HUJ3","","","","","","","","","","","70130841","2024-07-24","","AMEC","","","","","Up Main/Fast","*** UNSAFE ACCESS POINT - PROHIBITED - DO NOT USE ***         Access is prohibited at this location until upgrades have been provided and mitigations to reduce the risk are in place. Alternative access through either Kingswood Station <20m 72ch> and/or Tadworth station <22m 18ch>. Be mindful there are 2~
tunnels with limited clearance thought this section.       Risk Rating 2, Hazard Rating 2, Score 4, 53 Steps Dn.  WHAT3WORDS/// SPIRIT.VALID.CLASH.","TQ 23818 56084"
"70130833","TAT","15.1414","QU","","15.1414","2100","","MAPE","","530809.0","160703.0","REEDHAM PLATFORM 2 (COUNTRY END)","HUJ3","","","","","","","","","","","70130833","2025-07-31","","AMEC","","","","","Down Main/Fast","Reedham Platform 2 (Country End). Access through station,  What3Words - sadly.trains.relax. Post Code - CR8 4BS","TQ 30809 60703"
"70130834","TAT","16.1085","QU","","16.1085","1100","","MAPE","","530207.0","159820.0","COULSDON TOWN PLATFORM 1 (LONDON END)","HUJ3","","","","","","","","","","","70130834","2025-07-31","","AMEC","","","","","Up Main/Fast","Coulsdon Town Platform 1, London End. What3Words - cheer.effort.parks. Post Code - CR5 2BQ","TQ 30207 59820"
"70224820","TAT","16.1085","QU","","16.1085","2100","","MAPE","","530061.0","159751.0","COULSDON TOWN PLATFORM 2 (COUNTRY END)","HUJ3","","","","","","","","","","","70224820","2025-07-31","","AMEC","","","","","Down Main/Fast","Coulsdon Town Platform 2, Country End. What3Words - urban.asset.bliss. Post Code - CR5 2BZ","TQ 30047 59745"
"70225260","TAT","18.0924","QU","","18.0924","1100","","MAPE","","527727.0","158321.0","CHIPSTEAD PLATFORM 1 (LONDON END)","HUJ3","","","","","","","","","","","70225260","2025-08-18","","AMEC","","","","","Up Main/Fast","Chipstead Platform 1, London End.  What3Words - spout.formal.lost. Post Code - CR5 3TD","TQ 27727 58321"
"70224823","TAT","18.0925","QU","","18.0925","2100","","MAPE","","527664.0","158241.0","CHIPSTEAD PLATFORM 2 (COUNTRY END)","HUJ3","","","","","","","","","","","70224823","2025-07-31","","AMEC","","","","","Down Main/Fast","Chipstead Platform 2, Country End.  What3Words - score.almost.stuff. Post Code - CR5 3TD","TQ 27664 58241"
"70224824","TAT","20.1619","QU","","20.1619","1100","","MAPE","","524893.0","156643.0","KINGSWOOD PLATFORM 1 (LONDON END)","HUJ3","","","","","","","","","","","70224824","2025-07-31","","AMEC","","","","","Up Main/Fast","Kingswood Platform 1 (London End).  What3Words - fonts.mixed.bunks. Post Code - KT20 6HA","TQ 24893 56643"
"70109144","TAT","22.0401","QU","","22.0401","2100","","MAPE","","523070.0","156274.0","TADWORTH PLATFORM 2 (COUNTRY END)","HUJ3","","","","","","","","","","","70109144","2025-07-31","","AMEC","","","","","Down Main/Fast","Tadworth Platform 2, Country End. What3Words - votes.decent.film. Post Code - KT20 5DA","TQ 23070 56274"
"70130846","TAT","23.0814","QU","","23.0814","3600","","MAPE","","522605.0","158139.0","TATTENHAM CORNER PLATFORM 3 (LONDON END)","HUJ3","","","","","","","","","","","70130846","2025-07-31","","AMEC","","","","","Rev Terminal/Bay","Tattenham Corner Platform 3, London End. What3Words - using.wheels.pushed. Post Code - KT18 5QH.  Track ID should be 3603","TQ 22663 57942"
"70130845","TAT","23.0814","QU","","23.0814","3600","","MAPE","","522612.0","158139.0","TATTENHAM CORNER PLATFORM 1&2 (LONDON END)","HUJ3","","","","","","","","","","","70130845","2025-08-18","","AMEC","","","","","Rev Terminal/Bay","Tattenham Corner Platform 1&2, London End.  What3Words - shades.ally.bolt. Post Code - KT18 5QH.  Track ID should be 3602","TQ 22612 58139"
"70109142","TAT","18.0836","QU","","18.0836","1100","","MAR","","527733.0","158333.0","CHIPSTEAD RRV","HUJ3","","","","","","","","","","","70109142","2025-07-31","","AMEC","","","","","Up Main/Fast","Chipstead RRV. Road access to end of station car park, double gates for road rail access to track level. What3Words - jumpy.gaps.bunk. Post Code - CR5 3TD","TQ 27733 58333"
"70109147","TAT","23.0594","QU","","23.0594","3603","","MAR","","522673.0","157944.0","Tattenham Yard - Up Tattenham","HUJ3","","","","","","","","","","","70109147","2023-05-31","","AMEC","","","","","","Road access to all platforms.Risk Rating 6, Hazard Rating 2, Score 12",""
"70224822","TAT","18.0831","QU","","18.0831","1100","","MAV","","527729.0","158320.0","CHIPSTEAD STATION CAR PARK","HUJ3","","","","","","","","","","","70224822","2025-07-31","","AMEC","","","","","Up Main/Fast","Chipstead Station Car Park. What3Words - indeed.cried.grin. Post Code - CR5 3TD","TQ 27670 58276"
"70130839","TAT","20.1641","QU","","20.1641","1100","","MAV","","523129.0","156044.0","KINGSWOOD STATION - DOUBLE GATE, END OF YARD","HUJ3","","","","","","","","","","","70130839","2025-07-31","","AMEC","","","","","Up Main/Fast","Kingswood Station - Double Gate at End of Yard.  What3Words - tunnel.stroke.frost. Post Code - KT20 5AH","TQ 23129 56044"
"70014698","TAT","22.0506","QU","","22.0506","1100","","MAV","","523062.0","156307.0","Tadworth Station - Up Tattenham","HUJ3","","","","","","","","","","","70014698","2023-05-31","","AMEC","","","","","Up Main/Fast","Road access to back of station, double gate to track level.Risk Rating 6, Hazard Rating 2, Score 12",""
"70224825","TAT","22.0526","QU","","22.0526","1100","","MAV","","523057.0","156324.0","TADWORTH STATION","HUJ3","","","","","","","","","","","70224825","2023-05-31","","AMEC","","","","","Up Main/Fast","Risk Rating 3, Hazard Rating 4, Score 12",""
"70109145","TAT","22.0706","QU","","22.0706","1100","","MAV","","523005.0","156475.0","Tadworth Station - Up Tattenham","HUJ3","","","","","","","","","","","70109145","2015-05-19","","AMEC","","","","","Up Main/Fast","Road access to back of station, double gate to track level.Risk Rating 6, Hazard Rating 2, Score 12",""
"70109146","TAT","23.0573","QU","","23.0573","3600","","MAV","","522587.0","158165.0","TATTENHAM CORNER STATION","HUJ3","","","","","","","","","","","70109146","2025-07-31","","AMEC","","","","","Rev Terminal/Bay","Tattenham Corner Station. Road access to all platforms. What3Words - heavy.fish.tides. Post Code - KT18 5QD","TQ 22587 58165"
"70130844","TAT","23.0814","QU","","23.0814","3600","","MAV","","522672.0","157890.0","TATTENHAM CORNER SUBSTATION DOUBLE GATE","HUJ3","","","","","","","","","","","70130844","2025-07-31","","AMEC","","","","","Rev Terminal/Bay","Tattenham Corner Substation Access from Royal Drive via ouble Gate.  What3Words - nurse.drank.daring. Post Code - KT18 5PR","TQ 22672 57890"
"110149969","TBH1","29.066","QU","","29.066","1801","","MAP","","528780.0","136902.0","Back Road Three Bridges","HUJ4","","","","","","","","","","","110149969","2024-06-18","","NRAIL","","","","","","OUT OF USE - OVERGROWN & UNUSED.  Lighting to road way - No third party permissions - 5 metre embankment up to track","TQ 28780 36902"
"110149968","TBH1","29.0726","QU","","29.0726","1800","","MAP","","528762.0","136702.0","THREE BRIDGES SWITCHING STATION/WILLIAMS WAY","HUJ4","","","","","","","","","","","110149968","2025-08-18","","NRAIL","","","","","Up Other/Eng/Car","Three Bridges Switching Station/Williams Way. Access via gate. Steps up to track. What3Words - secure.loft.librarian. Post Code - RH10 1HW. Track ID should be 1801","TQ 28762 36702"
"110147210","TBH1","29.0757","QU","","29.0757","1100","","MAP","","528791.0","136726.0","WHYKE SUBSTATION","HUJ4","","","","","","","","","","","110147210","2025-07-31","","NRAIL","","","","","Up Main/Fast","Three Bridges Whyke Substation, Access via Williams Way through gate, Back Road via Three Bridges. What3Words - secure.loft.librarian. Post Code - RH10 1LY","TQ 28790 36726"
"110149531","TBH1","30.0099","QU","","30.0099","2100","","MAP","","527928.0","136360.0","HAWTH THEATRE","HUJ4","","","","","","","","","","","110149531","2025-07-31","","NRAIL","","","","","Down Main/Fast","Hawth Theatre, Access off Hawth Avenue. What3Words - cups.calm.ship. Post Code - RH10 1AL","TQ 27940 36354"
"70225386","TBH1","30.1399","QU","","30.1399","1100","","MAP","","526738.0","136370.0","CRAWLEY HIGH STREET LEVEL CROSSING","HUJ4","","","","","","","","","","","70225386","2025-07-31","","NRAIL","","","","","Up Main/Fast","Crawley High Street Level Crossing. This access point is a level crossing. What3Words - cone.levels.hotels. Post Code - RH10 6AA","TQ 26751 36372"
"110172396","TBH1","31.011","QU","","31.011","2100","","MAP","","526314.0","136461.0","HORSHAM ROAD LC DOWN SIDE ACESS POINT","HUJ4","","","","","","","","","","","110172396","2025-08-18","","NRAIL","","","","","Down Main/Fast","Horsham Road LC Down Side Acess Point. What3Words - hoot.chop.slice. Post Code - RH11 7AX","TQ 26314 36461"
"110172509","TBH1","31.011","QU","","31.011","1100","","MAP","","526319.0","136464.0","HORSHAM ROAD LC UP SIDE ACCESS POINT","HUJ4","","","","","","","","","","","110172509","2025-07-31","","NRAIL","","","","","Up Main/Fast","Horsham Road LC UP Side Access Point. What3Words - foam.stared.cubes. Post Code - RH11 7AX","TQ 26317 36461"
"110155650","TBH1","31.0111","QU","","31.0111","0","","MAP","","526309.0","136460.0","CRAWLEY/HORSHAM ROAD LEVEL CROSSING","HUJ4","","","","","","","","","","","110155650","2022-07-06","","NRAIL","","","","","All/Multiple Tracks","This access point is a level crossing,  be aware of underfoot condition <cattle grids> and road traffic",""
"110147211","TBH1","31.1337","QU","","31.1337","1100","","MAP","","525031.0","136646.0","IFIELD SUBSTATION","HUJ4","","","","","","","","","","","110147211","2025-07-31","","NRAIL","","","","","Up Main/Fast","Ifield Substation. Access via Station Platform 1. What3Words - jazzy.post.booth. Post Code - RH11 0JP","TQ 25020 36651"
"110149418","TBH1","31.154","QU","","31.154","1100","","MAP","","525021.0","136646.0","IFIELD DRIVE,IFIELD","HUJ4","","","","","","","","","","","110149418","2025-07-31","","NRAIL","","","","","Up Main/Fast","Access to both platforms via Ifield Drive, steps over tracks, Ifield. What3Words - toward.shirt.hopes. Post Code - RH11 0JP","TQ 25020 36651"
"110149492","TBH1","31.1562","QU","","31.1562","2100","","MAP","","525020.0","136636.0","CRAIGANS, IFIELD","HUJ4","","","","","","","","","","","110149492","2025-07-31","","NRAIL","","","","","Down Main/Fast","Access to both platforms via Craigans, steps over tracks,  Ifield. What3Words - dairy.young.bats. Post Code - RH11 8BL","TQ 25024 36629"
"70109151","TBH1","32.0902","QU","","32.0902","1100","","MAP","","524186.0","136005.0","BEWBUSH","HUJ4","","","","","","","","","","","70109151","2025-08-18","","NRAIL","","","","","Up Main/Fast","Bridge 764A, Bewbush, Access via waterfield Gardens. What3Words - desire.horns.mouse. Post Code - RH11 6BX","TQ 24186 36005"
"110149493","TBH1","32.1265","QU","","32.1265","1100","","MAP","","523941.0","135823.0","WOODCROFT ROAD, BEWBUSH","HUJ4","","","","","","","","","","","110149493","2025-07-31","","NRAIL","","","","","Up Main/Fast","Bewbush, Access via gate from Woodcroft Road. What3Words - sleep.undulation.gangs. Post Code - RH11 0QF","TQ 23942 35833"
"110163721","TBH1","32.132","QU","","32.132","1100","","MAP","","523819.0","135738.0","YEWLANDS WALK / WOODCRAFT ROAD","HUJ4","","","","","","","","","","","110163721","2025-08-18","","NRAIL","","","","","Up Main/Fast","Yewlands Walk Level Crossing, Brewbush, Access via fields. What3Words - dogs.fever.than. Post Code - RH11 0ST","TQ 23819 35738"
"110180461","TBH1","32.143","QU","","32.143","0","","MAP","","523800.0","135900.0","Bewbush Crossing","HUJ4","","","","","","","","","","","110180461","2022-10-05","","NRAIL","","","","","All/Multiple Tracks","Public Bridleway with gated access   What Three Words  -  never.bumpy.trucks","TQ 23800 35900"
"110178797","TBH1","33.1011","QU","","33.1011","1100","","MAP","","522788.0","135084.0","2089 - PONDTAIL SHAW REB","HUJ4","","","","","","","","","","","110178797","2025-08-18","","NRAIL","","","","","Up Main/Fast","Kilnwood Crossing. What3Words - talked.glad.ranks. Post Code - RH12 0AT","TQ 22788 35084"
"110180462","TBH1","34.0198","QU","","34.0198","1100","","MAP","","522062.0","134611.0","KILNWOOD FOOTPATH CROSSING","HUJ4","","","","","","","","","","","110180462","2025-08-18","","NRAIL","","","","","Up Main/Fast","Kilnwood Footpath Crossing. What3Words - distanced.offers.jazz. Post Code - RH12 4SH","TQ 22062 34611"
"110180463","TBH1","34.1584","QU","","34.1584","1100","","MAP","","521000.0","133900.0","COW LANE BRIDLEWAY CROSSING","HUJ4","","","","","","","","","","","110180463","2025-07-31","","NRAIL","","","","","Up Main/Fast","Cow Lane Bridleway Crossing. What3Words - yachting.diver.awards. Post Code - RH12 4SA","TQ 21003 33888"
"110171076","TBH1","35.0506","QU","","35.0506","2100","","MAP","","520582.0","133535.0","BROOK LANE, HORSHAM","HUJ4","","","","","","","","","","","110171076","2025-08-18","","NRAIL","","","","","Down Main/Fast","Brook Lane, Horsham. NewGate access for Roffey Road Substation What3Words - awestruck.cross.lyricist. Post Code - RH12 4SB","TQ 20582 33535"
"110155651","TBH1","35.0858","QU","","35.0858","1100","","MAP","","520249.0","133324.0","ROFFEY ROAD LEVEL CROSSING","HUJ4","","","","","","","","","","","110155651","2025-07-31","","NRAIL","","","","","Up Main/Fast","Wimland Road Level Crossing. This access point is a level crossing. What3Words - sneezing.horseshoe.digits. Post Code - RH12 4RU","TQ 20243 33312"
"110180464","TBH1","36.0242","QU","","36.0242","1100","","MAP","","519300.0","132900.0","SPOONERS CROSSING","HUJ4","","","","","","","","","","","110180464","2025-07-31","","NRAIL","","","","","Up Main/Fast","Spooners Crossing. What3Words - petal.insect.dots. Post Code - RH12 5JP","TQ 19296 32867"
"70014700","TBH1","36.1058","QU","","36.1058","1100","","MAP","","518640.0","132523.0","LITTLEHAVEN STATION","HUJ4","","","","","","","","","","","70014700","2025-07-31","","AMEC","","","","","Up Main/Fast","Littlehaven Station.  What3Words - cover.drive.vibrates. Post Code - RH12 4BW","TQ 18640 32523"
"110155652","TBH1","36.1066","QU","","36.1066","1100","","MAP","","518641.0","132522.0","LITTLEHAVEN LEVEL CROSSING","HUJ4","","","","","","","","","","","110155652","2025-08-18","","NRAIL","","","","","Up Main/Fast","Littlehaven Level Crossing. What3Words - string.motor.comical. Post Code - RH12 4BW","TQ 18641 32522"
"110180465","TBH1","36.1716","QU","","36.1716","1100","","MAP","","518200.0","132100.0","ALLCARDS CROSSING","HUJ4","","","","","","","","","","","110180465","2025-07-31","","NRAIL","","","","","Up Main/Fast","Allcards Crossing. Access via Chenalls Way Down Public Footpath  What3Words - necks.danger.pills. Post Code - RH12 5WB","TQ 18227 32079"
"110147213","TBH1","37.0088","QU","","37.0088","2900","","MAP","","518021.0","131371.0","HORSHAM SUBSTATION","HUJ4","","","","","","","","","","","110147213","2025-08-18","","NRAIL","","","","","Down Siding","Horsham Substation. Access via Foundry Lane, Access onto track via gate. What3Words - throw.drama.feared. Post Code - RH13 5PX. Track ID should be 2904","TQ 18021 31371"
"110155653","TBH1","37.0318","QU","","37.0318","1100","","MAP","","518099.0","131784.0","PARSONAGE ROAD LEVEL CROSSING","HUJ4","","","","","","","","","","","110155653","2025-08-18","","NRAIL","","","","","Up Main/Fast","Parsonage Road Level Crossing. This access point is a level crossing. What3Words - lined.shaped.volunteered. Post Code - RH12 4AN","TQ 18099 31784"
"70109155","TBH1","37.0781","QU","","37.0781","2100","","MAP","","518022.0","131377.0","Horsham Down Branch Sidings","HUJ4","","","","","","","","","","","70109155","2018-10-30","","NRAIL","","","","","Down Main/Fast","Risk Rating 3, Hazard Rating 2, Score 6 - Access off Foundry Lane <Moderate Slope down to track~
> - Lighting at access - No third party permissions","TQ 18022 31377"
"110171073","TBH1","37.0781","QU","","37.0781","2100","","MAP","","518022.0","131377.0","HORSHAM DOWN BRANCH SIDINGS","HUJ4","","","","","","","","","","","110171073","2025-07-31","","NRAIL","","","","","Down Main/Fast","Horsham Down Branch Sidings. Access off Foundry Lane, Access to track via gate. What3Words - brains.glitz.bugs. Post Code - RH13 5PL","TQ 18026 31359"
"70014701","TBH1","37.108","QU","","37.108","1500","","MAP","","517897.0","131383.0","HORSHAM YARD","HUJ4","","","","","","","","","","","70014701","2025-08-18","","NRAIL","","","","","Up Loop","Horsham Yard. Horham P-Way / S&T Yard under ELR BTH3, Access through double gate to track. What3Words - deal.video.buck. Post Code - RH12 2NW. Track ID should be 1501","TQ 17897 31383"
"110149494","TBH1","37.1166","QU","","37.1166","1500","","MAP","","517888.0","131014.0","HORSHAM STATION CAR PARK","HUJ4","","","","","","","","","","","110149494","2025-08-18","","NRAIL","","","","","Up Loop","Horsham Station Car Park. Access off North Street. What3Words - tunnel.fruit.bucket. Post Code - RH12 1RB. Track ID should be 1501","TQ 17888 31014"
"110149420","TBH1","37.1254","QU","","37.1254","2900","","MAP","","517893.0","130886.0","HORSHAM STATION, DOWN SIDINGS","HUJ4","","","","","","","","","","","110149420","2025-08-18","","NRAIL","","","","","Down Siding","Horsham Station, Down Sidings. Access via Station Road. What3Words - glory.nuns.bumps. Post Code - RH13 5QT. Track ID should be 2903","TQ 17893 30886"
"110163719","TBH1","37.1276","QU","","37.1276","2900","","MAP","","517885.0","130914.0","DOWN SIDING, HORSHAM STATION CAR PARK <REB>","HUJ4","","","","","","","","","","","110163719","2025-07-31","","NRAIL","","","","","Down Siding","Down Siding, Horsham Station Car Park. Access via Station Road, Leads to drivers walkway. What3Words - glory.nuns.bumps. Post Code - RH13 5QT","TQ 17893 30886"
"110154342","TBH1","37.1304","QU","","37.1304","2900","","MAP","","517857.0","130921.0","HORSHAM DOWN SIDINGS","HUJ4","","","","","","","","","","","110154342","2025-07-31","","NRAIL","","","","","Down Siding","Horsham Down Sidings. Gate Access to track. What3Words - anyway.spits.indeed. Post Code - RH15 5GT. Track ID should be 2902","TQ 17885 30919"
"70109158","TBH1","37.1433","QU","","37.1433","1900","","MAP","","517760.0","130784.0","HORSHAM STATION<LOWER TELECOMMS>","HUJ4","","","","","","","","","","","70109158","2025-08-18","","NRAIL","","","","","Up Siding","Horsham Station, lower Telecomms, Access off North Street. What3Words - jokes.shakes.yard. Post Code - RH12 1RL","TQ 17760 30784"
"110163720","TBH1","37.1496","QU","","37.1496","2900","","MAP","","517775.0","130755.0","Down Siding, Horsham Station Car Park","HUJ4","","","","","","","","","","","110163720","2018-03-28","","NRAIL","","","","","Down Siding","DOWN SIDINGS ARE WARNING SSOW PROHIBITED. DOWN SIDING, HORSHAM STATION CAR PARK. ACCESS VIA STATION CLOSE. <PEDESTRIAN ACCESS> STREET LIGHTING FROM CAR PARK / NO 3RD PARTY PERMISSION / LEFT HAND SIDE / 30M GRAVEL PATH AND GRASS LOCATED BEHIND RAISED DRIVERS WALKWAY, 100 YARDS WALK TO GAIN ACCESS TO TRACK. THIS INCLUDES 2 SETS OF STEPS <7 STEPS EACH>.","TQ 17775 30755"
"110154343","TBH1","37.1518","QU","","37.1518","2900","","MAP","","517757.0","130752.0","HORSHAM CAR PARK","HUJ4","","","","","","","","","","","110154343","2022-07-06","","NRAIL","","","","","Down Siding"," ","TQ 17768 30753"
"70130539","TBH1","38.0297","QU","","38.0297","1100","","MAP","","517485.0","130339.0","QUEEN STREET BRIDGE / DENNE PARADE","HUJ4","","","","","","","","","","","70130539","2025-07-31","","NRAIL","","","","","Up Main/Fast","Access onto track to Queen Street Bridge via steps from Denne Parade. What3Words - cubes.scrap.sits. Post Code - RH12 1JD","TQ 17491 30339"
"70109159","TBH1","38.0726","QU","","38.0726","2100","","MAP","","517221.0","130076.0","CHESWORTH LANE","HUJ4","","","","","","","","","","","70109159","2025-07-31","","NRAIL","","","","","Down Main/Fast","Access onto track via Chesworth Lane,  Steps Up to track. What3Words - myself.chose.tried. Post Code - RH13 5AJ","TQ 17212 30075"
"70109160","TBH1","38.1286","QU","","38.1286","1100","","MAP","","517491.0","130340.0","QUEEN STREET BRIDGE","HUJ4","","","","","","","","","","","70109160","2025-08-18","","NRAIL","","","","","Up Main/Fast","Queen Street Bridge Access. cubes.scrap.sits. Post Code - RH12 1JD","TQ 17491 30340"
"70109161","TBH1","38.1457","QU","","38.1457","1100","","MAP","","516580.0","129897.0","WORTHING ROAD","HUJ4","","","","","","","","","","","70109161","2025-07-31","","NRAIL","","","","","Up Main/Fast","Worthing Road Bridge,  Access off Worthing Road, Steps down to track. What3Words - areas.unions.idea. Post Code - RH12 1TD","TQ 16573 29890"
"110180466","TBH1","40.1452","QU","","40.1452","1100","","MAP","","514300.0","128100.0","ITCHINGFIELD CROSSING","HUJ4","","","","","","","","","","","110180466","2025-07-31","","NRAIL","","","","","Up Main/Fast","Itchingfield Crossing. What3Words - smashes.sanded.sensibly. Post Code - RH13 9AW","TQ 14290 28116"
"110147214","TBH1","41.0044","QU","","41.0044","1100","","MAP","","513719.0","127455.0","MARLANDS SUBSTATION","HUJ4","","","","","","","","","","","110147214","2025-08-18","","NRAIL","","","","","Up Main/Fast","Marlands Substation. Access via Itchingfield Crossing, Access through Rye Farm Gill. What3Words - bounding.bumpy.lakes. Post Code - RH13 9AW","TQ 13719 27455"
"110180467","TBH1","41.0616","QU","","41.0616","1100","","MAP","","513800.0","127500.0","SHARPENHURST NO.2 CROSSING","HUJ4","","","","","","","","","","","110180467","2025-07-31","","NRAIL","","","","","Up Main/Fast","Sharpenhurst No.2 Crossing. What3Words - gazes.undercuts.rejoiced. Post Code - RH13 9AW","TQ 13771 27479"
"70225428","TBH1","41.085","QU","","41.085","1100","","MAP","","513597.0","127374.0","SHARPENHURST NO 3 LEVEL CROSSING","HUJ4","","","","","","","","","","","70225428","2025-08-18","","AMEC","","","","","Up Main/Fast","Sharpenhurst No.3 Crossing.  What3Words - champions.fault.heartburn. Post Code - RH13 9AW","TQ 13597 27374"
"110180468","TBH1","42.0022","QU","","42.0022","1100","","MAP","","512900.0","126900.0","BARNS GREEN FOOTPATH CROSSING","HUJ4","","","","","","","","","","","110180468","2025-07-31","","NRAIL","","","","","Up Main/Fast","Barns Green Footpath Crossing.  What3Words - shimmered.soil.flipper. Post Code - RH13 0PN","TQ 12893 26880"
"70130543","TBH1","42.0407","QU","","42.0407","1100","","MAP","","512635.0","126649.0","BARNS GREEN - EMMS LANE/CHAPEL RD AHB XING","HUJ4","","","","","","","","","","","70130543","2025-07-31","","NRAIL","","","","","Up Main/Fast","Barns Green, Emms Lane Crossing. What3Words - darting.shirtless.scars. Post Code - RH13 0QH","TQ 12637 26651"
"70130271","TBH1","43.0373","QU","","43.0373","2100","","MAP","","511441.0","125625.0","HOOK FARM BRIDGE","HUJ4","","","","","","","","","","","70130271","2025-07-31","","NRAIL","","","","","Down Main/Fast","Hook Farm Bridge, Access via Steps down to track. What3Words - clumped.went.solids. Post Code - RH14 9DP","TQ 11421 25626"
"110171077","TBH1","44.077","QU","","44.077","1100","","MAP","","509561.0","125091.0","ROSSIER NO.2 FOOT CROSSING","HUJ4","","","","","","","","","","","110171077","2025-07-31","","NRAIL","","","","","Up Main/Fast","Rossier No.2 Foot Crossing. What3Words - stylists.rating.trophy. Post Code - RH14 9DE","TQ 09565 25097"
"110178798","TBH1","44.1159","QU","","44.1159","1100","","MAP","","509192.0","125111.0","2290 - BILLINGSHURST REB","HUJ4","","","","","","","","","PEDESTRIAN","","110178798","2022-07-04","","NRAIL","","","","","Up Main/Fast","DAUX ROAD. What 3 words, Burglars.Expand.Chief","TQ 09191 25111"
"110180469","TBH1","44.1188","QU","","44.1188","0","","MAP","","509200.0","125100.0","Daux Crossing","HUJ4","","","","","","","","","","","110180469","2022-10-05","","NRAIL","","","","","All/Multiple Tracks","Public Footpath with stiles, only suitable for hand tools   What Three Words  -  helpful.innovate.actor","TQ 09200 25100"
"70225552","TBH1","44.1468","QU","","44.1468","1100","","MAP","","508800.0","125121.0","BILLINGSHURST","HUJ4","","","","","","","","","","","70225552","2025-08-18","","NRAIL","","","","","Up Main/Fast","Billingshurst Station. What3Words - carpentry.call.rare. Post Code - RH14 9SE","TQ 08800 25121"
"110155654","TBH1","44.1638","QU","","44.1638","1100","","MAP","","508777.0","125103.0","BILLINGSHURST LEVEL CROSSING","HUJ4","","","","","","","","","","","110155654","2025-08-18","","NRAIL","","","","","Up Main/Fast","Billingshurst Level Crossing. What3Words - superbly.shell.copying. Post Code - RH14 9SE","TQ 08777 25103"
"110147215","TBH1","44.1727","QU","","44.1727","1100","","MAP","","508801.0","125100.0","BILLINGSHURST SUBSTATION","HUJ4","","","","","","","","","","","110147215","2025-08-18","","NRAIL","","","","","Up Main/Fast","Billingshusrt Substation, Access to substation via station. What3Words - cookie.approve.evening. Post Code - RG14 7AB","TQ 08801 25100"
"110163730","TBH1","45.022","QU","","45.022","1100","","MAP","","508482.0","124993.0","NATTS LANE","HUJ4","","","","","","","","","","","110163730","2025-07-31","","NRAIL","","","","","Up Main/Fast","Natts Lane, Access via steps up to track via Natts Lane. What3Words - isolated.intensely.fleet. Post Code - RH14 9UB","TQ 08480 24976"
"110171075","TBH1","45.0682","QU","","45.0682","2100","","MAP","","508230.0","124648.0","HONEYSUCKLE WALK","HUJ4","","","","","","","","","","","110171075","2025-08-18","","NRAIL","","","","","Down Main/Fast","Billingshurst, Hawthorn Way, Access onto track via gate. What3Words - purist.grapevine.flashback. Post Code - RH14 9GY","TQ 08230 24648"
"110180470","TBH1","46.0","QU","","46.0","0","","MAP","","507900.0","123700.0","Hadfold No.2 Footpath Crossing","HUJ4","","","","","","","","","","","110180470","2022-10-05","","NRAIL","","","","","All/Multiple Tracks","Public Footpath to be used as access   What Three Words  -  commands.hourglass.bolts","TQ 07900 23700"
"70130553","TBH1","46.0681","QU","","46.0681","1100","","MAP","","507619.0","123159.0","ADVERSANE AHB LEVEL CROSSING OFF A29.","HUJ4","","","","","","","","","","","70130553","2025-07-31","","NRAIL","","","","","Up Main/Fast","Adversane Level Crossing off A29, This access point is a level crossing. What3Words - cake.shippers.crouching. Post Code - RH14 9JN","TQ 07618 23158"
"110180471","TBH1","47.0506","QU","","47.0506","1100","","MAP","","507100.0","121800.0","RATS BOTTOM CROSSING","HUJ4","","","","","","","","","","","110180471","2025-07-31","","NRAIL","","","","","Up Main/Fast","Rats Bottom Crossing. What3Words - reception.opens.method. Post Code - RH20 2HR","TQ 07086 21824"
"110180472","TBH1","47.0616","QU","","47.0616","1100","","MAP","","507000.0","121700.0","DOUBLE CROSSING","HUJ4","","","","","","","","","","","110180472","2025-07-31","","NRAIL","","","","","Up Main/Fast","Double Crossing. What3Words - gossiped.hops.crunchy. Post Code - RH20 2HR","TQ 07000 21700"
"70130555","TBH1","47.1068","QU","","47.1068","1100","","MAP","","506842.0","121364.0","GAY STREET LANE <GIRDER BRIDGE>","HUJ4","","","","","","","","","","","70130555","2025-07-31","","NRAIL","","","","","Up Main/Fast","Gay Street Lane, Access to trac via Steps Up from Gay Street Lane. What3Words - similar.together.toasters. Post Code - RH20 2HW","TQ 06842 21364"
"110180473","TBH1","47.1276","QU","","47.1276","1100","","MAP","","506700.0","121200.0","WANSEYS CROSSING","HUJ4","","","","","","","","","","","110180473","2025-07-31","","NRAIL","","","","","Up Main/Fast","Wanseys Crossing. What3Words - spillage.glades.award. Post Code - RH20 2HP","TQ 06741 21216"
"110180474","TBH1","47.165","QU","","47.165","1100","","MAP","","506493.0","120969.0","FROGS HOLE CROSSING","HUJ4","","","","","","","","","","","110180474","2025-08-18","","NRAIL","","","","","Up Main/Fast","Frogs Hole Crossing. What3Words - gives.plankton.prom. Post Code - RH20 2HP","TQ 06493 20969"
"110180475","TBH1","48.0088","QU","","48.0088","1100","","MAP","","506351.0","120852.0","WINDMILL CROSSING","HUJ4","","","","","","","","","","","110180475","2025-08-18","","NRAIL","","","","","Up Main/Fast","Windmill Crossing. What3Words - situation.siesta.sprain. Post Code - RH20 1BN","TQ 06351 20852"
"70130556","TBH1","48.0679","QU","","48.0679","1100","","MAP","","506020.0","120434.0","CRAY LANE AHB LEVEL XING, BROOMERS HILL LANE","HUJ4","","","","","","","","","","","70130556","2025-07-31","","NRAIL","","","","","Up Main/Fast","Broomers Hill Lane Level Crossing. What3Words - interacts.bolsters.marginal. Post Code - RH20 2HZ","TQ 06022 20448"
"70109168","TBH1","48.0935","QU","","48.0935","1100","","MAP","","505916.0","120225.0","CRAY LANE BRIDGE","HUJ4","","","","","","","","","","","70109168","2025-07-31","","NRAIL","","","","","Up Main/Fast","Cray Lane Bridge, Access via Steps Down to track. What3Words - hunches.lecturers.tingled. Post Code - RH20 1BN","TQ 05914 20224"
"110180476","TBH1","48.1144","QU","","48.1144","0","","MAP","","505900.0","120000.0","Forty Steps Crossing","HUJ4","","","","","","","","","","","110180476","2022-10-05","","NRAIL","","","","","All/Multiple Tracks","Public Footpath with stiles, only suitable for hand tools   What Three Words  -  marginal.untruth.seasons","TQ 05900 20000"
"110147233","TBH1","48.1265","QU","","48.1265","1100","","MAP","","505832.0","119933.0","SUBSTATION ACCESS - CODMORE HILL","HUJ4","","","","","","","","","","","110147233","2025-08-18","","NRAIL","","","","","Up Main/Fast","Codmore Hill Substation, Access via Cray Lane down onto track, located on 1100 side of track. What3Words - freedom.passage.bandstand. Post Code - RH20 1BN","TQ 05832 19933"
"110180477","TBH1","49.0132","QU","","49.0132","1100","","MAP","","505500.0","119500.0","NEW PLACE CROSSING","HUJ4","","","","","","","","","","","110180477","2025-07-31","","NRAIL","","","","","Up Main/Fast","New Place Crossing, Access via Riaverside. What3Words - always.dives.otter. Post Code - RH20 1FJ","TQ 05490 19484"
"70130557","TBH1","49.0544","QU","","49.0544","1100","","MAP","","505148.0","119349.0","PIDGEONS GATE BRIDGE OVER LONDON ROAD <A29>","HUJ4","","","","","","","","","","","70130557","2025-07-31","","NRAIL","","","","","Up Main/Fast","London Road A29, Steps down to track, access via single gate. What3Words - rectangular.chief.inflation. Post Code - RH20 1BB","TQ 05148 19343"
"110180478","TBH1","50.1166","QU","","50.1166","1100","","MAP","","503700.0","117800.0","HARDHAM FOOTPATH CROSSING","HUJ4","","","","","","","","","","","110180478","2025-07-31","","NRAIL","","","","","Up Main/Fast","Hardham Footpath Crossing. What3Words - villas.hypocrite.recapture. Post Code - RH20 1LB","TQ 03700 17800"
"70130559","TBH1","50.145","QU","","50.145","1100","","MAP","","503507.0","117586.0","HARDHAM AHB LEVEL CROSSING OFF A29","HUJ4","","","","","","","","","","","70130559","2025-08-18","","NRAIL","","","","","Up Main/Fast","Hardham Level Crossing off A29, Access via London Road. What3Words - behalf.slick.copycat. Post Code - RH20 1LA","TQ 03507 17586"
"70130560","TBH1","51.0443","QU","","51.0443","1100","","MAP","","503058.0","117056.0","COLDWALTHAM BRIDGE","HUJ4","","","","","","","","","","","70130560","2025-07-31","","NRAIL","","","","","Up Main/Fast","Coldwaltham Bridge, Access to track via steps down. What3Words - knocking.stupidly.pools. Post Code - RH20 1LD","TQ 03058 17056"
"110180479","TBH1","51.1232","QU","","51.1232","1100","","MAP","","502664.0","116451.0","COLDWALTHAM NO. 1 CROSSING","HUJ4","","","","","","","","","","","110180479","2025-08-18","","NRAIL","","","","","Up Main/Fast","Coldwaltham No. 1 Crossing. What3Words - strongly.rollover.twinkled. Post Code - RH20 1LJ","TQ 02664 16451"
"110149495","TBH1","51.1672","QU","","51.1672","2100","","MAP","","502452.0","116115.0","GREATHAM BRIDGE","HUJ4","","","","","","","","","","","110149495","2025-07-31","","NRAIL","","","","","Down Main/Fast","Greatham Bridge, Access via Brook Lane, Coldwaltham, Pulborough, Steps down to track. What3Words - firelight.generals.roving. Post Code - RH20 1LS","TQ 02452 16115"
"70109172","TBH1","51.1694","QU","","51.1694","1100","","MAP","","502415.0","116108.0","GREATHAM BRIDGE","HUJ4","","","","","","","","","","","70109172","2025-07-31","","NRAIL","","","","","Up Main/Fast","Greatham Bridge, Access via Brook Lane, embankment down to track. What3Words - skinning.snacking.twins. Post Code - RH20 1LS","TQ 02415 16108"
"110180480","TBH1","52.0418","QU","","52.0418","1100","","MAP","","502200.0","115700.0","WALTHAM BROOK CROSSING","HUJ4","","","","","","","","","","","110180480","2025-07-31","","NRAIL","","","","","Up Main/Fast","Waltham Brook Crossing. What3Words - paler.herds.pavilions. Post Code - RH20 1LT","TQ 02200 15700"
"110147234","TBH1","52.0638","QU","","52.0638","1100","","MAP","","502089.0","115561.0","SUBSTATION ACCESS - THORNDELL","HUJ4","","","","","","","","","","","110147234","2025-08-18","","NRAIL","","","","","Up Main/Fast","Thorndell Substation, Access via Brook Lane, 1100 side of track. What3Words - armrests.respected.giving. Post Code - RH20 1LT","TQ 02089 15561"
"70109173","TBH1","53.0432","QU","","53.0432","1100","","MAP","","502162.0","114200.0","TIMBERLEY FARM","HUJ4","","","","","","","","","","","70109173","2025-07-31","","NRAIL","","","","","Up Main/Fast","Timberley Farm, Access to track via Steps Down. What3Words - frames.collapsed.apprehend. Post Code - RH20 1NT","TQ 02158 14193"
"110180481","TBH1","53.1584","QU","","53.1584","1100","","MAP","","502464.0","113167.0","CASTLE NO 1 FOOTPATH CROSSING","HUJ4","","","","","","","","","","","110180481","2025-08-18","","NRAIL","","","","","Up Main/Fast","Castle Lane No. 1 Footpath Crossing. What3Words - umbrellas.saving.twigs. Post Code - BN18 9FL","TQ 02464 13167"
"70109174","TBH1","54.0633","QU","","54.0633","1100","","MAP","","502603.0","112441.0","AMBERLEY CASTLE T.P.HUT ACCESS","HUJ4","","","","","","","","","","","70109174","2025-07-31","","NRAIL","","","","","Up Main/Fast","Amberley Castle, South Downs Way Bridge, Access to track via steps down. What3Words - button.vesting.sung. Post Code - BN18 9LU","TQ 02635 12445"
"110172392","TBH1","54.0633","QU","","54.0633","1100","","MAP","","502641.0","112451.0","AMBERLEY TP HUT DOWN SIDE","HUJ4","","","","","","","","","","","110172392","2025-07-31","","NRAIL","","","","","Up Main/Fast","Amberley Station Bridge over New Barn Road, Access to track side slope up side of track and station. What3Words - squabbles.alternate.quibble. Post Code - BN18 9LU","TQ 02635 12445"
"110150331","TBH1","55.0836","QU","","55.0836","1100","","MAP","","502599.0","110748.0","NORTH STOKE TUNNEL C/END","HUJ4","","","","","","","","","","","110150331","2025-08-18","","NRAIL","","","","","Up Main/Fast","North Stoke Tunnel Country End, Access down to track via path way down embankment. What3Words - manages.microfilm.tones. Post Code - BN18 9LS","TQ 02599 10748"
"70264708","TBH1","56.0161","QU","","56.0161","1100","","MAP","","502628.0","110646.0","SOUTH STOKE SUBSTATION","HUJ4","","","","","","","","","","","70264708","2025-08-18","","NRAIL","","","","","Up Main/Fast","South Stoke Substation, Access via pathway down embankment country end of tunnel. What3Words - mobile.breaches.select. Post Code - BN18 9LS","TQ 02628 10646"
"110180482","TBH1","56.066","QU","","56.066","1100","","MAP","","503100.0","109300.0","PEPPERING FOOTPATH CROSSING","HUJ4","","","","","","","","","","","110180482","2025-07-31","","NRAIL","","","","","Up Main/Fast","Peppering Footpath Crossing. What3Words - transmit.audio.plump. Post Code - BN18 9RW","TQ 03133 09307"
"110180483","TBH1","57.0044","QU","","57.0044","1100","","MAP","","503121.0","108221.0","BLACK RABBIT NO. 1 FOOTPATH CROSSING","HUJ4","","","","","","","","","","","110180483","2025-08-18","","NRAIL","","","","","Up Main/Fast","Black Rabbit No. 1 Footpath Crossing. What3Words - informer.guises.fondest. Post Code - BN18 9PD","TQ 03121 08221"
"110170957","TBH1","58.0748","QU","","58.0748","2100","","MAP","","502332.0","106149.0","ARUNDEL","HUJ4","","","","","","","","","","","110170957","2025-08-18","","NRAIL","","","","","Down Main/Fast","Arundel, FTN SITE ADLS What3Words - food.inversely.suits. Post Code - BN18 9PH","TQ 02332 06149"
"110149789","TBH1","30.1082","QU","","30.1082","2100","","MAPE","","527042.0","136305.0","CRAWLEY PLAT 2","HUJ4","","","","","","","","","","","110149789","2025-08-18","","","","","","","Down Main/Fast","Crawley Platform 2. Access through station. What3Words - jumps.camps.pitch. Post Code - RH10 1JA","TQ 27042 36305"
"110149788","TBH1","30.1082","QU","","30.1082","1100","","MAPE","","527045.0","136317.0","CRAWLEY PLAT 1","HUJ4","","","","","","","","","","","110149788","2025-08-18","","","","","","","Up Main/Fast","Crawley Platform 1. Access through station. What3Words - custom.piper.fades. Post Code - RH10 1JA","TQ 27045 36317"
"110149843","TBH1","31.1452","QU","","31.1452","1100","","MAPE","","525045.0","136652.0","IFIELD PLAT 1","HUJ4","","","","","","","","","","","110149843","2025-08-18","","","","","","","Up Main/Fast","Ifield Platform 1. Access through station. What3Words - jars.hiding.image. Post Code - RH11 0JP","TQ 25045 36652"
"110149844","TBH1","31.1452","QU","","31.1452","2100","","MAPE","","525049.0","136643.0","IFIELD PLAT 2","HUJ4","","","","","","","","","","","110149844","2025-08-18","","","","","","","Down Main/Fast","Ifield Platform 2. Access through station. What3Words - idea.fats.prove. Post Code - RH11 0JP","TQ 25049 36643"
"110149811","TBH1","34.0616","QU","","34.0616","1100","","MAPE","","521731.0","134435.0","FAYGATE PLAT 1","HUJ4","","","","","","","","","","","110149811","2025-07-31","","","","","","","Up Main/Fast","Faygate Platform 1. Access through station. What3Words - ranking.tearfully.torn. Post Code - RH12 4FD","TQ 21755 34421"
"110149812","TBH1","34.0616","QU","","34.0616","2100","","MAPE","","521731.0","134435.0","FAYGATE PLAT 2","HUJ4","","","","","","","","","","","110149812","2025-07-31","","","","","","","Down Main/Fast","Faygate Platform2. Access through station. What3Words - bucket.heightens.suspend. Post Code - RH12 4SH","TQ 21768 34419"
"110149854","TBH1","36.1128","QU","","36.1128","2100","","MAPE","","518609.0","132500.0","LITTLEHAVEN PLAT 2","HUJ4","","","","","","","","","","","110149854","2025-07-31","","","","","","","Down Main/Fast","Littlehaven Platform 2. Access through station. What3Words - card.guilty.young. Post Code - RH12 4BW","TQ 18635 32511"
"110149853","TBH1","36.1144","QU","","36.1144","1100","","MAPE","","518599.0","132497.0","LITTLEHAVEN PLAT 1","HUJ4","","","","","","","","","","","110149853","2025-08-18","","","","","","","Up Main/Fast","Littlehaven Platform 1. Access through station. What3Words - really.having.wells. Post Code - RH12 4PB","TQ 18599 32497"
"110149839","TBH1","37.1232","QU","","37.1232","1100","","MAPE","","517889.0","131000.0","HORSHAM PLAT 1 & 2","HUJ4","","","","","","","","","","","110149839","2025-07-31","","","","","","","Up Main/Fast","Horsham Platform 1 & 2. Access through station. What3Words - shuts.mops.gain. Post Code - RH12 1RD. Track ID should be 1102","TQ 17855 30982"
"110149840","TBH1","37.1232","QU","","37.1232","3500","","MAPE","","517889.0","131000.0","HORSHAM PLAT 3 & 4","HUJ4","","","","","","","","","","","110149840","2025-07-31","","","","","","","Rev Loop","Horsham Platform 3 & 4. Access through station. What3Words - blows.spin.erase. Post Code - RH12 1RD. Track ID should be 3504","TQ 17855 30982"
"110149784","TBH1","40.0154","QU","","40.0154","2100","","MAPE","","514766.0","129199.0","CHRISTS HOSPITAL PLAT 2","HUJ4","","","","","","","","","","","110149784","2025-07-31","","","","","","","Down Main/Fast","Christs Hospital Platform 2. Access through station. What3Words - push.newly.shower. Post Code - RH13 0NE","TQ 14790 29217"
"110149783","TBH1","40.0154","QU","","40.0154","1100","","MAPE","","514766.0","129199.0","CHRISTS HOSPITAL PLAT 1","HUJ4","","","","","","","","","","","110149783","2025-07-31","","","","","","","Up Main/Fast","Christs Hospital Platform 1. Access through station. What3Words - swing.parks.tests. Post Code - RH13 0NE","TQ 14790 29217"
"110149765","TBH1","44.1579","QU","","44.1579","2100","","MAPE","","508834.0","125119.0","BILLINGSHURST PLAT 2","HUJ4","","","","","","","","","","","110149765","2025-08-18","","","","","","","Down Main/Fast","Billingshurst Platform 2. Access through station. What3Words - announce.worldwide.hops. Post Code - RH14 9SE","TQ 08834 25119"
"110149764","TBH1","44.1579","QU","","44.1579","1100","","MAPE","","500225.0","104270.0","BILLINGSHURST PLAT 1","HUJ4","","","","","","","","","","","110149764","2025-08-18","","","","","","","Up Main/Fast","Billingshusrt Platform 1. Access through station. What3Words - frozen.frantic.overgrown. Post Code - RH14 9SE","TQ 00225 04270"
"110149884","TBH1","49.173","QU","","49.173","1100","","MAPE","","504275.0","118602.0","PULBOROUGH PLAT 1","HUJ4","","","","","","","","","","","110149884","2025-07-31","","","","","","","Up Main/Fast","Pulborough Platform 1. Access through station. What3Words - precautions.unframed.relations. Post Code - RH20 1AJ","TQ 04275 18602"
"110149885","TBH1","50.0027","QU","","50.0027","2100","","MAPE","","504275.0","118602.0","PULBOROUGH PLAT 2","HUJ4","","","","","","","","","","","110149885","2025-07-31","","","","","","","Down Main/Fast","Pulborough Platform 2. Access through station. What3Words - aliens.midwinter.heavy. Post Code - RH20 1AJ","TQ 04275 18602"
"110149748","TBH1","54.1353","QU","","54.1353","1100","","MAPE","","502629.0","111804.0","AMBERLEY PLAT 1","HUJ4","","","","","","","","","","","110149748","2025-07-31","","","","","","","Up Main/Fast","Amberley Platform 1. Access through station. What3Words - diamonds.champions.risk. Post Code - BN18 9LR","TQ 02629 11804"
"110149749","TBH1","54.1357","QU","","54.1357","2100","","MAPE","","502637.0","111801.0","AMBERLEY PLAT 2","HUJ4","","","","","","","","","","","110149749","2025-07-31","","","","","","","Down Main/Fast","Amberley Platform 2. Access through station. What3Words - wrenching.harmless.perfect. Post Code - BN18 9LR","TQ 02637 11801"
"110149752","TBH1","58.0622","QU","","58.0622","1100","","MAPE","","502433.0","106395.0","ARUNDEL PLAT 1","HUJ4","","","","","","","","","","","110149752","2025-07-31","","","","","","","Up Main/Fast","Arundel Platform 1. Access through station. What3Words - voices.bedrock.heckler. Post Code - BN18 9PH","TQ 02433 06395"
"110149753","TBH1","58.0622","QU","","58.0622","2100","","MAPE","","502443.0","106393.0","ARUNDEL PLAT 2","HUJ4","","","","","","","","","","","110149753","2025-07-31","","","","","","","Down Main/Fast","Arundel Platform 2. Access through station. What3Words - skims.courts.squirts. Post Code - BN18 9PH","TQ 02443 06393"
"110149419","TBH1","37.0863","QU","","37.0863","2900","","MAR","","518027.0","131359.0","HORSHAM RRV ACCESS","HUJ4","","","","","","","","","","","110149419","2025-08-18","","NRAIL","","","","","Down Siding","Horsham RRV Access. Access off Foundry Lane. What3Words - brains.glitz.bugs. Post Code - RH13 5PL","TQ 18027 31359"
"70109163","TBH1","40.0044","QU","","40.0044","2100","","MAR","","514831.0","129275.0","Christs Hospital Station Car Park / RRAP","HUJ4","","","","","","","","","AC","","70109163","2023-08-18","","NRAIL","","","","","Down Main/Fast","***TEMPORARY CLOSURE TO THE ACCESS POINT WHILE A RENEWAL IS TAKING PLACE.***       Risk Rating 3, Hazard Rating 2, Score 6 - Access off Christs Hospital Station car park <Slope down to track> - Station & Car Park Lighting - No third party permissions","TQ 14800 29200"
"70109176","TBH1","54.1507","QU","","54.1507","2100","","MAR","","502626.0","111653.0","AMBERLEY STATION<YARD>","HUJ4","","","","","","","","","","","70109176","2025-07-31","","NRAIL","","","","","Down Main/Fast","Amberley Station. What3Words - cries.exact.goat. Post Code - BN18 9LR","TQ 02636 11657"
"70109148","TBH1","29.0594","QU","","29.0594","2100","","MAV","","528846.0","136749.0","THREE BRIDGES DEPOT<PAD>","HUJ4","","","","","","","","","","","70109148","2025-08-18","","AMEC","","","","","Down Main/Fast","Three Bridges Depot, Access via gate. What3Words - solid.hulk.bulb. Post Code - RH10 7AA","TQ 28846 36749"
"70130152","TBH1","30.0968","QU","","30.0968","1100","","MAV","","527122.0","136317.0","CRAWLEY STATION UP SIDE CAR PARK","HUJ4","","","","","","","","","","","70130152","2025-07-31","","NRAIL","","","","","Up Main/Fast","Crawley Station Car Park, Access off Station Way. What3Words - tapes.move.minds. Post Code - RH10 1HZ","TQ 27122 36318"
"70130154","TBH1","34.066","QU","","34.066","1100","","MAV","","521727.0","134387.0","FAYGATE STATION","HUJ4","","","","","","","","","","","70130154","2025-08-18","","NRAIL","","","","","Up Main/Fast","Faygate Station. Access off Faygate Lane. What3Words - dozed.shin.crockery. Post Code - RH12 4FD","TQ 21727 34387"
"110147212","TBH1","35.0418","QU","","35.0418","2100","","MAV","","520597.0","133542.0","ROFFEY ROAD SUBSTATION","HUJ4","","","","","","","","","","","110147212","2025-08-18","","NRAIL","","","","","Down Main/Fast","Roffey Road Substation. Access via A264 Brook Lane. What3Words - sourcing.pace.rash. Post Code - RH12 4SB","TQ 20597 33542"
"70109156","TBH1","37.0783","QU","","37.0783","2500","","MAV","","518004.0","131358.0","HORSHAM SIGNAL BOX","HUJ4","","","","","","","","","","","70109156","2025-07-31","","NRAIL","","","","","Down Loop","Horsham Signal Box.  - Access off Foundry Lane. What3Words - brains.glitz.bugs. Post Code - RH13 5PL","TQ 18026 31359"
"70130541","TBH1","39.0726","QU","","39.0726","1100","","MAV","","515643.0","129815.0","BAKERS CROSSING","HUJ4","","","","","","","","","","","70130541","2025-07-31","","AMEC","","","","","Up Main/Fast","Bakers Crossing.  What3Words - pool.impact.jukebox. Post Code - RH12 1XR","TQ 15643 29815"
"70130544","TBH1","42.0987","QU","","42.0987","1100","","MAV","","512236.0","126306.0","VALE WOOD CROSSING, VALE WOOD LANE","HUJ4","","","","","","","","","","","70130544","2025-07-31","","AMEC","","","","","Up Main/Fast","Vale Wood Lane Crossing, Access via Double Gates. What3Words - performs.rivals.minerals. Post Code - RH13 0PR","TQ 12236 26306"
"70225478","TBH1","42.1362","QU","","42.1362","1100","","MAV","","511975.0","126082.0","PRATTS LOWER LEVEL CROSSING","HUJ4","","","","","","","","","","","70225478","2025-07-31","","AMEC","","","","","Up Main/Fast","Pratts Lower Level Crossing.  What3Words - springing.manager.pocketed. Post Code - RH13 0QJ","TQ 11975 26082"
"70130552","TBH1","45.1751","QU","","45.1751","2100","","MAV","","507854.0","123742.0","HADFOLD CROSSING","HUJ4","","","","","","","","","","","70130552","2025-07-31","","AMEC","","","","","Down Main/Fast","Hadfold Crossing, Access via dirt road off of Stane Street A29 to double gates over bridge. What3Words - cashiers.dent.rocker. Post Code - RH14 9JP","TQ 07854 23742"
"70130269","TBH1","49.1609","QU","","49.1609","2100","","MAV","","504331.0","118655.0","PULBOROUGH STATION CAR PARK","HUJ4","","","","","","","","","","","70130269","2025-08-18","","NRAIL","","","","","Down Main/Fast","Pulborough Station Car Park, Access to track via Station car park. What3Words - breached.needed.translated. Post Code - RH20 1AH","TQ 04331 18655"
"70109171","TBH1","50.0044","QU","","50.0044","1100","","MAV","","504279.0","118607.0","PULBOROUGH STATION","HUJ4","","","","","","","","","","","70109171","2025-07-31","","NRAIL","","","","","Up Main/Fast","Pulborough Station, Access off Station Approach. What3Words - tripled.submerged.tight. Post Code - RH20 1AH","TQ 04294 18588"
"70130562","TBH1","56.1316","QU","","56.1316","1100","","MAV","","503136.0","108700.0","OFFHAM FOOTPATH <BRIDGE>, MILL ROAD","HUJ4","","","","","","","","","","","70130562","2025-07-31","","AMEC","","","","","Up Main/Fast","Offham Footpath Crossing Bridge, Access via Mill Road, Access through Double gate. What3Words - football.demotion.bricks. Post Code - BN18 9PD","TQ 03125 08702"
"70130563","TBH1","57.1137","QU","","57.1137","1100","","MAV","","502985.0","107254.0","WARNINGCAMP NO. 2 CROSSING - OFF A27<T>","HUJ4","","","","","","","","","","","70130563","2025-07-31","","AMEC","","","","","Up Main/Fast","Warningcamp No. 2 crossing, Access via Crossbush Lane. What3Words - loafing.shakes.plan. Post Code - BN18 9QY","TQ 02995 07271"
"70261278","TBH1","58.0462","QU","","58.0462","2100","","MAV","","502453.0","106437.0","ARUNDEL STATION","HUJ4","","","","","","","","","","","70261278","2025-07-31","","NRAIL","","","","","Down Main/Fast","Arundel station. What3Words - outermost.stocky.nametag. Post Code - BN18 9PH","TQ 02423 06408"
"70130564","TBH1","58.0743","QU","","58.0743","1100","","MAV","","502345.0","106203.0","THROUGH BUILDERS YARD <ARUNDEL BUILDERS>","HUJ4","","","","","","","","","","","70130564","2025-07-31","","NRAIL","","","","","Up Main/Fast","Arundel Builders Merchants yard, Acess via Arundel Station Car Park through double gate. What3Words - tank.deposits.spruced. Post Code - BN18 9PH","TQ 02341 06202"
"70130565","TBH1","58.1298","QU","","58.1298","1100","","MAV","","502135.0","105745.0","VINNECOMBES/TEE CROSSING","HUJ4","","","","","","","","","","","70130565","2025-07-31","","AMEC","","","","","Up Main/Fast","Vinnecombes/Tee crossing, Access via Broomhurst via double gates. What3Words - filer.hairspray.power. Post Code - BN18 9PH","TQ 02147 05754"
"70130566","TBH1","59.0566","QU","","59.0566","1100","","MAV","","501743.0","104885.0","PRING - WOOLEY NO. 2 CROSSING","HUJ4","","","","","","","","","","","70130566","2025-07-31","","AMEC","","","","","Up Main/Fast","Pring - Wooley No. 2 crossing, Access via Church Lane via Gates. What3Words - swerving.degrading.stars. Post Code - BN17 7QH","TQ 01748 04887"
"110187886","TBH2","19.0792","QU","","19.0792","2100","","MAP","","500549.0","104110.0","FORD RIVER BRIDGE","HUJ4","","","","","","","","","PED AP","","110187886","2024-06-18","","NRAIL","","","","","Down Main/Fast","*** OUT OF USE PERMANENTLY***  WHAT3WORDS/// PINES.PLAYS.VITAL","TQ 00549 04110"
"70014709","TBH2","19.099","QU","","19.099","2100","","MAP","","500371.0","104195.0","FORD RELAY ROOM","HUJ4","","","","","","","","","","","70014709","2025-08-18","","NRAIL","","","","","Down Main/Fast","Ford Relay Room, Access via Steps Up from track, Access via dirt road off Ford Road. What3Words - duty.hops.toys. Post Code - BN18 0BH","TQ 00371 04195"
"70227061","TBH2","19.1136","QU","","19.1136","1100","","MAP","","500244.0","104267.0","FORD ROAD LXING","HUJ4","","","","","","","","","","","70227061","2025-07-31","","NRAIL","","","","","Up Main/Fast","Ford Road Level Crossing, access point is a level crossing. What3Words - useful.deck.branch. Post Code - BN18 0BS","TQ 00268 04249"
"110180484","TBH2","20.0154","QU","","20.0154","1100","","MAP","","499600.0","104400.0","HOE LANE CROSSING","HUJ4","","","","","","","","","","","110180484","2025-07-31","","NRAIL","","","","","Up Main/Fast","Hoe Lane Crossing. What3Words - approve.spaceship.waxes. Post Code - BN18 0DQ","SU 99550 04399"
"110180485","TBH2","20.0946","QU","","20.0946","1100","","MAP","","498800.0","104400.0","LONG BARN CROSSING","HUJ4","","","","","","","","","","","110180485","2025-07-31","","NRAIL","","","","","Up Main/Fast","Long Barn Crossing. What3Words - ringside.retain.bookshop. Post Code - BN18 0LH","SU 98800 04400"
"110155655","TBH2","20.1748","QU","","20.1748","1100","","MAP","","498099.0","104389.0","YAPTON LEVEL CROSSING","HUJ4","","","","","","","","","","","110155655","2025-07-31","","NRAIL","","","","","Up Main/Fast","Yapton Level Crossing. What3Words - zoomed.assume.pocketed. Post Code - BN18 0DN","SU 98099 04389"
"110180391","TBH2","21.0395","QU","","21.0395","1100","","MAP","","497714.0","104388.0","LAKE LANE FOOT CROSSING","HUJ4","","","","","","","","","","","110180391","2025-07-31","","NRAIL","","","","","Up Main/Fast","Maypole Lane Foot Crossing. What3Words - sparrows.swatting.sung. Post Code - BN18 0DR","SU 97719 04381"
"110180486","TBH2","21.0726","QU","","21.0726","1100","","MAP","","497400.0","104400.0","JACOBS LADDER CROSSING","HUJ4","","","","","","","","","","","110180486","2025-07-31","","NRAIL","","","","","Up Main/Fast","Jacobs Ladder Crossing. What3Words - nylon.crafted.epidemics. Post Code - BN18 0DN","SU 97400 04400"
"110180487","TBH2","21.1364","QU","","21.1364","1100","","MAP","","496800.0","104400.0","COXS FARM CROSSING","HUJ4","","","","","","","","","","","110180487","2025-07-31","","NRAIL","","","","","Up Main/Fast","Coxs Farm Crossing. What3Words - melt.armed.soap. Post Code - BN18 0DN","SU 96800 04400"
"110147185","TBH2","22.0088","QU","","22.0088","1100","","MAP","","495598.0","104336.0","BARNHAM SUBSTATION","HUJ4","","","","","","","","","","","110147185","2025-08-18","","NRAIL","","","","","Up Main/Fast","Barnham Substation, Access via Barnham Station. What3Words - charm.then.neon. Post Code - PO22 0EU","SU 95598 04336"
"110180488","TBH2","22.0374","QU","","22.0374","1100","","MAP","","496136.0","104361.0","NURSERY CROSSING","HUJ4","","","","","","","","","","","110180488","2025-08-18","","NRAIL","","","","","Up Main/Fast","Nursery Crossing. What3Words - dared.sofa.heads. Post Code - PO22 0AR","SU 96136 04361"
"70109178","TBH2","22.0638","QU","","22.0638","1100","","MAP","","495862.0","104383.0","BARNHAM STATION YARD","HUJ4","","","","","","","","","","","70109178","2025-08-18","","AMEC","","","","","Up Main/Fast","Barnham Station Yard.  What3Words - soaks.flies.hurry. Post Code - PO22 0ER","SU 95862 04383"
"110170958","TBH2","22.0792","QU","","22.0792","1900","","MAP","","495667.0","104365.0","BARNHAM","HUJ4","","","","","","","","","","","110170958","2025-08-18","","NRAIL","","","","","Up Siding","BARNHAM. FTN SITE 2318 What3Words - ants.butter.metals. Post Code - PO22 0ES. Track ID should be 1901","SU 95667 04365"
"110180489","TBH2","22.121","QU","","22.121","1100","","MAP","","495372.0","104350.0","WEST BARNHAM CROSSING","HUJ4","","","","","","","","","","","110180489","2025-08-18","","NRAIL","","","","","Up Main/Fast","West Barnham Crossing. What3Words - movies.hype.dull. Post Code - PO22 0EX","SU 95372 04350"
"70130573","TBH2","23.1166","QU","","23.1166","1100","","MAP","","493789.0","104318.0","WOODGATE BARRIER LC, WESTERGATE ST, LIDSEY RD","HUJ4","","","","","","","","","","","70130573","2025-07-31","","NRAIL","","","","","Up Main/Fast","Lidsey Road Level Crossing, Access point is a level crossing. What3Words - green.stages.kinds. Post Code - PO20 3AG","SU 93793 04316"
"110155656","TBH2","25.045","QU","","25.045","1100","","MAP","","491228.0","104336.0","WOODHORN LEVEL CROSSING","HUJ4","","","","","","","","","","","110155656","2025-08-18","","NRAIL","","","","","Up Main/Fast","Woodhorn Lane Level Crossing, Access point is a level crossing. What3Words - rotate.petal.transfers. Post Code - PO20 2DA","SU 91228 04336"
"110147235","TBH2","25.132","QU","","25.132","2100","","MAP","","491228.0","104336.0","SUBSTATION ACCESS - HUNSTON GRID","HUJ4","","","","","","","","","","","110147235","2025-08-18","","NRAIL","","","","","Down Main/Fast","Substation Access to Hunston Grid, Access via woodhorn Lane Level Crossing. What3Words - rotate.petal.transfers. Post Code - PO19 7XX","SU 91228 04336"
"110147236","TBH2","26.0396","QU","","26.0396","2100","","MAP","","489688.0","104381.0","SUBSTATION ACCESS DRAYTON","HUJ4","","","","","","","","","","","110147236","2025-08-18","","NRAIL","","","","","Down Main/Fast","Substation Access to Drayton, Access via Oving Road to Dirt Road through gate. What3Words - reddish.photo.villager. Post Code - PO20 2GL","SU 89688 04381"
"70130578","TBH2","26.1071","QU","","26.1071","1100","","MAP","","489048.0","104412.0","DRAYTON LANE AHB LEVEL CROSSING","HUJ4","","","","","","","","","","","70130578","2025-07-31","","NRAIL","","","","","Up Main/Fast","Drayton Lane Level Crossing, Access point is a level crossing. What3Words - complies.isolating.noting. Post Code - PO20 2AJ","SU 89057 04410"
"70109180","TBH2","27.0625","QU","","27.0625","1100","","MAP","","487846.0","104371.0","CHICHESTER BYPASS BRIDGE","HUJ4","","","","","","","","","","","70109180","2025-07-31","","NRAIL","","","","","Up Main/Fast","Chichester Bypass Bridge, Access viaA27 Chichester Bypass to steps down to single gate track level. What3Words - depend.nail.forced. Post Code - PO19 7QS","SU 87850 04384"
"70227058","TBH2","27.094","QU","","27.094","1100","","MAP","","487555.0","104367.0","BOGNOR ROAD BRIDGE","HUJ4","","","","","","","","","","","70227058","2025-07-31","","NRAIL","","","","","Up Main/Fast","Bognor Road Bridge, Access via Bognor Road. What3Words - oldest.sparks.guards. Post Code - PO19 7TT","SU 87555 04367"
"70130581","TBH2","27.1553","QU","","27.1553","1100","","MAP","","486996.0","104340.0","WHYKE ROAD AHB LEVEL CROSSING <B1245>","HUJ4","","","","","","","","","","","70130581","2025-07-31","","NRAIL","","","","","Up Main/Fast","Whyke Road Level Crossing, Access point is a level crossing. What3Words - shapes.worker.obey. Post Code - PO19 8HP","SU 87010 04340"
"70261279","TBH2","28.0112","QU","","28.0112","1100","","MAP","","486705.0","104320.0","GROVE ROAD FOOTBRIDGE","HUJ4","","","","","","","","","","","70261279","2025-07-31","","NRAIL","","","","","Up Main/Fast","Grove Road footbridge, Access via Footpath off Whyke Lane. What3Words - jazzy.powder.oils. Post Code - PO19 7DX","SU 86699 04322"
"110149496","TBH2","28.0115","QU","","28.0115","2100","","MAP","","486702.0","104329.0","Grove Road footbridge","HUJ4","","","","","","","","","","","110149496","2023-05-31","","NRAIL","","","","","Down Main/Fast","Access between 19 / 20 Grove Road <Slight slope down to track> - Public footpath lighting - No third party permissions.","SU 86700 04300"
"70130582","TBH2","28.0864","QU","","28.0864","1100","","MAP","","486019.0","104305.0","BASIN ROAD LEVEL CROSSING","HUJ4","","","","","","","","","","","70130582","2025-07-31","","NRAIL","","","","","Up Main/Fast","Basin Road Level Crossing, Access point is a level crossing. What3Words - horses.rounds.lamp. Post Code - PO19 8PX","SU 86023 04305"
"70130583","TBH2","28.0961","QU","","28.0961","1100","","MAP","","485931.0","104302.0","STOCKBRIDGE ROAD/SOUTHGATE LEVEL XING <A286>","HUJ4","","","","","","","","","","","70130583","2025-07-31","","NRAIL","","","","","Up Main/Fast","Stockbridge Road Southgate level crossing, Access point is a level crossing. What3Words - placed.bless.dance. Post Code - PO19 8DG","SU 85937 04299"
"70130585","TBH2","29.0585","QU","","29.0585","2100","","MAP","","484770.0","104719.0","FISHBOURNE FOOT XING - FISHBOURNE/WESTGATE RD","HUJ4","","","","","","","","","","","70130585","2025-07-31","","AMEC","","","","","Down Main/Fast","Fishbourne Foot Crossing , Access via Fishbourne Road End & Westgate. What3Words - avoid.rags.staples. Post Code - PO19 3FH","SU 84770 04719"
"70130586","TBH2","29.1092","QU","","29.1092","1100","","MAP","","484359.0","104911.0","CLAY LANE LEVEL CROSSING","HUJ4","","","","","","","","","","","70130586","2025-07-31","","NRAIL","","","","","Up Main/Fast","Clay Lane Level Crossing, Access point is a level crossing. What3Words - removes.hunk.tidy. Post Code - PO19 3JB","SU 84368 04909"
"110178796","TBH2","29.1535","QU","","29.1535","1100","","MAP","","484008.0","104982.0","6199 - FISHBOURNE REB","HUJ4","","","","","","","","","","","110178796","2025-07-31","","NRAIL","","","","","Up Main/Fast","6199, Fishborne Reb, Access via Clay Lane Crossing. What3Words - evoked.simulator.valve. Post Code - PO19 3FJ","SU 84028 04976"
"110147237","TBH2","29.1672","QU","","29.1672","2100","","MAP","","483600.0","105046.0","SUBSTATION ACCESS - FISHBOURNE","HUJ4","","","","","","","","","","","110147237","2025-07-31","","NRAIL","","","","","Down Main/Fast","Substation Access via Salthill Road Crossing, Fishborne Station, Track side 1100. What3Words - ratty.fried.booklet. Post Code - PO19 3QD","SU 83591 05052"
"70130587","TBH2","30.0176","QU","","30.0176","1100","","MAP","","483600.0","105046.0","PALACE LEVEL CROSSING","HUJ4","","","","","","","","","","","70130587","2025-07-31","","AMEC","","","","","Up Main/Fast","Palace Level Crossing.  What3Words - arts.geologist.forgot. Post Code - PO19 3QD","SU 83591 05052"
"70227066","TBH2","30.0198","QU","","30.0198","1100","","MAP","","483580.0","105050.0","NEW FISHBOURNE LXING","HUJ4","","","","","","","","","","","70227066","2025-07-31","","NRAIL","","","","","Up Main/Fast","New Fishborne Level Crossing, Access point is a level crossing. What3Words - arts.geologist.forgot. Post Code - PO19 3QD","SU 83577 05055"
"70130588","TBH2","30.0574","QU","","30.0574","1100","","MAP","","483241.0","105110.0","BLACKBOY LANE LEVEL CROSSING","HUJ4","","","","","","","","","","","70130588","2025-07-31","","NRAIL","","","","","Up Main/Fast","Blackboy Lane Level Crossing, This access point is a level crossing. What3Words - remotest.relief.snuck. Post Code - PO18 8BL","SU 83249 05108"
"70109183","TBH2","31.0658","QU","","31.0658","1100","","MAP","","481582.0","105402.0","BROOK LANE FOOTPATH","HUJ4","","","","","","","","","","","70109183","2025-07-31","","AMEC","","","","","Up Main/Fast","Brook Lane Crossing. What3Words - gradually.dwelled.tops. Post Code - PO18 8JY","SU 81591 05401"
"70109184","TBH2","31.1036","QU","","31.1036","2100","","MAP","","481239.0","105446.0","Bosham Station","HUJ4","","","","","","","","","","","70109184","2015-05-19","","AMEC","","","","","Down Main/Fast"," ",""
"70227067","TBH2","31.1078","QU","","31.1078","1100","","MAP","","481201.0","105451.0","BOSHAM LXING","HUJ4","","","","","","","","","","","70227067","2025-07-31","","NRAIL","","","","","Up Main/Fast","Bosham Level Crossing, Access via Station Road. What3Words - owes.dentures.seatbelt. Post Code - PO18 8NG","SU 81239 05446"
"70130589","TBH2","32.0451","QU","","32.0451","1100","","MAP","","480177.0","105582.0","FUNTINGTON LEVEL CROSSING - NEWELLS LANE","HUJ4","","","","","","","","","","","70130589","2025-07-31","","NRAIL","","","","","Up Main/Fast","Funtington Level Crossing , Newells Lane, Access point is a level crossing. What3Words - daunting.chin.jolt. Post Code - PO18 8DE","SU 80178 05580"
"70130592","TBH2","33.0262","QU","","33.0262","1100","","MAP","","478750.0","105762.0","NUTBOURNE LEVEL CROSSING - BROAD ROAD","HUJ4","","","","","","","","","","","70130592","2025-07-31","","NRAIL","","","","","Up Main/Fast","Nutbourne Level Crossing, Broad Road, Access point is a level crossing. What3Words - reverses.snores.tracks. Post Code - PO18 8SR","SU 78750 05762"
"110180490","TBH2","33.0418","QU","","33.0418","1100","","MAP","","478600.0","105800.0","POTTERY CROSSING","HUJ4","","","","","","","","","","","110180490","2025-07-31","","NRAIL","","","","","Up Main/Fast","Pottery Crossing. What3Words - cackling.models.clustered. Post Code - PO18 8FW","SU 78603 05787"
"110180491","TBH2","33.0968","QU","","33.0968","1100","","MAP","","478117.0","105841.0","COPSE CROSSING","HUJ4","","","","","","","","","","","110180491","2025-08-18","","NRAIL","","","","","Up Main/Fast","Copse Crossing. What3Words - curly.annotated.pastime. Post Code - PO18 8FZ","SU 78117 05841"
"110147238","TBH2","33.1166","QU","","33.1166","2100","","MAP","","478750.0","105762.0","SUBSTATION ACCESS - NUTBOURNE","HUJ4","","","","","","","","","","","110147238","2016-06-14","","NRAIL","","","","","Down Main/Fast","ACCESS VIA A259 AND INLANDS ROAD - PO188RL",""
"120001002","TBH2","33.154","QU","","33.154","2100","","MAP","","477557.0","105901.0","Nutbourne Substation (Inlands Road)","HUJ4","","","","","","","","","New gate installed to access Local Control Panel (LCP)","","120001002","2025-07-29","","","","","","","Down Main/Fast","Nutbourne Substation (Inlands Road) Gate installed to access Local Control Panel (LCP)",""
"70130593","TBH2","33.1595","QU","","33.1595","2100","","MAP","","477540.0","105909.0","INLANDS ROAD LEVEL CROSSING","HUJ4","","","","","","","","","","","70130593","2025-07-31","","NRAIL","","","","","Down Main/Fast","Inlands Road Level Crossing, Access point is a level crossing. What3Words - belonging.opposites.goods. Post Code - PO18 8RD","SU 77551 05911"
"110180492","TBH2","35.0066","QU","","35.0066","1100","","MAP","","475700.0","106200.0","PENNY LANE CROSSING","HUJ4","","","","","","","","","","","110180492","2025-07-31","","NRAIL","","","","","Up Main/Fast","Penny Lane Crossing. What3Words - unrealistic.closed.tells. Post Code - PO10 8DG","SU 75738 06176"
"110149817","TBH2","19.1233","QU","","19.1233","1100","","MAPE","","500231.0","104280.0","FORD PLAT 1","HUJ4","","","","","","","","","","","110149817","2025-08-18","","","","","","","Up Main/Fast","Ford Platform 1, Access through station. What3Words - casual.shares.patio. Post Code - BN18 0BH","TQ 00231 04280"
"110149818","TBH2","19.1244","QU","","19.1244","2100","","MAPE","","500225.0","104270.0","FORD PLAT 2","HUJ4","","","","","","","","","","","110149818","2025-08-18","","","","","","","Down Main/Fast","Ford Platform 2, Access through station. What3Words - adding.fumes.dusty. Post Code - BN18 0BH","TQ 00225 04270"
"110149759","TBH2","22.061","QU","","22.061","1100","","MAPE","","495856.0","104362.0","BARNHAM PLAT 3","HUJ4","","","","","","","","","","","110149759","2025-08-18","","NRAIL","","","","","Up Main/Fast","Barnham Platform 3, Access via Station. What3Words - leans.potato.stud. Post Code - PO22 0ES","SU 95856 04362"
"70130571","TBH2","22.063","QU","","22.063","1100","","MAPE","","495895.0","104356.0","BARNHAM STATION - OFF PLATFORMS","HUJ4","","","","","","","","","","","70130571","2025-07-31","","AMEC","","","","","Up Main/Fast","Barnham Station. What3Words - votes.nerve.ears. Post Code - PO22 0ER","SU 95895 04356"
"110149758","TBH2","22.0644","QU","","22.0644","2100","","MAPE","","495889.0","104348.0","BARNHAM PLAT 1 & 2","HUJ4","","","","","","","","","","","110149758","2025-08-18","","","","","","","Down Main/Fast","Barnham Platform 1 & 2, Access through station. What3Words - comical.linked.pizza. Post Code - PO22 0ES","SU 95889 04348"
"110149781","TBH2","28.1117","QU","","28.1117","1100","","MAPE","","485861.0","104305.0","CHICHESTER PLAT 1","HUJ4","","","","","","","","","","","110149781","2025-08-18","","","","","","","Up Main/Fast","Chichester Platform 1, Access through station. What3Words - traded.attend.monkey. Post Code - PO19 8DL","SU 85861 04305"
"110149782","TBH2","28.1124","QU","","28.1124","2100","","MAPE","","485861.0","104296.0","CHICHESTER PLAT 2","HUJ4","","","","","","","","","","","110149782","2025-08-18","","","","","","","Down Main/Fast","Chichester Platform 2, Access through station. What3Words - tins.spray.faced. Post Code - PO19 8DL","SU 85861 04296"
"110149814","TBH2","30.028","QU","","30.028","2100","","MAPE","","483525.0","105055.0","FISHBOURNE PLAT 2","HUJ4","","","","","","","","","","","110149814","2025-08-18","","","","","","","Down Main/Fast","Fishborne Platform 2, Access through station. What3Words - earmarked.chat.release. Post Code - PO19 3QH","SU 83525 05055"
"110149813","TBH2","30.0293","QU","","30.0293","1100","","MAPE","","483531.0","105064.0","FISHBOURNE PLAT 1","HUJ4","","","","","","","","","","","110149813","2025-08-18","","","","","","","Up Main/Fast","Fishborne Platform 1, Access through station. What3Words - groups.factually.outbound. Post Code - PO19 3QH","SU 83531 05064"
"110149770","TBH2","31.0962","QU","","31.0962","2100","","MAPE","","481268.0","105439.0","BOSHAM PLAT 2","HUJ4","","","","","","","","","","","110149770","2025-08-18","","","","","","","Down Main/Fast","Bosham Platform 2, Access through station. What3Words - nurse.imprints.scrub. Post Code - PO18 8NG","SU 81268 05439"
"110149769","TBH2","31.0976","QU","","31.0976","1100","","MAPE","","481271.0","105448.0","BOSHAM PLAT 1","HUJ4","","","","","","","","","","","110149769","2025-08-18","","","","","","","Up Main/Fast","Bosham Platform 1, Access through station. What3Words - post.condition.casually. Post Code - PO18 8NG","SU 81271 05448"
"110149867","TBH2","33.0345","QU","","33.0345","2100","","MAPE","","478675.0","105768.0","NUTBOURNE PLAT 2","HUJ4","","","","","","","","","","","110149867","2025-08-18","","","","","","","Down Main/Fast","Nutborne Platform 2, Access through station. What3Words - frail.intro.grudge. Post Code - PO18 8SH","SU 78675 05768"
"110149866","TBH2","33.0352","QU","","33.0352","1100","","MAPE","","478678.0","105777.0","NUTBOURNE PLAT 1","HUJ4","","","","","","","","","","","110149866","2025-08-18","","","","","","","Up Main/Fast","Nutborne Platform 1, Access through station. What3Words - trace.downsize.breathed. Post Code - PO18 8SH","SU 78678 05777"
"110149896","TBH2","34.039","QU","","34.039","2100","","MAPE","","477011.0","105974.0","SOUTHBOURNE PLAT 2","HUJ4","","","","","","","","","","","110149896","2025-08-18","","","","","","","Down Main/Fast","SOUTHBORNE Platform 2, Access through station. What3Words - catapult.pasta.elects. Post Code - PO10 8LW","SU 77011 05974"
"110149895","TBH2","34.0415","QU","","34.0415","1100","","MAPE","","477015.0","105979.0","SOUTHBOURNE PLAT 1","HUJ4","","","","","","","","","","","110149895","2025-07-31","","","","","","","Up Main/Fast","Southborne Platform 1, Access through station. What3Words - helpfully.original.flow. Post Code - PO10 8LW","SU 76994 05986"
"110188339","TBH2","22.088","QU","","22.09","0","","MAR","","495745.0","104360.0","Barnham RRAP","HUJ4","","","","","","","","","AC","","110188339","2024-08-01","","NRAIL","","","","","All/Multiple Tracks","WHAT3WORDS/// DINED.TELLS.RESIST.","SU 95745 04360"
"120000662","TBH2","28.154","QU","","28.154","1900","","MAR","","485736.0","104348.0","Dudmans yard Chichester","HUJ4","","","","","","","","","On track RRV's","","120000662","2025-04-02","","","","","","","Up Siding","",""
"70109187","TBH2","19.1364","QU","","19.1364","1100","","MAV","","500088.0","104325.0","FORD YARD","HUJ4","","","","","","","","","","","70109187","2025-07-31","","NRAIL","","","","","Up Main/Fast","Ford Yard, Access via dirt Road off Gaugemaster Way, Access via gate onto track. What3Words - craft.trains.cheese. Post Code - BN18 0BH","TQ 00089 04336"
"70264710","TBH2","22.077","QU","","22.077","9999","","MAV","","495768.0","104354.0","Barnham Yard access to AMEC buildings and track","HUJ4","","","","","","","","","","","70264710","2015-05-19","","AMEC","","","","","Unknown","Risk Rating 10, Hazard Rating 5, Score 50",""
"70130572","TBH2","23.0144","QU","","23.0144","1100","","MAV","","494723.0","104335.0","LONG BARN LEVEL CROSSING","HUJ4","","","","","","","","","","","70130572","2025-07-31","","AMEC","","","","","Up Main/Fast","Long Barn Level Crossing, Access via getting permission from farmer via New Barn off Chirch Lane. What3Words - share.papers.motel. Post Code - PO22 0BU","SU 94723 04335"
"70227062","TBH2","23.1567","QU","","23.1567","0","","MAV","","493422.0","104312.0","PARK FARM LC","HUJ4","","","","","","","","","","","70227062","2015-05-19","","AMEC","","","","","All/Multiple Tracks","Risk Rating 3, Hazard Rating 2, Score 6",""
"70130575","TBH2","24.1416","QU","","24.1416","1100","","MAV","","491951.0","104309.0","DECOY FARM CROSSING - UNMADE ROAD","HUJ4","","","","","","","","","","","70130575","2025-07-31","","AMEC","","","","","Up Main/Fast","Decoy farm crossing, Access via double gates. What3Words - hidden.volume.quench. Post Code - PO20 3UB","SU 91951 04309"
"70227063","TBH2","26.0462","QU","","26.0462","0","","MAV","","489599.0","104395.0","","HUJ4","","","","","","","","","","","70227063","2015-05-19","","AMEC","","","","","All/Multiple Tracks","Risk Rating 2, Hazard Rating 2, Score 4",""
"70109179","TBH2","26.1361","QU","","26.1361","1100","","MAV","","488862.0","104424.0","DRAYTON YARD","HUJ4","","","","","","","","","","","70109179","2025-08-18","","AMEC","","","","","Up Main/Fast","Drayton Yard.  What3Words - hotdog.shortcuts.removers. Post Code - PO20 2BN","SU 88862 04424"
"70130260","TBH2","28.1315","QU","","28.1315","2100","","MAV","","508800.0","125121.0","CHICHESTER SIGNAL BOX ONLY","HUJ4","","","","","","","","","","","70130260","2025-08-18","","NRAIL","","","","","Down Main/Fast","Chichester Signal Box Only, Access via Terminus Road. What3Words - carbon.noble.cares. Post Code - PO19 8TL","TQ 08800 25121"
"70130584","TBH2","28.1375","QU","","28.1375","1100","","MAV","","485572.0","104342.0","CHICHESTER YARD","HUJ4","","","","","","","","","","","70130584","2025-07-31","","NRAIL","","","","","Up Main/Fast","Chichester Yard, Access via Penzance Road through Gate down dirt Road. What3Words - admire.keeps.liner. Post Code - PO19 1RJ","SU 85548 04345"
"70130591","TBH2","32.1366","QU","","32.1366","1100","","MAV","","479344.0","105688.0","DRIFT LANE LEVEL CROSSING","HUJ4","","","","","","","","","","","70130591","2025-07-31","","NRAIL","","","","","Up Main/Fast","Drift Lane Level Crossing. What3Words - chef.bliss.hypnotist. Post Code - PO18 8PP","SU 79358 05685"
"70130594","TBH2","34.0489","QU","","34.0489","0","","MAV","","476948.0","105990.0","Southbourne Level Crossing - Stein Road","HUJ4","","","","","","","","","","","70130594","2016-03-16","","NRAIL","","","","","All/Multiple Tracks","Risk Rating 6, Hazard Rating 2, Score 12",""
"70261280","VIR","0.0726","QU","","0.0726","2100","","MAP","","528675.0","178389.0","EBURY BRIDGE - WOODEN DOOR","HUJ3","","","","","","","","","","","70261280","2025-07-31","","AMEC","","","","","Down Main/Fast","Ebury Bridge, Access via Wooden Door, Carriage key to open from road side, Steps Down to track. What3Words - kings.banks.cloth. Post Code - SW1V 4BF","TQ 28675 78389"
"70109190","VIR","0.121","QU","","0.121","2100","","MAP","","528746.0","177973.0","VICTORIA [E]","HUJ3","","","","","","","","","","","70109190","2025-07-31","","AMEC","","","","","Down Main/Fast","Victoria [E], Road access via Grosvenor Road, single gate and steps up to track level. What3Words - truth.best.script. Post Code - SW1V 4BE","TQ 28746 77973"
"70130653","VIR","1.0","QU","","1.0","2100","","MAP","","528782.0","177489.0","Access Via Battersea Yard ","HUJ3","","","","","","","","","AC","","70130653","2024-03-06","","AMEC","","","","","Down Main/Fast","Up Ladder and Cross Slow and Fast Lines. Access via Battersea Dogs Home and Up Stewarts Lane.  WHAT3WORDS///REAR.RESULT.FAMILY.","TQ 28782 77489"
"70109198","VIR","0.1166","QU","","0.1166","1800","","MAV","","528780.0","177953.0","EASTERN CARRIAGE SIDINGS","HUJ3","","","","","","","","","","","70109198","2025-07-31","","AMEC","","","","","Up Other/Eng/Car","Eastern Carriage Sidings, Access via Grosvenor Road Victoria, double gates and steps up to track. What3Words - slams.lions.cases. Post Code - SW1V 4BA","TQ 28780 77953"
"70130657","VIR","1.0","QU","","1.0","2100","","MAV","","528782.0","177489.0","Authorised Access Gate","HUJ3","","","","","","","","","AC","","70130657","2024-03-06","","AMEC","","","","","Down Main/Fast","Access via Battersea Dogs Home and Up Stewarts Lane.  WHAT3WORDS///REAR.RESULT.FAMILY.","TQ 28782 77489"
"110188200","VTB1","1.066","QU","","1.066","3614","","MA","","528745.0","177020.0","Battersea Park Station","HUJ3","","","","","","","","","","","110188200","2024-07-26","","NRAIL","","","","","","Pedestrian access via the station main entrance through a steep 4 tiered set of steps. Access to track is through the ramp ends of the platforms. ~
W3W: ///shine.pokers.bids~
Stairs are Steep and manual handling is restricted to light weight tools only. Heavy equipment must NOT be carried up and down their stairs. ~
Always hold the hand rail when traveling the stair case.","TQ 28745 77020"
"70130654","VTB1","0.0093","QU","","0.0093","3613","","MAP","","528865.0","178971.0","Hoist Fitted on Battersea Pier","HUJ3","","","","","","","","","AC","","70130654","2024-03-06","","AMEC","","","","","","No safe access to reach point.  WHAT3WORDS///BALLOTS.CREST.COTTON.","TQ 28865 28971"
"70130656","VTB1","0.0093","QU","","0.0093","3613","","MAP","","528865.0","178971.0","Gates Off Broughton Street","HUJ3","","","","","","","","","AC","","70130656","2024-03-06","","AMEC","","","","","","WHAT3WORDS///NESTS.MONKS.NOISY.","TQ 28946 79130"
"70109200","VTB1","0.1606","QU","","0.1606","2200","","MAP","","528727.0","177645.0","BATTERSEA PIER RELAY RM- BATTERSEA REVERSIBLE","HUJ3","","","","","","","","","","","70109200","2025-07-31","","AMEC","","","","","Down Slow","Battersea Pier Relay Room, Road access to old concrete depot, steel steps to track level. What3Words - boom.tummy.price. Post Code - SW11 8AE","TQ 28727 77645"
"70261281","VTB1","0.1757","QU","","0.1757","2200","","MAP","","528728.0","177504.0","SOPWITH WAY BATTERSEA","HUJ3","","","","","","","","","","","70261281","2025-07-31","","AMEC","","","","","Down Slow","Sopwith Way Battersea. Access via Battersea Dogs Home. What3Words - spoke.ranges.hello. Post Code - SW11 8AE","TQ 28728 77504"
"70109201","VTB1","1.0528","QU","","1.0528","1100","","MAP","","528734.0","177012.0","LONGHEDGE / BATTERSEA","HUJ3","","","","","","","","","","","70109201","2025-07-31","","AMEC","","","","","Up Main/Fast","Battersea, Longhedge Junction Access via station. What3Words - swing.pillow.rash. Post Code - SW8 4BL","TQ 28734 77012"
"110183231","VTB1","1.058","QU","","1.058","2100","","MAP","","528759.0","176949.0","Battersea Park plat 2 & 3","HUJ3","","","","","","","","","","","110183231","2023-03-02","","NRAIL","","","","","Down Main/Fast","What3Words is sooner.rash.rounds","TQ 28776 90000"
"110172651","VTB1","2.0","QU","","2.0","2200","","MAP","","528105.0","176184.0","Latchmere Road Access Point","HUJ3","","","","","","","","","","","110172651","2024-03-21","","NRAIL","","","","","Down Slow","Access point on Latchmere Road A3220 south side of the road under rail bridge     WHAT3WORDS/// PLANTS.CASUAL.FIRMS","TQ 28105 76184"
"70130658","VTB1","2.0088","QU","","2.0088","2200","","MAP","","528116.0","176182.0","POUPARTS JUNCTION/CULVERT RD - GATE AND STEPS","HUJ3","","","","","","","","","","","70130658","2025-07-31","","AMEC","","","","","Down Slow","Pouparts Junction/Culvert Road, Access via Gate and Steps to track. What3Words - chew.solo.sample. Post Code - SW11 5AY","TQ 28116 76182"
"70109204","VTB1","3.011","QU","","3.011","1100","","MAP","","527023.0","174940.0","BATTERSEA RISE BRIDGE - UP FAST","HUJ3","","","","","","","","","","","70109204","2025-07-31","","AMEC","","","","","Up Main/Fast","Battersea Rise Bridge, Access via road access to gate, concrete steps down to track level. What3Words - prefer.worker.farmer. Post Code - SW11 1HS","TQ 27023 74940"
"110179910","VTB1","3.0744","QU","","3.0752","1100","","MAP","","527166.0","174381.0","WANDSORTH COMMON REB ","HUJ3","","","","","","","","","","","110179910","2025-07-31","","NRAIL","","","","","Up Main/Fast","Wandsorth Common REB , Access via Gate and steps down to REB, steps down from REB to track via 1100 side. What3Words - home.piper.parts. Post Code - SW11 1HS","TQ 27165 74381"
"70130664","VTB1","3.1716","QU","","3.1716","1100","","MAP","","527612.0","173582.0","BELLEVUE ROAD [B237]","HUJ3","","","","","","","","","","","70130664","2025-07-31","","AMEC","","","","","Up Main/Fast","Bellevue Road B237, Access via Single Gate and Steps down to track. What3Words - chains.slides.smart. Post Code - SW17 7EG","TQ 27612 73582"
"70109207","VTB1","4.1298","QU","","4.1298","1100","","MAP","","528727.0","173096.0","BEDFORD HILL BALHAM - UP FAST","HUJ3","","","","","","","","","","","70109207","2025-07-31","","AMEC","","","","","Up Main/Fast","Bedford Hill Balham, Access via Road to single gate, up steps to track level. What3Words - logic.scale.pardon. Post Code - SW12 9HR","TQ 28727 73096"
"70130670","VTB1","4.132","QU","","4.132","1100","","MAP","","528726.0","173115.0","Gate and Bank - Up Fast","HUJ3","","","","","","","","","AC","","70130670","2015-05-19","","AMEC","","","","","Up Main/Fast","Risk Rating 3, Hazard Rating 2, Score 6",""
"70130671","VTB1","4.1606","QU","","4.1606","2200","","MAP","","529116.0","172967.0","BALHAM SUBSTATION ","HUJ3","","","","","","","","","","","70130671","2025-07-31","","AMEC","","","","","Down Slow","Balham Substation, Access via Cavendish Road, Access via Gate and steps up to track 2200 side. What3Words - among.steep.puts. Post Code - SW12 0PD","TQ 29116 72967"
"70109211","VTB1","5.0808","QU","","5.0808","2200","","MAP","","529434.0","172238.0","BEDFORD HILL -DOWN SLOW","HUJ3","","","","","","","","","","","70109211","2025-07-31","","AMEC","","","","","Down Slow","Bedford Hill, Access via Road to Park, Access via single gate and steps down to track level on 2200 side. What3Words - hangs.gift.inner. Post Code - SW16 1LA","TQ 29434 72238"
"70109210","VTB1","5.1349","QU","","5.1349","2200","","MAP","","529528.0","171814.0","TOOTING BEC ROAD [A214]","HUJ3","","","","","","","","","","","70109210","2025-07-31","","AMEC","","","","","Down Slow","Tooting Bec Road A214, Access via Road to single gate and steps down to track level. What3Words - league.ground.songs. Post Code - SW16 1QT","TQ 29528 71814"
"70130676","VTB1","6.0132","QU","","6.0132","2200","","MAP","","529512.0","171298.0","MITCHAM LANE BRIDGE ","HUJ3","","","","","","","","","","","70130676","2025-08-18","","AMEC","","","","","Down Slow","Mitcham Lane Bridge, Access to Track via Steps down. What3Words - shelf.shape.yappy. Post Code - SW16 6QF","TQ 29512 71298"
"70109212","VTB1","6.0152","QU","","6.0152","1100","","MAP","","529511.0","171299.0","MITCHAM LANE BRIDGE ","HUJ3","","","","","","","","","","","70109212","2025-07-31","","AMEC","","","","","Up Main/Fast","Mitcham Lane Bridge, Avvess via Road to single gate, steps  down to track level 2200 side. What3Words - think.moth.loaf. Post Code - SW16 6QF","TQ 29511 71299"
"70261282","VTB1","6.0308","QU","","6.0308","2200","","MAP","","529493.0","171150.0","STREATHAM NORTH JC","HUJ3","","","","","","","","","","","70261282","2025-07-31","","AMEC","","","","","Down Slow","Streatham North Jc. What3Words - dash.reap.prices. Post Code - SW16 6QF","TQ 29493 71150"
"70109214","VTB1","6.0968","QU","","6.0968","2200","","MAP","","529733.0","170513.0","STREATHAM COMMON STATION","HUJ3","","","","","","","","","","","70109214","2025-07-31","","NRAIL","","","","","Down Slow","Streatham Common Station, Road access to station via Estreham Road. What3Words - little.bolts.sends. Post Code - SW16 5NT","TQ 29733 70513"
"110170956","VTB1","6.099","QU","","6.099","2100","","MAP","","529497.0","171397.0","STREATHAM VALE","HUJ3","","","","","","","","","","","110170956","2025-07-31","","NRAIL","","","","","Down Main/Fast","Streatham Vale. FTN SITE 2089 What3Words - regime.code.result. Post Code - SW16 1TF","TQ 29497 71397"
"70109219","VTB1","7.0021","QU","","7.0021","1100","","MAP","","530128.0","169985.0","GLENCAIRN ROAD - UP FAST","HUJ3","","","","","","","","","","","70109219","2025-07-31","","AMEC","","","","","Up Main/Fast","Glencairn Road, Access to single gate and steps up to track level. , Steps Up What3Words - dates.zooms.oddly. Post Code - SW16 5ED","TQ 30128 69985"
"70130685","VTB1","7.0814","QU","","7.0814","2100","","MAP","","530774.0","169684.0","Norbury Station","HUJ3","","","","","","","","","","","70130685","2024-03-06","","SER","","","","","Down Main/Fast","Risk Rating 3, Hazard Rating 3, Score 9. Access through station.  WHAT3WORDS///ACUTE.HAPPY.BLUR.","TQ 30774 69684"
"70109220","VTB1","7.1078","QU","","7.1078","2200","","MAP","","530977.0","169558.0","NORBURY FOOTBRIDGE - DOWN SLOW","HUJ3","","","","","","","","","","","70109220","2025-07-31","","AMEC","","","","","Down Slow","Norbury Footbridge, Access via Norbury Avenue to single gate to track level. What3Words - statue.winner.lakes. Post Code - SW16 3RL","TQ 30982 69583"
"70109221","VTB1","8.0154","QU","","8.0154","1100","","MAP","","531560.0","169059.0","NORBURY/THORNTON HEATH T.P. HUT","HUJ3","","","","","","","","","","","70109221","2025-07-31","","AMEC","","","","","Up Main/Fast","Norbury/Thornton Heath T.P. Hut. Road access to single gate to track level. What3Words - across.earth.formal. Post Code - CR7 8AE","TQ 31560 69059"
"70130688","VTB1","8.11","QU","","8.11","2200","","MAP","","532155.0","168440.0","Single Gate Off Parchmore Road <B273>","HUJ3","","","","","","","","","AC","","70130688","2015-05-19","","AMEC","","","","","Down Slow","Onto down side platform via Tesco.Risk Rating 3, Hazard Rating 2, Score 6",""
"110179951","VTB1","9.0682","QU","","9.0682","1200","","MAP","","533100.0","167627.0","SELHURST STATION","HUJ3","","","","","","","","","AC","","110179951","2024-03-06","","NRAIL","","","","","Up Slow","WHAT 3 WORDS ///WINK.SLEEP.FEAST.    ADDITION OF ACCESS POINT.    RAMPED OR GATED/STEPS ON ALL PLATFORMS.","TQ 33100 67627"
"70130648","VTB1","0.0093","QU","","0.0093","3600","","MAPE","","528865.0","178971.0","VICTORIA PLATFORM 9","HUJ3","","","","","","","","","","","70130648","2025-07-31","","AMEC","","","","","Rev Terminal/Bay","Victoria Platform 9, London End. Access through Station What3Words - ballots.crest.cotton. Post Code - SW1V 1JU.  Track ID should be 3609","TQ 28865 78971"
"110179909","VTB1","0.0575","QU","","0.061","3600","","MAPE","","528711.0","178622.0","VICTORIA STATION REB","HUJ3","","","","","","","","","","","110179909","2025-07-31","","NRAIL","","","","","Rev Terminal/Bay","Victoria Station REB, Concrete leading to Ballast, Access to track. What3Words - email.often.coast. Post Code - SW1W 9SP.  Track ID should be 3615","TQ 28711 78622"
"70130662","VTB1","2.1101","QU","","2.1101","2200","","MAPE","","527336.0","175614.0","ACCESS TO SIGNAL BOX ANNEX","HUJ3","","","","","","","","","","","70130662","2025-07-31","","AMEC","","","","","Down Slow","Access to Signal Box, Access via London End of Platforms 15 at Clapham Junction, steps down from platform. What3Words - plant.woods.media. Post Code - SW11 2LN","TQ 27336 75614"
"110155480","VTB1","0.077","QU","","0.077","3200","","MAR","","528615.0","178412.0","EBURY BRIDGE RRV","HUJ3","","","","","","","","","","","110155480","2025-07-31","","NRAIL","","","","","Rev Slow","Ebury Bridge RRV, Restricted parking area, allocated bays only, Access required to the British Transport Police Sation 24 hours a day. What3Words - bolt.reply.claim. Post Code - SW1W 8SL","TQ 28615 78412"
"70130663","VTB1","3.011","QU","","3.011","2200","","MAR","","527063.0","174959.0","GATE AND DIRT TRACK OFF BATTERSEA RISE","HUJ3","","","","","","","","","","","70130663","2025-07-31","","AMEC","","","","","Down Slow","Double Gate Access via South Circular Road to Track Off Battersea Rise.  What3Words - rotate.actual.slave. Post Code - SW11 1HP","TQ 27063 74959"
"70109217","VTB1","6.1188","QU","","6.1188","1100","","MAR","","529736.0","170400.0","STREATHAM COMMON HOMEBASE ","HUJ3","","","","","","","","","","","70109217","2025-07-31","","AMEC","","","","","Up Main/Fast","Streatham Common Homebase, Access out of hours, key to barrier with PWSM Vicioria.  What3Words - wipe.heap.wings. Post Code - SW16 5SF","TQ 29736 70400"
"70109223","VTB1","8.1021","QU","","8.1021","1100","","MAR","","532156.0","168381.0","THORNTON HEATH ICELAND - UP FAST","HUJ3","","","","","","","","","","","70109223","2025-07-31","","NRAIL","","","","","Up Main/Fast","Thornton Heath Iceland, B266 access to double gates to track level, access with launch pad. What3Words - maker.robot.luxury. Post Code - CR7 7RL","TQ 32156 68381"
"110153252","VTB1","9.011","QU","","9.011","2200","","MAR","","532708.0","167990.0","ZION ROAD RRV","HUJ3","","","","","","","","","","","110153252","2025-07-31","","NRAIL","","","","","Down Slow","Zion Road RRV. RRV access point at Zion Road, Access via double gate. What3Words - jazz.grants.venues. Post Code - CR7 8RG","TQ 32708 67990"
"70130694","VTB1","9.1386","QU","","9.1386","2200","","MAR","","533190.0","166994.0","GLOUCESTER RD TRIANGLE, TAIT RD, OFF GLSTR RD","HUJ3","","","","","","","","","","","70130694","2025-07-31","","AMEC","","","","","Down Slow","Tait Road off Gloucester Road. What3Words - nature.rush.market. Post Code - SE25 5PZ","TQ 33190 66994"
"70109227","VTB1","9.1472","QU","","9.1472","2200","","MAR","","533190.0","166994.0","COTTAGE JUNCTION RRV ACCESS, TAIT RD IND EST","HUJ3","","","","","","","","","","","70109227","2025-07-31","","AMEC","","","","","Down Slow","Cottage Junction RRV Access via Tait Road, Swipe cards to Tait Road barriers held by Sussex Area What3Words - nature.rush.market. Post Code - SE25 5PZ","TQ 33190 66994"
"70109195","VTB1","0.0682","QU","","0.0682","1100","","MAV","","528638.0","178464.0","VICTORIA P/WAY COMPOUND","HUJ3","","","","","","","","","","","70109195","2025-07-31","","AMEC","","","","","Up Main/Fast","Victoria P/way Compound, Access via Ebury Bridge up side P/Way compound, double gates to track level. What3Words - lobby.alive.soon. Post Code - SW1W 8SL","TQ 28638 78464"
"70109197","VTB1","0.088","QU","","0.088","1800","","MAV","","528621.0","178288.0","UP CARRIAGE SIDINGS <SIGNAL VC530>","HUJ3","","","","","","","","","","","70109197","2025-07-31","","AMEC","","","","","Up Other/Eng/Car","Up Carriage Sidings, Road access via Ebury Bridge to single gate track level. What3Words - much.ocean.error. Post Code - SW1W 8SL.  Track ID should be 1802","TQ 28621 78288"
"70109202","VTB1","2.0022","QU","","2.0022","2200","","MAV","","528104.0","176191.0","POUPARTS - DOWN SLOW","HUJ3","","","","","","","","","","","70109202","2025-07-31","","AMEC","","","","","Down Slow","Pouparts - Down Slow. Road access, concrete steps to track level. What3Words - bucks.bill.vote. Post Code - SW11 5AY","TQ 28104 76191"
"70227669","VTB1","4.0195","QU","","4.0195","2200","","MAV","","527838.0","173421.0","WANDSWORTH COMMON - DOWN SLOW","HUJ3","","","","","","","","","","","70227669","2025-07-31","","AMEC","","","","","Down Slow","Wandsworth Common, Track Access via gate via Jaggard Way onto track 2200 side.  What3Words - flies.being.much. Post Code - SW12 8SG","TQ 27838 73421"
"70109206","VTB1","4.0858","QU","","4.0858","1100","","MAV","","528307.0","173218.0","BOUNDARIES ROAD BALHAM - UP FAST","HUJ3","","","","","","","","","","","70109206","2025-07-31","","AMEC","","","","","Up Main/Fast","Boundaries Road Balham, Access via Road to single gate, up steps to track level. What3Words - bricks.recall.fault. Post Code - SW12 8EX","TQ 28307 73218"
"70130677","VTB1","6.0616","QU","","6.0616","2200","","MAV","","529568.0","170861.0","GATE - THROUGH S&T COMPOUND","HUJ3","","","","","","","","","","","70130677","2025-08-18","","AMEC","","","","","Down Slow","Gate Access through S&T Compound.  What3Words - storm.move.reduce. Post Code - SW16 6EB","TQ 29568 70861"
"70014713","VTB1","6.0836","QU","","6.0836","2200","","MAV","","529568.0","170861.0","STREATHAM COMMON RELAY ROOM - DOWN SLOW","HUJ3","","","","","","","","","","","70014713","2025-08-18","","SER","","","","","Down Slow","Streatham Common Relay Room, Access via Potters Lane to S&T depot, single gate to track level. What3Words - storm.move.reduce. Post Code - SW16 6EB","TQ 29568 70861"
"70109216","VTB1","6.1122","QU","","6.1122","1100","","MAV","","529754.0","170480.0","Woodgate Park","HUJ3","","","","","","","","","Emergency","","70109216","2024-08-22","","AMEC","","","","","Up Main/Fast","Road access to car park, single gate onto South end of platform.Risk Rating 6, Hazard Rating 2, Score 12.  WHAT3WORDS/// BEHAVE.ROCKS.SLICE.","TQ 29754 70480"
"70109222","VTB1","8.1032","QU","","8.1032","2200","","MAV","","532153.0","168468.0","DOUBLE GATE OFF PARCHMORE ROAD <B273>","HUJ3","","","","","","","","","","","70109222","2025-07-31","","AMEC","","","","","Down Slow","Thornton Heath, Access via Parchmore Road to double gates to track level, access with launch pad. What3Words - pages.racks.manage. Post Code - CR7 8GY","TQ 32153 68468"
"110188202","VTB1","9.1012","QU","","9.1012","0","","MAV","","533158.0","167592.0","Selhurst Train Depot","HUJ3","","","","","","","","","","","110188202","2024-07-26","","AMEC","","","","","All/Multiple Tracks","Access to track via Selhurst Train Depot. ~
Location of Access gate for Vehicle W3W: ///limp.first.powers~
Location of Walk way for access to track is W3W: ///either.backup.radar~
The track access walk way is comprised of GRP staging and 15 wooden steps onto another GRP staging both crossing the sidings. ~
Engagement with the sidings owners should always be sourced before use. ~
ELRs = VTB1, WCS & NFE.","TQ 33158 67592"
"70109226","VTB2","10.0014","QU","","10.0014","1100","","MAP","","532984.0","166422.0","ST JAMES ROAD BRIDGE","HUJ3","","","","","","","","","","","70109226","2025-07-31","","AMEC","","","","","Up Main/Fast","St James Road Bridge, Access via Gate down to track. What3Words - audit.stars.author. Post Code - CR0 6PA","TQ 32984 66422"
"70109230","VTB2","10.0616","QU","","10.0616","2200","","MAP","","532853.0","164503.0","SOUTH CROYDON PLATFORM 5","HUJ3","","","","","","","","","","","70109230","2025-07-31","","AMEC","","","","","Down Slow","South Croydon Platform 5, London End. Access through station. What3Words - stray.stacks.scores. Post Code - CR2 7DW","TQ 32853 64503"
"70130700","VTB2","10.066","QU","","10.066","1100","","MAP","","532829.0","164495.0","SOUTH CROYDON PLATFORM 1","HUJ3","","","","","","","","","","","70130700","2025-07-31","","AMEC","","","","","Up Main/Fast","South Croydon Platform 1, London End.  What3Words - parts.tour.roof. Post Code - CR2 7FB","TQ 32829 64495"
"70130699","VTB2","10.066","QU","","10.066","2100","","MAP","","532825.0","165832.0","ACCESS TO DOWN SIDE, OFF GPO DOCK COUNTRY END","HUJ3","","","","","","","","","","","70130699","2025-07-31","","AMEC","","","","","Down Main/Fast","Access to down side, off GPO dock via Billinton Hill, country end. What3Words - arena.levels.topic. Post Code - CR0 6BT","TQ 32825 65832"
"70109231","VTB2","10.071","QU","","10.071","2200","","MAP","","532864.0","165768.0","EAST CROYDON PLATFORM 6","HUJ3","","","","","","","","","","","70109231","2025-07-31","","AMEC","","","","","Down Slow","East Croydon Platform 6, Country End, Access via Station. What3Words - income.train.join. Post Code - CR0 6BT","TQ 32864 65768"
"70109232","VTB2","10.0968","QU","","10.0968","1100","","MAP","","532840.0","165549.0","EAST CROYDON SUPER LOC./ T.P. HUT - UP FAST","HUJ3","","","","","","","","","","","70109232","2025-07-31","","AMEC","","","","","Up Main/Fast","East Croydon Super Loc./ T.P. Hut, Access through Croydon College, via Double Gate. What3Words - landed.votes.orders. Post Code - CR0 5LA","TQ 32840 65549"
"70109234","VTB2","11.0572","QU","","11.0572","2100","","MAP","","532835.0","164334.0","SOUTH CROYDON PLATFORM 2","HUJ3","","","","","","","","","","","70109234","2025-07-31","","AMEC","","","","","Down Main/Fast","South Croydon Platform 2, Country End. What3Words - stack.arch.pitch. Post Code - CR2 7FB","TQ 32835 64334"
"70109236","VTB2","11.1254","QU","","11.1254","2200","","MAP","","532839.0","163690.0","SELSDON ROAD BRIDGE - DOWN SLOW","HUJ3","","","","","","","","","","","70109236","2025-07-31","","AMEC","","","","","Down Slow","Selsdon Road Bridge, Access to single gate by bridge, steps up concrete steps to track level. What3Words - player.pops.feel. Post Code - CR2 6PT","TQ 32839 63690"
"70109237","VTB2","12.0308","QU","","12.0308","1100","","MAP","","532681.0","162957.0","SANDERSTEAD ROAD BRIDGE - UP FAST","HUJ3","","","","","","","","","","","70109237","2025-07-31","","AMEC","","","","","Up Main/Fast","Sanderstead Road Bridge, Access next to Purley Oaks Park, Single gate up concrete steps to track level 1100 side. What3Words - wool.wiping.fills. Post Code - CR2 0FA","TQ 32681 62957"
"110171051","VTB2","12.0335","QU","","12.0335","2200","","MAP","","532705.0","162938.0","SANDERSTEAD ROAD BRIDGE - DOWN SLOW","HUJ3","","","","","","","","","","","110171051","2025-07-31","","NRAIL","","","","","Down Slow","Sanderstead Road Bridge, Access via Steps via Sanderstead Road, Concrete steps up to track level on 2200 side. What3Words - scales.groom.blend. Post Code - CR2 0FN","TQ 32705 62938"
"70130509","VTB2","12.077","QU","","12.077","0","","MAP","","532494.0","162591.0","Purley Oaks Stn.","HUJ3","","","","","","","","","AC","","70130509","2015-05-19","","AMEC","","","","","All/Multiple Tracks","Risk Rating 6, Hazard Rating 2, Score 12, Steps",""
"70109240","VTB2","13.0638","QU","","13.0638","2500","","MAP","","531442.0","161449.0","PURLEY PLATFORM 6","HUJ3","","","","","","","","","","","70109240","2025-07-31","","AMEC","","","","","Down Loop","Purley Platform 6, Country End. What3Words - loss.harp.bounty. Post Code - CR8 2AL","TQ 31442 61449"
"70109242","VTB2","13.1716","QU","","13.1716","1100","","MAP","","530871.0","160755.0","REEDHAM / STOATS NEST JUNCTION","HUJ3","","","","","","","","","","","70109242","2025-07-31","","AMEC","","","","","Up Main/Fast","Reedham / Stoats Nest Junction, Access via gates with Steps Up to track. What3Words - free.monkey.window. Post Code - CR8 4BS","TQ 30871 60755"
"70130510","VTB2","14.011","QU","","14.011","2100","","MAP","","530816.0","160636.0","OLD LODGE LANE","HUJ3","","","","","","","","","","","70130510","2025-07-31","","AMEC","","","","","Down Main/Fast","Old Lodge Lane, Access to track via steps up through gate. What3Words - grin.times.roof. Post Code - CR8 4DG","TQ 30816 60636"
"110188441","VTB2","14.011","QU","","14.011","2100","","MAP","","530797.0","160632.0","Old Lodge Lane","HUJ3","","","","","","","","","AC","","110188441","2024-08-22","","NRAIL","","","","","Down Main/Fast","WHAT3WORDS/// BECOME.DARKER.DENT.","TQ 30797 60632"
"110179952","VTB2","14.088","QU","","14.088","1100","","MAP","","530479.0","160182.0","STOATS NEST RELAY ROOM ACCESS","HUJ3","","","","","","","","","","","110179952","2025-07-31","","NRAIL","","","","","Up Main/Fast","Stoats Nest Relay Room Access through double gate. What3Words - region.villa.thigh. Post Code - CR5 2JG","TQ 30478 60182"
"70130511","VTB2","14.1452","QU","","14.1452","1100","","MAP","","530098.0","159597.0","STOATS NEST & QUARRY TNL.","HUJ3","","","","","","","","","","","70130511","2025-07-31","","AMEC","","","","","Up Main/Fast","Stoats Nest & Quarry Tnl Footpath. What3Words - modest.mercy.peanut. Post Code - CR5 2DZ","TQ 30098 59597"
"110147229","VTB2","14.1738","QU","","14.1738","2100","","MAP","","529878.0","159177.0","COULSDON NORTH SUBSTATION","HUJ3","","","","","","","","","","","110147229","2025-07-31","","NRAIL","","","","","Down Main/Fast","Coulsdon North Substation, Access to Substation is via Marpitt Lane. What3Words - agrees.expect.fence. Post Code - CR5 1DT","TQ 29878 59177"
"70109245","VTB2","15.0176","QU","","15.0176","2100","","MAP","","529857.0","159152.0","BRIGHTON NO 1 BRIDGE COULSDON NORTH T.P.H","HUJ3","","","","","","","","","","","70109245","2025-07-31","","AMEC","","","","","Down Main/Fast","Brighton Road Bridge Coulsdon North T.P.H, Access via A237 via single gate concrete steps to track level. What3Words - video.comet.salon. Post Code - CR5 1DT","TQ 29857 59152"
"70130213","VTB2","15.0726","QU","","15.0726","2100","","MAP","","529641.0","158774.0","BRIGHTON ROAD COULSDON NO. 2 BRIDGE.","HUJ3","","","","","","","","","","","70130213","2025-07-31","","AMEC","","","","","Down Main/Fast","Brighton Road Coulsdon No. 2 Bridge, Steps up to track. What3Words - taps.invest.grace. Post Code - CR5 1AG","TQ 29641 58774"
"70109248","VTB2","15.1562","QU","","15.1562","1100","","MAP","","529326.0","158082.0","WOODPLACE LANE - UP FAST QUARRY","HUJ3","","","","","","","","","","","70109248","2025-07-31","","AMEC","","","","","Up Main/Fast","Woodplace Lane, Quarry, Access to single gate, concrete steps UP to track level. What3Words - kings.scam.rarely. Post Code - CR5 1AT","TQ 29326 58082"
"70109249","VTB2","16.0902","QU","","16.0902","1100","","MAP","","528961.0","157172.0","STAR LANE SUBSTATION - UP FAST QUARRY","HUJ3","","","","","","","","","","","70109249","2025-07-31","","AMEC","","","","","Up Main/Fast","Brighton Road Substation, Quarry, Access adjacent to dual carriageway to single gate, Slope and steps down to track level. What3Words - dragon.late.boot. Post Code - CR5 3EB","TQ 28961 57172"
"70109049","VTB2","16.099","QU","","16.099","1100","","MAP","","528961.0","157172.0","STAR LANE SUBSTATION","HUJ3","","","","","","","","","","","70109049","2025-07-31","","NRAIL","","","","","Up Main/Fast","Star Substation, Access to S/S is via Brighton Rd A23. What3Words - title.loving.steer. Post Code - CR5 3EB","TQ 28961 57172"
"70130216","VTB2","16.1254","QU","","16.1254","2100","","MAP","","528973.0","156809.0","Star Bridge/Pretty Lane Hooley","HUJ3","","","","","","","","","AC","","70130216","2024-08-22","","AMEC","","","","","Down Main/Fast","Risk Rating 6, Hazard Rating 2, Score 12, 42 Steps Dn.  WHAT3WORDS/// VALID.ZIPS.DWELL.","TQ 28973 56809"
"70109252","VTB2","17.055","QU","","17.055","1100","","MAP","","528856.0","155837.0","QUARRY TNL MOUTH NORTH END B.R.T. RADIO MAST","HUJ3","","","","","","","","","","","70109252","2025-07-31","","AMEC","","","","","Up Main/Fast","Quarry Tunnel Mouth North End B.R.T. Radio Mast. What3Words - music.earth.minute. Post Code - RH1 3AL","TQ 28856 55837"
"70130219","VTB2","18.121","QU","","18.121","2100","","MAP","","529339.0","153672.0","ROCKSHAW ROAD, MERSTHAM","HUJ3","","","","","","","","","","","70130219","2025-07-31","","AMEC","","","","","Down Main/Fast","Rockshaw Road, Merstham, Steps down to track 2100 side. What3Words - brain.belts.luxury. Post Code - RH1 3BZ","TQ 29339 53672"
"70109255","VTB2","19.0242","QU","","19.0242","1100","","MAP","","529126.0","152966.0","BLETCHINGLY ROAD BRIDGE - UP FAST QUARRY","HUJ3","","","","","","","","","","","70109255","2025-07-31","","AMEC","","","","","Up Main/Fast","Bletchingly Road Bridge, Quarry, Access to single gate, concrete steps to track level. What3Words - acute.secure.worth. Post Code - RH1 3PH","TQ 29126 52966"
"70109256","VTB2","19.0396","QU","","19.0396","2100","","MAP","","529096.0","152808.0","NUTFIELD ROAD BRIDGE - DOWN FAST QUARRY","HUJ3","","","","","","","","","","","70109256","2025-07-31","","AMEC","","","","","Down Main/Fast","Nutfield Road Bridge, Quarry, Access via Nutfield Lane to single gate. What3Words - priced.frog.sharp. Post Code - RH1 3EL","TQ 29096 52808"
"70130223","VTB2","19.0572","QU","","19.0572","2100","","MAP","","528496.0","151557.0","HOLMETHORPE, REDHILL","HUJ3","","","","","","","","","","","70130223","2025-07-31","","AMEC","","","","","Down Main/Fast","Holmethorpe Avenue over track Footpath leading to Frenches Road, Redhill. What3Words - lance.bits.cabin. Post Code - RH1 2FR","TQ 28496 51557"
"70109257","VTB2","19.1557","QU","","19.1557","2100","","MAP","","528889.0","151829.0","Towers Bridge / Canalside","HUJ4","","","","","","","","","AC","","70109257","2015-05-19","","NRAIL","","","","","Down Main/Fast","Road access via industrial estate to single gate, up concrete steps to track level. Mileage to be checked for accuracy. Risk Rating 3, Hazard Rating 2, Score 6, 44 Steps Up - No lighting - No third party permission","TQ 28900 51800"
"70109258","VTB2","20.1287","QU","","20.1287","1100","","MAP","","528476.0","150555.0","Redhill Sand Tunnel L/End","HUJ4","","","","","","","","","","","70109258","2018-10-30","","NRAIL","","","","","Up Main/Fast","Foot access via Cavendish Road to single gate. down concrete steps to track level. Road access via Hooley Lane to single gate to track level. Risk Rating 3, Hazard Rating 3, Score 9, 40 Steps Dn - Street lighting only - No third party permission","TQ 28476 50555"
"70130221","VTB2","20.165","QU","","20.165","1100","","MAP","","528267.0","150286.0","Hillfield Road, Merstham","HUJ4","","","","","","","","","AC","","70130221","2023-03-09","","AMEC","","","","","Up Main/Fast","Risk Rating 3, Hazard Rating 2, Score 6.  WHAT3WORDS// ICONS.BEND.ADVICE.","TQ 28267 50286"
"110149368","VTB2","21.0296","QU","","21.0296","2100","","MAP","","528043.0","149991.0","REDHILL SAND TUNNEL C/END","HUJ4","","","","","","","","","","","110149368","2025-07-31","","NRAIL","","","","","Down Main/Fast","Redhill Sand Tunnel C/End, Access via Rydons Way. What3Words - artist.lies.deals. Post Code - RH1 6ES","TQ 28043 49989"
"110149532","VTB2","21.0297","QU","","21.0297","2100","","MAP","","528038.0","49993.0","C/END REDHILL SAND TUNNEL <DN>","HUJ4","","","","","","","","","","","110149532","2025-07-31","","NRAIL","","","","","Down Main/Fast","c/end Redhill Sand Tunnel, Access via Rydons Way. What3Words - artist.lies.deals. Post Code - RH1 6ES","TQ 28043 49989"
"70109229","VTB2","10.0396","QU","","10.0396","1900","","MAR","","532773.0","166027.0","EAST CROYDON RELAY ROOM","HUJ3","","","","","","","","","","","70109229","2025-07-31","","AMEC","","","","","Up Siding","East Croydon Relay Room, Access via Lansdowne Road to S&T compound. What3Words - finely.ozone.over. Post Code - CR0 2BE.  Track ID should be 1902","TQ 32773 66027"
"70109233","VTB2","11.0238","QU","","11.0238","1100","","MAR","","532826.0","164589.0","SOUTH CROYDON STATION RRV","HUJ3","","","","","","","","","","","70109233","2025-07-31","","NRAIL","","","","","Up Main/Fast","South Croydon Station RRV, Access via double gates North end of car park, to track level, rail access with Launch Pad. What3Words - final.crown.spot. Post Code - CR2 7DX","TQ 32826 64589"
"70109235","VTB2","11.0946","QU","","11.0946","2200","","MAR","","532871.0","163982.0","SUSSEX ROAD BRIDGE OLD SIGNAL BOX & RELAY RM","HUJ3","","","","","","","","","","","70109235","2025-07-31","","AMEC","","","","","Down Slow","Sussex Road Bridge Old Signal Box & Relay Room, Access via double gate, Road up to Track level. What3Words - sleep.tend.photo. Post Code - CR2 7DQ","TQ 32871 63982"
"70109238","VTB2","13.0242","QU","","13.0242","2900","","MAR","","531498.0","161484.0","PURLEY SUPER LOC. - DOWN SIDINGS","HUJ3","","","","","","","","","","","70109238","2025-07-31","","AMEC","","","","","Down Siding","Purley Super Loc, Access to Purley sidings at track level 2100. What3Words - face.quit.hush. Post Code - CR8 2AL","TQ 31498 61484"
"110155478","VTB2","14.1254","QU","","14.1254","1100","","MAR","","530170.0","159729.0","COULSDON TOWN / SMITHAM STN","HUJ3","","","","","","","","","","","110155478","2025-07-31","","NRAIL","","","","","Up Main/Fast","Coulsdon Town / Smitham Stn, Access via Farthing Way via Gate to track side 1100. What3Words - riders.allows.salt. Post Code - CR5 2DZ","TQ 30170 59729"
"70109254","VTB2","18.1496","QU","","18.1496","1100","","MAR","","529268.0","153327.0","MERSTHAM QUARRY LINES - UP FAST QUARRY","HUJ3","","","","","","","","","","","70109254","2025-07-31","","AMEC","","","","","Up Main/Fast","Merstham Quarry Lines, Access via Malmstone Avenue & Brook Road to double gates, rail access with launch pad. What3Words - rift.plants.vouch. Post Code - RH1 3EJ","TQ 29268 53327"
"70109228","VTB2","10.0264","QU","","10.0264","1100","","MAV","","532902.0","166192.0","EAST CROYDON NORTH END & SIDINGS - UP FAST","HUJ3","","","","","","","","","","","70109228","2025-07-31","","AMEC","","","","","Up Main/Fast","East Croydon North End Sidings, Access via Lansdowne Road through double gate, past old signal box to sidings at track level. What3Words - wacky.helps.tins. Post Code - CR0 6TA","TQ 32902 66192"
"70014714","VTB2","10.0726","QU","","10.0726","1100","","MAV","","532800.0","165856.0","EAST CROYDON STATION SOUTH END FAST LINES","HUJ3","","","","","","","","","","","70014714","2025-07-31","","AMEC","","","","","Up Main/Fast","East Croydon Station South End Fast Lines, Access via Landsdowne Road, double gates to car park to track level. What3Words - master.outer.burn. Post Code - CR0 2WF","TQ 32800 65856"
"70109239","VTB2","13.044","QU","","13.044","2200","","MAV","","531498.0","161484.0","PURLEY YARD - DOWN SLOW","HUJ3","","","","","","","","","","","70109239","2025-07-31","","AMEC","","","","","Down Slow","Purley Yard, Access to Purley sidings at track level 2100 side via Approach Road. What3Words - face.quit.hush. Post Code - CR8 2AL","TQ 31498 61484"
"70130822","VTB2","14.088","QU","","14.088","2100","","MAV","","530440.0","160027.0","STOATS NEST (REEDHAM SIDINGS)","HUJ3","","","","","","","","","","","70130822","2025-07-31","","AMEC","","","","","Down Main/Fast","Stoats Nest Road, Reedham Sidings, Level Vehicular Access through Double Gates. What3Words - drank.voter.square. Post Code - CR5 2JD","TQ 30440 60027"
"70109243","VTB2","14.1584","QU","","14.1584","1100","","MAV","","530038.0","159494.0","COULSDON NORTH - UP FAST QUARRY","HUJ3","","","","","","","","","","","70109243","2025-07-31","","AMEC","","","","","Up Main/Fast","Coulsdon North, Quarry, Access point under construction next to A23 via gate. What3Words - happen.shadow.frogs. Post Code - CR5 2AR","TQ 30038 59494"
"70130513","VTB2","18.1606","QU","","18.1606","1100","","MAV","","529268.0","153327.0","QUARRY TUNNEL & SAND TUNNEL","HUJ3","","","","","","","","","","","70130513","2025-07-31","","AMEC","","","","","Up Main/Fast","Quarry Tunnel Access via Malmstone Avenue & Brook Road to single gate to Station. What3Words - shaky.fresh.stow. Post Code - RH1 3EJ","TQ 29268 53327"
"110188439","VTB2","18.1606","QU","","18.1606","1100","","MAV","","529249.0","153322.0","Quarry Tunnel & Sand Tunnel","HUJ3","","","","","","","","","AC","","110188439","2024-08-22","","AMEC","","","","","Up Main/Fast","Risk Rating 6, Hazard Rating 2, Score 12.  Brook Road.  WHAT3WORDS/// STONE.BESIDE.PUBLIC.","TQ 29247 53324"
"70130222","VTB2","19.0396","QU","","19.0396","1100","","MAV","","529096.0","152848.0","School Hill, Merstham","HUJ3","","","","","","","","","AC","","70130222","2024-08-22","","AMEC","","","","","Up Main/Fast","Risk Rating 6, Hazard Rating 2, Score 12.  WHAT3WORDS/// PRECAUTIONS.RISE.UNITY.","TQ 29096 52848"
"70130228","VTB3","21.0638","QU","","21.0638","1100","","MAP","","527867.0","149679.0","Hooley Lane, Up Side","HUJ4","","","","","","","","","AC","","70130228","2024-08-22","","NRAIL","","","","","Up Main/Fast","Hooley Lane, Up Side, Access via Double gate. What3Words -RANGE.SHUNTS.PULLED.","TQ 27867 49679"
"70130227","VTB3","21.0655","QU","","21.0655","2100","","MAP","","527863.0","149599.0","Hooley Lane, Redhill <Relay Room>","HUJ4","","","","","","","","","AC","","70130227","2024-06-09","","NRAIL","","","","","Down Main/Fast","Hooley Lane, Down Side, Access via Double gate. What3Words - chose.noise.broom","TQ 27912 49710"
"70130229","VTB3","21.1067","QU","","21.1067","2100","","MAP","","527837.0","149178.0","Station Approach, Earlswood","HUJ4","","","","","","","","","AC","","70130229","2024-06-09","","NRAIL","","","","","Down Main/Fast","Station Approach, Earlswood Road, Access via Station Approach. What3Words - lakes.oval.purely","TQ 27800 49200"
"70109262","VTB3","21.1611","QU","","21.1611","2100","","MAP","","527870.0","148736.0","Asylum Arch Bridge<One Arch> - Down Fast Line","HUJ4","","","","","","","","","AC","","70109262","2024-06-09","","NRAIL","","","","","Down Main/Fast","Asylum Arch Bridge, Access via Horley Road to single gate, Steps down to track level. What3Words - teams.host.income","TQ 27852 48727"
"110149533","VTB3","22.0528","QU","","22.0528","1200","","MAP","","528018.0","148105.0","Three Arches Bridge","HUJ4","","","","","","","","","","","110149533","2024-06-09","","NRAIL","","","","","Up Slow","Three Arches Bridge, Access via Three Arches Road, Access to track via gate and steps up to track level. What3Words - radar.mugs.echo","TQ 28018 48105"
"70109263","VTB3","22.055","QU","","22.055","2100","","MAP","","528041.0","148133.0","3 Arch Bridge - Down Fast","HUJ4","","","","","","","","","AC","","70109263","2024-06-09","","NRAIL","","","","","Down Main/Fast","Three Arch Bridge, Access via Three Arch road to single gate. , Steps Up to track level on Down Fast Side. What3Words - harder.fires.thick","TQ 28100 48100"
"70109264","VTB3","22.055","QU","","22.055","1200","","MAP","","528041.0","148133.0","3 Arch Bridge - Up Slow","HUJ4","","","","","","","","","AC","","70109264","2024-06-09","","NRAIL","","","","","Up Slow","Three Arch Bridge, Access via Three Arch road to single gate. , Steps Up to track level on Up slow Side. What3Words - harder.fires.thick","TQ 28100 48100"
"110149497","VTB3","22.1199","QU","","22.1199","2100","","MAP","","528268.0","147550.0","Spencer Way","HUJ4","","","","","","","","","","","110149497","2024-06-09","","NRAIL","","","","","Down Main/Fast","Spencer Way, Access via Spencer Way, through pathway to track side 2100. What3Words - flats.notice.spoke","TQ 28270 47517"
"70261283","VTB3","23.0545","QU","","23.0545","1200","","MAP","","528444.0","146547.0","Honeycrock Lane, Salfords","HUJ4","","","","","","","","","","","70261283","2024-06-09","","NRAIL","","","","","Up Slow","Honeycrock Lane, Salfords, Access via gate to steps up to track level on 1200 side. What3Words - twigs.calms.blows","TQ 28444 46547"
"110178794","VTB3","23.0775","QU","","23.0775","2200","","MAP","","528519.0","146349.0","2262 - Salfords Station Reb","HUJ4","","","","","","","","","PEDESTRIAN","","110178794","2024-06-09","","NRAIL","","","","","Down Slow","Salfords Substation REB. What3Words - chair.waddled.eagle","TQ 28519 46348"
"110150491","VTB3","23.0781","QU","","23.0781","2100","","MAP","","528504.0","146322.0","Salfords Station Footbridge","HUJ4","","","","","","","","","","","110150491","2024-06-09","","NRAIL","","","","","Down Main/Fast","Salfords Station Footbridge. What3Words - good.hatch.types","TQ 28519 46348"
"110147240","VTB3","23.0965","QU","","23.0965","1200","","MAP","","528467.0","146548.0","Substation Access - Salfords","HUJ4","","","","","","","","","","","110147240","2024-06-09","","NRAIL","","","","","Up Slow","Substation, Access via Gate through Salfords Station car park. What3Words - loses.making.vibrate","TQ 28502 46168"
"70130232","VTB3","24.0275","QU","","24.0275","1200","","MAP","","528614.0","145169.0","Crossoak Lane, Salfords","HUJ4","","","","","","","","","AC","","70130232","2024-06-09","","NRAIL","","","","","Up Slow","Crossoak Lane, Salfords, Access via Cross Oak Lane, Steps up to track level on 1200 side. What3Words - supporter.float.slower","TQ 28600 45200"
"110150071","VTB3","24.1528","QU","","24.1528","1200","","MAP","","528642.0","144063.0","Ladbroke Road, Horley","HUJ4","","","","","","","","","","","110150071","2024-06-09","","NRAIL","","","","","Up Slow","Temporary Closed until the renewal works have been completed. Access via Ladbroke Road, Horley - No lighting.","TQ 28632 44053"
"110149375","VTB3","25.0781","QU","","25.0781","1200","","MAP","","528664.0","143130.0","Horley","HUJ4","","","","","","","","","","","110149375","2024-06-09","","NRAIL","","","","","Up Slow","Access to track via Station Approach, Track side 2100. What3Words - paint.formal.reduce","TQ 28645 43114"
"110178795","VTB3","26.0498","QU","","26.0498","1902","","MAP","","528678.0","141765.0","2263 - Gatwick Airport Reb","HUJ4","","","","","","","","","PEDESTRIAN","","110178795","2024-06-09","","NRAIL","","","","","","Gatwick Airport REB. What3Words - park.than.forest","TQ 28681 41702"
"70014717","VTB3","26.0736","QU","","26.0736","1200","","MAP","","528691.0","141573.0","Gatwick Upside Car Park / Relay Room","HUJ4","","","","","","","","","","","70014717","2024-06-09","","NRAIL","","","","","Up Slow","Gatwick Upside Car park / Relay Room, Access via A23 Southbound gate to track level. What3Words - thing.occupy.bench","TQ 28691 41573"
"70014719","VTB3","26.1293","QU","","26.1293","1200","","MAP","","528687.0","141056.0","Flight Path Cycle Way","HUJ4","","","","","","","","","","","70014719","2024-06-09","","NRAIL","","","","","Up Slow","Flight Path Cycle Way, Access via Flightpath cycle way via city flyer barriers gates and steps to track level. What3Words - anyway.photo.rats","TQ 28687 41056"
"110149499","VTB3","26.17","QU","","26.17","1200","","MAP","","528692.0","140688.0","Flight Path Cycle Way","HUJ4","","","","","","","","","","","110149499","2024-06-09","","NRAIL","","","","","Up Slow","Flight Path Cycle Way, Access via Flight Path Cycle Way, Access to track via gate and steps. What3Words - bleak.causes.couches","TQ 28692 40688"
"110149535","VTB3","27.0176","QU","","27.0176","1200","","MAP","","528696.0","140480.0","Flight Path Road","HUJ4","","","","","","","","","","","110149535","2024-06-09","","NRAIL","","","","","Up Slow","Flight Path Road, Access via Flight Path Cycle Way, Access via steps up to track. What3Words - pinch.focal.dozed","TQ 28696 40480"
"70199100","VTB3","27.029","QU","","27.029","1200","","MAP","","528700.0","140380.0","Brook Hut - Up Slow","HUJ4","","","","","","","","","","","70199100","2024-06-09","","NRAIL","","","","","Up Slow","Brook Hut, Access via Steps Up to track level, Access via Flight Path Cycle Way. What3Words - gift.panic.curry","TQ 28700 40380"
"70199110","VTB3","27.0858","QU","","27.0858","1200","","MAP","","528747.0","139849.0","Tinsley Green Gatwick","HUJ4","","","","","","","","","AC","","70199110","2024-06-09","","NRAIL","","","","","Up Slow","Tinsley Green Gatwick, Access via Beehive Ring Road, Access via Double gate to track level. What3Words - royal.comet.basket","TQ 28700 39800"
"70130240","VTB3","27.1232","QU","","27.1232","1200","","MAP","","528746.0","139501.0","Tinsley Lane North","HUJ4","","","","","","","","","","","70130240","2024-06-09","","NRAIL","","","","","Up Slow","Tinsley Lane North, Access via Tinsley Lane North. What3Words - radio.grapes.bend","TQ 28746 39501"
"70130241","VTB3","28.1285","QU","","28.1285","2100","","MAP","","528817.0","137846.0","St Marys Drive, Three Bridges","HUJ4","","","","","","","","","","","70130241","2024-06-09","","NRAIL","","","","","Down Main/Fast","St Marys Drive, Three Bridges, Access via Steps Up to track level 1200 side. What3Words - influencing.bounty.deputy","TQ 28789 37820"
"70119520","VTB3","29.0627","QU","","29.0627","1801","","MAP","","528774.0","136868.0","3 Bridges Upside Car Park -  Back Road","HUJ4","","","","","","","","","","","70119520","2024-06-09","","NRAIL","","","","","","Three Bridges Upside Car park, Access via Williams Way. What3Words - manual.sorters.shops","TQ 28725 36842"
"110149380","VTB3","29.0682","QU","","29.0682","2100","","MAP","","528839.0","136780.0","Three Bridges Yard Car Park","HUJ4","","","","","","","","","","","110149380","2024-06-09","","NRAIL","","","","","Down Main/Fast","Three Bridges Yard Car Park, Access via Three Bridges Depot, Off Billinton Drive. What3Words - stared.emerge.table","TQ 28839 36780"
"110147242","VTB3","29.0812","QU","","29.0812","1900","","MAP","","528794.0","136656.0","Substation Access - Three Bridges","HUJ4","","","","","","","","","","","110147242","2024-06-09","","NRAIL","","","","","Up Siding","Substation, Access to Substation via steps up to track. What3Words - lower.alien.laying","TQ 28794 36656"
"70200251","VTB3","30.0154","QU","","30.0154","1200","","MAP","","528831.0","135666.0","Maidenbower Lane Bridge - Up Slow","HUJ4","","","","","","","","","","","70200251","2024-06-09","","NRAIL","","","","","Up Slow","Maidenbower Lane Bridge, Access via Marion Road, single gate and Steps Up to track level on 1200 side. What3Words - react.waddled.money","TQ 28831 35666"
"110149471","VTB3","30.0721","QU","","30.0721","2100","","MAP","","528891.0","135151.0","Goddard Close / Humphries Farm","HUJ4","","","","","","","","","","","110149471","2024-06-09","","NRAIL","","","","","Down Main/Fast","Goddard Close, Access via Steps Up to track. What3Words - clip.horns.prefer","TQ 28891 35151"
"110150072","VTB3","30.0825","QU","","30.0825","2100","","MAP","","528882.0","135039.0","Holder Road, Maidenbower","HUJ4","","","","","","","","","","","110150072","2024-06-09","","NRAIL","","","","","Down Main/Fast","Holder Road, Access via steps down to track, 5 chains away via Goddard Close. What3Words - nasal.unable.stem","TQ 28882 35039"
"110170953","VTB3","32.1188","QU","","32.1188","1100","","MAP","","529640.0","131662.0","Balcombe Tunnel C/End","HUJ4","","","","","","","","","","","110170953","2024-06-09","","NRAIL","","","","","Up Main/Fast","BALCOMBE TUNNEL C/END. What3Words - posed.breath.refilled","TQ 29640 31662"
"70231180","VTB3","33.0506","QU","","33.0506","2100","","MAP","","530311.0","130930.0","Coopers Corner/Redbridge","HUJ4","","","","","","","","","","","70231180","2024-06-09","","NRAIL","","","","","Down Main/Fast","Coopers Corner, Access via Redbridge Lane. What3Words - sulk.somewhere.drain","TQ 30288 30938"
"70130067","VTB3","33.0521","QU","","33.0521","1100","","MAP","","530307.0","130961.0","Coopers Corner / Red Bridge","HUJ4","","","","","","","","","","","70130067","2024-06-09","","NRAIL","","","","","Up Main/Fast","Coopers Corner, Access via Redbridge Lane single gate, Steps down to track. What3Words - edgy.combines.recorders","TQ 30307 30961"
"110152102","VTB3","33.0814","QU","","33.0814","1100","","MAP","","530500.0","130700.0","Westup Road Bridge Upside Access Point","HUJ4","","","","","","","","","","","110152102","2024-06-09","","NRAIL","","","","","Up Main/Fast","Westup Road Bridge, Upside Access point, access via steps down to track level. What3Words - yard.directive.jaunts","TQ 30458 30691"
"110152103","VTB3","33.0814","QU","","33.0814","2100","","MAP","","530447.0","130702.0","Westup Road Bridge Dn Side Access Point","HUJ4","","","","","","","","","","","110152103","2024-06-09","","NRAIL","","","","","Down Main/Fast","Westup Road Bridge, Downside Access point, access via steps down to track level. What3Words - yard.directive.jaunts","TQ 30458 30691"
"110149756","VTB3","33.1403","QU","","33.1403","1100","","MAP","","530648.0","131057.0","BALCOMBE PLAT 1","HUJ4","","","","","","","","","","","110149756","2022-07-22","","","","","","","Up Main/Fast","Access through station, possible presence of catle grids and.or slope, station lighting.","TQ 30742 29884"
"110147245","VTB3","34.1489","QU","","34.1489","2100","","MAP","","532131.0","128189.0","Sub Station Access Only - Ouse Valley","HUJ4","","","","","","","","","","","110147245","2024-06-09","","NRAIL","","","","","Down Main/Fast","SubStation, Access via Borede Hill Lane, Access via steps down to tack level. What3Words - standard.tinny.global","TQ 32157 28188"
"70130069","VTB3","35.0653","QU","","35.0653","2100","","MAP","","532152.0","128187.0","Haburn Bridge - Down Main","HUJ4","","","","","","","","","","","70130069","2024-06-09","","NRAIL","","","","","Down Main/Fast","Haburn Bridge, Down Main, Access via Borde Hill Lane to single gate and steps to track level. What3Words - officers.thrashed.hunter","TQ 32157 28188"
"70130491","VTB3","35.1677","QU","","35.1677","2100","","MAP","","532565.0","127358.0","Skew Bridge","HUJ4","","","","","","","","","","","70130491","2024-06-09","","NRAIL","","","","","Down Main/Fast","Skew Bridge, Access via Borde Hill Lane, Steps up to tack level on 2100 side. What3Words - bribing.relegate.perfectly","TQ 32565 27358"
"70130072","VTB3","36.0746","QU","","36.0746","1100","","MAP","","532755.0","126628.0","Copyhold Junction","HUJ4","","","","","","","","","","","70130072","2024-06-09","","NRAIL","","","","","Up Main/Fast","Copyhold Lane Bridge, Access via steps down to track level on 1100. What3Words - scratches.kindness.hitters","TQ 32755 26628"
"110150073","VTB3","36.077","QU","","36.077","2100","","MAP","","530031.0","131227.0","Copyhold Junction","HUJ4","","","","","","","","","","","110150073","2024-06-09","","NRAIL","","","","","Down Main/Fast","Copyhold Lane Bridge, Access via steps down to track level on 3300. What3Words - demand.goofy.fury","TQ 32802 26622"
"70130073","VTB3","37.0346","QU","","37.0346","2100","","MAP","","533109.0","125437.0","Old Wickham Lane","HUJ4","","","","","","","","","","","70130073","2024-06-09","","NRAIL","","","","","Down Main/Fast","Old Wickham Lane, Access via steps down to track level on 3201 side. What3Words - hindering.walkway.pony","TQ 33109 25437"
"70264692","VTB3","37.1122","QU","","37.1122","1901","","MAP","","533045.0","124648.0","Haywards Heath Dock","HUJ4","","","","","","","","","","","70264692","2024-06-09","","NRAIL","","","","","","Haywards Heath Dock Access via Bannister Way. What3Words - birds.delivers.revamped","TQ 33039 24729"
"70231182","VTB3","37.1266","QU","","37.1266","2801","","MAP","","533035.0","124599.0","Haywards Heath Station Car Park Downside","HUJ4","","","","","","","","","","","70231182","2024-06-09","","NRAIL","","","","","","Haywards Heath Station Car Park, Access via Double gate access to track on Downside. What3Words - gossiping.metals.thus","TQ 32999 24324"
"70264693","VTB3","37.1441","QU","","37.1441","1200","","MAP","","532984.0","124470.0","Haywards Heath Substation","HUJ4","","","","","","","","","","","70264693","2024-06-09","","NRAIL","","","","","Up Slow","Haywards Heath Substation, Access to Substation via Market Place and double gate access. What3Words - test.reduction.isolating","TQ 32984 24470"
"70231513","VTB3","38.1175","QU","","38.1175","1100","","MAP","","532702.0","123104.0","Ashenground Road Ob150","HUJ4","","","","","","","","","","","70231513","2025-06-06","","NRAIL","","","","","Up Main/Fast","Ashenground Road, Access via Steps down to track level on 1100 side. What3Words - option.fallen.vent","TQ 32702 23104"
"70231514","VTB3","39.1111","QU","","39.1111","1100","","MAP","","532390.0","121551.0","Rocky Lane","HUJ4","","","","","","","","","","","70231514","2024-06-09","","NRAIL","","","","","Up Main/Fast","Rocky Lane, Access via Steps Up to track on 1100 side. What3Words - human.foal.fence","TQ 32390 21551"
"110180493","VTB3","40.0308","QU","","40.0308","1100","","MAP","","532200.0","120700.0","Bedelands Crossing","HUJ4","","","","","","","","","","","110180493","2024-06-09","","NRAIL","","","","","Up Main/Fast","Bedelands Crossing. What3Words - damp.shop.spill","TQ 32200 20700"
"70261288","VTB3","40.0748","QU","","40.0748","2100","","MAP","","532137.0","120303.0","LUCY'S BRIDGE","HUJ4","","","","","","","","","","","70261288","2025-07-31","","AMEC","","","","","Down Main/Fast","Lucy's Bridge. What3Words - export.planet.oven. Post Code - RH15 8PF","TQ 32137 20303"
"70130248","VTB3","40.1485","QU","","40.1485","2100","","MAP","","531927.0","119629.0","Junction Road, Burgess Hill","HUJ4","","","","","","","","","AC","","70130248","2024-06-09","","NRAIL","","","","","Down Main/Fast","Foot Access off Junction Road, Steps Down to track level on 2100 side. What3Words - dent.bulb.adjust","TQ 31956 19636"
"70130249","VTB3","42.0231","QU","","42.0231","1100","","MAP","","531177.0","117626.0","Franklands Bridge","HUJ4","","","","","","","","","","","70130249","2024-06-09","","NRAIL","","","","","Up Main/Fast","Franklands Bridge, Access via Steps down to track level on 1100 side. What3Words - putts.envy.panoramic","TQ 31219 17711"
"110163717","VTB3","42.0231","QU","","42.0231","2100","","MAP","","531237.0","11702.0","Frankland Bridge <No Access To Track>","HUJ4","","","","","","","","","","","110163717","2024-06-09","","NRAIL","","","","","Down Main/Fast","Franklands Bridge, Access via Wingle Tye Road, Burgess Hill. What3Words - repaying.canines.harnessed","TQ 31219 17711"
"110180494","VTB3","42.1748","QU","","42.1748","1100","","MAP","","530700.0","116400.0","Woodside Crossing","HUJ4","","","","","","","","","","","110180494","2024-06-09","","NRAIL","","","","","Up Main/Fast","Woodside Crossing. What3Words - bashful.topmost.static","TQ 30700 16400"
"110147246","VTB3","43.1397","QU","","43.1397","1100","","MAP","","530379.0","115442.0","Substation Access - Hassocks","HUJ4","","","","","","","","","","","110147246","2024-06-09","","NRAIL","","","","","Up Main/Fast","Substation, Access via Station Goods Yard. What3Words - joke.clip.baguette","TQ 30288 15472"
"70264709","VTB3","44.0826","QU","","44.0826","1100","","MAP","","529878.0","114183.0","Clayton Road Bridge / Brighton Road","HUJ4","","","","","","","","","","","70264709","2024-06-09","","NRAIL","","","","","Up Main/Fast","Brighton Road Bridge, Access via New Way Lane, Gate and steps down to track level on 1100 side. What3Words - nesting.marked.apparatus","TQ 29872 14198"
"70130075","VTB3","44.0951","QU","","44.0951","1100","","MAP","","529819.0","114068.0","Clayton Tunnel London End","HUJ4","","","","","","","","","","","70130075","2024-06-09","","NRAIL","","","","","Up Main/Fast","Clayton Tunnel London End, Access via Steps down to track level 1100 side. What3Words - grants.swims.hugs","TQ 29819 14068"
"70231522","VTB3","45.1485","QU","","45.1485","1100","","MAP","","529271.0","112134.0","Clayton Tunnel Brighton End","HUJ4","","","","","","","","","","","70231522","2024-06-09","","NRAIL","","","","","Up Main/Fast","Clayton Tunnel Brighton End, Access via London Road A23, Steps down to tnl, Passenger elevator from above tnl to trackside on 1100 side. What3Words - losing.attention.concerts","TQ 29271 12134"
"70231523","VTB3","46.0681","QU","","46.0681","1100","","MAP","","529081.0","111208.0","Pangdean Sub Station","HUJ4","","","","","","","","","","","70231523","2024-06-09","","NRAIL","","","","","Up Main/Fast","Pangdean Substation, Access via A23, Access via gate to Substation and Steps up to track level 1100 side. What3Words - motorist.argue.uses","TQ 29081 11208"
"70231524","VTB3","46.1298","QU","","46.1298","2100","","MAP","","529085.0","110629.0","Pylons","HUJ4","","","","","","","","","","","70231524","2024-06-09","","NRAIL","","","","","Down Main/Fast","Pylons, Access via steps down to track level 2100 side, Access point along the A23, parking limited to highway layby, walk about 400 yards to get to access point along A23. What3Words - snap.committee.liner","TQ 29136 10609"
"70130253","VTB3","47.0044","QU","","47.0044","1100","","MAP","","529186.0","110186.0","Brapshole <North>","HUJ4","","","","","","","","","","","70130253","2024-06-09","","NRAIL","","","","","Up Main/Fast","Brapshole, Access via London Road A23. What3Words - depending.monk.retract","TQ 29259 10144"
"70130128","VTB3","47.0687","QU","","47.0687","1100","","MAP","","529474.0","109674.0","Brapshole <South>","HUJ4","","","","","","","","","","","70130128","2024-06-09","","NRAIL","","","","","Up Main/Fast","Brapshole, Access via steps down to track 1100 side. What3Words - templates.presses.fists","TQ 29259 10144"
"70130106","VTB3","47.1375","QU","","47.1375","1100","","MAP","","529739.0","109109.0","Patcham Tunnel - London End","HUJ4","","","","","","","","","","","70130106","2024-06-09","","NRAIL","","","","","Up Main/Fast","Mill Road Bridge, Access via Steps up to track 1100 side. What3Words - agent.before.loved","TQ 29726 09140"
"70231506","VTB3","48.0681","QU","","48.0681","2100","","MAP","","529936.0","108169.0","The Close / Patcham Tunnel Country End","HUJ4","","","","","","","","","","","70231506","2024-06-09","","NRAIL","","","","","Down Main/Fast","The Close / Patcham Tunnel Country End, Access via The Close footpath behind houses up to track. What3Words - grew.bolts.drift","TQ 30000 08120"
"110122286","VTB3","48.1527","QU","","48.1527","1100","","MAP","","529854.0","107387.0","Preston Park Sidings","HUJ4","","","","","","","","","","","110122286","2024-06-09","","NRAIL","","","","","Up Main/Fast","Preston Park Sidings, Access via gates on Withdean Road, Steps down to track on 1100 side. What3Words - rivers.tulip.chat","TQ 29834 07380"
"70130127","VTB3","48.1529","QU","","48.1529","1100","","MAP","","529857.0","107378.0","Withdean, Brighton","HUJ4","","","","","","","","","","","70130127","2024-06-09","","NRAIL","","","","","Up Main/Fast","Access to track via Withdean Road, steps down on 1100 side. What3Words - rivers.tulip.chat","TQ 29834 07380"
"110147247","VTB3","48.1601","QU","","48.1601","1100","","MAP","","529857.0","107378.0","Substation Access - Preston Park","HUJ4","","","","","","","","","","","110147247","2024-06-09","","NRAIL","","","","","Up Main/Fast","Substation, Access via Withdean Road, Steps down to track level on 1100 side. What3Words - jelly.tools.limes","TQ 29834 07380"
"70130252","VTB3","49.0259","QU","","49.0259","2100","","MAP","","529941.0","106908.0","Station Road, Preston Park","HUJ4","","","","","","","","","AC","","70130252","2024-06-09","","NRAIL","","","","","Down Main/Fast","Dyke Road Drive, Preston, Access via gate and steps down onto platform level on 2902 side. What3Words - cubes.puppy.throw","TQ 30528 05830"
"110122409","VTB3","49.0564","QU","","49.0564","1100","","MAP","","529978.0","106655.0","Woodside Avenue, Preston Park","HUJ4","","","","","","","","","","","110122409","2024-06-09","","NRAIL","","","","","Up Main/Fast","Woodside Avenue, Preston Park. Access via Woodside Avenue, Steps down to track on 3200 side. What3Words - sing.joins.flame","TQ 29978 06655"
"110149536","VTB3","49.1628","QU","","49.1628","2901","","MAP","","530467.0","105837.0","Ponderosa","HUJ4","","","","","","","","","","","110149536","2024-06-09","","NRAIL","","","","","","Ponderosa, Access via Dyke Road Drive steps down to track, access by arangement with TOC. What3Words - statue.arch.porch","TQ 30528 05830"
"110149537","VTB3","49.1678","QU","","49.1678","2902","","MAP","","530522.0","105839.0","Ponderosa","HUJ4","","","","","","","","","","","110149537","2024-06-09","","NRAIL","","","","","","Ponderosa, Access via Dyke Road Drive, Steps down to tracks. What3Words - events.bravo.towns","TQ 30522 05839"
"110147248","VTB3","50.0176","QU","","50.0176","2902","","MAP","","530520.0","105797.0","Substation Access - Brighton","HUJ4","","","","","","","","","","","110147248","2024-06-09","","NRAIL","","","","","","Substation, Access via New England Road. What3Words - even.rails.today","TQ 30520 05797"
"110149472","VTB3","50.0578","QU","","50.0578","3801","","MAP","","530852.0","105330.0","Brighton Maint Depot Next To Southern Security Box","HUJ4","","","","","","","","","","","110149472","2024-06-09","","NRAIL","","","","","","Brighton Maint Depot next to Southern Security box. Access via Brighton Depot, New England Road. What3Words - chops.rift.vibrate","TQ 30852 05330"
"110149473","VTB3","50.0715","QU","","50.0715","1800","","MAP","","530939.0","105229.0","Brighton Maintenance Depot <2>","HUJ4","","","","","","","","","","","110149473","2023-05-31","","NRAIL","","","","","Up Other/Eng/Car","Access via Brighton Depot, New England Road, Brighton <level> - Depot lighting - No third party permission","TQ 30900 05200"
"110149505","VTB3","50.0736","QU","","50.0736","3100","","MAP","","530939.0","105229.0","Brighton T.T. Lobby RRV","HUJ4","","","","","","","","","","","110149505","2023-05-31","","NRAIL","","","","","Rev Main/Fast","Access via Brighton Depot, New England Road <level> - Depot lighting - No third party permissions.","TQ 30900 05200"
"110149504","VTB3","50.0759","QU","","50.0759","1901","","MAP","","530902.0","105193.0","Brighton Depot Calibration Test Bed","HUJ4","","","","","","","","","","","110149504","2018-10-30","","NRAIL","","","","","","Access via Brighton Depot, New England Road <level> -","TQ 30902 05193"
"110149800","VTB3","21.1106","QU","","21.1106","1200","","MAPE","","527998.0","150158.0","Earlswood Plat 1","HUJ4","","","","","","","","","","","110149800","2024-06-09","","","","","","","Up Slow","Earlswood Platform 1. Access through station. What3Words - scuba.varieties.beans","TQ 27800 49200"
"110149801","VTB3","21.1106","QU","","21.1106","2200","","MAPE","","527998.0","150158.0","Earlswood Plat 2","HUJ4","","","","","","","","","","","110149801","2024-06-09","","","","","","","Down Slow","Earlswood Platform 2. Access through station. What3Words - pills.flag.spend","TQ 27800 49200"
"110149891","VTB3","23.0814","QU","","23.0814","2200","","MAPE","","528504.0","146322.0","Salfords Plat 2","HUJ4","","","","","","","","","","","110149891","2024-06-09","","","","","","","Down Slow","Salfords Platform 2, Access through station. What3Words - trip.awards.vibe","TQ 28486 46335"
"110149890","VTB3","23.0814","QU","","23.0814","1200","","MAPE","","528504.0","146322.0","Salfords Plat 1","HUJ4","","","","","","","","","","","110149890","2024-06-09","","","","","","","Up Slow","Salfords Platform 1, Access through station. What3Words - rugs.flight.twins","TQ 28486 46335"
"110149837","VTB3","25.1278","QU","","25.1278","1100","","MAPE","","528674.0","142661.0","Horley Plat 2 & 3","HUJ4","","","","","","","","","","","110149837","2024-06-09","","","","","","","Up Main/Fast","Horley Platform 2&3, Access through station. What3Words - mouth.wacky.moth","TQ 28674 42576"
"110149838","VTB3","25.1314","QU","","25.1314","2100","","MAPE","","528674.0","142661.0","Horley Plat 4","HUJ4","","","","","","","","","","","110149838","2024-06-09","","","","","","","Down Main/Fast","Horley Platform 4, Access through station. What3Words - glare.punch.clown","TQ 28674 42576"
"110149836","VTB3","25.1315","QU","","25.1315","1200","","MAPE","","528674.0","142661.0","Horley Plat 1","HUJ4","","","","","","","","","","","110149836","2024-06-09","","","","","","","Up Slow","Horley Platform 1, Access through station. What3Words - curvy.going.feeds","TQ 28674 42576"
"110149821","VTB3","26.1033","QU","","26.1033","3506","","MAPE","","528709.0","141253.0","Gatwick Airport Plat 5 & 6","HUJ4","","","","","","","","","","","110149821","2024-06-09","","","","","","","","Gatwick Airport Platform 5&6, Access through station. What3Words - bolts.hosts.boss","TQ 28714 41259"
"110149819","VTB3","26.1033","QU","","26.1033","3202","","MAPE","","528709.0","141253.0","Gatwick Airport Plat 1 & 2","HUJ4","","","","","","","","","","","110149819","2024-06-09","","","","","","","","Gatwick Airport Platform 1&2, Access through station. What3Words - calculating.stays.speeds","TQ 28714 41259"
"110149820","VTB3","26.1033","QU","","26.1033","1100","","MAPE","","528709.0","141253.0","Gatwick Airport Plat 3 & 4","HUJ4","","","","","","","","","","","110149820","2024-06-09","","","","","","","Up Main/Fast","Gatwick Airport Platform 3&4, Access through station. What3Words - bunk.good.origin","TQ 28714 41259"
"110150332","VTB3","26.1033","QU","","26.1033","2500","","MAPE","","528709.0","141253.0","Gatwick Platform 7","HUJ4","","","","","","","","","","","110150332","2024-06-09","","NRAIL","","","","","Down Loop","Gatwick Airport Platform 7, Access through Station. What3Words - coach.beyond.force","TQ 28714 41259"
"110149903","VTB3","29.0483","QU","","29.0483","2100","","MAPE","","528812.0","136956.0","Three Bridges Plat 5","HUJ4","","","","","","","","","","","110149903","2024-06-09","","","","","","","Down Main/Fast","Three Bridges Platform 5, Access through station. What3Words - amber.global.oath","TQ 28817 36797"
"110149901","VTB3","29.0492","QU","","29.0492","3202","","MAPE","","528812.0","136956.0","Three Bridges Plat 1 & 2","HUJ4","","","","","","","","","","","110149901","2024-06-09","","","","","","","","Three Bridges Platform 1&2, Access through station. What3Words - drew.jumps.useful","TQ 28817 36797"
"110149902","VTB3","29.0496","QU","","29.0496","1100","","MAPE","","528812.0","136956.0","Three Bridges Plat 3 & 4","HUJ4","","","","","","","","","","","110149902","2024-06-09","","","","","","","Up Main/Fast","Three Bridges Platform 3&4, Access through station. What3Words - copy.chats.scarcely","TQ 28817 36797"
"110149757","VTB3","33.1498","QU","","33.1498","2100","","MAPE","","530648.0","131057.0","Balcombe Plat 2","HUJ4","","","","","","","","","","","110149757","2024-06-09","","","","","","","Down Main/Fast","Balcombe Platform 2. Access through station. What3Words - opera.escalated.cakewalk","TQ 30665 30093"
"110149830","VTB3","37.1336","QU","","37.1336","2100","","MAPE","","533021.0","124534.0","Haywards Heath Plat 1 & 2","HUJ4","","","","","","","","","","","110149830","2024-06-09","","","","","","","Down Main/Fast","Haywards Heath Platform 1&2. Access through station. What3Words - forgives.become.added","TQ 33013 24547"
"110149831","VTB3","37.1336","QU","","37.1336","1200","","MAPE","","533021.0","124534.0","Haywards Heath Plat 3 & 4","HUJ4","","","","","","","","","","","110149831","2024-06-09","","","","","","","Up Slow","Haywards Heath Platform 3&4. Access through station. What3Words - canine.webcams.choppy","TQ 32971 24288"
"110149909","VTB3","40.1151","QU","","40.1151","1100","","MAPE","","532046.0","119936.0","Wivelsfield Plat 1","HUJ4","","","","","","","","","","","110149909","2024-06-09","","","","","","","Up Main/Fast","Wivelsfield Station Platform 1. What3Words - courier.jelly.middle","TQ 32057 19977"
"110149910","VTB3","40.1151","QU","","40.1151","2100","","MAPE","","532046.0","119936.0","Wivelsfield Plat 2","HUJ4","","","","","","","","","","","110149910","2024-06-09","","","","","","","Down Main/Fast","Wivelsfield Station Platform 2. What3Words - castle.mock.nails","TQ 32057 19977"
"110149779","VTB3","41.0857","QU","","41.0857","2100","","MAPE","","531583.0","118677.0","Burgess Hill Plat 2","HUJ4","","","","","","","","","","","110149779","2024-06-09","","","","","","","Down Main/Fast","Burgess Hill Platform 2. Access through station. What3Words - asteroid.damage.flinches","TQ 31575 18719"
"110149778","VTB3","41.0858","QU","","41.0858","1100","","MAPE","","531583.0","118677.0","Burgess Hill Plat 1","HUJ4","","","","","","","","","","","110149778","2024-06-09","","","","","","","Up Main/Fast","Burgess Hill Platform 1. Access through station. What3Words - snapped.kings.gradually","TQ 31575 18719"
"110149829","VTB3","43.0928","QU","","43.0928","2100","","MAPE","","531224.0","117705.0","Hassocks Plat 2","HUJ4","","","","","","","","","","","110149829","2024-06-09","","","","","","","Down Main/Fast","Hassocks Platform 2. Access through station. What3Words - unimpeded.hotspots.replaying","TQ 30420 15561"
"110149828","VTB3","43.0934","QU","","43.0934","1100","","MAPE","","531224.0","117705.0","Hassocks Plat 1","HUJ4","","","","","","","","","","","110149828","2024-06-09","","","","","","","Up Main/Fast","Hassocks Platform 1. Access through station. What3Words - relatives.zebra.door","TQ 30420 15561"
"110149883","VTB3","49.0417","QU","","49.0417","2100","","MAPE","","529967.0","106791.0","Preston Park Plat 3","HUJ4","","","","","","","","","","","110149883","2024-06-09","","","","","","","Down Main/Fast","Preston Park Platform 3. Access through station. What3Words - wash.lawn.sports","TQ 29990 06783"
"110149882","VTB3","49.0446","QU","","49.0446","3100","","MAPE","","529967.0","106791.0","Preston Park Plat 1 & 2","HUJ4","","","","","","","","","","","110149882","2024-06-09","","","","","","","Rev Main/Fast","Preston Park Platform 1&2. Access through station. What3Words - bunch.laws.direct","TQ 29990 06783"
"110149776","VTB3","50.0748","QU","","50.0748","0","","MAPE","","530954.0","105190.0","Brighton Plat 5 & 6","HUJ4","","","","","","","","","","","110149776","2025-01-21","","","","","","","All/Multiple Tracks","Brighton Platform 5&6. Access through station. What3Words - stages.buzz.cubes","TQ 30986 05083"
"110149775","VTB3","50.0984","QU","","50.0984","3603","","MAPE","","531012.0","105003.0","Brighton Plat 3 & 4","HUJ4","","","","","","","","","","","110149775","2024-06-09","","","","","","","","Brighton Platform 3&4. Access through station. What3Words - labs.soils.zooms","TQ 30986 05083"
"70109260","VTB3","21.0582","QU","","21.0582","2100","","MAR","","527873.0","149658.0","Eariswood Relay Room - Down Fast Quarry","HUJ4","","","","","","","","","AC","","70109260","2024-06-09","","NRAIL","","","","","Down Main/Fast","EarIswood Relay Room, Access via Hooley Lane to double gates to track level, rail access with launch pad. What3Words - being.else.robots","TQ 27912 49710"
"110188338","VTB3","21.0582","QU","","21.0582","2100","","MAR","","527873.0","149658.0","Eariswood Relay Room - Down Fast Quarry","HUJ4","","","","","","","","","AC","","110188338","2024-08-01","","NRAIL","","","","","Down Main/Fast","EarIswood Relay Room, Access via Hooley Lane to double gates to track level, rail access with launch pad. What3Words - being.else.robots","TQ 27912 49710"
"70130234","VTB3","25.0775","QU","","25.0775","2100","","MAR","","528664.0","143130.0","Station Approach, Horley","HUJ4","","","","","","","","","AC","","70130234","2024-06-09","","NRAIL","","","","","Down Main/Fast","Station Approach, Horley, Access via Station Approach double gate to track via 2100 side. What3Words - fever.oiled.sushi","TQ 28700 43100"
"110149498","VTB3","26.0582","QU","","26.0582","1900","","MAR","","528678.0","142447.0","Gatwick Engineering & Up Sidings","HUJ4","","","","","","","","","","","110149498","2024-06-09","","NRAIL","","","","","Up Siding","Gatwick Engineering & Up Sidings, Access via Station Approach Road through 2 double gates. What3Words - bags.zest.spill","TQ 28681 41702"
"110155717","VTB3","26.1265","QU","","26.1265","2507","","MAR","","528760.0","141089.0","Gatwick Rrv","HUJ4","","","","","","","","","","","110155717","2024-06-09","","NRAIL","","","","","","Gatwick RRV, Access via car rental car park, Lower Forecourt / Coach road. What3Words - rash.dwell.coherent","TQ 28760 41078"
"110150069","VTB3","29.0726","QU","","29.0726","2900","","MAR","","528851.0","136703.0","Three Bridges Rrv","HUJ4","","","","","","","","","","","110150069","2024-06-09","","NRAIL","","","","","Down Siding","Three Bridges RRV, Access via Three Bridges Depot, Off Billinton Drive, Access to track via double gate. What3Words - again.gentle.pump","TQ 28849 36747"
"70130066","VTB3","31.1001","QU","","31.1001","1100","","MAR","","528903.0","133362.0","Parish Lane Rrv","HUJ4","","","","","","","","","AC","","70130066","2024-06-09","","NRAIL","","","","","Up Main/Fast","Parish Lane RRV, Access via Forest Track double gate to track level, Rail access with launch pad. What3Words - nodded.wizard.double","TQ 28900 33300"
"110149501","VTB3","33.0335","QU","","33.0335","1100","","MAR","","530201.0","131063.0","Wellgrove Wood Rrv / Handcross Road","HUJ4","","","","","","","","","","","110149501","2024-06-09","","NRAIL","","","","","Up Main/Fast","Wellgrove Wood RRV, Access via Redbridge Lane. What3Words - hoops.winds.ourselves","TQ 30200 31000"
"70261286","VTB3","37.1122","QU","","37.1122","1901","","MAR","","533108.0","125103.0","Haywards Heath Dock","HUJ4","","","","","","","","","NP","","70261286","2024-06-09","","NRAIL","","","","","","Haywards Heath Dock, Access via Bannister Way. What3Words - sends.summit.excellent","TQ 33039 24729"
"110160148","VTB3","40.1691","QU","","40.1691","1100","","MAR","","531870.0","119473.0","Keymer Rrap","HUJ4","","","","","","","","","","","110160148","2024-06-09","","NRAIL","","","","","Up Main/Fast","KEYMER RRAP, Access via Junction Road. What3Words - petal.cliff.obey","TQ 31870 19473"
"110150070","VTB3","43.1347","QU","","43.1347","1900","","MAR","","530270.0","115216.0","Hassocks Rrv","HUJ4","","","","","","","","","","","110150070","2024-06-09","","NRAIL","","","","","Up Siding","Hassocks RRV, Access via Station Goods Yard. What3Words - froze.flock.truffles","TQ 30292 15243"
"110150859","VTB3","49.0117","QU","","50.0195","2802","","MAR","","530522.9","105834.5","Ponderosa","HUJ4","","","","","","","","","","","110150859","2024-06-09","","NRAIL","","","","","","Ponderosa, Access via Dyke Road Drive thruogh Car Park to Maintainer laydown area What3Words - spicy.magic.dated","TQ 30528 05830"
"110163722","VTB3","49.1672","QU","","49.1672","2900","","MAR","","530538.0","105818.0","Ponderosa Rrv, Dyke Road Drive","HUJ4","","","","","","","","","","","110163722","2024-06-09","","NRAIL","","","","","Down Siding","Ponderosa RRV, Dyke Road Drive, Access via gate to track side access onto the 2902 side. What3Words - tiles.orders.piles","TQ 30528 05830"
"70261289","VTB3","50.071","QU","","50.071","2804","","MAR","","530926.0","105266.0","Brighton Maintenance Depot RRV","HUJ4","","","","","","","","","NP","","70261289","2015-05-19","","NRAIL","","","","","","Risk Rating 3, Hazard Rating 2, Score 6 - Access via Brighton Depot, New England Road <level> - Depot lighting - No third party permission","TQ 30900 05200"
"70130226","VTB3","21.0561","QU","","21.0561","1200","","MAV","","527867.0","149699.0","Hooley Lane, Redhill","HUJ4","","","","","","","","","","","70130226","2024-06-09","","NRAIL","","","","","Up Slow","Hooley Lane, Redhill, Access to track via Hooley Lane, through double date. What3Words - votes.lowest.abode","TQ 27912 49710"
"110147239","VTB3","22.055","QU","","22.055","2100","","MAV","","528041.0","148133.0","Substation Access - Whitebushes","HUJ4","","","","","","","","","","","110147239","2024-06-09","","NRAIL","","","","","Down Main/Fast","Substation, Access via Three Arch Road, Up Slope to Substation via 1200 side. What3Words - gown.toward.lunch","TQ 28100 48100"
"110149424","VTB3","23.1001","QU","","23.1001","1200","","MAV","","528470.0","146303.0","Salfords Substation Yard","HUJ4","","","","","","","","","","","110149424","2024-06-09","","NRAIL","","","","","Up Slow","Salfords Substation Yard. Access via Southern avenue, Salfords Station car park double gate. What3Words - encounter.shop.trunk","TQ 28470 46303"
"110147241","VTB3","24.1452","QU","","24.1452","2100","","MAV","","528640.0","144143.0","Substation Access - Great Lake Farm","HUJ4","","","","","","","","","","","110147241","2024-06-09","","NRAIL","","","","","Down Main/Fast","Substation, Access via Ladbroke Road via gate and steps up to track on 2100 side, substation loacated nect to Chestnut Road on 1200 side. What3Words - feel.career.pure","TQ 28631 44184"
"70130233","VTB3","24.1474","QU","","24.1474","2100","","MAV","","528640.0","144143.0","Ladbroke Road, Horley","HUJ4","","","","","","","","","AC","","70130233","2024-06-09","","NRAIL","","","","","Down Main/Fast","Ladbroke Road, Horley, Access via Double gate. What3Words - retail.simply.actor","TQ 28657 44073"
"70109268","VTB3","24.1528","QU","","24.1528","2100","","MAV","","528642.0","144063.0","Ladbroke Bridge - Down Fast","HUJ4","","","","","","","","","AC","","70109268","2024-06-09","","NRAIL","","","","","Down Main/Fast","Ladbroke Bridge, Road access via Ladbroke Road gate, steps to track level on bridge. What3Words - expert.thank.fires","TQ 28657 44073"
"70014716","VTB3","25.1447","QU","","25.1447","1200","","MAV","","528678.0","142447.0","Horley Upside Car Park - Up Slow","HUJ4","","","","","","","","","AC","","70014716","2024-06-09","","NRAIL","","","","","Up Slow","Horley Upside Car park , Road access via carpark to gate to track level 1200 side. What3Words - ended.secure.extra","TQ 28641 42577"
"70130236","VTB3","26.088","QU","","26.088","3202","","MAV","","528700.0","141430.0","Gatwick Upside Car Park","HUJ4","","","","","","","","","AC","","70130236","2024-06-09","","AMEC","","","","","","Gatwick Upside Car Park. What3Words - harp.newly.neat","TQ 28700 41430"
"70119512","VTB3","28.022","QU","","28.022","1900","","MAV","","528640.0","139074.0","Crawley New Yard - Up Slow","HUJ4","","","","","","","","","","","70119512","2024-06-09","","NRAIL","","","","","Up Siding","Crawley New Yard, Road access via Gatwick Road double gates to track level. What3Words - neon.alarm.wipes","TQ 28640 39074"
"110149500","VTB3","28.0429","QU","","28.0429","1900","","MAV","","528749.0","138621.0","Burdens Builders Merchants","HUJ4","","","","","","","","","","","110149500","2024-06-09","","NRAIL","","","","","Up Siding","Burdens Builders Merchants, Access via Gatwick Road, Access onto track via double gate. What3Words - rising.stove.next","TQ 28749 38621"
"70119517","VTB3","29.0317","QU","","29.0317","2100","","MAV","","528862.0","137102.0","Down Fast - Worth Park Road","HUJ4","","","","","","","","","","","70119517","2024-06-09","","NRAIL","","","","","Down Main/Fast","Worth Park Road, Access via Haslett Avenue to gates Up steep ramp to track level. What3Words - water.shift.blunt","TQ 28862 37102"
"70130063","VTB3","29.0721","QU","","29.0721","2900","","MAV","","528851.0","136703.0","3 Bridges Depot Yard - Down Fast","HUJ4","","","","","","","","","","","70130063","2024-06-09","","NRAIL","","","","","Down Siding","Three Bridges Depot Yard, Access via Signal Works depot to sidings at track level. What3Words - today.into.lives","TQ 28851 36703"
"110147244","VTB3","31.1222","QU","","31.1222","1100","","MAV","","529670.0","131660.0","Substation Access - Balcombe Tunnel","HUJ4","","","","","","","","","","","110147244","2024-06-09","","NRAIL","","","","","Up Main/Fast","Balcombe Tunnel Substation, Access via High Street B2110 down dirt road, Steps down to track level, Substation on 1100 side. What3Words - pocket.stumble.responded","TQ 29670 31660"
"70261285","VTB3","32.1199","QU","","32.1199","1100","","MAV","","529640.0","131662.0","Balcombe Tunnel South End","HUJ4","","","","","","","","","","","70261285","2024-06-09","","NRAIL","","","","","Up Main/Fast","Balcombe Tunnel South End, Access via Tunnel Cottages in High Street, Steps down to track. What3Words - thudded.denim.pave","TQ 29640 31662"
"70231184","VTB3","37.1335","QU","","37.1335","2900","","MAV","","533017.0","124514.0","Haywards Heath Station Car Park","HUJ4","","","","","","","","","","","70231184","2024-06-09","","NRAIL","","","","","Down Siding","Haywards Heath Station Car Park, Access via Clair Road. What3Words - flaunting.record.tripods","TQ 32999 24324"
"70130250","VTB3","37.166","QU","","37.166","2801","","MAV","","532973.0","124298.0","Haywards Heath Downside Car Park","HUJ4","","","","","","","","","AC","","70130250","2015-05-19","","NRAIL","","","","","","Risk Rating 3, Hazard Rating 2, Score 6 - Access via C/end of Downside Station Car Park, Haywards Heath <level> - No lighting - No third party permission","TQ 33000 24300"
"70231517","VTB3","40.115","QU","","40.115","2100","","MAV","","532040.0","119940.0","Wivelsfield Station","HUJ4","","","","","","","","","","","70231517","2024-06-09","","NRAIL","","","","","Down Main/Fast","Wivelsfield Station. What3Words - anyone.pretty.scout","TQ 32056 19940"
"70130074","VTB3","40.1699","QU","","40.1699","2100","","MAV","","531846.0","119407.0","Keymer Junction Sub Station","HUJ4","","","","","","","","","","","70130074","2024-06-09","","NRAIL","","","","","Down Main/Fast","Keymer Junction Substation, Access off Junction Road via double gate, Steps down to track. What3Words - handy.coach.pizza","TQ 31900 19400"
"70199481","VTB3","43.1105","QU","","43.1105","1100","","MAV","","530379.0","115442.0","Dragonfly Saddlery, Hassocks Yard","HUJ4","","","","","","","","","AC","","70199481","2024-06-09","","NRAIL","","","","","Up Main/Fast","Station Goods Yard, Access via Keymer Road, Double gate access onto trcak on 1100 side. What3words - trams.reprints.genius","TQ 30400 15500"
"110149502","VTB3","43.1397","QU","","43.1397","1900","","MAV","","530270.0","115216.0","Hassocks Substation, Hassocks Yard","HUJ4","","","","","","","","","","","110149502","2024-06-09","","NRAIL","","","","","Up Siding","Hassocks Substation, Hassocks Yard. Access via Station Business Park, Off Keymer Road. What3Words - ounce.decades.gears","TQ 30288 15472"
"70130245","VTB3","47.0863","QU","","47.0863","1100","","MAV","","529580.0","109530.0","Sweet Hill","HUJ4","","","","","","","","","AC","","70130245","2024-06-09","","NRAIL","","","","","Up Main/Fast","Sweet Hill, Access via Waterhall Road, Double gate access. What3Words - trend.lines.themes","TQ 29555 09524"
"70130125","VTB3","49.1687","QU","","49.1687","2903","","MAV","","530450.0","105856.0","Ponderosa","HUJ4","","","","","","","","","AC","","70130125","2024-06-09","","NRAIL","","","","","","Ponderosa, Access via Dyke Road Drive. What3Words - echo.proven.eaten","TQ 30522 05839"
"70232203","VTB3","49.1738","QU","","49.1738","2804","","MAV","","530520.0","105797.0","Ponderosa, Dyke Road Drive","HUJ4","","","","","","","","","","","70232203","2024-06-09","","NRAIL","","","","","","Ponderosa, Dyke Road Drive, Access via Dyke Road Drive. What3Words - slurs.shot.random","TQ 30522 05839"
"110187573","WJB","26.0418","QU","","26.0418","1100","","MA","","568775.0","105803.0","ROSE COTTAGE","HUJ4","","","","","","","","","GENERAL RAILWAY ACCESS","","110187573","2024-05-23","","NRAIL","","","","","Up Main/Fast","PUBLIC ACCESS POINT. Cattle Grids present on Foot Crossing.    WHAT3WORDS // KEYBOARDS.BAFFLE.MARTINI.  Access via Coast Road into Normans Bay Road, towards the railway to the far right of the mobile homes. MAPCODE NATIONAL: GBRNW4.4P5.  MAPCODE GLOBAL: FRA C6QX.7RG.  PLUSCODE: 9F22R9GW+V2.","TQ 68775 05803"
"70130207","WJB","20.1089","QU","","20.1089","1100","","MAP","","560528.0","103009.0","HAMPDEN PARK, PERCIVAL ROAD","HUJ4","","","","","","","","","","","70130207","2025-08-18","","NRAIL","","","","","Up Main/Fast","Hampden Park, Percival Road, Access via alley way and gate to track. What3Words - easy.taken.scouts. Post Code - BN22 9JL","TQ 60528 03009"
"110149503","WJB","20.1463","QU","","20.1463","1100","","MAP","","560583.0","103337.0","PERCIVAL CRESENT, HAMPDEN PARK","HUJ4","","","","","","","","","","","110149503","2025-07-31","","NRAIL","","","","","Up Main/Fast","Percival Cresent, Hampden Park, Access via pathway to gate to track level. What3Words - later.exists.ends. Post Code - BN22 9JX","TQ 60583 03337"
"110172376","WJB","21.088","QU","","21.088","2100","","MAP","","561369.0","104048.0","STONECROSS TP HUT ACCESS POINT","HUJ4","","","","","","","","","","","110172376","2025-07-31","","NRAIL","","","","","Down Main/Fast","Stonecross TP Hut Access Point, Access point at the end of Wellsbourne Road down pathway. What3Words - return.vouch.blunt. Post Code - BN24 5QZ","TQ 61369 04048"
"70261290","WJB","21.0902","QU","","21.0902","2100","","MAP","","561383.0","104017.0","STONE CROSS TP HUT","HUJ4","","","","","","","","","","","70261290","2025-07-31","","NRAIL","","","","","Down Main/Fast","Stone Cross TP Hut, Access via pathway, steps up to Hut up to track level. What3Words - gender.supper.snake. Post Code - BN24 5PS","TQ 61351 04022"
"70130200","WJB","21.1408","QU","","21.1408","2100","","MAP","","561837.0","104003.0","FRIDAY STREET <LION STREET>","HUJ4","","","","","","","","","","","70130200","2025-07-31","","NRAIL","","","","","Down Main/Fast","Access to track via Lion Hill, Steps up to track on 1100 side. What3Words - loose.upset.proof. Post Code - BN24 5EQ","TQ 61831 04007"
"110147249","WJB","23.0154","QU","","23.0154","1100","","MAP","","564070.0","104402.0","SUBSTATION ACCESS - PEVENSEY","HUJ4","","","","","","","","","","","110147249","2025-07-31","","NRAIL","","","","","Up Main/Fast","Substation, Access via Pevensey & Westham Level Crossing. What3Words - grass.drums.puppy. Post Code - BN24 5LP","TQ 64070 04402"
"110180495","WJB","23.0616","QU","","23.0616","1100","","MAP","","564323.0","104465.0","CASTLE FOOTPATH CROSSING","HUJ4","","","","","","","","","","","110180495","2025-08-18","","NRAIL","","","","","Up Main/Fast","Castle Footpath Crossing. What3Words - barn.flats.flash. Post Code - BN24 5LP","TQ 64323 04465"
"110180496","WJB","23.1584","QU","","23.1584","1100","","MAP","","565191.0","104636.0","WALLSEND CROSSING","HUJ4","","","","","","","","","","","110180496","2025-08-18","","NRAIL","","","","","Up Main/Fast","Wallsend Crossing, This is a level crossing to be used as an access point for pedestrians. What3Words - fades.format.decompose. Post Code - BN24 5NX","TQ 65191 04636"
"70264695","WJB","26.0022","QU","","26.0022","2100","","MAP","","568436.0","105682.0","Normans Bay Lxing","HUJ4","","","","","","","","","","","70264695","2015-05-19","","AMEC","","","","","Down Main/Fast","Risk Rating 4, Hazard Rating 4, Score 16",""
"70264696","WJB","26.0022","QU","","26.0022","2100","","MAP","","568436.0","105682.0","Normans Bay Lxing","HUJ4","","","","","","","","","","","70264696","2015-05-19","","AMEC","","","","","Down Main/Fast","Risk Rating 4, Hazard Rating 4, Score 16",""
"110147250","WJB","26.1243","QU","","26.1243","2100","","MAP","","568436.0","105682.0","SUBSTATION ACCESS - NORMANS BAY","HUJ4","","","","","","","","","","","110147250","2025-07-31","","NRAIL","","","","","Down Main/Fast","Substation, Access via Normans Bay Level Crossing. What3Words - glad.importers.pastime. Post Code - BN24 6PS","TQ 68429 05675"
"70130336","WJB","26.1298","QU","","26.1298","9999","","MAP","","569538.0","106066.0","COODEN B & PEVENSEY","HUJ4","","","","","","","","","AC","","70130336","2015-05-19","","BBRM","","","","","Unknown","Steel Gate",""
"110149872","WJB","23.0154","QU","","23.0154","1100","","MAPE","","563828.0","104366.0","PEVENSEY & WESTHAM PLAT 1","HUJ4","","","","","","","","","","","110149872","2025-07-31","","","","","","","Up Main/Fast","Pevensey & Westham Platform 1. Access through station. What3Words - upon.names.define. Post Code - BN24 5ND","TQ 63867 04377"
"110149873","WJB","23.0154","QU","","23.0154","2100","","MAPE","","563906.0","104382.0","PEVENSEY & WESTHAM PLAT 2","HUJ4","","","","","","","","","","","110149873","2025-07-31","","","","","","","Down Main/Fast","Pevensey & Westham Platform 2. Access through station. What3Words - bake.tube.spend. Post Code - BN24 5ND","TQ 63867 04377"
"110149874","WJB","23.1541","QU","","23.1541","1100","","MAPE","","565119.0","104619.0","PEVENSEY BAY PLAT 1","HUJ4","","","","","","","","","","","110149874","2025-08-18","","","","","","","Up Main/Fast","Pevensey Bay Platform 1. Access through station. What3Words - taller.thundered.depths. Post Code - BN24 5NX","TQ 65119 04619"
"110149875","WJB","23.1541","QU","","23.1541","2100","","MAPE","","565156.0","104631.0","PEVENSEY BAY PLAT 2","HUJ4","","","","","","","","","","","110149875","2025-07-31","","","","","","","Down Main/Fast","Pevensey Bay Platform 2. Access through station. What3Words - upholding.windmills.fixed. Post Code - BN24 5NX","TQ 65169 04640"
"110149864","WJB","25.1694","QU","","25.1694","1100","","MAPE","","568376.0","105656.0","NORMANS BAY PLAT 1","HUJ4","","","","","","","","","","","110149864","2025-08-18","","","","","","","Up Main/Fast","Normans Bay Platform 1. Access through station. What3Words - sprinting.classic.remainder. Post Code - BN24 6PR","TQ 68376 05656"
"110149865","WJB","25.1694","QU","","25.1694","2100","","MAPE","","568372.0","105665.0","NORMANS BAY PLAT 2","HUJ4","","","","","","","","","","","110149865","2025-08-18","","","","","","","Down Main/Fast","Normans Bay Platform 2. Access through station. What3Words - genetics.suits.dairy. Post Code - BN24 6PR","TQ 68372 05665"
"70130638","WJB","23.0066","QU","","23.0066","1100","","MAV","","563828.0","104366.0","PEVENSEY & WESTHAM LEVEL CROSSING","HUJ4","","","","","","","","","","","70130638","2025-07-31","","NRAIL","","","","","Up Main/Fast","Pevensey & Westham Level Crossing. What3Words - foods.little.coach. Post Code - BN24 5ND","TQ 63834 04367"
"70130639","WJB","23.1606","QU","","23.1606","1100","","MAV","","565214.0","104643.0","PEVENSEY BAY LEVEL CROSSING","HUJ4","","","","","","","","","","","70130639","2025-07-31","","NRAIL","","","","","Up Main/Fast","Pevensey Bay Level Crossing.  What3Words - fades.format.decompose. Post Code - BN24 5NX","TQ 65169 04640"
"70130641","WJB","26.0022","QU","","26.0022","2100","","MAV","","568436.0","105682.0","NORMANS BAY LEVEL CROSSING","HUJ4","","","","","","","","","","","70130641","2025-07-31","","AMEC","","","","","Down Main/Fast","Normans Bay Level Crossing. What3Words - licks.exit.torso. Post Code - BN24 6PR","TQ 68417 05676"
"70130642","WJB","26.1302","QU","","26.1302","1100","","MAV","","569548.0","106069.0","PEVENSEY SLUICE LEVEL CROSSING","HUJ4","","","","","","","","","","","70130642","2026-02-16","","NRAIL","","","","","Up Main/Fast","Pevensey Sluice Level Crossing. What3Words - corner.sands.static. Post Code - TN39 4TX","TQ 69548 06069"
"70261291","WLL","0.1188","QU","","0.1188","2100","","MAP","","527513.0","176194.0","CABUL ROAD","HUJ3","","","","","","","","","","","70261291","2025-07-31","","AMEC","","","","","Down Main/Fast","Cabul Road, Access to Latchmere Passage under tracks. What3Words - lawn.noisy.words. Post Code - SW11 2QL","TQ 27513 76194"
"70228753","WLL","0.1264","QU","","0.1264","2100","","MAP","","527526.0","176226.0","UB4 - LATCHMERE SUBWAY","HUJ3","","","","","","","","","","","70228753","2025-07-31","","AMEC","","","","","Down Main/Fast","UB4 - Latchmere Subway. What3Words - goes.winner.agents. Post Code - SW11 2DU","TQ 27527 76227"
"70228754","WLL","0.1543","QU","","0.1543","3100","","MAP","","527248.0","176249.0","CANDAHAR ROAD","HUJ3","","","","","","","","","","","70228754","2025-07-31","","AMEC","","","","","Rev Main/Fast","Battersea Park Road, A3205, Access via gate and steps up to track on 2100 side. What3Words - vines.fired.list. Post Code - SW11 2PU","TQ 27248 76249"
"70228755","WLL","2.0647","QU","","2.0647","2100","","MAP","","525555.0","177790.0","WEST BROMPTON   ","HUJ3","","","","","","","","","","","70228755","2025-07-31","","AMEC","","","","","Down Main/Fast","West Brompton, Access via gate to track level. What3Words - venues.follow.evenly. Post Code - SW6 1RX","TQ 25555 77790"
"110179953","WLL","2.0661","QU","","2.068","2100","","MAP","","525554.0","177790.0","2111 - WEST BROMPTON REB","HUJ3","","","","","","","","","","","110179953","2025-07-31","","NRAIL","","","","","Down Main/Fast","West Brompton, Access via gate and steps down to stoney surface on track level. What3Words - venues.follow.evenly. Post Code - SW6 1RX","TQ 25554 77790"
"70228758","WLL","2.1246","QU","","2.1246","2100","","MAP","","525368.0","178035.0","EARLS COURT","HUJ3","","","","","","","","","","","70228758","2025-08-18","","AMEC","","","","","Down Main/Fast","EARLS COURT. What3Words - storm.ports.paying. Post Code - SW5 9JX","TQ 25368 78035"
"70228744","WLL","3.1753","QU","","3.1753","1100","","MAP","","523907.0","179780.0","KENSINGTON OLYMPIA","HUJ3","","","","","","","","","","","70228744","2025-07-31","","AMEC","","","","","Up Main/Fast","Kensington Olympia, Access onto track via double gate from Holland Park Roundabout. What3Words - hurry.common.margin. Post Code - W14 8BJ","TQ 23907 79780"
"70228746","WLL","5.0068","QU","","5.0068","1100","","MAP","","523307.0","181334.0","LATIMER ROAD","HUJ3","","","","","","","","","","","70228746","2025-08-18","","AMEC","","","","","Up Main/Fast","Latimer Road. What3Words - voting.packet.glad. Post Code - W12 7HX","TQ 23307 81334"
"70228747","WLL","5.0753","QU","","5.0753","2100","","MAP","","522892.0","181807.0","NORTH POLE JUNCTION","HUJ3","","","","","","","","","","","70228747","2025-07-31","","AMEC","","","","","Down Main/Fast","North Pole Junction, Access onto the track via steps up from Scrubs Lane onto 2100 side. What3Words - part.petal.items. Post Code - NW10 6RH","TQ 22892 81807"
"70228748","WLL","5.1162","QU","","5.1162","1100","","MAP","","522666.0","182095.0","NORTH POLE JUNCTION","HUJ3","","","","","","","","","","","70228748","2025-07-31","","AMEC","","","","","Up Main/Fast","North Pole Junction, Access onto the track via steps up from Scrubs Lane onto 1100 side. What3Words - army.walks.summer. Post Code - NW10 5RH","TQ 22666 82095"
"70228751","WLL","0.0209","QU","","0.0209","2100","","MAPE","","527185.0","175418.0","CLAPHAM JUNCTION PLATFORM 16 (COUNTRY END)","HUJ3","","","","","","","","","","","70228751","2025-07-31","","AMEC","","","","","Down Main/Fast","Clapham Junction Platform 16, Country End. What3Words - drove.trap.dame. Post Code - SW11 1RZ","TQ 27185 75418"
"70228756","WLL","2.0875","QU","","2.0875","2100","","MAPE","","525479.0","177901.0","WEST BROMPTON PLATFORM 4 (LONDON END)","HUJ3","","","","","","","","","","","70228756","2025-07-31","","AMEC","","","","","Down Main/Fast","West Brompton Platform 4, London End. What3Words - dining.sake.passes. Post Code - SW6 1RR","TQ 25479 77901"
"70109194","WLL","0.0308","QU","","0.0308","1100","","MAR","","527426.0","175621.0","CLAPHAM JUNCTION WEST LONDON LINES SUB STN","HUJ3","","","","","","","","","","","70109194","2025-07-31","","AMEC","","","","","Up Main/Fast","Clapham Junction West London Substation, Access to substation through single gate to track level. What3Words - dome.author.cages. Post Code - SW11 2PD","TQ 27426 75621"
"70261292","WLL","1.088","QU","","1.088","2100","","MAR","","526342.0","176627.0","Imperial Wharf RRAP","HUJ3","","","","","","","","","NP","","70261292","2024-08-09","","NRAIL","","","","","Down Main/Fast","""RRV flat level access W3W: ///kinks.blocks.thick~
RRVs can only on track onto the Down at this location. ~
Gate is at townmead road W3W: ///blur.dart.lives.  Risk Rating 6, Hazard Rating 3, Score 18","TQ 25342 76627"
"110155462","WLL","1.132","QU","","1.132","3100","","MAR","","526228.0","176838.0","CHELSEA HARBOUR CARPARK","HUJ3","","","","","","","","","","","110155462","2025-07-31","","NRAIL","","","","","Rev Main/Fast","Chelsea Harbour Carpark, Access to platform via steps on 1100 side. What3Words - insert.hunt.wool. Post Code - SW10 0BD","TQ 26228 76838"
"70228745","WLL","4.0968","QU","","4.0968","2100","","MAR","","523627.0","180541.0","SILVER ROAD","HUJ3","","","","","","","","","","","70228745","2025-08-18","","AMEC","","","","","Down Main/Fast","Silver Road, Access via Gate, Restriction on access point up to 44 tonnes. What3Words - noon.common.last. Post Code - W11 4AJ","TQ 23627 80541"
"70228759","WLL","2.1763","QU","","2.1763","1100","","MAV","","524847.0","178667.0","EARLS COURT","HUJ3","","","","","","","","","","","70228759","2025-08-18","","AMEC","","","","","Up Main/Fast","EARLS COURT. What3Words - fluid.bills.skinny. Post Code - W14 8TX","TQ 24847 78667"
"70228760","WLL","3.0195","QU","","3.0195","1100","","MAV","","524825.0","178696.0","KENSINGTON OLYMPIA","HUJ3","","","","","","","","","","","70228760","2025-07-31","","AMEC","","","","","Up Main/Fast","Kensington Olympia, Access onto track via gate from Backford Close. What3Words - upon.dash.hoping. Post Code - W14 8TX","TQ 24825 78696"
"70228743","WLL","3.1412","QU","","3.1412","2100","","MAV","","524086.0","179494.0","KENSINGTON OLYMPIA","HUJ3","","","","","","","","","","","70228743","2025-07-31","","AMEC","","","","","Down Main/Fast","Kensington Olympia, Access onto track via gate from P4 Car park. What3Words - swung.ends.dinner. Post Code - W14 0NH","TQ 24086 79494"
"110179954","WLL9","9.0E-4","QU","","9.0E-4","1100","","MAP","","522868.0","181926.0","6275 - WORMWOOD SCRUBS REB","HUJ3","","","","","","","","","AC","","110179954","2022-09-09","","NRAIL","","","","","Up Main/Fast","WHAT 3 WORDS ///OFTEN.GUARD.TENT.    INSIDE GATE HAS HARD STAND FOR 1 VEHICLE. AREA AROUND GSMR IS GRASS.  STREET LIGHTING IS USUABLE BUT NO TRACKSIDE LIGHTS.    20 CONCRETE STEPS UP TO THE WEST LONDON LINE IS ALSO ACCESSIBLE FROM HERE","TQ 22868 81926"
